ID,Name,Type,Style,FactionID,BookID,RequireLevel,RequireWeapon,IsDamageSkill,TargetType,CastRange,AttackRadius,ProgressTime,CooldownGroup,Property,Tag
0,Tấn công,Active,MeleeSingleTarget,-1,-1,1,false,true,Enemy,3,0,0,0,empty,
1,Tấn công Pet,Active,MeleeSingleTarget,-1,-1,1,false,true,Enemy,20,0,0,0,empty,
2,Đại Lý Hồi Thành Phù,Active,SingleTargetBuff,-1,-1,1,false,false,Self,0,0,10000,100,newbie_dali_portal,NO_RESET
3,Bảo Hộ,Active,SingleTargetBuff,-1,-1,1,false,false,Self,0,0,10000,-1,protection,
4,Lạc Mã Tiễn,Active,MeleeSingleTarget,-1,-1,1,false,false,EnemyPlayer,20,0,0,40000,luomajian,NO_RESET
5,Xuyên Vân Tiễn,Active,MeleeSingleTarget,-1,-1,1,false,false,EnemyPlayer,20,0,0,40000,chuanyunjian,NO_RESET
6,Lôi đài tỷ võ - Khán giả,Active,SingleTargetBuff,-1,-1,1,false,false,Self,0,0,0,-1,challenge_watcher,
7,Cương Thể,Active,SingleTargetBuff,-1,-1,1,false,false,Self,0,0,0,-1,boss_immune_all_state,
8,Hứa Nguyện Chúc Phúc,Active,SingleTargetBuff,-1,-1,1,false,false,Self,0,0,-1,-1,wisdom_tree_blessing,
9,Cường Thể,Active,SingleTargetBuff,-1,-1,1,false,false,Self,0,0,0,-1,boss_immune_all_state_1,
10,Ném ám khí,Active,RangedSingleTarget,-1,-1,40,true,true,Enemy,20,0,0,1,dart_throw_physical,NO_RESET
11,Ném ám khí,Active,RangedSingleTarget,-1,-1,40,true,true,Enemy,20,0,0,1,dart_throw_magical,NO_RESET
12,Ném ám khí,Active,RangedSingleTarget,-1,-1,40,true,true,Enemy,20,0,0,1,dart_throw_ice,NO_RESET
13,Ném ám khí,Active,RangedSingleTarget,-1,-1,40,true,true,Enemy,20,0,0,1,dart_throw_fire,NO_RESET
14,Ném ám khí,Active,RangedSingleTarget,-1,-1,40,true,true,Enemy,20,0,0,1,dart_throw_light,NO_RESET
15,Ném ám khí,Active,RangedSingleTarget,-1,-1,40,true,true,Enemy,20,0,0,1,dart_throw_poison,NO_RESET
16,Ném ám khí,Active,RangedSingleTarget,-1,-1,40,true,true,Enemy,20,0,0,1,dart_throw_direct,NO_RESET
20,Ám khí đả huyệt,Active,RangedSingleTarget,-2,-1,70,true,false,Enemy,20,0,0,2,dart_control_weakness_damage,NO_RESET
21,Ám khí đả huyệt,Active,RangedSingleTarget,-2,-1,70,true,false,Enemy,20,0,0,2,dart_control_weakness_defense,NO_RESET
22,Ám khí đả huyệt,Active,RangedSingleTarget,-2,-1,70,true,false,Enemy,20,0,0,2,dart_control_slow,NO_RESET
23,Ám khí đả huyệt,Active,RangedSingleTarget,-2,-1,70,true,false,Enemy,20,0,0,2,dart_control_immobile,NO_RESET
24,Ám khí đả huyệt,Active,RangedSingleTarget,-2,-1,70,true,false,Enemy,20,0,0,2,dart_control_silence,NO_RESET
25,Ám khí đả huyệt,Active,RangedSingleTarget,-2,-1,70,true,false,Enemy,20,0,0,2,dart_control_blind,NO_RESET
26,Ám khí đả huyệt,Active,RangedSingleTarget,-2,-1,70,true,false,Enemy,20,0,0,2,dart_control_incapacitate,NO_RESET
27,Ám khí đả huyệt,Active,RangedSingleTarget,-2,-1,70,true,false,Enemy,20,0,0,2,dart_control_paralyse,NO_RESET
28,Ám khí đả huyệt,Active,RangedSingleTarget,-2,-1,70,true,false,Enemy,20,0,0,2,dart_control_encircle,NO_RESET
29,Ám khí đả huyệt,Active,RangedSingleTarget,-2,-1,70,true,false,Enemy,20,0,0,2,dart_control_sleep,NO_RESET
30,Ám khí đả huyệt,Active,RangedSingleTarget,-2,-1,70,true,false,Enemy,20,0,0,2,dart_control_hpleak,NO_RESET
40,Ám khí hộ thể,Active,SingleTargetBuff,-3,-1,90,false,false,Self,0,0,0,3,dart_support_strength,NO_RESET
41,Ám khí hộ thể,Active,SingleTargetBuff,-3,-1,90,false,false,Self,0,0,0,3,dart_support_energy,NO_RESET
42,Ám khí hộ thể,Active,SingleTargetBuff,-3,-1,90,false,false,Self,0,0,0,3,dart_support_stamina,NO_RESET
43,Ám khí hộ thể,Active,SingleTargetBuff,-3,-1,90,false,false,Self,0,0,0,3,dart_support_intelligence,NO_RESET
44,Ám khí hộ thể,Active,SingleTargetBuff,-3,-1,90,false,false,Self,0,0,0,3,dart_support_dexterity,NO_RESET
45,Ám khí hộ thể,Active,SingleTargetBuff,-3,-1,90,false,false,Self,0,0,0,3,dart_support_hp_p,NO_RESET
46,Ám khí hộ thể,Active,SingleTargetBuff,-3,-1,90,false,false,Self,0,0,0,3,dart_support_mp_p,NO_RESET
47,Ám khí hộ thể,Active,SingleTargetBuff,-3,-1,90,false,false,Self,0,0,0,3,dart_support_physatk_p,NO_RESET
48,Ám khí hộ thể,Active,SingleTargetBuff,-3,-1,90,false,false,Self,0,0,0,3,dart_support_magicatk_p,NO_RESET
49,Ám khí hộ thể,Active,SingleTargetBuff,-3,-1,90,false,false,Self,0,0,0,3,dart_support_physdef_p,NO_RESET
50,Ám khí hộ thể,Active,SingleTargetBuff,-3,-1,90,false,false,Self,0,0,0,3,dart_support_magicdef_p,NO_RESET
51,Ám khí hộ thể,Active,SingleTargetBuff,-3,-1,90,false,false,Self,0,0,0,3,dart_support_replenish,NO_RESET
101,Ngự Thể Chi Hồn (Cấp 1),Passive,None,-4,-1,30,false,false,Self,0,0,0,4,soul_first_skill_armor_defense_lv1,NO_RESET
102,Ngự Thể Chi Hồn (Cấp 2),Passive,None,-4,-1,30,false,false,Self,0,0,0,4,soul_first_skill_armor_defense_lv2,NO_RESET
103,Ngự Thể Chi Hồn (Cấp 3),Passive,None,-4,-1,30,false,false,Self,0,0,0,4,soul_first_skill_armor_defense_lv3,NO_RESET
104,Ngự Thể Chi Hồn (Cấp 4),Passive,None,-4,-1,30,false,false,Self,0,0,0,4,soul_first_skill_armor_defense_lv4,NO_RESET
105,Ngự Thể Chi Hồn (Cấp 5),Passive,None,-4,-1,30,false,false,Self,0,0,0,4,soul_first_skill_armor_defense_lv5,NO_RESET
106,Võ Dũng Chi Hồn (Cấp 1),Passive,None,-4,-1,30,false,false,Self,0,0,0,4,soul_first_skill_weapon_spear_lv1,NO_RESET
107,Võ Dũng Chi Hồn (Cấp 2),Passive,None,-4,-1,30,false,false,Self,0,0,0,4,soul_first_skill_weapon_spear_lv2,NO_RESET
108,Võ Dũng Chi Hồn (Cấp 3),Passive,None,-4,-1,30,false,false,Self,0,0,0,4,soul_first_skill_weapon_spear_lv3,NO_RESET
109,Võ Dũng Chi Hồn (Cấp 4),Passive,None,-4,-1,30,false,false,Self,0,0,0,4,soul_first_skill_weapon_spear_lv4,NO_RESET
110,Võ Dũng Chi Hồn (Cấp 5),Passive,None,-4,-1,30,false,false,Self,0,0,0,4,soul_first_skill_weapon_spear_lv5,NO_RESET
111,Hàn Phong Chi Hồn (Cấp 1),Passive,None,-4,-1,30,false,false,Self,0,0,0,4,soul_first_skill_weapon_sword_lv1,NO_RESET
112,Hàn Phong Chi Hồn (Cấp 2),Passive,None,-4,-1,30,false,false,Self,0,0,0,4,soul_first_skill_weapon_sword_lv2,NO_RESET
113,Hàn Phong Chi Hồn (Cấp 3),Passive,None,-4,-1,30,false,false,Self,0,0,0,4,soul_first_skill_weapon_sword_lv3,NO_RESET
114,Hàn Phong Chi Hồn (Cấp 4),Passive,None,-4,-1,30,false,false,Self,0,0,0,4,soul_first_skill_weapon_sword_lv4,NO_RESET
115,Hàn Phong Chi Hồn (Cấp 5),Passive,None,-4,-1,30,false,false,Self,0,0,0,4,soul_first_skill_weapon_sword_lv5,NO_RESET
116,Thanh Dật Chi Hồn (Cấp 1),Passive,None,-4,-1,30,false,false,Self,0,0,0,4,soul_first_skill_weapon_fan_circle_lv1,NO_RESET
117,Thanh Dật Chi Hồn (Cấp 2),Passive,None,-4,-1,30,false,false,Self,0,0,0,4,soul_first_skill_weapon_fan_circle_lv2,NO_RESET
118,Thanh Dật Chi Hồn (Cấp 3),Passive,None,-4,-1,30,false,false,Self,0,0,0,4,soul_first_skill_weapon_fan_circle_lv3,NO_RESET
119,Thanh Dật Chi Hồn (Cấp 4),Passive,None,-4,-1,30,false,false,Self,0,0,0,4,soul_first_skill_weapon_fan_circle_lv4,NO_RESET
120,Thanh Dật Chi Hồn (Cấp 5),Passive,None,-4,-1,30,false,false,Self,0,0,0,4,soul_first_skill_weapon_fan_circle_lv5,NO_RESET
121,Ưng Chuẩn Chi Hồn (Cấp 1),Passive,None,-4,-1,30,false,false,Self,0,0,0,4,soul_first_skill_weapon_crossbow_lv1,NO_RESET
122,Ưng Chuẩn Chi Hồn (Cấp 2),Passive,None,-4,-1,30,false,false,Self,0,0,0,4,soul_first_skill_weapon_crossbow_lv2,NO_RESET
123,Ưng Chuẩn Chi Hồn (Cấp 3),Passive,None,-4,-1,30,false,false,Self,0,0,0,4,soul_first_skill_weapon_crossbow_lv3,NO_RESET
124,Ưng Chuẩn Chi Hồn (Cấp 4),Passive,None,-4,-1,30,false,false,Self,0,0,0,4,soul_first_skill_weapon_crossbow_lv4,NO_RESET
125,Ưng Chuẩn Chi Hồn (Cấp 5),Passive,None,-4,-1,30,false,false,Self,0,0,0,4,soul_first_skill_weapon_crossbow_lv5,NO_RESET
126,Ẩn Dật Chi Hồn (Cấp 1),Passive,None,-4,-1,30,false,false,Self,0,0,0,4,soul_first_skill_weapon_staff_lv1,NO_RESET
127,Ẩn Dật Chi Hồn (Cấp 2),Passive,None,-4,-1,30,false,false,Self,0,0,0,4,soul_first_skill_weapon_staff_lv2,NO_RESET
128,Ẩn Dật Chi Hồn (Cấp 3),Passive,None,-4,-1,30,false,false,Self,0,0,0,4,soul_first_skill_weapon_staff_lv3,NO_RESET
129,Ẩn Dật Chi Hồn (Cấp 4),Passive,None,-4,-1,30,false,false,Self,0,0,0,4,soul_first_skill_weapon_staff_lv4,NO_RESET
130,Ẩn Dật Chi Hồn (Cấp 5),Passive,None,-4,-1,30,false,false,Self,0,0,0,4,soul_first_skill_weapon_staff_lv5,NO_RESET
131,Thanh Dã Chi Hồn (Cấp 1),Passive,None,-4,-1,30,false,false,Self,0,0,0,4,soul_first_skill_weapon_flute_lv1,NO_RESET
132,Thanh Dã Chi Hồn (Cấp 2),Passive,None,-4,-1,30,false,false,Self,0,0,0,4,soul_first_skill_weapon_flute_lv2,NO_RESET
133,Thanh Dã Chi Hồn (Cấp 3),Passive,None,-4,-1,30,false,false,Self,0,0,0,4,soul_first_skill_weapon_flute_lv3,NO_RESET
134,Thanh Dã Chi Hồn (Cấp 4),Passive,None,-4,-1,30,false,false,Self,0,0,0,4,soul_first_skill_weapon_flute_lv4,NO_RESET
135,Thanh Dã Chi Hồn (Cấp 5),Passive,None,-4,-1,30,false,false,Self,0,0,0,4,soul_first_skill_weapon_flute_lv5,NO_RESET
136,Cầm Sắt Chi Hồn (Cấp 1),Passive,None,-4,-1,30,false,false,Self,0,0,0,4,soul_first_skill_weapon_zither_lv1,NO_RESET
137,Cầm Sắt Chi Hồn (Cấp 2),Passive,None,-4,-1,30,false,false,Self,0,0,0,4,soul_first_skill_weapon_zither_lv2,NO_RESET
138,Cầm Sắt Chi Hồn (Cấp 3),Passive,None,-4,-1,30,false,false,Self,0,0,0,4,soul_first_skill_weapon_zither_lv3,NO_RESET
139,Cầm Sắt Chi Hồn (Cấp 4),Passive,None,-4,-1,30,false,false,Self,0,0,0,4,soul_first_skill_weapon_zither_lv4,NO_RESET
140,Cầm Sắt Chi Hồn (Cấp 5),Passive,None,-4,-1,30,false,false,Self,0,0,0,4,soul_first_skill_weapon_zither_lv5,NO_RESET
166,Để Nhận Chi Hồn (Cấp 1),Passive,None,-4,-1,30,false,false,Self,0,0,0,4,soul_first_skill_weapon_blade_lv1,NO_RESET
167,Để Nhận Chi Hồn (Cấp 2),Passive,None,-4,-1,30,false,false,Self,0,0,0,4,soul_first_skill_weapon_blade_lv2,NO_RESET
168,Để Nhận Chi Hồn (Cấp 3),Passive,None,-4,-1,30,false,false,Self,0,0,0,4,soul_first_skill_weapon_blade_lv3,NO_RESET
169,Để Nhận Chi Hồn (Cấp 4),Passive,None,-4,-1,30,false,false,Self,0,0,0,4,soul_first_skill_weapon_blade_lv4,NO_RESET
170,Để Nhận Chi Hồn (Cấp 5),Passive,None,-4,-1,30,false,false,Self,0,0,0,4,soul_first_skill_weapon_blade_lv5,NO_RESET
246,Bất Cơ Chi Hồn (Cấp 1),Passive,None,-4,-1,30,false,false,Self,0,0,0,4,soul_first_skill_weapon_sickle_lv1,NO_RESET
247,Bất Cơ Chi Hồn (Cấp 2),Passive,None,-4,-1,30,false,false,Self,0,0,0,4,soul_first_skill_weapon_sickle_lv2,NO_RESET
248,Bất Cơ Chi Hồn (Cấp 3),Passive,None,-4,-1,30,false,false,Self,0,0,0,4,soul_first_skill_weapon_sickle_lv3,NO_RESET
249,Bất Cơ Chi Hồn (Cấp 4),Passive,None,-4,-1,30,false,false,Self,0,0,0,4,soul_first_skill_weapon_sickle_lv4,NO_RESET
250,Bất Cơ Chi Hồn (Cấp 5),Passive,None,-4,-1,30,false,false,Self,0,0,0,4,soul_first_skill_weapon_sickle_lv5,NO_RESET
141,Ngưng Lực Chi Hồn (Cấp 1),Active,SingleTargetBuff,-5,-1,60,false,false,Self,0,0,0,5,soul_second_skill_strength_lv1,NO_RESET
142,Ngưng Lực Chi Hồn (Cấp 2),Active,SingleTargetBuff,-5,-1,60,false,false,Self,0,0,0,5,soul_second_skill_strength_lv2,NO_RESET
143,Ngưng Lực Chi Hồn (Cấp 3),Active,SingleTargetBuff,-5,-1,60,false,false,Self,0,0,0,5,soul_second_skill_strength_lv3,NO_RESET
144,Ngưng Lực Chi Hồn (Cấp 4),Active,SingleTargetBuff,-5,-1,60,false,false,Self,0,0,0,5,soul_second_skill_strength_lv4,NO_RESET
145,Ngưng Lực Chi Hồn (Cấp 5),Active,SingleTargetBuff,-5,-1,60,false,false,Self,0,0,0,5,soul_second_skill_strength_lv5,NO_RESET
146,Tụ Linh Chi Hồn (Cấp 1),Active,SingleTargetBuff,-5,-1,60,false,false,Self,0,0,0,5,soul_second_skill_energy_lv1,NO_RESET
147,Tụ Linh Chi Hồn (Cấp 2),Active,SingleTargetBuff,-5,-1,60,false,false,Self,0,0,0,5,soul_second_skill_energy_lv2,NO_RESET
148,Tụ Linh Chi Hồn (Cấp 3),Active,SingleTargetBuff,-5,-1,60,false,false,Self,0,0,0,5,soul_second_skill_energy_lv3,NO_RESET
149,Tụ Linh Chi Hồn (Cấp 4),Active,SingleTargetBuff,-5,-1,60,false,false,Self,0,0,0,5,soul_second_skill_energy_lv4,NO_RESET
150,Tụ Linh Chi Hồn (Cấp 5),Active,SingleTargetBuff,-5,-1,60,false,false,Self,0,0,0,5,soul_second_skill_energy_lv5,NO_RESET
151,Cường Thể Chi Hồn (Cấp 1),Active,SingleTargetBuff,-5,-1,60,false,false,Self,0,0,0,5,soul_second_skill_stamina_lv1,NO_RESET
152,Cường Thể Chi Hồn (Cấp 2),Active,SingleTargetBuff,-5,-1,60,false,false,Self,0,0,0,5,soul_second_skill_stamina_lv2,NO_RESET
153,Cường Thể Chi Hồn (Cấp 3),Active,SingleTargetBuff,-5,-1,60,false,false,Self,0,0,0,5,soul_second_skill_stamina_lv3,NO_RESET
154,Cường Thể Chi Hồn (Cấp 4),Active,SingleTargetBuff,-5,-1,60,false,false,Self,0,0,0,5,soul_second_skill_stamina_lv4,NO_RESET
155,Cường Thể Chi Hồn (Cấp 5),Active,SingleTargetBuff,-5,-1,60,false,false,Self,0,0,0,5,soul_second_skill_stamina_lv5,NO_RESET
156,Cố Định Chi Hồn (Cấp 1),Active,SingleTargetBuff,-5,-1,60,false,false,Self,0,0,0,5,soul_second_skill_intelligence_lv1,NO_RESET
157,Cố Định Chi Hồn (Cấp 2),Active,SingleTargetBuff,-5,-1,60,false,false,Self,0,0,0,5,soul_second_skill_intelligence_lv2,NO_RESET
158,Cố Định Chi Hồn (Cấp 3),Active,SingleTargetBuff,-5,-1,60,false,false,Self,0,0,0,5,soul_second_skill_intelligence_lv3,NO_RESET
159,Cố Định Chi Hồn (Cấp 4),Active,SingleTargetBuff,-5,-1,60,false,false,Self,0,0,0,5,soul_second_skill_intelligence_lv4,NO_RESET
160,Cố Định Chi Hồn (Cấp 5),Active,SingleTargetBuff,-5,-1,60,false,false,Self,0,0,0,5,soul_second_skill_intelligence_lv5,NO_RESET
161,Du Thân Chi Hồn (Cấp 1),Active,SingleTargetBuff,-5,-1,60,false,false,Self,0,0,0,5,soul_second_skill_dexterity_lv1,NO_RESET
162,Du Thân Chi Hồn (Cấp 2),Active,SingleTargetBuff,-5,-1,60,false,false,Self,0,0,0,5,soul_second_skill_dexterity_lv2,NO_RESET
163,Du Thân Chi Hồn (Cấp 3),Active,SingleTargetBuff,-5,-1,60,false,false,Self,0,0,0,5,soul_second_skill_dexterity_lv3,NO_RESET
164,Du Thân Chi Hồn (Cấp 4),Active,SingleTargetBuff,-5,-1,60,false,false,Self,0,0,0,5,soul_second_skill_dexterity_lv4,NO_RESET
165,Du Thân Chi Hồn (Cấp 5),Active,SingleTargetBuff,-5,-1,60,false,false,Self,0,0,0,5,soul_second_skill_dexterity_lv5,NO_RESET
171,Cương Mãnh Trọng Kích (Cấp 1),Active,RangedSingleTarget,-6,-1,90,true,true,Enemy,20,0,0,6,soul_third_skill_physical_lv1,NO_RESET
172,Cương Mãnh Trọng Kích (Cấp 2),Active,RangedSingleTarget,-6,-1,90,true,true,Enemy,20,0,0,6,soul_third_skill_physical_lv2,NO_RESET
173,Cương Mãnh Trọng Kích (Cấp 3),Active,RangedSingleTarget,-6,-1,90,true,true,Enemy,20,0,0,6,soul_third_skill_physical_lv3,NO_RESET
174,Cương Mãnh Trọng Kích (Cấp 4),Active,RangedSingleTarget,-6,-1,90,true,true,Enemy,20,0,0,6,soul_third_skill_physical_lv4,NO_RESET
175,Cương Mãnh Trọng Kích (Cấp 5),Active,RangedSingleTarget,-6,-1,90,true,true,Enemy,20,0,0,6,soul_third_skill_physical_lv5,NO_RESET
176,Nhu Xà Đột Tập (Cấp 1),Active,RangedSingleTarget,-6,-1,90,true,true,Enemy,20,0,0,6,soul_third_skill_magic_lv1,NO_RESET
177,Nhu Xà Đột Tập (Cấp 2),Active,RangedSingleTarget,-6,-1,90,true,true,Enemy,20,0,0,6,soul_third_skill_magic_lv2,NO_RESET
178,Nhu Xà Đột Tập (Cấp 3),Active,RangedSingleTarget,-6,-1,90,true,true,Enemy,20,0,0,6,soul_third_skill_magic_lv3,NO_RESET
179,Nhu Xà Đột Tập (Cấp 4),Active,RangedSingleTarget,-6,-1,90,true,true,Enemy,20,0,0,6,soul_third_skill_magic_lv4,NO_RESET
180,Nhu Xà Đột Tập (Cấp 5),Active,RangedSingleTarget,-6,-1,90,true,true,Enemy,20,0,0,6,soul_third_skill_magic_lv5,NO_RESET
181,Hàn Băng Xuyên Thích (Cấp 1),Active,RangedSingleTarget,-6,-1,90,true,true,Enemy,20,0,0,6,soul_third_skill_ice_lv1,NO_RESET
182,Hàn Băng Xuyên Thích (Cấp 2),Active,RangedSingleTarget,-6,-1,90,true,true,Enemy,20,0,0,6,soul_third_skill_ice_lv2,NO_RESET
183,Hàn Băng Xuyên Thích (Cấp 3),Active,RangedSingleTarget,-6,-1,90,true,true,Enemy,20,0,0,6,soul_third_skill_ice_lv3,NO_RESET
184,Hàn Băng Xuyên Thích (Cấp 4),Active,RangedSingleTarget,-6,-1,90,true,true,Enemy,20,0,0,6,soul_third_skill_ice_lv4,NO_RESET
185,Hàn Băng Xuyên Thích (Cấp 5),Active,RangedSingleTarget,-6,-1,90,true,true,Enemy,20,0,0,6,soul_third_skill_ice_lv5,NO_RESET
186,Liệt Diệm Chước Thân (Cấp 1),Active,RangedSingleTarget,-6,-1,90,true,true,Enemy,20,0,0,6,soul_third_skill_fire_lv1,NO_RESET
187,Liệt Diệm Chước Thân (Cấp 2),Active,RangedSingleTarget,-6,-1,90,true,true,Enemy,20,0,0,6,soul_third_skill_fire_lv2,NO_RESET
188,Liệt Diệm Chước Thân (Cấp 3),Active,RangedSingleTarget,-6,-1,90,true,true,Enemy,20,0,0,6,soul_third_skill_fire_lv3,NO_RESET
189,Liệt Diệm Chước Thân (Cấp 4),Active,RangedSingleTarget,-6,-1,90,true,true,Enemy,20,0,0,6,soul_third_skill_fire_lv4,NO_RESET
190,Liệt Diệm Chước Thân (Cấp 5),Active,RangedSingleTarget,-6,-1,90,true,true,Enemy,20,0,0,6,soul_third_skill_fire_lv5,NO_RESET
191,Thiên Lôi Oanh Đỉnh (Cấp 1),Active,RangedSingleTarget,-6,-1,90,true,true,Enemy,20,0,0,6,soul_third_skill_light_lv1,NO_RESET
192,Thiên Lôi Oanh Đỉnh (Cấp 2),Active,RangedSingleTarget,-6,-1,90,true,true,Enemy,20,0,0,6,soul_third_skill_light_lv2,NO_RESET
193,Thiên Lôi Oanh Đỉnh (Cấp 3),Active,RangedSingleTarget,-6,-1,90,true,true,Enemy,20,0,0,6,soul_third_skill_light_lv3,NO_RESET
194,Thiên Lôi Oanh Đỉnh (Cấp 4),Active,RangedSingleTarget,-6,-1,90,true,true,Enemy,20,0,0,6,soul_third_skill_light_lv4,NO_RESET
195,Thiên Lôi Oanh Đỉnh (Cấp 5),Active,RangedSingleTarget,-6,-1,90,true,true,Enemy,20,0,0,6,soul_third_skill_light_lv5,NO_RESET
196,Vụ Hủ Thực Độc (Cấp 1),Active,RangedSingleTarget,-6,-1,90,true,true,Enemy,20,0,0,6,soul_third_skill_poison_lv1,NO_RESET
197,Vụ Hủ Thực Độc (Cấp 2),Active,RangedSingleTarget,-6,-1,90,true,true,Enemy,20,0,0,6,soul_third_skill_poison_lv2,NO_RESET
198,Vụ Hủ Thực Độc (Cấp 3),Active,RangedSingleTarget,-6,-1,90,true,true,Enemy,20,0,0,6,soul_third_skill_poison_lv3,NO_RESET
199,Vụ Hủ Thực Độc (Cấp 4),Active,RangedSingleTarget,-6,-1,90,true,true,Enemy,20,0,0,6,soul_third_skill_poison_lv4,NO_RESET
200,Vụ Hủ Thực Độc (Cấp 5),Active,RangedSingleTarget,-6,-1,90,true,true,Enemy,20,0,0,6,soul_third_skill_poison_lv5,NO_RESET
201,Lôi Đình Mãnh Kích (Cấp 1),Active,RangedSingleTarget,-6,-1,90,true,true,Enemy,20,0,0,6,soul_third_skill_direct_lv1,NO_RESET
202,Lôi Đình Mãnh Kích (Cấp 2),Active,RangedSingleTarget,-6,-1,90,true,true,Enemy,20,0,0,6,soul_third_skill_direct_lv2,NO_RESET
203,Lôi Đình Mãnh Kích (Cấp 3),Active,RangedSingleTarget,-6,-1,90,true,true,Enemy,20,0,0,6,soul_third_skill_direct_lv3,NO_RESET
204,Lôi Đình Mãnh Kích (Cấp 4),Active,RangedSingleTarget,-6,-1,90,true,true,Enemy,20,0,0,6,soul_third_skill_direct_lv4,NO_RESET
205,Lôi Đình Mãnh Kích (Cấp 5),Active,RangedSingleTarget,-6,-1,90,true,true,Enemy,20,0,0,6,soul_third_skill_direct_lv5,NO_RESET
211,Diệt Thế Bát Phương (Cấp 1),Active,MultipleTargetsAroundSelf,-6,-1,90,true,true,Enemy,0,7,0,6,soul_forth_skill_physical_lv1,NO_RESET
212,Diệt Thế Bát Phương (Cấp 2),Active,MultipleTargetsAroundSelf,-6,-1,90,true,true,Enemy,0,7,0,6,soul_forth_skill_physical_lv2,NO_RESET
213,Diệt Thế Bát Phương (Cấp 3),Active,MultipleTargetsAroundSelf,-6,-1,90,true,true,Enemy,0,7,0,6,soul_forth_skill_physical_lv3,NO_RESET
214,Diệt Thế Bát Phương (Cấp 4),Active,MultipleTargetsAroundSelf,-6,-1,90,true,true,Enemy,0,7,0,6,soul_forth_skill_physical_lv4,NO_RESET
215,Diệt Thế Bát Phương (Cấp 5),Active,MultipleTargetsAroundSelf,-6,-1,90,true,true,Enemy,0,7,0,6,soul_forth_skill_physical_lv5,NO_RESET
216,Tuyệt Cảnh Tàn Sát (Cấp 1),Active,MultipleTargetsAroundSelf,-6,-1,90,true,true,Enemy,0,7,0,6,soul_forth_skill_magic_lv1,NO_RESET
217,Tuyệt Cảnh Tàn Sát (Cấp 2),Active,MultipleTargetsAroundSelf,-6,-1,90,true,true,Enemy,0,7,0,6,soul_forth_skill_magic_lv2,NO_RESET
218,Tuyệt Cảnh Tàn Sát (Cấp 3),Active,MultipleTargetsAroundSelf,-6,-1,90,true,true,Enemy,0,7,0,6,soul_forth_skill_magic_lv3,NO_RESET
219,Tuyệt Cảnh Tàn Sát (Cấp 4),Active,MultipleTargetsAroundSelf,-6,-1,90,true,true,Enemy,0,7,0,6,soul_forth_skill_magic_lv4,NO_RESET
220,Tuyệt Cảnh Tàn Sát (Cấp 5),Active,MultipleTargetsAroundSelf,-6,-1,90,true,true,Enemy,0,7,0,6,soul_forth_skill_magic_lv5,NO_RESET
221,Băng Phong Vạn Lý (Cấp 1),Active,MultipleTargetsAroundSelf,-6,-1,90,true,true,Enemy,0,7,0,6,soul_forth_skill_ice_lv1,NO_RESET
222,Băng Phong Vạn Lý (Cấp 2),Active,MultipleTargetsAroundSelf,-6,-1,90,true,true,Enemy,0,7,0,6,soul_forth_skill_ice_lv2,NO_RESET
223,Băng Phong Vạn Lý (Cấp 3),Active,MultipleTargetsAroundSelf,-6,-1,90,true,true,Enemy,0,7,0,6,soul_forth_skill_ice_lv3,NO_RESET
224,Băng Phong Vạn Lý (Cấp 4),Active,MultipleTargetsAroundSelf,-6,-1,90,true,true,Enemy,0,7,0,6,soul_forth_skill_ice_lv4,NO_RESET
225,Băng Phong Vạn Lý (Cấp 5),Active,MultipleTargetsAroundSelf,-6,-1,90,true,true,Enemy,0,7,0,6,soul_forth_skill_ice_lv5,NO_RESET
226,Thiên Hỏa Liêu Nguyên (Cấp 1),Active,MultipleTargetsAroundSelf,-6,-1,90,true,true,Enemy,0,7,0,6,soul_forth_skill_fire_lv1,NO_RESET
227,Thiên Hỏa Liêu Nguyên (Cấp 2),Active,MultipleTargetsAroundSelf,-6,-1,90,true,true,Enemy,0,7,0,6,soul_forth_skill_fire_lv2,NO_RESET
228,Thiên Hỏa Liêu Nguyên (Cấp 3),Active,MultipleTargetsAroundSelf,-6,-1,90,true,true,Enemy,0,7,0,6,soul_forth_skill_fire_lv3,NO_RESET
229,Thiên Hỏa Liêu Nguyên (Cấp 4),Active,MultipleTargetsAroundSelf,-6,-1,90,true,true,Enemy,0,7,0,6,soul_forth_skill_fire_lv4,NO_RESET
230,Thiên Hỏa Liêu Nguyên (Cấp 5),Active,MultipleTargetsAroundSelf,-6,-1,90,true,true,Enemy,0,7,0,6,soul_forth_skill_fire_lv5,NO_RESET
231,Cuồng Lôi Thiên Giáng (Cấp 1),Active,MultipleTargetsAroundSelf,-6,-1,90,true,true,Enemy,0,7,0,6,soul_forth_skill_light_lv1,NO_RESET
232,Cuồng Lôi Thiên Giáng (Cấp 2),Active,MultipleTargetsAroundSelf,-6,-1,90,true,true,Enemy,0,7,0,6,soul_forth_skill_light_lv2,NO_RESET
233,Cuồng Lôi Thiên Giáng (Cấp 3),Active,MultipleTargetsAroundSelf,-6,-1,90,true,true,Enemy,0,7,0,6,soul_forth_skill_light_lv3,NO_RESET
234,Cuồng Lôi Thiên Giáng (Cấp 4),Active,MultipleTargetsAroundSelf,-6,-1,90,true,true,Enemy,0,7,0,6,soul_forth_skill_light_lv4,NO_RESET
235,Cuồng Lôi Thiên Giáng (Cấp 5),Active,MultipleTargetsAroundSelf,-6,-1,90,true,true,Enemy,0,7,0,6,soul_forth_skill_light_lv5,NO_RESET
236,Kịch Độc Ôn Dịch (Cấp 1),Active,MultipleTargetsAroundSelf,-6,-1,90,true,true,Enemy,0,7,0,6,soul_forth_skill_poison_lv1,NO_RESET
237,Kịch Độc Ôn Dịch (Cấp 2),Active,MultipleTargetsAroundSelf,-6,-1,90,true,true,Enemy,0,7,0,6,soul_forth_skill_poison_lv2,NO_RESET
238,Kịch Độc Ôn Dịch (Cấp 3),Active,MultipleTargetsAroundSelf,-6,-1,90,true,true,Enemy,0,7,0,6,soul_forth_skill_poison_lv3,NO_RESET
239,Kịch Độc Ôn Dịch (Cấp 4),Active,MultipleTargetsAroundSelf,-6,-1,90,true,true,Enemy,0,7,0,6,soul_forth_skill_poison_lv4,NO_RESET
240,Kịch Độc Ôn Dịch (Cấp 5),Active,MultipleTargetsAroundSelf,-6,-1,90,true,true,Enemy,0,7,0,6,soul_forth_skill_poison_lv5,NO_RESET
241,Nộ Đào Liên Kích (Cấp 1),Active,MultipleTargetsAroundSelf,-6,-1,90,true,true,Enemy,0,7,0,6,soul_forth_skill_direct_lv1,NO_RESET
242,Nộ Đào Liên Kích (Cấp 2),Active,MultipleTargetsAroundSelf,-6,-1,90,true,true,Enemy,0,7,0,6,soul_forth_skill_direct_lv2,NO_RESET
243,Nộ Đào Liên Kích (Cấp 3),Active,MultipleTargetsAroundSelf,-6,-1,90,true,true,Enemy,0,7,0,6,soul_forth_skill_direct_lv3,NO_RESET
244,Nộ Đào Liên Kích (Cấp 4),Active,MultipleTargetsAroundSelf,-6,-1,90,true,true,Enemy,0,7,0,6,soul_forth_skill_direct_lv4,NO_RESET
245,Nộ Đào Liên Kích (Cấp 5),Active,MultipleTargetsAroundSelf,-6,-1,90,true,true,Enemy,0,7,0,6,soul_forth_skill_direct_lv5,NO_RESET
257,Đồng Khí Liên Chi,Active,SingleTargetBuff,-1,-1,1,false,false,PeacePlayer,15,0,1000,257,fuqi_tongqilianzhi,sponsor
258,Thiên Trường Địa Cửu,Active,SingleTargetBuff,-1,-1,1,false,false,PeacePlayer,3,0,10000,258,fuqi_tianchangdijiu,sponsor
259,Tâm Đầu Ý Hợp,Active,SingleTargetBuff,-1,-1,1,false,false,PeacePlayer,15,0,0,259,fuqi_xintouyihe,sponsor
260,Ngoại Công Hộ Thể,Active,SingleTargetBuff,-1,-1,1,false,false,Self,0,0,0,260,xinshou_shaolin_waigonghuti,
261,Ngoại Kình Công Kích,Active,MeleeSingleTarget,-1,-1,1,false,true,Enemy,3,0,0,261,xinshou_mingjiao_waijinggongji,
262,Công Kích Yếu Điểm,Active,MeleeSingleTarget,-1,-1,1,false,true,Enemy,3,0,0,262,xinshou_gaibang_yaohaigongji,
263,Nội Kình Công Kích,Active,RangedSingleTarget,-1,-1,1,false,true,Enemy,20,0,0,263,xinshou_wudang_neijinggongji,
264,Trị Liệu Sơ Cấp,Active,SingleTargetBuff,-1,-1,1,false,false,Self,0,0,1000,264,xinshou_emei_chujizhiliao,
265,Nội Công Hộ Thể,Active,SingleTargetBuff,-1,-1,1,false,false,Self,0,0,0,265,xinshou_xingxiu_neigonghuti,
266,Công Kích Sơ Hở,Active,RangedSingleTarget,-1,-1,1,false,false,Enemy,20,0,0,266,xinshou_tianlong_pozhangongji,
267,Ẩn Độn Sơ Cấp,Active,SingleTargetBuff,-1,-1,1,false,false,Self,0,0,0,267,xinshou_tianshan_chujiyindun,
268,Cạm Bẫy Sơ Cấp,Active,Trap,-1,-1,1,false,false,Enemy,0,3,1000,268,xinshou_xiaoyao_ranshaoxianjing,
269,Tinh Tuyền Phản Kích,Active,SingleTargetBuff,-1,-1,1,false,false,Self,0,0,0,269,xinshou_murong_xingxuanfanji,
270,Thương Ưng Kỳ Tập,Active,SingleTargetBuff,-1,-1,1,false,false,Self,0,0,0,270,xinshou_tangmen_cangyingqixi,
271,Khí Huyết Tương Sinh,Active,SingleTargetBuff,-1,-1,1,false,false,Self,0,0,0,271,xinshou_guigu_qixuexiangsheng,
272,Nhất Dương Chi Thủy,Active,SingleTargetBuff,-1,-1,1,false,false,Self,0,0,0,272,xinshou_taohua_yiyangzhishui,
274,Mệnh Hồn Hộ Thể,Active,SingleTargetBuff,-1,-1,1,false,false,Self,0,0,0,274,xinshou_mantuo_minghunhuti,
275,Thân Dư Tương Hợp,Active,SingleTargetBuff,-1,-1,1,false,false,Self,0,0,0,275,xinshou_jueqing_shenyuxianghe,
276,Đoạn Cốt Cường Thể,Active,SingleTargetBuff,-1,-1,1,false,false,Self,0,0,0,276,xinshou_erengu_duanguqiangti,
273,Gặp cướp - Định thân,Active,MeleeSingleTarget,-1,-1,1,false,false,Enemy,0,0,0,-1,caoyun_jiangjie,
27300,Gặp cướp - Cương ngạnh,Active,MeleeSingleTarget,-1,-1,1,false,false,Enemy,0,0,0,-1,caoyun_jiangjie_child,
281,Phục Hổ Quyền,Active,MeleeSingleTarget,0,1,1,true,true,Enemy,3,0,0,281,shaolin_fuhuquan,
282,Kim Cang Phục Ma Khuyên,Active,MultipleTargetsAroundSelf,0,1,10,true,true,Enemy,0,7,0,282,shaolin_jingangfumoquan,
28201,Kim Cang Phục Ma Khuyên - Định thân,Auto,MeleeSingleTarget,-1,-1,1,false,false,Enemy,0,0,0,-1,shaolin_jingangfumoquan_child,
283,Đại Lực Kim Cương Chưởng,Active,MeleeSingleTarget,0,2,45,true,true,Enemy,3,0,0,283,shaolin_dalijingangzhang,
284,Nhất Vĩ Độ Giang,Active,SingleTargetBuff,0,2,20,false,false,Self,0,0,0,284,shaolin_yiweidujiang,
285,Niêm Hoa Chỉ,Active,MeleeSingleTarget,0,2,30,true,true,Enemy,3,0,0,285,shaolin_nianhuazhi,
286,La Hán Trận,Active,MultipleTargetsBuff,0,2,40,false,false,SelfAndAlly,0,7,0,286,shaolin_luohanzhen,
287,Sư Tử Hống,Active,SingleTargetBuff,0,3,20,false,false,Self,0,7,0,287,shaolin_sizihou,
28701,Sư Tử Hống - Cương ngạnh,Auto,MultipleTargetsAroundSelf,-1,-1,1,false,false,Enemy,0,7,0,-1,shaolin_sizihou_child,
288,Cà Sa Phục Ma Công,Active,SingleTargetBuff,0,3,30,false,false,PeacePlayer,15,0,0,288,shaolin_jiashafumogong,
289,Lễ Kính Như Lai,Active,SingleTargetBuff,0,3,40,false,false,Self,0,0,0,289,shaolin_lijingrulai,
290,Kim Chung Tráo,Passive,None,0,4,1,false,false,Self,0,0,0,290,shaolin_jinzhongzhao,
291,Ma Kha Vô Lượng,Active,MeleeSingleTarget,0,4,1,true,true,Enemy,3,0,0,291,shaolin_mohewuliang,
29101,Ma Kha Vô Lượng - Hư nhược,Auto,MeleeSingleTarget,-1,-1,1,false,false,Enemy,0,0,0,-1,shaolin_mohewuliang_child,
292,Thiết Bố Sam,Active,SingleTargetBuff,0,4,30,false,false,Self,0,0,5000,292,shaolin_tiebushan,
293,Bách Vô Cấm Kỵ,Active,SingleTargetBuff,0,4,50,false,false,Self,0,0,0,293,shaolin_baiwujinji,
294,Phá Nạp Công,Passive,None,0,5,1,false,false,Self,0,0,0,294,shaolin_ponagong,
295,Nhất Phách Lưỡng Tản,Active,MeleeSingleTarget,0,5,1,true,true,Enemy,3,0,0,295,shaolin_yipailiangzan,
29501,Nhất Phách Lưỡng Tản - Cương ngạnh,Auto,MeleeSingleTarget,-1,-1,1,false,false,Enemy,0,0,0,-1,shaolin_yipailiangzan_child,
296,Vi Đà Chử,Active,SingleTargetBuff,0,5,30,false,false,Self,0,0,5000,292,shaolin_weituozhu,
297,Khí Quán Trường Hồng,Active,SingleTargetBuff,0,5,50,false,false,Self,0,0,0,297,shaolin_qiguanchanghong,
298,Như Lai Thần Chưởng,Active,MeleeSingleTarget,0,6,10,true,true,Enemy,3,0,0,298,shaolin_rulaishenzhang,
299,Minh Kính Đài,Active,SingleTargetBuff,0,6,30,false,false,Self,0,0,0,299,shaolin_mingjingtai,
300,Kim Cang Bất Hoại Thể,Active,SingleTargetBuff,0,6,60,false,false,Self,0,0,0,300,shaolin_jingangbuhuaiti,
301,Dịch Cân Đoạn Cốt,Active,SingleTargetBuff,0,55,65,false,false,Self,0,0,0,301,shaolin_yijinduangu,
30101,Dịch Cân Đoạn Cốt - Phục hồi,Auto,SingleTargetBuff,-1,-1,1,false,false,Self,0,0,0,-1,shaolin_yijinduangu_child,
302,Di Lặc Hộ Thân,Active,SingleTargetBuff,0,1,1,false,false,PeacePlayer,15,0,0,302,shaolin_milehushen,
303,Đảo Chuyển Càn Khôn,Active,SingleTargetBuff,0,55,1,false,false,PeacePlayer,15,0,0,303,shaolin_daozhuanqiankun,
304,Diệt Thử Triều Thực,Active,SingleTargetBuff,0,3,1,false,false,Self,0,7,0,304,shaolin_mieshuchaoshi,
305,Điệu Hổ Ly Sơn,Active,SingleTargetBuff,0,55,45,false,false,Self,0,0,0,305,shaolin_diaohulishan,
306,Từ Hàng Phổ Độ,Active,SingleTargetBuff,0,55,80,true,false,PeacePlayer,15,0,0,306,shaolin_cihangpudu,
30601,Từ Hàng Phổ Độ - Khống chế,Auto,MultipleTargetsAroundSelf,-1,-1,1,false,false,Enemy,0,10,0,-1,shaolin_cihangpudu_child,
30602,Từ Hàng Phổ Độ - Tản công,Auto,MultipleTargetsAroundSelf,-1,-1,1,false,false,Enemy,0,10,0,-1,shaolin_cihangpudu_child_2,
307,Huyền Ấn Ngộ Phật,Active,MeleeSingleTarget,0,72,1,true,true,Enemy,3,0,0,307,eighthbook_damage_physical,
308,Từ Tâm Bi Mẫn,Active,MeleeSingleTarget,0,72,1,true,false,Enemy,3,0,0,308,eighthbook_control_physical,
311,Thôi Tâm Chưởng,Active,MeleeSingleTarget,1,7,1,true,true,Enemy,3,0,0,311,mingjiao_tuixinzhang,
312,Huyết Trận Bát Phương,Active,MultipleTargetsAroundSelf,1,7,10,true,true,Enemy,0,7,0,312,mingjiao_xuezhenbafang,
313,Viêm Long Vô Song,Active,MeleeSingleTarget,1,8,45,true,true,Enemy,3,0,0,313,mingjiao_yanlongwushuang,
314,Quỳ Hoa Trục Nhật,Active,SingleTargetBuff,1,8,20,false,false,Self,0,0,0,314,mingjiao_kuihuazhuri,
315,Quỳ Hoa Điểm Huyệt Thủ,Active,MeleeSingleTarget,1,8,30,true,false,Enemy,3,0,0,315,mingjiao_kuihuadianxueshou,
316,Quỳ Hoa Hướng Dương,Active,MultipleTargetsBuff,1,8,40,false,false,SelfAndAlly,0,7,0,316,mingjiao_kuihuaxiangyang,
317,Nộ Phát Xung Quan,Active,SingleTargetBuff,1,9,20,false,false,Self,0,0,0,317,mingjiao_nufazhongguan,
318,Lý Đại Đào Cương,Active,SingleTargetBuff,1,9,30,false,false,Self,15,0,0,318,mingjiao_lidataogang,
319,Đấu Chiến Tinh Di,Active,MeleeSingleTarget,1,9,40,true,true,Enemy,3,0,0,319,mingjiao_douzhanjingyi,
320,Kích Lưu Giáp,Passive,None,1,10,1,false,false,Self,0,0,0,320,mingjiao_jiliujia,
321,Thủy Yêm Thất Quân,Active,MeleeSingleTarget,1,10,1,true,true,Enemy,3,0,0,321,mingjiao_shuiyanshijun,
32101,Thủy Yêm Thất Quân - Hư nhược,Auto,MeleeSingleTarget,-1,-1,1,false,false,Enemy,0,0,0,-1,mingjiao_shuiyanshijun_child,
322,Thủy Thần Hạ Phàm,Active,SingleTargetBuff,1,10,30,false,false,Self,0,0,5000,322,mingjiao_shuishenxiafan,
32201,Thủy Thần Hạ Phàm - Hư nhược,Auto,MeleeSingleTarget,-1,-1,1,false,false,Enemy,0,0,0,-1,mingjiao_shuishenxiafan_child,
323,Trường Sinh Thủy,Active,SingleTargetBuff,1,10,50,false,false,PeacePlayer,15,0,0,323,mingjiao_changshengshui,
324,Liệt Diệm Đao,Passive,None,1,11,1,false,false,Self,0,0,0,324,mingjiao_lieyandao,
325,Hỏa Thiêu Xích Bích,Active,MeleeSingleTarget,1,11,1,true,true,Enemy,3,0,0,325,mingjiao_huoqiaochibi,
32501,Hỏa Thiêu Xích Bích - Thiêu đốt,Auto,MeleeSingleTarget,-1,-1,1,false,false,Enemy,0,0,0,-1,mingjiao_huoqiaochibi_child,
326,Hỏa Thần Hạ Phàm,Active,SingleTargetBuff,1,11,30,false,false,Self,0,0,5000,322,mingjiao_huoshenxiafan,
327,Địa Ngục Hoả,Active,MultipleTargetsAroundSelf,1,11,50,true,false,Enemy,0,5,0,327,mingjiao_diyuhuo,
328,Hỏa Diệm Liên Hoàn Trảm,Active,MeleeSingleTarget,1,12,10,true,true,Enemy,3,0,0,328,mingjiao_huoyanlianhuanzhan,
329,Toạ Địa Cầu Toàn,Active,SingleTargetBuff,1,12,30,false,false,Self,0,0,0,329,mingjiao_zuodigouquan,
330,Vô Trung Sinh Hữu,Active,SingleTargetBuff,1,12,60,false,false,Self,0,0,0,330,mingjiao_wuzhongshengyou,
331,Thuần Dương Vô Cực,Active,SingleTargetBuff,1,56,65,false,false,Self,0,0,0,331,mingjiao_chunyangwuji,
332,Quỳ Hoa Thần Lực,Active,SingleTargetBuff,1,7,1,false,false,PeacePlayer,15,0,0,332,mingjiao_kuihuashenli,
333,Cự Hoả Thiêu Thiên,Active,SingleTargetBuff,1,56,1,false,false,PeacePlayer,15,0,0,333,mingjiao_juhuoqiaotian,
334,Phong Hỏa Liên Thành,Active,MeleeSingleTarget,1,56,45,true,false,EnemyPlayer,15,0,0,334,mingjiao_fenghuoliancheng,
335,Nộ Hoả Liên Trảm,Active,SingleTargetBuff,1,56,1,false,false,Self,0,0,0,335,mingjiao_nuhuolianzhan,
33501,Nộ Hỏa Liên Trảm - Cuồng bạo,Auto,SingleTargetBuff,-1,-1,80,false,false,Self,0,0,0,-1,mingjiao_nuhuolianzhan_child,
336,Thiên Hỏa Nhiên Khung,Active,MeleeSingleTarget,1,73,1,true,true,Enemy,3,0,0,336,eighthbook_damage_physical,
337,Phần Diễm Nhiễu Thân,Active,MeleeSingleTarget,1,73,1,true,false,Enemy,3,0,0,337,eighthbook_control_physical,
341,Bàn Long Kích,Active,MeleeSingleTarget,2,13,1,true,true,Enemy,3,0,0,341,gaibang_banlongji,
34101,Bàn Long Kích - Liên kích,Auto,SingleTargetBuff,-1,-1,1,false,false,Self,0,0,0,-1,gaibang_fuhuolianjidian,
342,Thiên Lý Hoành Hành,Active,MultipleTargetsAroundSelf,2,13,10,true,true,Enemy,0,8,0,342,gaibang_tianlihengxing,
343,Xung Trận Trảm Tướng,Active,MeleeSingleTarget,2,14,45,true,true,Enemy,3,0,0,343,gaibang_zhongzhenzhanxiang,
344,Bát Bộ Hãn Thiềm,Active,SingleTargetBuff,2,14,20,false,false,Self,0,0,0,344,gaibang_babugantian,
345,Tuyết Nê Hồng Trảo,Active,MeleeSingleTarget,2,14,30,true,false,Enemy,3,0,0,345,gaibang_xuenihongzhao,
346,Niêm Y Thập Bát Điệt,Active,MultipleTargetsBuff,2,14,40,false,false,SelfAndAlly,0,7,0,346,gaibang_nianyishibadie,
347,Phi Long Tại Thiên,Active,MeleeSingleTarget,2,15,10,true,true,Enemy,5,0,0,347,gaibang_feilongzaitian,
348,Tiềm Long Vật Dụng,Active,MultipleTargetsAroundSelf,2,15,30,true,false,Enemy,0,7,0,348,gaibang_qianlongwuyong,
349,Kiến Long Tại Điền,Active,SingleTargetBuff,2,15,40,false,false,Self,0,0,0,349,gaibang_jianlongzaitian,
34901,Kiến Long Tại Điền - Trúng độc,Auto,MeleeSingleTarget,-1,-1,1,false,false,Enemy,0,0,0,-1,gaibang_jianlongzaitian_child,
350,Tướng Quân Lệnh,Passive,None,2,16,1,false,false,Self,0,0,0,350,gaibang_xiangjunling,
351,Thanh Long Xuất Thủy,Active,MeleeSingleTarget,2,16,1,true,true,Enemy,3,0,0,351,gaibang_qinglongchushui,
35101,Thanh Long Xuất Thủy - Hồi phục,Auto,SingleTargetBuff,-1,-1,1,false,false,Self,0,0,0,-1,gaibang_qinglongchushui_child,
352,Cầm Long Thức,Active,SingleTargetBuff,2,16,30,false,false,Self,0,0,5000,352,gaibang_qinlongshi,
35201,Cầm Long Thức - Hư nhược,Auto,MeleeSingleTarget,-1,-1,1,false,false,Enemy,0,0,0,-1,gaibang_qinlongshi_child,
353,Bái Nhiên Hữu Vũ,Active,SingleTargetBuff,2,16,50,false,false,Self,0,0,0,353,gaibang_bairanyouwu,
354,Phá Hổ Lệnh,Passive,None,2,17,1,false,false,Self,0,0,0,354,gaibang_pohuling,
355,Chấn Kinh Bách Lý,Active,MeleeSingleTarget,2,17,1,true,true,Enemy,3,0,0,355,gaibang_zhenjingbaili,
356,Khống Hạc Thức,Active,SingleTargetBuff,2,17,30,false,false,Self,0,0,5000,352,gaibang_kongheshi,
35601,Khống Hạc Thức - Liên kích,Auto,SingleTargetBuff,-1,-1,1,false,false,Self,0,0,0,-1,gaibang_kongheshi_child,
357,Lữ Sương Băng Chỉ,Active,SingleTargetBuff,2,17,50,false,false,Self,0,0,0,357,gaibang_lishuangbingzhi,
358,Kháng Long Hữu Hối,Active,MeleeSingleTarget,2,18,10,true,true,Enemy,3,0,0,358,gaibang_kanglongyouhui,
359,Thần Long Bái Vĩ,Active,SingleTargetBuff,2,18,30,false,false,Self,0,0,0,359,gaibang_shanlongbaiwei,
360,Long Chiến Vu Dã,Active,SingleTargetBuff,2,18,60,false,false,Self,0,0,0,360,gaibang_longzhanwuye,
361,Thiên Hạ Vô Cẩu,Active,MultipleTargetsAroundSelf,2,57,65,true,true,Enemy,0,7,0,361,gaibang_tianxiawugou,
36101,Thiên Hạ Vô Cẩu - Giảm tốc,Auto,MeleeSingleTarget,-1,-1,1,false,false,Enemy,0,0,0,-1,gaibang_tianxiawugou_child,
362,Như Ảnh Tùy Hình,Active,SingleTargetBuff,2,13,1,false,false,PeacePlayer,15,0,0,362,gaibang_ruyingsuixing,
363,Bát Thảo Tầm Xà,Active,SingleTargetBuff,2,57,1,false,false,PeacePlayer,15,0,0,363,gaibang_bacaoxunshe,
364,Bổng Đả Cẩu Đầu,Active,MeleeSingleTarget,2,57,45,true,true,EnemyPlayer,15,0,0,364,gaibang_bangdagoutou,
36401,Bổng Đả Cẩu Đầu - Phong huyệt,Auto,MeleeSingleTarget,-1,-1,1,false,false,Enemy,0,0,0,-1,gaibang_bangdagoutou_child_1,
36402,Bổng Đả Cẩu Đầu - Giảm tốc,Auto,MeleeSingleTarget,-1,-1,1,false,false,Enemy,0,0,0,-1,gaibang_bangdagoutou_child_2,
365,Hoành Tảo Càn Khôn,Active,SingleTargetBuff,2,57,80,true,false,Self,0,0,0,365,gaibang_hengsaoqiankun,
36501,Hoành Tảo Càn Khôn - Công kích,Auto,MultipleTargetsAroundSelf,-1,-1,1,false,true,Enemy,0,5,0,-1,gaibang_hengsaoqiankun_child_1,
36502,Hoành Tảo Càn Khôn - Giảm tốc,Auto,MeleeSingleTarget,-1,-1,1,false,false,Enemy,0,0,0,-1,gaibang_hengsaoqiankun_child_2,
366,Địa Trầm Hãm Ngân,Active,MeleeSingleTarget,2,74,1,true,true,Enemy,3,0,0,366,eighthbook_damage_physical,
367,Liệt Thổ Lao Lung,Active,MeleeSingleTarget,2,74,1,true,false,Enemy,3,0,0,367,eighthbook_control_physical,
371,Bát Quái Chưởng,Active,RangedSingleTarget,3,19,1,true,true,Enemy,20,0,0,371,wudang_baguaizhang,
372,Chân Thức Thất Tiết Trận,Active,MultipleTargetsAroundSelf,3,19,20,true,true,Enemy,0,7,0,372,wudang_zhenwuqijiezhen,
373,Lưỡng Nghi Kiếm,Active,RangedSingleTargetChaining,3,20,45,true,false,Enemy,20,0,1000,373,wudang_liangyijian,
374,Tam Hoàn Sáo Nguyệt,Active,MultipleTargetsAroundPosition,3,20,20,true,true,Enemy,20,7,0,374,wudang_sanhuansaoyue,
375,Lãm Tước Vĩ,Active,RangedSingleTarget,3,20,30,true,false,Enemy,20,0,0,375,wudang_lanjuewei,
376,Thiên Canh Bắc Đẩu Trận,Active,SingleTargetBuff,3,20,40,false,false,Self,0,0,0,376,wudang_tiangangbeidouzhen,
377,Thiên Mã Phi Bão,Active,RangedSingleTarget,3,21,10,true,true,Enemy,20,0,3000,377,wudang_tianmafeibao,
378,Như Phong Tự Bế,Active,RangedSingleTargetChaining,3,21,30,true,false,Enemy,20,0,500,378,wudang_rufengsibi,
37801,Như Phong Tự Bế - Khống chế,Auto,MeleeSingleTarget,-1,-1,1,false,false,Enemy,0,0,0,-1,wudang_rufengsibi_child,
379,Thê Vân Tung,Active,Blink,3,21,40,false,false,Self,20,0,0,379,wudang_tiyunzong,
380,Hổ Bao Đầu,Passive,None,3,22,1,false,false,Self,0,0,0,380,wudang_hubaotou,
381,Tiên Nhân Chỉ Lộ,Active,RangedSingleTarget,3,22,1,true,true,Enemy,20,0,0,381,wudang_xianrenzhilu,
38101,Tiên Nhân Chỉ Lộ - Hư nhược,Auto,MeleeSingleTarget,-1,-1,1,false,false,Enemy,0,0,0,-1,wudang_xianrenzhilu_child,
382,Khiêu Liêm Thức,Active,SingleTargetBuff,3,22,30,false,false,Self,0,0,5000,382,wudang_qiaolianshi,
38201,Khiêu Liêm Thức - Hồi phục,Auto,SingleTargetBuff,-1,-1,1,false,false,Self,0,0,0,-1,wudang_qiaolianshi_child,
383,Lưu Tinh Cản Nguyệt,Active,SingleTargetBuff,3,22,50,false,false,Self,0,0,10000,383,wudang_liuxingganyue,
384,Lãn Trát Y,Passive,None,3,23,1,false,false,Self,0,0,0,384,wudang_lanzhayi,
385,Ngọc Nữ Xuyên Xoa,Active,RangedSingleTarget,3,23,1,true,true,Enemy,20,0,0,385,wudang_yunvchuansuo,
38501,Ngọc Nữ Xuyên Xoa - Định thân,Auto,MeleeSingleTarget,-1,-1,1,false,false,Enemy,0,0,0,-1,wudang_yunvchuansuo_child,
386,Tà Phi Thức,Active,SingleTargetBuff,3,23,30,false,false,Self,0,0,5000,382,wudang_xiefeishi,
387,Bạch Hạc Lượng Sí,Active,SingleTargetBuff,3,23,50,false,false,Self,0,0,0,387,wudang_baiheliangshi,
388,Thần Môn Thập Tam Kiếm,Active,RangedSingleTarget,3,24,10,true,true,Enemy,20,0,0,388,wudang_taiyuanshisanjian,
389,Vô Giải Khả Kích,Active,SingleTargetBuff,3,24,30,false,false,Self,0,0,0,389,wudang_wujiekeji,
390,Du Nhẫn Hữu Dư,Active,SingleTargetBuff,3,24,60,false,false,Self,0,0,0,390,wudang_yourenyouyu,
391,Thiên Ngoại Phi Tiên,Active,RangedSingleTarget,3,58,65,true,true,Enemy,15,0,0,391,wudang_tianwaifeixian,
39101,Thiên Ngoại Phi Tiên - Phong huyệt,Auto,MeleeSingleTarget,-1,-1,1,false,false,Enemy,0,0,0,-1,wudang_tianwaifeixian_child,
392,Tê Ngưu Vọng Nguyệt,Active,SingleTargetBuff,3,19,1,false,false,PeacePlayer,20,0,0,392,wudang_xiniuwangyue,
393,Không Minh Thức,Active,SingleTargetBuff,3,58,1,false,false,PeacePlayer,15,0,0,393,wudang_kongmingshi,
394,Tiên Phong Đạo Cốt,Active,SingleTargetBuff,3,58,45,false,false,Self,0,0,0,394,wudang_xianfangdaogu,
395,Thất Tinh Tụ Thủ,Active,MultipleTargetsAroundPosition,3,58,80,true,true,Enemy,15,7,0,395,wudang_qixingjushou,
39501,Thất Tinh Tụ Thủ - Tê liệt,Auto,MeleeSingleTarget,-1,-1,1,false,false,Enemy,0,0,0,-1,wudang_qixingjushou_child,
396,Trụ Diệu Thất Tinh,Active,RangedSingleTarget,3,75,1,true,true,Enemy,15,0,0,396,eighthbook_damage_magical,NO_RESET
397,Bát Quái Ánh Vi,Active,RangedSingleTarget,3,75,1,true,false,Enemy,15,0,0,397,eighthbook_control_magical,NO_RESET
401,Điêu Thuyền Bái Nguyệt,Active,RangedSingleTarget,4,25,1,true,true,Enemy,15,0,0,401,emei_diaochuanbaiyue,
402,Chiêu Quân Xuất Tái,Active,MultipleTargetsAroundPosition,4,25,10,true,false,Enemy,15,6,0,402,emei_zhaojunchuji,
403,Tây Tử Bồng Tâm,Active,RangedSingleTarget,4,26,45,true,true,Enemy,15,0,3000,403,emei_xizifangxin,
404,Kim Đỉnh Miên Chưởng,Active,RangedSingleTargetChaining,4,26,1,true,true,Enemy,15,0,1000,404,emei_jindingmianzhang,
40401,Kim Đỉnh Miên Chưởng - Cương ngạnh,Auto,MeleeSingleTarget,-1,-1,1,false,false,Enemy,0,0,0,-1,emei_jindingmianzhang_child,
405,Nguyệt Lạc Tây Sơn,Active,MultipleTargetsAroundSelf,4,26,30,true,false,Enemy,0,7,0,405,emei_yueluoxishan,
406,Phật Quang Phổ Chiếu,Active,MultipleTargetsBuff,4,26,40,true,false,SelfAndAlly,15,7,3000,406,emei_foguangpuzhao,
407,Xung Hư Dưỡng Khí,Active,SingleTargetBuff,4,27,20,false,false,PeacePlayer,15,0,3000,407,emei_zhongxuyangqi,
408,Khởi Tử Hồi Sinh,Active,SingleTargetBuff,4,27,30,false,false,PeacePlayer,3,0,10000,408,emei_qisihuansheng,
409,Diên Niên Ích Thọ,Active,SingleTargetBuff,4,27,40,false,false,Self,0,0,3000,409,emei_yuannianyishou,
410,Yểu Điệu Thục Nữ,Passive,None,4,28,1,false,false,Self,0,0,0,410,emei_yaotiaoshunv,
411,Hồi Thiên Thuật,Active,SingleTargetBuff,4,28,10,false,false,Self,15,0,0,411,emei_huitianshu,
41101,Hồi Thiên Thuật - Hồi phục,Auto,SingleTargetBuff,-1,-1,1,false,false,Self,0,0,0,-1,emei_huitianshu_child,
412,Tuyệt Kiếm Thức,Active,SingleTargetBuff,4,28,30,false,false,Self,0,0,5000,412,emei_juejianshi,
413,Hộ Tâm Quyết,Active,SingleTargetBuff,4,28,50,false,false,Self,0,0,0,413,emei_huxinjue,
414,Quân Tử Hảo Cầu,Passive,None,4,29,1,false,false,Self,0,0,0,414,emei_junzihaogou,
415,Chướng Nhãn Pháp,Active,RangedSingleTarget,4,29,1,true,true,Enemy,15,0,0,415,emei_zhangyanfa,
41501,Chướng Nhãn Pháp - Thất minh,Auto,MeleeSingleTarget,-1,-1,1,false,false,Enemy,0,0,0,-1,emei_zhangyanfa_child,
416,Diệt Kiếm Thức,Active,SingleTargetBuff,4,29,30,false,false,Self,0,0,5000,412,emei_miejianshi,
41601,Diệt Kiếm Thức - Hư nhược,Auto,MeleeSingleTarget,-1,-1,1,false,false,Enemy,0,0,0,-1,emei_miejianshi_child,
417,Trảm Tình Quyết,Active,SingleTargetBuff,4,29,50,false,false,Self,15,0,0,417,emei_zhanqingjue,
418,Đà Nê Đới Thủy,Active,RangedSingleTarget,4,30,10,true,true,Enemy,15,0,0,418,emei_taneidaishui,
419,Hành Thi Tẩu Nhục,Active,SingleTargetBuff,4,30,30,false,false,Self,0,0,0,419,emei_xingshizourou,
420,Ngai Nhược Mộc Kê,Active,SingleTargetBuff,4,30,60,false,false,Self,0,0,0,420,emei_airuomuji,
421,Cửu Âm Thần Trảo,Active,RangedSingleTarget,4,59,65,true,true,Enemy,15,0,0,421,emei_jiuyinshenzhao,
42101,Cửu Âm Thần Trảo - Giảm huyết,Auto,MeleeSingleTarget,-1,-1,1,false,true,Enemy,0,0,0,-1,emei_jiuyinshenzhao_child,
422,Toạ Hoài Bất Loạn,Active,SingleTargetBuff,4,25,1,false,false,PeacePlayer,15,0,0,422,emei_zuohuaibuluan,
423,Kim Châm Độ Kiếp,Active,SingleTargetBuff,4,27,1,false,false,PeacePlayer,15,0,0,423,emei_jinzhendujie,
424,Thanh Tâm Phổ Thiện Chú,Active,SingleTargetBuff,4,59,45,false,false,PeacePlayer,15,0,1000,424,emei_qingxinputianzhou,
425,Cửu Âm Độc Long Công,Active,SingleTargetBuff,4,59,1,false,false,PeacePlayer,15,0,0,425,emei_jiuyindulonggong,
426,Xuân Hoa Thu Nguyệt,Active,MultipleTargetsAroundPosition,4,59,80,true,true,Enemy,15,7,0,426,emei_chunhuaqiuyue,
42601,Xuân Hoa Thu Nguyệt - Đồng đội,Auto,MultipleTargetsBuff,-1,-1,1,false,false,SelfAndAlly,0,0,0,-1,emei_chunhuaqiuyue_child,
427,Hỗn Giang Phá Nhai,Active,RangedSingleTarget,4,76,1,true,true,Enemy,15,0,0,427,eighthbook_damage_magical,
428,U Tuyền Thẩm Châu,Active,RangedSingleTarget,4,76,1,true,false,Enemy,15,0,0,428,eighthbook_control_magical,
431,Lam Sa Thủ,Active,RangedSingleTarget,5,31,1,true,true,Enemy,15,0,0,431,xingxiu_lanshashou,
432,Liên Châu Hủ Thi Độc,Active,MultipleTargetsAroundSelfChaining,5,31,10,true,true,Enemy,0,7,2000,432,xingxiu_lianzhuxiushidu,
43201,Liên Châu Hủ Thi Độc - Trúng độc,Auto,MeleeSingleTarget,-1,-1,1,false,false,Enemy,0,0,0,-1,xingxiu_lianzhuxiushidu_child,
433,Huyền Minh Thần Chưởng,Active,RangedSingleTarget,5,32,45,true,true,Enemy,15,0,0,433,xingxiu_xuanmingshenzhang,
434,Hạt Vĩ Trâm,Active,RangedSingleTarget,5,32,20,true,false,Enemy,15,0,0,434,xingxiu_xieweizan,
435,Cáp Mô Công,Active,RangedSingleTarget,5,32,30,true,false,Enemy,15,0,0,435,xingxiu_hamogong,
436,Ngô Công Trận,Active,MultipleTargetsBuff,5,32,40,false,false,SelfAndAlly,0,7,0,436,xingxiu_wugongzhen,
437,Tiếu Lý Tàng Đao,Active,RangedSingleTargetChaining,5,33,20,true,true,Enemy,15,0,1000,437,xingxiu_xiaolizangdao,
438,Đàm Tiếu Tự Nhược,Active,SingleTargetBuff,5,33,30,false,false,Self,0,0,0,438,xingxiu_tanxiaoziruo,
439,Hàm Tiếu Cửu Tuyền,Active,SingleTargetBuff,5,33,40,false,false,Self,0,0,1500,439,xingxiu_hanxiaojiuxuan,
440,Mộc Giáp Thuật,Passive,None,5,34,1,false,false,Self,0,0,0,440,xingxiu_mujiashu,
441,Thanh Xà Độc Chưởng,Active,RangedSingleTarget,5,34,1,true,true,Enemy,15,0,0,441,xingxiu_qingsheduzhang,
44101,Thanh Xà Độc Chưởng - Hư nhược,Auto,MeleeSingleTarget,-1,-1,1,false,false,Enemy,0,0,0,-1,xingxiu_qingsheduzhang_child,
442,Mộc Độn,Active,SingleTargetBuff,5,34,30,false,false,Self,0,0,5000,442,xingxiu_mudun,
443,Chỉ Lộc Vi Mã,Active,RangedSingleTargetChaining,5,34,50,true,false,Enemy,15,0,1000,443,xingxiu_zhiluweima,
444,Tôi Độc Thuật,Passive,None,5,35,1,false,false,Self,0,0,0,444,xingxiu_cuidushu,
445,Băng Tằm Độc Chưởng,Active,RangedSingleTarget,5,35,1,true,true,Enemy,15,0,0,445,xingxiu_bingcanduzhang,
44501,Băng Tằm Độc Chưởng - Hư nhược,Auto,MeleeSingleTarget,-1,-1,1,false,false,Enemy,0,0,0,-1,xingxiu_bingcanduzhang_child,
446,Thủy Độn,Active,SingleTargetBuff,5,35,30,false,false,Self,0,0,5000,442,xingxiu_shuidun,
44601,Thủy Độn - Trúng độc,Auto,MeleeSingleTarget,-1,-1,1,false,false,Enemy,0,0,0,-1,xingxiu_shuidun_child,
447,Kinh Mạch Nghịch Hành,Active,SingleTargetBuff,5,35,50,false,false,Self,0,0,0,447,xingxiu_jingmaiyixing,
448,Ngọc Toái Côn Cương,Active,MultipleTargetsAroundSelf,5,36,10,true,true,Enemy,0,5,0,448,xingxiu_yusuigungang,
449,Kim Thạch Câu Phần,Active,SingleTargetBuff,5,36,30,false,false,Self,0,0,0,449,xingxiu_jinshigoufen,
450,Thiên Địa Đồng Thọ,Active,RangedSingleTarget,5,36,60,true,true,Enemy,15,0,0,450,xingxiu_tiandidongshou,
45001,Thiên Địa Đồng Thọ - Sát thương,Auto,MeleeSingleTarget,-1,-1,1,false,true,Enemy,0,0,0,-1,xingxiu_tiandidongshou_child,
451,Hoá Cốt Miên Chưởng,Active,RangedSingleTarget,5,60,65,true,true,Enemy,15,0,0,451,xingxiu_huagumianzhang,
45101,Hoá Cốt Miên Chưởng - Hư nhược,Auto,MeleeSingleTarget,-1,-1,1,false,false,Enemy,0,0,0,-1,xingxiu_huagumianzhang_child,
452,Bách Độc Bất Xâm,Active,SingleTargetBuff,5,31,1,false,false,PeacePlayer,15,0,0,452,xingxiu_baidubuqin,
453,Hoá Huyết Thần Độc,Active,SingleTargetBuff,5,60,1,false,false,PeacePlayer,15,0,0,453,xingxiu_huaxueshendu,
454,Hàm Tiếu Bán Bộ Diên,Active,RangedSingleTarget,5,60,45,true,false,Enemy,15,0,0,454,xingxiu_hanxiaobanbudian,
45401,Hàm Tiếu Bán Bộ Diên - Khống chế,Auto,MeleeSingleTarget,-1,-1,1,false,false,Enemy,0,0,0,-1,xingxiu_hanxiaobanbudian_child,
455,Nhất Nhật Táng Mệnh Tán,Active,RangedSingleTarget,5,60,80,true,false,Enemy,15,6,0,455,xingxiu_yirizangmingzan,
45501,Nhất Nhật Táng Mệnh Tán - Công kích,Auto,MultipleTargetsAroundTarget,-1,-1,1,false,false,Enemy,0,6,0,-1,xingxiu_yirizangmingzan_child_1,
45502,Nhất Nhật Táng Mệnh Tán - Phát tán,Auto,MultipleTargetsAroundTarget,-1,-1,1,false,true,Enemy,0,6,0,-1,xingxiu_yirizangmingzan_child_2,
45503,Nhất Nhật Táng Mệnh Tán - Thất minh,Auto,MultipleTargetsAroundTarget,-1,-1,1,false,false,Enemy,0,6,0,-1,xingxiu_yirizangmingzan_child_3,
456,Hoang Dã U Hồn,Active,RangedSingleTarget,5,77,1,true,true,Enemy,15,0,0,456,eighthbook_damage_magical,
457,Ảm Phiên Khốn Linh,Active,RangedSingleTarget,5,77,1,true,false,Enemy,15,0,0,457,eighthbook_control_magical,
461,Chính Dương Thủ,Active,RangedSingleTarget,6,37,1,true,true,Enemy,15,0,0,461,tianlong_zhengyangshou,
462,Tam Dương Khai Thái,Active,MultipleTargetsAroundSelfChaining,6,37,10,true,true,Enemy,0,7,1000,462,tianlong_sanyangkaitai,
463,Nhất Dương Chỉ,Active,RangedSingleTarget,6,38,45,true,true,Enemy,15,0,0,463,tianlong_yiyangzhi,
464,Hàm Mai Tật Tẩu,Active,SingleTargetBuff,6,38,20,false,false,Self,0,0,0,464,tianlong_hanmeijizou,
465,Bát Môn Kim Toả,Active,RangedSingleTarget,6,38,30,true,false,Enemy,15,0,0,465,tianlong_bamenjinsuo,
466,Dĩ Dật Đãi Lao,Active,MultipleTargetsBuff,6,38,40,false,false,SelfAndAlly,0,7,0,466,tianlong_yiyidailao,
467,Chỉ Điểm Giang Sơn,Active,RangedSingleTarget,6,39,10,true,false,Enemy,15,0,0,467,tianlong_zhidianjiangshan,
468,Thiên Canh Chính Khí,Active,SingleTargetBuff,6,39,30,false,false,Self,0,0,0,468,tianlong_tiangangzhanqi,
469,Tĩnh Ảnh Trầm Bích,Active,RangedSingleTarget,6,39,40,true,false,Enemy,15,0,0,469,tianlong_jingyingchenbi,
470,Đồ Tất Thuật,Passive,None,6,40,1,false,false,Self,0,0,0,470,tianlong_tuxishu,
471,Dục Cầm Địch Tung,Active,RangedSingleTarget,6,40,1,true,true,Enemy,15,0,0,471,tianlong_yuqindisong,
47101,Dục Cầm Địch Tung - Hư nhược,Auto,MeleeSingleTarget,-1,-1,1,false,false,Enemy,0,0,0,-1,tianlong_yuqindisong_child,
472,Tiết Quyền Thức,Active,SingleTargetBuff,6,40,30,false,false,Self,0,0,5000,472,tianlong_jiequanshi,
473,Bạch Hồng Quán Nhật,Active,SingleTargetBuff,6,40,50,false,false,Self,0,0,0,473,tianlong_baihongguanri,
474,Ma Lệ Thuật,Passive,None,6,41,1,false,false,Self,0,0,0,474,tianlong_molishu,
475,Tuyết Ủng Lam Quan,Active,RangedSingleTarget,6,41,1,true,true,Enemy,15,0,0,475,tianlong_xueyonglanguan,
47501,Tuyết Ủng Lam Quan - Phong huyệt,Auto,MeleeSingleTarget,-1,-1,1,false,false,Enemy,0,0,0,-1,tianlong_xueyonglanguan_child,
476,Phá Kiếm Thức,Active,SingleTargetBuff,6,41,30,false,false,Self,0,0,5000,472,tianlong_pojianshi,
47601,Phá Kiếm Thức - Hư nhược,Auto,MeleeSingleTarget,-1,-1,1,false,false,Enemy,0,0,0,-1,tianlong_pojianshi_child,
477,Kim Ngọc Mãn Đường,Active,SingleTargetBuff,6,41,50,false,false,Self,0,0,0,477,tianlong_jinyumantang,
478,Vạn Nhạc Triều Tông,Active,RangedSingleTarget,6,42,10,true,true,Enemy,15,0,0,478,tianlong_wanyuechaozong,
479,Phi Khô Phi Vinh,Active,SingleTargetBuff,6,42,30,false,false,Self,0,0,0,479,tianlong_feikufeiyong,
480,Bách Bộ Xuyên Dương,Active,SingleTargetBuff,6,42,60,false,false,Self,0,0,0,480,tianlong_baibuchuanyang,
481,Thiếu Trạch Kiếm,Active,RangedSingleTarget,6,61,65,true,true,Enemy,15,0,0,481,tianlong_shaozhaijian,
48101,Thiếu Trạch Kiếm - Hư nhược,Auto,MeleeSingleTarget,-1,-1,1,false,false,Enemy,0,0,0,-1,tianlong_shaozhaijian_child,
482,Chính Khí Hạo Nhiên,Active,SingleTargetBuff,6,37,1,false,false,PeacePlayer,15,0,0,482,tianlong_zhengqihaoran,
483,Thiếu Xung Kiếm Pháp,Active,SingleTargetBuff,6,61,1,false,false,PeacePlayer,15,0,0,483,tianlong_shaochongjianfa,
487,Thương Dương Kiếm,Active,RangedSingleTarget,6,61,45,true,true,Enemy,15,0,0,487,tianlong_shangyangjian,
48701,Thương Dương Kiếm - Xuất huyết,Auto,MeleeSingleTarget,-1,-1,1,false,false,Enemy,0,0,0,-1,tianlong_shangyangjian_child,
488,Trung Xung Kiếm,Active,RangedSingleTarget,6,61,80,true,true,Enemy,15,0,0,488,tianlong_zhongchongjian,
48801,Trung Xung Kiếm - Hư nhược,Auto,MeleeSingleTarget,-1,-1,1,false,false,Enemy,0,0,0,-1,tianlong_zhongchongjian_child_1,
48802,Trung Xung Kiếm - Hư nhược,Auto,MeleeSingleTarget,-1,-1,1,false,false,Enemy,0,0,0,-1,tianlong_zhongchongjian_child_2,
48803,Trung Xung Kiếm - Hư nhược,Auto,MeleeSingleTarget,-1,-1,1,false,false,Enemy,0,0,0,-1,tianlong_zhongchongjian_child_3,
489,Hoàng Long Nộ Minh,Active,RangedSingleTarget,6,78,1,true,true,Enemy,15,0,0,489,eighthbook_damage_balanced,
490,Long Bàn Đẩu Lý,Active,RangedSingleTarget,6,78,1,true,false,Enemy,15,0,0,490,eighthbook_control_balanced,
491,Nhạn Nam Phi,Active,MeleeSingleTarget,7,43,1,true,true,Enemy,3,0,0,491,tianshan_yannanfei,
492,Ưng Kích Trường Không,Active,MultipleTargetsAroundSelf,7,43,10,true,true,Enemy,0,7,0,492,tianshan_yingjichangkong,
493,Phụng Vũ Cửu Thiên,Active,MeleeSingleTarget,7,44,45,true,true,Enemy,3,0,0,493,tianshan_fengyujiutian,
494,Bạch Câu Quá Khích,Active,SingleTargetBuff,7,44,20,false,false,Self,0,0,0,494,tianshan_baigouguoji,
495,Thiết Toả Hoành Giang,Active,MeleeSingleTarget,7,44,30,true,false,Enemy,15,0,0,495,tianshan_tiecuohengjiang,
496,Thập Diện Mai Phục,Active,MultipleTargetsBuff,7,44,40,false,false,SelfAndAlly,0,7,5000,496,tianshan_shimianmaifu,
497,Kim Thiền Thoát Xác,Active,SingleTargetBuff,7,45,20,false,false,Self,0,0,1000,497,tianshan_jinchantuoqiao,
498,Di Hoa Tiếp Mộc,Active,SingleTargetBuff,7,45,30,false,false,Self,0,0,0,498,tianshan_yihuajiemu,
49801,Di Hoa Tiếp Mộc - Công kích,Auto,MultipleTargetsAroundTarget,-1,-1,1,false,true,Enemy,0,6,0,-1,tianshan_yihuajiemu_child,
499,Lan Hoa Điểm Huyệt Thủ,Active,RangedSingleTarget,7,45,40,true,false,Enemy,15,0,0,499,tianshan_lanhuadianxueshou,
500,Ngưng Sương Giáp,Passive,None,7,46,1,false,false,Self,0,0,0,500,tianshan_ningshuangjia,
501,Tuyết Hoa Lục Xuất,Active,MeleeSingleTarget,7,46,1,true,true,Enemy,3,0,0,501,tianshan_xuehualuchu,
501001,Tuyết Hoa Lục Xuất - Hội tâm,Auto,SingleTargetBuff,-1,-1,1,false,false,Self,0,0,0,-1,tianshan_xuehualuchu_child,
502,Dung Tuyết Thức,Active,SingleTargetBuff,7,46,30,false,false,Self,0,0,3000,502,tianshan_yongxueshi,
503,Đạp Tuyết Vô Ngấn,Active,Blink,7,46,50,false,false,Self,20,0,0,503,tianshan_taxuewuhen,
50301,Đạp Tuyết Vô Ngấn - Ẩn thân,Auto,SingleTargetBuff,-1,-1,1,false,false,Self,0,0,0,-1,tianshan_taxuewuhen_child,
504,Sơ Ảnh Phiến,Passive,None,7,47,1,false,false,Self,0,0,0,504,tianshan_shuyingshan,
505,Mai Hoa Tam Lộng,Active,MeleeSingleTarget,7,47,1,true,true,Enemy,3,0,0,505,tianshan_meihuasanlong,
50501,Mai Hoa Tam Lộng - Cương ngạnh,Auto,MeleeSingleTarget,-1,-1,1,false,false,Enemy,0,0,0,-1,tianshan_meihuasanlong_child,
506,Chiết Mai Thức,Active,SingleTargetBuff,7,47,30,false,false,Self,0,0,3000,502,tianshan_zhemeishi,
507,Hàn Mai Nở Rộ,Active,RangedSingleTarget,7,47,50,true,true,Enemy,15,0,0,507,tianshan_hanmeinufang,
50701,Hàn Mai Nở Rộ - Công kích,Auto,MeleeSingleTarget,-1,-1,1,false,true,Enemy,0,6,0,-1,tianshan_hanmeinufang_child,
508,Dương Ca Thiên Quân,Active,MeleeSingleTarget,7,48,10,true,true,Enemy,3,0,0,508,tianshan_yanggetianjun,
509,Dương Xuân Bạch Tuyết,Active,SingleTargetBuff,7,48,30,false,false,Self,0,0,0,509,tianshan_yangchunbaixue,
510,Dương Quan Tam Điệp,Active,SingleTargetBuff,7,48,60,false,false,Self,0,0,0,510,tianshan_yangguansandie,
511,Đồng Sinh Cộng Tử,Active,RangedSingleTarget,7,62,65,true,true,Enemy,15,0,0,511,tianshan_tongshenggongsi,
51101,Đồng Sinh Cộng Tử - Phong huyệt,Auto,MeleeSingleTarget,-1,-1,1,false,false,Enemy,0,0,0,-1,tianshan_tongshenggongsi_child,
512,Băng Cơ Ngọc Cốt,Active,SingleTargetBuff,7,43,1,false,false,PeacePlayer,15,0,0,512,tianshan_bingjiyugu,
513,Thiên Địa Hàn Băng,Active,SingleTargetBuff,7,62,1,false,false,PeacePlayer,15,0,0,513,tianshan_tiandihanbing,
514,Liễu Ám Hoa Minh,Active,SingleTargetBuff,7,45,1,false,false,PeacePlayer,15,0,1000,514,tianshan_liaoanhuaming,
515,Thiên Địa Minh Diệt,Active,MeleeSingleTarget,7,62,45,true,false,EnemyPlayer,15,0,0,515,tianshan_tiandimingmie,
51501,Thiên Địa Minh Diệt - Đóng băng,Auto,MeleeSingleTarget,-1,-1,1,false,false,Enemy,0,0,0,-1,tianshan_tiandimingmie_child,
516,Băng Ngưng Sương Hoa,Active,MeleeSingleTarget,7,62,80,true,false,Enemy,3,0,0,516,tianshan_bingningshuanghua,
517,Hồng Đào Bích Lãng,Active,MeleeSingleTarget,7,79,1,true,true,Enemy,3,0,0,517,eighthbook_damage_physical,
518,Tứ Thuỷ Vi Thành,Active,MeleeSingleTarget,7,79,1,true,false,Enemy,3,0,0,518,eighthbook_control_physical,
521,Lạc Anh Kiếm,Active,RangedSingleTarget,8,49,1,true,true,Enemy,15,0,0,521,xiaoyao_luoyingjian,
522,Đào Hoa Trận,Active,Trap,8,49,1,false,false,Enemy,0,3,1000,522,xiaoyao_taohuazhen,
523,Đàn Chỉ Thần Công,Active,RangedSingleTarget,8,50,45,true,true,Enemy,15,0,0,523,xiaoyao_danzhishengong,
524,Lăng Ba Vi Bộ,Active,Blink,8,50,20,false,false,Self,20,0,0,524,xiaoyao_lingboweibu,
525,Họa Địa Vi Lao,Active,RangedSingleTarget,8,50,30,true,false,Enemy,15,0,0,525,xiaoyao_huadiweilao,
526,Vân Thể Phong Thân,Active,MultipleTargetsBuff,8,50,40,false,false,SelfAndAlly,0,7,0,526,xiaoyao_yuntifengshen,
527,Bát Trận Đồ,Active,Trap,8,51,20,false,false,Enemy,0,4,3000,527,xiaoyao_bazhentu,
52701,Bát Trận Đồ - Phát nổ,Auto,MeleeSingleTarget,-1,-1,1,false,false,Enemy,0,4,0,-1,xiaoyao_bazhentu_child,
528,Hỏa Nhãn Kim Tinh,Active,SingleTargetBuff,8,51,30,false,false,Self,0,0,1000,528,xiaoyao_huoyanjinxing,
529,Tru Tiên Trận,Active,Trap,8,51,40,false,false,Enemy,0,4,3000,529,xiaoyao_zhuxianzhen,
52901,Tru Tiên Trận - Phát nổ,Auto,MeleeSingleTarget,-1,-1,1,false,false,Enemy,0,4,0,-1,xiaoyao_zhuxianzhen_child,
530,Bách Điểu Triều Phụng,Passive,None,8,52,1,false,false,Self,0,0,0,530,xiaoyao_bainiaochaofeng,
531,Cao Sơn Lưu Thủy,Active,SingleTargetBuff,8,52,20,true,false,Self,0,13,0,531,xiaoyao_gaoshanliushui,
532,Đại Phong Ca,Active,SingleTargetBuff,8,52,30,false,false,Self,0,0,5000,532,xiaoyao_dafengge,
53201,Đại Phong Ca - Cương ngạnh,Auto,MeleeSingleTarget,-1,-1,1,false,false,Enemy,0,0,0,-1,xiaoyao_dafengge_child,
533,Tiêu Tương Dạ Vũ,Active,RangedSingleTarget,8,52,50,true,true,Enemy,15,0,0,533,xiaoyao_xiaoxiangyeyu,
53301,Tiêu Tương Dạ Vũ - Thất minh,Auto,MeleeSingleTarget,-1,-1,1,false,false,Enemy,0,0,0,-1,xiaoyao_xiaoxiangyeyu_child,
534,Vạn Hách Tùng Phong,Passive,None,8,53,1,false,false,Self,0,0,0,534,xiaoyao_wanxisongfeng,
535,Khê Sơn Hành Lữ,Active,RangedSingleTarget,8,53,1,true,true,Enemy,15,0,0,535,xiaoyao_jishanxinglv,
53501,Khê Sơn Hành Lữ - Hư nhược,Auto,MeleeSingleTarget,-1,-1,1,false,false,Enemy,0,0,0,-1,xiaoyao_jishanxinglv_child,
536,Lạc Thần Đồ,Active,SingleTargetBuff,8,53,30,false,false,Self,0,0,5000,532,xiaoyao_leshentu,
53601,Lạc Thần Đồ - Thiêu đốt,Auto,MeleeSingleTarget,-1,-1,1,false,false,Enemy,0,0,0,-1,xiaoyao_leshentu_child,
537,Giang Hành Sơ Tuyết,Active,SingleTargetBuff,8,53,40,false,false,Self,0,0,0,537,xiaoyao_jiangxingchuxue,
538,Bài Sơn Đảo Hải,Active,RangedSingleTarget,8,54,10,true,true,Enemy,15,0,0,538,xiaoyao_baishandaohai,
539,Ba Lan Bất Kinh,Active,SingleTargetBuff,8,54,30,false,false,Self,0,0,0,539,xiaoyao_bolanbujing,
540,Kinh Đào Hãi Lãng,Active,MultipleTargetsAroundSelf,8,54,60,true,false,Enemy,0,5,0,540,xiaoyao_jingdaohailang,
541,Côn Dược Bắc Minh,Active,RangedSingleTarget,8,63,65,true,true,Enemy,15,0,0,541,xiaoyao_gunyaobeiming,
54101,Côn Dược Bắc Minh - Chuyển hóa,Auto,SingleTargetBuff,-1,-1,1,false,false,Self,0,0,0,-1,xiaoyao_gunyaobeiming_child,
542,Mặc Thủ Thành Quy,Active,SingleTargetBuff,8,49,1,false,false,PeacePlayer,15,0,0,542,xiaoyao_moshouchenggui,
543,Diên Động Thương Minh,Active,SingleTargetBuff,8,63,1,false,false,PeacePlayer,15,0,0,543,xiaoyao_diandongcangming,
544,Định Hải Thần Châm,Active,Trap,8,63,45,false,false,Enemy,0,20,500,544,xiaoyao_dinghaishenzhen,
545,Bộ Bộ Sinh Hoa,Active,SingleTargetBuff,8,63,80,false,false,Self,0,0,0,545,xiaoyao_bubushenghua,
54501,Bộ Bộ Sinh Hoa - Cạm bẫy,Auto,Trap,-1,-1,1,false,false,Enemy,0,3,0,-1,xiaoyao_bubushenghua_child,
54502,Bộ Bộ Sinh Hoa - Tản công,Auto,MeleeSingleTarget,-1,-1,1,false,false,Enemy,0,0,0,-1,xiaoyao_bubushenghua_child_1,
546,Vũ Việt Tinh Hiện,Active,RangedSingleTarget,8,80,1,true,true,Enemy,15,0,0,546,eighthbook_damage_magical,
547,Tử Vụ Nhiễu Tâm,Active,RangedSingleTarget,8,80,1,true,false,Enemy,15,0,0,547,eighthbook_control_magical,
760,Liễu Phất Y,Active,MeleeSingleTarget,10,64,1,true,true,Enemy,3,0,0,760,murong_liaofoyi,
761,Khí Định Lục Hợp,Active,MultipleTargetsAroundSelf,10,64,10,true,true,Enemy,0,10,0,761,murong_qidingluhe,
762,Thiên Tăng Tuế Nguyệt,Active,SingleTargetBuff,10,64,1,false,false,PeacePlayer,15,0,0,762,murong_tianzengsuiyue,
763,Hoàng Kiếm Cương Trường,Active,MeleeSingleTarget,10,65,45,true,true,Enemy,3,0,0,763,murong_huangjiangangchang,
764,Mạch Thượng Hành,Active,SingleTargetBuff,10,65,20,false,false,Self,0,0,0,764,murong_maishangxing,
765,Thám Dinh Tướng Thủ,Active,MeleeSingleTarget,10,65,30,true,false,Enemy,15,0,0,765,murong_tanyingxiangshou,
766,Kích Cổ Linh,Active,MultipleTargetsBuff,10,65,40,false,false,SelfAndAlly,0,12,0,766,murong_jiguling,
767,Thất Hà Ánh Nhật,Active,MultipleTargetsBuff,10,66,20,false,false,SelfAndAlly,0,0,0,767,murong_qiheyingri,
768,Diệu Dương Thực Sâm,Active,MultipleTargetsAroundSelf,10,66,30,true,false,Enemy,0,6,0,768,murong_miaoyangshiqin,
769,Xuân Quang Tứ Mộc,Active,SingleTargetBuff,10,66,40,true,false,Self,15,0,0,769,murong_chunguangsimu,
770,Lưu Vân Tụ,Passive,None,10,67,1,false,false,Self,0,0,0,770,murong_liuyunju,
771,Trùng Vân Yếm Nhật,Active,MeleeSingleTarget,10,67,1,true,true,Enemy,3,0,0,771,murong_zhongyunyanri,
77101,Trùng Vân Yếm Nhật - Hư nhược,Auto,MeleeSingleTarget,-1,-1,1,false,false,Enemy,0,0,0,-1,murong_zhongyunyanri_child,
772,Súc Vân Dục Vũ,Active,SingleTargetBuff,10,67,30,false,false,Self,0,0,3000,772,murong_suyunyuyu,
77201,Súc Vân Dục Vũ - Súc khí,Auto,SingleTargetBuff,-1,-1,1,false,false,Self,0,0,0,-1,murong_suyunyuyu_child,
77202,Súc Vân Dục Vũ - Định thân,Auto,SingleTargetBuff,-1,-1,1,false,false,Self,0,0,0,-1,murong_suyunyuyu_child_1,
77203,Súc Vân Dục Vũ - Tản công,Auto,SingleTargetBuff,-1,-1,1,false,false,Self,0,0,0,-1,murong_suyunyuyu_child_1,
77204,Súc Vân Dục Vũ - Phong huyệt,Auto,SingleTargetBuff,-1,-1,1,false,false,Self,0,0,0,-1,murong_suyunyuyu_child_1,
77205,Súc Vân Dục Vũ - Thất minh,Auto,SingleTargetBuff,-1,-1,1,false,false,Self,0,0,0,-1,murong_suyunyuyu_child_1,
77206,Súc Vân Dục Vũ - Tê liệt,Auto,SingleTargetBuff,-1,-1,1,false,false,Self,0,0,0,-1,murong_suyunyuyu_child_1,
773,Bỉ Hành Ngã Thích,Active,MeleeSingleTarget,10,67,50,true,false,Enemy,15,0,0,773,murong_bixingwoci,
77301,Bỉ Hành Ngã Thích - Định thân,Auto,MeleeSingleTarget,-1,-1,1,false,false,Enemy,0,0,0,-1,murong_bixingwoci_child_1,
77302,Bỉ Hành Ngã Thích - Tản công,Auto,MeleeSingleTarget,-1,-1,1,false,false,Enemy,0,0,0,-1,murong_bixingwoci_child_2,
77303,Bỉ Hành Ngã Thích - Phong huyệt,Auto,MeleeSingleTarget,-1,-1,1,false,false,Enemy,0,0,0,-1,murong_bixingwoci_child_3,
77304,Bỉ Hành Ngã Thích - Thất minh,Auto,MeleeSingleTarget,-1,-1,1,false,false,Enemy,0,0,0,-1,murong_bixingwoci_child_4,
77305,Bỉ Hành Ngã Thích - Tê liệt,Auto,MeleeSingleTarget,-1,-1,1,false,false,Enemy,0,0,0,-1,murong_bixingwoci_child_5,
774,Ỷ Kiếm Thuật,Passive,None,10,68,1,false,false,Self,0,0,0,774,murong_yijianshu,
775,Kiếm Tỏa Giang Sơn,Active,MeleeSingleTarget,10,68,1,true,true,Enemy,3,0,0,775,murong_jiansuojiangshan,
77501,Kiếm Tỏa Giang Sơn - Tản công,Auto,MeleeSingleTarget,-1,-1,1,false,false,Enemy,0,0,0,-1,murong_jiansuojiangshan_child,
776,Tâm Kiếm Giao Dung,Active,SingleTargetBuff,10,68,30,false,false,Self,0,0,3000,772,murong_xinjianjiaoyong,
77601,Tâm Kiếm Giao Dung - Hư nhược,Auto,MeleeSingleTarget,-1,-1,1,false,false,Enemy,0,0,0,-1,murong_xinjianjiaoyong_child_1,
77602,Tâm Kiếm Giao Dung - Tá lực,Auto,SingleTargetBuff,-1,-1,1,false,false,Self,0,0,0,-1,murong_xinjianjiaoyong_child_2,
777,Tá Lực Phản Thi,Active,RangedSingleTarget,10,68,50,true,true,Enemy,15,0,0,777,murong_zuolifanshi,
77701,Tá Lực Phản Thi - Bạo phát,Auto,MeleeSingleTarget,-1,-1,1,false,true,Enemy,0,6,0,-1,murong_zuolifanshi_child,
778,Tinh Hỏa Thiểm,Active,MeleeSingleTarget,10,69,10,true,true,Enemy,3,0,0,778,murong_xinghuoshan,
779,Tĩnh Tâm Quan Nguyệt,Active,SingleTargetBuff,10,69,30,false,false,Self,0,0,0,779,murong_jingxinguanyue,
780,Tinh Hà Hồng Hấp,Active,MeleeSingleTarget,10,69,60,true,false,Enemy,3,0,0,780,murong_xinghehongxi,
78001,Tinh Hà Hồng Hấp - Định thân,Auto,MeleeSingleTarget,-1,-1,1,false,false,Enemy,0,0,0,-1,murong_xinghehongxi_child,
781,Hóa Khí Thức,Active,RangedSingleTarget,10,70,65,true,false,Enemy,15,0,0,781,murong_huaqishi,
782,Cô Tô Kiếm Khách,Active,SingleTargetBuff,10,70,1,false,false,PeacePlayer,15,0,0,782,murong_gusujianke,
784,Phá Thiên Thức,Active,SingleTargetBuff,10,70,45,false,false,Self,0,15,0,784,murong_potianshi,
78401,Phá Thiên Thức - Kiếm trận,Auto,Trap,-1,-1,1,false,true,Enemy,0,4,0,-1,murong_potianshi_child_1,
78402,Phá Thiên Thức - Tê liệt,Auto,MeleeSingleTarget,-1,-1,1,false,false,Enemy,0,0,0,-1,murong_potianshi_child_2,
785,Lăng Thần Thức,Active,MeleeSingleTarget,10,70,80,true,true,Enemy,20,0,0,785,murong_lingshenshi,
786,Độn Di Triều Lạc,Active,MeleeSingleTarget,10,71,1,true,true,Enemy,3,0,0,786,eighthbook_damage_magical,
787,Toái Châu Nhập Uyên,Active,MeleeSingleTarget,10,71,1,true,false,Enemy,15,0,0,787,eighthbook_control_magical,
800,Lưu Vân Tiễn,Active,RangedSingleTarget,11,81,1,true,true,Enemy,15,0,0,800,tangmen_liuyunshi,
801,Vạn Tiễn Tề Phát,Active,MultipleTargetsAroundTarget,11,81,10,true,true,Enemy,15,5,0,801,tangmen_wanjianjifa,
802,Tẩy Kinh Phạt Mạch,Active,SingleTargetBuff,11,81,1,false,false,PeacePlayer,15,0,0,802,tangmen_xijingfamai,
803,Cửu Thiên Lãm Nguyệt,Active,RangedSingleTarget,11,82,45,true,true,Enemy,15,0,0,803,tangmen_jiutianlanyue,
804,Phù Quang Lược Ảnh,Active,Blink,11,82,20,false,false,Self,20,0,0,804,tangmen_fuguanglueying,
80401,Phù Quang Lược Ảnh - Tăng tốc,Auto,SingleTargetBuff,-1,-1,1,false,false,Self,0,0,0,-1,tangmen_fuguanglueying_child,
805,Bạo Vũ Lê Hoa Châm,Active,RangedSingleTarget,11,82,30,true,false,Enemy,15,0,0,805,tangmen_baoyulihuazhen,
806,Đồng Thành Thiết Bích,Active,MultipleTargetsBuff,11,82,40,false,false,SelfAndAlly,0,7,0,806,tangmen_tongchengtiebi,
807,Lực Tích Thái Hư,Active,SingleTargetBuff,11,83,20,false,false,Self,0,0,0,807,tangmen_lijitaixu,
808,Quỷ Mị Tùy Hành,Active,MultipleTargetsBuff,11,83,30,false,false,SelfAndAlly,0,10,0,808,tangmen_guimisuixing,
809,Duy Tâm Sở Dục,Active,SingleTargetBuff,11,83,40,false,false,Self,0,0,0,809,tangmen_weixinsuoyu,
810,Hộ Tâm Kính,Passive,None,11,84,1,false,false,Self,0,0,0,810,tangmen_huxinjing,
811,Thiết Tật Lê,Active,RangedSingleTarget,11,84,1,true,true,Enemy,15,0,0,811,tangmen_tiejili,
81101,Thiết Tật Lê - Hư nhược,Auto,MeleeSingleTarget,-1,-1,1,false,false,Enemy,0,0,0,-1,tangmen_tiejili_child,
812,Thôi Tiễn Thức,Active,SingleTargetBuff,11,84,30,false,false,Self,0,0,5000,812,tangmen_tuijianshi,
813,Nhuyễn Vị Tiên Thân,Active,SingleTargetBuff,11,84,50,false,false,Self,0,0,0,813,tangmen_ruanweixianshen,
814,Thiên Cơ Nỗ,Passive,None,11,85,1,false,false,Self,0,0,0,814,tangmen_tianjinv,
815,Nhất Hiệp Chướng Mục,Active,RangedSingleTarget,11,85,1,true,true,Enemy,15,0,0,815,tangmen_yixiezhangmu,
81501,Nhất Hiệp Chướng Mục - Thất minh,Auto,MeleeSingleTarget,-1,-1,1,false,false,Enemy,0,0,0,-1,tangmen_yixiezhangmu_child,
816,Chấn Tiễn Thức,Active,SingleTargetBuff,11,85,30,false,false,Self,0,0,5000,812,tangmen_zhenjianshi,
817,Phong Lôi Vạn Quân,Active,MeleeSingleTarget,11,85,50,false,false,Enemy,20,0,0,817,tangmen_fengleiwanjun,
818,Thiên Nữ Tán Hoa,Active,MultipleTargetsAroundTarget,11,86,10,true,true,Enemy,15,5,0,818,tangmen_tiannvzanhua,
819,Băng Tiêu Đồng Thích,Active,SingleTargetBuff,11,86,30,false,false,Self,0,0,0,819,tangmen_bingxiaotongti,
820,Hàm Sa Xạ Ảnh,Active,SingleTargetBuff,11,86,60,false,false,Self,0,0,0,820,tangmen_hanshasheying,
82001,Hàm Sa Xạ Ảnh - Thất minh,Auto,MeleeSingleTarget,-1,-1,1,false,false,Enemy,0,0,0,-1,tangmen_hanshasheying_child,
821,Khôi Lỗi Hương,Active,Trap,11,87,65,false,false,Enemy,0,4,1000,821,tangmen_kuileixiang,
82101,Khôi Lỗi Hương - Định thân,Auto,MeleeSingleTarget,-1,-1,1,false,false,Enemy,0,4,0,-1,tangmen_kuileixiang_child,
822,Khổng Tước Linh,Active,RangedSingleTarget,11,87,45,true,true,Enemy,15,0,0,822,tangmen_kongqueling,
823,Thập Phương Câu Diệt,Active,SingleTargetBuff,11,87,80,false,false,Self,0,0,0,823,tangmen_shifanggoumie,
82301,Thập Phương Câu Diệt - Hội tâm,Auto,SingleTargetBuff,-1,-1,1,false,false,Self,0,0,0,-1,tangmen_shifanggoumie_child,
824,Lạc Nhật Truy Tinh,Active,RangedSingleTarget,11,88,1,true,true,Enemy,15,0,0,824,eighthbook_damage_magical,
825,Lục Hợp Cấm Vực,Active,RangedSingleTarget,11,88,1,true,false,Enemy,15,0,0,825,eighthbook_control_magical,
826,Ảnh Tử Thích Khách,Active,SingleTargetBuff,11,87,1,false,false,PeacePlayer,15,0,0,826,tangmen_yingzicike,
830,Càn Khôn Dẫn,Active,RangedSingleTarget,12,89,1,true,true,Enemy,15,0,0,830,guigu_qiankunyin,
831,Thái Thượng Vong Tình,Active,MultipleTargetsAroundPosition,12,89,10,true,true,Enemy,15,5,0,831,guigu_taishangwangqing,
832,Tạo Hóa Tam Sinh,Active,SingleTargetBuff,12,89,1,false,false,PeacePlayer,15,0,0,832,guigu_zaohuasansheng,
833,Nhất Khí Tam Thanh,Active,RangedSingleTarget,12,90,45,true,true,Enemy,15,0,0,833,guigu_yiqisanqing,
834,Phù Dao Trực Thượng,Active,SingleTargetBuff,12,90,20,false,false,Self,0,0,0,834,guigu_fuyaozhishang,
835,Đào Nhiên Nhất Túy,Active,RangedSingleTarget,12,90,30,true,false,Enemy,15,0,0,835,guigu_taoranyizui,
836,Bão Nguyên Thủ Nhất,Active,MultipleTargetsBuff,12,90,40,false,false,SelfAndAlly,0,7,0,836,guigu_baoyuanshouyi,
837,Huỳnh Hoặc Thủ Tâm,Active,RangedSingleTarget,12,91,20,true,true,Enemy,15,0,0,837,guigu_yinghuoshouxin,
83701,Huỳnh Hoặc Thủ Tâm - Thiêu đốt,Auto,MeleeSingleTarget,-1,-1,1,false,false,Enemy,0,0,0,-1,guigu_yinghuoshouxin_child,
838,Tụ Tinh Trận - Trường Sinh,Active,Mark,12,91,30,true,false,SelfAndAlly,0,10,0,838,guigu_juxingzhen_changsheng,
83801,Tụ Tinh Trận - Trường Sinh - Phục hồi,Auto,SingleTargetBuff,-1,-1,1,false,false,SelfAndAlly,0,10,0,-1,guigu_juxingzhen_changsheng_child,
839,Tuyệt Tinh Trận - Phá Quân,Active,Mark,12,91,40,true,false,Enemy,0,15,0,839,guigu_juexingzhen_pojun,
83901,Tuyệt Tinh Trận - Phá Quân - Hư nhược,Auto,MeleeSingleTarget,-1,-1,1,false,false,Enemy,0,15,0,-1,guigu_juexingzhen_pojun_child,
840,Bất Diệt Thân,Passive,None,12,92,1,false,false,Self,0,0,0,840,guigu_bumieshen,
841,Vị Lão Tiên Suy,Active,RangedSingleTarget,12,92,1,true,true,Enemy,15,0,0,841,guigu_weilaoxianshuai,
84101,Vị Lão Tiên Suy - Hư nhược,Auto,MeleeSingleTarget,-1,-1,1,false,false,Enemy,0,0,0,-1,guigu_weilaoxianshuai_child,
842,Tiêu Dao Du,Active,SingleTargetBuff,12,92,30,false,false,Self,0,0,5000,842,guigu_xiaoyaoyou,
843,Ngũ Khí Triều Nguyên,Active,SingleTargetBuff,12,92,50,false,false,Self,0,0,0,843,guigu_wuqichaoyuan,
844,Đạo Pháp Tâm,Passive,None,12,93,1,false,false,Self,0,0,0,844,guigu_daofaxin,
845,Phong Vân Phản Phúc,Active,RangedSingleTarget,12,93,1,true,true,Enemy,15,0,0,845,guigu_fengyunfanfu,
84501,Phong Vân Phản Phúc - Tản công,Auto,MeleeSingleTarget,-1,-1,1,false,false,Enemy,0,0,0,-1,guigu_fengyunfanfu_child,
846,Ý Tung Hoành,Active,SingleTargetBuff,12,93,30,false,false,Self,0,0,5000,842,guigu_yizongheng,
847,Tụ Tinh Trận - Âm Dương,Active,Mark,12,93,50,true,false,SelfAndAlly,0,10,0,847,guigu_juxingzhen_yinyang,
84701,Tụ Tinh Trận - Âm Dương - Hỗ trợ,Auto,SingleTargetBuff,-1,-1,1,false,false,SelfAndAlly,0,10,0,-1,guigu_juxingzhen_yinyang_child,
848,Thanh Khê Trường Ca,Active,MultipleTargetsAroundSelf,12,94,10,true,true,Enemy,0,5,0,848,guigu_qingxichangge,
849,Thiên Nhân Hợp Nhất,Active,SingleTargetBuff,12,94,30,false,false,Self,0,0,0,849,guigu_tianrenheyi,
850,Trích Tiên Mộng Ảnh,Active,SingleTargetBuff,12,94,60,false,false,Self,0,0,0,850,guigu_zhexianmengying,
851,Tuyệt Tinh Trận - Thất Sát,Active,Mark,12,95,65,true,true,Enemy,0,15,0,851,guigu_juexingzhen_qisha,
85101,Tuyệt Tinh Trận - Thất Sát - Cương ngạnh,Auto,MeleeSingleTarget,-1,-1,1,false,false,Enemy,0,15,0,-1,guigu_juexingzhen_qisha_child,
852,Súc Địa Thành Thốn,Active,Blink,12,95,45,true,false,Self,15,0,0,852,guigu_suodichengcun,
853,Tuyệt Tinh Trận - Tham Lang,Active,Mark,12,95,80,true,false,SelfAndAlly,0,15,0,853,guigu_juexingzhen_tanlang,
85301,Tuyệt Tinh Trận - Tham Lang - Hỗ trợ,Auto,SingleTargetBuff,-1,-1,1,false,false,SelfAndAlly,0,10,0,-1,guigu_juexingzhen_tanlang_child,
854,Vạn Túc Thần Quang,Active,RangedSingleTarget,12,96,1,true,true,Enemy,15,0,0,854,eighthbook_damage_magical,
855,Bộ Canh Đạp Đẩu,Active,RangedSingleTarget,12,96,1,true,false,Enemy,15,0,0,855,eighthbook_control_magical,
856,Thái Cực Thần Công,Active,SingleTargetBuff,12,95,1,false,false,PeacePlayer,15,0,0,856,guigu_taijishengong,
900,Nhã Tụng Chi Âm,Active,RangedSingleTarget,13,97,1,true,true,Enemy,15,0,0,900,taohua_yasongzhiyin,
901,Bát Liệt Chi Vũ,Active,MultipleTargetsAroundPosition,13,97,10,true,false,Enemy,15,3,0,901,taohua_baliezhiwu,
90101,Ám Thương,Auto,MeleeSingleTarget,-1,-1,1,false,false,Enemy,0,0,0,-1,taohua_anshang,
90102,Giảm Thương,Auto,SingleTargetBuff,-1,-1,1,false,false,Self,0,0,0,-1,taohua_jianshang,
902,Trịnh Vĩ Chi Khúc,Active,SingleTargetBuff,13,97,1,false,false,PeacePlayer,15,0,0,902,taohua_zhengweizhiqu,
903,Nhân Chi Khả Tru,Active,RangedSingleTarget,13,98,45,true,true,Enemy,15,0,0,903,taohua_renzhikezhu,
904,Lạc Mã Quy Yên,Active,SingleTargetBuff,13,98,10,true,false,Self,0,0,0,904,taohua_lemaguian,
90401,Lạc Mã Quy Yên - Tê liệt,Auto,MeleeSingleTarget,-1,-1,1,false,true,Enemy,0,0,0,-1,taohua_lemaguian_child,
905,Khứ Trí Khứ Cổ,Active,MultipleTargetsAroundPosition,13,98,30,true,false,Enemy,15,4,0,905,taohua_quzhiqugu,
906,Liễm Cơ Khứ Cổ,Active,SingleTargetBuff,13,98,40,false,false,Self,0,0,0,906,taohua_lianqiyuyi,
90601,Liễm Cơ Khứ Cổ - Tê liệt,Auto,MeleeSingleTarget,-1,-1,1,false,true,Enemy,0,0,0,-1,taohua_lianqiyuyi_child,
907,Mưu Động Can Qua,Active,SingleTargetBuff,13,99,20,true,false,Self,0,0,0,907,taohua_moudonggange,
90701,Mưu Động Can Qua - Tê liệt,Auto,MeleeSingleTarget,-1,-1,1,false,true,Enemy,0,0,0,-1,taohua_moudonggange_child,
908,Tần Hoàng Đông Khán,Active,Blink,13,99,30,true,false,Self,15,0,0,908,taohua_qinhuangdongqian,
90801,Tần Hoàng Đông Khán - Hỗ trợ,Auto,SingleTargetBuff,-1,-1,1,false,false,Self,0,0,0,-1,taohua_qinhuangdongqian_child,
909,Cao Đường Vân Tán,Active,MultipleTargetsAroundPosition,13,99,40,true,false,Enemy,0,5,0,909,taohua_gaotangyunsan,
90901,Cao Đường Vân Tán - Hư nhược,Auto,MeleeSingleTarget,-1,-1,1,false,false,Enemy,0,0,0,-1,taohua_gaotangyunsan_child,
910,Cơ Mệnh Duy Tân,Passive,None,13,100,1,false,false,Self,0,0,0,910,taohua_qimingweixin,
911,Nhật Nguyệt Chi Minh,Active,RangedSingleTarget,13,100,1,true,true,Enemy,15,0,0,911,taohua_riyuezhiming,
91101,Nhật Nguyệt Chi Minh - Cương ngạnh,Auto,MeleeSingleTarget,-1,-1,1,false,false,Enemy,0,0,0,-1,taohua_riyuezhiming_child,
912,Nhân Dĩ Thủ Bản,Active,SingleTargetBuff,13,100,30,false,false,Self,0,0,5000,912,taohua_renyishouben,
913,Tiêu Hồi Trú Chuyển,Active,SingleTargetBuff,13,100,50,false,false,Self,0,0,0,913,taohua_xiaohuizhouzhuan,
914,Hình Phạt Hữu Lý,Passive,None,13,101,1,false,false,Self,0,0,0,914,taohua_xingfayouli,
915,Tội Nhân Bất Oán,Active,RangedSingleTarget,13,101,1,true,true,Enemy,15,0,0,915,taohua_zuirenbuyuan,
91501,Tội Nhân Bất Oán - Tê liệt,Auto,MeleeSingleTarget,-1,-1,1,false,false,Enemy,0,0,0,-1,taohua_zuirenbuyuan_child,
916,Chiến Khả Đắc Uy,Active,SingleTargetBuff,13,101,30,false,false,Self,0,0,5000,912,taohua_zhankedewei,
91601,Chiến Khả Đắc Uy - Hội tâm,Auto,SingleTargetBuff,-1,-1,1,false,false,Self,0,0,0,-1,taohua_zhankedewei_child,
917,Dĩ Chiến Chỉ Chiến,Active,SingleTargetBuff,13,101,50,false,false,Self,0,0,0,917,taohua_yizhanzhizhan,
918,Lục Hợp Đồng Phong,Active,RangedSingleTarget,13,102,10,true,false,Enemy,15,0,0,918,taohua_luhedongfeng,
919,Giải Ngã Tâm Ưu,Active,SingleTargetBuff,13,102,30,false,false,Self,0,0,0,919,taohua_jiewoxinyou,
920,Trác Ca Trung Lưu,Active,MultipleTargetsAroundPosition,13,102,60,true,false,Enemy,15,5,0,920,taohua_zhegezhongliu,
92001,Trác Ca Trung Lưu - Hư nhược,Auto,MeleeSingleTarget,-1,-1,1,false,false,Enemy,0,0,0,-1,taohua_zhegezhongliu_child,
921,Khổ Trú Đoạn,Active,SingleTargetBuff,13,103,45,false,false,Self,0,0,0,921,taohua_kuzhouduan,
92101,Khổ Trú Đoạn - Phục hồi,Auto,SingleTargetBuff,-1,-1,1,false,false,Self,0,0,0,-1,taohua_kuzhouduan_child,
922,Khuyến Quân Tửu,Active,MultipleTargetsAroundPosition,13,103,65,true,false,Enemy,15,8,0,922,taohua_quanjunjiu,
92201,Khuyến Quân Tửu - Cương ngạnh,Auto,MeleeSingleTarget,-1,-1,1,false,false,Enemy,0,0,0,-1,taohua_quanjunjiu_child_1,
92202,Khuyến Quân Tửu - Tản công,Auto,MeleeSingleTarget,-1,-1,1,false,false,Enemy,0,0,0,-1,taohua_quanjunjiu_child_2,
923,Bách Xuyên Nhập Hải,Active,SingleTargetBuff,13,103,80,false,false,Self,0,0,0,923,taohua_baichuanruhai,
92301,Bách Xuyên Nhập Hải - Phục hồi,Auto,SingleTargetBuff,-1,-1,1,false,false,Self,0,0,0,-1,taohua_baichuanruhai_child,
924,Lương Dạ Du,Active,RangedSingleTarget,13,104,1,true,true,Enemy,15,0,0,924,eighthbook_damage_physical,
925,Hồ Sinh Vân Diệt,Active,RangedSingleTarget,13,104,1,true,false,Enemy,15,0,0,925,eighthbook_control_physical,
926,Tiêu Kiếm Chi Âm,Active,SingleTargetBuff,13,103,1,false,false,Self,0,0,0,926,taohua_xiaojianzhiyin,
927,Phi Hành Viễn Khứ,Active,SingleTargetBuff,13,98,1,true,false,Self,0,0,0,927,taohua_feixingyuanqu,
92701,Phi Hành Viễn Khứ - Tê liệt,Auto,MeleeSingleTarget,-1,-1,1,false,true,Enemy,0,0,0,-1,taohua_feixingyuanqu_child,
930,Dư Âm Diệu Diệu,Active,RangedSingleTarget,100,105,1,true,true,Enemy,15,0,0,930,mantuo_yuyinniaoniao,
931,Hàn Giang Tuyết,Active,MultipleTargetsAroundTarget,100,105,10,true,true,Enemy,15,6,0,931,mantuo_hanjiangxue,
93101,Hàn Giang Tuyết - Cương ngạnh,Auto,MeleeSingleTarget,-1,-1,1,false,false,Enemy,0,0,0,-1,mantuo_hanjiangxue_child,
932,Vọng Xuyên Thu Thủy,Active,SingleTargetBuff,100,105,1,false,false,PeacePlayer,15,0,0,932,mantuo_wangchuanqiushui,
933,Kiệt Thạch Điệu,Active,RangedSingleTarget,100,106,45,true,true,Enemy,15,0,0,933,mantuo_jieshidiao,
934,Liệt Tử Ngự Phong,Active,Blink,100,106,20,false,false,Self,15,0,0,934,mantuo_lieziyufeng,
935,Túy Hoa - Phương Phỉ Thì,Active,RangedSingleTarget,100,106,30,true,true,Enemy,15,0,0,935,mantuo_zuihuafangfeishi,
93501,Túy Hoa - Phương Phỉ Thì - Tê liệt,Auto,MeleeSingleTarget,-1,-1,1,false,false,Enemy,0,0,0,-1,mantuo_zuihuafangfeishi_child,
936,Thiên Phong Hoàn Phối,Active,MultipleTargetsBuff,100,106,40,false,false,SelfAndAlly,0,7,0,936,mantuo_tianfenghuanpei,
937,Niêm Hoa - Nhãn Nhi Mị,Active,RangedSingleTarget,100,107,20,true,true,Enemy,15,0,0,937,mantuo_nianhuayanermei,
93701,Niêm Hoa - Nhãn Nhi Mị - Sơ hở,Auto,MeleeSingleTarget,-1,-1,1,false,false,Enemy,0,0,0,-1,mantuo_nianhuayanermei_child,
938,Táng Hoa - Mộ Xuân Ngâm,Active,RangedSingleTarget,100,107,30,true,true,Enemy,15,0,0,938,mantuo_zanghuamuchunyin,
939,Lương Phong Hữu Tín,Active,RangedSingleTarget,100,107,40,true,true,Enemy,15,0,0,939,mantuo_liangfengyouxin,
93901,Lương Phong Hữu Tín - Phục hồi,Auto,SingleTargetBuff,-1,-1,1,false,false,Self,0,0,0,-1,mantuo_liangfengyouxin_child,
940,Tâm Vô Bàng Vụ,Passive,None,100,108,1,false,false,Self,0,0,0,-1,mantuo_xinwupangwu,
941,Trường Tương Tư,Active,RangedSingleTarget,100,108,1,true,true,Enemy,15,0,0,941,mantuo_changxiangsi,
94101,Trường Tương Tư - Suy yếu,Auto,MeleeSingleTarget,-1,-1,1,false,false,Enemy,0,0,0,-1,mantuo_changxiangsi_child,
942,Bão Hương Chi Đầu,Active,SingleTargetBuff,100,108,30,false,false,Self,0,0,5000,942,mantuo_baoxiangzhitou,
94201,Bão Hương Chi Đầu - Phục hồi,Auto,SingleTargetBuff,-1,-1,1,false,false,Self,0,0,0,-1,mantuo_baoxiangzhitou_child,
943,Thập Hoa - Lạc Hồng Hữu Tình,Active,SingleTargetBuff,100,108,50,false,false,Self,0,0,0,943,mantuo_shihualuohongyouqing,
944,Trác Cầm Pháp Thức,Passive,None,100,109,1,false,false,Self,0,0,0,-1,mantuo_zhuoqinfashi,
945,Như Mộng Lệnh,Active,RangedSingleTarget,100,109,1,true,true,Enemy,15,0,0,945,mantuo_rumengling,
94501,Như Mộng Lệnh - Thất minh,Auto,MeleeSingleTarget,-1,-1,1,false,false,Enemy,0,0,0,-1,mantuo_rumengling_child,
946,Nhất Khúc Xuân Hiểu,Active,SingleTargetBuff,100,109,30,false,false,Self,0,0,5000,942,mantuo_yiquchunxiao,
94601,Mạn Đà La Hoa,Auto,SingleTargetBuff,-1,-1,1,false,false,Self,0,0,0,-1,mantuo_yiquchunxiao_child,
947,Tẩm Viên Xuân,Active,SingleTargetBuff,100,109,50,false,false,Self,0,0,0,947,mantuo_qinyuanchun,
948,Tịnh Đế Sinh,Active,SingleTargetBuff,100,110,10,false,false,Self,0,0,0,948,mantuo_bingdisheng,
949,Phong Nhập Tùng,Active,SingleTargetBuff,100,110,30,false,false,Self,0,0,0,949,mantuo_fengrusong,
950,Quảng Lăng Tán,Active,RangedSingleTarget,100,110,60,true,true,Enemy,15,0,0,950,mantuo_guanglingsan,
95001,Quảng Lăng Tán - Phát kích,Auto,MultipleTargetsAroundTarget,-1,-1,1,false,true,Enemy,0,3,0,-1,mantuo_guanglingsan_child,
951,Vấn Hoa - Vô Kế Lưu Xuân,Active,RangedSingleTarget,100,111,45,true,true,Enemy,15,0,0,951,mantuo_wenhuawujiliuchun,
95101,Vấn Hoa - Vô Kế Lưu Xuân - Hư nhược,Auto,MeleeSingleTarget,-1,-1,1,false,false,Enemy,0,0,0,-1,mantuo_wenhuawujiliuchun_child,
952,Huyền Lộng Hoa Ảnh,Active,RangedSingleTarget,100,111,65,true,true,Enemy,15,0,0,952,mantuo_xiannonghuaying,
95201,Hoa Ảnh,Auto,SingleTargetBuff,-1,-1,1,false,false,Self,0,0,0,-1,mantuo_xiannonghuaying_child,
953,Phi Hoa - Loạn Hồng Thâm Xứ,Active,SingleTargetBuff,100,111,80,false,false,Self,0,0,0,953,mantuo_feihualuanhongshenchu,
95301,Phi Hoa - Loạn Hồng Thâm Xứ - Hấp huyết,Auto,MultipleTargetsAroundSelf,-1,-1,1,false,false,Enemy,0,15,0,-1,mantuo_feihualuanhongshenchu_child,
95302,Phi Hoa - Loạn Hồng Thâm Xứ - Làm chậm,Auto,MeleeSingleTarget,-1,-1,1,false,false,Enemy,0,0,0,-1,mantuo_feihualuanhongshenchu_child_2,
95303,Phi Hoa - Loạn Hồng Thâm Xứ - Tê liệt,Auto,MultipleTargetsAroundSelf,-1,-1,1,false,false,Enemy,0,15,0,-1,mantuo_feihualuanhongshenchu_child_3,
954,Phi Hoa Diệu Du,Active,RangedSingleTarget,100,112,1,true,true,Enemy,15,0,0,954,eighthbook_damage_magical,
955,Tán Hoa Vấn Khúc,Active,RangedSingleTarget,100,112,1,true,false,Enemy,15,0,0,955,eighthbook_control_magical,
956,Ngự Cầm Phiêu Hoa,Active,SingleTargetBuff,100,111,1,false,false,Self,0,0,0,956,mantuo_yuqinpiaohua,
960,Nhận Kích Thiên Lý,Active,RangedSingleTarget,14,113,1,true,true,Enemy,15,0,0,960,jueqing_nanjiqianli,
96001,Đao Ý,Auto,SingleTargetBuff,-1,-1,1,false,false,Self,0,0,0,-1,jueqing_daoyi,
96002,Đao Ấn,Auto,MeleeSingleTarget,-1,-1,1,false,false,Enemy,0,15,0,-1,jueqing_daoyin,
96003,Liên Khống,Auto,SingleTargetBuff,-1,-1,1,false,false,Self,0,0,0,-1,jueqing_liankong,
961,Đãng Thiên Quân,Active,Blink,14,113,10,false,false,Self,15,0,0,961,jueqing_dangqianjun,
96101,Đãng Thiên Quân - Trận pháp,Active,Mark,14,113,30,true,false,Enemy,0,6,0,-1,jueqing_dangqianjun_child,
96102,Đãng Thiên Quân - Trận pháp - Bản thân,Auto,SingleTargetBuff,-1,-1,1,false,false,Self,0,0,0,-1,jueqing_dangqianjun_child_3,
96103,Đãng Thiên Quân - Trận pháp - Khống chế,Auto,MeleeSingleTarget,-1,-1,1,false,false,Enemy,0,0,0,-1,jueqing_dangqianjun_child_2,
96104,Đãng Thiên Quân - Công kích,Auto,MultipleTargetsAroundSelf,-1,-1,1,false,true,Enemy,0,6,0,-1,jueqing_dangqianjun_child_4,
96105,Đãng Thiên Quân - Tê liệt,Auto,MeleeSingleTarget,-1,-1,1,false,false,Enemy,0,0,0,-1,jueqing_dangqianjun_child_5,
962,Hồn Phi Mục Đoạn,Active,SingleTargetBuff,14,113,1,false,false,PeacePlayer,15,0,0,962,jueqing_hunfeimuduan,
963,Liệt Hỏa Liệu Tình,Active,RangedSingleTarget,14,114,45,true,true,Enemy,5,0,0,963,jueqing_liehuoliaoqing,
964,Nhậm Vân Phi,Active,SingleTargetBuff,14,114,20,false,false,Self,0,0,0,964,jueqing_renyunfei,
965,Huy Nhận Phong Hầu,Active,RangedSingleTarget,14,114,30,true,false,Enemy,5,0,0,965,jueqing_huirenfenghou,
96501,Huy Nhận Phong Hầu - Định thân,Auto,MeleeSingleTarget,-1,-1,1,false,false,Enemy,0,0,0,-1,jueqing_huirenfenghou_child,
96502,Huy Nhận Phong Hầu - Tê liệt,Auto,MeleeSingleTarget,-1,-1,1,false,false,Enemy,0,0,0,-1,jueqing_huirenfenghou_child_2,
966,Dẫn Hoa Nhiễu Lương,Active,MultipleTargetsBuff,14,114,40,false,false,SelfAndAlly,0,7,0,966,jueqing_yinhuaraoliang,
967,Chỉ Tung Huyền Ấn,Active,RangedSingleTarget,14,115,30,true,true,Enemy,15,0,0,967,jueqing_zhizongxuanyin,
968,Tảo Thiên Cơ,Active,MeleeSingleTarget,14,115,30,true,true,Enemy,5,0,0,968,jueqing_saoqianji,
96801,Tảo Thiên Cơ - Tản công,Auto,MeleeSingleTarget,-1,-1,1,false,false,Enemy,0,0,0,-1,jueqing_saoqianji_child,
969,Chế Lục Hợp,Active,MeleeSingleTarget,14,115,40,true,true,Enemy,5,0,0,969,jueqing_zhiliuhe,
96901,Chế Lục Hợp - Định thân,Auto,MeleeSingleTarget,-1,-1,1,false,false,Enemy,0,0,0,-1,jueqing_zhiliuhe_child,
970,Sơn Chỉ Xuyên Hành,Passive,None,14,116,1,false,false,Self,0,0,0,-1,jueqing_shanzhichuanxing,
971,Hoà Quang Đồng Trần,Passive,None,14,116,1,false,false,Self,0,0,0,-1,jueqing_heguangtongchen,
97101,Hoà Quang Đồng Trần - Đao Ý,Auto,SingleTargetBuff,-1,-1,1,false,false,Self,0,0,0,-1,jueqing_heguangtongchen_child,
97102,Hoà Quang Đồng Trần - Phản,Auto,SingleTargetBuff,-1,-1,1,false,false,Self,0,0,0,-1,jueqing_heguangtongchen_child_2,
972,Định Thương Sinh,Active,RangedSingleTarget,14,116,30,true,true,Enemy,5,0,0,972,jueqing_dingcangsheng,
97201,Định Thương Sinh - Công kích,Auto,MultipleTargetsAroundSelf,-1,-1,1,false,true,Enemy,0,5,0,-1,jueqing_dingcangsheng_child,
97202,Định Thương Sinh - Tê liệt,Auto,MeleeSingleTarget,-1,-1,1,false,false,Enemy,0,0,0,-1,jueqing_dingcangsheng_child_2,
97203,Định Thương Sinh - Giải khống,Auto,SingleTargetBuff,-1,-1,1,false,false,Self,0,0,0,-1,jueqing_dingcangsheng_child_3,
973,Tiếu Ân Thù,Active,SingleTargetBuff,14,116,50,false,false,Self,0,0,0,973,jueqing_xiaoenchou,
974,Khuất Nhân Chi Binh,Passive,None,14,117,1,false,false,Self,0,0,0,-1,jueqing_qurenzhibing,
975,Huy Xích Phương Tùy,Active,RangedSingleTarget,14,117,50,true,true,Enemy,5,0,0,975,jueqing_huichifangqiu,
97501,Huy Xích Phương Tùy - Giải trừ,Auto,SingleTargetBuff,-1,-1,1,false,false,Self,0,0,0,-1,jueqing_huichifangqiu_child,
976,Phi Thanh Bất Độ,Passive,None,14,117,30,false,false,Self,0,0,0,-1,jueqing_feishengbudu,
977,Ninh Minh Bất Mặc,Active,MultipleTargetsAroundTarget,14,117,10,true,true,Enemy,5,5,0,977,jueqing_ningmingbomo,
97701,Ninh Minh Bất Mặc - Bạo kích,Auto,SingleTargetBuff,-1,-1,1,false,false,Self,0,0,0,-1,jueqing_ningmingbomo_child,
978,Tình Hoa Dẫn,Active,RangedSingleTarget,14,118,10,true,true,Enemy,5,0,0,978,jueqing_qinghuayin,
979,Tình Tận Doanh Huyết,Active,SingleTargetBuff,14,118,30,false,false,Self,0,0,0,979,jueqing_qingjinyingxue,
97901,Tình Tận Doanh Huyết - Phục hồi,Auto,SingleTargetBuff,-1,-1,1,false,false,Self,0,0,0,-1,jueqing_qingjinyingxue_child,
980,Ngô Đạo Tức Chân,Active,SingleTargetBuff,14,118,60,false,false,Self,0,0,0,980,jueqing_wudaojizhen,
981,Quân Nhập Úng,Active,MultipleTargetsAroundSelf,14,119,45,true,false,Enemy,0,10,0,981,jueqing_junruweng,
982,Bách Luyện Thối Nhận,Passive,None,14,119,65,false,false,Self,0,0,0,-1,jueqing_bailiancuiren,
983,Dữ Hổ Mưu Bì,Active,MeleeSingleTarget,14,119,80,true,true,Enemy,15,0,0,983,jueqing_yuhumoupi,
98301,Dữ Hổ Mưu Bì - Phong huyệt,Auto,MeleeSingleTarget,-1,-1,1,false,false,Enemy,0,0,0,-1,jueqing_yuhumoupi_child,
984,Dung Hải Xuyên,Active,RangedSingleTarget,14,120,1,true,true,Enemy,15,0,0,984,eighthbook_damage_physical,
985,Ý Trường Lưu,Active,RangedSingleTarget,14,120,1,true,false,Enemy,15,0,0,985,eighthbook_control_physical,
986,Phán Chỉ Âm Dương,Active,SingleTargetBuff,14,119,1,false,false,PeacePlayer,15,0,0,986,jueqing_panzhiyinyang,
990,Loan Tâm Liêm,Active,RangedSingleTarget,15,121,1,true,true,Enemy,15,0,0,990,erengu_wanxinlian,
991,Thôi Hồn Định Phách,Active,MultipleTargetsAroundPosition,15,121,10,true,true,Enemy,15,7,0,991,erengu_cuihundingpo,
992,Ngân Câu Tẩu Hạt,Active,SingleTargetBuff,15,121,1,false,false,PeacePlayer,15,0,0,992,erengu_yinggouzouxie,
993,Câu Hồn - Địa,Active,RangedSingleTarget,15,122,45,true,true,Enemy,15,0,0,993,erengu_juhundi,
99301,Câu Hồn - Địa Sát,Auto,SingleTargetBuff,-1,-1,1,false,false,Self,0,0,0,-1,erengu_juhundi_child,
99302,Thất Hồn - Địa Sát,Auto,MeleeSingleTarget,-1,-1,1,false,false,Enemy,0,0,0,-1,erengu_juhundi_child_2,
994,Ác Quỷ Đạp Giang,Active,Blink,15,122,20,false,false,Self,10,0,0,994,erengu_eguitajiao,
99401,Ác Quỷ Đạp Giang - Tăng tốc,Auto,SingleTargetBuff,-1,-1,1,false,false,Self,0,0,0,-1,erengu_eguitajiao_child,
995,Tỏa Hồn Trảm,Active,RangedSingleTarget,15,122,30,true,false,Enemy,15,0,0,995,erengu_suohunzhan,
996,Vạn Ác Đồng Xá,Active,MultipleTargetsBuff,15,122,40,false,false,SelfAndAlly,0,7,0,996,erengu_wanedongshe,
997,Câu Hồn - Mệnh,Active,RangedSingleTarget,15,123,20,true,true,Enemy,15,0,0,997,erengu_juhunming,
99701,Câu Hồn - Mệnh Sát,Auto,SingleTargetBuff,-1,-1,1,false,false,Self,0,0,0,-1,erengu_juhunming_child,
99702,Thất Hồn - Mệnh Sát,Auto,MeleeSingleTarget,-1,-1,1,false,false,Enemy,0,0,0,-1,erengu_juhunming_child_2,
99703,Câu Hồn - Mệnh Sát - Phục hồi,Auto,SingleTargetBuff,-1,-1,1,false,false,Self,0,0,0,-1,erengu_juhunming_child_3,
998,Bách Bội Phụng Hoàn,Active,RangedSingleTarget,15,123,30,true,true,Enemy,15,0,0,998,erengu_baibeifenghuan,
999,Câu Hồn - Thiên,Active,RangedSingleTarget,15,123,40,true,true,Enemy,15,0,0,999,erengu_juhuntian,
99901,Câu Hồn - Thiên Sát,Auto,SingleTargetBuff,-1,-1,1,false,false,Self,0,0,0,-1,erengu_juhuntian_child,
99902,Thất Hồn - Thiên Sát,Auto,MeleeSingleTarget,-1,-1,1,false,false,Enemy,0,0,0,-1,erengu_juhuntian_child_2,
1000,Thiết Cốt,Passive,None,15,124,1,false,false,Self,0,0,0,-1,erengu_tiegu,
1001,Thích Hồn Tiêu Cốt,Active,RangedSingleTarget,15,124,1,true,true,Enemy,15,0,0,1001,erengu_tihunxiaogu,
100101,Thích Hồn Tiêu Cốt - Suy yếu,Auto,MeleeSingleTarget,-1,-1,1,false,false,Enemy,0,0,0,-1,erengu_tihunxiaogu_child,
1002,Kinh Hồn,Active,SingleTargetBuff,15,124,30,false,false,Self,0,0,5000,1002,erengu_jinghun,
1003,Vô Ngã Tam Giới,Active,SingleTargetBuff,15,124,50,false,false,Self,0,0,0,1003,erengu_wuwosanjie,
100301,Vô Ngã Tam Giới - Hồi quy,Auto,SingleTargetBuff,-1,-1,1,false,false,Self,0,0,0,-1,erengu_wuwosanjie_child,
1004,Liệt Phách,Passive,None,15,125,1,false,false,Self,0,0,0,-1,erengu_liepo,
1005,Lô Thượng Thanh Yên,Active,RangedSingleTarget,15,125,1,true,true,Enemy,15,0,0,1005,erengu_lushangqingyan,
100501,Lô Thượng Thanh Yên - Thất minh,Auto,MeleeSingleTarget,-1,-1,1,false,false,Enemy,0,0,0,-1,erengu_lushangqingyan_child,
1006,Liêm Quyết,Active,SingleTargetBuff,15,125,30,false,false,Self,0,0,5000,1002,erengu_lianjue,
1007,Thiên Địa Bất Nhân,Active,MultipleTargetsAroundPosition,15,125,50,true,true,Enemy,15,6,0,1007,erengu_tiandiburen,
1008,Đoạn Môn Sao,Active,RangedSingleTarget,15,126,1,true,true,Enemy,15,0,0,1008,erengu_duanmenchao,
1009,Liên Cốt Tùng Cân,Active,SingleTargetBuff,15,126,30,false,false,Self,0,0,0,1009,erengu_liangusongjin,
1010,Câu Hồn - Vô Yếm,Active,RangedSingleTarget,15,126,50,true,true,Enemy,15,0,0,1010,erengu_juhunwuyan,
1011,Sinh Tử Do Ngã,Active,SingleTargetBuff,15,127,1,false,false,Self,0,0,0,1011,erengu_shengsiyouwo,
1012,Chỉ Thiên Mạ Địa,Active,RangedSingleTarget,15,127,1,true,true,Enemy,15,0,0,1012,erengu_zhitianmadi,
101201,Chỉ Thiên Mạ Địa - Tê liệt,Auto,MeleeSingleTarget,-1,-1,1,false,false,Enemy,0,0,0,-1,erengu_zhitianmadi_child,
1013,Hồn Ly Phách Tán,Active,MultipleTargetsAroundPosition,15,127,1,true,true,Enemy,15,5,0,1013,erengu_hunliposan,
101301,Hồn Ly Phách Tán - Thất minh,Auto,MeleeSingleTarget,-1,-1,1,false,false,Enemy,0,0,0,-1,erengu_hunliposan_child,
1014,Phệ Hồn Cửu Thối,Active,RangedSingleTarget,15,128,1,true,true,Enemy,15,0,0,1014,eighthbook_damage_magical,
1015,Phọc Hồn Cuồng Liêm,Active,RangedSingleTarget,15,128,1,true,false,Enemy,15,0,0,1015,eighthbook_control_magical,
1016,Loạn Tâm Nhẫn,Active,SingleTargetBuff,15,127,1,false,false,PeacePlayer,15,0,0,1016,erengu_luanxinren,
652,Băng tinh,Active,SingleTargetBuff,-1,-1,-1,false,false,Self,-1,0,0,652,pet_bingxing,
653,Hỏa linh,Active,SingleTargetBuff,-1,-1,-1,false,false,Self,-1,0,0,652,pet_huoling,
654,Độc cổ,Active,SingleTargetBuff,-1,-1,-1,false,false,Self,-1,0,0,652,pet_dugu,
655,Huyền thú,Active,SingleTargetBuff,-1,-1,-1,false,false,Self,-1,0,0,652,pet_xuanling,
656,Trì độn,Active,SingleTargetBuff,-1,-1,-1,false,false,Self,-1,0,0,656,pet_chidun,
657,Giảo hoạt,Active,SingleTargetBuff,-1,-1,-1,false,false,Self,-1,0,0,656,pet_jiaohuo,
658,Mộc mạc,Active,SingleTargetBuff,-1,-1,-1,false,false,Self,-1,0,0,656,pet_hanhou,
659,Bính mệnh,Active,SingleTargetBuff,-1,-1,-1,false,false,Self,-1,0,0,656,pet_pinming,
660,Pháp hồn,Active,SingleTargetBuff,-1,-1,-1,false,false,Self,-1,0,0,656,pet_fahun,
661,Man lực,Active,SingleTargetBuff,-1,-1,-1,false,false,Self,-1,0,0,656,pet_manli,
662,Tá lực,Active,SingleTargetBuff,-1,-1,-1,false,false,Owner,-1,0,0,662,pet_jieli,
663,Cao Tá lực,Active,SingleTargetBuff,-1,-1,-1,false,false,Owner,-1,0,0,662,pet_gaojijieli,
664,Di hồn,Active,SingleTargetBuff,-1,-1,-1,false,false,Owner,-1,0,0,664,pet_yihun,
665,Cao Di hồn,Active,SingleTargetBuff,-1,-1,-1,false,false,Owner,-1,0,0,664,pet_gaojiyihun,
666,Thuấn ảnh,Active,SingleTargetBuff,-1,-1,-1,false,false,Owner,-1,0,0,666,pet_shunying,
667,Cao Thuấn ảnh,Active,SingleTargetBuff,-1,-1,-1,false,false,Owner,-1,0,0,666,pet_gaojishunying,
668,Cường thân,Active,SingleTargetBuff,-1,-1,-1,false,false,Owner,-1,0,0,668,pet_qiangshen,
669,Cao Cường thân,Active,SingleTargetBuff,-1,-1,-1,false,false,Owner,-1,0,0,668,pet_gaojiqiangshen,
670,Ngưng thần,Active,SingleTargetBuff,-1,-1,-1,false,false,Owner,-1,0,0,670,pet_ningshen,
671,Cao Ngưng thần,Active,SingleTargetBuff,-1,-1,-1,false,false,Owner,-1,0,0,670,pet_gaojiningshen,
672,Cực băng ngưng sát,PetActive,MultipleTargetsAroundTarget,-1,-1,-1,false,true,Enemy,20,5,0,672,pet_jibingningsha,
673,Kiếp hỏa phần sát,PetActive,MultipleTargetsAroundTarget,-1,-1,-1,false,true,Enemy,20,5,0,672,pet_jiehuofensha,
674,Hủ độc thực sát,PetActive,MultipleTargetsAroundTarget,-1,-1,-1,false,true,Enemy,20,5,0,672,pet_fudushisha,
675,Huyền lôi kích sát,PetActive,MultipleTargetsAroundTarget,-1,-1,-1,false,true,Enemy,20,5,0,672,pet_xuanleijisha,
676,Huyết bão,PetActive,MultipleTargetsAroundTarget,-1,-1,-1,false,true,Enemy,20,5,0,672,pet_xuebao,
677,Cao Huyết bão,PetActive,MultipleTargetsAroundTarget,-1,-1,-1,false,true,Enemy,20,5,0,672,pet_gaojixuebao,
742,Băng thiên tuyết địa,PetActive,MultipleTargetsAroundTarget,-1,-1,-1,false,true,Enemy,20,5,0,672,pet_bingtianxuedi,
743,Liệt hoả liệu nguyên,PetActive,MultipleTargetsAroundTarget,-1,-1,-1,false,true,Enemy,20,5,0,672,pet_liehuoliaoyuan,
744,Huyết độc vạn lý,PetActive,MultipleTargetsAroundTarget,-1,-1,-1,false,true,Enemy,20,5,0,672,pet_xueduwanli,
745,Ngũ lôi hoành đỉnh,PetActive,MultipleTargetsAroundTarget,-1,-1,-1,false,true,Enemy,20,5,0,672,pet_wuleihongding,
747,Gầm thét,PetActive,MultipleTargetsAroundSelf,-1,-1,-1,false,true,Enemy,-1,20,0,747,pet_paoxiao,
682,Tĩnh hóa,PetActive,SingleTargetBuff,-1,-1,-1,false,false,Owner,-1,0,0,682,pet_jinghua,
683,Cao Tĩnh hoá,PetActive,SingleTargetBuff,-1,-1,-1,false,false,Owner,-1,0,0,682,pet_gaojijinghua,
684,Trùng sinh,PetActive,SingleTargetBuff,-1,-1,-1,false,false,Self,-1,0,0,684,pet_zhongsheng,
685,Cao Trùng sinh,PetActive,SingleTargetBuff,-1,-1,-1,false,false,Self,-1,0,0,684,pet_gaojizhongsheng,
686,Cộng sinh,PetActive,SingleTargetBuff,-1,-1,-1,false,false,Self,-1,0,0,686,pet_gongsheng,
687,Cao Cộng sinh,PetActive,SingleTargetBuff,-1,-1,-1,false,false,Self,-1,0,0,686,pet_gaojigongsheng,
688,Trị liệu,PetActive,SingleTargetBuff,-1,-1,-1,false,false,Self,-1,0,0,688,pet_zhiliao,
689,Cao Trị Liệu,PetActive,SingleTargetBuff,-1,-1,-1,false,false,Self,-1,0,0,688,pet_gaojizhiliao,
690,Nhục tường,PetActive,SingleTargetBuff,-1,-1,-1,false,false,Self,-1,0,0,690,pet_ruqiang,
691,Cao Nhục Tường,PetActive,SingleTargetBuff,-1,-1,-1,false,false,Self,-1,0,0,690,pet_gaojiruqiang,
692,Thần hựu,PetActive,SingleTargetBuff,-1,-1,-1,false,false,Owner,-1,0,0,692,pet_shenyou,
693,Cao Thần hựu,PetActive,SingleTargetBuff,-1,-1,-1,false,false,Owner,-1,0,0,692,pet_gaojishenyou,
694,Thị huyết,PetActive,SingleTargetBuff,-1,-1,-1,false,false,Self,-1,0,0,694,pet_shixue,
695,Cao Thị huyết,PetActive,SingleTargetBuff,-1,-1,-1,false,false,Self,-1,0,0,694,pet_gaojishixue,
696,Huyết tế,PetActive,SingleTargetBuff,-1,-1,-1,false,false,Self,-1,0,0,686,pet_xueji,
697,Cao Huyết tế,PetActive,SingleTargetBuff,-1,-1,-1,false,false,Self,-1,0,0,686,pet_gaojixueji,
702,Hàn băng chú,Active,RangedSingleTarget,-1,-1,-1,false,true,Enemy,20,0,0,702,pet_hanbingzhou,
703,Liệt hỏa chú,Active,RangedSingleTarget,-1,-1,-1,false,true,Enemy,20,0,0,702,pet_liehuozhou,
704,Huyết độc chú,Active,RangedSingleTarget,-1,-1,-1,false,true,Enemy,20,0,0,702,pet_xueduzhou,
705,Huyền lôi chú,Active,RangedSingleTarget,-1,-1,-1,false,true,Enemy,20,0,0,702,pet_xuanleizhou,
706,Phản kích,Active,SingleTargetBuff,-1,-1,-1,false,false,Self,-1,0,0,706,pet_fanji,
707,Cao Phản kích,Active,SingleTargetBuff,-1,-1,-1,false,false,Self,-1,0,0,706,pet_gaojifanji,
708,Hấp huyết,Active,SingleTargetBuff,-1,-1,-1,false,false,Self,-1,0,0,708,pet_xixue,
709,Cao Hấp Huyết,Active,SingleTargetBuff,-1,-1,-1,false,false,Self,-1,0,0,708,pet_gaojixixue,
710,Phản chấn,Active,SingleTargetBuff,-1,-1,-1,false,false,Self,-1,0,0,710,pet_fanzhen,
711,Cao Phản Chấn,Active,SingleTargetBuff,-1,-1,-1,false,false,Self,-1,0,0,710,pet_gaojifanzhen,
712,Linh động,Active,SingleTargetBuff,-1,-1,-1,false,false,Self,-1,0,0,712,pet_lingdong,
713,Cao Linh Động,Active,SingleTargetBuff,-1,-1,-1,false,false,Self,-1,0,0,712,pet_gaojilingdong,
718,Trung tâm,Active,SingleTargetBuff,-1,-1,-1,false,false,Self,-1,0,0,718,pet_zhongxin,
719,Cao Trung tâm,Active,SingleTargetBuff,-1,-1,-1,false,false,Self,-1,0,0,718,pet_gaojizhongxin,
714,Hấp khí,Active,SingleTargetBuff,-1,-1,-1,false,false,Self,-1,0,0,714,pet_xiqi,
715,Cao Hấp Khí,Active,SingleTargetBuff,-1,-1,-1,false,false,Self,-1,0,0,714,pet_gaojixiqi,
716,Đả nộ,Active,SingleTargetBuff,-1,-1,-1,false,false,Self,-1,0,0,716,pet_danu,
717,Cao Đả Nộ,Active,SingleTargetBuff,-1,-1,-1,false,false,Self,-1,0,0,716,pet_gaojidanu,
720,Nội lực,Active,SingleTargetBuff,-1,-1,-1,false,false,Self,-1,0,0,720,pet_lingqi,
721,Cao Nội Lực,Active,SingleTargetBuff,-1,-1,-1,false,false,Self,-1,0,0,720,pet_gaojilingqi,
724,Thức phá,Active,SingleTargetBuff,-1,-1,-1,false,false,Self,-1,0,0,724,pet_shipo,
725,Cao Thức Phá,Active,SingleTargetBuff,-1,-1,-1,false,false,Self,-1,0,0,724,pet_gaojishipo,
722,Mãnh kích,Active,MeleeSingleTarget,-1,-1,-1,false,true,Enemy,20,0,0,722,pet_mengji,
723,Cao Mãnh kích,Active,RangedSingleTarget,-1,-1,-1,false,true,Enemy,20,0,0,722,pet_gaojimengji,
726,Liên kích,Active,RangedSingleTarget,-1,-1,-1,false,true,Enemy,20,0,0,726,pet_lianji,
727,Cao Liên kích,Active,RangedSingleTarget,-1,-1,-1,false,true,Enemy,20,0,0,726,pet_gaojilianji,
728,Thống kích,Active,RangedSingleTarget,-1,-1,-1,false,true,Enemy,20,0,0,728,pet_tongji,
729,Cao Thống kích,Active,RangedSingleTarget,-1,-1,-1,false,true,Enemy,20,0,0,728,pet_gaojitongji,
730,Hư Nhược,Active,RangedSingleTarget,-1,-1,-1,false,false,Enemy,20,0,0,730,pet_xuruo,
731,Cao Hư Nhược,Active,RangedSingleTarget,-1,-1,-1,false,false,Enemy,20,0,0,730,pet_gaojixuruo,
732,Phá Triền,Active,RangedSingleTarget,-1,-1,-1,false,false,Enemy,20,0,0,732,pet_pozhan,
733,Cao Phá Triền,Active,RangedSingleTarget,-1,-1,-1,false,false,Enemy,20,0,0,732,pet_gaojipozhan,
734,Vật ngã,Active,RangedSingleTarget,-1,-1,-1,false,false,Enemy,20,0,0,734,pet_shuaiban,
735,Cao Vật ngã,Active,RangedSingleTarget,-1,-1,-1,false,false,Enemy,20,0,0,734,pet_gaojishuaiban,
736,Giải huyệt,PetActive,SingleTargetBuff,-1,-1,-1,false,false,Owner,-1,0,0,682,pet_jiexue,
737,Thanh tỉnh,PetActive,SingleTargetBuff,-1,-1,-1,false,false,Owner,-1,0,0,682,pet_qingjing,
738,Minh mục,PetActive,SingleTargetBuff,-1,-1,-1,false,false,Owner,-1,0,0,682,pet_mingmu,
739,Kinh linh,PetActive,SingleTargetBuff,-1,-1,-1,false,false,Owner,-1,0,0,682,pet_jingling,
740,Cố nguyên,PetActive,SingleTargetBuff,-1,-1,-1,false,false,Owner,-1,0,0,682,pet_guyuan,
741,Sái thoát,PetActive,SingleTargetBuff,-1,-1,-1,false,false,Owner,-1,0,0,682,pet_cuituo,
1116,Siêu Cấp Tá Lực (Cấp 1),Active,SingleTargetBuff,-1,-1,-1,false,false,Owner,-1,0,0,662,pet_chaojijieli_yiji,
1117,Siêu Cấp Tá Lực (Cấp 2),Active,SingleTargetBuff,-1,-1,-1,false,false,Owner,-1,0,0,662,pet_chaojijieli_erji,
1118,Siêu Cấp Tá Lực (Cấp 3),Active,SingleTargetBuff,-1,-1,-1,false,false,Owner,-1,0,0,662,pet_chaojijieli_sanji,
1119,Siêu Cấp Tá Lực (Cấp 4),Active,SingleTargetBuff,-1,-1,-1,false,false,Owner,-1,0,0,662,pet_chaojijieli_siji,
1120,Siêu Cấp Tá Lực (Cấp 5),Active,SingleTargetBuff,-1,-1,-1,false,false,Owner,-1,0,0,662,pet_chaojijieli_wuji,
1121,Siêu Cấp Tá Lực (Cấp 6),Active,SingleTargetBuff,-1,-1,-1,false,false,Owner,-1,0,0,662,pet_chaojijieli_liuji,
1122,Siêu Cấp Tá Lực (Cấp 7),Active,SingleTargetBuff,-1,-1,-1,false,false,Owner,-1,0,0,662,pet_chaojijieli_qiji,
1123,Siêu Cấp Tá Lực (Cấp 8),Active,SingleTargetBuff,-1,-1,-1,false,false,Owner,-1,0,0,662,pet_chaojijieli_baji,
1124,Siêu Cấp Tá Lực (Cấp 9),Active,SingleTargetBuff,-1,-1,-1,false,false,Owner,-1,0,0,662,pet_chaojijieli_jiuji,
1125,Siêu Cấp Di Hồn (Cấp 1),Active,SingleTargetBuff,-1,-1,-1,false,false,Owner,-1,0,0,664,pet_chaojiyihun_yiji,
1126,Siêu Cấp Di Hồn (Cấp 2),Active,SingleTargetBuff,-1,-1,-1,false,false,Owner,-1,0,0,664,pet_chaojiyihun_erji,
1127,Siêu Cấp Di Hồn (Cấp 3),Active,SingleTargetBuff,-1,-1,-1,false,false,Owner,-1,0,0,664,pet_chaojiyihun_sanji,
1128,Siêu Cấp Di Hồn (Cấp 4),Active,SingleTargetBuff,-1,-1,-1,false,false,Owner,-1,0,0,664,pet_chaojiyihun_siji,
1129,Siêu Cấp Di Hồn (Cấp 5),Active,SingleTargetBuff,-1,-1,-1,false,false,Owner,-1,0,0,664,pet_chaojiyihun_wuji,
1130,Siêu Cấp Di Hồn (Cấp 6),Active,SingleTargetBuff,-1,-1,-1,false,false,Owner,-1,0,0,664,pet_chaojiyihun_liuji,
1131,Siêu Cấp Di Hồn (Cấp 7),Active,SingleTargetBuff,-1,-1,-1,false,false,Owner,-1,0,0,664,pet_chaojiyihun_qiji,
1132,Siêu Cấp Di Hồn (Cấp 8),Active,SingleTargetBuff,-1,-1,-1,false,false,Owner,-1,0,0,664,pet_chaojiyihun_baji,
1133,Siêu Cấp Di Hồn (Cấp 9),Active,SingleTargetBuff,-1,-1,-1,false,false,Owner,-1,0,0,664,pet_chaojiyihun_jiuji,
1134,Siêu Cấp Thuấn Ảnh (Cấp 1),Active,SingleTargetBuff,-1,-1,-1,false,false,Owner,-1,0,0,666,pet_chaojishunying_yiji,
1135,Siêu Cấp Thuấn Ảnh (Cấp 2),Active,SingleTargetBuff,-1,-1,-1,false,false,Owner,-1,0,0,666,pet_chaojishunying_erji,
1136,Siêu Cấp Thuấn Ảnh (Cấp 3),Active,SingleTargetBuff,-1,-1,-1,false,false,Owner,-1,0,0,666,pet_chaojishunying_sanji,
1137,Siêu Cấp Thuấn Ảnh (Cấp 4),Active,SingleTargetBuff,-1,-1,-1,false,false,Owner,-1,0,0,666,pet_chaojishunying_siji,
1138,Siêu Cấp Thuấn Ảnh (Cấp 5),Active,SingleTargetBuff,-1,-1,-1,false,false,Owner,-1,0,0,666,pet_chaojishunying_wuji,
1139,Siêu Cấp Thuấn Ảnh (Cấp 6),Active,SingleTargetBuff,-1,-1,-1,false,false,Owner,-1,0,0,666,pet_chaojishunying_liuji,
1140,Siêu Cấp Thuấn Ảnh (Cấp 7),Active,SingleTargetBuff,-1,-1,-1,false,false,Owner,-1,0,0,666,pet_chaojishunying_qiji,
1141,Siêu Cấp Thuấn Ảnh (Cấp 8),Active,SingleTargetBuff,-1,-1,-1,false,false,Owner,-1,0,0,666,pet_chaojishunying_baji,
1142,Siêu Cấp Thuấn Ảnh (Cấp 9),Active,SingleTargetBuff,-1,-1,-1,false,false,Owner,-1,0,0,666,pet_chaojishunying_jiuji,
1143,Siêu Cấp Cường Thân (Cấp 1),Active,SingleTargetBuff,-1,-1,-1,false,false,Owner,-1,0,0,668,pet_chaojiqiangshen_yiji,
1144,Siêu Cấp Cường Thân (Cấp 2),Active,SingleTargetBuff,-1,-1,-1,false,false,Owner,-1,0,0,668,pet_chaojiqiangshen_erji,
1145,Siêu Cấp Cường Thân (Cấp 3),Active,SingleTargetBuff,-1,-1,-1,false,false,Owner,-1,0,0,668,pet_chaojiqiangshen_sanji,
1146,Siêu Cấp Cường Thân (Cấp 4),Active,SingleTargetBuff,-1,-1,-1,false,false,Owner,-1,0,0,668,pet_chaojiqiangshen_siji,
1147,Siêu Cấp Cường Thân (Cấp 5),Active,SingleTargetBuff,-1,-1,-1,false,false,Owner,-1,0,0,668,pet_chaojiqiangshen_wuji,
1148,Siêu Cấp Cường Thân (Cấp 6),Active,SingleTargetBuff,-1,-1,-1,false,false,Owner,-1,0,0,668,pet_chaojiqiangshen_liuji,
1149,Siêu Cấp Cường Thân (Cấp 7),Active,SingleTargetBuff,-1,-1,-1,false,false,Owner,-1,0,0,668,pet_chaojiqiangshen_qiji,
1150,Siêu Cấp Cường Thân (Cấp 8),Active,SingleTargetBuff,-1,-1,-1,false,false,Owner,-1,0,0,668,pet_chaojiqiangshen_baji,
1151,Siêu Cấp Cường Thân (Cấp 9),Active,SingleTargetBuff,-1,-1,-1,false,false,Owner,-1,0,0,668,pet_chaojiqiangshen_jiuji,
1152,Siêu Cấp Ngưng Thần (Cấp 1),Active,SingleTargetBuff,-1,-1,-1,false,false,Owner,-1,0,0,670,pet_chaojiningshen_yiji,
1153,Siêu Cấp Ngưng Thần (Cấp 2),Active,SingleTargetBuff,-1,-1,-1,false,false,Owner,-1,0,0,670,pet_chaojiningshen_erji,
1154,Siêu Cấp Ngưng Thần (Cấp 3),Active,SingleTargetBuff,-1,-1,-1,false,false,Owner,-1,0,0,670,pet_chaojiningshen_sanji,
1155,Siêu Cấp Ngưng Thần (Cấp 4),Active,SingleTargetBuff,-1,-1,-1,false,false,Owner,-1,0,0,670,pet_chaojiningshen_siji,
1156,Siêu Cấp Ngưng Thần (Cấp 5),Active,SingleTargetBuff,-1,-1,-1,false,false,Owner,-1,0,0,670,pet_chaojiningshen_wuji,
1157,Siêu Cấp Ngưng Thần (Cấp 6),Active,SingleTargetBuff,-1,-1,-1,false,false,Owner,-1,0,0,670,pet_chaojiningshen_liuji,
1158,Siêu Cấp Ngưng Thần (Cấp 7),Active,SingleTargetBuff,-1,-1,-1,false,false,Owner,-1,0,0,670,pet_chaojiningshen_qiji,
1159,Siêu Cấp Ngưng Thần (Cấp 8),Active,SingleTargetBuff,-1,-1,-1,false,false,Owner,-1,0,0,670,pet_chaojiningshen_baji,
1160,Siêu Cấp Ngưng Thần (Cấp 9),Active,SingleTargetBuff,-1,-1,-1,false,false,Owner,-1,0,0,670,pet_chaojiningshen_jiuji,
1161,Băng Cương (Cấp 1),Active,SingleTargetBuff,-1,-1,-1,false,false,Self,-1,0,0,652,pet_binggang_yiji,
1162,Băng Cương (Cấp 2),Active,SingleTargetBuff,-1,-1,-1,false,false,Self,-1,0,0,652,pet_binggang_erji,
1163,Băng Cương (Cấp 3),Active,SingleTargetBuff,-1,-1,-1,false,false,Self,-1,0,0,652,pet_binggang_sanji,
1164,Băng Cương (Cấp 4),Active,SingleTargetBuff,-1,-1,-1,false,false,Self,-1,0,0,652,pet_binggang_siji,
1165,Băng Cương (Cấp 5),Active,SingleTargetBuff,-1,-1,-1,false,false,Self,-1,0,0,652,pet_binggang_wuji,
1166,Băng Cương (Cấp 6),Active,SingleTargetBuff,-1,-1,-1,false,false,Self,-1,0,0,652,pet_binggang_liuji,
1167,Băng Cương (Cấp 7),Active,SingleTargetBuff,-1,-1,-1,false,false,Self,-1,0,0,652,pet_binggang_qiji,
1168,Băng Cương (Cấp 8),Active,SingleTargetBuff,-1,-1,-1,false,false,Self,-1,0,0,652,pet_binggang_baji,
1169,Băng Cương (Cấp 9),Active,SingleTargetBuff,-1,-1,-1,false,false,Self,-1,0,0,652,pet_binggang_jiuji,
1170,Hỏa Cương (Cấp 1),Active,SingleTargetBuff,-1,-1,-1,false,false,Self,-1,0,0,652,pet_huogang_yiji,
1171,Hỏa Cương (Cấp 2),Active,SingleTargetBuff,-1,-1,-1,false,false,Self,-1,0,0,652,pet_huogang_erji,
1172,Hỏa Cương (Cấp 3),Active,SingleTargetBuff,-1,-1,-1,false,false,Self,-1,0,0,652,pet_huogang_sanji,
1173,Hỏa Cương (Cấp 4),Active,SingleTargetBuff,-1,-1,-1,false,false,Self,-1,0,0,652,pet_huogang_siji,
1174,Hỏa Cương (Cấp 5),Active,SingleTargetBuff,-1,-1,-1,false,false,Self,-1,0,0,652,pet_huogang_wuji,
1175,Hỏa Cương (Cấp 6),Active,SingleTargetBuff,-1,-1,-1,false,false,Self,-1,0,0,652,pet_huogang_liuji,
1176,Hỏa Cương (Cấp 7),Active,SingleTargetBuff,-1,-1,-1,false,false,Self,-1,0,0,652,pet_huogang_qiji,
1177,Hỏa Cương (Cấp 8),Active,SingleTargetBuff,-1,-1,-1,false,false,Self,-1,0,0,652,pet_huogang_baji,
1178,Hỏa Cương (Cấp 9),Active,SingleTargetBuff,-1,-1,-1,false,false,Self,-1,0,0,652,pet_huogang_jiuji,
1179,Độc Cương (Cấp 1),Active,SingleTargetBuff,-1,-1,-1,false,false,Self,-1,0,0,652,pet_dugang_yiji,
1180,Độc Cương (Cấp 2),Active,SingleTargetBuff,-1,-1,-1,false,false,Self,-1,0,0,652,pet_dugang_erji,
1181,Độc Cương (Cấp 3),Active,SingleTargetBuff,-1,-1,-1,false,false,Self,-1,0,0,652,pet_dugang_sanji,
1182,Độc Cương (Cấp 4),Active,SingleTargetBuff,-1,-1,-1,false,false,Self,-1,0,0,652,pet_dugang_siji,
1183,Độc Cương (Cấp 5),Active,SingleTargetBuff,-1,-1,-1,false,false,Self,-1,0,0,652,pet_dugang_wuji,
1184,Độc Cương (Cấp 6),Active,SingleTargetBuff,-1,-1,-1,false,false,Self,-1,0,0,652,pet_dugang_liuji,
1185,Độc Cương (Cấp 7),Active,SingleTargetBuff,-1,-1,-1,false,false,Self,-1,0,0,652,pet_dugang_qiji,
1186,Độc Cương (Cấp 8),Active,SingleTargetBuff,-1,-1,-1,false,false,Self,-1,0,0,652,pet_dugang_baji,
1187,Độc Cương (Cấp 9),Active,SingleTargetBuff,-1,-1,-1,false,false,Self,-1,0,0,652,pet_dugang_jiuji,
1188,Huyền Cương (Cấp 1),Active,SingleTargetBuff,-1,-1,-1,false,false,Self,-1,0,0,652,pet_xuangang_yiji,
1189,Huyền Cương (Cấp 2),Active,SingleTargetBuff,-1,-1,-1,false,false,Self,-1,0,0,652,pet_xuangang_erji,
1190,Huyền Cương (Cấp 3),Active,SingleTargetBuff,-1,-1,-1,false,false,Self,-1,0,0,652,pet_xuangang_sanji,
1191,Huyền Cương (Cấp 4),Active,SingleTargetBuff,-1,-1,-1,false,false,Self,-1,0,0,652,pet_xuangang_siji,
1192,Huyền Cương (Cấp 5),Active,SingleTargetBuff,-1,-1,-1,false,false,Self,-1,0,0,652,pet_xuangang_wuji,
1193,Huyền Cương (Cấp 6),Active,SingleTargetBuff,-1,-1,-1,false,false,Self,-1,0,0,652,pet_xuangang_liuji,
1194,Huyền Cương (Cấp 7),Active,SingleTargetBuff,-1,-1,-1,false,false,Self,-1,0,0,652,pet_xuangang_qiji,
1195,Huyền Cương (Cấp 8),Active,SingleTargetBuff,-1,-1,-1,false,false,Self,-1,0,0,652,pet_xuangang_baji,
1196,Huyền Cương (Cấp 9),Active,SingleTargetBuff,-1,-1,-1,false,false,Self,-1,0,0,652,pet_xuangang_jiuji,
1197,Đại Trí Nhược Nhu (Cấp 1),Active,SingleTargetBuff,-1,-1,-1,false,false,Self,-1,0,0,656,pet_dazhiruoyu_yiji,
1198,Đại Trí Nhược Nhu (Cấp 2),Active,SingleTargetBuff,-1,-1,-1,false,false,Self,-1,0,0,656,pet_dazhiruoyu_erji,
1199,Đại Trí Nhược Nhu (Cấp 3),Active,SingleTargetBuff,-1,-1,-1,false,false,Self,-1,0,0,656,pet_dazhiruoyu_sanji,
1200,Đại Trí Nhược Nhu (Cấp 4),Active,SingleTargetBuff,-1,-1,-1,false,false,Self,-1,0,0,656,pet_dazhiruoyu_siji,
1201,Đại Trí Nhược Nhu (Cấp 5),Active,SingleTargetBuff,-1,-1,-1,false,false,Self,-1,0,0,656,pet_dazhiruoyu_wuji,
1202,Đại Trí Nhược Nhu (Cấp 6),Active,SingleTargetBuff,-1,-1,-1,false,false,Self,-1,0,0,656,pet_dazhiruoyu_liuji,
1203,Đại Trí Nhược Nhu (Cấp 7),Active,SingleTargetBuff,-1,-1,-1,false,false,Self,-1,0,0,656,pet_dazhiruoyu_qiji,
1204,Đại Trí Nhược Nhu (Cấp 8),Active,SingleTargetBuff,-1,-1,-1,false,false,Self,-1,0,0,656,pet_dazhiruoyu_baji,
1205,Đại Trí Nhược Nhu (Cấp 9),Active,SingleTargetBuff,-1,-1,-1,false,false,Self,-1,0,0,656,pet_dazhiruoyu_jiuji,
1206,Cổ Linh Tinh Quái (Cấp 1),Active,SingleTargetBuff,-1,-1,-1,false,false,Self,-1,0,0,656,pet_gulingjingguai_yiji,
1207,Cổ Linh Tinh Quái (Cấp 2),Active,SingleTargetBuff,-1,-1,-1,false,false,Self,-1,0,0,656,pet_gulingjingguai_erji,
1208,Cổ Linh Tinh Quái (Cấp 3),Active,SingleTargetBuff,-1,-1,-1,false,false,Self,-1,0,0,656,pet_gulingjingguai_sanji,
1209,Cổ Linh Tinh Quái (Cấp 4),Active,SingleTargetBuff,-1,-1,-1,false,false,Self,-1,0,0,656,pet_gulingjingguai_siji,
1210,Cổ Linh Tinh Quái (Cấp 5),Active,SingleTargetBuff,-1,-1,-1,false,false,Self,-1,0,0,656,pet_gulingjingguai_wuji,
1211,Cổ Linh Tinh Quái (Cấp 6),Active,SingleTargetBuff,-1,-1,-1,false,false,Self,-1,0,0,656,pet_gulingjingguai_liuji,
1212,Cổ Linh Tinh Quái (Cấp 7),Active,SingleTargetBuff,-1,-1,-1,false,false,Self,-1,0,0,656,pet_gulingjingguai_qiji,
1213,Cổ Linh Tinh Quái (Cấp 8),Active,SingleTargetBuff,-1,-1,-1,false,false,Self,-1,0,0,656,pet_gulingjingguai_baji,
1214,Cổ Linh Tinh Quái (Cấp 9),Active,SingleTargetBuff,-1,-1,-1,false,false,Self,-1,0,0,656,pet_gulingjingguai_jiuji,
1215,Thô Trung Hữu Tế (Cấp 1),Active,SingleTargetBuff,-1,-1,-1,false,false,Self,-1,0,0,656,pet_cuzhongyouxi_yiji,
1216,Thô Trung Hữu Tế (Cấp 2),Active,SingleTargetBuff,-1,-1,-1,false,false,Self,-1,0,0,656,pet_cuzhongyouxi_erji,
1217,Thô Trung Hữu Tế (Cấp 3),Active,SingleTargetBuff,-1,-1,-1,false,false,Self,-1,0,0,656,pet_cuzhongyouxi_sanji,
1218,Thô Trung Hữu Tế (Cấp 4),Active,SingleTargetBuff,-1,-1,-1,false,false,Self,-1,0,0,656,pet_cuzhongyouxi_siji,
1219,Thô Trung Hữu Tế (Cấp 5),Active,SingleTargetBuff,-1,-1,-1,false,false,Self,-1,0,0,656,pet_cuzhongyouxi_wuji,
1220,Thô Trung Hữu Tế (Cấp 6),Active,SingleTargetBuff,-1,-1,-1,false,false,Self,-1,0,0,656,pet_cuzhongyouxi_liuji,
1221,Thô Trung Hữu Tế (Cấp 7),Active,SingleTargetBuff,-1,-1,-1,false,false,Self,-1,0,0,656,pet_cuzhongyouxi_qiji,
1222,Thô Trung Hữu Tế (Cấp 8),Active,SingleTargetBuff,-1,-1,-1,false,false,Self,-1,0,0,656,pet_cuzhongyouxi_baji,
1223,Thô Trung Hữu Tế (Cấp 9),Active,SingleTargetBuff,-1,-1,-1,false,false,Self,-1,0,0,656,pet_cuzhongyouxi_jiuji,
1224,Bính Tử Tương Bác (Cấp 1),Active,SingleTargetBuff,-1,-1,-1,false,false,Self,-1,0,0,656,pet_biansixiangbo_yiji,
1225,Bính Tử Tương Bác (Cấp 2),Active,SingleTargetBuff,-1,-1,-1,false,false,Self,-1,0,0,656,pet_biansixiangbo_erji,
1226,Bính Tử Tương Bác (Cấp 3),Active,SingleTargetBuff,-1,-1,-1,false,false,Self,-1,0,0,656,pet_biansixiangbo_sanji,
1227,Bính Tử Tương Bác (Cấp 4),Active,SingleTargetBuff,-1,-1,-1,false,false,Self,-1,0,0,656,pet_biansixiangbo_siji,
1228,Bính Tử Tương Bác (Cấp 5),Active,SingleTargetBuff,-1,-1,-1,false,false,Self,-1,0,0,656,pet_biansixiangbo_wuji,
1229,Bính Tử Tương Bác (Cấp 6),Active,SingleTargetBuff,-1,-1,-1,false,false,Self,-1,0,0,656,pet_biansixiangbo_liuji,
1230,Bính Tử Tương Bác (Cấp 7),Active,SingleTargetBuff,-1,-1,-1,false,false,Self,-1,0,0,656,pet_biansixiangbo_qiji,
1231,Bính Tử Tương Bác (Cấp 8),Active,SingleTargetBuff,-1,-1,-1,false,false,Self,-1,0,0,656,pet_biansixiangbo_baji,
1232,Bính Tử Tương Bác (Cấp 9),Active,SingleTargetBuff,-1,-1,-1,false,false,Self,-1,0,0,656,pet_biansixiangbo_jiuji,
1233,Thần Du Tứ Hải (Cấp 1),Active,SingleTargetBuff,-1,-1,-1,false,false,Self,-1,0,0,656,pet_shenyousihai_yiji,
1234,Thần Du Tứ Hải (Cấp 2),Active,SingleTargetBuff,-1,-1,-1,false,false,Self,-1,0,0,656,pet_shenyousihai_erji,
1235,Thần Du Tứ Hải (Cấp 3),Active,SingleTargetBuff,-1,-1,-1,false,false,Self,-1,0,0,656,pet_shenyousihai_sanji,
1236,Thần Du Tứ Hải (Cấp 4),Active,SingleTargetBuff,-1,-1,-1,false,false,Self,-1,0,0,656,pet_shenyousihai_siji,
1237,Thần Du Tứ Hải (Cấp 5),Active,SingleTargetBuff,-1,-1,-1,false,false,Self,-1,0,0,656,pet_shenyousihai_wuji,
1238,Thần Du Tứ Hải (Cấp 6),Active,SingleTargetBuff,-1,-1,-1,false,false,Self,-1,0,0,656,pet_shenyousihai_liuji,
1239,Thần Du Tứ Hải (Cấp 7),Active,SingleTargetBuff,-1,-1,-1,false,false,Self,-1,0,0,656,pet_shenyousihai_qiji,
1240,Thần Du Tứ Hải (Cấp 8),Active,SingleTargetBuff,-1,-1,-1,false,false,Self,-1,0,0,656,pet_shenyousihai_baji,
1241,Thần Du Tứ Hải (Cấp 9),Active,SingleTargetBuff,-1,-1,-1,false,false,Self,-1,0,0,656,pet_shenyousihai_jiuji,
1242,Lực Bạt Sơn Hà (Cấp 1),Active,SingleTargetBuff,-1,-1,-1,false,false,Self,-1,0,0,656,pet_libashenhe_yiji,
1243,Lực Bạt Sơn Hà (Cấp 2),Active,SingleTargetBuff,-1,-1,-1,false,false,Self,-1,0,0,656,pet_libashenhe_erji,
1244,Lực Bạt Sơn Hà (Cấp 3),Active,SingleTargetBuff,-1,-1,-1,false,false,Self,-1,0,0,656,pet_libashenhe_sanji,
1245,Lực Bạt Sơn Hà (Cấp 4),Active,SingleTargetBuff,-1,-1,-1,false,false,Self,-1,0,0,656,pet_libashenhe_siji,
1246,Lực Bạt Sơn Hà (Cấp 5),Active,SingleTargetBuff,-1,-1,-1,false,false,Self,-1,0,0,656,pet_libashenhe_wuji,
1247,Lực Bạt Sơn Hà (Cấp 6),Active,SingleTargetBuff,-1,-1,-1,false,false,Self,-1,0,0,656,pet_libashenhe_liuji,
1248,Lực Bạt Sơn Hà (Cấp 7),Active,SingleTargetBuff,-1,-1,-1,false,false,Self,-1,0,0,656,pet_libashenhe_qiji,
1249,Lực Bạt Sơn Hà (Cấp 8),Active,SingleTargetBuff,-1,-1,-1,false,false,Self,-1,0,0,656,pet_libashenhe_baji,
1250,Lực Bạt Sơn Hà (Cấp 9),Active,SingleTargetBuff,-1,-1,-1,false,false,Self,-1,0,0,656,pet_libashenhe_jiuji,
1251,Siêu Cấp Thống Kích (Cấp 1),Active,RangedSingleTarget,-1,-1,-1,false,true,Enemy,15,0,0,728,pet_chaojitongji_yiji,
1252,Siêu Cấp Thống Kích (Cấp 2),Active,RangedSingleTarget,-1,-1,-1,false,true,Enemy,15,0,0,728,pet_chaojitongji_erji,
1253,Siêu Cấp Thống Kích (Cấp 3),Active,RangedSingleTarget,-1,-1,-1,false,true,Enemy,15,0,0,728,pet_chaojitongji_sanji,
1254,Siêu Cấp Thống Kích (Cấp 4),Active,RangedSingleTarget,-1,-1,-1,false,true,Enemy,15,0,0,728,pet_chaojitongji_siji,
1255,Siêu Cấp Thống Kích (Cấp 5),Active,RangedSingleTarget,-1,-1,-1,false,true,Enemy,15,0,0,728,pet_chaojitongji_wuji,
1256,Siêu Cấp Thống Kích (Cấp 6),Active,RangedSingleTarget,-1,-1,-1,false,true,Enemy,15,0,0,728,pet_chaojitongji_liuji,
1257,Siêu Cấp Thống Kích (Cấp 7),Active,RangedSingleTarget,-1,-1,-1,false,true,Enemy,15,0,0,728,pet_chaojitongji_qiji,
1258,Siêu Cấp Thống Kích (Cấp 8),Active,RangedSingleTarget,-1,-1,-1,false,true,Enemy,15,0,0,728,pet_chaojitongji_baji,
1259,Siêu Cấp Thống Kích (Cấp 9),Active,RangedSingleTarget,-1,-1,-1,false,true,Enemy,15,0,0,728,pet_chaojitongji_jiuji,
1260,Siêu Cấp Mãnh Kích (Cấp 1),Active,RangedSingleTarget,-1,-1,-1,false,true,Enemy,20,0,0,722,pet_chaojimengji_yiji,
1261,Siêu Cấp Mãnh Kích (Cấp 2),Active,RangedSingleTarget,-1,-1,-1,false,true,Enemy,20,0,0,722,pet_chaojimengji_erji,
1262,Siêu Cấp Mãnh Kích (Cấp 3),Active,RangedSingleTarget,-1,-1,-1,false,true,Enemy,20,0,0,722,pet_chaojimengji_sanji,
1263,Siêu Cấp Mãnh Kích (Cấp 4),Active,RangedSingleTarget,-1,-1,-1,false,true,Enemy,20,0,0,722,pet_chaojimengji_siji,
1264,Siêu Cấp Mãnh Kích (Cấp 5),Active,RangedSingleTarget,-1,-1,-1,false,true,Enemy,20,0,0,722,pet_chaojimengji_wuji,
1265,Siêu Cấp Mãnh Kích (Cấp 6),Active,RangedSingleTarget,-1,-1,-1,false,true,Enemy,20,0,0,722,pet_chaojimengji_liuji,
1266,Siêu Cấp Mãnh Kích (Cấp 7),Active,RangedSingleTarget,-1,-1,-1,false,true,Enemy,20,0,0,722,pet_chaojimengji_qiji,
1267,Siêu Cấp Mãnh Kích (Cấp 8),Active,RangedSingleTarget,-1,-1,-1,false,true,Enemy,20,0,0,722,pet_chaojimengji_baji,
1268,Siêu Cấp Mãnh Kích (Cấp 9),Active,RangedSingleTarget,-1,-1,-1,false,true,Enemy,20,0,0,722,pet_chaojimengji_jiuji,
1269,Cực Băng Chú (Cấp 1),Active,RangedSingleTarget,-1,-1,-1,false,true,Enemy,15,0,0,702,pet_jibingzhou_yiji,
1270,Cực Băng Chú (Cấp 2),Active,RangedSingleTarget,-1,-1,-1,false,true,Enemy,15,0,0,702,pet_jibingzhou_erji,
1271,Cực Băng Chú (Cấp 3),Active,RangedSingleTarget,-1,-1,-1,false,true,Enemy,15,0,0,702,pet_jibingzhou_sanji,
1272,Cực Băng Chú (Cấp 4),Active,RangedSingleTarget,-1,-1,-1,false,true,Enemy,15,0,0,702,pet_jibingzhou_siji,
1273,Cực Băng Chú (Cấp 5),Active,RangedSingleTarget,-1,-1,-1,false,true,Enemy,15,0,0,702,pet_jibingzhou_wuji,
1274,Cực Băng Chú (Cấp 6),Active,RangedSingleTarget,-1,-1,-1,false,true,Enemy,15,0,0,702,pet_jibingzhou_liuji,
1275,Cực Băng Chú (Cấp 7),Active,RangedSingleTarget,-1,-1,-1,false,true,Enemy,15,0,0,702,pet_jibingzhou_qiji,
1276,Cực Băng Chú (Cấp 8),Active,RangedSingleTarget,-1,-1,-1,false,true,Enemy,15,0,0,702,pet_jibingzhou_baji,
1277,Cực Băng Chú (Cấp 9),Active,RangedSingleTarget,-1,-1,-1,false,true,Enemy,15,0,0,702,pet_jibingzhou_jiuji,
1278,Minh Hỏa Chú (Cấp 1),Active,RangedSingleTarget,-1,-1,-1,false,true,Enemy,15,0,0,702,pet_minghuozhou_yiji,
1279,Minh Hỏa Chú (Cấp 2),Active,RangedSingleTarget,-1,-1,-1,false,true,Enemy,15,0,0,702,pet_minghuozhou_erji,
1280,Minh Hỏa Chú (Cấp 3),Active,RangedSingleTarget,-1,-1,-1,false,true,Enemy,15,0,0,702,pet_minghuozhou_sanji,
1281,Minh Hỏa Chú (Cấp 4),Active,RangedSingleTarget,-1,-1,-1,false,true,Enemy,15,0,0,702,pet_minghuozhou_siji,
1282,Minh Hỏa Chú (Cấp 5),Active,RangedSingleTarget,-1,-1,-1,false,true,Enemy,15,0,0,702,pet_minghuozhou_wuji,
1283,Minh Hỏa Chú (Cấp 6),Active,RangedSingleTarget,-1,-1,-1,false,true,Enemy,15,0,0,702,pet_minghuozhou_liuji,
1284,Minh Hỏa Chú (Cấp 7),Active,RangedSingleTarget,-1,-1,-1,false,true,Enemy,15,0,0,702,pet_minghuozhou_qiji,
1285,Minh Hỏa Chú (Cấp 8),Active,RangedSingleTarget,-1,-1,-1,false,true,Enemy,15,0,0,702,pet_minghuozhou_baji,
1286,Minh Hỏa Chú (Cấp 9),Active,RangedSingleTarget,-1,-1,-1,false,true,Enemy,15,0,0,702,pet_minghuozhou_jiuji,
1287,Thiên Lôi Chú (Cấp 1),Active,RangedSingleTarget,-1,-1,-1,false,true,Enemy,15,0,0,702,pet_tianleizhou_yiji,
1288,Thiên Lôi Chú (Cấp 2),Active,RangedSingleTarget,-1,-1,-1,false,true,Enemy,15,0,0,702,pet_tianleizhou_erji,
1289,Thiên Lôi Chú (Cấp 3),Active,RangedSingleTarget,-1,-1,-1,false,true,Enemy,15,0,0,702,pet_tianleizhou_sanji,
1290,Thiên Lôi Chú (Cấp 4),Active,RangedSingleTarget,-1,-1,-1,false,true,Enemy,15,0,0,702,pet_tianleizhou_siji,
1291,Thiên Lôi Chú (Cấp 5),Active,RangedSingleTarget,-1,-1,-1,false,true,Enemy,15,0,0,702,pet_tianleizhou_wuji,
1292,Thiên Lôi Chú (Cấp 6),Active,RangedSingleTarget,-1,-1,-1,false,true,Enemy,15,0,0,702,pet_tianleizhou_liuji,
1293,Thiên Lôi Chú (Cấp 7),Active,RangedSingleTarget,-1,-1,-1,false,true,Enemy,15,0,0,702,pet_tianleizhou_qiji,
1294,Thiên Lôi Chú (Cấp 8),Active,RangedSingleTarget,-1,-1,-1,false,true,Enemy,15,0,0,702,pet_tianleizhou_baji,
1295,Thiên Lôi Chú (Cấp 9),Active,RangedSingleTarget,-1,-1,-1,false,true,Enemy,15,0,0,702,pet_tianleizhou_jiuji,
1296,Thị Độc Chú (Cấp 1),Active,RangedSingleTarget,-1,-1,-1,false,true,Enemy,15,0,0,702,pet_shiduzhou_yiji,
1297,Thị Độc Chú (Cấp 2),Active,RangedSingleTarget,-1,-1,-1,false,true,Enemy,15,0,0,702,pet_shiduzhou_erji,
1298,Thị Độc Chú (Cấp 3),Active,RangedSingleTarget,-1,-1,-1,false,true,Enemy,15,0,0,702,pet_shiduzhou_sanji,
1299,Thị Độc Chú (Cấp 4),Active,RangedSingleTarget,-1,-1,-1,false,true,Enemy,15,0,0,702,pet_shiduzhou_siji,
1300,Thị Độc Chú (Cấp 5),Active,RangedSingleTarget,-1,-1,-1,false,true,Enemy,15,0,0,702,pet_shiduzhou_wuji,
1301,Thị Độc Chú (Cấp 6),Active,RangedSingleTarget,-1,-1,-1,false,true,Enemy,15,0,0,702,pet_shiduzhou_liuji,
1302,Thị Độc Chú (Cấp 7),Active,RangedSingleTarget,-1,-1,-1,false,true,Enemy,15,0,0,702,pet_shiduzhou_qiji,
1303,Thị Độc Chú (Cấp 8),Active,RangedSingleTarget,-1,-1,-1,false,true,Enemy,15,0,0,702,pet_shiduzhou_baji,
1304,Thị Độc Chú (Cấp 9),Active,RangedSingleTarget,-1,-1,-1,false,true,Enemy,15,0,0,702,pet_shiduzhou_jiuji,
1401,Huyết Lưu (Cấp 1),SpiritActive,SingleTargetBuff,-1,-1,-1,false,false,Owner,0,0,0,1400,spirit_xieliu_1,
1402,Huyết Lưu (Cấp 2),SpiritActive,SingleTargetBuff,-1,-1,-1,false,false,Owner,0,0,0,1400,spirit_xieliu_2,
1403,Huyết Lưu (Cấp 3),SpiritActive,SingleTargetBuff,-1,-1,-1,false,false,Owner,0,0,0,1400,spirit_xieliu_3,
1404,Huyết Lưu (Cấp 4),SpiritActive,SingleTargetBuff,-1,-1,-1,false,false,Owner,0,0,0,1400,spirit_xieliu_4,
1405,Huyết Lưu (Cấp 5),SpiritActive,SingleTargetBuff,-1,-1,-1,false,false,Owner,0,0,0,1400,spirit_xieliu_5,
1406,Huyết Lưu (Cấp 6),SpiritActive,SingleTargetBuff,-1,-1,-1,false,false,Owner,0,0,0,1400,spirit_xieliu_6,
1407,Huyết Lưu (Cấp 7),SpiritActive,SingleTargetBuff,-1,-1,-1,false,false,Owner,0,0,0,1400,spirit_xieliu_7,
1408,Huyết Lưu (Cấp 8),SpiritActive,SingleTargetBuff,-1,-1,-1,false,false,Owner,0,0,0,1400,spirit_xieliu_8,
1409,Huyết Lưu (Cấp 9),SpiritActive,SingleTargetBuff,-1,-1,-1,false,false,Owner,0,0,0,1400,spirit_xieliu_9,
1410,Huyết Lưu (Cấp 10),SpiritActive,SingleTargetBuff,-1,-1,-1,false,false,Owner,0,0,0,1400,spirit_xieliu_10,
1411,Khí Lưu (Cấp 1),SpiritActive,SingleTargetBuff,-1,-1,-1,false,false,Owner,0,0,0,1400,spirit_qiliu_1,
1412,Khí Lưu (Cấp 2),SpiritActive,SingleTargetBuff,-1,-1,-1,false,false,Owner,0,0,0,1400,spirit_qiliu_2,
1413,Khí Lưu (Cấp 3),SpiritActive,SingleTargetBuff,-1,-1,-1,false,false,Owner,0,0,0,1400,spirit_qiliu_3,
1414,Khí Lưu (Cấp 4),SpiritActive,SingleTargetBuff,-1,-1,-1,false,false,Owner,0,0,0,1400,spirit_qiliu_4,
1415,Khí Lưu (Cấp 5),SpiritActive,SingleTargetBuff,-1,-1,-1,false,false,Owner,0,0,0,1400,spirit_qiliu_5,
1416,Khí Lưu (Cấp 6),SpiritActive,SingleTargetBuff,-1,-1,-1,false,false,Owner,0,0,0,1400,spirit_qiliu_6,
1417,Khí Lưu (Cấp 7),SpiritActive,SingleTargetBuff,-1,-1,-1,false,false,Owner,0,0,0,1400,spirit_qiliu_7,
1418,Khí Lưu (Cấp 8),SpiritActive,SingleTargetBuff,-1,-1,-1,false,false,Owner,0,0,0,1400,spirit_qiliu_8,
1419,Khí Lưu (Cấp 9),SpiritActive,SingleTargetBuff,-1,-1,-1,false,false,Owner,0,0,0,1400,spirit_qiliu_9,
1420,Khí Lưu (Cấp 10),SpiritActive,SingleTargetBuff,-1,-1,-1,false,false,Owner,0,0,0,1400,spirit_qiliu_10,
1421,Nộ Lưu (Cấp 1),SpiritActive,SingleTargetBuff,-1,-1,-1,false,false,Owner,0,0,0,1400,spirit_nuliu_1,
1422,Nộ Lưu (Cấp 2),SpiritActive,SingleTargetBuff,-1,-1,-1,false,false,Owner,0,0,0,1400,spirit_nuliu_2,
1423,Nộ Lưu (Cấp 3),SpiritActive,SingleTargetBuff,-1,-1,-1,false,false,Owner,0,0,0,1400,spirit_nuliu_3,
1424,Nộ Lưu (Cấp 4),SpiritActive,SingleTargetBuff,-1,-1,-1,false,false,Owner,0,0,0,1400,spirit_nuliu_4,
1425,Nộ Lưu (Cấp 5),SpiritActive,SingleTargetBuff,-1,-1,-1,false,false,Owner,0,0,0,1400,spirit_nuliu_5,
1426,Nộ Lưu (Cấp 6),SpiritActive,SingleTargetBuff,-1,-1,-1,false,false,Owner,0,0,0,1400,spirit_nuliu_6,
1427,Nộ Lưu (Cấp 7),SpiritActive,SingleTargetBuff,-1,-1,-1,false,false,Owner,0,0,0,1400,spirit_nuliu_7,
1428,Nộ Lưu (Cấp 8),SpiritActive,SingleTargetBuff,-1,-1,-1,false,false,Owner,0,0,0,1400,spirit_nuliu_8,
1429,Nộ Lưu (Cấp 9),SpiritActive,SingleTargetBuff,-1,-1,-1,false,false,Owner,0,0,0,1400,spirit_nuliu_9,
1430,Nộ Lưu (Cấp 10),SpiritActive,SingleTargetBuff,-1,-1,-1,false,false,Owner,0,0,0,1400,spirit_nuliu_10,
1431,Khí Nộ Lưu (Cấp 1),SpiritActive,SingleTargetBuff,-1,-1,-1,false,false,Owner,0,0,0,1400,spirit_qinuliu_1,
1432,Khí Nộ Lưu (Cấp 2),SpiritActive,SingleTargetBuff,-1,-1,-1,false,false,Owner,0,0,0,1400,spirit_qinuliu_2,
1433,Khí Nộ Lưu (Cấp 3),SpiritActive,SingleTargetBuff,-1,-1,-1,false,false,Owner,0,0,0,1400,spirit_qinuliu_3,
1434,Khí Nộ Lưu (Cấp 4),SpiritActive,SingleTargetBuff,-1,-1,-1,false,false,Owner,0,0,0,1400,spirit_qinuliu_4,
1435,Khí Nộ Lưu (Cấp 5),SpiritActive,SingleTargetBuff,-1,-1,-1,false,false,Owner,0,0,0,1400,spirit_qinuliu_5,
1436,Khí Nộ Lưu (Cấp 6),SpiritActive,SingleTargetBuff,-1,-1,-1,false,false,Owner,0,0,0,1400,spirit_qinuliu_6,
1437,Khí Nộ Lưu (Cấp 7),SpiritActive,SingleTargetBuff,-1,-1,-1,false,false,Owner,0,0,0,1400,spirit_qinuliu_7,
1438,Khí Nộ Lưu (Cấp 8),SpiritActive,SingleTargetBuff,-1,-1,-1,false,false,Owner,0,0,0,1400,spirit_qinuliu_8,
1439,Khí Nộ Lưu (Cấp 9),SpiritActive,SingleTargetBuff,-1,-1,-1,false,false,Owner,0,0,0,1400,spirit_qinuliu_9,
1440,Khí Nộ Lưu (Cấp 10),SpiritActive,SingleTargetBuff,-1,-1,-1,false,false,Owner,0,0,0,1400,spirit_qinuliu_10,
1441,Huyết Nộ Lưu (Cấp 1),SpiritActive,SingleTargetBuff,-1,-1,-1,false,false,Owner,0,0,0,1400,spirit_xienuliu_1,
1442,Huyết Nộ Lưu (Cấp 2),SpiritActive,SingleTargetBuff,-1,-1,-1,false,false,Owner,0,0,0,1400,spirit_xienuliu_2,
1443,Huyết Nộ Lưu (Cấp 3),SpiritActive,SingleTargetBuff,-1,-1,-1,false,false,Owner,0,0,0,1400,spirit_xienuliu_3,
1444,Huyết Nộ Lưu (Cấp 4),SpiritActive,SingleTargetBuff,-1,-1,-1,false,false,Owner,0,0,0,1400,spirit_xienuliu_4,
1445,Huyết Nộ Lưu (Cấp 5),SpiritActive,SingleTargetBuff,-1,-1,-1,false,false,Owner,0,0,0,1400,spirit_xienuliu_5,
1446,Huyết Nộ Lưu (Cấp 6),SpiritActive,SingleTargetBuff,-1,-1,-1,false,false,Owner,0,0,0,1400,spirit_xienuliu_6,
1447,Huyết Nộ Lưu (Cấp 7),SpiritActive,SingleTargetBuff,-1,-1,-1,false,false,Owner,0,0,0,1400,spirit_xienuliu_7,
1448,Huyết Nộ Lưu (Cấp 8),SpiritActive,SingleTargetBuff,-1,-1,-1,false,false,Owner,0,0,0,1400,spirit_xienuliu_8,
1449,Huyết Nộ Lưu (Cấp 9),SpiritActive,SingleTargetBuff,-1,-1,-1,false,false,Owner,0,0,0,1400,spirit_xienuliu_9,
1450,Huyết Nộ Lưu (Cấp 10),SpiritActive,SingleTargetBuff,-1,-1,-1,false,false,Owner,0,0,0,1400,spirit_xienuliu_10,
1451,Huyết Khí Nộ Lưu (Cấp 1),SpiritActive,SingleTargetBuff,-1,-1,-1,false,false,Owner,0,0,0,1400,spirit_xieqinuliu_1,
1452,Huyết Khí Nộ Lưu (Cấp 2),SpiritActive,SingleTargetBuff,-1,-1,-1,false,false,Owner,0,0,0,1400,spirit_xieqinuliu_2,
1453,Huyết Khí Nộ Lưu (Cấp 3),SpiritActive,SingleTargetBuff,-1,-1,-1,false,false,Owner,0,0,0,1400,spirit_xieqinuliu_3,
1454,Huyết Khí Nộ Lưu (Cấp 4),SpiritActive,SingleTargetBuff,-1,-1,-1,false,false,Owner,0,0,0,1400,spirit_xieqinuliu_4,
1455,Huyết Khí Nộ Lưu (Cấp 5),SpiritActive,SingleTargetBuff,-1,-1,-1,false,false,Owner,0,0,0,1400,spirit_xieqinuliu_5,
1456,Huyết Khí Nộ Lưu (Cấp 6),SpiritActive,SingleTargetBuff,-1,-1,-1,false,false,Owner,0,0,0,1400,spirit_xieqinuliu_6,
1457,Huyết Khí Nộ Lưu (Cấp 7),SpiritActive,SingleTargetBuff,-1,-1,-1,false,false,Owner,0,0,0,1400,spirit_xieqinuliu_7,
1458,Huyết Khí Nộ Lưu (Cấp 8),SpiritActive,SingleTargetBuff,-1,-1,-1,false,false,Owner,0,0,0,1400,spirit_xieqinuliu_8,
1459,Huyết Khí Nộ Lưu (Cấp 9),SpiritActive,SingleTargetBuff,-1,-1,-1,false,false,Owner,0,0,0,1400,spirit_xieqinuliu_9,
1460,Huyết Khí Nộ Lưu (Cấp 10),SpiritActive,SingleTargetBuff,-1,-1,-1,false,false,Owner,0,0,0,1400,spirit_xieqinuliu_10,
1461,Huyết Liệu (Cấp 1),SpiritActive,SingleTargetBuff,-1,-1,-1,false,false,Owner,0,0,0,1461,spirit_xieliao_1,
1462,Huyết Liệu (Cấp 2),SpiritActive,SingleTargetBuff,-1,-1,-1,false,false,Owner,0,0,0,1461,spirit_xieliao_2,
1463,Huyết Liệu (Cấp 3),SpiritActive,SingleTargetBuff,-1,-1,-1,false,false,Owner,0,0,0,1461,spirit_xieliao_3,
1464,Huyết Liệu (Cấp 4),SpiritActive,SingleTargetBuff,-1,-1,-1,false,false,Owner,0,0,0,1461,spirit_xieliao_4,
1465,Huyết Liệu (Cấp 5),SpiritActive,SingleTargetBuff,-1,-1,-1,false,false,Owner,0,0,0,1461,spirit_xieliao_5,
1466,Huyết Liệu (Cấp 6),SpiritActive,SingleTargetBuff,-1,-1,-1,false,false,Owner,0,0,0,1461,spirit_xieliao_6,
1467,Huyết Liệu (Cấp 7),SpiritActive,SingleTargetBuff,-1,-1,-1,false,false,Owner,0,0,0,1461,spirit_xieliao_7,
1468,Huyết Liệu (Cấp 8),SpiritActive,SingleTargetBuff,-1,-1,-1,false,false,Owner,0,0,0,1461,spirit_xieliao_8,
1469,Huyết Liệu (Cấp 9),SpiritActive,SingleTargetBuff,-1,-1,-1,false,false,Owner,0,0,0,1461,spirit_xieliao_9,
1470,Huyết Liệu (Cấp 10),SpiritActive,SingleTargetBuff,-1,-1,-1,false,false,Owner,0,0,0,1461,spirit_xieliao_10,
1471,Khí Liệu (Cấp 1),SpiritActive,SingleTargetBuff,-1,-1,-1,false,false,Owner,0,0,0,1461,spirit_qiliao_1,
1472,Khí Liệu (Cấp 2),SpiritActive,SingleTargetBuff,-1,-1,-1,false,false,Owner,0,0,0,1461,spirit_qiliao_2,
1473,Khí Liệu (Cấp 3),SpiritActive,SingleTargetBuff,-1,-1,-1,false,false,Owner,0,0,0,1461,spirit_qiliao_3,
1474,Khí Liệu (Cấp 4),SpiritActive,SingleTargetBuff,-1,-1,-1,false,false,Owner,0,0,0,1461,spirit_qiliao_4,
1475,Khí Liệu (Cấp 5),SpiritActive,SingleTargetBuff,-1,-1,-1,false,false,Owner,0,0,0,1461,spirit_qiliao_5,
1476,Khí Liệu (Cấp 6),SpiritActive,SingleTargetBuff,-1,-1,-1,false,false,Owner,0,0,0,1461,spirit_qiliao_6,
1477,Khí Liệu (Cấp 7),SpiritActive,SingleTargetBuff,-1,-1,-1,false,false,Owner,0,0,0,1461,spirit_qiliao_7,
1478,Khí Liệu (Cấp 8),SpiritActive,SingleTargetBuff,-1,-1,-1,false,false,Owner,0,0,0,1461,spirit_qiliao_8,
1479,Khí Liệu (Cấp 9),SpiritActive,SingleTargetBuff,-1,-1,-1,false,false,Owner,0,0,0,1461,spirit_qiliao_9,
1480,Khí Liệu (Cấp 10),SpiritActive,SingleTargetBuff,-1,-1,-1,false,false,Owner,0,0,0,1461,spirit_qiliao_10,
1500,Giao Long Loạn Vũ,Active,MultipleTargetsAroundSelf,-1,-1,1,false,false,Enemy,0,20,0,-1,jh_boss_jiaolongluanwu,
1501,Thận Long Loạn Vũ,Active,MultipleTargetsAroundSelf,-1,-1,1,false,false,Enemy,0,20,0,-1,jh_boss_shenlongluanwu,
1502,Liệt Hỏa Thần Long,Active,SingleTargetBuff,-1,-1,1,false,false,Self,0,0,0,-1,jh_boss_liehuoshenlong,
150201,Liệt Hỏa Thần Long - Công kích,Auto,MultipleTargetsAroundSelf,-1,-1,1,false,true,Enemy,0,8,0,-1,jh_boss_liehuoshenlong_child,
1503,Hải Thị Thận Lâu,Auto,MultipleTargetsAroundSelf,-1,-1,1,false,true,Enemy,0,8,0,-1,jh_boss_haishishenlou,
1504,Hỏa Thiêu Thiên Xích,Active,SingleTargetBuff,-1,-1,1,false,false,Self,0,0,0,-1,jh_boss_huoqiaotianchi,
150401,Hỏa Thiêu Thiên Xích - Công kích,Auto,MultipleTargetsAroundSelf,-1,-1,1,false,true,Enemy,0,20,0,-1,jh_boss_huoqiaotianchi_child,
1510,Liệt Địa Băng Thiên,Active,MultipleTargetsAroundTarget,-1,-1,1,false,true,Enemy,20,7,0,-1,boss_liedibingtian,
1511,Địa Hỏa Liên Kích,Active,MultipleTargetsAroundTarget,-1,-1,1,false,true,Enemy,20,7,0,-1,boss_dihuolianji,
1512,Âm Độc Vạn Lý,Active,MultipleTargetsAroundTarget,-1,-1,1,false,true,Enemy,20,7,0,-1,boss_yinduwanli,
1513,Thiên Lôi Hoang Đỉnh,Active,MultipleTargetsAroundTarget,-1,-1,1,false,true,Enemy,20,7,0,-1,boss_tianleihuangding,
1514,Cuồng Long Bạo Liệt,Active,MultipleTargetsAroundSelf,-1,-1,1,false,true,Enemy,20,10,0,-1,boss_kuanglongbaolie,
1515,Nghịch Thiên Thống Kích,Active,RangedSingleTarget,-1,-1,1,false,true,Enemy,20,3,0,-1,boss_yitiantongji,
1516,Phá Thương Khung Quán,Active,MultipleTargetsAroundSelf,-1,-1,1,false,true,Enemy,10,7,0,-1,boss_pogangqiongguan,
1520,Cực Băng Kích,Active,RangedSingleTarget,-1,-1,1,false,true,Enemy,10,0,0,-1,boss_jibingji,
1521,Minh Hỏa Kích,Active,RangedSingleTarget,-1,-1,1,false,true,Enemy,20,0,0,-1,boss_minghuoji,
1522,Thiên Lôi Kích,Active,RangedSingleTarget,-1,-1,1,false,true,Enemy,20,0,0,-1,boss_tianleiji,
1523,Thị Độc Kích,Active,RangedSingleTarget,-1,-1,1,false,true,Enemy,20,0,0,-1,boss_shiduji,
1524,Cương Mãnh Kích,Active,MeleeSingleTarget,-1,-1,1,false,true,Enemy,20,0,0,-1,boss_gangmengji,
1525,Nghịch Thống Kích,Active,RangedSingleTarget,-1,-1,1,false,true,Enemy,20,0,0,-1,boss_yitongji,
1526,Phá Trán Kích,Active,MeleeSingleTarget,-1,-1,1,false,true,Enemy,20,0,0,-1,boss_pozhanji,
2000,Phấn Lực Nhất Kích (Cấp 1),Passive,None,-1,-1,1,false,false,Self,0,0,0,-1,sq_fenliyiji_wai_yiji,
200001,Phấn Lực Nhất Kích - Công kích,Auto,MeleeSingleTarget,-1,-1,1,false,false,Enemy,0,0,0,-1,sq_fenliyiji_wai_yiji_child_1,
200002,Phấn Lực Nhất Kích - Hư nhược,Auto,MeleeSingleTarget,-1,-1,1,false,false,Enemy,0,0,0,-1,sq_fenliyiji_wai_yiji_child_2,
200003,Phấn Lực Nhất Kích - Bản thân,Auto,SingleTargetBuff,-1,-1,1,false,false,Self,0,0,0,-1,sq_fenliyiji_wai_yiji_child_3,
2001,Phấn Lực Nhất Kích (Cấp 2),Passive,None,-1,-1,1,false,false,Self,0,0,0,-1,sq_fenliyiji_wai_erji,
200101,Phấn Lực Nhất Kích - Công kích,Auto,MeleeSingleTarget,-1,-1,1,false,false,Enemy,0,0,0,-1,sq_fenliyiji_wai_erji_child_1,
200102,Phấn Lực Nhất Kích - Hư nhược,Auto,MeleeSingleTarget,-1,-1,1,false,false,Enemy,0,0,0,-1,sq_fenliyiji_wai_erji_child_2,
200103,Phấn Lực Nhất Kích - Bản thân,Auto,SingleTargetBuff,-1,-1,1,false,false,Self,0,0,0,-1,sq_fenliyiji_wai_erji_child_3,
2002,Phấn Lực Nhất Kích (Cấp 3),Passive,None,-1,-1,1,false,false,Self,0,0,0,-1,sq_fenliyiji_wai_sanji,
200201,Phấn Lực Nhất Kích - Công kích,Auto,MeleeSingleTarget,-1,-1,1,false,false,Enemy,0,0,0,-1,sq_fenliyiji_wai_sanji_child_1,
200202,Phấn Lực Nhất Kích - Hư nhược,Auto,MeleeSingleTarget,-1,-1,1,false,false,Enemy,0,0,0,-1,sq_fenliyiji_wai_sanji_child_2,
200203,Phấn Lực Nhất Kích - Bản thân,Auto,SingleTargetBuff,-1,-1,1,false,false,Self,0,0,0,-1,sq_fenliyiji_wai_sanji_child_3,
2003,Phấn Lực Nhất Kích (Cấp 4),Passive,None,-1,-1,1,false,false,Self,0,0,0,-1,sq_fenliyiji_wai_siji,
200301,Phấn Lực Nhất Kích - Công kích,Auto,MeleeSingleTarget,-1,-1,1,false,false,Enemy,0,0,0,-1,sq_fenliyiji_wai_siji_child_1,
200302,Phấn Lực Nhất Kích - Hư nhược,Auto,MeleeSingleTarget,-1,-1,1,false,false,Enemy,0,0,0,-1,sq_fenliyiji_wai_siji_child_2,
200303,Phấn Lực Nhất Kích - Bản thân,Auto,SingleTargetBuff,-1,-1,1,false,false,Self,0,0,0,-1,sq_fenliyiji_wai_siji_child_3,
2004,Phấn Lực Nhất Kích (Cấp 5),Passive,None,-1,-1,1,false,false,Self,0,0,0,-1,sq_fenliyiji_wai_wuji,
200401,Phấn Lực Nhất Kích - Công kích,Auto,MeleeSingleTarget,-1,-1,1,false,false,Enemy,0,0,0,-1,sq_fenliyiji_wai_wuji_child_1,
200402,Phấn Lực Nhất Kích - Hư nhược,Auto,MeleeSingleTarget,-1,-1,1,false,false,Enemy,0,0,0,-1,sq_fenliyiji_wai_wuji_child_2,
200403,Phấn Lực Nhất Kích - Bản thân,Auto,SingleTargetBuff,-1,-1,1,false,false,Self,0,0,0,-1,sq_fenliyiji_wai_wuji_child_3,
2005,Phấn Lực Nhất Kích (Cấp 6),Passive,None,-1,-1,1,false,false,Self,0,0,0,-1,sq_fenliyiji_wai_liuji,
200501,Phấn Lực Nhất Kích - Công kích,Auto,MeleeSingleTarget,-1,-1,1,false,false,Enemy,0,0,0,-1,sq_fenliyiji_wai_liuji_child_1,
200502,Phấn Lực Nhất Kích - Hư nhược,Auto,MeleeSingleTarget,-1,-1,1,false,false,Enemy,0,0,0,-1,sq_fenliyiji_wai_liuji_child_2,
200503,Phấn Lực Nhất Kích - Bản thân,Auto,SingleTargetBuff,-1,-1,1,false,false,Self,0,0,0,-1,sq_fenliyiji_wai_liuji_child_3,
2006,Phấn Lực Nhất Kích (Cấp 1),Passive,None,-1,-1,1,false,false,Self,0,0,0,-1,sq_fenliyiji_nei_yiji,
200601,Phấn Lực Nhất Kích - Công kích,Auto,MeleeSingleTarget,-1,-1,1,false,false,Enemy,0,0,0,-1,sq_fenliyiji_nei_yiji_child_1,
200602,Phấn Lực Nhất Kích - Hư nhược,Auto,MeleeSingleTarget,-1,-1,1,false,false,Enemy,0,0,0,-1,sq_fenliyiji_nei_yiji_child_2,
200603,Phấn Lực Nhất Kích - Bản thân,Auto,SingleTargetBuff,-1,-1,1,false,false,Self,0,0,0,-1,sq_fenliyiji_nei_yiji_child_3,
2007,Phấn Lực Nhất Kích (Cấp 2),Passive,None,-1,-1,1,false,false,Self,0,0,0,-1,sq_fenliyiji_nei_erji,
200701,Phấn Lực Nhất Kích - Công kích,Auto,MeleeSingleTarget,-1,-1,1,false,false,Enemy,0,0,0,-1,sq_fenliyiji_nei_erji_child_1,
200702,Phấn Lực Nhất Kích - Hư nhược,Auto,MeleeSingleTarget,-1,-1,1,false,false,Enemy,0,0,0,-1,sq_fenliyiji_nei_erji_child_2,
200703,Phấn Lực Nhất Kích - Bản thân,Auto,SingleTargetBuff,-1,-1,1,false,false,Self,0,0,0,-1,sq_fenliyiji_nei_erji_child_3,
2008,Phấn Lực Nhất Kích (Cấp 3),Passive,None,-1,-1,1,false,false,Self,0,0,0,-1,sq_fenliyiji_nei_sanji,
200801,Phấn Lực Nhất Kích - Công kích,Auto,MeleeSingleTarget,-1,-1,1,false,false,Enemy,0,0,0,-1,sq_fenliyiji_nei_sanji_child_1,
200802,Phấn Lực Nhất Kích - Hư nhược,Auto,MeleeSingleTarget,-1,-1,1,false,false,Enemy,0,0,0,-1,sq_fenliyiji_nei_sanji_child_2,
200803,Phấn Lực Nhất Kích - Bản thân,Auto,SingleTargetBuff,-1,-1,1,false,false,Self,0,0,0,-1,sq_fenliyiji_nei_sanji_child_3,
2009,Phấn Lực Nhất Kích (Cấp 4),Passive,None,-1,-1,1,false,false,Self,0,0,0,-1,sq_fenliyiji_nei_siji,
200901,Phấn Lực Nhất Kích - Công kích,Auto,MeleeSingleTarget,-1,-1,1,false,false,Enemy,0,0,0,-1,sq_fenliyiji_nei_siji_child_1,
200902,Phấn Lực Nhất Kích - Hư nhược,Auto,MeleeSingleTarget,-1,-1,1,false,false,Enemy,0,0,0,-1,sq_fenliyiji_nei_siji_child_2,
200903,Phấn Lực Nhất Kích - Bản thân,Auto,SingleTargetBuff,-1,-1,1,false,false,Self,0,0,0,-1,sq_fenliyiji_nei_siji_child_3,
2010,Phấn Lực Nhất Kích (Cấp 5),Passive,None,-1,-1,1,false,false,Self,0,0,0,-1,sq_fenliyiji_nei_wuji,
201001,Phấn Lực Nhất Kích - Công kích,Auto,MeleeSingleTarget,-1,-1,1,false,false,Enemy,0,0,0,-1,sq_fenliyiji_nei_wuji_child_1,
201002,Phấn Lực Nhất Kích - Hư nhược,Auto,MeleeSingleTarget,-1,-1,1,false,false,Enemy,0,0,0,-1,sq_fenliyiji_nei_wuji_child_2,
201003,Phấn Lực Nhất Kích - Bản thân,Auto,SingleTargetBuff,-1,-1,1,false,false,Self,0,0,0,-1,sq_fenliyiji_nei_wuji_child_3,
2011,Phấn Lực Nhất Kích (Cấp 6),Passive,None,-1,-1,1,false,false,Self,0,0,0,-1,sq_fenliyiji_nei_liuji,
201101,Phấn Lực Nhất Kích - Công kích,Auto,MeleeSingleTarget,-1,-1,1,false,false,Enemy,0,0,0,-1,sq_fenliyiji_nei_liuji_child_1,
201102,Phấn Lực Nhất Kích - Hư nhược,Auto,MeleeSingleTarget,-1,-1,1,false,false,Enemy,0,0,0,-1,sq_fenliyiji_nei_liuji_child_2,
201103,Phấn Lực Nhất Kích - Bản thân,Auto,SingleTargetBuff,-1,-1,1,false,false,Self,0,0,0,-1,sq_fenliyiji_nei_liuji_child_3,
2012,Tinh Diệu Nhất Kích (Cấp 1),Passive,None,-1,-1,1,false,false,Self,0,0,0,-1,sq_xingmiaoyiji_yiji,
201201,Tinh Diệu Nhất Kích - Công kích,Auto,MeleeSingleTarget,-1,-1,1,false,false,Enemy,0,0,0,-1,sq_xingmiaoyiji_yiji_child_1,
201202,Tinh Diệu Nhất Kích - Hư nhược,Auto,MeleeSingleTarget,-1,-1,1,false,false,Enemy,0,0,0,-1,sq_xingmiaoyiji_yiji_child_2,
201203,Tinh Diệu Nhất Kích - Bản thân,Auto,SingleTargetBuff,-1,-1,1,false,false,Self,0,0,0,-1,sq_xingmiaoyiji_yiji_child_3,
2013,Tinh Diệu Nhất Kích (Cấp 2),Passive,None,-1,-1,1,false,false,Self,0,0,0,-1,sq_xingmiaoyiji_erji,
201301,Tinh Diệu Nhất Kích - Công kích,Auto,MeleeSingleTarget,-1,-1,1,false,false,Enemy,0,0,0,-1,sq_xingmiaoyiji_erji_child_1,
201302,Tinh Diệu Nhất Kích - Hư nhược,Auto,MeleeSingleTarget,-1,-1,1,false,false,Enemy,0,0,0,-1,sq_xingmiaoyiji_erji_child_2,
201303,Tinh Diệu Nhất Kích - Bản thân,Auto,SingleTargetBuff,-1,-1,1,false,false,Self,0,0,0,-1,sq_xingmiaoyiji_erji_child_3,
2014,Tinh Diệu Nhất Kích (Cấp 3),Passive,None,-1,-1,1,false,false,Self,0,0,0,-1,sq_xingmiaoyiji_sanji,
201401,Tinh Diệu Nhất Kích - Công kích,Auto,MeleeSingleTarget,-1,-1,1,false,false,Enemy,0,0,0,-1,sq_xingmiaoyiji_sanji_child_1,
201402,Tinh Diệu Nhất Kích - Hư nhược,Auto,MeleeSingleTarget,-1,-1,1,false,false,Enemy,0,0,0,-1,sq_xingmiaoyiji_sanji_child_2,
201403,Tinh Diệu Nhất Kích - Bản thân,Auto,SingleTargetBuff,-1,-1,1,false,false,Self,0,0,0,-1,sq_xingmiaoyiji_sanji_child_3,
2015,Tinh Diệu Nhất Kích (Cấp 4),Passive,None,-1,-1,1,false,false,Self,0,0,0,-1,sq_xingmiaoyiji_siji,
201501,Tinh Diệu Nhất Kích - Công kích,Auto,MeleeSingleTarget,-1,-1,1,false,false,Enemy,0,0,0,-1,sq_xingmiaoyiji_siji_child_1,
201502,Tinh Diệu Nhất Kích - Hư nhược,Auto,MeleeSingleTarget,-1,-1,1,false,false,Enemy,0,0,0,-1,sq_xingmiaoyiji_siji_child_2,
201503,Tinh Diệu Nhất Kích - Bản thân,Auto,SingleTargetBuff,-1,-1,1,false,false,Self,0,0,0,-1,sq_xingmiaoyiji_siji_child_3,
2016,Tinh Diệu Nhất Kích (Cấp 5),Passive,None,-1,-1,1,false,false,Self,0,0,0,-1,sq_xingmiaoyiji_wuji,
201601,Tinh Diệu Nhất Kích - Công kích,Auto,MeleeSingleTarget,-1,-1,1,false,false,Enemy,0,0,0,-1,sq_xingmiaoyiji_wuji_child_1,
201602,Tinh Diệu Nhất Kích - Hư nhược,Auto,MeleeSingleTarget,-1,-1,1,false,false,Enemy,0,0,0,-1,sq_xingmiaoyiji_wuji_child_2,
201603,Tinh Diệu Nhất Kích - Bản thân,Auto,SingleTargetBuff,-1,-1,1,false,false,Self,0,0,0,-1,sq_xingmiaoyiji_wuji_child_3,
2017,Tinh Diệu Nhất Kích (Cấp 6),Passive,None,-1,-1,1,false,false,Self,0,0,0,-1,sq_xingmiaoyiji_liuji,
201701,Tinh Diệu Nhất Kích - Công kích,Auto,MeleeSingleTarget,-1,-1,1,false,false,Enemy,0,0,0,-1,sq_xingmiaoyiji_liuji_child_1,
201702,Tinh Diệu Nhất Kích - Hư nhược,Auto,MeleeSingleTarget,-1,-1,1,false,false,Enemy,0,0,0,-1,sq_xingmiaoyiji_liuji_child_2,
201703,Tinh Diệu Nhất Kích - Bản thân,Auto,SingleTargetBuff,-1,-1,1,false,false,Self,0,0,0,-1,sq_xingmiaoyiji_liuji_child_3,
2018,Tuyệt Diệu Nhất Kích (Cấp 1),Passive,None,-1,-1,1,false,false,Self,0,0,0,-1,sq_juemiaoyiji_yiji,
201801,Tuyệt Diệu Nhất Kích - Công kích,Auto,MeleeSingleTarget,-1,-1,1,false,false,Enemy,0,0,0,-1,sq_juemiaoyiji_yiji_child_1,
201802,Tuyệt Diệu Nhất Kích - Hư nhược,Auto,MeleeSingleTarget,-1,-1,1,false,false,Enemy,0,0,0,-1,sq_juemiaoyiji_yiji_child_2,
201803,Tuyệt Diệu Nhất Kích - Bản thân,Auto,SingleTargetBuff,-1,-1,1,false,false,Self,0,0,0,-1,sq_juemiaoyiji_yiji_child_3,
2019,Tuyệt Diệu Nhất Kích (Cấp 2),Passive,None,-1,-1,1,false,false,Self,0,0,0,-1,sq_juemiaoyiji_erji,
201901,Tuyệt Diệu Nhất Kích - Công kích,Auto,MeleeSingleTarget,-1,-1,1,false,false,Enemy,0,0,0,-1,sq_juemiaoyiji_erji_child_1,
201902,Tuyệt Diệu Nhất Kích - Hư nhược,Auto,MeleeSingleTarget,-1,-1,1,false,false,Enemy,0,0,0,-1,sq_juemiaoyiji_erji_child_2,
201903,Tuyệt Diệu Nhất Kích - Bản thân,Auto,SingleTargetBuff,-1,-1,1,false,false,Self,0,0,0,-1,sq_juemiaoyiji_erji_child_3,
2020,Tuyệt Diệu Nhất Kích (Cấp 3),Passive,None,-1,-1,1,false,false,Self,0,0,0,-1,sq_juemiaoyiji_sanji,
202001,Tuyệt Diệu Nhất Kích - Công kích,Auto,MeleeSingleTarget,-1,-1,1,false,false,Enemy,0,0,0,-1,sq_juemiaoyiji_sanji_child_1,
202002,Tuyệt Diệu Nhất Kích - Hư nhược,Auto,MeleeSingleTarget,-1,-1,1,false,false,Enemy,0,0,0,-1,sq_juemiaoyiji_sanji_child_2,
202003,Tuyệt Diệu Nhất Kích - Bản thân,Auto,SingleTargetBuff,-1,-1,1,false,false,Self,0,0,0,-1,sq_juemiaoyiji_sanji_child_3,
2021,Tuyệt Diệu Nhất Kích (Cấp 4),Passive,None,-1,-1,1,false,false,Self,0,0,0,-1,sq_juemiaoyiji_siji,
202101,Tuyệt Diệu Nhất Kích - Công kích,Auto,MeleeSingleTarget,-1,-1,1,false,false,Enemy,0,0,0,-1,sq_juemiaoyiji_siji_child_1,
202102,Tuyệt Diệu Nhất Kích - Hư nhược,Auto,MeleeSingleTarget,-1,-1,1,false,false,Enemy,0,0,0,-1,sq_juemiaoyiji_siji_child_2,
202103,Tuyệt Diệu Nhất Kích - Bản thân,Auto,SingleTargetBuff,-1,-1,1,false,false,Self,0,0,0,-1,sq_juemiaoyiji_siji_child_3,
2022,Tuyệt Diệu Nhất Kích (Cấp 5),Passive,None,-1,-1,1,false,false,Self,0,0,0,-1,sq_juemiaoyiji_wuji,
202201,Tuyệt Diệu Nhất Kích - Công kích,Auto,MeleeSingleTarget,-1,-1,1,false,false,Enemy,0,0,0,-1,sq_juemiaoyiji_wuji_child_1,
202202,Tuyệt Diệu Nhất Kích - Hư nhược,Auto,MeleeSingleTarget,-1,-1,1,false,false,Enemy,0,0,0,-1,sq_juemiaoyiji_wuji_child_2,
202203,Tuyệt Diệu Nhất Kích - Bản thân,Auto,SingleTargetBuff,-1,-1,1,false,false,Self,0,0,0,-1,sq_juemiaoyiji_wuji_child_3,
2023,Tuyệt Diệu Nhất Kích (Cấp 6),Passive,None,-1,-1,1,false,false,Self,0,0,0,-1,sq_juemiaoyiji_liuji,
202301,Tuyệt Diệu Nhất Kích - Công kích,Auto,MeleeSingleTarget,-1,-1,1,false,false,Enemy,0,0,0,-1,sq_juemiaoyiji_liuji_child_1,
202302,Tuyệt Diệu Nhất Kích - Hư nhược,Auto,MeleeSingleTarget,-1,-1,1,false,false,Enemy,0,0,0,-1,sq_juemiaoyiji_liuji_child_2,
202303,Tuyệt Diệu Nhất Kích - Bản thân,Auto,SingleTargetBuff,-1,-1,1,false,false,Self,0,0,0,-1,sq_juemiaoyiji_liuji_child_3,
2024,Luyện Hồn - Phấn Lực Nhất Kích (Cấp 1),Passive,None,-1,-1,1,false,false,Self,0,0,0,-1,sq_lian_fenliyiji_wai_yiji,
202401,Luyện Hồn - Phấn Lực Nhất Kích - Công kích,Auto,MeleeSingleTarget,-1,-1,1,false,false,Enemy,0,0,0,-1,sq_lian_fenliyiji_wai_yiji_child_1,
202402,Luyện Hồn - Phấn Lực Nhất Kích - Hư nhược,Auto,MeleeSingleTarget,-1,-1,1,false,false,Enemy,0,0,0,-1,sq_lian_fenliyiji_wai_yiji_child_2,
202403,Luyện Hồn - Phấn Lực Nhất Kích - Bản thân,Auto,SingleTargetBuff,-1,-1,1,false,false,Self,0,0,0,-1,sq_lian_fenliyiji_wai_yiji_child_3,
2025,Luyện Hồn - Phấn Lực Nhất Kích (Cấp 2),Passive,None,-1,-1,1,false,false,Self,0,0,0,-1,sq_lian_fenliyiji_wai_erji,
202501,Luyện Hồn - Phấn Lực Nhất Kích - Công kích,Auto,MeleeSingleTarget,-1,-1,1,false,false,Enemy,0,0,0,-1,sq_lian_fenliyiji_wai_erji_child_1,
202502,Luyện Hồn - Phấn Lực Nhất Kích - Hư nhược,Auto,MeleeSingleTarget,-1,-1,1,false,false,Enemy,0,0,0,-1,sq_lian_fenliyiji_wai_erji_child_2,
202503,Luyện Hồn - Phấn Lực Nhất Kích - Bản thân,Auto,SingleTargetBuff,-1,-1,1,false,false,Self,0,0,0,-1,sq_lian_fenliyiji_wai_erji_child_3,
2026,Luyện Hồn - Phấn Lực Nhất Kích (Cấp 1),Passive,None,-1,-1,1,false,false,Self,0,0,0,-1,sq_lian_fenliyiji_nei_yiji,
202601,Luyện Hồn - Phấn Lực Nhất Kích - Công kích,Auto,MeleeSingleTarget,-1,-1,1,false,false,Enemy,0,0,0,-1,sq_lian_fenliyiji_nei_yiji_child_1,
202602,Luyện Hồn - Phấn Lực Nhất Kích - Hư nhược,Auto,MeleeSingleTarget,-1,-1,1,false,false,Enemy,0,0,0,-1,sq_lian_fenliyiji_nei_yiji_child_2,
202603,Luyện Hồn - Phấn Lực Nhất Kích - Bản thân,Auto,SingleTargetBuff,-1,-1,1,false,false,Self,0,0,0,-1,sq_lian_fenliyiji_nei_yiji_child_3,
2027,Luyện Hồn - Phấn Lực Nhất Kích (Cấp 2),Passive,None,-1,-1,1,false,false,Self,0,0,0,-1,sq_lian_fenliyiji_nei_erji,
202701,Luyện Hồn - Phấn Lực Nhất Kích - Công kích,Auto,MeleeSingleTarget,-1,-1,1,false,false,Enemy,0,0,0,-1,sq_lian_fenliyiji_nei_erji_child_1,
202702,Luyện Hồn - Phấn Lực Nhất Kích - Hư nhược,Auto,MeleeSingleTarget,-1,-1,1,false,false,Enemy,0,0,0,-1,sq_lian_fenliyiji_nei_erji_child_2,
202703,Luyện Hồn - Phấn Lực Nhất Kích - Bản thân,Auto,SingleTargetBuff,-1,-1,1,false,false,Self,0,0,0,-1,sq_lian_fenliyiji_nei_erji_child_3,
2028,Luyện Hồn - Tinh Diệu Nhất Kích (Cấp 1),Passive,None,-1,-1,1,false,false,Self,0,0,0,-1,sq_lian_xingmiaoyiji_yiji,
202801,Luyện Hồn - Tinh Diệu Nhất Kích - Công kích,Auto,MeleeSingleTarget,-1,-1,1,false,false,Enemy,0,0,0,-1,sq_lian_xingmiaoyiji_yiji_child_1,
202802,Luyện Hồn - Tinh Diệu Nhất Kích - Hư nhược,Auto,MeleeSingleTarget,-1,-1,1,false,false,Enemy,0,0,0,-1,sq_lian_xingmiaoyiji_yiji_child_2,
202803,Luyện Hồn - Tinh Diệu Nhất Kích - Bản thân,Auto,SingleTargetBuff,-1,-1,1,false,false,Self,0,0,0,-1,sq_lian_xingmiaoyiji_yiji_child_3,
2029,Luyện Hồn - Tinh Diệu Nhất Kích (Cấp 2),Passive,None,-1,-1,1,false,false,Self,0,0,0,-1,sq_lian_xingmiaoyiji_erji,
202901,Luyện Hồn - Tinh Diệu Nhất Kích - Công kích,Auto,MeleeSingleTarget,-1,-1,1,false,false,Enemy,0,0,0,-1,sq_lian_xingmiaoyiji_erji_child_1,
202902,Luyện Hồn - Tinh Diệu Nhất Kích - Hư nhược,Auto,MeleeSingleTarget,-1,-1,1,false,false,Enemy,0,0,0,-1,sq_lian_xingmiaoyiji_erji_child_2,
202903,Luyện Hồn - Tinh Diệu Nhất Kích - Bản thân,Auto,SingleTargetBuff,-1,-1,1,false,false,Self,0,0,0,-1,sq_lian_xingmiaoyiji_erji_child_3,
2030,Luyện Hồn - Tuyệt Diệu Nhất Kích (Cấp 1),Passive,None,-1,-1,1,false,false,Self,0,0,0,-1,sq_lian_juemiaoyiji_yiji,
203001,Luyện Hồn - Tuyệt Diệu Nhất Kích - Công kích,Auto,MeleeSingleTarget,-1,-1,1,false,false,Enemy,0,0,0,-1,sq_lian_juemiaoyiji_yiji_child_1,
203002,Luyện Hồn - Tuyệt Diệu Nhất Kích - Hư nhược,Auto,MeleeSingleTarget,-1,-1,1,false,false,Enemy,0,0,0,-1,sq_lian_juemiaoyiji_yiji_child_2,
203003,Luyện Hồn - Tuyệt Diệu Nhất Kích - Bản thân,Auto,SingleTargetBuff,-1,-1,1,false,false,Self,0,0,0,-1,sq_lian_juemiaoyiji_yiji_child_3,
2031,Luyện Hồn - Tuyệt Diệu Nhất Kích (Cấp 2),Passive,None,-1,-1,1,false,false,Self,0,0,0,-1,sq_lian_juemiaoyiji_erji,
203101,Luyện Hồn - Tuyệt Diệu Nhất Kích - Công kích,Auto,MeleeSingleTarget,-1,-1,1,false,false,Enemy,0,0,0,-1,sq_lian_juemiaoyiji_erji_child_1,
203102,Luyện Hồn - Tuyệt Diệu Nhất Kích - Hư nhược,Auto,MeleeSingleTarget,-1,-1,1,false,false,Enemy,0,0,0,-1,sq_lian_juemiaoyiji_erji_child_2,
203103,Luyện Hồn - Tuyệt Diệu Nhất Kích - Bản thân,Auto,SingleTargetBuff,-1,-1,1,false,false,Self,0,0,0,-1,sq_lian_juemiaoyiji_erji_child_3,
2032,Hấp Huyết Nhất Kích,Passive,None,-1,-1,1,false,false,Self,0,0,0,-1,sq_qixueyiji,
203201,Hấp Huyết Nhất Kích - Công kích,Auto,MeleeSingleTarget,-1,-1,1,false,false,Enemy,0,0,0,-1,sq_qixueyiji_child,
2033,Hấp Khí Nhất Kích,Passive,None,-1,-1,1,false,false,Self,0,0,0,-1,sq_qiqiyiji,
203301,Hấp Khí Nhất Kích - Công kích,Auto,MeleeSingleTarget,-1,-1,1,false,false,Enemy,0,0,0,-1,sq_qiqiyiji_child,
2034,Phá Trán Nhất Kích,Passive,None,-1,-1,1,false,false,Self,0,0,0,-1,sq_pozhanyiji,
203401,Phá Trán Nhất Kích - Hư nhược,Auto,MeleeSingleTarget,-1,-1,1,false,false,Enemy,0,0,0,-1,sq_pozhanyiji_child,
2035,Cương Ngạnh Nhất Kích,Passive,None,-1,-1,1,false,false,Self,0,0,0,-1,sq_ganggengyiji,
203501,Cương Ngạnh Nhất Kích - Giảm tốc,Auto,MeleeSingleTarget,-1,-1,1,false,false,Enemy,0,0,0,-1,sq_ganggengyiji_child,
2036,Hư Nhược Nhất Kích,Passive,None,-1,-1,1,false,false,Self,0,0,0,-1,sq_xuruoyiji,
203601,Hư Nhược Nhất Kích - Hư nhược,Auto,MeleeSingleTarget,-1,-1,1,false,false,Enemy,0,0,0,-1,sq_xuruoyiji_child,
2037,Đả Nộ Nhất Kích,Passive,None,-1,-1,1,false,false,Self,0,0,0,-1,sq_danuyiji,
203701,Đả Nộ Nhất Kích - Hư nhược,Auto,MeleeSingleTarget,-1,-1,1,false,false,Enemy,0,0,0,-1,sq_danuyiji_child,
2038,Thông Linh - Hấp Huyết Nhất Kích,Passive,None,-1,-1,1,false,false,Self,0,0,0,-1,sq_tongling_qixueyiji,
203801,Thông Linh - Hấp Huyết Nhất Kích - Công kích,Auto,MeleeSingleTarget,-1,-1,1,false,false,Enemy,0,0,0,-1,sq_tongling_qixueyiji_child,
2039,Thông Linh - Hấp Khí Nhất Kích,Passive,None,-1,-1,1,false,false,Self,0,0,0,-1,sq_tongling_qiqiyiji,
203901,Thông Linh - Hấp Khí Nhất Kích - Công kích,Auto,MeleeSingleTarget,-1,-1,1,false,false,Enemy,0,0,0,-1,sq_tongling_qiqiyiji_child,
2040,Thông Linh - Phá Trán Nhất Kích,Passive,None,-1,-1,1,false,false,Self,0,0,0,-1,sq_tongling_pozhanyiji,
204001,Thông Linh - Phá Trán Nhất Kích - Hư nhược,Auto,MeleeSingleTarget,-1,-1,1,false,false,Enemy,0,0,0,-1,sq_tongling_pozhanyiji_child,
2041,Thông Linh - Cương Ngạnh Nhất Kích,Passive,None,-1,-1,1,false,false,Self,0,0,0,-1,sq_tongling_ganggengyiji,
204101,Thông Linh - Cương Ngạnh Nhất Kích - Giảm tốc,Auto,MeleeSingleTarget,-1,-1,1,false,false,Enemy,0,0,0,-1,sq_tongling_ganggengyiji_child,
2042,Thông Linh - Hư Nhược Nhất Kích,Passive,None,-1,-1,1,false,false,Self,0,0,0,-1,sq_tongling_xuruoyiji,
204201,Thông Linh - Hư Nhược Nhất Kích - Hư nhược,Auto,MeleeSingleTarget,-1,-1,1,false,false,Enemy,0,0,0,-1,sq_tongling_xuruoyiji_child,
2043,Thông Linh - Đả Nộ Nhất Kích,Passive,None,-1,-1,1,false,false,Self,0,0,0,-1,sq_tongling_danuyiji,
204301,Thông Linh - Đả Nộ Nhất Kích - Hư nhược,Auto,MeleeSingleTarget,-1,-1,1,false,false,Enemy,0,0,0,-1,sq_tongling_danuyiji_child,
3000,Trùng Lâu Giới,Passive,None,-1,-1,1,false,false,Self,0,0,0,-1,zl_zhongloujie,
300001,Trùng Lâu Giới - Phong huyệt,Auto,MeleeSingleTarget,-1,-1,1,false,false,Enemy,0,0,0,-1,zl_zhongloujie_child,
3001,Trùng Lâu Ngọc,Passive,None,-1,-1,1,false,false,Self,0,0,0,-1,zl_zhonglouyu,
300101,Trùng Lâu Ngọc - Tê liệt,Auto,MeleeSingleTarget,-1,-1,1,false,false,Enemy,0,0,0,-1,zl_zhonglouyu_child,
3002,Trùng Lâu Kiên,Passive,None,-1,-1,1,false,false,Self,0,0,0,-1,zl_zhongloujian,
3003,Trùng Lâu Liên,Passive,None,-1,-1,1,false,false,Self,0,0,0,-1,zl_zhongloulian,
300301,Trùng Lâu Liên - Thất minh,Auto,MeleeSingleTarget,-1,-1,1,false,false,Enemy,0,0,0,-1,zl_zhongloulian_child,
3004,Trùng Lâu Thủ,Passive,None,-1,-1,1,false,false,Self,0,0,0,-1,zl_zhongloushou,
3005,Trùng Lâu Khôi,Passive,None,-1,-1,1,false,false,Self,0,0,0,-1,zl_zhongloukui,
3006,Trùng Lâu Uyển,Passive,None,-1,-1,1,false,false,Self,0,0,0,-1,zl_zhonglouwan,
3007,Trùng Lâu Giáp,Passive,None,-1,-1,1,false,false,Self,0,0,0,-1,zl_zhongloujia,
3008,Trùng Lâu Ngoa,Passive,None,-1,-1,1,false,false,Self,0,0,0,-1,zl_zhonglouxue,
3009,Trùng Lâu Đới,Passive,None,-1,-1,1,false,false,Self,0,0,0,-1,zl_zhongloudai,
300901,Trùng Lâu Đới - Cuồng bạo,Auto,SingleTargetBuff,-1,-1,1,false,false,Self,0,0,0,-1,zl_zhongloudai_child,
300902,Trùng Lâu Đới - Bạo kích,Auto,MeleeSingleTarget,-1,-1,1,false,false,Enemy,0,0,0,-1,zl_zhongloudai_child_2,
4000,Hoàn Đồng Quang Hoàn (Cấp 1),Passive,None,-1,-1,1,false,false,Self,0,0,0,-1,empty,
4001,Hoàn Đồng Quang Hoàn (Cấp 1),Passive,None,-1,-1,1,false,false,Self,0,0,0,-1,empty,
4002,Hoàn Đồng Quang Hoàn (Cấp 1),Passive,None,-1,-1,1,false,false,Self,0,0,0,-1,empty,
4003,Hoàn Đồng Quang Hoàn (Cấp 1),Passive,None,-1,-1,1,false,false,Self,0,0,0,-1,empty,
4004,Hoàn Đồng Quang Hoàn (Cấp 1),Passive,None,-1,-1,1,false,false,Self,0,0,0,-1,empty,
4010,Hoàn Đồng Quang Hoàn (Cấp 2),Passive,None,-1,-1,1,false,false,Self,0,0,0,-1,empty,
4011,Hoàn Đồng Quang Hoàn (Cấp 2),Passive,None,-1,-1,1,false,false,Self,0,0,0,-1,empty,
4012,Hoàn Đồng Quang Hoàn (Cấp 2),Passive,None,-1,-1,1,false,false,Self,0,0,0,-1,empty,
4013,Hoàn Đồng Quang Hoàn (Cấp 2),Passive,None,-1,-1,1,false,false,Self,0,0,0,-1,empty,
4014,Hoàn Đồng Quang Hoàn (Cấp 2),Passive,None,-1,-1,1,false,false,Self,0,0,0,-1,empty,
4020,Hoàn Đồng Quang Hoàn (Cấp 3),Passive,None,-1,-1,1,false,false,Self,0,0,0,-1,empty,
4021,Hoàn Đồng Quang Hoàn (Cấp 3),Passive,None,-1,-1,1,false,false,Self,0,0,0,-1,empty,
4022,Hoàn Đồng Quang Hoàn (Cấp 3),Passive,None,-1,-1,1,false,false,Self,0,0,0,-1,empty,
4023,Hoàn Đồng Quang Hoàn (Cấp 3),Passive,None,-1,-1,1,false,false,Self,0,0,0,-1,empty,
4024,Hoàn Đồng Quang Hoàn (Cấp 3),Passive,None,-1,-1,1,false,false,Self,0,0,0,-1,empty,
4100,Thần Long Chuyên Sinh,Active,SingleTargetBuff,-1,-1,1,false,false,Self,0,0,-1,-1,dragon_lord_blessing,
50001,Hàn Băng Hóa Kinh (Cấp 1),Passive,None,-1,-1,1,false,false,Self,0,0,0,-1,heroicorder_hanbinghuajin_lv1,
50002,Hàn Băng Hóa Kinh (Cấp 2),Passive,None,-1,-1,1,false,false,Self,0,0,0,-1,heroicorder_hanbinghuajin_lv2,
50003,Hàn Băng Hóa Kinh (Cấp 3),Passive,None,-1,-1,1,false,false,Self,0,0,0,-1,heroicorder_hanbinghuajin_lv3,
50004,Hàn Băng Hóa Kinh (Cấp 4),Passive,None,-1,-1,1,false,false,Self,0,0,0,-1,heroicorder_hanbinghuajin_lv4,
50005,Hàn Băng Hóa Kinh (Cấp 5),Passive,None,-1,-1,1,false,false,Self,0,0,0,-1,heroicorder_hanbinghuajin_lv5,
50006,Hàn Băng Hóa Kinh (Cấp 6),Passive,None,-1,-1,1,false,false,Self,0,0,0,-1,heroicorder_hanbinghuajin_lv6,
50007,Hàn Băng Hóa Kinh (Cấp 7),Passive,None,-1,-1,1,false,false,Self,0,0,0,-1,heroicorder_hanbinghuajin_lv7,
50008,Hàn Băng Hóa Kinh (Cấp 8),Passive,None,-1,-1,1,false,false,Self,0,0,0,-1,heroicorder_hanbinghuajin_lv8,
50009,Hàn Băng Hóa Kinh (Cấp 9),Passive,None,-1,-1,1,false,false,Self,0,0,0,-1,heroicorder_hanbinghuajin_lv9,
5000011,Hàn Băng Hóa Kinh - Hóa Kinh (Cấp 1),Auto,SingleTargetBuff,-1,-1,1,false,false,Self,0,0,0,-1,heroicorder_hanbinghuajin_child_lv1,
5000012,Hàn Băng Hóa Kinh - Hóa Kinh (Cấp 2),Auto,SingleTargetBuff,-1,-1,1,false,false,Self,0,0,0,-1,heroicorder_hanbinghuajin_child_lv2,
5000013,Hàn Băng Hóa Kinh - Hóa Kinh (Cấp 3),Auto,SingleTargetBuff,-1,-1,1,false,false,Self,0,0,0,-1,heroicorder_hanbinghuajin_child_lv3,
5000014,Hàn Băng Hóa Kinh - Hóa Kinh (Cấp 4),Auto,SingleTargetBuff,-1,-1,1,false,false,Self,0,0,0,-1,heroicorder_hanbinghuajin_child_lv4,
5000015,Hàn Băng Hóa Kinh - Hóa Kinh (Cấp 5),Auto,SingleTargetBuff,-1,-1,1,false,false,Self,0,0,0,-1,heroicorder_hanbinghuajin_child_lv5,
5000016,Hàn Băng Hóa Kinh - Hóa Kinh (Cấp 6),Auto,SingleTargetBuff,-1,-1,1,false,false,Self,0,0,0,-1,heroicorder_hanbinghuajin_child_lv6,
5000017,Hàn Băng Hóa Kinh - Hóa Kinh (Cấp 7),Auto,SingleTargetBuff,-1,-1,1,false,false,Self,0,0,0,-1,heroicorder_hanbinghuajin_child_lv7,
5000018,Hàn Băng Hóa Kinh - Hóa Kinh (Cấp 8),Auto,SingleTargetBuff,-1,-1,1,false,false,Self,0,0,0,-1,heroicorder_hanbinghuajin_child_lv8,
5000019,Hàn Băng Hóa Kinh - Hóa Kinh (Cấp 9),Auto,SingleTargetBuff,-1,-1,1,false,false,Self,0,0,0,-1,heroicorder_hanbinghuajin_child_lv9,
50011,Viêm Khí Hóa Kinh (Cấp 1),Passive,None,-1,-1,1,false,false,Self,0,0,0,-1,heroicorder_yanqihuajin_lv1,
50012,Viêm Khí Hóa Kinh (Cấp 2),Passive,None,-1,-1,1,false,false,Self,0,0,0,-1,heroicorder_yanqihuajin_lv2,
50013,Viêm Khí Hóa Kinh (Cấp 3),Passive,None,-1,-1,1,false,false,Self,0,0,0,-1,heroicorder_yanqihuajin_lv3,
50014,Viêm Khí Hóa Kinh (Cấp 4),Passive,None,-1,-1,1,false,false,Self,0,0,0,-1,heroicorder_yanqihuajin_lv4,
50015,Viêm Khí Hóa Kinh (Cấp 5),Passive,None,-1,-1,1,false,false,Self,0,0,0,-1,heroicorder_yanqihuajin_lv5,
50016,Viêm Khí Hóa Kinh (Cấp 6),Passive,None,-1,-1,1,false,false,Self,0,0,0,-1,heroicorder_yanqihuajin_lv6,
50017,Viêm Khí Hóa Kinh (Cấp 7),Passive,None,-1,-1,1,false,false,Self,0,0,0,-1,heroicorder_yanqihuajin_lv7,
50018,Viêm Khí Hóa Kinh (Cấp 8),Passive,None,-1,-1,1,false,false,Self,0,0,0,-1,heroicorder_yanqihuajin_lv8,
50019,Viêm Khí Hóa Kinh (Cấp 9),Passive,None,-1,-1,1,false,false,Self,0,0,0,-1,heroicorder_yanqihuajin_lv9,
5001011,Viêm Khí Hóa Kinh - Hóa Kinh (Cấp 1),Auto,SingleTargetBuff,-1,-1,1,false,false,Self,0,0,0,-1,heroicorder_yanqihuajin_child_lv1,
5001012,Viêm Khí Hóa Kinh - Hóa Kinh (Cấp 2),Auto,SingleTargetBuff,-1,-1,1,false,false,Self,0,0,0,-1,heroicorder_yanqihuajin_child_lv2,
5001013,Viêm Khí Hóa Kinh - Hóa Kinh (Cấp 3),Auto,SingleTargetBuff,-1,-1,1,false,false,Self,0,0,0,-1,heroicorder_yanqihuajin_child_lv3,
5001014,Viêm Khí Hóa Kinh - Hóa Kinh (Cấp 4),Auto,SingleTargetBuff,-1,-1,1,false,false,Self,0,0,0,-1,heroicorder_yanqihuajin_child_lv4,
5001015,Viêm Khí Hóa Kinh - Hóa Kinh (Cấp 5),Auto,SingleTargetBuff,-1,-1,1,false,false,Self,0,0,0,-1,heroicorder_yanqihuajin_child_lv5,
5001016,Viêm Khí Hóa Kinh - Hóa Kinh (Cấp 6),Auto,SingleTargetBuff,-1,-1,1,false,false,Self,0,0,0,-1,heroicorder_yanqihuajin_child_lv6,
5001017,Viêm Khí Hóa Kinh - Hóa Kinh (Cấp 7),Auto,SingleTargetBuff,-1,-1,1,false,false,Self,0,0,0,-1,heroicorder_yanqihuajin_child_lv7,
5001018,Viêm Khí Hóa Kinh - Hóa Kinh (Cấp 8),Auto,SingleTargetBuff,-1,-1,1,false,false,Self,0,0,0,-1,heroicorder_yanqihuajin_child_lv8,
5001019,Viêm Khí Hóa Kinh - Hóa Kinh (Cấp 9),Auto,SingleTargetBuff,-1,-1,1,false,false,Self,0,0,0,-1,heroicorder_yanqihuajin_child_lv9,
50021,Huyền Pháp Hóa Kinh (Cấp 1),Passive,None,-1,-1,1,false,false,Self,0,0,0,-1,heroicorder_xuanfahuajin_lv1,
50022,Huyền Pháp Hóa Kinh (Cấp 2),Passive,None,-1,-1,1,false,false,Self,0,0,0,-1,heroicorder_xuanfahuajin_lv2,
50023,Huyền Pháp Hóa Kinh (Cấp 3),Passive,None,-1,-1,1,false,false,Self,0,0,0,-1,heroicorder_xuanfahuajin_lv3,
50024,Huyền Pháp Hóa Kinh (Cấp 4),Passive,None,-1,-1,1,false,false,Self,0,0,0,-1,heroicorder_xuanfahuajin_lv4,
50025,Huyền Pháp Hóa Kinh (Cấp 5),Passive,None,-1,-1,1,false,false,Self,0,0,0,-1,heroicorder_xuanfahuajin_lv5,
50026,Huyền Pháp Hóa Kinh (Cấp 6),Passive,None,-1,-1,1,false,false,Self,0,0,0,-1,heroicorder_xuanfahuajin_lv6,
50027,Huyền Pháp Hóa Kinh (Cấp 7),Passive,None,-1,-1,1,false,false,Self,0,0,0,-1,heroicorder_xuanfahuajin_lv7,
50028,Huyền Pháp Hóa Kinh (Cấp 8),Passive,None,-1,-1,1,false,false,Self,0,0,0,-1,heroicorder_xuanfahuajin_lv8,
50029,Huyền Pháp Hóa Kinh (Cấp 9),Passive,None,-1,-1,1,false,false,Self,0,0,0,-1,heroicorder_xuanfahuajin_lv9,
5002011,Huyền Pháp Hóa Kinh - Hóa Kinh (Cấp 1),Auto,SingleTargetBuff,-1,-1,1,false,false,Self,0,0,0,-1,heroicorder_xuanfahuajin_child_lv1,
5002012,Huyền Pháp Hóa Kinh - Hóa Kinh (Cấp 2),Auto,SingleTargetBuff,-1,-1,1,false,false,Self,0,0,0,-1,heroicorder_xuanfahuajin_child_lv2,
5002013,Huyền Pháp Hóa Kinh - Hóa Kinh (Cấp 3),Auto,SingleTargetBuff,-1,-1,1,false,false,Self,0,0,0,-1,heroicorder_xuanfahuajin_child_lv3,
5002014,Huyền Pháp Hóa Kinh - Hóa Kinh (Cấp 4),Auto,SingleTargetBuff,-1,-1,1,false,false,Self,0,0,0,-1,heroicorder_xuanfahuajin_child_lv4,
5002015,Huyền Pháp Hóa Kinh - Hóa Kinh (Cấp 5),Auto,SingleTargetBuff,-1,-1,1,false,false,Self,0,0,0,-1,heroicorder_xuanfahuajin_child_lv5,
5002016,Huyền Pháp Hóa Kinh - Hóa Kinh (Cấp 6),Auto,SingleTargetBuff,-1,-1,1,false,false,Self,0,0,0,-1,heroicorder_xuanfahuajin_child_lv6,
5002017,Huyền Pháp Hóa Kinh - Hóa Kinh (Cấp 7),Auto,SingleTargetBuff,-1,-1,1,false,false,Self,0,0,0,-1,heroicorder_xuanfahuajin_child_lv7,
5002018,Huyền Pháp Hóa Kinh - Hóa Kinh (Cấp 8),Auto,SingleTargetBuff,-1,-1,1,false,false,Self,0,0,0,-1,heroicorder_xuanfahuajin_child_lv8,
5002019,Huyền Pháp Hóa Kinh - Hóa Kinh (Cấp 9),Auto,SingleTargetBuff,-1,-1,1,false,false,Self,0,0,0,-1,heroicorder_xuanfahuajin_child_lv9,
50031,Bách Độc Hóa Kinh (Cấp 1),Passive,None,-1,-1,1,false,false,Self,0,0,0,-1,heroicorder_baiduhuajin_lv1,
50032,Bách Độc Hóa Kinh (Cấp 2),Passive,None,-1,-1,1,false,false,Self,0,0,0,-1,heroicorder_baiduhuajin_lv2,
50033,Bách Độc Hóa Kinh (Cấp 3),Passive,None,-1,-1,1,false,false,Self,0,0,0,-1,heroicorder_baiduhuajin_lv3,
50034,Bách Độc Hóa Kinh (Cấp 4),Passive,None,-1,-1,1,false,false,Self,0,0,0,-1,heroicorder_baiduhuajin_lv4,
50035,Bách Độc Hóa Kinh (Cấp 5),Passive,None,-1,-1,1,false,false,Self,0,0,0,-1,heroicorder_baiduhuajin_lv5,
50036,Bách Độc Hóa Kinh (Cấp 6),Passive,None,-1,-1,1,false,false,Self,0,0,0,-1,heroicorder_baiduhuajin_lv6,
50037,Bách Độc Hóa Kinh (Cấp 7),Passive,None,-1,-1,1,false,false,Self,0,0,0,-1,heroicorder_baiduhuajin_lv7,
50038,Bách Độc Hóa Kinh (Cấp 8),Passive,None,-1,-1,1,false,false,Self,0,0,0,-1,heroicorder_baiduhuajin_lv8,
50039,Bách Độc Hóa Kinh (Cấp 9),Passive,None,-1,-1,1,false,false,Self,0,0,0,-1,heroicorder_baiduhuajin_lv9,
5003011,Bách Độc Hóa Kinh - Hóa Kinh (Cấp 1),Auto,SingleTargetBuff,-1,-1,1,false,false,Self,0,0,0,-1,heroicorder_baiduhuajin_child_lv1,
5003012,Bách Độc Hóa Kinh - Hóa Kinh (Cấp 2),Auto,SingleTargetBuff,-1,-1,1,false,false,Self,0,0,0,-1,heroicorder_baiduhuajin_child_lv2,
5003013,Bách Độc Hóa Kinh - Hóa Kinh (Cấp 3),Auto,SingleTargetBuff,-1,-1,1,false,false,Self,0,0,0,-1,heroicorder_baiduhuajin_child_lv3,
5003014,Bách Độc Hóa Kinh - Hóa Kinh (Cấp 4),Auto,SingleTargetBuff,-1,-1,1,false,false,Self,0,0,0,-1,heroicorder_baiduhuajin_child_lv4,
5003015,Bách Độc Hóa Kinh - Hóa Kinh (Cấp 5),Auto,SingleTargetBuff,-1,-1,1,false,false,Self,0,0,0,-1,heroicorder_baiduhuajin_child_lv5,
5003016,Bách Độc Hóa Kinh - Hóa Kinh (Cấp 6),Auto,SingleTargetBuff,-1,-1,1,false,false,Self,0,0,0,-1,heroicorder_baiduhuajin_child_lv6,
5003017,Bách Độc Hóa Kinh - Hóa Kinh (Cấp 7),Auto,SingleTargetBuff,-1,-1,1,false,false,Self,0,0,0,-1,heroicorder_baiduhuajin_child_lv7,
5003018,Bách Độc Hóa Kinh - Hóa Kinh (Cấp 8),Auto,SingleTargetBuff,-1,-1,1,false,false,Self,0,0,0,-1,heroicorder_baiduhuajin_child_lv8,
5003019,Bách Độc Hóa Kinh - Hóa Kinh (Cấp 9),Auto,SingleTargetBuff,-1,-1,1,false,false,Self,0,0,0,-1,heroicorder_baiduhuajin_child_lv9,
50041,Liễm Thần Quan Quang (Cấp 1),Passive,None,-1,-1,1,false,false,Self,0,0,0,-1,heroicorder_lianshenguanguang_lv1,
50042,Liễm Thần Quan Quang (Cấp 2),Passive,None,-1,-1,1,false,false,Self,0,0,0,-1,heroicorder_lianshenguanguang_lv2,
50043,Liễm Thần Quan Quang (Cấp 3),Passive,None,-1,-1,1,false,false,Self,0,0,0,-1,heroicorder_lianshenguanguang_lv3,
50044,Liễm Thần Quan Quang (Cấp 4),Passive,None,-1,-1,1,false,false,Self,0,0,0,-1,heroicorder_lianshenguanguang_lv4,
50045,Liễm Thần Quan Quang (Cấp 5),Passive,None,-1,-1,1,false,false,Self,0,0,0,-1,heroicorder_lianshenguanguang_lv5,
50046,Liễm Thần Quan Quang (Cấp 6),Passive,None,-1,-1,1,false,false,Self,0,0,0,-1,heroicorder_lianshenguanguang_lv6,
50047,Liễm Thần Quan Quang (Cấp 7),Passive,None,-1,-1,1,false,false,Self,0,0,0,-1,heroicorder_lianshenguanguang_lv7,
50048,Liễm Thần Quan Quang (Cấp 8),Passive,None,-1,-1,1,false,false,Self,0,0,0,-1,heroicorder_lianshenguanguang_lv8,
50049,Liễm Thần Quan Quang (Cấp 9),Passive,None,-1,-1,1,false,false,Self,0,0,0,-1,heroicorder_lianshenguanguang_lv9,
5004011,Liễm Thần Quan Quang - Suy Thần (Cấp 1),Auto,MeleeSingleTarget,-1,-1,1,false,false,Enemy,0,0,0,-1,heroicorder_lianshenguanguang_child_lv1,
5004012,Liễm Thần Quan Quang - Suy Thần (Cấp 2),Auto,MeleeSingleTarget,-1,-1,1,false,false,Enemy,0,0,0,-1,heroicorder_lianshenguanguang_child_lv2,
5004013,Liễm Thần Quan Quang - Suy Thần (Cấp 3),Auto,MeleeSingleTarget,-1,-1,1,false,false,Enemy,0,0,0,-1,heroicorder_lianshenguanguang_child_lv3,
5004014,Liễm Thần Quan Quang - Suy Thần (Cấp 4),Auto,MeleeSingleTarget,-1,-1,1,false,false,Enemy,0,0,0,-1,heroicorder_lianshenguanguang_child_lv4,
5004015,Liễm Thần Quan Quang - Suy Thần (Cấp 5),Auto,MeleeSingleTarget,-1,-1,1,false,false,Enemy,0,0,0,-1,heroicorder_lianshenguanguang_child_lv5,
5004016,Liễm Thần Quan Quang - Suy Thần (Cấp 6),Auto,MeleeSingleTarget,-1,-1,1,false,false,Enemy,0,0,0,-1,heroicorder_lianshenguanguang_child_lv6,
5004017,Liễm Thần Quan Quang - Suy Thần (Cấp 7),Auto,MeleeSingleTarget,-1,-1,1,false,false,Enemy,0,0,0,-1,heroicorder_lianshenguanguang_child_lv7,
5004018,Liễm Thần Quan Quang - Suy Thần (Cấp 8),Auto,MeleeSingleTarget,-1,-1,1,false,false,Enemy,0,0,0,-1,heroicorder_lianshenguanguang_child_lv8,
5004019,Liễm Thần Quan Quang - Suy Thần (Cấp 9),Auto,MeleeSingleTarget,-1,-1,1,false,false,Enemy,0,0,0,-1,heroicorder_lianshenguanguang_child_lv9,
50051,Bằng Hư Ngự Phong (Cấp 1),Passive,None,-1,-1,1,false,false,Self,0,0,0,-1,heroicorder_pingxuyufeng_lv1,
50052,Bằng Hư Ngự Phong (Cấp 2),Passive,None,-1,-1,1,false,false,Self,0,0,0,-1,heroicorder_pingxuyufeng_lv2,
50053,Bằng Hư Ngự Phong (Cấp 3),Passive,None,-1,-1,1,false,false,Self,0,0,0,-1,heroicorder_pingxuyufeng_lv3,
50054,Bằng Hư Ngự Phong (Cấp 4),Passive,None,-1,-1,1,false,false,Self,0,0,0,-1,heroicorder_pingxuyufeng_lv4,
50055,Bằng Hư Ngự Phong (Cấp 5),Passive,None,-1,-1,1,false,false,Self,0,0,0,-1,heroicorder_pingxuyufeng_lv5,
50056,Bằng Hư Ngự Phong (Cấp 6),Passive,None,-1,-1,1,false,false,Self,0,0,0,-1,heroicorder_pingxuyufeng_lv6,
50057,Bằng Hư Ngự Phong (Cấp 7),Passive,None,-1,-1,1,false,false,Self,0,0,0,-1,heroicorder_pingxuyufeng_lv7,
50058,Bằng Hư Ngự Phong (Cấp 8),Passive,None,-1,-1,1,false,false,Self,0,0,0,-1,heroicorder_pingxuyufeng_lv8,
50059,Bằng Hư Ngự Phong (Cấp 9),Passive,None,-1,-1,1,false,false,Self,0,0,0,-1,heroicorder_pingxuyufeng_lv9,
5005011,Bằng Hư Ngự Phong - Ngự Phong (Cấp 1),Auto,SingleTargetBuff,-1,-1,1,false,false,Self,0,0,0,-1,heroicorder_pingxuyufeng_child_lv1,
5005012,Bằng Hư Ngự Phong - Ngự Phong (Cấp 2),Auto,SingleTargetBuff,-1,-1,1,false,false,Self,0,0,0,-1,heroicorder_pingxuyufeng_child_lv2,
5005013,Bằng Hư Ngự Phong - Ngự Phong (Cấp 3),Auto,SingleTargetBuff,-1,-1,1,false,false,Self,0,0,0,-1,heroicorder_pingxuyufeng_child_lv3,
5005014,Bằng Hư Ngự Phong - Ngự Phong (Cấp 4),Auto,SingleTargetBuff,-1,-1,1,false,false,Self,0,0,0,-1,heroicorder_pingxuyufeng_child_lv4,
5005015,Bằng Hư Ngự Phong - Ngự Phong (Cấp 5),Auto,SingleTargetBuff,-1,-1,1,false,false,Self,0,0,0,-1,heroicorder_pingxuyufeng_child_lv5,
5005016,Bằng Hư Ngự Phong - Ngự Phong (Cấp 6),Auto,SingleTargetBuff,-1,-1,1,false,false,Self,0,0,0,-1,heroicorder_pingxuyufeng_child_lv6,
5005017,Bằng Hư Ngự Phong - Ngự Phong (Cấp 7),Auto,SingleTargetBuff,-1,-1,1,false,false,Self,0,0,0,-1,heroicorder_pingxuyufeng_child_lv7,
5005018,Bằng Hư Ngự Phong - Ngự Phong (Cấp 8),Auto,SingleTargetBuff,-1,-1,1,false,false,Self,0,0,0,-1,heroicorder_pingxuyufeng_child_lv8,
5005019,Bằng Hư Ngự Phong - Ngự Phong (Cấp 9),Auto,SingleTargetBuff,-1,-1,1,false,false,Self,0,0,0,-1,heroicorder_pingxuyufeng_child_lv9,
50061,Tứ Tượng Quy Nhất - Băng (Cấp 1),Passive,None,-1,-1,1,false,false,Self,0,0,0,-1,heroicorder_sixiangguiyi_bing_lv1,
50062,Tứ Tượng Quy Nhất - Băng (Cấp 2),Passive,None,-1,-1,1,false,false,Self,0,0,0,-1,heroicorder_sixiangguiyi_bing_lv2,
50063,Tứ Tượng Quy Nhất - Băng (Cấp 3),Passive,None,-1,-1,1,false,false,Self,0,0,0,-1,heroicorder_sixiangguiyi_bing_lv3,
50064,Tứ Tượng Quy Nhất - Băng (Cấp 4),Passive,None,-1,-1,1,false,false,Self,0,0,0,-1,heroicorder_sixiangguiyi_bing_lv4,
50065,Tứ Tượng Quy Nhất - Băng (Cấp 5),Passive,None,-1,-1,1,false,false,Self,0,0,0,-1,heroicorder_sixiangguiyi_bing_lv5,
50066,Tứ Tượng Quy Nhất - Băng (Cấp 6),Passive,None,-1,-1,1,false,false,Self,0,0,0,-1,heroicorder_sixiangguiyi_bing_lv6,
50067,Tứ Tượng Quy Nhất - Băng (Cấp 7),Passive,None,-1,-1,1,false,false,Self,0,0,0,-1,heroicorder_sixiangguiyi_bing_lv7,
50068,Tứ Tượng Quy Nhất - Băng (Cấp 8),Passive,None,-1,-1,1,false,false,Self,0,0,0,-1,heroicorder_sixiangguiyi_bing_lv8,
50069,Tứ Tượng Quy Nhất - Băng (Cấp 9),Passive,None,-1,-1,1,false,false,Self,0,0,0,-1,heroicorder_sixiangguiyi_bing_lv9,
5006011,Tứ Tượng Quy Nhất - Băng - Quy Nhất (Cấp 1),Auto,SingleTargetBuff,-1,-1,1,false,false,Self,0,0,0,-1,heroicorder_sixiangguiyi_bing_child_lv1,
5006012,Tứ Tượng Quy Nhất - Băng - Quy Nhất (Cấp 2),Auto,SingleTargetBuff,-1,-1,1,false,false,Self,0,0,0,-1,heroicorder_sixiangguiyi_bing_child_lv2,
5006013,Tứ Tượng Quy Nhất - Băng - Quy Nhất (Cấp 3),Auto,SingleTargetBuff,-1,-1,1,false,false,Self,0,0,0,-1,heroicorder_sixiangguiyi_bing_child_lv3,
5006014,Tứ Tượng Quy Nhất - Băng - Quy Nhất (Cấp 4),Auto,SingleTargetBuff,-1,-1,1,false,false,Self,0,0,0,-1,heroicorder_sixiangguiyi_bing_child_lv4,
5006015,Tứ Tượng Quy Nhất - Băng - Quy Nhất (Cấp 5),Auto,SingleTargetBuff,-1,-1,1,false,false,Self,0,0,0,-1,heroicorder_sixiangguiyi_bing_child_lv5,
5006016,Tứ Tượng Quy Nhất - Băng - Quy Nhất (Cấp 6),Auto,SingleTargetBuff,-1,-1,1,false,false,Self,0,0,0,-1,heroicorder_sixiangguiyi_bing_child_lv6,
5006017,Tứ Tượng Quy Nhất - Băng - Quy Nhất (Cấp 7),Auto,SingleTargetBuff,-1,-1,1,false,false,Self,0,0,0,-1,heroicorder_sixiangguiyi_bing_child_lv7,
5006018,Tứ Tượng Quy Nhất - Băng - Quy Nhất (Cấp 8),Auto,SingleTargetBuff,-1,-1,1,false,false,Self,0,0,0,-1,heroicorder_sixiangguiyi_bing_child_lv8,
5006019,Tứ Tượng Quy Nhất - Băng - Quy Nhất (Cấp 9),Auto,SingleTargetBuff,-1,-1,1,false,false,Self,0,0,0,-1,heroicorder_sixiangguiyi_bing_child_lv9,
50071,Tứ Tượng Quy Nhất - Hỏa (Cấp 1),Passive,None,-1,-1,1,false,false,Self,0,0,0,-1,heroicorder_sixiangguiyi_huo_lv1,
50072,Tứ Tượng Quy Nhất - Hỏa (Cấp 2),Passive,None,-1,-1,1,false,false,Self,0,0,0,-1,heroicorder_sixiangguiyi_huo_lv2,
50073,Tứ Tượng Quy Nhất - Hỏa (Cấp 3),Passive,None,-1,-1,1,false,false,Self,0,0,0,-1,heroicorder_sixiangguiyi_huo_lv3,
50074,Tứ Tượng Quy Nhất - Hỏa (Cấp 4),Passive,None,-1,-1,1,false,false,Self,0,0,0,-1,heroicorder_sixiangguiyi_huo_lv4,
50075,Tứ Tượng Quy Nhất - Hỏa (Cấp 5),Passive,None,-1,-1,1,false,false,Self,0,0,0,-1,heroicorder_sixiangguiyi_huo_lv5,
50076,Tứ Tượng Quy Nhất - Hỏa (Cấp 6),Passive,None,-1,-1,1,false,false,Self,0,0,0,-1,heroicorder_sixiangguiyi_huo_lv6,
50077,Tứ Tượng Quy Nhất - Hỏa (Cấp 7),Passive,None,-1,-1,1,false,false,Self,0,0,0,-1,heroicorder_sixiangguiyi_huo_lv7,
50078,Tứ Tượng Quy Nhất - Hỏa (Cấp 8),Passive,None,-1,-1,1,false,false,Self,0,0,0,-1,heroicorder_sixiangguiyi_huo_lv8,
50079,Tứ Tượng Quy Nhất - Hỏa (Cấp 9),Passive,None,-1,-1,1,false,false,Self,0,0,0,-1,heroicorder_sixiangguiyi_huo_lv9,
5007011,Tứ Tượng Quy Nhất - Hỏa - Quy Nhất (Cấp 1),Auto,SingleTargetBuff,-1,-1,1,false,false,Self,0,0,0,-1,heroicorder_sixiangguiyi_huo_child_lv1,
5007012,Tứ Tượng Quy Nhất - Hỏa - Quy Nhất (Cấp 2),Auto,SingleTargetBuff,-1,-1,1,false,false,Self,0,0,0,-1,heroicorder_sixiangguiyi_huo_child_lv2,
5007013,Tứ Tượng Quy Nhất - Hỏa - Quy Nhất (Cấp 3),Auto,SingleTargetBuff,-1,-1,1,false,false,Self,0,0,0,-1,heroicorder_sixiangguiyi_huo_child_lv3,
5007014,Tứ Tượng Quy Nhất - Hỏa - Quy Nhất (Cấp 4),Auto,SingleTargetBuff,-1,-1,1,false,false,Self,0,0,0,-1,heroicorder_sixiangguiyi_huo_child_lv4,
5007015,Tứ Tượng Quy Nhất - Hỏa - Quy Nhất (Cấp 5),Auto,SingleTargetBuff,-1,-1,1,false,false,Self,0,0,0,-1,heroicorder_sixiangguiyi_huo_child_lv5,
5007016,Tứ Tượng Quy Nhất - Hỏa - Quy Nhất (Cấp 6),Auto,SingleTargetBuff,-1,-1,1,false,false,Self,0,0,0,-1,heroicorder_sixiangguiyi_huo_child_lv6,
5007017,Tứ Tượng Quy Nhất - Hỏa - Quy Nhất (Cấp 7),Auto,SingleTargetBuff,-1,-1,1,false,false,Self,0,0,0,-1,heroicorder_sixiangguiyi_huo_child_lv7,
5007018,Tứ Tượng Quy Nhất - Hỏa - Quy Nhất (Cấp 8),Auto,SingleTargetBuff,-1,-1,1,false,false,Self,0,0,0,-1,heroicorder_sixiangguiyi_huo_child_lv8,
5007019,Tứ Tượng Quy Nhất - Hỏa - Quy Nhất (Cấp 9),Auto,SingleTargetBuff,-1,-1,1,false,false,Self,0,0,0,-1,heroicorder_sixiangguiyi_huo_child_lv9,
50081,Tứ Tượng Quy Nhất - Huyền (Cấp 1),Passive,None,-1,-1,1,false,false,Self,0,0,0,-1,heroicorder_sixiangguiyi_xuan_lv1,
50082,Tứ Tượng Quy Nhất - Huyền (Cấp 2),Passive,None,-1,-1,1,false,false,Self,0,0,0,-1,heroicorder_sixiangguiyi_xuan_lv2,
50083,Tứ Tượng Quy Nhất - Huyền (Cấp 3),Passive,None,-1,-1,1,false,false,Self,0,0,0,-1,heroicorder_sixiangguiyi_xuan_lv3,
50084,Tứ Tượng Quy Nhất - Huyền (Cấp 4),Passive,None,-1,-1,1,false,false,Self,0,0,0,-1,heroicorder_sixiangguiyi_xuan_lv4,
50085,Tứ Tượng Quy Nhất - Huyền (Cấp 5),Passive,None,-1,-1,1,false,false,Self,0,0,0,-1,heroicorder_sixiangguiyi_xuan_lv5,
50086,Tứ Tượng Quy Nhất - Huyền (Cấp 6),Passive,None,-1,-1,1,false,false,Self,0,0,0,-1,heroicorder_sixiangguiyi_xuan_lv6,
50087,Tứ Tượng Quy Nhất - Huyền (Cấp 7),Passive,None,-1,-1,1,false,false,Self,0,0,0,-1,heroicorder_sixiangguiyi_xuan_lv7,
50088,Tứ Tượng Quy Nhất - Huyền (Cấp 8),Passive,None,-1,-1,1,false,false,Self,0,0,0,-1,heroicorder_sixiangguiyi_xuan_lv8,
50089,Tứ Tượng Quy Nhất - Huyền (Cấp 9),Passive,None,-1,-1,1,false,false,Self,0,0,0,-1,heroicorder_sixiangguiyi_xuan_lv9,
5008011,Tứ Tượng Quy Nhất - Huyền - Quy Nhất (Cấp 1),Auto,SingleTargetBuff,-1,-1,1,false,false,Self,0,0,0,-1,heroicorder_sixiangguiyi_xuan_child_lv1,
5008012,Tứ Tượng Quy Nhất - Huyền - Quy Nhất (Cấp 2),Auto,SingleTargetBuff,-1,-1,1,false,false,Self,0,0,0,-1,heroicorder_sixiangguiyi_xuan_child_lv2,
5008013,Tứ Tượng Quy Nhất - Huyền - Quy Nhất (Cấp 3),Auto,SingleTargetBuff,-1,-1,1,false,false,Self,0,0,0,-1,heroicorder_sixiangguiyi_xuan_child_lv3,
5008014,Tứ Tượng Quy Nhất - Huyền - Quy Nhất (Cấp 4),Auto,SingleTargetBuff,-1,-1,1,false,false,Self,0,0,0,-1,heroicorder_sixiangguiyi_xuan_child_lv4,
5008015,Tứ Tượng Quy Nhất - Huyền - Quy Nhất (Cấp 5),Auto,SingleTargetBuff,-1,-1,1,false,false,Self,0,0,0,-1,heroicorder_sixiangguiyi_xuan_child_lv5,
5008016,Tứ Tượng Quy Nhất - Huyền - Quy Nhất (Cấp 6),Auto,SingleTargetBuff,-1,-1,1,false,false,Self,0,0,0,-1,heroicorder_sixiangguiyi_xuan_child_lv6,
5008017,Tứ Tượng Quy Nhất - Huyền - Quy Nhất (Cấp 7),Auto,SingleTargetBuff,-1,-1,1,false,false,Self,0,0,0,-1,heroicorder_sixiangguiyi_xuan_child_lv7,
5008018,Tứ Tượng Quy Nhất - Huyền - Quy Nhất (Cấp 8),Auto,SingleTargetBuff,-1,-1,1,false,false,Self,0,0,0,-1,heroicorder_sixiangguiyi_xuan_child_lv8,
5008019,Tứ Tượng Quy Nhất - Huyền - Quy Nhất (Cấp 9),Auto,SingleTargetBuff,-1,-1,1,false,false,Self,0,0,0,-1,heroicorder_sixiangguiyi_xuan_child_lv9,
50091,Tứ Tượng Quy Nhất - Độc (Cấp 1),Passive,None,-1,-1,1,false,false,Self,0,0,0,-1,heroicorder_sixiangguiyi_du_lv1,
50092,Tứ Tượng Quy Nhất - Độc (Cấp 2),Passive,None,-1,-1,1,false,false,Self,0,0,0,-1,heroicorder_sixiangguiyi_du_lv2,
50093,Tứ Tượng Quy Nhất - Độc (Cấp 3),Passive,None,-1,-1,1,false,false,Self,0,0,0,-1,heroicorder_sixiangguiyi_du_lv3,
50094,Tứ Tượng Quy Nhất - Độc (Cấp 4),Passive,None,-1,-1,1,false,false,Self,0,0,0,-1,heroicorder_sixiangguiyi_du_lv4,
50095,Tứ Tượng Quy Nhất - Độc (Cấp 5),Passive,None,-1,-1,1,false,false,Self,0,0,0,-1,heroicorder_sixiangguiyi_du_lv5,
50096,Tứ Tượng Quy Nhất - Độc (Cấp 6),Passive,None,-1,-1,1,false,false,Self,0,0,0,-1,heroicorder_sixiangguiyi_du_lv6,
50097,Tứ Tượng Quy Nhất - Độc (Cấp 7),Passive,None,-1,-1,1,false,false,Self,0,0,0,-1,heroicorder_sixiangguiyi_du_lv7,
50098,Tứ Tượng Quy Nhất - Độc (Cấp 8),Passive,None,-1,-1,1,false,false,Self,0,0,0,-1,heroicorder_sixiangguiyi_du_lv8,
50099,Tứ Tượng Quy Nhất - Độc (Cấp 9),Passive,None,-1,-1,1,false,false,Self,0,0,0,-1,heroicorder_sixiangguiyi_du_lv9,
5009011,Tứ Tượng Quy Nhất - Độc - Quy Nhất (Cấp 1),Auto,SingleTargetBuff,-1,-1,1,false,false,Self,0,0,0,-1,heroicorder_sixiangguiyi_du_child_lv1,
5009012,Tứ Tượng Quy Nhất - Độc - Quy Nhất (Cấp 2),Auto,SingleTargetBuff,-1,-1,1,false,false,Self,0,0,0,-1,heroicorder_sixiangguiyi_du_child_lv2,
5009013,Tứ Tượng Quy Nhất - Độc - Quy Nhất (Cấp 3),Auto,SingleTargetBuff,-1,-1,1,false,false,Self,0,0,0,-1,heroicorder_sixiangguiyi_du_child_lv3,
5009014,Tứ Tượng Quy Nhất - Độc - Quy Nhất (Cấp 4),Auto,SingleTargetBuff,-1,-1,1,false,false,Self,0,0,0,-1,heroicorder_sixiangguiyi_du_child_lv4,
5009015,Tứ Tượng Quy Nhất - Độc - Quy Nhất (Cấp 5),Auto,SingleTargetBuff,-1,-1,1,false,false,Self,0,0,0,-1,heroicorder_sixiangguiyi_du_child_lv5,
5009016,Tứ Tượng Quy Nhất - Độc - Quy Nhất (Cấp 6),Auto,SingleTargetBuff,-1,-1,1,false,false,Self,0,0,0,-1,heroicorder_sixiangguiyi_du_child_lv6,
5009017,Tứ Tượng Quy Nhất - Độc - Quy Nhất (Cấp 7),Auto,SingleTargetBuff,-1,-1,1,false,false,Self,0,0,0,-1,heroicorder_sixiangguiyi_du_child_lv7,
5009018,Tứ Tượng Quy Nhất - Độc - Quy Nhất (Cấp 8),Auto,SingleTargetBuff,-1,-1,1,false,false,Self,0,0,0,-1,heroicorder_sixiangguiyi_du_child_lv8,
5009019,Tứ Tượng Quy Nhất - Độc - Quy Nhất (Cấp 9),Auto,SingleTargetBuff,-1,-1,1,false,false,Self,0,0,0,-1,heroicorder_sixiangguiyi_du_child_lv9,
50101,Khí Định Thần Nhàn (Cấp 1),Passive,None,-1,-1,1,false,false,Self,0,0,0,-1,heroicorder_qidingshenxian_lv1,
50102,Khí Định Thần Nhàn (Cấp 2),Passive,None,-1,-1,1,false,false,Self,0,0,0,-1,heroicorder_qidingshenxian_lv2,
50103,Khí Định Thần Nhàn (Cấp 3),Passive,None,-1,-1,1,false,false,Self,0,0,0,-1,heroicorder_qidingshenxian_lv3,
50104,Khí Định Thần Nhàn (Cấp 4),Passive,None,-1,-1,1,false,false,Self,0,0,0,-1,heroicorder_qidingshenxian_lv4,
50105,Khí Định Thần Nhàn (Cấp 5),Passive,None,-1,-1,1,false,false,Self,0,0,0,-1,heroicorder_qidingshenxian_lv5,
50106,Khí Định Thần Nhàn (Cấp 6),Passive,None,-1,-1,1,false,false,Self,0,0,0,-1,heroicorder_qidingshenxian_lv6,
50107,Khí Định Thần Nhàn (Cấp 7),Passive,None,-1,-1,1,false,false,Self,0,0,0,-1,heroicorder_qidingshenxian_lv7,
50108,Khí Định Thần Nhàn (Cấp 8),Passive,None,-1,-1,1,false,false,Self,0,0,0,-1,heroicorder_qidingshenxian_lv8,
50109,Khí Định Thần Nhàn (Cấp 9),Passive,None,-1,-1,1,false,false,Self,0,0,0,-1,heroicorder_qidingshenxian_lv9,
5010011,Khí Định Thần Nhàn - Hội Thủ (Cấp 1),Auto,SingleTargetBuff,-1,-1,1,false,false,Self,0,0,0,-1,heroicorder_qidingshenxian_child_lv1,
5010012,Khí Định Thần Nhàn - Hội Thủ (Cấp 2),Auto,SingleTargetBuff,-1,-1,1,false,false,Self,0,0,0,-1,heroicorder_qidingshenxian_child_lv2,
5010013,Khí Định Thần Nhàn - Hội Thủ (Cấp 3),Auto,SingleTargetBuff,-1,-1,1,false,false,Self,0,0,0,-1,heroicorder_qidingshenxian_child_lv3,
5010014,Khí Định Thần Nhàn - Hội Thủ (Cấp 4),Auto,SingleTargetBuff,-1,-1,1,false,false,Self,0,0,0,-1,heroicorder_qidingshenxian_child_lv4,
5010015,Khí Định Thần Nhàn - Hội Thủ (Cấp 5),Auto,SingleTargetBuff,-1,-1,1,false,false,Self,0,0,0,-1,heroicorder_qidingshenxian_child_lv5,
5010016,Khí Định Thần Nhàn - Hội Thủ (Cấp 6),Auto,SingleTargetBuff,-1,-1,1,false,false,Self,0,0,0,-1,heroicorder_qidingshenxian_child_lv6,
5010017,Khí Định Thần Nhàn - Hội Thủ (Cấp 7),Auto,SingleTargetBuff,-1,-1,1,false,false,Self,0,0,0,-1,heroicorder_qidingshenxian_child_lv7,
5010018,Khí Định Thần Nhàn - Hội Thủ (Cấp 8),Auto,SingleTargetBuff,-1,-1,1,false,false,Self,0,0,0,-1,heroicorder_qidingshenxian_child_lv8,
5010019,Khí Định Thần Nhàn - Hội Thủ (Cấp 9),Auto,SingleTargetBuff,-1,-1,1,false,false,Self,0,0,0,-1,heroicorder_qidingshenxian_child_lv9,
50111,Lực Phá Càn Khôn (Cấp 1),Passive,None,-1,-1,1,false,false,Self,0,0,0,-1,heroicorder_lipoqiankun_lv1,
50112,Lực Phá Càn Khôn (Cấp 2),Passive,None,-1,-1,1,false,false,Self,0,0,0,-1,heroicorder_lipoqiankun_lv2,
50113,Lực Phá Càn Khôn (Cấp 3),Passive,None,-1,-1,1,false,false,Self,0,0,0,-1,heroicorder_lipoqiankun_lv3,
50114,Lực Phá Càn Khôn (Cấp 4),Passive,None,-1,-1,1,false,false,Self,0,0,0,-1,heroicorder_lipoqiankun_lv4,
50115,Lực Phá Càn Khôn (Cấp 5),Passive,None,-1,-1,1,false,false,Self,0,0,0,-1,heroicorder_lipoqiankun_lv5,
50116,Lực Phá Càn Khôn (Cấp 6),Passive,None,-1,-1,1,false,false,Self,0,0,0,-1,heroicorder_lipoqiankun_lv6,
50117,Lực Phá Càn Khôn (Cấp 7),Passive,None,-1,-1,1,false,false,Self,0,0,0,-1,heroicorder_lipoqiankun_lv7,
50118,Lực Phá Càn Khôn (Cấp 8),Passive,None,-1,-1,1,false,false,Self,0,0,0,-1,heroicorder_lipoqiankun_lv8,
50119,Lực Phá Càn Khôn (Cấp 9),Passive,None,-1,-1,1,false,false,Self,0,0,0,-1,heroicorder_lipoqiankun_lv9,
5011011,Lực Phá Càn Khôn - Phạm Vi (Cấp 1),Auto,MultipleTargetsAroundTarget,-1,-1,1,false,true,Enemy,20,5,0,-1,heroicorder_lipoqiankun_child_lv1,
5011012,Lực Phá Càn Khôn - Phạm Vi (Cấp 2),Auto,MultipleTargetsAroundTarget,-1,-1,1,false,true,Enemy,20,5,0,-1,heroicorder_lipoqiankun_child_lv2,
5011013,Lực Phá Càn Khôn - Phạm Vi (Cấp 3),Auto,MultipleTargetsAroundTarget,-1,-1,1,false,true,Enemy,20,5,0,-1,heroicorder_lipoqiankun_child_lv3,
5011014,Lực Phá Càn Khôn - Phạm Vi (Cấp 4),Auto,MultipleTargetsAroundTarget,-1,-1,1,false,true,Enemy,20,5,0,-1,heroicorder_lipoqiankun_child_lv4,
5011015,Lực Phá Càn Khôn - Phạm Vi (Cấp 5),Auto,MultipleTargetsAroundTarget,-1,-1,1,false,true,Enemy,20,5,0,-1,heroicorder_lipoqiankun_child_lv5,
5011016,Lực Phá Càn Khôn - Phạm Vi (Cấp 6),Auto,MultipleTargetsAroundTarget,-1,-1,1,false,true,Enemy,20,5,0,-1,heroicorder_lipoqiankun_child_lv6,
5011017,Lực Phá Càn Khôn - Phạm Vi (Cấp 7),Auto,MultipleTargetsAroundTarget,-1,-1,1,false,true,Enemy,20,5,0,-1,heroicorder_lipoqiankun_child_lv7,
5011018,Lực Phá Càn Khôn - Phạm Vi (Cấp 8),Auto,MultipleTargetsAroundTarget,-1,-1,1,false,true,Enemy,20,5,0,-1,heroicorder_lipoqiankun_child_lv8,
5011019,Lực Phá Càn Khôn - Phạm Vi (Cấp 9),Auto,MultipleTargetsAroundTarget,-1,-1,1,false,true,Enemy,20,5,0,-1,heroicorder_lipoqiankun_child_lv9,
50121,Canh Khí Hộ Thể (Cấp 1),Passive,None,-1,-1,1,false,false,Self,0,0,0,-1,heroicorder_gangqihuti_lv1,
50122,Canh Khí Hộ Thể (Cấp 2),Passive,None,-1,-1,1,false,false,Self,0,0,0,-1,heroicorder_gangqihuti_lv2,
50123,Canh Khí Hộ Thể (Cấp 3),Passive,None,-1,-1,1,false,false,Self,0,0,0,-1,heroicorder_gangqihuti_lv3,
50124,Canh Khí Hộ Thể (Cấp 4),Passive,None,-1,-1,1,false,false,Self,0,0,0,-1,heroicorder_gangqihuti_lv4,
50125,Canh Khí Hộ Thể (Cấp 5),Passive,None,-1,-1,1,false,false,Self,0,0,0,-1,heroicorder_gangqihuti_lv5,
50126,Canh Khí Hộ Thể (Cấp 6),Passive,None,-1,-1,1,false,false,Self,0,0,0,-1,heroicorder_gangqihuti_lv6,
50127,Canh Khí Hộ Thể (Cấp 7),Passive,None,-1,-1,1,false,false,Self,0,0,0,-1,heroicorder_gangqihuti_lv7,
50128,Canh Khí Hộ Thể (Cấp 8),Passive,None,-1,-1,1,false,false,Self,0,0,0,-1,heroicorder_gangqihuti_lv8,
50129,Canh Khí Hộ Thể (Cấp 9),Passive,None,-1,-1,1,false,false,Self,0,0,0,-1,heroicorder_gangqihuti_lv9,
5012011,Canh Khí Hộ Thể - Hộ Thể (Cấp 1),Auto,SingleTargetBuff,-1,-1,1,false,false,Self,0,0,0,-1,heroicorder_gangqihuti_child_lv1,
5012012,Canh Khí Hộ Thể - Hộ Thể (Cấp 2),Auto,SingleTargetBuff,-1,-1,1,false,false,Self,0,0,0,-1,heroicorder_gangqihuti_child_lv2,
5012013,Canh Khí Hộ Thể - Hộ Thể (Cấp 3),Auto,SingleTargetBuff,-1,-1,1,false,false,Self,0,0,0,-1,heroicorder_gangqihuti_child_lv3,
5012014,Canh Khí Hộ Thể - Hộ Thể (Cấp 4),Auto,SingleTargetBuff,-1,-1,1,false,false,Self,0,0,0,-1,heroicorder_gangqihuti_child_lv4,
5012015,Canh Khí Hộ Thể - Hộ Thể (Cấp 5),Auto,SingleTargetBuff,-1,-1,1,false,false,Self,0,0,0,-1,heroicorder_gangqihuti_child_lv5,
5012016,Canh Khí Hộ Thể - Hộ Thể (Cấp 6),Auto,SingleTargetBuff,-1,-1,1,false,false,Self,0,0,0,-1,heroicorder_gangqihuti_child_lv6,
5012017,Canh Khí Hộ Thể - Hộ Thể (Cấp 7),Auto,SingleTargetBuff,-1,-1,1,false,false,Self,0,0,0,-1,heroicorder_gangqihuti_child_lv7,
5012018,Canh Khí Hộ Thể - Hộ Thể (Cấp 8),Auto,SingleTargetBuff,-1,-1,1,false,false,Self,0,0,0,-1,heroicorder_gangqihuti_child_lv8,
5012019,Canh Khí Hộ Thể - Hộ Thể (Cấp 9),Auto,SingleTargetBuff,-1,-1,1,false,false,Self,0,0,0,-1,heroicorder_gangqihuti_child_lv9,
50131,Tán Hồn Trận Thuật (Cấp 1),Passive,None,-1,-1,1,false,false,Self,0,0,0,-1,heroicorder_sanhunzhenshu_lv1,
50132,Tán Hồn Trận Thuật (Cấp 2),Passive,None,-1,-1,1,false,false,Self,0,0,0,-1,heroicorder_sanhunzhenshu_lv2,
50133,Tán Hồn Trận Thuật (Cấp 3),Passive,None,-1,-1,1,false,false,Self,0,0,0,-1,heroicorder_sanhunzhenshu_lv3,
50134,Tán Hồn Trận Thuật (Cấp 4),Passive,None,-1,-1,1,false,false,Self,0,0,0,-1,heroicorder_sanhunzhenshu_lv4,
50135,Tán Hồn Trận Thuật (Cấp 5),Passive,None,-1,-1,1,false,false,Self,0,0,0,-1,heroicorder_sanhunzhenshu_lv5,
50136,Tán Hồn Trận Thuật (Cấp 6),Passive,None,-1,-1,1,false,false,Self,0,0,0,-1,heroicorder_sanhunzhenshu_lv6,
50137,Tán Hồn Trận Thuật (Cấp 7),Passive,None,-1,-1,1,false,false,Self,0,0,0,-1,heroicorder_sanhunzhenshu_lv7,
50138,Tán Hồn Trận Thuật (Cấp 8),Passive,None,-1,-1,1,false,false,Self,0,0,0,-1,heroicorder_sanhunzhenshu_lv8,
50139,Tán Hồn Trận Thuật (Cấp 9),Passive,None,-1,-1,1,false,false,Self,0,0,0,-1,heroicorder_sanhunzhenshu_lv9,
5013011,Tán Hồn Trận Thuật - Trận (Cấp 1),Auto,Trap,-1,-1,1,false,false,Enemy,20,5,0,-1,heroicorder_sanhunzhenshu_child_lv1,
5013012,Tán Hồn Trận Thuật - Trận (Cấp 2),Auto,Trap,-1,-1,1,false,false,Enemy,20,5,0,-1,heroicorder_sanhunzhenshu_child_lv2,
5013013,Tán Hồn Trận Thuật - Trận (Cấp 3),Auto,Trap,-1,-1,1,false,false,Enemy,20,5,0,-1,heroicorder_sanhunzhenshu_child_lv3,
5013014,Tán Hồn Trận Thuật - Trận (Cấp 4),Auto,Trap,-1,-1,1,false,false,Enemy,20,5,0,-1,heroicorder_sanhunzhenshu_child_lv4,
5013015,Tán Hồn Trận Thuật - Trận (Cấp 5),Auto,Trap,-1,-1,1,false,false,Enemy,20,5,0,-1,heroicorder_sanhunzhenshu_child_lv5,
5013016,Tán Hồn Trận Thuật - Trận (Cấp 6),Auto,Trap,-1,-1,1,false,false,Enemy,20,5,0,-1,heroicorder_sanhunzhenshu_child_lv6,
5013017,Tán Hồn Trận Thuật - Trận (Cấp 7),Auto,Trap,-1,-1,1,false,false,Enemy,20,5,0,-1,heroicorder_sanhunzhenshu_child_lv7,
5013018,Tán Hồn Trận Thuật - Trận (Cấp 8),Auto,Trap,-1,-1,1,false,false,Enemy,20,5,0,-1,heroicorder_sanhunzhenshu_child_lv8,
5013019,Tán Hồn Trận Thuật - Trận (Cấp 9),Auto,Trap,-1,-1,1,false,false,Enemy,20,5,0,-1,heroicorder_sanhunzhenshu_child_lv9,
5013021,Tán Hồn Trận Thuật - Phát Nổ (Cấp 1),Auto,MeleeSingleTarget,-1,-1,1,false,false,Enemy,0,0,0,-1,heroicorder_sanhunzhenshu_child_2_lv1,
5013022,Tán Hồn Trận Thuật - Phát Nổ (Cấp 2),Auto,MeleeSingleTarget,-1,-1,1,false,false,Enemy,0,0,0,-1,heroicorder_sanhunzhenshu_child_2_lv2,
5013023,Tán Hồn Trận Thuật - Phát Nổ (Cấp 3),Auto,MeleeSingleTarget,-1,-1,1,false,false,Enemy,0,0,0,-1,heroicorder_sanhunzhenshu_child_2_lv3,
5013024,Tán Hồn Trận Thuật - Phát Nổ (Cấp 4),Auto,MeleeSingleTarget,-1,-1,1,false,false,Enemy,0,0,0,-1,heroicorder_sanhunzhenshu_child_2_lv4,
5013025,Tán Hồn Trận Thuật - Phát Nổ (Cấp 5),Auto,MeleeSingleTarget,-1,-1,1,false,false,Enemy,0,0,0,-1,heroicorder_sanhunzhenshu_child_2_lv5,
5013026,Tán Hồn Trận Thuật - Phát Nổ (Cấp 6),Auto,MeleeSingleTarget,-1,-1,1,false,false,Enemy,0,0,0,-1,heroicorder_sanhunzhenshu_child_2_lv6,
5013027,Tán Hồn Trận Thuật - Phát Nổ (Cấp 7),Auto,MeleeSingleTarget,-1,-1,1,false,false,Enemy,0,0,0,-1,heroicorder_sanhunzhenshu_child_2_lv7,
5013028,Tán Hồn Trận Thuật - Phát Nổ (Cấp 8),Auto,MeleeSingleTarget,-1,-1,1,false,false,Enemy,0,0,0,-1,heroicorder_sanhunzhenshu_child_2_lv8,
5013029,Tán Hồn Trận Thuật - Phát Nổ (Cấp 9),Auto,MeleeSingleTarget,-1,-1,1,false,false,Enemy,0,0,0,-1,heroicorder_sanhunzhenshu_child_2_lv9,
50141,Khí Xung Tiêu Hán (Cấp 1),Passive,None,-1,-1,1,false,false,Self,0,0,0,-1,heroicorder_qichongxiaohan_lv1,
50142,Khí Xung Tiêu Hán (Cấp 2),Passive,None,-1,-1,1,false,false,Self,0,0,0,-1,heroicorder_qichongxiaohan_lv2,
50143,Khí Xung Tiêu Hán (Cấp 3),Passive,None,-1,-1,1,false,false,Self,0,0,0,-1,heroicorder_qichongxiaohan_lv3,
50144,Khí Xung Tiêu Hán (Cấp 4),Passive,None,-1,-1,1,false,false,Self,0,0,0,-1,heroicorder_qichongxiaohan_lv4,
50145,Khí Xung Tiêu Hán (Cấp 5),Passive,None,-1,-1,1,false,false,Self,0,0,0,-1,heroicorder_qichongxiaohan_lv5,
50146,Khí Xung Tiêu Hán (Cấp 6),Passive,None,-1,-1,1,false,false,Self,0,0,0,-1,heroicorder_qichongxiaohan_lv6,
50147,Khí Xung Tiêu Hán (Cấp 7),Passive,None,-1,-1,1,false,false,Self,0,0,0,-1,heroicorder_qichongxiaohan_lv7,
50148,Khí Xung Tiêu Hán (Cấp 8),Passive,None,-1,-1,1,false,false,Self,0,0,0,-1,heroicorder_qichongxiaohan_lv8,
50149,Khí Xung Tiêu Hán (Cấp 9),Passive,None,-1,-1,1,false,false,Self,0,0,0,-1,heroicorder_qichongxiaohan_lv9,
5014011,Khí Xung Tiêu Hán - Hồi Nộ (Cấp 1),Auto,SingleTargetBuff,-1,-1,1,false,false,Self,0,0,0,-1,heroicorder_qichongxiaohan_child_lv1,
5014012,Khí Xung Tiêu Hán - Hồi Nộ (Cấp 2),Auto,SingleTargetBuff,-1,-1,1,false,false,Self,0,0,0,-1,heroicorder_qichongxiaohan_child_lv2,
5014013,Khí Xung Tiêu Hán - Hồi Nộ (Cấp 3),Auto,SingleTargetBuff,-1,-1,1,false,false,Self,0,0,0,-1,heroicorder_qichongxiaohan_child_lv3,
5014014,Khí Xung Tiêu Hán - Hồi Nộ (Cấp 4),Auto,SingleTargetBuff,-1,-1,1,false,false,Self,0,0,0,-1,heroicorder_qichongxiaohan_child_lv4,
5014015,Khí Xung Tiêu Hán - Hồi Nộ (Cấp 5),Auto,SingleTargetBuff,-1,-1,1,false,false,Self,0,0,0,-1,heroicorder_qichongxiaohan_child_lv5,
5014016,Khí Xung Tiêu Hán - Hồi Nộ (Cấp 6),Auto,SingleTargetBuff,-1,-1,1,false,false,Self,0,0,0,-1,heroicorder_qichongxiaohan_child_lv6,
5014017,Khí Xung Tiêu Hán - Hồi Nộ (Cấp 7),Auto,SingleTargetBuff,-1,-1,1,false,false,Self,0,0,0,-1,heroicorder_qichongxiaohan_child_lv7,
5014018,Khí Xung Tiêu Hán - Hồi Nộ (Cấp 8),Auto,SingleTargetBuff,-1,-1,1,false,false,Self,0,0,0,-1,heroicorder_qichongxiaohan_child_lv8,
5014019,Khí Xung Tiêu Hán - Hồi Nộ (Cấp 9),Auto,SingleTargetBuff,-1,-1,1,false,false,Self,0,0,0,-1,heroicorder_qichongxiaohan_child_lv9,
50151,Thập Tam Thái Bảo (Cấp 1),Passive,None,-1,-1,1,false,false,Self,0,0,0,-1,heroicorder_shisantaibao_lv1,
50152,Thập Tam Thái Bảo (Cấp 2),Passive,None,-1,-1,1,false,false,Self,0,0,0,-1,heroicorder_shisantaibao_lv2,
50153,Thập Tam Thái Bảo (Cấp 3),Passive,None,-1,-1,1,false,false,Self,0,0,0,-1,heroicorder_shisantaibao_lv3,
50154,Thập Tam Thái Bảo (Cấp 4),Passive,None,-1,-1,1,false,false,Self,0,0,0,-1,heroicorder_shisantaibao_lv4,
50155,Thập Tam Thái Bảo (Cấp 5),Passive,None,-1,-1,1,false,false,Self,0,0,0,-1,heroicorder_shisantaibao_lv5,
50156,Thập Tam Thái Bảo (Cấp 6),Passive,None,-1,-1,1,false,false,Self,0,0,0,-1,heroicorder_shisantaibao_lv6,
50157,Thập Tam Thái Bảo (Cấp 7),Passive,None,-1,-1,1,false,false,Self,0,0,0,-1,heroicorder_shisantaibao_lv7,
50158,Thập Tam Thái Bảo (Cấp 8),Passive,None,-1,-1,1,false,false,Self,0,0,0,-1,heroicorder_shisantaibao_lv8,
50159,Thập Tam Thái Bảo (Cấp 9),Passive,None,-1,-1,1,false,false,Self,0,0,0,-1,heroicorder_shisantaibao_lv9,
5015011,Thập Tam Thái Bảo - Hoành Luyện (Cấp 1),Auto,SingleTargetBuff,-1,-1,1,false,false,Self,0,0,0,-1,heroicorder_shisantaibao_child_lv1,
5015012,Thập Tam Thái Bảo - Hoành Luyện (Cấp 2),Auto,SingleTargetBuff,-1,-1,1,false,false,Self,0,0,0,-1,heroicorder_shisantaibao_child_lv2,
5015013,Thập Tam Thái Bảo - Hoành Luyện (Cấp 3),Auto,SingleTargetBuff,-1,-1,1,false,false,Self,0,0,0,-1,heroicorder_shisantaibao_child_lv3,
5015014,Thập Tam Thái Bảo - Hoành Luyện (Cấp 4),Auto,SingleTargetBuff,-1,-1,1,false,false,Self,0,0,0,-1,heroicorder_shisantaibao_child_lv4,
5015015,Thập Tam Thái Bảo - Hoành Luyện (Cấp 5),Auto,SingleTargetBuff,-1,-1,1,false,false,Self,0,0,0,-1,heroicorder_shisantaibao_child_lv5,
5015016,Thập Tam Thái Bảo - Hoành Luyện (Cấp 6),Auto,SingleTargetBuff,-1,-1,1,false,false,Self,0,0,0,-1,heroicorder_shisantaibao_child_lv6,
5015017,Thập Tam Thái Bảo - Hoành Luyện (Cấp 7),Auto,SingleTargetBuff,-1,-1,1,false,false,Self,0,0,0,-1,heroicorder_shisantaibao_child_lv7,
5015018,Thập Tam Thái Bảo - Hoành Luyện (Cấp 8),Auto,SingleTargetBuff,-1,-1,1,false,false,Self,0,0,0,-1,heroicorder_shisantaibao_child_lv8,
5015019,Thập Tam Thái Bảo - Hoành Luyện (Cấp 9),Auto,SingleTargetBuff,-1,-1,1,false,false,Self,0,0,0,-1,heroicorder_shisantaibao_child_lv9,
5015111,Thập Tam Thái Bảo - Miễn Dịch Ngoại Công (Cấp 1),Auto,SingleTargetBuff,-1,-1,1,false,false,Self,0,0,0,-1,heroicorder_shisantaibao_child_11_lv1,
5015112,Thập Tam Thái Bảo - Miễn Dịch Ngoại Công (Cấp 2),Auto,SingleTargetBuff,-1,-1,1,false,false,Self,0,0,0,-1,heroicorder_shisantaibao_child_11_lv2,
5015113,Thập Tam Thái Bảo - Miễn Dịch Ngoại Công (Cấp 3),Auto,SingleTargetBuff,-1,-1,1,false,false,Self,0,0,0,-1,heroicorder_shisantaibao_child_11_lv3,
5015114,Thập Tam Thái Bảo - Miễn Dịch Ngoại Công (Cấp 4),Auto,SingleTargetBuff,-1,-1,1,false,false,Self,0,0,0,-1,heroicorder_shisantaibao_child_11_lv4,
5015115,Thập Tam Thái Bảo - Miễn Dịch Ngoại Công (Cấp 5),Auto,SingleTargetBuff,-1,-1,1,false,false,Self,0,0,0,-1,heroicorder_shisantaibao_child_11_lv5,
5015116,Thập Tam Thái Bảo - Miễn Dịch Ngoại Công (Cấp 6),Auto,SingleTargetBuff,-1,-1,1,false,false,Self,0,0,0,-1,heroicorder_shisantaibao_child_11_lv6,
5015117,Thập Tam Thái Bảo - Miễn Dịch Ngoại Công (Cấp 7),Auto,SingleTargetBuff,-1,-1,1,false,false,Self,0,0,0,-1,heroicorder_shisantaibao_child_11_lv7,
5015118,Thập Tam Thái Bảo - Miễn Dịch Ngoại Công (Cấp 8),Auto,SingleTargetBuff,-1,-1,1,false,false,Self,0,0,0,-1,heroicorder_shisantaibao_child_11_lv8,
5015119,Thập Tam Thái Bảo - Miễn Dịch Ngoại Công (Cấp 9),Auto,SingleTargetBuff,-1,-1,1,false,false,Self,0,0,0,-1,heroicorder_shisantaibao_child_11_lv9,
5015121,Thập Tam Thái Bảo - Miễn Dịch Nội Công (Cấp 1),Auto,SingleTargetBuff,-1,-1,1,false,false,Self,0,0,0,-1,heroicorder_shisantaibao_child_12_lv1,
5015122,Thập Tam Thái Bảo - Miễn Dịch Nội Công (Cấp 2),Auto,SingleTargetBuff,-1,-1,1,false,false,Self,0,0,0,-1,heroicorder_shisantaibao_child_12_lv2,
5015123,Thập Tam Thái Bảo - Miễn Dịch Nội Công (Cấp 3),Auto,SingleTargetBuff,-1,-1,1,false,false,Self,0,0,0,-1,heroicorder_shisantaibao_child_12_lv3,
5015124,Thập Tam Thái Bảo - Miễn Dịch Nội Công (Cấp 4),Auto,SingleTargetBuff,-1,-1,1,false,false,Self,0,0,0,-1,heroicorder_shisantaibao_child_12_lv4,
5015125,Thập Tam Thái Bảo - Miễn Dịch Nội Công (Cấp 5),Auto,SingleTargetBuff,-1,-1,1,false,false,Self,0,0,0,-1,heroicorder_shisantaibao_child_12_lv5,
5015126,Thập Tam Thái Bảo - Miễn Dịch Nội Công (Cấp 6),Auto,SingleTargetBuff,-1,-1,1,false,false,Self,0,0,0,-1,heroicorder_shisantaibao_child_12_lv6,
5015127,Thập Tam Thái Bảo - Miễn Dịch Nội Công (Cấp 7),Auto,SingleTargetBuff,-1,-1,1,false,false,Self,0,0,0,-1,heroicorder_shisantaibao_child_12_lv7,
5015128,Thập Tam Thái Bảo - Miễn Dịch Nội Công (Cấp 8),Auto,SingleTargetBuff,-1,-1,1,false,false,Self,0,0,0,-1,heroicorder_shisantaibao_child_12_lv8,
5015129,Thập Tam Thái Bảo - Miễn Dịch Nội Công (Cấp 9),Auto,SingleTargetBuff,-1,-1,1,false,false,Self,0,0,0,-1,heroicorder_shisantaibao_child_12_lv9,
5015131,Thập Tam Thái Bảo - Miễn Dịch Băng Công (Cấp 1),Auto,SingleTargetBuff,-1,-1,1,false,false,Self,0,0,0,-1,heroicorder_shisantaibao_child_13_lv1,
5015132,Thập Tam Thái Bảo - Miễn Dịch Băng Công (Cấp 2),Auto,SingleTargetBuff,-1,-1,1,false,false,Self,0,0,0,-1,heroicorder_shisantaibao_child_13_lv2,
5015133,Thập Tam Thái Bảo - Miễn Dịch Băng Công (Cấp 3),Auto,SingleTargetBuff,-1,-1,1,false,false,Self,0,0,0,-1,heroicorder_shisantaibao_child_13_lv3,
5015134,Thập Tam Thái Bảo - Miễn Dịch Băng Công (Cấp 4),Auto,SingleTargetBuff,-1,-1,1,false,false,Self,0,0,0,-1,heroicorder_shisantaibao_child_13_lv4,
5015135,Thập Tam Thái Bảo - Miễn Dịch Băng Công (Cấp 5),Auto,SingleTargetBuff,-1,-1,1,false,false,Self,0,0,0,-1,heroicorder_shisantaibao_child_13_lv5,
5015136,Thập Tam Thái Bảo - Miễn Dịch Băng Công (Cấp 6),Auto,SingleTargetBuff,-1,-1,1,false,false,Self,0,0,0,-1,heroicorder_shisantaibao_child_13_lv6,
5015137,Thập Tam Thái Bảo - Miễn Dịch Băng Công (Cấp 7),Auto,SingleTargetBuff,-1,-1,1,false,false,Self,0,0,0,-1,heroicorder_shisantaibao_child_13_lv7,
5015138,Thập Tam Thái Bảo - Miễn Dịch Băng Công (Cấp 8),Auto,SingleTargetBuff,-1,-1,1,false,false,Self,0,0,0,-1,heroicorder_shisantaibao_child_13_lv8,
5015139,Thập Tam Thái Bảo - Miễn Dịch Băng Công (Cấp 9),Auto,SingleTargetBuff,-1,-1,1,false,false,Self,0,0,0,-1,heroicorder_shisantaibao_child_13_lv9,
5015141,Thập Tam Thái Bảo - Miễn Dịch Hỏa Công (Cấp 1),Auto,SingleTargetBuff,-1,-1,1,false,false,Self,0,0,0,-1,heroicorder_shisantaibao_child_14_lv1,
5015142,Thập Tam Thái Bảo - Miễn Dịch Hỏa Công (Cấp 2),Auto,SingleTargetBuff,-1,-1,1,false,false,Self,0,0,0,-1,heroicorder_shisantaibao_child_14_lv2,
5015143,Thập Tam Thái Bảo - Miễn Dịch Hỏa Công (Cấp 3),Auto,SingleTargetBuff,-1,-1,1,false,false,Self,0,0,0,-1,heroicorder_shisantaibao_child_14_lv3,
5015144,Thập Tam Thái Bảo - Miễn Dịch Hỏa Công (Cấp 4),Auto,SingleTargetBuff,-1,-1,1,false,false,Self,0,0,0,-1,heroicorder_shisantaibao_child_14_lv4,
5015145,Thập Tam Thái Bảo - Miễn Dịch Hỏa Công (Cấp 5),Auto,SingleTargetBuff,-1,-1,1,false,false,Self,0,0,0,-1,heroicorder_shisantaibao_child_14_lv5,
5015146,Thập Tam Thái Bảo - Miễn Dịch Hỏa Công (Cấp 6),Auto,SingleTargetBuff,-1,-1,1,false,false,Self,0,0,0,-1,heroicorder_shisantaibao_child_14_lv6,
5015147,Thập Tam Thái Bảo - Miễn Dịch Hỏa Công (Cấp 7),Auto,SingleTargetBuff,-1,-1,1,false,false,Self,0,0,0,-1,heroicorder_shisantaibao_child_14_lv7,
5015148,Thập Tam Thái Bảo - Miễn Dịch Hỏa Công (Cấp 8),Auto,SingleTargetBuff,-1,-1,1,false,false,Self,0,0,0,-1,heroicorder_shisantaibao_child_14_lv8,
5015149,Thập Tam Thái Bảo - Miễn Dịch Hỏa Công (Cấp 9),Auto,SingleTargetBuff,-1,-1,1,false,false,Self,0,0,0,-1,heroicorder_shisantaibao_child_14_lv9,
5015151,Thập Tam Thái Bảo - Miễn Dịch Huyền Công (Cấp 1),Auto,SingleTargetBuff,-1,-1,1,false,false,Self,0,0,0,-1,heroicorder_shisantaibao_child_15_lv1,
5015152,Thập Tam Thái Bảo - Miễn Dịch Huyền Công (Cấp 2),Auto,SingleTargetBuff,-1,-1,1,false,false,Self,0,0,0,-1,heroicorder_shisantaibao_child_15_lv2,
5015153,Thập Tam Thái Bảo - Miễn Dịch Huyền Công (Cấp 3),Auto,SingleTargetBuff,-1,-1,1,false,false,Self,0,0,0,-1,heroicorder_shisantaibao_child_15_lv3,
5015154,Thập Tam Thái Bảo - Miễn Dịch Huyền Công (Cấp 4),Auto,SingleTargetBuff,-1,-1,1,false,false,Self,0,0,0,-1,heroicorder_shisantaibao_child_15_lv4,
5015155,Thập Tam Thái Bảo - Miễn Dịch Huyền Công (Cấp 5),Auto,SingleTargetBuff,-1,-1,1,false,false,Self,0,0,0,-1,heroicorder_shisantaibao_child_15_lv5,
5015156,Thập Tam Thái Bảo - Miễn Dịch Huyền Công (Cấp 6),Auto,SingleTargetBuff,-1,-1,1,false,false,Self,0,0,0,-1,heroicorder_shisantaibao_child_15_lv6,
5015157,Thập Tam Thái Bảo - Miễn Dịch Huyền Công (Cấp 7),Auto,SingleTargetBuff,-1,-1,1,false,false,Self,0,0,0,-1,heroicorder_shisantaibao_child_15_lv7,
5015158,Thập Tam Thái Bảo - Miễn Dịch Huyền Công (Cấp 8),Auto,SingleTargetBuff,-1,-1,1,false,false,Self,0,0,0,-1,heroicorder_shisantaibao_child_15_lv8,
5015159,Thập Tam Thái Bảo - Miễn Dịch Huyền Công (Cấp 9),Auto,SingleTargetBuff,-1,-1,1,false,false,Self,0,0,0,-1,heroicorder_shisantaibao_child_15_lv9,
5015161,Thập Tam Thái Bảo - Miễn Dịch Độc Công (Cấp 1),Auto,SingleTargetBuff,-1,-1,1,false,false,Self,0,0,0,-1,heroicorder_shisantaibao_child_16_lv1,
5015162,Thập Tam Thái Bảo - Miễn Dịch Độc Công (Cấp 2),Auto,SingleTargetBuff,-1,-1,1,false,false,Self,0,0,0,-1,heroicorder_shisantaibao_child_16_lv2,
5015163,Thập Tam Thái Bảo - Miễn Dịch Độc Công (Cấp 3),Auto,SingleTargetBuff,-1,-1,1,false,false,Self,0,0,0,-1,heroicorder_shisantaibao_child_16_lv3,
5015164,Thập Tam Thái Bảo - Miễn Dịch Độc Công (Cấp 4),Auto,SingleTargetBuff,-1,-1,1,false,false,Self,0,0,0,-1,heroicorder_shisantaibao_child_16_lv4,
5015165,Thập Tam Thái Bảo - Miễn Dịch Độc Công (Cấp 5),Auto,SingleTargetBuff,-1,-1,1,false,false,Self,0,0,0,-1,heroicorder_shisantaibao_child_16_lv5,
5015166,Thập Tam Thái Bảo - Miễn Dịch Độc Công (Cấp 6),Auto,SingleTargetBuff,-1,-1,1,false,false,Self,0,0,0,-1,heroicorder_shisantaibao_child_16_lv6,
5015167,Thập Tam Thái Bảo - Miễn Dịch Độc Công (Cấp 7),Auto,SingleTargetBuff,-1,-1,1,false,false,Self,0,0,0,-1,heroicorder_shisantaibao_child_16_lv7,
5015168,Thập Tam Thái Bảo - Miễn Dịch Độc Công (Cấp 8),Auto,SingleTargetBuff,-1,-1,1,false,false,Self,0,0,0,-1,heroicorder_shisantaibao_child_16_lv8,
5015169,Thập Tam Thái Bảo - Miễn Dịch Độc Công (Cấp 9),Auto,SingleTargetBuff,-1,-1,1,false,false,Self,0,0,0,-1,heroicorder_shisantaibao_child_16_lv9,
50161,Dục Huyết Tàn Thương (Cấp 1),Passive,None,-1,-1,1,false,false,Self,0,0,0,-1,heroicorder_yuxuecanshang_lv1,
50162,Dục Huyết Tàn Thương (Cấp 2),Passive,None,-1,-1,1,false,false,Self,0,0,0,-1,heroicorder_yuxuecanshang_lv2,
50163,Dục Huyết Tàn Thương (Cấp 3),Passive,None,-1,-1,1,false,false,Self,0,0,0,-1,heroicorder_yuxuecanshang_lv3,
50164,Dục Huyết Tàn Thương (Cấp 4),Passive,None,-1,-1,1,false,false,Self,0,0,0,-1,heroicorder_yuxuecanshang_lv4,
50165,Dục Huyết Tàn Thương (Cấp 5),Passive,None,-1,-1,1,false,false,Self,0,0,0,-1,heroicorder_yuxuecanshang_lv5,
50166,Dục Huyết Tàn Thương (Cấp 6),Passive,None,-1,-1,1,false,false,Self,0,0,0,-1,heroicorder_yuxuecanshang_lv6,
50167,Dục Huyết Tàn Thương (Cấp 7),Passive,None,-1,-1,1,false,false,Self,0,0,0,-1,heroicorder_yuxuecanshang_lv7,
50168,Dục Huyết Tàn Thương (Cấp 8),Passive,None,-1,-1,1,false,false,Self,0,0,0,-1,heroicorder_yuxuecanshang_lv8,
50169,Dục Huyết Tàn Thương (Cấp 9),Passive,None,-1,-1,1,false,false,Self,0,0,0,-1,heroicorder_yuxuecanshang_lv9,
5016011,Dục Huyết Tàn Thương - Tàn Thương (Cấp 1),Auto,MeleeSingleTarget,-1,-1,1,false,false,Enemy,0,0,0,-1,heroicorder_yuxuecanshang_child_lv1,
5016012,Dục Huyết Tàn Thương - Tàn Thương (Cấp 2),Auto,MeleeSingleTarget,-1,-1,1,false,false,Enemy,0,0,0,-1,heroicorder_yuxuecanshang_child_lv2,
5016013,Dục Huyết Tàn Thương - Tàn Thương (Cấp 3),Auto,MeleeSingleTarget,-1,-1,1,false,false,Enemy,0,0,0,-1,heroicorder_yuxuecanshang_child_lv3,
5016014,Dục Huyết Tàn Thương - Tàn Thương (Cấp 4),Auto,MeleeSingleTarget,-1,-1,1,false,false,Enemy,0,0,0,-1,heroicorder_yuxuecanshang_child_lv4,
5016015,Dục Huyết Tàn Thương - Tàn Thương (Cấp 5),Auto,MeleeSingleTarget,-1,-1,1,false,false,Enemy,0,0,0,-1,heroicorder_yuxuecanshang_child_lv5,
5016016,Dục Huyết Tàn Thương - Tàn Thương (Cấp 6),Auto,MeleeSingleTarget,-1,-1,1,false,false,Enemy,0,0,0,-1,heroicorder_yuxuecanshang_child_lv6,
5016017,Dục Huyết Tàn Thương - Tàn Thương (Cấp 7),Auto,MeleeSingleTarget,-1,-1,1,false,false,Enemy,0,0,0,-1,heroicorder_yuxuecanshang_child_lv7,
5016018,Dục Huyết Tàn Thương - Tàn Thương (Cấp 8),Auto,MeleeSingleTarget,-1,-1,1,false,false,Enemy,0,0,0,-1,heroicorder_yuxuecanshang_child_lv8,
5016019,Dục Huyết Tàn Thương - Tàn Thương (Cấp 9),Auto,MeleeSingleTarget,-1,-1,1,false,false,Enemy,0,0,0,-1,heroicorder_yuxuecanshang_child_lv9,
50171,Vu Cổ Kỳ Thuật (Cấp 1),Passive,None,-1,-1,1,false,false,Self,0,0,0,-1,heroicorder_wuguqishu_lv1,
50172,Vu Cổ Kỳ Thuật (Cấp 2),Passive,None,-1,-1,1,false,false,Self,0,0,0,-1,heroicorder_wuguqishu_lv2,
50173,Vu Cổ Kỳ Thuật (Cấp 3),Passive,None,-1,-1,1,false,false,Self,0,0,0,-1,heroicorder_wuguqishu_lv3,
50174,Vu Cổ Kỳ Thuật (Cấp 4),Passive,None,-1,-1,1,false,false,Self,0,0,0,-1,heroicorder_wuguqishu_lv4,
50175,Vu Cổ Kỳ Thuật (Cấp 5),Passive,None,-1,-1,1,false,false,Self,0,0,0,-1,heroicorder_wuguqishu_lv5,
50176,Vu Cổ Kỳ Thuật (Cấp 6),Passive,None,-1,-1,1,false,false,Self,0,0,0,-1,heroicorder_wuguqishu_lv6,
50177,Vu Cổ Kỳ Thuật (Cấp 7),Passive,None,-1,-1,1,false,false,Self,0,0,0,-1,heroicorder_wuguqishu_lv7,
50178,Vu Cổ Kỳ Thuật (Cấp 8),Passive,None,-1,-1,1,false,false,Self,0,0,0,-1,heroicorder_wuguqishu_lv8,
50179,Vu Cổ Kỳ Thuật (Cấp 9),Passive,None,-1,-1,1,false,false,Self,0,0,0,-1,heroicorder_wuguqishu_lv9,
5017011,Vu Cổ Kỳ Thuật - Tê Liệt (Cấp 1),Auto,MeleeSingleTarget,-1,-1,1,false,false,Enemy,0,0,0,-1,heroicorder_wuguqishu_child_lv1,
5017012,Vu Cổ Kỳ Thuật - Tê Liệt (Cấp 2),Auto,MeleeSingleTarget,-1,-1,1,false,false,Enemy,0,0,0,-1,heroicorder_wuguqishu_child_lv2,
5017013,Vu Cổ Kỳ Thuật - Tê Liệt (Cấp 3),Auto,MeleeSingleTarget,-1,-1,1,false,false,Enemy,0,0,0,-1,heroicorder_wuguqishu_child_lv3,
5017014,Vu Cổ Kỳ Thuật - Tê Liệt (Cấp 4),Auto,MeleeSingleTarget,-1,-1,1,false,false,Enemy,0,0,0,-1,heroicorder_wuguqishu_child_lv4,
5017015,Vu Cổ Kỳ Thuật - Tê Liệt (Cấp 5),Auto,MeleeSingleTarget,-1,-1,1,false,false,Enemy,0,0,0,-1,heroicorder_wuguqishu_child_lv5,
5017016,Vu Cổ Kỳ Thuật - Tê Liệt (Cấp 6),Auto,MeleeSingleTarget,-1,-1,1,false,false,Enemy,0,0,0,-1,heroicorder_wuguqishu_child_lv6,
5017017,Vu Cổ Kỳ Thuật - Tê Liệt (Cấp 7),Auto,MeleeSingleTarget,-1,-1,1,false,false,Enemy,0,0,0,-1,heroicorder_wuguqishu_child_lv7,
5017018,Vu Cổ Kỳ Thuật - Tê Liệt (Cấp 8),Auto,MeleeSingleTarget,-1,-1,1,false,false,Enemy,0,0,0,-1,heroicorder_wuguqishu_child_lv8,
5017019,Vu Cổ Kỳ Thuật - Tê Liệt (Cấp 9),Auto,MeleeSingleTarget,-1,-1,1,false,false,Enemy,0,0,0,-1,heroicorder_wuguqishu_child_lv9,
50181,Hoành Hành Vô Kỵ (Cấp 1),Passive,None,-1,-1,1,false,false,Self,0,0,0,-1,heroicorder_hengxingwuji_lv1,
50182,Hoành Hành Vô Kỵ (Cấp 2),Passive,None,-1,-1,1,false,false,Self,0,0,0,-1,heroicorder_hengxingwuji_lv2,
50183,Hoành Hành Vô Kỵ (Cấp 3),Passive,None,-1,-1,1,false,false,Self,0,0,0,-1,heroicorder_hengxingwuji_lv3,
50184,Hoành Hành Vô Kỵ (Cấp 4),Passive,None,-1,-1,1,false,false,Self,0,0,0,-1,heroicorder_hengxingwuji_lv4,
50185,Hoành Hành Vô Kỵ (Cấp 5),Passive,None,-1,-1,1,false,false,Self,0,0,0,-1,heroicorder_hengxingwuji_lv5,
50186,Hoành Hành Vô Kỵ (Cấp 6),Passive,None,-1,-1,1,false,false,Self,0,0,0,-1,heroicorder_hengxingwuji_lv6,
50187,Hoành Hành Vô Kỵ (Cấp 7),Passive,None,-1,-1,1,false,false,Self,0,0,0,-1,heroicorder_hengxingwuji_lv7,
50188,Hoành Hành Vô Kỵ (Cấp 8),Passive,None,-1,-1,1,false,false,Self,0,0,0,-1,heroicorder_hengxingwuji_lv8,
50189,Hoành Hành Vô Kỵ (Cấp 9),Passive,None,-1,-1,1,false,false,Self,0,0,0,-1,heroicorder_hengxingwuji_lv9,
5018011,Hoành Hành Vô Kỵ - Vô Kỵ (Cấp 1),Auto,SingleTargetBuff,-1,-1,1,false,false,Self,0,0,0,-1,heroicorder_hengxingwuji_child_lv1,
5018012,Hoành Hành Vô Kỵ - Vô Kỵ (Cấp 2),Auto,SingleTargetBuff,-1,-1,1,false,false,Self,0,0,0,-1,heroicorder_hengxingwuji_child_lv2,
5018013,Hoành Hành Vô Kỵ - Vô Kỵ (Cấp 3),Auto,SingleTargetBuff,-1,-1,1,false,false,Self,0,0,0,-1,heroicorder_hengxingwuji_child_lv3,
5018014,Hoành Hành Vô Kỵ - Vô Kỵ (Cấp 4),Auto,SingleTargetBuff,-1,-1,1,false,false,Self,0,0,0,-1,heroicorder_hengxingwuji_child_lv4,
5018015,Hoành Hành Vô Kỵ - Vô Kỵ (Cấp 5),Auto,SingleTargetBuff,-1,-1,1,false,false,Self,0,0,0,-1,heroicorder_hengxingwuji_child_lv5,
5018016,Hoành Hành Vô Kỵ - Vô Kỵ (Cấp 6),Auto,SingleTargetBuff,-1,-1,1,false,false,Self,0,0,0,-1,heroicorder_hengxingwuji_child_lv6,
5018017,Hoành Hành Vô Kỵ - Vô Kỵ (Cấp 7),Auto,SingleTargetBuff,-1,-1,1,false,false,Self,0,0,0,-1,heroicorder_hengxingwuji_child_lv7,
5018018,Hoành Hành Vô Kỵ - Vô Kỵ (Cấp 8),Auto,SingleTargetBuff,-1,-1,1,false,false,Self,0,0,0,-1,heroicorder_hengxingwuji_child_lv8,
5018019,Hoành Hành Vô Kỵ - Vô Kỵ (Cấp 9),Auto,SingleTargetBuff,-1,-1,1,false,false,Self,0,0,0,-1,heroicorder_hengxingwuji_child_lv9,
50191,Hư Bất Thụ Bổ (Cấp 1),Passive,None,-1,-1,1,false,false,Self,0,0,0,-1,heroicorder_xubushoubu_lv1,
50192,Hư Bất Thụ Bổ (Cấp 2),Passive,None,-1,-1,1,false,false,Self,0,0,0,-1,heroicorder_xubushoubu_lv2,
50193,Hư Bất Thụ Bổ (Cấp 3),Passive,None,-1,-1,1,false,false,Self,0,0,0,-1,heroicorder_xubushoubu_lv3,
50194,Hư Bất Thụ Bổ (Cấp 4),Passive,None,-1,-1,1,false,false,Self,0,0,0,-1,heroicorder_xubushoubu_lv4,
50195,Hư Bất Thụ Bổ (Cấp 5),Passive,None,-1,-1,1,false,false,Self,0,0,0,-1,heroicorder_xubushoubu_lv5,
50196,Hư Bất Thụ Bổ (Cấp 6),Passive,None,-1,-1,1,false,false,Self,0,0,0,-1,heroicorder_xubushoubu_lv6,
50197,Hư Bất Thụ Bổ (Cấp 7),Passive,None,-1,-1,1,false,false,Self,0,0,0,-1,heroicorder_xubushoubu_lv7,
50198,Hư Bất Thụ Bổ (Cấp 8),Passive,None,-1,-1,1,false,false,Self,0,0,0,-1,heroicorder_xubushoubu_lv8,
50199,Hư Bất Thụ Bổ (Cấp 9),Passive,None,-1,-1,1,false,false,Self,0,0,0,-1,heroicorder_xubushoubu_lv9,
5019011,Hư Bất Thụ Bổ - Thể Hư (Cấp 1),Auto,MeleeSingleTarget,-1,-1,1,false,false,Enemy,0,0,0,-1,heroicorder_xubushoubu_child_lv1,
5019012,Hư Bất Thụ Bổ - Thể Hư (Cấp 2),Auto,MeleeSingleTarget,-1,-1,1,false,false,Enemy,0,0,0,-1,heroicorder_xubushoubu_child_lv2,
5019013,Hư Bất Thụ Bổ - Thể Hư (Cấp 3),Auto,MeleeSingleTarget,-1,-1,1,false,false,Enemy,0,0,0,-1,heroicorder_xubushoubu_child_lv3,
5019014,Hư Bất Thụ Bổ - Thể Hư (Cấp 4),Auto,MeleeSingleTarget,-1,-1,1,false,false,Enemy,0,0,0,-1,heroicorder_xubushoubu_child_lv4,
5019015,Hư Bất Thụ Bổ - Thể Hư (Cấp 5),Auto,MeleeSingleTarget,-1,-1,1,false,false,Enemy,0,0,0,-1,heroicorder_xubushoubu_child_lv5,
5019016,Hư Bất Thụ Bổ - Thể Hư (Cấp 6),Auto,MeleeSingleTarget,-1,-1,1,false,false,Enemy,0,0,0,-1,heroicorder_xubushoubu_child_lv6,
5019017,Hư Bất Thụ Bổ - Thể Hư (Cấp 7),Auto,MeleeSingleTarget,-1,-1,1,false,false,Enemy,0,0,0,-1,heroicorder_xubushoubu_child_lv7,
5019018,Hư Bất Thụ Bổ - Thể Hư (Cấp 8),Auto,MeleeSingleTarget,-1,-1,1,false,false,Enemy,0,0,0,-1,heroicorder_xubushoubu_child_lv8,
5019019,Hư Bất Thụ Bổ - Thể Hư (Cấp 9),Auto,MeleeSingleTarget,-1,-1,1,false,false,Enemy,0,0,0,-1,heroicorder_xubushoubu_child_lv9,
50201,Mục Huyền Thần Mê (Cấp 1),Passive,None,-1,-1,1,false,false,Self,0,0,0,-1,heroicorder_muxuanshenmi_lv1,
50202,Mục Huyền Thần Mê (Cấp 2),Passive,None,-1,-1,1,false,false,Self,0,0,0,-1,heroicorder_muxuanshenmi_lv2,
50203,Mục Huyền Thần Mê (Cấp 3),Passive,None,-1,-1,1,false,false,Self,0,0,0,-1,heroicorder_muxuanshenmi_lv3,
50204,Mục Huyền Thần Mê (Cấp 4),Passive,None,-1,-1,1,false,false,Self,0,0,0,-1,heroicorder_muxuanshenmi_lv4,
50205,Mục Huyền Thần Mê (Cấp 5),Passive,None,-1,-1,1,false,false,Self,0,0,0,-1,heroicorder_muxuanshenmi_lv5,
50206,Mục Huyền Thần Mê (Cấp 6),Passive,None,-1,-1,1,false,false,Self,0,0,0,-1,heroicorder_muxuanshenmi_lv6,
50207,Mục Huyền Thần Mê (Cấp 7),Passive,None,-1,-1,1,false,false,Self,0,0,0,-1,heroicorder_muxuanshenmi_lv7,
50208,Mục Huyền Thần Mê (Cấp 8),Passive,None,-1,-1,1,false,false,Self,0,0,0,-1,heroicorder_muxuanshenmi_lv8,
50209,Mục Huyền Thần Mê (Cấp 9),Passive,None,-1,-1,1,false,false,Self,0,0,0,-1,heroicorder_muxuanshenmi_lv9,
5020011,Mục Huyền Thần Mê - Ma Tý (Cấp 1),Auto,MeleeSingleTarget,-1,-1,1,false,false,Enemy,0,0,0,-1,heroicorder_muxuanshenmi_child_lv1,
5020012,Mục Huyền Thần Mê - Ma Tý (Cấp 2),Auto,MeleeSingleTarget,-1,-1,1,false,false,Enemy,0,0,0,-1,heroicorder_muxuanshenmi_child_lv2,
5020013,Mục Huyền Thần Mê - Ma Tý (Cấp 3),Auto,MeleeSingleTarget,-1,-1,1,false,false,Enemy,0,0,0,-1,heroicorder_muxuanshenmi_child_lv3,
5020014,Mục Huyền Thần Mê - Ma Tý (Cấp 4),Auto,MeleeSingleTarget,-1,-1,1,false,false,Enemy,0,0,0,-1,heroicorder_muxuanshenmi_child_lv4,
5020015,Mục Huyền Thần Mê - Ma Tý (Cấp 5),Auto,MeleeSingleTarget,-1,-1,1,false,false,Enemy,0,0,0,-1,heroicorder_muxuanshenmi_child_lv5,
5020016,Mục Huyền Thần Mê - Ma Tý (Cấp 6),Auto,MeleeSingleTarget,-1,-1,1,false,false,Enemy,0,0,0,-1,heroicorder_muxuanshenmi_child_lv6,
5020017,Mục Huyền Thần Mê - Ma Tý (Cấp 7),Auto,MeleeSingleTarget,-1,-1,1,false,false,Enemy,0,0,0,-1,heroicorder_muxuanshenmi_child_lv7,
5020018,Mục Huyền Thần Mê - Ma Tý (Cấp 8),Auto,MeleeSingleTarget,-1,-1,1,false,false,Enemy,0,0,0,-1,heroicorder_muxuanshenmi_child_lv8,
5020019,Mục Huyền Thần Mê - Ma Tý (Cấp 9),Auto,MeleeSingleTarget,-1,-1,1,false,false,Enemy,0,0,0,-1,heroicorder_muxuanshenmi_child_lv9,
50211,Tu La Lâm Thế (Cấp 1),Passive,None,-1,-1,1,false,false,Self,0,0,0,-1,heroicorder_xiuluolinshi_lv1,
50212,Tu La Lâm Thế (Cấp 2),Passive,None,-1,-1,1,false,false,Self,0,0,0,-1,heroicorder_xiuluolinshi_lv2,
50213,Tu La Lâm Thế (Cấp 3),Passive,None,-1,-1,1,false,false,Self,0,0,0,-1,heroicorder_xiuluolinshi_lv3,
50214,Tu La Lâm Thế (Cấp 4),Passive,None,-1,-1,1,false,false,Self,0,0,0,-1,heroicorder_xiuluolinshi_lv4,
50215,Tu La Lâm Thế (Cấp 5),Passive,None,-1,-1,1,false,false,Self,0,0,0,-1,heroicorder_xiuluolinshi_lv5,
50216,Tu La Lâm Thế (Cấp 6),Passive,None,-1,-1,1,false,false,Self,0,0,0,-1,heroicorder_xiuluolinshi_lv6,
50217,Tu La Lâm Thế (Cấp 7),Passive,None,-1,-1,1,false,false,Self,0,0,0,-1,heroicorder_xiuluolinshi_lv7,
50218,Tu La Lâm Thế (Cấp 8),Passive,None,-1,-1,1,false,false,Self,0,0,0,-1,heroicorder_xiuluolinshi_lv8,
50219,Tu La Lâm Thế (Cấp 9),Passive,None,-1,-1,1,false,false,Self,0,0,0,-1,heroicorder_xiuluolinshi_lv9,
5021011,Tu La Lâm Thế - Tuyệt Sát (Cấp 1),Auto,SingleTargetBuff,-1,-1,1,false,false,Self,0,0,0,-1,heroicorder_xiuluolinshi_child_lv1,
5021012,Tu La Lâm Thế - Tuyệt Sát (Cấp 2),Auto,SingleTargetBuff,-1,-1,1,false,false,Self,0,0,0,-1,heroicorder_xiuluolinshi_child_lv2,
5021013,Tu La Lâm Thế - Tuyệt Sát (Cấp 3),Auto,SingleTargetBuff,-1,-1,1,false,false,Self,0,0,0,-1,heroicorder_xiuluolinshi_child_lv3,
5021014,Tu La Lâm Thế - Tuyệt Sát (Cấp 4),Auto,SingleTargetBuff,-1,-1,1,false,false,Self,0,0,0,-1,heroicorder_xiuluolinshi_child_lv4,
5021015,Tu La Lâm Thế - Tuyệt Sát (Cấp 5),Auto,SingleTargetBuff,-1,-1,1,false,false,Self,0,0,0,-1,heroicorder_xiuluolinshi_child_lv5,
5021016,Tu La Lâm Thế - Tuyệt Sát (Cấp 6),Auto,SingleTargetBuff,-1,-1,1,false,false,Self,0,0,0,-1,heroicorder_xiuluolinshi_child_lv6,
5021017,Tu La Lâm Thế - Tuyệt Sát (Cấp 7),Auto,SingleTargetBuff,-1,-1,1,false,false,Self,0,0,0,-1,heroicorder_xiuluolinshi_child_lv7,
5021018,Tu La Lâm Thế - Tuyệt Sát (Cấp 8),Auto,SingleTargetBuff,-1,-1,1,false,false,Self,0,0,0,-1,heroicorder_xiuluolinshi_child_lv8,
5021019,Tu La Lâm Thế - Tuyệt Sát (Cấp 9),Auto,SingleTargetBuff,-1,-1,1,false,false,Self,0,0,0,-1,heroicorder_xiuluolinshi_child_lv9,
50221,Hồi Thiên Phạp Thuật (Cấp 1),Passive,None,-1,-1,1,false,false,Self,0,0,0,-1,heroicorder_huitianfashu_lv1,
50222,Hồi Thiên Phạp Thuật (Cấp 2),Passive,None,-1,-1,1,false,false,Self,0,0,0,-1,heroicorder_huitianfashu_lv2,
50223,Hồi Thiên Phạp Thuật (Cấp 3),Passive,None,-1,-1,1,false,false,Self,0,0,0,-1,heroicorder_huitianfashu_lv3,
50224,Hồi Thiên Phạp Thuật (Cấp 4),Passive,None,-1,-1,1,false,false,Self,0,0,0,-1,heroicorder_huitianfashu_lv4,
50225,Hồi Thiên Phạp Thuật (Cấp 5),Passive,None,-1,-1,1,false,false,Self,0,0,0,-1,heroicorder_huitianfashu_lv5,
50226,Hồi Thiên Phạp Thuật (Cấp 6),Passive,None,-1,-1,1,false,false,Self,0,0,0,-1,heroicorder_huitianfashu_lv6,
50227,Hồi Thiên Phạp Thuật (Cấp 7),Passive,None,-1,-1,1,false,false,Self,0,0,0,-1,heroicorder_huitianfashu_lv7,
50228,Hồi Thiên Phạp Thuật (Cấp 8),Passive,None,-1,-1,1,false,false,Self,0,0,0,-1,heroicorder_huitianfashu_lv8,
50229,Hồi Thiên Phạp Thuật (Cấp 9),Passive,None,-1,-1,1,false,false,Self,0,0,0,-1,heroicorder_huitianfashu_lv9,
5022011,Hồi Thiên Phạp Thuật - Cấm Hồi Phục (Cấp 1),Auto,MeleeSingleTarget,-1,-1,1,false,false,Enemy,0,0,0,-1,heroicorder_huitianfashu_child_lv1,
5022012,Hồi Thiên Phạp Thuật - Cấm Hồi Phục (Cấp 2),Auto,MeleeSingleTarget,-1,-1,1,false,false,Enemy,0,0,0,-1,heroicorder_huitianfashu_child_lv2,
5022013,Hồi Thiên Phạp Thuật - Cấm Hồi Phục (Cấp 3),Auto,MeleeSingleTarget,-1,-1,1,false,false,Enemy,0,0,0,-1,heroicorder_huitianfashu_child_lv3,
5022014,Hồi Thiên Phạp Thuật - Cấm Hồi Phục (Cấp 4),Auto,MeleeSingleTarget,-1,-1,1,false,false,Enemy,0,0,0,-1,heroicorder_huitianfashu_child_lv4,
5022015,Hồi Thiên Phạp Thuật - Cấm Hồi Phục (Cấp 5),Auto,MeleeSingleTarget,-1,-1,1,false,false,Enemy,0,0,0,-1,heroicorder_huitianfashu_child_lv5,
5022016,Hồi Thiên Phạp Thuật - Cấm Hồi Phục (Cấp 6),Auto,MeleeSingleTarget,-1,-1,1,false,false,Enemy,0,0,0,-1,heroicorder_huitianfashu_child_lv6,
5022017,Hồi Thiên Phạp Thuật - Cấm Hồi Phục (Cấp 7),Auto,MeleeSingleTarget,-1,-1,1,false,false,Enemy,0,0,0,-1,heroicorder_huitianfashu_child_lv7,
5022018,Hồi Thiên Phạp Thuật - Cấm Hồi Phục (Cấp 8),Auto,MeleeSingleTarget,-1,-1,1,false,false,Enemy,0,0,0,-1,heroicorder_huitianfashu_child_lv8,
5022019,Hồi Thiên Phạp Thuật - Cấm Hồi Phục (Cấp 9),Auto,MeleeSingleTarget,-1,-1,1,false,false,Enemy,0,0,0,-1,heroicorder_huitianfashu_child_lv9,
10000,GM thần công,Active,SingleTargetBuff,-1,-1,1,false,false,Self,0,0,0,-1,GM,
10001,Xóa Hồi Chiêu,Active,SingleTargetBuff,-1,-1,1,false,false,Self,0,0,0,-1,GM1,
10002,GM Bất Tử,Active,SingleTargetBuff,-1,-1,1,false,false,Self,0,0,0,-1,GM2,
10003,GM Tàng Hình,Active,SingleTargetBuff,-1,-1,1,false,false,Self,0,0,0,-1,GM3,
10004,GM hút mana,Active,RangedSingleTarget,-1,-1,1,false,false,Enemy,15,0,0,-1,GM4,
10005,Hỏa Thiêu Thiên Xích,Active,SingleTargetBuff,-1,-1,1,false,false,Self,0,0,0,-1,GM5,
10006,Hỏa Thiêu Thiên Xích - Công kích,Auto,MultipleTargetsAroundSelf,-1,-1,1,false,true,Enemy,0,20,0,-1,GM6,
11000,Tấn công,Active,RangedSingleTarget,-1,-1,1,false,true,Enemy,8,8,0,0,empty,
11001,Lục Sắc Ám Khí,Active,MultipleTargetsAroundTarget,-1,-1,1,false,true,Enemy,20,20,0,-1,pmf_boss_luseanqi,
11002,Lam Sắc Ám Khí,Active,MultipleTargetsAroundTarget,-1,-1,1,false,true,Enemy,20,20,0,-1,pmf_boss_lanseanqi,
11003,Tử Sắc Ám Khí,Active,MultipleTargetsAroundTarget,-1,-1,1,false,true,Enemy,20,20,0,-1,pmf_boss_ziseanqi,
11004,Ngưu Mao Độc Châm,Active,MultipleTargetsAroundTarget,-1,-1,1,false,true,Enemy,20,7,0,-1,pmf_boss_niumaoduzhen,
11005,Cuồng Nộ,Active,SingleTargetBuff,-1,-1,1,false,false,Self,0,0,0,-1,pmf_boss_kuangnu,
11006,Kim Giáp,Active,SingleTargetBuff,-1,-1,1,false,false,Self,0,0,0,-1,pmf_boss_jinjia,
11007,Minh Kính,Active,SingleTargetBuff,-1,-1,1,false,false,Self,0,0,0,-1,pmf_boss_mingjing,
11008,Kiếm Mang,Active,MultipleTargetsAroundTarget,-1,-1,1,false,true,Enemy,20,7,0,-1,pmf_boss_jianmang,
11009,Kim Đăng Vạn Trảm,Active,MultipleTargetsAroundTarget,-1,-1,1,false,true,Enemy,20,7,0,-1,pmf_boss_jindengwanzhan,
11010,Độc Dược Tê Liệt,Active,MultipleTargetsAroundTarget,-1,-1,1,false,true,Enemy,20,20,0,-1,pmf_boss_duyaobilie,
11011,Lục Ba Hương Lộ,Active,SingleTargetBuff,-1,-1,1,false,false,Self,0,0,0,-1,pmf_boss_lubaxianglu,
1101100,Lục Ba Hương Lộ - Trúng độc,Auto,MeleeSingleTarget,-1,-1,1,false,false,Enemy,0,0,0,-1,pmf_boss_lubaxianglu_child,
11012,Huynh Đệ,Active,SingleTargetBuff,-1,-1,1,false,false,Self,0,0,0,-1,pmf_boss_xiongdi,
11013,Hàn Băng,Active,MultipleTargetsAroundTarget,-1,-1,1,false,false,Enemy,20,20,0,-1,pmf_boss_hanbing,
11014,Tiểu Vô Tướng Công,Active,MultipleTargetsAroundTarget,-1,-1,1,false,true,Enemy,20,7,0,-1,pmf_boss_xiaowuxianggong,
11015,Kiếm Vũ,Active,SingleTargetBuff,-1,-1,1,true,false,Self,0,0,0,-1,pmf_boss_jianwu,
1101500,Kiếm Vũ - Tử Sắc,Active,SingleTargetBuff,-1,-1,1,true,false,Self,0,0,0,-1,pmf_boss_jianwu_zise,
1101501,Kiếm Vũ - Hồng Sắc,Active,SingleTargetBuff,-1,-1,1,true,false,Self,0,0,0,-1,pmf_boss_jianwu_hongse,
1101502,Kiếm Vũ - Bạch Sắc,Active,SingleTargetBuff,-1,-1,1,true,false,Self,0,0,0,-1,pmf_boss_jianwu_baise,
1101503,Kiếm Vũ - Hoàng Sắc,Active,SingleTargetBuff,-1,-1,1,true,false,Self,0,0,0,-1,pmf_boss_jianwu_huangse,
1101504,Kiếm Vũ - Lam Sắc,Active,SingleTargetBuff,-1,-1,1,true,false,Self,0,0,0,-1,pmf_boss_jianwu_lanse,
1101505,Kiếm Vũ - Lục Sắc,Active,SingleTargetBuff,-1,-1,1,true,false,Self,0,0,0,-1,pmf_boss_jianwu_luse,
1101510,Kiếm Vũ - Tử Sắc - Công kích,Auto,MultipleTargetsAroundSelf,-1,-1,1,false,true,Enemy,0,50,0,-1,pmf_boss_jianwu_zise_child,
1101511,Kiếm Vũ - Hồng Sắc - Công kích,Auto,MultipleTargetsAroundSelf,-1,-1,1,false,true,Enemy,0,50,0,-1,pmf_boss_jianwu_hongse_child,
1101512,Kiếm Vũ - Bạch Sắc - Công kích,Auto,MultipleTargetsAroundSelf,-1,-1,1,false,true,Enemy,0,50,0,-1,pmf_boss_jianwu_baise_child,
1101513,Kiếm Vũ - Hoàng Sắc - Công kích,Auto,MultipleTargetsAroundSelf,-1,-1,1,false,true,Enemy,0,50,0,-1,pmf_boss_jianwu_huangse_child,
1101514,Kiếm Vũ - Lam Sắc - Công kích,Auto,MultipleTargetsAroundSelf,-1,-1,1,false,true,Enemy,0,50,0,-1,pmf_boss_jianwu_lanse_child,
1101515,Kiếm Vũ - Lục Sắc - Công kích,Auto,MultipleTargetsAroundSelf,-1,-1,1,false,true,Enemy,0,50,0,-1,pmf_boss_jianwu_luse_child,
1101520,Thiên Sơn Hộ Giáp,Active,SingleTargetBuff,-1,-1,1,false,false,Self,0,0,0,-1,pmf_buff_zise,
1101521,Thiên Sơn Hộ Giáp,Active,SingleTargetBuff,-1,-1,1,false,false,Self,0,0,0,-1,pmf_buff_hongse,
1101522,Thiên Sơn Hộ Giáp,Active,SingleTargetBuff,-1,-1,1,false,false,Self,0,0,0,-1,pmf_buff_baise,
1101523,Thiên Sơn Hộ Giáp,Active,SingleTargetBuff,-1,-1,1,false,false,Self,0,0,0,-1,pmf_buff_huangse,
1101524,Thiên Sơn Hộ Giáp,Active,SingleTargetBuff,-1,-1,1,false,false,Self,0,0,0,-1,pmf_buff_lanse,
1101525,Thiên Sơn Hộ Giáp,Active,SingleTargetBuff,-1,-1,1,false,false,Self,0,0,0,-1,pmf_buff_luse,
11020,Tấn Công Cao Cấp,Active,MeleeSingleTarget,-1,-1,1,false,true,Enemy,4,0,0,-1,boss_nhaclaotam,
11021,Quần Long Loạn Vũ,Active,MultipleTargetsAroundSelf,-1,-1,1,false,true,Enemy,0,5,3000,-1,QuanLongLoanVu,
11022,Cắn Xé,Active,MeleeSingleTarget,-1,-1,1,false,true,Enemy,4,0,0,-1,CanXe,
11023,Độc Linh Trảo,Active,MeleeSingleTarget,-1,-1,1,false,true,Enemy,4,0,0,-1,DocLinhChao,
110230,Độc Linh Trảo - Mất máu,Auto,MeleeSingleTarget,-1,-1,1,false,false,Enemy,0,0,0,-1,DocLinhChao_child,
11024,Bạo Độc,Active,MultipleTargetsAroundSelf,-1,-1,1,false,true,Enemy,0,4,0,-1,BaoDoc,
11025,Tử Triền Lan Đà,Active,MeleeSingleTarget,-1,-1,1,false,true,Enemy,4,0,0,-1,TuTrienLanDa,
110250,Tử Triền Lan Đà - Giảm tốc,Auto,MeleeSingleTarget,-1,-1,1,false,false,Enemy,0,0,0,-1,TuTrienLanDa_GiamToc,
11026,Phong Huyệt,Active,MeleeSingleTarget,-1,-1,1,false,false,Enemy,3,0,0,-1,PhongHuyet,
11027,Nhất Dương Chỉ,Active,RangedSingleTarget,-1,-1,1,false,true,Enemy,10,0,0,-1,NhatDuongChi,
11028,Cuồng Lôi Thiên Đao,Active,MultipleTargetsAroundSelf,-1,-1,1,false,true,Enemy,0,5,3000,-1,CuongLoiThienDao,
11029,Bài Sơn Đảo Hải,Active,MultipleTargetsAroundSelf,-1,-1,1,false,true,Enemy,0,5,3000,-1,BaiSonDaoHai,
11030,Hư Hoan Trảm,Active,MeleeSingleTarget,-1,-1,1,false,true,Enemy,4,0,0,-1,HuHoanTram,
11031,Hư Hoan Phá Sát,Active,MultipleTargetsAroundTarget,-1,-1,1,false,true,Enemy,0,5,3000,-1,HuHoanPhaSat,
11032,Hỏa Diệm Đao,Active,MeleeSingleTarget,-1,-1,1,false,true,Enemy,4,0,0,-1,HoaDiemDao,
11033,Liệt Diệm Luyện Ngục,Active,MultipleTargetsAroundSelf,-1,-1,1,false,true,Enemy,0,5,3000,-1,LietDiemLuyenNguc,
110330,Liệt Diệm Luyện Ngục - Giảm huyết,Auto,MeleeSingleTarget,-1,-1,1,false,true,Enemy,0,0,0,-1,LietDiemLuyenNguc_child,
11034,Băng Bạo,Active,MultipleTargetsAroundSelf,-1,-1,1,false,true,Enemy,0,5,3000,-1,BangBao,
11035,Băng Thiên Tuyết Địa,PetActive,MultipleTargetsAroundTarget,-1,-1,-1,false,true,Enemy,20,5,0,672,BangThienTuyetDia,
11036,Đẩu Chuyển Tinh Di,Active,SingleTargetBuff,-1,-1,40,false,false,Self,0,0,0,289,DauChuyenTinhDi,
11037,Tham Hợp Chỉ,Active,MeleeSingleTarget,-1,-1,1,false,true,Enemy,4,0,0,-1,ThaoNhuocChi,
11038,Bi Tô Thanh Phong,Active,MultipleTargetsAroundSelf,-1,-1,1,false,false,Enemy,0,5,3000,-1,BiToThanhPhong,
11039,Chỉ Điểm Giang Sơn,Active,MultipleTargetsAroundSelf,-1,-1,1,false,false,Enemy,15,0,0,467,tianlong_zhidianjiangshan_YTO,
12001,Lục Sắc Ám Khí,Active,MultipleTargetsAroundTarget,-1,-1,1,false,true,Enemy,20,20,0,-1,pmf_boss_luseanqi_SC,
12002,Lam Sắc Ám Khí,Active,MultipleTargetsAroundTarget,-1,-1,1,false,true,Enemy,20,20,0,-1,pmf_boss_lanseanqi_SC,
12003,Tử Sắc Ám Khí,Active,MultipleTargetsAroundTarget,-1,-1,1,false,true,Enemy,20,20,0,-1,pmf_boss_ziseanqi_SC,
12004,Ngưu Mao Độc Châm,Active,MultipleTargetsAroundTarget,-1,-1,1,false,true,Enemy,20,7,0,-1,pmf_boss_niumaoduzhen_SC,
12005,Cuồng Nộ,Active,SingleTargetBuff,-1,-1,1,false,false,Self,0,0,0,-1,pmf_boss_kuangnu_SC,
12006,Kim Giáp,Active,SingleTargetBuff,-1,-1,1,false,false,Self,0,0,0,-1,pmf_boss_jinjia_SC,
12007,Minh Kính,Active,SingleTargetBuff,-1,-1,1,false,false,Self,0,0,0,-1,pmf_boss_mingjing_SC,
12008,Kiếm Mang,Active,MultipleTargetsAroundTarget,-1,-1,1,false,true,Enemy,20,7,0,-1,pmf_boss_jianmang_SC,
12009,Kim Đăng Vạn Trảm,Active,MultipleTargetsAroundTarget,-1,-1,1,false,true,Enemy,20,7,0,-1,pmf_boss_jindengwanzhan_SC,
12010,Độc Dược Tê Liệt,Active,MultipleTargetsAroundTarget,-1,-1,1,false,true,Enemy,20,20,0,-1,pmf_boss_duyaobilie_SC,
12011,Lục Ba Hương Lộ,Active,SingleTargetBuff,-1,-1,1,false,false,Self,0,0,0,-1,pmf_boss_lubaxianglu_SC,
1201100,Lục Ba Hương Lộ - Trúng độc,Auto,MeleeSingleTarget,-1,-1,1,false,false,Enemy,0,0,0,-1,pmf_boss_lubaxianglu_child_SC,
12012,Huynh Đệ,Active,SingleTargetBuff,-1,-1,1,false,false,Self,0,0,0,-1,pmf_boss_xiongdi_SC,
12013,Hàn Băng,Active,MultipleTargetsAroundTarget,-1,-1,1,false,false,Enemy,20,20,0,-1,pmf_boss_hanbing_SC,
12014,Tiểu Vô Tướng Công,Active,MultipleTargetsAroundTarget,-1,-1,1,false,true,Enemy,20,7,0,-1,pmf_boss_xiaowuxianggong_SC,
12015,Kiếm Vũ,Active,SingleTargetBuff,-1,-1,1,true,false,Self,0,0,0,-1,pmf_boss_jianwu_SC,
1201500,Kiếm Vũ - Tử Sắc,Active,SingleTargetBuff,-1,-1,1,true,false,Self,0,0,0,-1,pmf_boss_jianwu_zise_SC,
1201501,Kiếm Vũ - Hồng Sắc,Active,SingleTargetBuff,-1,-1,1,true,false,Self,0,0,0,-1,pmf_boss_jianwu_hongse_SC,
1201502,Kiếm Vũ - Bạch Sắc,Active,SingleTargetBuff,-1,-1,1,true,false,Self,0,0,0,-1,pmf_boss_jianwu_baise_SC,
1201503,Kiếm Vũ - Hoàng Sắc,Active,SingleTargetBuff,-1,-1,1,true,false,Self,0,0,0,-1,pmf_boss_jianwu_huangse_SC,
1201504,Kiếm Vũ - Lam Sắc,Active,SingleTargetBuff,-1,-1,1,true,false,Self,0,0,0,-1,pmf_boss_jianwu_lanse_SC,
1201505,Kiếm Vũ - Lục Sắc,Active,SingleTargetBuff,-1,-1,1,true,false,Self,0,0,0,-1,pmf_boss_jianwu_luse_SC,
1201510,Kiếm Vũ - Tử Sắc - Công kích,Auto,MultipleTargetsAroundSelf,-1,-1,1,false,true,Enemy,0,50,0,-1,pmf_boss_jianwu_zise_child_SC,
1201511,Kiếm Vũ - Hồng Sắc - Công kích,Auto,MultipleTargetsAroundSelf,-1,-1,1,false,true,Enemy,0,50,0,-1,pmf_boss_jianwu_hongse_child_SC,
1201512,Kiếm Vũ - Bạch Sắc - Công kích,Auto,MultipleTargetsAroundSelf,-1,-1,1,false,true,Enemy,0,50,0,-1,pmf_boss_jianwu_baise_child_SC,
1201513,Kiếm Vũ - Hoàng Sắc - Công kích,Auto,MultipleTargetsAroundSelf,-1,-1,1,false,true,Enemy,0,50,0,-1,pmf_boss_jianwu_huangse_child_SC,
1201514,Kiếm Vũ - Lam Sắc - Công kích,Auto,MultipleTargetsAroundSelf,-1,-1,1,false,true,Enemy,0,50,0,-1,pmf_boss_jianwu_lanse_child_SC,
1201515,Kiếm Vũ - Lục Sắc - Công kích,Auto,MultipleTargetsAroundSelf,-1,-1,1,false,true,Enemy,0,50,0,-1,pmf_boss_jianwu_luse_child_SC,
1201520,Thiên Sơn Hộ Giáp,Active,SingleTargetBuff,-1,-1,1,false,false,Self,0,0,0,-1,pmf_buff_zise_SC,
1201521,Thiên Sơn Hộ Giáp,Active,SingleTargetBuff,-1,-1,1,false,false,Self,0,0,0,-1,pmf_buff_hongse_SC,
1201522,Thiên Sơn Hộ Giáp,Active,SingleTargetBuff,-1,-1,1,false,false,Self,0,0,0,-1,pmf_buff_baise_SC,
1201523,Thiên Sơn Hộ Giáp,Active,SingleTargetBuff,-1,-1,1,false,false,Self,0,0,0,-1,pmf_buff_huangse_SC,
1201524,Thiên Sơn Hộ Giáp,Active,SingleTargetBuff,-1,-1,1,false,false,Self,0,0,0,-1,pmf_buff_lanse_SC,
1201525,Thiên Sơn Hộ Giáp,Active,SingleTargetBuff,-1,-1,1,false,false,Self,0,0,0,-1,pmf_buff_luse_SC,
13001,Hàn Băng Chân Khí,Active,MultipleTargetsAroundSelf,-1,-1,-1,false,true,Enemy,20,10,0,-1,sslt_boss_hanbingzhenqi,
1300101,Nhược Băng,Active,MeleeSingleTarget,-1,-1,1,false,false,Enemy,20,0,0,-1,sslt_boss_hanbingzhenqi_child,
13002,Hỏa Thiêu Đại Danh Phủ,Active,MultipleTargetsAroundSelf,-1,-1,-1,false,true,Enemy,20,10,0,-1,sslt_boss_huoqiaodamingfu,
1300201,Nhược Hỏa,Active,MeleeSingleTarget,-1,-1,1,false,false,Enemy,20,0,0,-1,sslt_boss_huoqiaodamingfu_child,
13003,Lôi Đình Vạn Quân,Active,MultipleTargetsAroundSelf,-1,-1,-1,false,true,Enemy,20,10,0,-1,sslt_boss_leitingwanjun,
1300301,Nhược Huyền,Active,MeleeSingleTarget,-1,-1,1,false,false,Enemy,20,0,0,-1,sslt_boss_leitingwanjun_child,
13004,Hủ Cốt Xuyên Tâm,Active,MultipleTargetsAroundSelf,-1,-1,-1,false,true,Enemy,20,10,0,-1,sslt_boss_xiuguchuanxin,
1300401,Nhược Độc,Active,MeleeSingleTarget,-1,-1,1,false,false,Enemy,20,0,0,-1,sslt_boss_xiuguchuanxin_child,
13005,Kim Cang Bất Hoại Thể,Active,SingleTargetBuff,-1,-1,1,false,false,Self,20,0,0,-1,sslt_boss_jingangbuhuaiti,
13006,Cuồng Phong San,Active,MultipleTargetsAroundSelf,-1,-1,-1,false,true,Enemy,20,10,0,-1,sslt_boss_kuangfengsan,
13007,Thiên Sát Cô Tinh,Active,MultipleTargetsAroundSelf,-1,-1,-1,false,true,Enemy,20,10,0,-1,sslt_boss_tianshaguxing,
13008,Cô Phương Tự Thưởng,Active,SingleTargetBuff,-1,-1,1,false,false,Self,20,0,0,-1,sslt_boss_gufangziqiang,
13009,Cường Hóa Trận,Active,Trap,-1,-1,1,false,false,Enemy,20,4,0,-1,sslt_boss_qianghuazhen,
1300901,Cường Hóa Trận - Suy yếu,Active,MeleeSingleTarget,-1,-1,1,false,false,Enemy,20,0,0,-1,sslt_boss_qianghuazhen_child,
13010,Địa Sát Trận,Active,Trap,-1,-1,1,false,false,Enemy,20,4,0,-1,sslt_boss_dishazhen,
13011,Thiên Canh Trận,Active,Trap,-1,-1,1,false,false,Enemy,20,4,0,-1,sslt_boss_tiangangzhen,
13012,Nhân Vong Trận,Active,Trap,-1,-1,1,false,false,SelfAndAlly,20,4,0,-1,sslt_boss_renwangzhen,
1301201,Nhân Vong Trận - Hư nhược,Active,MeleeSingleTarget,-1,-1,1,false,false,SelfAndAlly,20,0,0,-1,sslt_boss_renwangzhen_child,
13013,Thiên Cang Hoàng Khí,Active,SingleTargetBuff,-1,-1,1,false,false,Self,20,20,0,-1,sslt_boss_tianganghuangqi,
1301301,Thiên Cang Hoàng Khí - Hư nhược,Active,SingleTargetBuff,-1,-1,1,false,false,Self,20,0,0,-1,sslt_boss_tianganghuangqi_child,
13014,Thiên Cang Bá Khí,Active,SingleTargetBuff,-1,-1,40,false,false,Self,20,0,0,-1,sslt_boss_tiangangpoqi,
13015,Thần Hàng Nghịch Chuyển,Active,SingleTargetBuff,-1,-1,1,false,false,Self,20,0,0,-1,sslt_boss_shenhengyizhuan,
1301501,Thần Hàng Nghịch Chuyển - Yêu Tinh Tụ Nghĩa,Active,MultipleTargetsAroundSelf,-1,-1,-1,false,true,Enemy,20,10,0,-1,sslt_boss_shenhengyizhuan_child,
13016,Sinh Môn,Active,MultipleTargetsAroundSelf,-1,-1,1,false,false,Enemy,20,5,0,-1,sslt_boss_shengmen,
1301601,Sinh Môn - Phát tán,Active,MultipleTargetsAroundSelf,-1,-1,1,false,false,Enemy,20,30,0,-1,sslt_boss_shengmen_child,
1301602,Sinh Môn - Sát thương,Active,MultipleTargetsAroundSelf,-1,-1,1,false,true,Enemy,20,30,0,-1,sslt_boss_shengmen_child_2,
13017,Diệt Thế Đao Trận,Active,MultipleTargetsAroundSelf,-1,-1,1,false,false,Enemy,20,5,0,-1,sslt_boss_mieshidaozhen,
1301701,Diệt Thế Đao Trận - Phát tán,Active,MultipleTargetsAroundSelf,-1,-1,1,false,false,Enemy,20,30,0,-1,sslt_boss_mieshidaozhen_child,
1301702,Diệt Thế Đao Trận - Sát thương,Active,MultipleTargetsAroundSelf,-1,-1,1,false,true,Enemy,20,30,0,-1,sslt_boss_mieshidaozhen_child_2,
13018,Sát Khí Ôn Dịch,Active,MultipleTargetsAroundSelf,-1,-1,1,false,true,Enemy,20,20,0,-1,sslt_boss_shaqiwenyi,
1301801,Sát Khí Ôn Dịch - Bộc phát,Active,MultipleTargetsAroundTarget,-1,-1,1,false,true,Enemy,20,3,0,-1,sslt_boss_shaqiwenyi_child,
13019,Sát Khí Bạo Phát,Active,SingleTargetBuff,-1,-1,1,false,false,Self,20,0,0,-1,sslt_boss_shaqibaofa,
13020,Phong Huyệt Phù,Active,MeleeSingleTarget,-1,-1,1,false,false,Enemy,20,0,0,-1,sslt_boss_fengxuefu,
13021,Định Thân Phù,Active,MeleeSingleTarget,-1,-1,1,false,false,Enemy,20,0,0,-1,sslt_boss_dingshenfu,
13022,Hôn Thụy Phù,Active,MeleeSingleTarget,-1,-1,1,false,false,Enemy,20,0,0,-1,sslt_boss_hunshuifu,
13023,Thiên Tinh Trận Pháp,Active,SingleTargetBuff,-1,-1,1,false,false,Self,20,0,0,-1,sslt_boss_huarong,
13024,Công Tôn Phù Pháp,Active,MeleeSingleTarget,-1,-1,1,false,false,Enemy,20,0,0,-1,sslt_boss_gongsunsheng,
14001,Tướng Tiến Tửu,Active,Trap,-1,-1,1,false,false,Enemy,30,4,0,-1,marvel_minmo_jiangjinjiu_trap,
1400101,Tướng Tiến Tửu - Phát nổ,Active,MeleeSingleTarget,-1,-1,1,false,true,Enemy,30,0,0,-1,marvel_minmo_jiangjinjiu_explode,
14002,Thần Lai Chi Bút,Active,MultipleTargetsAroundTarget,-1,-1,1,false,true,Enemy,20,6,0,-1,marvel_minmo_shenlaizhibi,
14003,Chúc Ảnh Dao Hồng,Active,RangedSingleTarget,-1,-1,1,false,false,Enemy,30,0,0,-1,marvel_qinyun_zhuyingyaohong,
1400301,Chúc Ảnh Dao Hồng - Thất minh,Auto,MeleeSingleTarget,-1,-1,1,false,false,Enemy,0,0,0,-1,marvel_qinyun_zhuyingyaohong_blind,
1400302,Chúc Ảnh Dao Hồng - Lan nổ,Active,MultipleTargetsAroundPosition,-1,-1,1,false,false,Enemy,30,4,0,-1,marvel_qinyun_zhuyingyaohong_spread,
14004,Kim Sắc Cuồng Vũ,Active,SingleTargetBuff,-1,-1,1,false,false,Self,0,0,0,-1,marvel_qinyun_jinsekuangwu,
1400401,Hồi Âm Phiên - Tăng sát thương,Active,SingleTargetBuff,-1,-1,1,false,false,SelfAndAlly,50,0,0,-1,marvel_qinyun_huiyinfan_damage_buff,
14005,Huyền Ngoại Chi Âm,Active,RangedSingleTarget,-1,-1,1,false,true,Enemy,25,0,0,-1,marvel_qinyun_xuanwaizhiyin,
14006,Tam Phong Lưu Vân,Active,Trap,-1,-1,1,false,false,Enemy,20,4,0,-1,marvel_daoqing_sanfengliuyun,
1400601,Tam Phong Lưu Vân - Hư nhược,Active,SingleTargetBuff,-1,-1,1,false,false,SelfAndAlly,50,0,0,-1,marvel_daoqing_liuyun_damage_taken_buff,
1400602,Tam Phong Lưu Vân - Giảm thương,Active,SingleTargetBuff,-1,-1,1,false,false,SelfAndAlly,50,0,0,-1,marvel_daoqing_liuyun_damage_reduce_buff,
14007,Hoa Lạc Ngân,Active,RangedSingleTarget,-1,-1,1,false,true,Enemy,20,3,0,-1,marvel_daoqing_hualuoyin,
14008,Thanh Ưng Chiêu Lai,Active,SingleTargetBuff,-1,-1,1,false,false,Self,0,0,0,-1,marvel_daoqing_qingyingzhaolai,
1400801,Chiêu Lai - Miễn sát thương,Active,SingleTargetBuff,-1,-1,1,false,false,SelfAndAlly,50,0,0,-1,marvel_daoqing_zhaolai_immune_damage_buff,
1400802,Thanh Ưng - Tăng sát thương,Active,SingleTargetBuff,-1,-1,1,false,false,SelfAndAlly,50,0,0,-1,marvel_daoqing_qingying_damage_buff,
14009,Phi Tuyết Y Nhiên,Active,MultipleTargetsAroundPosition,-1,-1,1,false,true,Enemy,20,6,0,-1,marvel_daoqing_feixueyiran,
14010,Mặc Hổ Chiêu Lai,Active,SingleTargetBuff,-1,-1,1,false,false,Self,0,0,0,-1,marvel_daoqing_mohuzhaolai,
1401001,Băng Mặc Hổ - Chỉ nhận Băng,Active,SingleTargetBuff,-1,-1,1,false,false,SelfAndAlly,50,0,0,-1,marvel_daoqing_mohu_only_bing_buff,
1401002,Hỏa Mặc Hổ - Chỉ nhận Hỏa,Active,SingleTargetBuff,-1,-1,1,false,false,SelfAndAlly,50,0,0,-1,marvel_daoqing_mohu_only_huo_buff,
1401003,Huyền Mặc Hổ - Chỉ nhận Huyền,Active,SingleTargetBuff,-1,-1,1,false,false,SelfAndAlly,50,0,0,-1,marvel_daoqing_mohu_only_xuan_buff,
1401004,Độc Mặc Hổ - Chỉ nhận Độc,Active,SingleTargetBuff,-1,-1,1,false,false,SelfAndAlly,50,0,0,-1,marvel_daoqing_mohu_only_du_buff,
14011,Khí Sa Bảo Soái,Active,SingleTargetBuff,-1,-1,1,false,false,Self,0,0,0,-1,marvel_pangxi_qishabaoshuai,
1401101,Khí Sa Bảo Soái - Miễn sát thương,Active,SingleTargetBuff,-1,-1,1,false,false,SelfAndAlly,50,0,0,-1,marvel_pangxi_wushi_immune_damage_buff,
14012,Tướng Quân Lệnh,Active,SingleTargetBuff,-1,-1,1,false,false,Self,0,0,0,-1,marvel_pangxi_jiangjunling,
1401201,Tướng Quân Lệnh - Tương khắc,Active,SingleTargetBuff,-1,-1,1,false,false,SelfAndAlly,50,0,0,-1,marvel_pangxi_longzhu_counter_buff,
1401202,Tướng Quân Lệnh - Sai trụ,Active,SingleTargetBuff,-1,-1,1,false,false,SelfAndAlly,50,0,0,-1,marvel_pangxi_longzhu_wrong_buff,
14013,Thập Bộ Nhất Sát,Active,Trap,-1,-1,1,false,false,Enemy,20,4,0,-1,marvel_pangxi_shibuyisha_warning,
1401301,Thập Bộ Nhất Sát - Phát nổ,Active,MeleeSingleTarget,-1,-1,1,false,false,Enemy,50,0,0,-1,marvel_pangxi_shibuyisha_explode,
1401302,Thập Bộ Nhất Sát - Suy yếu,Active,SingleTargetBuff,-1,-1,1,false,false,SelfAndAlly,50,0,0,-1,marvel_pangxi_shibuyisha_damage_taken_buff,
15001,Tam Sinh Tinh Trận,Active,Mark,-1,-1,1,false,false,Enemy,0,5,0,-1,shaolin_scripture_guigu_tristar_formation,
1500101,Tam Sinh Tinh Trận - Sát thương,Auto,MeleeSingleTarget,-1,-1,1,false,false,Enemy,0,0,0,-1,shaolin_scripture_guigu_tristar_formation_damage,
15002,Vòng Lửa,Active,Trap,-1,-1,1,false,false,Enemy,15,4,0,-1,shaolin_scripture_jiumozhi_fire_circle,
15003,Tín Đồ Tự Sát,Auto,MeleeSingleTarget,-1,-1,1,false,false,Enemy,30,0,0,-1,shaolin_scripture_jiumozhi_believer_burst,
15004,Liệt Diệm Đao,Active,RangedSingleTarget,-1,-1,1,false,true,Enemy,30,0,0,-1,shaolin_scripture_jiumozhi_lieyandao,
15005,Thị Ma Quyết,Active,MultipleTargetsAroundSelf,-1,-1,1,false,true,Enemy,0,12,0,-1,shaolin_scripture_jiumozhi_shimojue,
15006,Hóa Cốt Miên Chưởng,Active,MultipleTargetsAroundSelf,-1,-1,1,false,true,Enemy,0,6,0,-1,shaolin_scripture_zhuangjuxian_huagu_mianzhang,
15007,Bẫy Băng,Active,Trap,-1,-1,1,false,true,Enemy,30,4,0,-1,shaolin_scripture_zhuangjuxian_ice_trap,
1500701,Bẫy Băng - Giảm tốc,Auto,MeleeSingleTarget,-1,-1,1,false,false,Enemy,0,0,0,-1,shaolin_scripture_zhuangjuxian_ice_trap_slow,
15008,Băng Tằm - Hồi máu,Active,SingleTargetBuff,-1,-1,1,false,false,SelfAndAlly,30,0,0,-1,shaolin_scripture_zhuangjuxian_silkworm_heal,
15009,Băng Tằm - Đóng Kén,Active,SingleTargetBuff,-1,-1,1,false,false,SelfAndAlly,30,0,0,-1,shaolin_scripture_zhuangjuxian_cocoon_buff,
15010,Băng Tằm - Phá Kén,Auto,MeleeSingleTarget,-1,-1,1,false,false,Enemy,0,6,0,-1,shaolin_scripture_zhuangjuxian_cocoon_explosion,
15011,Cuồng Bạo,Active,SingleTargetBuff,-1,-1,1,false,false,SelfAndAlly,30,0,0,-1,shaolin_scripture_zhuangjuxian_berserk_buff,
15012,Lăng Thần Thức,Active,MeleeSingleTarget,-1,-1,1,false,true,Enemy,20,0,0,-1,shaolin_scripture_murongfu_lingshenshi,
15013,Phá Thiên Thức,Active,Trap,-1,-1,1,false,true,Enemy,30,4,0,-1,shaolin_scripture_murongfu_potianshi_trap,
1501301,Phá Thiên Thức - Tê liệt,Auto,MeleeSingleTarget,-1,-1,1,false,false,Enemy,0,0,0,-1,shaolin_scripture_murongfu_potianshi_paralyse,
15014,Đẩu Chuyển Tinh Di,Active,SingleTargetBuff,-1,-1,1,false,false,Self,30,0,0,-1,shaolin_scripture_murongfu_douzhuanxingyi_reflect,
15015,Tất Sát - Đánh dấu,Auto,SingleTargetBuff,-1,-1,1,false,false,Enemy,30,0,0,-1,shaolin_scripture_murongfu_lethal_mark,
15016,Tất Sát,Auto,MeleeSingleTarget,-1,-1,1,false,false,Enemy,30,0,0,-1,shaolin_scripture_murongfu_lethal_burst,
15017,Thanh Xà Độc Chưởng,Auto,RangedSingleTarget,-1,-1,1,false,true,Enemy,25,0,0,-1,shaolin_scripture_dingchunqiu_qingsheduzhang,
15018,Thanh Xà Độc Chưởng - Độc,Auto,SingleTargetBuff,-1,-1,1,false,false,Enemy,30,0,0,-1,shaolin_scripture_dingchunqiu_poison_mark,
15019,Thanh Xà Độc Chưởng - Phát nổ,Auto,MeleeSingleTarget,-1,-1,1,false,false,Enemy,15,2,0,-1,shaolin_scripture_dingchunqiu_poison_explosion,
15020,Huyết Chú Vu Cổ - Hồi máu,Active,SingleTargetBuff,-1,-1,1,false,false,SelfAndAlly,30,0,0,-1,shaolin_scripture_dingchunqiu_bloodcurse_heal,
15021,Huyết Chú Vu Cổ - Mất máu,Auto,MeleeSingleTarget,-1,-1,1,false,false,Enemy,30,3,0,-1,shaolin_scripture_dingchunqiu_bloodcurse_damage,
15022,Phần Thiên Diệt Địa,Auto,MeleeSingleTarget,-1,-1,1,false,false,Enemy,30,8,0,-1,shaolin_scripture_xiaoyuanshan_fentianmiedi_pull,
15023,Băng Ngưng Sương Hoa,Auto,MeleeSingleTarget,-1,-1,1,false,false,Enemy,20,0,0,-1,shaolin_scripture_xiaoyuanshan_bingningshuanghua,
15024,Huyết Trận Bát Phương,Auto,MeleeSingleTarget,-1,-1,1,false,true,Enemy,30,8,0,-1,shaolin_scripture_xiaoyuanshan_xuezhenbafang,
15025,Ấn Vàng,Auto,SingleTargetBuff,-1,-1,1,false,false,Enemy,30,0,0,-1,shaolin_scripture_xiaoyuanshan_gold_mark,
15026,Ấn Vàng - Bạo phát,Auto,MeleeSingleTarget,-1,-1,1,false,false,Enemy,30,0,0,-1,shaolin_scripture_xiaoyuanshan_burst,
15027,Ấn Tím,Auto,SingleTargetBuff,-1,-1,1,false,false,Enemy,30,0,0,-1,shaolin_scripture_murongbo_purple_mark,
15028,Ấn Tím - Bạo phát,Auto,MeleeSingleTarget,-1,-1,1,false,false,Enemy,30,0,0,-1,shaolin_scripture_murongbo_burst,
15029,Phá Triền,Auto,RangedSingleTarget,-1,-1,1,false,false,Enemy,25,0,0,-1,shaolin_scripture_murongbo_phatrien,
15030,Đường Môn Nội Tức,Active,SingleTargetBuff,-1,-1,1,false,false,SelfAndAlly,30,0,0,-1,shaolin_scripture_inner_tangmen_buff,
15031,Quỷ Cốc Nội Tức,Active,SingleTargetBuff,-1,-1,1,false,false,SelfAndAlly,30,0,0,-1,shaolin_scripture_inner_guigu_buff,
15032,Võ Đang Nội Tức,Active,SingleTargetBuff,-1,-1,1,false,false,SelfAndAlly,30,0,0,-1,shaolin_scripture_inner_wudang_buff,
15033,Mộ Dung Nội Tức,Active,SingleTargetBuff,-1,-1,1,false,false,SelfAndAlly,30,0,0,-1,shaolin_scripture_inner_murong_buff,
15034,Đạt Ma Chánh Tâm,Active,MeleeSingleTarget,-1,-1,1,false,false,Enemy,30,0,0,-1,shaolin_scripture_heartdemon_damo_zhengxin_damage,
15035,Tâm Ma - Tất Sát,Auto,MeleeSingleTarget,-1,-1,1,false,false,Enemy,30,0,0,-1,shaolin_scripture_final_heartdemon_fail,
16002,Tật Phong Đao,Active,SingleTargetBuff,-1,-1,1,false,false,Self,0,0,0,-1,warsage_formation_xiaoyifeng_jifengdao,
16003,Cự Phong Thuật,Active,SingleTargetBuff,-1,-1,1,false,false,Enemy,30,0,0,-1,warsage_formation_cyclone_paralyse,
16004,Cự Phong Thuật - Tất Sát,Auto,MeleeSingleTarget,-1,-1,1,false,false,Enemy,30,0,0,-1,warsage_formation_cyclone_kill,
16005,Phong Lôi Đàn,Active,MultipleTargetsAroundPosition,-1,-1,1,false,false,Enemy,50,6,0,-1,warsage_formation_thunder_altar_burst,
16006,Kỳ Từ Như Lâm,Active,SingleTargetBuff,-1,-1,1,false,false,Self,0,0,0,-1,warsage_formation_xiaolin_qicirulin,
16007,Lâm Dã Mê Tung,Active,Trap,-1,-1,1,false,false,Enemy,20,4,0,-1,warsage_formation_forest_maze_trap,
1600701,Lâm Dã Mê Tung - Định thân,Auto,MeleeSingleTarget,-1,-1,1,false,false,Enemy,0,0,0,-1,warsage_formation_forest_maze_immobile,
16008,Du Địch Thâm Nhập,Active,Trap,-1,-1,1,false,false,Enemy,20,4,0,-1,warsage_formation_deep_attack_trap,
1600801,Du Địch Thâm Nhập - Tất Sát,Auto,MeleeSingleTarget,-1,-1,1,false,false,Enemy,0,0,0,-1,warsage_formation_deep_attack_kill,
16009,Kháng Băng Cọc Trúc,Active,SingleTargetBuff,-1,-1,1,false,false,SelfAndAlly,50,0,0,-1,warsage_formation_bamboo_ignore_ice,
16010,Kháng Hỏa Cọc Trúc,Active,SingleTargetBuff,-1,-1,1,false,false,SelfAndAlly,50,0,0,-1,warsage_formation_bamboo_ignore_fire,
16011,Kháng Huyền Cọc Trúc,Active,SingleTargetBuff,-1,-1,1,false,false,SelfAndAlly,50,0,0,-1,warsage_formation_bamboo_ignore_light,
16012,Kháng Độc Cọc Trúc,Active,SingleTargetBuff,-1,-1,1,false,false,SelfAndAlly,50,0,0,-1,warsage_formation_bamboo_ignore_poison,
16013,Nội Thủ Cọc Trúc,Active,SingleTargetBuff,-1,-1,1,false,false,SelfAndAlly,50,0,0,-1,warsage_formation_bamboo_ignore_magic,
16014,Ngoại Thủ Cọc Trúc,Active,SingleTargetBuff,-1,-1,1,false,false,SelfAndAlly,50,0,0,-1,warsage_formation_bamboo_ignore_phys,
16015,Minh Hỏa Chưởng,Active,RangedSingleTarget,-1,-1,1,false,true,Enemy,5,0,0,-1,warsage_formation_yeluyan_minghuozhang,
16016,Xâm Lược Như Hỏa,Active,SingleTargetBuff,-1,-1,1,false,false,SelfAndAlly,50,0,0,-1,warsage_formation_fire_invade_immune,
16017,Xâm Lược Như Hỏa - Tất Sát,Auto,MeleeSingleTarget,-1,-1,1,false,false,Enemy,50,10,0,-1,warsage_formation_fire_invade_kill,
16018,Địa Phủ Ngưu Yêu,Auto,MeleeSingleTarget,-1,-1,1,false,false,Enemy,1,0,0,-1,warsage_formation_fire_bull_kill,
16019,Địa Hỏa Phần Thiên,Active,Trap,-1,-1,1,false,false,Enemy,20,4,0,-1,warsage_formation_fire_trap,
1601901,Địa Hỏa Phần Thiên - Thất minh,Auto,MeleeSingleTarget,-1,-1,1,false,false,Enemy,0,0,0,-1,warsage_formation_fire_trap_blind,
16020,Phi Hỏa Lưu Tinh,Auto,MeleeSingleTarget,-1,-1,1,false,false,Enemy,50,10,0,-1,warsage_formation_falling_meteor_debuff,
16021,Sơn Nhạc Mãnh Kích,Active,MeleeSingleTarget,-1,-1,1,false,true,Enemy,5,0,0,-1,warsage_formation_yeluliancheng_shanyuemengji,
16022,Sơn Thạch Phi Tiên,Active,MultipleTargetsAroundSelf,-1,-1,1,false,false,Enemy,0,5,0,-1,warsage_formation_yeluliancheng_shanshifeixian,
16023,Kim Giáp Bất Thân - Tất Sát,Auto,MeleeSingleTarget,-1,-1,1,false,false,Enemy,30,0,0,-1,warsage_formation_golden_armor_fail_kill,
16024,Nội Miễn Thạch Đồi,Active,SingleTargetBuff,-1,-1,1,false,false,SelfAndAlly,50,0,0,-1,warsage_formation_stonepile_magic_immune,
16025,Ngoại Miễn Thạch Đồi,Active,SingleTargetBuff,-1,-1,1,false,false,SelfAndAlly,50,0,0,-1,warsage_formation_stonepile_phys_immune,
16026,Thôn Thiên Thạch - Tất Sát,Auto,MeleeSingleTarget,-1,-1,1,false,false,Enemy,30,0,0,-1,warsage_formation_sky_stone_fail_kill,
16027,Thôn Thiên Thạch - Miễn thuộc tính,Active,SingleTargetBuff,-1,-1,1,false,false,SelfAndAlly,50,0,0,-1,warsage_formation_sky_stone_element_immune,
17001,Hàn Mai Nộ Phóng,Active,Trap,-1,-1,1,false,false,Enemy,20,3,0,-1,yangate_blood_battle_hanmei_nufang_trap,
1700101,Hàn Mai Nộ Phóng - Phát nổ,Auto,MeleeSingleTarget,-1,-1,1,false,false,Enemy,30,3,0,-1,yangate_blood_battle_hanmei_nufang_burst,
17002,Thú Chi Tù Lưỡng,Active,RangedSingleTarget,-1,-1,1,false,false,Enemy,20,0,0,-1,yangate_blood_battle_shouzhi_qiulong,
1700201,Thú Chi Tù Lưỡng - Độc thương,Auto,MeleeSingleTarget,-1,-1,1,false,false,Enemy,30,0,0,-1,yangate_blood_battle_shouzhi_qiulong_dot,
17003,Mãn Thiên Băng Tuyết,Active,RangedSingleTarget,-1,-1,1,false,false,Enemy,20,3,0,-1,yangate_blood_battle_mantian_bingxue,
1700301,Mãn Thiên Băng Tuyết - Băng bạo,Auto,MultipleTargetsAroundTarget,-1,-1,1,false,true,Enemy,20,3,0,-1,yangate_blood_battle_mantian_bingxue_burst,
17004,Hàn Băng Dẫn,Active,RangedSingleTarget,-1,-1,1,false,false,Enemy,20,3,0,-1,yangate_blood_battle_hanbing_yin,
1700401,Hàn Băng Dẫn - Băng bạo,Auto,MeleeSingleTarget,-1,-1,1,false,false,Enemy,20,3,0,-1,yangate_blood_battle_hanbing_yin_burst,
17005,Địa Hỏa Thiêu Thiên,Active,MultipleTargetsAroundSelf,-1,-1,1,false,false,Enemy,0,10,0,-1,yangate_blood_battle_dihuo_shaotian,
17006,Phóng Thiên Phạt,Active,SingleTargetBuff,-1,-1,1,false,false,Self,0,10,0,-1,yangate_blood_battle_fangtian_fa,
1700601,Phóng Thiên Phạt - Hỏa vũ,Auto,MultipleTargetsAroundSelf,-1,-1,1,false,true,Enemy,0,10,0,-1,yangate_blood_battle_fangtian_fa_tick,
17007,Kim Qua Thiết Mã,Active,MultipleTargetsAroundSelf,-1,-1,1,false,true,Enemy,0,6,0,-1,yangate_blood_battle_jingua_tiema,
17008,Chúc Tính Chi Lực,Active,MultipleTargetsAroundSelf,-1,-1,1,false,false,Enemy,0,10,0,-1,yangate_blood_battle_zhuxing_zhili,
17009,Hiệu Lệnh Thiên Hạ,Active,SingleTargetBuff,-1,-1,1,false,false,Self,0,0,0,-1,yangate_blood_battle_haoling_tianxia,
17010,Thiên Lôi Hủy Thế,Active,SingleTargetBuff,-1,-1,1,false,false,SelfAndAlly,50,0,0,-1,yangate_blood_battle_tianlei_huishi,
