RowIndex,Tag,ID,ResName,Scale,Name,Avarta,Level,Exp,Type,PhysAtk,PhysDef,MagicAtk,MagicDef,MaxHP,Hit,Dodge,CritAtk,CritDef,MoveSpeed,IceAtk,IceRes,IceNeg,IceBreak,FireAtk,FireRes,FireNeg,FireBreak,LightAtk,LightRes,LightNeg,LightBreak,PoisonAtk,PoisonRes,PoisonNeg,PoisonBreak,Skills,AIID,Text,ChildrenJSON
6001,Monster,13327,YanHuangZhanCheLanSe,100,Viêm Hoàng Thanh Long Chiến Xa,CommonNPCHeader15_1,80,1310,Hater,2342,1047,2342,1047,87880,1625,154,7,7,100,0,60,0,0,0,60,0,0,0,60,0,0,0,60,0,0,,0,,
6002,Monster,13328,YanHuangZhanCheHuangSe,100,Viêm Hoàng Bàn Cổ Chiến Xa,CommonNPCHeader15_3,80,1310,Hater,2342,1047,2342,1047,87880,1625,154,7,7,100,0,60,0,0,0,60,0,0,0,60,0,0,0,60,0,0,,0,,
6003,Monster,13329,YanHuangZhanCheZiSe,100,Viêm Hoàng Huyền Vũ Chiến Xa,CommonNPCHeader15_4,80,1310,Hater,2342,1047,2342,1047,87880,1625,154,7,7,100,0,60,0,0,0,60,0,0,0,60,0,0,0,60,0,0,,0,,
6004,Monster,13330,YanHuangZhanCheHongSe,100,Viêm Hoàng Chu Tước Chiến Xa,CommonNPCHeader15_5,80,1310,Hater,2342,1047,2342,1047,87880,1625,154,7,7,100,0,60,0,0,0,60,0,0,0,60,0,0,0,60,0,0,,0,,
6005,Monster,13331,YanHuangZhanCheBaiSe,100,Viêm Hoàng Bạch Hổ Chiến Xa,CommonNPCHeader15_2,80,1310,Hater,2342,1047,2342,1047,87880,1625,154,7,7,100,0,60,0,0,0,60,0,0,0,60,0,0,0,60,0,0,,0,,
6006,Monster,13332,YanHuangZhanQi,100,Viêm Hoàng Chiến Kỳ,CommonNPCHeader15_11,80,1310,Hater,2342,1047,2342,1047,87880,1625,154,7,7,100,0,60,0,0,0,60,0,0,0,60,0,0,0,60,0,0,,0,,
6007,Monster,13333,ZhuoLuDaQiCaoZuoTai,100,Chiến Kỳ Đài,CommonNPCHeader15_19,80,1310,Hater,2342,1047,2342,1047,87880,1625,154,7,7,100,0,60,0,0,0,60,0,0,0,60,0,0,0,60,0,0,,0,,
6008,Monster,13334,ChiYouZhanCheLanSe,100,Xuy Vưu Thanh Long Chiến Xa,CommonNPCHeader15_6,80,1310,Hater,2342,1047,2342,1047,87880,1625,154,7,7,100,0,60,0,0,0,60,0,0,0,60,0,0,0,60,0,0,,0,,
6009,Monster,13335,ChiYouZhanCheBaiSe,100,Xuy Vưu Bạch Hổ Chiến Xa,CommonNPCHeader15_7,80,1310,Hater,2342,1047,2342,1047,87880,1625,154,7,7,100,0,60,0,0,0,60,0,0,0,60,0,0,0,60,0,0,,0,,
6010,Monster,13336,ChiYouZhanCheHongSe,100,Xuy Vưu Chu Tước Chiến Xa,CommonNPCHeader15_10,80,1310,Hater,2342,1047,2342,1047,87880,1625,154,7,7,100,0,60,0,0,0,60,0,0,0,60,0,0,0,60,0,0,,0,,
6011,Monster,13337,ChiYouZhanCheZiSe,100,Xuy Vưu Huyền Vũ Chiến Xa,CommonNPCHeader15_9,80,1310,Hater,2342,1047,2342,1047,87880,1625,154,7,7,100,0,60,0,0,0,60,0,0,0,60,0,0,0,60,0,0,,0,,
6012,Monster,13338,ChiYouZhanCheHuangSe,100,Xuy Vưu Bàn Cổ Chiến Xa,CommonNPCHeader15_8,80,1310,Hater,2342,1047,2342,1047,87880,1625,154,7,7,100,0,60,0,0,0,60,0,0,0,60,0,0,0,60,0,0,,0,,
6013,Monster,13339,YanHuangZhanCheLanSe,100,Viêm Hoàng Thanh Long Chiến Xa,CommonNPCHeader15_1,80,1310,Hater,2342,1047,2342,1047,87880,1625,154,7,7,100,0,60,0,0,0,60,0,0,0,60,0,0,0,60,0,0,,0,,
6014,Monster,13340,YanHuangZhanCheBaiSe,100,Viêm Hoàng Bạch Hổ Chiến Xa,CommonNPCHeader15_2,80,1310,Hater,2342,1047,2342,1047,87880,1625,154,7,7,100,0,60,0,0,0,60,0,0,0,60,0,0,0,60,0,0,,0,,
6015,Monster,13341,YanHuangZhanCheHongSe,100,Viêm Hoàng Chu Tước Chiến Xa,CommonNPCHeader15_5,80,1310,Hater,2342,1047,2342,1047,87880,1625,154,7,7,100,0,60,0,0,0,60,0,0,0,60,0,0,0,60,0,0,,0,,
6016,Monster,13342,YanHuangZhanCheZiSe,100,Viêm Hoàng Huyền Vũ Chiến Xa,CommonNPCHeader15_4,80,1310,Hater,2342,1047,2342,1047,87880,1625,154,7,7,100,0,60,0,0,0,60,0,0,0,60,0,0,0,60,0,0,,0,,
6017,Monster,13343,YanHuangZhanCheHuangSe,100,Viêm Hoàng Bàn Cổ Chiến Xa,CommonNPCHeader15_3,80,1310,Hater,2342,1047,2342,1047,87880,1625,154,7,7,100,0,60,0,0,0,60,0,0,0,60,0,0,0,60,0,0,,0,,
6018,Monster,13400,ZiSeBaoXiaoboss,100,Phệ Tâm Quỷ Báo,PetHeader3_14,35,29920,Boss,3933,1847,3933,1847,1144320,1580,273,15,15,100,0,60,0,0,0,60,0,0,0,60,0,0,0,60,0,0,,0,,
6019,Monster,13401,QingTouYing,100,Lợi Trảo Tà Ưng,PetHeader1_4,35,29920,Boss,3933,1847,3933,1847,1144320,1580,273,15,15,100,0,60,0,0,0,60,0,0,0,60,0,0,0,60,0,0,,0,,
6020,Monster,13402,XiYiXiaoboss,100,Khiết Hồn Tích Dịch,PetHeader1_11,70,85200,Boss,8205,3670,8205,3670,3409920,5125,542,26,26,150,0,60,0,0,0,60,0,0,0,60,0,0,0,60,0,0,,0,,
6021,Monster,13404,Gouboss,100,Thiểm Điện Cẩu,PetHeader1_24,25,30737,Boss,7062,3317,7062,3317,599200,2460,492,30,30,100,0,60,0,0,0,60,0,0,0,60,0,0,0,60,0,0,,0,,
6022,Monster,13405,Gouboss,100,Thiểm Điện Cẩu,PetHeader1_24,45,66913,Boss,12606,5921,12606,5921,1375200,5518,876,46,46,200,0,60,0,0,0,60,0,0,0,60,0,0,0,60,0,0,,0,,
6023,Monster,13406,Gouboss,100,Thiểm Điện Cẩu,PetHeader1_24,65,115106,Boss,15246,8525,14293,8525,2420000,10584,1260,62,62,200,0,60,0,0,0,60,0,0,0,60,0,0,0,60,0,0,,0,,
6024,Monster,13407,FenHongSeZhu,100,Tiểu Trư Trư,PetHeader1_19,20,1056,Normal,4086,319,4086,319,57790,237,47,3,3,100,0,60,0,0,0,60,0,0,0,60,0,0,0,60,0,0,,0,,
6025,Monster,13408,FenHongSeZhu,100,Tiểu Trư Trư,PetHeader1_19,40,2497,Hater,8078,632,8078,632,146880,589,93,5,5,150,0,60,0,0,0,60,0,0,0,60,0,0,0,60,0,0,,0,,
6026,Monster,13409,FenHongSeZhu,100,Tiểu Trư Trư,PetHeader1_19,60,4437,Hater,11617,944,11617,944,268220,1173,139,7,7,200,0,60,0,0,0,60,0,0,0,60,0,0,0,60,0,0,,0,,
6027,Monster,13410,BaiYang,100,Tiểu Dương Dương,PetHeader1_22,20,1056,Normal,4086,319,4086,319,57790,237,47,3,3,100,0,60,0,0,0,60,0,0,0,60,0,0,0,60,0,0,,0,,
6028,Monster,13411,BaiYang,100,Tiểu Dương Dương,PetHeader1_22,40,2497,Hater,8078,632,8078,632,146880,589,93,5,5,150,0,60,0,0,0,60,0,0,0,60,0,0,0,60,0,0,,0,,
6029,Monster,13412,BaiYang,100,Tiểu Dương Dương,PetHeader1_22,60,4437,Hater,11617,944,11617,944,268220,1173,139,7,7,200,0,60,0,0,0,60,0,0,0,60,0,0,0,60,0,0,,0,,
6030,Monster,13413,YinWenJinTouYing,100,Tiểu Ưng Ưng,PetHeader1_4,20,1056,Normal,4086,319,4086,319,57790,237,47,3,3,100,0,60,0,0,0,60,0,0,0,60,0,0,0,60,0,0,,0,,
6031,Monster,13414,YinWenJinTouYing,100,Tiểu Ưng Ưng,PetHeader1_4,40,2497,Hater,8078,632,8078,632,146880,589,93,5,5,150,0,60,0,0,0,60,0,0,0,60,0,0,0,60,0,0,,0,,
6032,Monster,13415,YinWenJinTouYing,100,Tiểu Ưng Ưng,PetHeader1_4,60,4437,Hater,11617,944,11617,944,268220,1173,139,7,7,200,0,60,0,0,0,60,0,0,0,60,0,0,0,60,0,0,,0,,
6033,Monster,13416,HeiSeChongWuHu,100,Tiểu Hổ Hổ,PetHeader3_11,20,1056,Normal,4086,319,4086,319,57790,237,47,3,3,100,0,60,0,0,0,60,0,0,0,60,0,0,0,60,0,0,,0,,
6034,Monster,13417,HeiSeChongWuHu,100,Tiểu Hổ Hổ,PetHeader3_11,40,2497,Hater,8078,632,8078,632,146880,589,93,5,5,150,0,60,0,0,0,60,0,0,0,60,0,0,0,60,0,0,,0,,
6035,Monster,13418,HeiSeChongWuHu,100,Tiểu Hổ Hổ,PetHeader3_11,60,4437,Hater,11617,944,11617,944,268220,1173,139,7,7,200,0,60,0,0,0,60,0,0,0,60,0,0,0,60,0,0,,0,,
6036,Monster,13419,npcSaoDiSeng090805,100,Tảo Địa Tăng,FightNPCHeader10_13,90,1500,Hater,2884,1178,2884,1178,106400,1827,174,8,8,100,0,60,0,0,0,60,0,0,0,60,0,0,0,60,0,0,,0,,
6037,Monster,13430,bossShengSiLeiTaiSongJiang,100,Tống Khương,CommonNPCHeader15_23,45,11828,Boss,8824,2960,6303,3552,1340820,2759,438,23,23,100,0,60,0,0,0,60,0,0,0,60,0,0,0,60,0,0,,0,,
6038,Monster,13431,bossShengSiLeiTaiSongJiang,100,Tống Khương,CommonNPCHeader15_23,50,14489,Boss,10284,3286,7345,3943,2035200,3572,486,25,25,100,0,60,0,0,0,60,0,0,0,60,0,0,0,60,0,0,,0,,
6039,Monster,13432,bossShengSiLeiTaiSongJiang,100,Tống Khương,CommonNPCHeader15_23,60,18872,Boss,12321,3937,8801,4724,2682240,4888,582,29,29,225,0,60,0,0,0,60,0,0,0,60,0,0,0,60,0,0,0_1_0;13015_4_30000,0,,
6040,Monster,13433,bossShengSiLeiTaiSongJiang,100,Tống Khương,CommonNPCHeader15_23,70,23814,Boss,14358,4588,10256,5505,3409920,6407,678,33,33,300,0,60,0,0,0,60,0,0,0,60,0,0,0,60,0,0,0_1_0;13015_4_30000,0,,
6041,Monster,13434,bossShengSiLeiTaiSongJiang,100,Tống Khương,CommonNPCHeader15_23,80,29292,Boss,16396,5239,11711,6286,7250100,8127,774,37,37,300,0,60,0,0,0,60,0,0,0,60,0,0,0,60,0,0,0_1_0;13015_4_30000,0,,
6042,Monster,13435,bossShengSiLeiTaiSongJiang,100,Tống Khương,CommonNPCHeader15_23,90,33541,Boss,25957,7068,20189,8246,13300000,9135,870,41,41,300,0,60,0,0,0,60,0,0,0,60,0,0,0,60,0,0,0_1_0;13015_8_30000,0,,
6043,Monster,13436,bossShengSiLeiTaiSongJiang,100,Tống Khương,CommonNPCHeader15_23,100,37655,Boss,31333,7849,24370,9157,15825000,10143,966,45,45,340,0,60,0,0,0,60,0,0,0,60,0,0,0,60,0,0,0_1_0;13015_8_30000,0,,
6044,Monster,13437,bossShengSiLeiTaiSongJiang,100,Tống Khương,CommonNPCHeader15_23,110,41590,Boss,34452,8630,26796,10068,18560000,11151,1062,49,49,400,0,60,0,0,0,60,0,0,0,60,0,0,0,60,0,0,0_1_0;13015_8_30000,0,,
6045,Monster,13438,bossShengSiLeiTaiSongJiang,100,Tống Khương,CommonNPCHeader15_23,120,45235,Boss,37570,9411,29221,10980,20240000,12159,1158,53,53,420,0,60,0,0,0,60,0,0,0,60,0,0,0,60,0,0,0_1_0;13015_8_30000,0,,
6046,Monster,13439,bossShengSiLeiTaiLiKui,100,Lý Khôi,CommonNPCHeader16_3,45,11828,Boss,8824,2960,6303,3552,1340820,2759,438,23,23,100,0,60,0,0,0,60,0,0,0,60,0,0,0,60,0,0,,0,,
6047,Monster,13440,bossShengSiLeiTaiLiKui,100,Lý Khôi,CommonNPCHeader16_3,50,14489,Boss,10284,3286,7345,3943,2035200,3572,486,25,25,100,0,60,0,0,0,60,0,0,0,60,0,0,0,60,0,0,,0,,
6048,Monster,13441,bossShengSiLeiTaiLiKui,100,Lý Khôi,CommonNPCHeader16_3,60,18872,Boss,12321,3937,8801,4724,2682240,4888,582,29,29,225,0,60,0,0,0,60,0,0,0,60,0,0,0,60,0,0,0_1_0;13018_4_60000,0,,
6049,Monster,13442,bossShengSiLeiTaiLiKui,100,Lý Khôi,CommonNPCHeader16_3,70,23814,Boss,14358,4588,10256,5505,3409920,6407,678,33,33,300,0,60,0,0,0,60,0,0,0,60,0,0,0,60,0,0,0_1_0;13018_4_60000,0,,
6050,Monster,13443,bossShengSiLeiTaiLiKui,100,Lý Khôi,CommonNPCHeader16_3,80,29292,Boss,16396,5239,11711,6286,7250100,8127,774,37,37,300,0,60,0,0,0,60,0,0,0,60,0,0,0,60,0,0,0_1_0;13018_4_60000,0,,
6051,Monster,13444,bossShengSiLeiTaiLiKui,100,Lý Khôi,CommonNPCHeader16_3,90,33541,Boss,25957,7068,20189,8246,13300000,9135,870,41,41,302,0,60,0,0,0,60,0,0,0,60,0,0,0,60,0,0,0_1_0;13018_8_60000,0,,
6052,Monster,13445,bossShengSiLeiTaiLiKui,100,Lý Khôi,CommonNPCHeader16_3,100,37655,Boss,31333,7849,24370,9157,15825000,10143,966,45,45,366,0,60,0,0,0,60,0,0,0,60,0,0,0,60,0,0,0_1_0;13018_8_60000,0,,
6053,Monster,13446,bossShengSiLeiTaiLiKui,100,Lý Khôi,CommonNPCHeader16_3,110,41590,Boss,34452,8630,26796,10068,18560000,11151,1062,49,49,410,0,60,0,0,0,60,0,0,0,60,0,0,0,60,0,0,0_1_0;13018_8_60000,0,,
6054,Monster,13447,bossShengSiLeiTaiLiKui,100,Lý Khôi,CommonNPCHeader16_3,120,45235,Boss,37570,9411,29221,10980,20240000,12159,1158,53,53,434,0,60,0,0,0,60,0,0,0,60,0,0,0,60,0,0,0_1_0;13018_8_60000,0,,
6055,Monster,13448,bossShengSiLeiTaiWuYong,100,Ngô Vĩnh,CommonNPCHeader15_22,45,11828,Boss,6303,2960,6303,3552,4022460,2759,438,23,23,100,0,60,0,0,0,60,0,0,0,60,0,0,0,60,0,0,,0,,
6056,Monster,13449,bossShengSiLeiTaiWuYong,100,Ngô Vĩnh,CommonNPCHeader15_22,50,14489,Boss,7345,3286,7345,3943,6105600,3572,486,25,25,100,0,60,0,0,0,60,0,0,0,60,0,0,0,60,0,0,,0,,
6057,Monster,13450,bossShengSiLeiTaiWuYong,100,Ngô Vĩnh,CommonNPCHeader15_22,60,18872,Boss,8801,3937,8801,4724,8046720,4888,582,29,29,225,0,60,0,0,0,60,0,0,0,60,0,0,0,60,0,0,,0,,
6058,Monster,13451,bossShengSiLeiTaiWuYong,100,Ngô Vĩnh,CommonNPCHeader15_22,70,23814,Boss,10256,4588,10256,5505,10229760,6407,678,33,33,300,0,60,0,0,0,60,0,0,0,60,0,0,0,60,0,0,,0,,
6059,Monster,13452,bossShengSiLeiTaiWuYong,100,Ngô Vĩnh,CommonNPCHeader15_22,80,29292,Boss,11711,5239,11711,6286,21750300,8127,774,37,37,300,0,60,0,0,0,60,0,0,0,60,0,0,0,60,0,0,,0,,
6060,Monster,13453,bossShengSiLeiTaiWuYong,100,Ngô Vĩnh,CommonNPCHeader15_22,90,33541,Boss,17305,7068,17305,8246,64159200,9135,870,41,41,375,0,60,0,0,0,60,0,0,0,60,0,0,0,60,0,0,,0,,
6061,Monster,13454,bossShengSiLeiTaiWuYong,100,Ngô Vĩnh,CommonNPCHeader15_22,100,37655,Boss,20889,7849,20889,9157,76339800,10143,966,45,45,375,0,60,0,0,0,60,0,0,0,60,0,0,0,60,0,0,,0,,
6062,Monster,13455,bossShengSiLeiTaiWuYong,100,Ngô Vĩnh,CommonNPCHeader15_22,110,41590,Boss,22968,8630,22968,10068,89533440,11151,1062,49,49,375,0,60,0,0,0,60,0,0,0,60,0,0,0,60,0,0,,0,,
6063,Monster,13456,bossShengSiLeiTaiWuYong,100,Ngô Vĩnh,CommonNPCHeader15_22,120,45235,Boss,25047,9411,25047,10980,97637760,12159,1158,53,53,375,0,60,0,0,0,60,0,0,0,60,0,0,0,60,0,0,,0,,
6064,Monster,13457,bossShengSiLeiTaiLuJunYi,100,Lư Quân Dật,CommonNPCHeader16_1,45,11828,Boss,12606,2960,12606,3552,2681640,2759,438,23,23,200,0,60,0,0,0,60,0,0,0,60,0,0,0,60,0,0,,0,,
6065,Monster,13458,bossShengSiLeiTaiLuJunYi,100,Lư Quân Dật,CommonNPCHeader16_1,50,14489,Boss,14691,3286,14691,3943,4070400,3572,486,25,25,200,0,60,0,0,0,60,0,0,0,60,0,0,0,60,0,0,,0,,
6066,Monster,13459,bossShengSiLeiTaiLuJunYi,100,Lư Quân Dật,CommonNPCHeader16_1,60,18872,Boss,17602,3937,17602,4724,5364480,4888,582,29,29,225,0,60,0,0,0,60,0,0,0,60,0,0,0,60,0,0,0_1_0;13013_4_30000;13014_4_20000,0,,
6067,Monster,13460,bossShengSiLeiTaiLuJunYi,100,Lư Quân Dật,CommonNPCHeader16_1,70,23814,Boss,20512,4588,20512,5505,6819840,6407,678,33,33,310,0,60,0,0,0,60,0,0,0,60,0,0,0,60,0,0,0_1_0;13013_4_30000;13014_4_20000,0,,
6068,Monster,13461,bossShengSiLeiTaiLuJunYi,100,Lư Quân Dật,CommonNPCHeader16_1,80,29292,Boss,23423,5239,23423,6286,14500200,8127,774,37,37,310,0,60,0,0,0,60,0,0,0,60,0,0,0,60,0,0,0_1_0;13013_4_30000;13014_4_20000,0,,
6069,Monster,13462,bossShengSiLeiTaiLuJunYi,100,Lư Quân Dật,CommonNPCHeader16_1,90,33541,Boss,34610,7068,34610,8246,42772800,9135,870,41,41,400,0,60,0,0,0,60,0,0,0,60,0,0,0,60,0,0,0_1_0;13013_4_30000;13014_4_20000,0,,
6070,Monster,13463,bossShengSiLeiTaiLuJunYi,100,Lư Quân Dật,CommonNPCHeader16_1,100,37655,Boss,41778,7849,41778,9157,50893200,10143,966,45,45,420,0,60,0,0,0,60,0,0,0,60,0,0,0,60,0,0,0_1_0;13013_4_30000;13014_4_20000,0,,
6071,Monster,13464,bossShengSiLeiTaiLuJunYi,100,Lư Quân Dật,CommonNPCHeader16_1,110,41590,Boss,45936,8630,45936,10068,59688960,11151,1062,49,49,440,0,60,0,0,0,60,0,0,0,60,0,0,0,60,0,0,0_1_0;13013_4_30000;13014_4_20000,0,,
6072,Monster,13465,bossShengSiLeiTaiLuJunYi,100,Lư Quân Dật,CommonNPCHeader16_1,120,45235,Boss,50094,9411,50094,10980,65091840,12159,1158,53,53,486,0,60,0,0,0,60,0,0,0,60,0,0,0,60,0,0,0_1_0;13013_4_30000;13014_4_20000,0,,
6073,Monster,13466,bossShengSiLeiTaiGongSunSheng,100,Công Tôn Thánh,CommonNPCHeader16_7,45,11828,Boss,8824,2960,6303,3552,1608980,2759,438,23,23,100,0,60,0,0,0,60,0,0,0,60,0,0,0,60,0,0,,0,,
6074,Monster,13467,bossShengSiLeiTaiGongSunSheng,100,Công Tôn Thánh,CommonNPCHeader16_7,50,14489,Boss,10284,3286,7345,3943,2442240,3572,486,25,25,100,0,60,0,0,0,60,0,0,0,60,0,0,0,60,0,0,,0,,
6075,Monster,13468,bossShengSiLeiTaiGongSunSheng,100,Công Tôn Thánh,CommonNPCHeader16_7,60,18872,Boss,12321,3937,8801,4724,3218685,4888,582,29,29,225,0,60,0,0,0,60,0,0,0,60,0,0,0,60,0,0,0_1_0;13024_4_10000,0,,
6076,Monster,13469,bossShengSiLeiTaiGongSunSheng,100,Công Tôn Thánh,CommonNPCHeader16_7,70,23814,Boss,14358,4588,10256,5505,4091900,6407,678,33,33,300,0,60,0,0,0,60,0,0,0,60,0,0,0,60,0,0,0_1_0;13024_4_10000,0,,
6077,Monster,13470,bossShengSiLeiTaiGongSunSheng,100,Công Tôn Thánh,CommonNPCHeader16_7,80,29292,Boss,16396,5239,11711,6286,8700120,8127,774,37,37,300,0,60,0,0,0,60,0,0,0,60,0,0,0,60,0,0,0_1_0;13024_4_10000,0,,
6078,Monster,13471,bossShengSiLeiTaiGongSunSheng,100,Công Tôn Thánh,CommonNPCHeader16_7,90,33541,Boss,25957,7068,20189,8246,15534400,9135,870,41,41,302,0,60,0,0,0,60,0,0,0,60,0,0,0,60,0,0,0_1_0;13024_8_10000,0,,
6079,Monster,13472,bossShengSiLeiTaiGongSunSheng,100,Công Tôn Thánh,CommonNPCHeader16_7,100,37655,Boss,31333,7849,24370,9157,18483600,10143,966,45,45,376,0,60,0,0,0,60,0,0,0,60,0,0,0,60,0,0,0_1_0;13024_8_10000,0,,
6080,Monster,13473,bossShengSiLeiTaiGongSunSheng,100,Công Tôn Thánh,CommonNPCHeader16_7,110,41590,Boss,34452,8630,26796,10068,21678080,11151,1062,49,49,404,0,60,0,0,0,60,0,0,0,60,0,0,0,60,0,0,0_1_0;13024_8_10000,0,,
6081,Monster,13474,bossShengSiLeiTaiGongSunSheng,100,Công Tôn Thánh,CommonNPCHeader16_7,120,45235,Boss,37570,9411,29221,10980,23640320,12159,1158,53,53,404,0,60,0,0,0,60,0,0,0,60,0,0,0,60,0,0,0_1_0;13024_8_10000,0,,
6082,Monster,13475,bossShengSiLeiTaiGuanSheng,100,Quan Thịnh,CommonNPCHeader16_6,45,11828,Boss,8824,2960,6303,3552,1340820,2759,438,23,23,100,0,60,0,0,0,60,0,0,0,60,0,0,0,60,0,0,,0,,
6083,Monster,13476,bossShengSiLeiTaiGuanSheng,100,Quan Thịnh,CommonNPCHeader16_6,50,14489,Boss,10284,3286,7345,3943,2035200,3572,486,25,25,100,0,60,0,0,0,60,0,0,0,60,0,0,0,60,0,0,,0,,
6084,Monster,13477,bossShengSiLeiTaiGuanSheng,100,Quan Thịnh,CommonNPCHeader16_6,60,18872,Boss,12321,3937,8801,4724,2682240,4888,582,29,29,225,0,60,0,0,0,60,0,0,0,60,0,0,0,60,0,0,0_1_0;13016_4_30000;13017_4_60000,0,,
6085,Monster,13478,bossShengSiLeiTaiGuanSheng,100,Quan Thịnh,CommonNPCHeader16_6,70,23814,Boss,14358,4588,10256,5505,3409920,6407,678,33,33,300,0,60,0,0,0,60,0,0,0,60,0,0,0,60,0,0,0_1_0;13016_4_30000;13017_4_60000,0,,
6086,Monster,13479,bossShengSiLeiTaiGuanSheng,100,Quan Thịnh,CommonNPCHeader16_6,80,29292,Boss,16396,5239,11711,6286,7250100,8127,774,37,37,300,0,60,0,0,0,60,0,0,0,60,0,0,0,60,0,0,0_1_0;13016_4_30000;13017_4_60000,0,,
6087,Monster,13480,bossShengSiLeiTaiGuanSheng,100,Quan Thịnh,CommonNPCHeader16_6,90,33541,Boss,25957,7068,20189,8246,15800400,9135,870,41,41,302,0,60,0,0,0,60,0,0,0,60,0,0,0,60,0,0,0_1_0;13016_4_30000;13017_4_60000,0,,
6088,Monster,13481,bossShengSiLeiTaiGuanSheng,100,Quan Thịnh,CommonNPCHeader16_6,100,37655,Boss,31333,7849,24370,9157,18800100,10143,966,45,45,356,0,60,0,0,0,60,0,0,0,60,0,0,0,60,0,0,0_1_0;13016_4_30000;13017_4_60000,0,,
6089,Monster,13482,bossShengSiLeiTaiGuanSheng,100,Quan Thịnh,CommonNPCHeader16_6,110,41590,Boss,34452,8630,26796,10068,22049280,11151,1062,49,49,404,0,60,0,0,0,60,0,0,0,60,0,0,0,60,0,0,0_1_0;13016_4_30000;13017_4_60000,0,,
6090,Monster,13483,bossShengSiLeiTaiGuanSheng,100,Quan Thịnh,CommonNPCHeader16_6,120,45235,Boss,37570,9411,29221,10980,24045120,12159,1158,53,53,434,0,60,0,0,0,60,0,0,0,60,0,0,0,60,0,0,0_1_0;13016_4_30000;13017_4_60000,0,,
6091,Monster,13484,bossShengSiLeiTaiLuZhiShen,100,Lỗ Chí Sinh,CommonNPCHeader15_25,45,11828,Boss,17648,2960,12606,3552,1340820,2759,438,23,23,200,460,60,0,0,460,60,0,0,460,60,0,0,460,60,0,0,,0,,
6092,Monster,13485,bossShengSiLeiTaiLuZhiShen,100,Lỗ Chí Sinh,CommonNPCHeader15_25,50,14489,Boss,20568,3286,14691,3943,2035200,3572,486,25,25,300,540,60,0,0,540,60,0,0,540,60,0,0,540,60,0,0,,0,,
6093,Monster,13486,bossShengSiLeiTaiLuZhiShen,100,Lỗ Chí Sinh,CommonNPCHeader15_25,60,18872,Boss,24643,3937,17602,4724,2682240,4888,582,29,29,302,725,60,0,0,725,60,0,0,725,60,0,0,725,60,0,0,0_1_0;13005_4_30000;13006_4_40000;13007_4_20000;13008_4_10000,0,,
6094,Monster,13487,bossShengSiLeiTaiLuZhiShen,100,Lỗ Chí Sinh,CommonNPCHeader15_25,70,23814,Boss,28717,4588,20512,5505,3409920,6407,678,33,33,400,930,60,0,0,930,60,0,0,930,60,0,0,930,60,0,0,0_1_0;13005_4_30000;13006_4_40000;13007_4_20000;13008_4_10000,0,,
6095,Monster,13488,bossShengSiLeiTaiLuZhiShen,100,Lỗ Chí Sinh,CommonNPCHeader15_25,80,29292,Boss,32792,5239,23423,6286,7250100,8127,774,37,37,404,1165,60,0,0,1165,60,0,0,1165,60,0,0,1165,60,0,0,0_1_0;13005_4_30000;13006_4_40000;13007_4_20000;13008_4_10000,0,,
6096,Monster,13489,bossShengSiLeiTaiLuZhiShen,100,Lỗ Chí Sinh,CommonNPCHeader15_25,90,33541,Boss,51915,7068,40378,8246,15800400,9135,870,41,41,436,1420,60,0,0,1420,60,0,0,1420,60,0,0,1420,60,0,0,0_1_0;13005_4_30000;13006_4_40000;13007_4_20000;13008_4_10000,0,,
6097,Monster,13490,bossShengSiLeiTaiLuZhiShen,100,Lỗ Chí Sinh,CommonNPCHeader15_25,100,37655,Boss,62667,7849,48741,9157,18800100,10143,966,45,45,475,1700,60,0,0,1700,60,0,0,1700,60,0,0,1700,60,0,0,0_1_0;13005_4_30000;13006_4_40000;13007_4_20000;13008_4_10000,0,,
6098,Monster,13491,bossShengSiLeiTaiLuZhiShen,100,Lỗ Chí Sinh,CommonNPCHeader15_25,110,41590,Boss,68904,8630,53592,10068,22049280,11151,1062,49,49,500,2010,60,0,0,2010,60,0,0,2010,60,0,0,2010,60,0,0,0_1_0;13005_4_30000;13006_4_40000;13007_4_20000;13008_4_10000,0,,
6099,Monster,13492,bossShengSiLeiTaiLuZhiShen,100,Lỗ Chí Sinh,CommonNPCHeader15_25,120,45235,Boss,75141,9411,58443,10980,24045120,12159,1158,53,53,500,2345,60,0,0,2345,60,0,0,2345,60,0,0,2345,60,0,0,0_1_0;13005_4_30000;13006_4_40000;13007_4_20000;13008_4_10000,0,,
6100,Monster,13493,bossShengSiLeiTaiHuYanZhuo,100,Hô Diên Trác,CommonNPCHeader16_5,45,11828,Boss,8824,2960,6303,3552,1005615,2759,438,23,23,100,0,60,0,0,0,60,0,0,0,60,0,0,0,60,0,0,,0,,
6101,Monster,13494,bossShengSiLeiTaiHuYanZhuo,100,Hô Diên Trác,CommonNPCHeader16_5,50,14489,Boss,10284,3286,7345,3943,1526400,3572,486,25,25,100,0,60,0,0,0,60,0,0,0,60,0,0,0,60,0,0,,0,,
6102,Monster,13495,bossShengSiLeiTaiHuYanZhuo,100,Hô Diên Trác,CommonNPCHeader16_5,60,18872,Boss,12321,3937,8801,4724,2011680,4888,582,29,29,225,0,60,0,0,0,60,0,0,0,60,0,0,0,60,0,0,0_1_0;13003_4_30000,0,,
6103,Monster,13496,bossShengSiLeiTaiHuYanZhuo,100,Hô Diên Trác,CommonNPCHeader16_5,70,23814,Boss,14358,4588,10256,5505,2557440,6407,678,33,33,300,0,60,0,0,0,60,0,0,0,60,0,0,0,60,0,0,0_1_0;13003_4_30000,0,,
6104,Monster,13497,bossShengSiLeiTaiHuYanZhuo,100,Hô Diên Trác,CommonNPCHeader16_5,80,29292,Boss,16396,5239,11711,6286,5437575,8127,774,37,37,300,0,60,0,0,0,60,0,0,0,60,0,0,0,60,0,0,0_1_0;13003_4_30000,0,,
6105,Monster,13498,bossShengSiLeiTaiHuYanZhuo,100,Hô Diên Trác,CommonNPCHeader16_5,90,33541,Boss,25957,7068,20189,8246,11850300,9135,870,41,41,302,0,60,0,0,0,60,0,0,0,60,0,0,0,60,0,0,0_1_0;13003_8_30000,0,,
6106,Monster,13499,bossShengSiLeiTaiHuYanZhuo,100,Hô Diên Trác,CommonNPCHeader16_5,100,37655,Boss,31333,7849,24370,9157,14100075,10143,966,45,45,366,0,60,0,0,0,60,0,0,0,60,0,0,0,60,0,0,0_1_0;13003_8_30000,0,,
6107,Monster,13500,bossShengSiLeiTaiHuYanZhuo,100,Hô Diên Trác,CommonNPCHeader16_5,110,41590,Boss,34452,8630,26796,10068,16536960,11151,1062,49,49,404,0,60,0,0,0,60,0,0,0,60,0,0,0,60,0,0,0_1_0;13003_8_30000,0,,
6108,Monster,13501,bossShengSiLeiTaiHuYanZhuo,100,Hô Diên Trác,CommonNPCHeader16_5,120,45235,Boss,37570,9411,29221,10980,18033840,12159,1158,53,53,440,0,60,0,0,0,60,0,0,0,60,0,0,0,60,0,0,0_1_0;13003_8_30000,0,,
6109,Monster,13502,bossShengSiLeiTaiLinChong,100,Lâm Sung,CommonNPCHeader16_2,45,11828,Boss,8824,2960,6303,3552,1005615,2759,438,23,23,100,0,60,0,0,0,60,0,0,0,60,0,0,0,60,0,0,,0,,
6110,Monster,13503,bossShengSiLeiTaiLinChong,100,Lâm Sung,CommonNPCHeader16_2,50,14489,Boss,10284,3286,7345,3943,1526400,3572,486,25,25,100,0,60,0,0,0,60,0,0,0,60,0,0,0,60,0,0,,0,,
6111,Monster,13504,bossShengSiLeiTaiLinChong,100,Lâm Sung,CommonNPCHeader16_2,60,18872,Boss,12321,3937,8801,4724,2011680,4888,582,29,29,225,0,60,0,0,0,60,0,0,0,60,0,0,0,60,0,0,0_1_0;13001_4_30000,0,,
6112,Monster,13505,bossShengSiLeiTaiLinChong,100,Lâm Sung,CommonNPCHeader16_2,70,23814,Boss,14358,4588,10256,5505,2557440,6407,678,33,33,300,0,60,0,0,0,60,0,0,0,60,0,0,0,60,0,0,0_1_0;13001_4_30000,0,,
6113,Monster,13506,bossShengSiLeiTaiLinChong,100,Lâm Sung,CommonNPCHeader16_2,80,29292,Boss,16396,5239,11711,6286,5437575,8127,774,37,37,300,0,60,0,0,0,60,0,0,0,60,0,0,0,60,0,0,0_1_0;13001_4_30000,0,,
6114,Monster,13507,bossShengSiLeiTaiLinChong,100,Lâm Sung,CommonNPCHeader16_2,90,33541,Boss,25957,7068,20189,8246,11850300,9135,870,41,41,302,0,60,0,0,0,60,0,0,0,60,0,0,0,60,0,0,0_1_0;13001_8_30000,0,,
6115,Monster,13508,bossShengSiLeiTaiLinChong,100,Lâm Sung,CommonNPCHeader16_2,100,37655,Boss,31333,7849,24370,9157,14100075,10143,966,45,45,360,0,60,0,0,0,60,0,0,0,60,0,0,0,60,0,0,0_1_0;13001_8_30000,0,,
6116,Monster,13509,bossShengSiLeiTaiLinChong,100,Lâm Sung,CommonNPCHeader16_2,110,41590,Boss,34452,8630,26796,10068,16536960,11151,1062,49,49,404,0,60,0,0,0,60,0,0,0,60,0,0,0,60,0,0,0_1_0;13001_8_30000,0,,
6117,Monster,13510,bossShengSiLeiTaiLinChong,100,Lâm Sung,CommonNPCHeader16_2,120,45235,Boss,37570,9411,29221,10980,18033840,12159,1158,53,53,404,0,60,0,0,0,60,0,0,0,60,0,0,0,60,0,0,0_1_0;13001_8_30000,0,,
6118,Monster,13511,bossShengSiLeiTaiQinMing,100,Tần Minh,CommonNPCHeader15_24,45,11828,Boss,8824,2960,6303,3552,1005615,2759,438,23,23,100,0,60,0,0,0,60,0,0,0,60,0,0,0,60,0,0,,0,,
6119,Monster,13512,bossShengSiLeiTaiQinMing,100,Tần Minh,CommonNPCHeader15_24,50,14489,Boss,10284,3286,7345,3943,1526400,3572,486,25,25,100,0,60,0,0,0,60,0,0,0,60,0,0,0,60,0,0,,0,,
6120,Monster,13513,bossShengSiLeiTaiQinMing,100,Tần Minh,CommonNPCHeader15_24,60,18872,Boss,12321,3937,8801,4724,2011680,4888,582,29,29,225,0,60,0,0,0,60,0,0,0,60,0,0,0,60,0,0,0_1_0;13004_4_30000,0,,
6121,Monster,13514,bossShengSiLeiTaiQinMing,100,Tần Minh,CommonNPCHeader15_24,70,23814,Boss,14358,4588,10256,5505,2557440,6407,678,33,33,300,0,60,0,0,0,60,0,0,0,60,0,0,0,60,0,0,0_1_0;13004_4_30000,0,,
6122,Monster,13515,bossShengSiLeiTaiQinMing,100,Tần Minh,CommonNPCHeader15_24,80,29292,Boss,16396,5239,11711,6286,5437575,8127,774,37,37,300,0,60,0,0,0,60,0,0,0,60,0,0,0,60,0,0,0_1_0;13004_4_30000,0,,
6123,Monster,13516,bossShengSiLeiTaiQinMing,100,Tần Minh,CommonNPCHeader15_24,90,33541,Boss,25957,7068,20189,8246,11850300,9135,870,41,41,302,0,60,0,0,0,60,0,0,0,60,0,0,0,60,0,0,0_1_0;13004_8_30000,0,,
6124,Monster,13517,bossShengSiLeiTaiQinMing,100,Tần Minh,CommonNPCHeader15_24,100,37655,Boss,31333,7849,24370,9157,14100075,10143,966,45,45,366,0,60,0,0,0,60,0,0,0,60,0,0,0,60,0,0,0_1_0;13004_8_30000,0,,
6125,Monster,13518,bossShengSiLeiTaiQinMing,100,Tần Minh,CommonNPCHeader15_24,110,41590,Boss,34452,8630,26796,10068,16536960,11151,1062,49,49,404,0,60,0,0,0,60,0,0,0,60,0,0,0,60,0,0,0_1_0;13004_8_30000,0,,
6126,Monster,13519,bossShengSiLeiTaiQinMing,100,Tần Minh,CommonNPCHeader15_24,120,45235,Boss,37570,9411,29221,10980,18033840,12159,1158,53,53,440,0,60,0,0,0,60,0,0,0,60,0,0,0,60,0,0,0_1_0;13004_8_30000,0,,
6127,Monster,13520,bossShengSiLeiTaiHuaRong,100,Hoa Dung,CommonNPCHeader16_4,45,11828,Boss,8824,2960,6303,3552,1340820,2759,438,23,23,100,0,60,0,0,0,60,0,0,0,60,0,0,0,60,0,0,,0,,
6128,Monster,13521,bossShengSiLeiTaiHuaRong,100,Hoa Dung,CommonNPCHeader16_4,50,14489,Boss,10284,3286,7345,3943,2035200,3572,486,25,25,100,0,60,0,0,0,60,0,0,0,60,0,0,0,60,0,0,0_1_0;13023_4_30000,0,,
6129,Monster,13522,bossShengSiLeiTaiHuaRong,100,Hoa Dung,CommonNPCHeader16_4,60,18872,Boss,12321,3937,8801,4724,2682240,4888,582,29,29,225,0,60,0,0,0,60,0,0,0,60,0,0,0,60,0,0,0_1_0;13023_4_30000,0,,
6130,Monster,13523,bossShengSiLeiTaiHuaRong,100,Hoa Dung,CommonNPCHeader16_4,70,23814,Boss,14358,4588,10256,5505,3409920,6407,678,33,33,300,0,60,0,0,0,60,0,0,0,60,0,0,0,60,0,0,0_1_0;13023_4_30000,0,,
6131,Monster,13524,bossShengSiLeiTaiHuaRong,100,Hoa Dung,CommonNPCHeader16_4,80,29292,Boss,16396,5239,11711,6286,7250100,8127,774,37,37,300,0,60,0,0,0,60,0,0,0,60,0,0,0,60,0,0,0_1_0;13023_4_30000,0,,
6132,Monster,13525,bossShengSiLeiTaiHuaRong,100,Hoa Dung,CommonNPCHeader16_4,90,33541,Boss,25957,7068,20189,8246,15800400,9135,870,41,41,302,0,60,0,0,0,60,0,0,0,60,0,0,0,60,0,0,0_1_0;13023_8_30000,0,,
6133,Monster,13526,bossShengSiLeiTaiHuaRong,100,Hoa Dung,CommonNPCHeader16_4,100,37655,Boss,31333,7849,24370,9157,18800100,10143,966,45,45,366,0,60,0,0,0,60,0,0,0,60,0,0,0,60,0,0,0_1_0;13023_8_30000,0,,
6134,Monster,13527,bossShengSiLeiTaiHuaRong,100,Hoa Dung,CommonNPCHeader16_4,110,41590,Boss,34452,8630,26796,10068,22049280,11151,1062,49,49,404,0,60,0,0,0,60,0,0,0,60,0,0,0,60,0,0,0_1_0;13023_8_30000,0,,
6135,Monster,13528,bossShengSiLeiTaiHuaRong,100,Hoa Dung,CommonNPCHeader16_4,120,45235,Boss,37570,9411,29221,10980,24045120,12159,1158,53,53,440,0,60,0,0,0,60,0,0,0,60,0,0,0,60,0,0,0_1_0;13023_8_30000,0,,
6136,Monster,13529,bossShengSiLeiTaiWuSong,100,Vũ Tụng,CommonNPCHeader15_21,45,11828,Boss,8824,2960,6303,3552,1005615,2759,438,23,23,100,0,60,0,0,0,60,0,0,0,60,0,0,0,60,0,0,,0,,
6137,Monster,13530,bossShengSiLeiTaiWuSong,100,Vũ Tụng,CommonNPCHeader15_21,50,14489,Boss,10284,3286,7345,3943,1526400,3572,486,25,25,100,0,60,0,0,0,60,0,0,0,60,0,0,0,60,0,0,,0,,
6138,Monster,13531,bossShengSiLeiTaiWuSong,100,Vũ Tụng,CommonNPCHeader15_21,60,18872,Boss,12321,3937,8801,4724,2011680,4888,582,29,29,225,0,60,0,0,0,60,0,0,0,60,0,0,0,60,0,0,0_1_0;13002_4_30000,0,,
6139,Monster,13532,bossShengSiLeiTaiWuSong,100,Vũ Tụng,CommonNPCHeader15_21,70,23814,Boss,14358,4588,10256,5505,2557440,6407,678,33,33,300,0,60,0,0,0,60,0,0,0,60,0,0,0,60,0,0,0_1_0;13002_4_30000,0,,
6140,Monster,13533,bossShengSiLeiTaiWuSong,100,Vũ Tụng,CommonNPCHeader15_21,80,29292,Boss,16396,5239,11711,6286,5437575,8127,774,37,37,300,0,60,0,0,0,60,0,0,0,60,0,0,0,60,0,0,0_1_0;13002_4_30000,0,,
6141,Monster,13534,bossShengSiLeiTaiWuSong,100,Vũ Tụng,CommonNPCHeader15_21,90,33541,Boss,25957,7068,20189,8246,11850300,9135,870,41,41,302,0,60,0,0,0,60,0,0,0,60,0,0,0,60,0,0,0_1_0;13002_8_30000,0,,
6142,Monster,13535,bossShengSiLeiTaiWuSong,100,Vũ Tụng,CommonNPCHeader15_21,100,37655,Boss,31333,7849,24370,9157,14100075,10143,966,45,45,366,0,60,0,0,0,60,0,0,0,60,0,0,0,60,0,0,0_1_0;13002_8_30000,0,,
6143,Monster,13536,bossShengSiLeiTaiWuSong,100,Vũ Tụng,CommonNPCHeader15_21,110,41590,Boss,34452,8630,26796,10068,16536960,11151,1062,49,49,404,0,60,0,0,0,60,0,0,0,60,0,0,0,60,0,0,0_1_0;13002_8_30000,0,,
6144,Monster,13537,bossShengSiLeiTaiWuSong,100,Vũ Tụng,CommonNPCHeader15_21,120,45235,Boss,37570,9411,29221,10980,18033840,12159,1158,53,53,440,0,60,0,0,0,60,0,0,0,60,0,0,0,60,0,0,0_1_0;13002_8_30000,0,,
6145,Monster,13538,ShouXueQingNianXiaKe,100,Sát Tinh Lâu La,CommonNPCHeader7_6,45,194,Hater,2722,710,2420,710,82510,662,105,5,5,100,0,60,0,0,0,60,0,0,0,60,0,0,0,60,0,0,,0,,
6146,Monster,13539,ShouXueQingNianXiaKe,100,Sát Tinh Lâu La,CommonNPCHeader7_6,50,238,Hater,3173,788,2820,788,101760,857,116,6,6,100,0,60,0,0,0,60,0,0,0,60,0,0,0,60,0,0,,0,,
6147,Monster,13540,ShouXueQingNianXiaKe,100,Sát Tinh Lâu La,CommonNPCHeader7_6,60,310,Hater,3802,944,3379,944,134110,1173,139,7,7,100,0,60,0,0,0,60,0,0,0,60,0,0,0,60,0,0,,0,,
6148,Monster,13541,ShouXueQingNianXiaKe,100,Sát Tinh Lâu La,CommonNPCHeader7_6,70,391,Hater,4430,1101,3938,1101,170495,1537,162,7,7,100,0,60,0,0,0,60,0,0,0,60,0,0,0,60,0,0,,0,,
6149,Monster,13542,ShouXueQingNianXiaKe,100,Sát Tinh Lâu La,CommonNPCHeader7_6,80,482,Hater,5059,1257,4497,1257,210910,1950,185,8,8,100,0,60,0,0,0,60,0,0,0,60,0,0,0,60,0,0,,0,,
6150,Monster,13543,ShouXueQingNianXiaKe,100,Sát Tinh Lâu La,CommonNPCHeader7_6,90,552,Hater,7614,1696,6922,1696,319200,2192,208,9,9,100,0,60,0,0,0,60,0,0,0,60,0,0,0,60,0,0,,0,,
6151,Monster,13544,ShouXueQingNianXiaKe,100,Sát Tinh Lâu La,CommonNPCHeader7_6,100,619,Hater,9191,1883,8355,1883,379800,2434,231,10,10,150,0,60,0,0,0,60,0,0,0,60,0,0,0,60,0,0,,0,,
6152,Monster,13545,ShouXueQingNianXiaKe,100,Sát Tinh Lâu La,CommonNPCHeader7_6,110,684,Hater,10105,2071,9187,2071,445440,2676,254,11,11,150,0,60,0,0,0,60,0,0,0,60,0,0,0,60,0,0,,0,,
6153,Monster,13546,ShouXueQingNianXiaKe,100,Sát Tinh Lâu La,CommonNPCHeader7_6,120,744,Hater,11020,2258,10018,2258,485760,2918,277,12,12,100,0,60,0,0,0,60,0,0,0,60,0,0,0,60,0,0,,0,,
6154,Monster,13547,npcKuRongDaShi,100,Khô Vinh đại sư,CommonNPCHeader15_20,80,1310,Hater,2342,1047,2342,1047,87880,1625,154,7,7,100,0,60,0,0,0,60,0,0,0,60,0,0,0,60,0,0,,0,,
6155,Monster,13565,ZhanDouShaoLinWuSeng,100,Thiếu Lâm Vân Du Võ Tăng,CommonNPCHeader6_19,35,748,Hater,6303,2960,6303,2960,143040,395,68,3,3,100,0,60,0,0,0,60,0,0,0,60,0,0,0,60,0,0,,0,,
6156,Monster,13566,ZhanDouShaoLinWuSeng,100,Thiếu Lâm Vân Du Võ Tăng,CommonNPCHeader6_19,45,1058,Hater,6303,2960,6303,2960,226905,551,87,4,4,100,0,60,0,0,0,60,0,0,0,60,0,0,0,60,0,0,,0,,
6157,Monster,13567,ZhanDouShaoLinWuSeng,100,Thiếu Lâm Vân Du Võ Tăng,CommonNPCHeader6_19,55,1416,Hater,6303,2960,6303,2960,344840,784,106,5,5,100,0,60,0,0,0,60,0,0,0,60,0,0,0,60,0,0,,0,,
6158,Monster,13568,ZhanDouShaoLinWuSeng,100,Thiếu Lâm Vân Du Võ Tăng,CommonNPCHeader6_19,65,1820,Hater,6303,2960,6303,2960,477950,1058,126,6,6,100,0,60,0,0,0,60,0,0,0,60,0,0,0,60,0,0,,0,,
6159,Monster,13569,ZhanDouShaoLinWuSeng,100,Thiếu Lâm Vân Du Võ Tăng,CommonNPCHeader6_19,75,2274,Hater,6303,2960,6303,2960,608640,1372,145,7,7,100,0,60,0,0,0,60,0,0,0,60,0,0,0,60,0,0,,0,,
6160,Monster,13570,ZhanDouShaoLinWuSeng,100,Thiếu Lâm Vân Du Võ Tăng,CommonNPCHeader6_19,85,2776,Hater,6303,2960,6303,2960,784055,1726,164,7,7,100,0,60,0,0,0,60,0,0,0,60,0,0,0,60,0,0,,0,,
6161,Monster,13571,ZhanDouShaoLinWuSeng,100,Thiếu Lâm Vân Du Võ Tăng,CommonNPCHeader6_19,95,3160,Hater,6303,2960,6303,2960,1122800,1927,183,8,8,100,0,60,0,0,0,60,0,0,0,60,0,0,0,60,0,0,,0,,
6162,Monster,13572,ZhanDouShaoLinWuSeng,100,Thiếu Lâm Vân Du Võ Tăng,CommonNPCHeader6_19,105,3530,Hater,6303,2960,6303,2960,1329000,2129,202,9,9,100,0,60,0,0,0,60,0,0,0,60,0,0,0,60,0,0,,0,,
6163,Monster,13573,ZhanDouShaoLinWuSeng,100,Thiếu Lâm Vân Du Võ Tăng,CommonNPCHeader6_19,115,3884,Hater,6303,2960,6303,2960,1552000,2331,222,10,10,100,0,60,0,0,0,60,0,0,0,60,0,0,0,60,0,0,,0,,
6164,Monster,13574,XiCangLaMa,100,Đạo Thư Ác Tăng,CommonNPCHeader5_10,30,2032,Hater,4055,476,4055,476,98300,352,70,4,4,100,0,60,0,0,0,60,0,0,0,60,0,0,0,60,0,0,,0,,
6165,Monster,13575,XiCangLaMa,100,Đạo Thư Ác Tăng,CommonNPCHeader5_10,40,2961,Hater,5385,632,5385,632,146880,589,93,5,5,100,0,60,0,0,0,60,0,0,0,60,0,0,0,60,0,0,,0,,
6166,Monster,13576,XiCangLaMa,100,Đạo Thư Ác Tăng,CommonNPCHeader5_10,50,4040,Hater,7051,788,7051,788,203520,857,116,6,6,100,0,60,0,0,0,60,0,0,0,60,0,0,0,60,0,0,,0,,
6167,Monster,13577,XiCangLaMa,100,Đạo Thư Ác Tăng,CommonNPCHeader5_10,60,5262,Hater,8449,944,8449,944,268220,1173,139,7,7,150,0,60,0,0,0,60,0,0,0,60,0,0,0,60,0,0,,0,,
6168,Monster,13578,XiCangLaMa,100,Đạo Thư Ác Tăng,CommonNPCHeader5_10,70,6640,Hater,9846,1101,9846,1101,340990,1537,162,7,7,150,0,60,0,0,0,60,0,0,0,60,0,0,0,60,0,0,,0,,
6169,Monster,13579,XiCangLaMa,100,Đạo Thư Ác Tăng,CommonNPCHeader5_10,80,8168,Hater,12648,1257,12648,1257,421820,1950,185,8,8,200,0,60,0,0,0,60,0,0,0,60,0,0,0,60,0,0,,0,,
6170,Monster,13580,XiCangLaMa,100,Đạo Thư Ác Tăng,CommonNPCHeader5_10,90,9353,Hater,17305,1413,17305,1413,510720,2192,208,9,9,250,0,60,0,0,0,60,0,0,0,60,0,0,0,60,0,0,,0,,
6171,Monster,13581,XiCangLaMa,100,Đạo Thư Ác Tăng,CommonNPCHeader5_10,100,10500,Hater,20889,1569,20889,1569,607680,2434,231,10,10,208,0,60,0,0,0,60,0,0,0,60,0,0,0,60,0,0,,0,,
6172,Monster,13582,XiCangLaMa,100,Đạo Thư Ác Tăng,CommonNPCHeader5_10,110,11597,Hater,22968,1726,22968,1726,712700,2676,254,11,11,229,0,60,0,0,0,60,0,0,0,60,0,0,0,60,0,0,,0,,
6173,Monster,13584,LuoYangBing1,100,Ngụy Quan Quân,CommonNPCHeader10_9,40,1873,Hater,2423,632,2423,632,117500,589,93,5,5,100,0,60,0,0,0,60,0,0,0,60,0,0,0,60,0,0,,0,,
6174,Monster,13585,LuoYangBing1,100,Ngụy Quan Quân,CommonNPCHeader10_9,50,2555,Hater,3173,788,3173,788,162815,857,116,6,6,100,0,60,0,0,0,60,0,0,0,60,0,0,0,60,0,0,,0,,
6175,Monster,13586,LuoYangBing1,100,Ngụy Quan Quân,CommonNPCHeader10_9,60,3328,Hater,4752,944,4752,944,234695,1173,139,7,7,100,0,60,0,0,0,60,0,0,0,60,0,0,0,60,0,0,,0,,
6176,Monster,13587,LuoYangBing1,100,Ngụy Quan Quân,CommonNPCHeader10_9,70,4199,Hater,5538,1101,5538,1101,298365,1537,162,7,7,100,0,60,0,0,0,60,0,0,0,60,0,0,0,60,0,0,,0,,
6177,Monster,13588,LuoYangBing1,100,Ngụy Quan Quân,CommonNPCHeader10_9,80,5166,Hater,7589,1257,7589,1257,421820,1950,185,8,8,100,0,60,0,0,0,60,0,0,0,60,0,0,0,60,0,0,,0,,
6178,Monster,13589,LuoYangBing1,100,Ngụy Quan Quân,CommonNPCHeader10_9,90,5915,Hater,11075,1413,11075,1413,638400,2192,208,9,9,200,0,60,0,0,0,60,0,0,0,60,0,0,0,60,0,0,,0,,
6179,Monster,13590,LuoYangBing1,100,Ngụy Quan Quân,CommonNPCHeader10_9,100,6641,Hater,13368,1569,13368,1569,759600,2434,231,10,10,200,0,60,0,0,0,60,0,0,0,60,0,0,0,60,0,0,,0,,
6180,Monster,13591,LuoYangBing1,100,Ngụy Quan Quân,CommonNPCHeader10_9,110,7335,Hater,14699,1726,14699,1726,890880,2676,254,11,11,200,0,60,0,0,0,60,0,0,0,60,0,0,0,60,0,0,,0,,
6181,Monster,13592,bossCangJingGeMengMianFanSeng,100,Mông Diện Ác Tăng,FightNPCHeader10_1,30,13551,Boss,3041,1190,3041,1190,614400,882,176,10,10,100,0,60,0,0,0,60,0,0,0,60,0,0,0,60,0,0,,0,,
6182,Monster,13593,bossCangJingGeMengMianFanSeng,100,Mông Diện Ác Tăng,FightNPCHeader10_1,40,19745,Boss,4039,1581,4039,1581,918000,1474,234,12,12,100,0,60,0,0,0,60,0,0,0,60,0,0,0,60,0,0,,0,,
6183,Monster,13594,bossCangJingGeMengMianFanSeng,100,Mông Diện Ác Tăng,FightNPCHeader10_1,50,26936,Boss,5288,1971,5288,1971,1272000,2143,291,15,15,100,0,60,0,0,0,60,0,0,0,60,0,0,0,60,0,0,,0,,
6184,Monster,13595,bossCangJingGeMengMianFanSeng,100,Mông Diện Ác Tăng,FightNPCHeader10_1,60,35084,Boss,6336,2362,6336,2362,1676400,2933,349,17,17,100,0,60,0,0,0,60,0,0,0,60,0,0,0,60,0,0,,0,,
6185,Monster,13596,bossCangJingGeMengMianFanSeng,100,Mông Diện Ác Tăng,FightNPCHeader10_1,70,44271,Boss,7384,2752,7384,2752,2131200,3844,406,19,19,100,0,60,0,0,0,60,0,0,0,60,0,0,0,60,0,0,,0,,
6186,Monster,13597,bossCangJingGeMengMianFanSeng,100,Mông Diện Ác Tăng,FightNPCHeader10_1,80,54455,Boss,9837,3143,9837,3143,2636400,4876,464,22,22,150,0,60,0,0,0,60,0,0,0,60,0,0,0,60,0,0,,0,,
6187,Monster,13598,bossCangJingGeMengMianFanSeng,100,Mông Diện Ác Tăng,FightNPCHeader10_1,90,62353,Boss,12113,3534,12113,3534,3192000,5481,522,24,24,200,0,60,0,0,0,60,0,0,0,60,0,0,0,60,0,0,,0,,
6188,Monster,13599,bossCangJingGeMengMianFanSeng,100,Mông Diện Ác Tăng,FightNPCHeader10_1,100,70002,Boss,14622,3924,14622,3924,3798000,6085,579,27,27,200,0,60,0,0,0,60,0,0,0,60,0,0,0,60,0,0,,0,,
6189,Monster,13600,bossCangJingGeMengMianFanSeng,100,Mông Diện Ác Tăng,FightNPCHeader10_1,110,77318,Boss,16077,4315,16077,4315,4454400,6690,637,29,29,250,0,60,0,0,0,60,0,0,0,60,0,0,0,60,0,0,,0,,
6190,Monster,13700,ShouXueQingNianXiaKe,100,Yêu Tinh Phục Binh,CommonNPCHeader7_6,45,0,Hater,2722,710,2420,710,82510,662,105,5,5,100,0,60,0,0,0,60,0,0,0,60,0,0,0,60,0,0,,0,,
6191,Monster,13701,ShouXueQingNianXiaKe,100,Yêu Tinh Phục Binh,CommonNPCHeader7_6,50,0,Hater,3173,788,2820,788,101760,857,116,6,6,100,0,60,0,0,0,60,0,0,0,60,0,0,0,60,0,0,,0,,
6192,Monster,13702,ShouXueQingNianXiaKe,100,Yêu Tinh Phục Binh,CommonNPCHeader7_6,60,1,Hater,3802,944,3379,944,134110,1173,139,7,7,100,0,60,0,0,0,60,0,0,0,60,0,0,0,60,0,0,,0,,
6193,Monster,13703,ShouXueQingNianXiaKe,100,Yêu Tinh Phục Binh,CommonNPCHeader7_6,70,1,Hater,4430,1101,3938,1101,170495,1537,162,7,7,100,0,60,0,0,0,60,0,0,0,60,0,0,0,60,0,0,,0,,
6194,Monster,13704,ShouXueQingNianXiaKe,100,Yêu Tinh Phục Binh,CommonNPCHeader7_6,80,1,Hater,5059,1257,4497,1257,210910,1950,185,8,8,100,0,60,0,0,0,60,0,0,0,60,0,0,0,60,0,0,,0,,
6195,Monster,13705,ShouXueQingNianXiaKe,100,Yêu Tinh Phục Binh,CommonNPCHeader7_6,90,1,Hater,7614,1696,6922,1696,319200,2192,208,9,9,100,0,60,0,0,0,60,0,0,0,60,0,0,0,60,0,0,,0,,
6196,Monster,13706,ShouXueQingNianXiaKe,100,Yêu Tinh Phục Binh,CommonNPCHeader7_6,100,2,Hater,9191,1883,8355,1883,379800,2434,231,10,10,150,0,60,0,0,0,60,0,0,0,60,0,0,0,60,0,0,,0,,
6197,Monster,13707,ShouXueQingNianXiaKe,100,Yêu Tinh Phục Binh,CommonNPCHeader7_6,110,2,Hater,10105,2071,9187,2071,445440,2676,254,11,11,150,0,60,0,0,0,60,0,0,0,60,0,0,0,60,0,0,,0,,
6198,Monster,13708,ShouXueQingNianXiaKe,100,Yêu Tinh Phục Binh,CommonNPCHeader7_6,120,2,Hater,11020,2258,10018,2258,485760,2918,277,12,12,100,0,60,0,0,0,60,0,0,0,60,0,0,0,60,0,0,,0,,
6199,Monster,13709,bossShengSiLeiTaiGongSunSheng,100,Công Tôn Thánh,CommonNPCHeader16_7,45,5,Boss,8824,2960,6303,3552,1608980,2759,438,23,23,100,0,60,0,0,0,60,0,0,0,60,0,0,0,60,0,0,,0,,
6200,Monster,13710,bossShengSiLeiTaiGongSunSheng,100,Công Tôn Thánh,CommonNPCHeader16_7,50,7,Boss,10284,3286,7345,3943,2442240,3572,486,25,25,100,0,60,0,0,0,60,0,0,0,60,0,0,0,60,0,0,,0,,
6201,Monster,13711,bossShengSiLeiTaiGongSunSheng,100,Công Tôn Thánh,CommonNPCHeader16_7,60,9,Boss,12321,3937,8801,4724,3218685,4888,582,29,29,150,0,60,0,0,0,60,0,0,0,60,0,0,0,60,0,0,,0,,
6202,Monster,13712,bossShengSiLeiTaiGongSunSheng,100,Công Tôn Thánh,CommonNPCHeader16_7,70,11,Boss,14358,4588,10256,5505,4091900,6407,678,33,33,200,0,60,0,0,0,60,0,0,0,60,0,0,0,60,0,0,,0,,
6203,Monster,13713,bossShengSiLeiTaiGongSunSheng,100,Công Tôn Thánh,CommonNPCHeader16_7,80,14,Boss,16396,5239,11711,6286,8700120,8127,774,37,37,200,0,60,0,0,0,60,0,0,0,60,0,0,0,60,0,0,,0,,
6204,Monster,13714,bossShengSiLeiTaiGongSunSheng,100,Công Tôn Thánh,CommonNPCHeader16_7,90,16,Boss,25957,7068,20189,8246,15534400,9135,870,41,41,201,0,60,0,0,0,60,0,0,0,60,0,0,0,60,0,0,,0,,
6205,Monster,13715,bossShengSiLeiTaiGongSunSheng,100,Công Tôn Thánh,CommonNPCHeader16_7,100,18,Boss,31333,7849,24370,9157,18483600,10143,966,45,45,243,0,60,0,0,0,60,0,0,0,60,0,0,0,60,0,0,,0,,
6206,Monster,13716,bossShengSiLeiTaiGongSunSheng,100,Công Tôn Thánh,CommonNPCHeader16_7,110,20,Boss,34452,8630,26796,10068,21678080,11151,1062,49,49,267,0,60,0,0,0,60,0,0,0,60,0,0,0,60,0,0,,0,,
6207,Monster,13717,bossShengSiLeiTaiGongSunSheng,100,Công Tôn Thánh,CommonNPCHeader16_7,120,22,Boss,37570,9411,29221,10980,23640320,12159,1158,53,53,292,0,60,0,0,0,60,0,0,0,60,0,0,0,60,0,0,,0,,
6208,Monster,13750,npcGuaiMoJin090801XiaoWei,100,Mô Kim Hiệu Úy,FightNPCHeader10_25,40,2435,Hater,2692,632,2692,632,220320,589,93,5,5,100,0,60,0,0,0,60,0,0,0,60,0,0,0,60,0,0,,0,,
6209,Monster,13751,npcGuaiMoJin090801XiaoWei,100,Mô Kim Hiệu Úy,FightNPCHeader10_25,50,3322,Hater,3525,788,3525,788,305280,857,116,6,6,100,0,60,0,0,0,60,0,0,0,60,0,0,0,60,0,0,,0,,
6210,Monster,13752,npcGuaiMoJin090801XiaoWei,100,Mô Kim Hiệu Úy,FightNPCHeader10_25,60,4326,Hater,4224,944,4224,944,402335,1173,139,7,7,100,0,60,0,0,0,60,0,0,0,60,0,0,0,60,0,0,,0,,
6211,Monster,13753,npcGuaiMoJin090801XiaoWei,100,Mô Kim Hiệu Úy,FightNPCHeader10_25,70,5459,Hater,4923,1101,4923,1101,511485,1537,162,7,7,100,0,60,0,0,0,60,0,0,0,60,0,0,0,60,0,0,,0,,
6212,Monster,13754,npcGuaiMoJin090801XiaoWei,100,Mô Kim Hiệu Úy,FightNPCHeader10_25,80,6715,Hater,5621,1257,5621,1257,632735,1950,185,8,8,100,0,60,0,0,0,60,0,0,0,60,0,0,0,60,0,0,,0,,
6213,Monster,13755,npcGuaiMoJin090801XiaoWei,100,Mô Kim Hiệu Úy,FightNPCHeader10_25,90,8873,Hater,6922,1413,6922,1413,766080,2192,208,9,9,100,0,60,0,0,0,60,0,0,0,60,0,0,0,60,0,0,,0,,
6214,Monster,13756,npcGuaiMoJin090801XiaoWei,100,Mô Kim Hiệu Úy,FightNPCHeader10_25,100,9961,Hater,8355,1569,8355,1569,911520,2434,231,10,10,150,0,60,0,0,0,60,0,0,0,60,0,0,0,60,0,0,,0,,
6215,Monster,13757,npcGuaiMoJin090801XiaoWei,100,Mô Kim Hiệu Úy,FightNPCHeader10_25,110,11002,Hater,9187,1726,9187,1726,1069055,2676,254,11,11,150,0,60,0,0,0,60,0,0,0,60,0,0,0,60,0,0,,0,,
6216,Monster,13758,npcGuaiMoJin090801XiaoWei,100,Mô Kim Hiệu Úy,FightNPCHeader10_25,120,11966,Hater,10018,1882,10018,1882,1165820,2918,277,12,12,100,0,60,0,0,0,60,0,0,0,60,0,0,0,60,0,0,,0,,
6217,Monster,13759,bossBanShanDaoRen20090806,100,Bàn Sơn Đạo Nhân,FightNPCHeader10_24,40,19745,Boss,6732,1581,6732,1581,2754000,1474,234,12,12,100,0,60,0,0,0,60,0,0,0,60,0,0,0,60,0,0,,0,,
6218,Monster,13760,bossBanShanDaoRen20090806,100,Bàn Sơn Đạo Nhân,FightNPCHeader10_24,50,26936,Boss,8814,1971,8814,1971,3816000,2143,291,15,15,150,0,60,0,0,0,60,0,0,0,60,0,0,0,60,0,0,,0,,
6219,Monster,13761,bossBanShanDaoRen20090806,100,Bàn Sơn Đạo Nhân,FightNPCHeader10_24,60,35084,Boss,10561,2362,10561,2362,5029200,2933,349,17,17,200,0,60,0,0,0,60,0,0,0,60,0,0,0,60,0,0,,0,,
6220,Monster,13762,bossBanShanDaoRen20090806,100,Bàn Sơn Đạo Nhân,FightNPCHeader10_24,70,44271,Boss,12307,2752,12307,2752,6393600,3844,406,19,19,200,0,60,0,0,0,60,0,0,0,60,0,0,0,60,0,0,,0,,
6221,Monster,13763,bossBanShanDaoRen20090806,100,Bàn Sơn Đạo Nhân,FightNPCHeader10_24,80,54455,Boss,14054,3143,14054,3143,7909200,4876,464,22,22,200,0,60,0,0,0,60,0,0,0,60,0,0,0,60,0,0,,0,,
6222,Monster,13764,bossBanShanDaoRen20090806,100,Bàn Sơn Đạo Nhân,FightNPCHeader10_24,90,62353,Boss,17305,3534,17305,3534,9576000,5481,522,24,24,250,0,60,0,0,0,60,0,0,0,60,0,0,0,60,0,0,,0,,
6223,Monster,13765,bossBanShanDaoRen20090806,100,Bàn Sơn Đạo Nhân,FightNPCHeader10_24,100,70002,Boss,20889,3924,20889,3924,11394000,6085,579,27,27,208,0,60,0,0,0,60,0,0,0,60,0,0,0,60,0,0,,0,,
6224,Monster,13766,bossBanShanDaoRen20090806,100,Bàn Sơn Đạo Nhân,FightNPCHeader10_24,110,77318,Boss,22968,4315,22968,4315,13363200,6690,637,29,29,229,0,60,0,0,0,60,0,0,0,60,0,0,0,60,0,0,,0,,
6225,Monster,13767,bossBanShanDaoRen20090806,100,Bàn Sơn Đạo Nhân,FightNPCHeader10_24,120,84094,Boss,25047,4705,25047,4705,14572800,7295,694,31,31,250,0,60,0,0,0,60,0,0,0,60,0,0,0,60,0,0,,0,,
6226,Monster,13768,npcGaoBaoDan090630,100,Cao Bộc Đạn,FightNPCHeader1_22,40,6,Hater,1346,632,1346,632,146880,589,93,5,5,100,0,60,0,0,0,60,0,0,0,60,0,0,0,60,0,0,,0,,
6227,Monster,13769,npcGaoBaoDan090630,100,Cao Bộc Đạn,FightNPCHeader1_22,50,8,Hater,1762,788,1762,788,203520,857,116,6,6,100,0,60,0,0,0,60,0,0,0,60,0,0,0,60,0,0,,0,,
6228,Monster,13770,npcGaoBaoDan090630,100,Cao Bộc Đạn,FightNPCHeader1_22,60,11,Hater,2112,944,2112,944,268220,1173,139,7,7,100,0,60,0,0,0,60,0,0,0,60,0,0,0,60,0,0,,0,,
6229,Monster,13771,npcGaoBaoDan090630,100,Cao Bộc Đạn,FightNPCHeader1_22,70,13,Hater,2461,1101,2461,1101,340990,1537,162,7,7,100,0,60,0,0,0,60,0,0,0,60,0,0,0,60,0,0,,0,,
6230,Monster,13772,npcGaoBaoDan090630,100,Cao Bộc Đạn,FightNPCHeader1_22,80,17,Hater,2810,1257,2810,1257,421820,1950,185,8,8,100,0,60,0,0,0,60,0,0,0,60,0,0,0,60,0,0,,0,,
6231,Monster,13773,npcGaoBaoDan090630,100,Cao Bộc Đạn,FightNPCHeader1_22,90,19,Hater,3461,1413,3461,1413,510720,2192,208,9,9,100,0,60,0,0,0,60,0,0,0,60,0,0,0,60,0,0,,0,,
6232,Monster,13774,npcGaoBaoDan090630,100,Cao Bộc Đạn,FightNPCHeader1_22,100,22,Hater,4177,1569,4177,1569,607680,2434,231,10,10,100,0,60,0,0,0,60,0,0,0,60,0,0,0,60,0,0,,0,,
6233,Monster,13775,npcGaoBaoDan090630,100,Cao Bộc Đạn,FightNPCHeader1_22,110,24,Hater,4593,1726,4593,1726,712700,2676,254,11,11,100,0,60,0,0,0,60,0,0,0,60,0,0,0,60,0,0,,0,,
6234,Monster,13776,npcGaoBaoDan090630,100,Cao Bộc Đạn,FightNPCHeader1_22,120,26,Hater,5009,1882,5009,1882,777215,2918,277,12,12,100,0,60,0,0,0,60,0,0,0,60,0,0,0,60,0,0,,0,,
6235,Monster,13777,npcRanShaoDan090630,100,Nhiên Thiêu Đạn,FightNPCHeader1_22,40,6,Hater,1346,632,1346,632,146880,589,93,5,5,100,0,60,0,0,0,60,0,0,0,60,0,0,0,60,0,0,,0,,
6236,Monster,13778,npcRanShaoDan090630,100,Nhiên Thiêu Đạn,FightNPCHeader1_22,50,8,Hater,1762,788,1762,788,203520,857,116,6,6,100,0,60,0,0,0,60,0,0,0,60,0,0,0,60,0,0,,0,,
6237,Monster,13779,npcRanShaoDan090630,100,Nhiên Thiêu Đạn,FightNPCHeader1_22,60,11,Hater,2112,944,2112,944,268220,1173,139,7,7,100,0,60,0,0,0,60,0,0,0,60,0,0,0,60,0,0,,0,,
6238,Monster,13780,npcRanShaoDan090630,100,Nhiên Thiêu Đạn,FightNPCHeader1_22,70,13,Hater,2461,1101,2461,1101,340990,1537,162,7,7,100,0,60,0,0,0,60,0,0,0,60,0,0,0,60,0,0,,0,,
6239,Monster,13781,npcRanShaoDan090630,100,Nhiên Thiêu Đạn,FightNPCHeader1_22,80,17,Hater,2810,1257,2810,1257,421820,1950,185,8,8,100,0,60,0,0,0,60,0,0,0,60,0,0,0,60,0,0,,0,,
6240,Monster,13782,npcRanShaoDan090630,100,Nhiên Thiêu Đạn,FightNPCHeader1_22,90,19,Hater,3461,1413,3461,1413,510720,2192,208,9,9,100,0,60,0,0,0,60,0,0,0,60,0,0,0,60,0,0,,0,,
6241,Monster,13783,npcRanShaoDan090630,100,Nhiên Thiêu Đạn,FightNPCHeader1_22,100,22,Hater,4177,1569,4177,1569,607680,2434,231,10,10,100,0,60,0,0,0,60,0,0,0,60,0,0,0,60,0,0,,0,,
6242,Monster,13784,npcRanShaoDan090630,100,Nhiên Thiêu Đạn,FightNPCHeader1_22,110,24,Hater,4593,1726,4593,1726,712700,2676,254,11,11,100,0,60,0,0,0,60,0,0,0,60,0,0,0,60,0,0,,0,,
6243,Monster,13785,npcRanShaoDan090630,100,Nhiên Thiêu Đạn,FightNPCHeader1_22,120,26,Hater,5009,1882,5009,1882,777215,2918,277,12,12,100,0,60,0,0,0,60,0,0,0,60,0,0,0,60,0,0,,0,,
6244,Monster,13786,npcGuaiMoJin090801XiaoWei,100,Mô Kim Hiệu Úy,FightNPCHeader10_25,70,4199,Hater,2461,1101,2461,1101,340990,1537,162,7,7,100,0,60,0,0,0,60,0,0,0,60,0,0,0,60,0,0,,0,,
6245,Monster,13800,RenLeiShouLing2,100,Thiên Kiếp Lâu Ác Nhân,FightNPCHeader2_24,10,1,Normal,348,163,348,163,1685,122,24,2,2,100,0,60,0,0,0,60,0,0,0,60,0,0,0,60,0,0,,0,,
6246,Monster,13801,RenLeiShouLing2,100,Thiên Kiếp Lâu Ác Nhân,FightNPCHeader2_24,20,2,Normal,681,319,681,319,15410,237,47,3,3,100,0,60,0,0,0,60,0,0,0,60,0,0,0,60,0,0,,0,,
6247,Monster,13802,RenLeiShouLing2,100,Thiên Kiếp Lâu Ác Nhân,FightNPCHeader2_24,30,4,Hater,1013,476,1013,476,26210,352,70,4,4,100,0,60,0,0,0,60,0,0,0,60,0,0,0,60,0,0,,0,,
6248,Monster,13803,RenLeiShouLing2,100,Thiên Kiếp Lâu Ác Nhân,FightNPCHeader2_24,40,6,Hater,1346,632,1346,632,39165,589,93,5,5,100,0,60,0,0,0,60,0,0,0,60,0,0,0,60,0,0,,0,,
6249,Monster,13804,RenLeiShouLing2,100,Thiên Kiếp Lâu Ác Nhân,FightNPCHeader2_24,50,8,Hater,1762,788,1762,788,54270,857,116,6,6,100,0,60,0,0,0,60,0,0,0,60,0,0,0,60,0,0,,0,,
6250,Monster,13805,RenLeiShouLing2,100,Thiên Kiếp Lâu Ác Nhân,FightNPCHeader2_24,60,11,Hater,2112,944,2112,944,71525,1173,139,7,7,100,0,60,0,0,0,60,0,0,0,60,0,0,0,60,0,0,,0,,
6251,Monster,13806,RenLeiShouLing2,100,Thiên Kiếp Lâu Ác Nhân,FightNPCHeader2_24,70,13,Hater,2461,1101,2461,1101,90930,1537,162,7,7,100,0,60,0,0,0,60,0,0,0,60,0,0,0,60,0,0,,0,,
6252,Monster,13807,RenLeiShouLing2,100,Thiên Kiếp Lâu Ác Nhân,FightNPCHeader2_24,80,17,Hater,2810,1257,2810,1257,112485,1950,185,8,8,100,0,60,0,0,0,60,0,0,0,60,0,0,0,60,0,0,,0,,
6253,Monster,13808,RenLeiShouLing2,100,Thiên Kiếp Lâu Ác Nhân,FightNPCHeader2_24,90,19,Hater,3461,1413,3461,1413,136190,2192,208,9,9,100,0,60,0,0,0,60,0,0,0,60,0,0,0,60,0,0,,0,,
6254,Monster,13809,MuRongFu,100,Thiên Kiếp Lâu Ác Nhân,CommonNPCHeader12_5,11,1,Normal,381,179,381,179,3205,133,26,2,2,100,0,60,0,0,0,60,0,0,0,60,0,0,0,60,0,0,,0,,
6255,Monster,13810,MuRongFu,100,Thiên Kiếp Lâu Ác Nhân,CommonNPCHeader12_5,21,2,Normal,714,335,714,335,16160,249,49,3,3,100,0,60,0,0,0,60,0,0,0,60,0,0,0,60,0,0,,0,,
6256,Monster,13811,MuRongFu,100,Thiên Kiếp Lâu Ác Nhân,CommonNPCHeader12_5,31,4,Hater,1047,491,1047,491,27070,364,72,4,4,100,0,60,0,0,0,60,0,0,0,60,0,0,0,60,0,0,,0,,
6257,Monster,13812,MuRongFu,100,Thiên Kiếp Lâu Ác Nhân,CommonNPCHeader12_5,41,6,Hater,1379,648,1379,648,40135,604,95,5,5,100,0,60,0,0,0,60,0,0,0,60,0,0,0,60,0,0,,0,,
6258,Monster,13813,MuRongFu,100,Thiên Kiếp Lâu Ác Nhân,CommonNPCHeader12_5,51,8,Hater,1797,804,1797,804,55345,874,118,6,6,100,0,60,0,0,0,60,0,0,0,60,0,0,0,60,0,0,,0,,
6259,Monster,13814,MuRongFu,100,Thiên Kiếp Lâu Ác Nhân,CommonNPCHeader12_5,61,11,Hater,2147,960,2147,960,72705,1192,141,7,7,100,0,60,0,0,0,60,0,0,0,60,0,0,0,60,0,0,,0,,
6260,Monster,13815,MuRongFu,100,Thiên Kiếp Lâu Ác Nhân,CommonNPCHeader12_5,71,14,Hater,2496,1116,2496,1116,92220,1559,165,8,8,100,0,60,0,0,0,60,0,0,0,60,0,0,0,60,0,0,,0,,
6261,Monster,13816,MuRongFu,100,Thiên Kiếp Lâu Ác Nhân,CommonNPCHeader12_5,81,17,Hater,2845,1272,2845,1272,113880,1974,188,9,9,100,0,60,0,0,0,60,0,0,0,60,0,0,0,60,0,0,,0,,
6262,Monster,13817,MuRongFu,100,Thiên Kiếp Lâu Ác Nhân,CommonNPCHeader12_5,91,19,Hater,3499,1429,3499,1429,137695,2216,211,9,9,100,0,60,0,0,0,60,0,0,0,60,0,0,0,60,0,0,,0,,
6263,Monster,13818,bossPiaoMiaoFengHaDaBaSuoXiaoBan,100,Thiên Kiếp Lâu Ác Nhân,FightNPCHeader9_16,12,1,Normal,415,194,415,194,3820,145,29,2,2,100,0,60,0,0,0,60,0,0,0,60,0,0,0,60,0,0,,0,,
6264,Monster,13819,bossPiaoMiaoFengHaDaBaSuoXiaoBan,100,Thiên Kiếp Lâu Ác Nhân,FightNPCHeader9_16,22,2,Normal,747,351,747,351,16915,260,52,3,3,100,0,60,0,0,0,60,0,0,0,60,0,0,0,60,0,0,,0,,
6265,Monster,13820,bossPiaoMiaoFengHaDaBaSuoXiaoBan,100,Thiên Kiếp Lâu Ác Nhân,FightNPCHeader9_16,32,4,Hater,1080,507,1080,507,27930,375,75,4,4,100,0,60,0,0,0,60,0,0,0,60,0,0,0,60,0,0,,0,,
6266,Monster,13821,bossPiaoMiaoFengHaDaBaSuoXiaoBan,100,Thiên Kiếp Lâu Ác Nhân,FightNPCHeader9_16,42,6,Hater,1412,663,1412,663,41100,618,98,5,5,100,0,60,0,0,0,60,0,0,0,60,0,0,0,60,0,0,,0,,
6267,Monster,13822,bossPiaoMiaoFengHaDaBaSuoXiaoBan,100,Thiên Kiếp Lâu Ác Nhân,FightNPCHeader9_16,52,8,Hater,1832,819,1832,819,56420,891,121,6,6,100,0,60,0,0,0,60,0,0,0,60,0,0,0,60,0,0,,0,,
6268,Monster,13823,bossPiaoMiaoFengHaDaBaSuoXiaoBan,100,Thiên Kiếp Lâu Ác Nhân,FightNPCHeader9_16,62,11,Hater,2182,976,2182,976,73890,1212,144,7,7,100,0,60,0,0,0,60,0,0,0,60,0,0,0,60,0,0,,0,,
6269,Monster,13824,bossPiaoMiaoFengHaDaBaSuoXiaoBan,100,Thiên Kiếp Lâu Ác Nhân,FightNPCHeader9_16,72,14,Hater,2531,1132,2531,1132,93510,1581,167,8,8,100,0,60,0,0,0,60,0,0,0,60,0,0,0,60,0,0,,0,,
6270,Monster,13825,bossPiaoMiaoFengHaDaBaSuoXiaoBan,100,Thiên Kiếp Lâu Ác Nhân,FightNPCHeader9_16,82,17,Hater,2880,1288,2880,1288,115280,1998,190,9,9,100,0,60,0,0,0,60,0,0,0,60,0,0,0,60,0,0,,0,,
6271,Monster,13826,bossPiaoMiaoFengHaDaBaSuoXiaoBan,100,Thiên Kiếp Lâu Ác Nhân,FightNPCHeader9_16,92,20,Hater,3537,1444,3537,1444,139200,2240,213,10,10,100,0,60,0,0,0,60,0,0,0,60,0,0,0,60,0,0,,0,,
6272,Monster,13827,bossPiaoMiaoFengSangTuGong,100,Thiên Kiếp Lâu Ác Nhân,FightNPCHeader9_18,13,1,Normal,448,210,448,210,4345,156,31,2,2,100,0,60,0,0,0,60,0,0,0,60,0,0,0,60,0,0,,0,,
6273,Monster,13828,bossPiaoMiaoFengSangTuGong,100,Thiên Kiếp Lâu Ác Nhân,FightNPCHeader9_18,23,2,Normal,780,366,780,366,17665,272,54,3,3,100,0,60,0,0,0,60,0,0,0,60,0,0,0,60,0,0,,0,,
6274,Monster,13829,bossPiaoMiaoFengSangTuGong,100,Thiên Kiếp Lâu Ác Nhân,FightNPCHeader9_18,33,4,Hater,1113,523,1113,523,28790,387,77,4,4,100,0,60,0,0,0,60,0,0,0,60,0,0,0,60,0,0,,0,,
6275,Monster,13830,bossPiaoMiaoFengSangTuGong,100,Thiên Kiếp Lâu Ác Nhân,FightNPCHeader9_18,43,6,Hater,1446,679,1446,679,42070,633,100,5,5,100,0,60,0,0,0,60,0,0,0,60,0,0,0,60,0,0,,0,,
6276,Monster,13831,bossPiaoMiaoFengSangTuGong,100,Thiên Kiếp Lâu Ác Nhân,FightNPCHeader9_18,53,8,Hater,1867,835,1867,835,57495,908,123,6,6,100,0,60,0,0,0,60,0,0,0,60,0,0,0,60,0,0,,0,,
6277,Monster,13832,bossPiaoMiaoFengSangTuGong,100,Thiên Kiếp Lâu Ác Nhân,FightNPCHeader9_18,63,11,Hater,2217,991,2217,991,75070,1231,146,7,7,100,0,60,0,0,0,60,0,0,0,60,0,0,0,60,0,0,,0,,
6278,Monster,13833,bossPiaoMiaoFengSangTuGong,100,Thiên Kiếp Lâu Ác Nhân,FightNPCHeader9_18,73,14,Hater,2566,1147,2566,1147,94800,1603,169,8,8,100,0,60,0,0,0,60,0,0,0,60,0,0,0,60,0,0,,0,,
6279,Monster,13834,bossPiaoMiaoFengSangTuGong,100,Thiên Kiếp Lâu Ác Nhân,FightNPCHeader9_18,83,17,Hater,2915,1304,2915,1304,116675,2023,192,9,9,100,0,60,0,0,0,60,0,0,0,60,0,0,0,60,0,0,,0,,
6280,Monster,13835,bossPiaoMiaoFengSangTuGong,100,Thiên Kiếp Lâu Ác Nhân,FightNPCHeader9_18,93,20,Hater,3575,1460,3575,1460,140705,2264,215,10,10,100,0,60,0,0,0,60,0,0,0,60,0,0,0,60,0,0,,0,,
6281,Monster,13836,HaiDaoShuShenHong,100,Sinh Tiêu Thử,PetHeader3_25,60,5000,Boss,4321,3937,8801,4724,10000,4888,582,29,29,150,0,60,0,0,0,60,0,0,0,60,0,0,0,60,0,0,,0,,
6282,Monster,13837,ZhenShouChunJieNiu9a,100,Sinh Tiêu Ngưu,PetHeader4_22,60,5000,Boss,6122,3937,8801,4724,10000,4888,582,29,29,150,0,60,0,0,0,60,0,0,0,60,0,0,0,60,0,0,,0,,
6283,Monster,13838,HeiSeChongWuHu,100,Sinh Tiêu Hổ,PetHeader3_11,60,5000,Boss,2801,3937,8801,4724,10000,4888,582,29,29,150,0,60,0,0,0,60,0,0,0,60,0,0,0,60,0,0,,0,,
6284,Monster,13839,YuTu,100,Sinh Tiêu Thố,PetHeader2_25,60,5000,Boss,2801,3937,8801,4724,10000,4888,582,29,29,150,0,60,0,0,0,60,0,0,0,60,0,0,0,60,0,0,,0,,
6285,Monster,13840,HuangLong,100,Sinh Tiêu Long,PetHeader2_1,60,10000,Boss,4321,3937,8801,4724,30000,4888,582,29,29,150,0,60,0,0,0,60,0,0,0,60,0,0,0,60,0,0,,0,,
6286,Monster,13841,ZhenShouNianShou8,100,Niên Thú,PetHeader4_10,60,10000,Boss,4321,3937,8801,4724,30000,4888,582,29,29,150,0,60,0,0,0,60,0,0,0,60,0,0,0,60,0,0,,0,,
6287,Monster,13842,HeiSeHongTiHongJiaoBoMa,100,Sinh Tiêu Mã,PetHeader1_3,60,5000,Boss,4321,3937,8801,4724,10000,4888,582,29,29,150,0,60,0,0,0,60,0,0,0,60,0,0,0,60,0,0,,0,,
6288,Monster,13843,ZiSeShanYang,100,Sinh Tiêu Dương,PetHeader1_22,60,5000,Boss,4321,3937,8801,4724,10000,4888,582,29,29,150,0,60,0,0,0,60,0,0,0,60,0,0,0,60,0,0,,0,,
6289,Monster,13844,HuoHongYuMaoGongJi,100,Sinh Tiêu Kê,PetHeader1_23,60,5000,Boss,4321,3937,8801,4724,10000,4888,582,29,29,150,0,60,0,0,0,60,0,0,0,60,0,0,0,60,0,0,,0,,
6290,Monster,13845,ZhenShouShangGuShenYuan6,100,Sinh Tiêu Hầu,PetHeader4_15,60,5000,Boss,4321,3937,8801,4724,10000,4888,582,29,29,150,0,60,0,0,0,60,0,0,0,60,0,0,0,60,0,0,,0,,
6291,Monster,13846,HuiSeGou,100,Sinh Tiêu Cẩu,PetHeader1_24,60,5000,Boss,4321,3937,8801,4724,10000,4888,582,29,29,150,0,60,0,0,0,60,0,0,0,60,0,0,0,60,0,0,,0,,
6292,Monster,13847,ZhenShouHuanLeZhu,100,Sinh Tiêu Trư,PetHeader4_8,60,5000,Boss,4321,3937,8801,4724,10000,4888,582,29,29,150,0,60,0,0,0,60,0,0,0,60,0,0,0,60,0,0,,0,,
6293,Monster,13848,HaiDaoShuShenHong,100,Sinh Tiêu Thử,PetHeader3_25,60,33541,Boss,21,944,21,944,107285,1173,139,7,7,100,0,60,0,0,0,60,0,0,0,60,0,0,0,60,0,0,,0,,
6294,Monster,13849,ZhenShouChunJieNiu9a,100,Sinh Tiêu Ngưu,PetHeader4_22,60,33541,Boss,21,944,21,944,107285,1173,139,7,7,100,0,60,0,0,0,60,0,0,0,60,0,0,0,60,0,0,,0,,
6295,Monster,13850,HeiSeChongWuHu,100,Sinh Tiêu Hổ,PetHeader3_11,60,33541,Boss,21,944,21,944,107285,1173,139,7,7,100,0,60,0,0,0,60,0,0,0,60,0,0,0,60,0,0,,0,,
6296,Monster,13851,YuTu,100,Sinh Tiêu Thố,PetHeader2_25,60,33541,Boss,21,944,21,944,107285,1173,139,7,7,100,0,60,0,0,0,60,0,0,0,60,0,0,0,60,0,0,,0,,
6297,Monster,13852,HuangLong,100,Sinh Tiêu Long,PetHeader2_1,60,33541,Boss,21,944,21,944,107285,1173,139,7,7,100,0,60,0,0,0,60,0,0,0,60,0,0,0,60,0,0,,0,,
6298,Monster,13853,ZhenShouNianShou8,100,Niên Thú,PetHeader4_10,60,33541,Boss,21,944,21,944,107285,1173,139,7,7,100,0,60,0,0,0,60,0,0,0,60,0,0,0,60,0,0,,0,,
6299,Monster,13854,HeiSeHongTiHongJiaoBoMa,100,Sinh Tiêu Mã,PetHeader1_3,60,33541,Boss,21,944,21,944,107285,1173,139,7,7,100,0,60,0,0,0,60,0,0,0,60,0,0,0,60,0,0,,0,,
6300,Monster,13855,ZiSeShanYang,100,Sinh Tiêu Dương,PetHeader1_22,60,33541,Boss,21,944,21,944,107285,1173,139,7,7,100,0,60,0,0,0,60,0,0,0,60,0,0,0,60,0,0,,0,,
6301,Monster,13856,HuoHongYuMaoGongJi,100,Sinh Tiêu Kê,PetHeader1_23,60,33541,Boss,21,944,21,944,107285,1173,139,7,7,100,0,60,0,0,0,60,0,0,0,60,0,0,0,60,0,0,,0,,
6302,Monster,13857,ZhenShouShangGuShenYuan6,100,Sinh Tiêu Hầu,PetHeader4_15,60,33541,Boss,21,944,21,944,107285,1173,139,7,7,100,0,60,0,0,0,60,0,0,0,60,0,0,0,60,0,0,,0,,
6303,Monster,13858,HuiSeGou,100,Sinh Tiêu Cẩu,PetHeader1_24,60,33541,Boss,21,944,21,944,107285,1173,139,7,7,100,0,60,0,0,0,60,0,0,0,60,0,0,0,60,0,0,,0,,
6304,Monster,13859,ZhenShouHuanLeZhu,100,Sinh Tiêu Trư,PetHeader4_8,60,33541,Boss,21,944,21,944,107285,1173,139,7,7,100,0,60,0,0,0,60,0,0,0,60,0,0,0,60,0,0,,0,,
6305,Monster,13860,MoJingMao8,100,Cát Tường Miêu,PetHeader2_21,70,201,Hater,567,266,567,266,12040,198,39,2,2,100,0,60,0,0,0,60,0,0,0,60,0,0,0,60,0,0,,0,,
6306,Monster,13900,HuangJinQiZi,100,Hoàng Kim Kỳ Tử,FightNPCHeader10_11,10,2629,Normal,348,163,348,163,5065,122,24,2,2,100,0,60,0,0,0,60,0,0,0,60,0,0,0,60,0,0,,0,,
6307,Monster,13901,HuangJinQiZi,100,Hoàng Kim Kỳ Tử,FightNPCHeader10_11,20,5284,Normal,681,319,681,319,46230,237,47,3,3,100,0,60,0,0,0,60,0,0,0,60,0,0,0,60,0,0,,0,,
6308,Monster,13902,HuangJinQiZi,100,Hoàng Kim Kỳ Tử,FightNPCHeader10_11,30,8570,Hater,1013,476,1013,476,78640,352,70,4,4,100,0,60,0,0,0,60,0,0,0,60,0,0,0,60,0,0,,0,,
6309,Monster,13903,HuangJinQiZi,100,Hoàng Kim Kỳ Tử,FightNPCHeader10_11,40,12488,Hater,1346,632,1346,632,117500,589,93,5,5,100,0,60,0,0,0,60,0,0,0,60,0,0,0,60,0,0,,0,,
6310,Monster,13904,HuangJinQiZi,100,Hoàng Kim Kỳ Tử,FightNPCHeader10_11,50,17036,Hater,1762,788,1762,788,162815,857,116,6,6,100,0,60,0,0,0,60,0,0,0,60,0,0,0,60,0,0,,0,,
6311,Monster,13905,HuangJinQiZi,100,Hoàng Kim Kỳ Tử,FightNPCHeader10_11,60,22189,Hater,2112,944,2112,944,214575,1173,139,7,7,100,0,60,0,0,0,60,0,0,0,60,0,0,0,60,0,0,,0,,
6312,Monster,13906,HuangJinQiZi,100,Hoàng Kim Kỳ Tử,FightNPCHeader10_11,70,27999,Hater,2461,1101,2461,1101,272790,1537,162,7,7,100,0,60,0,0,0,60,0,0,0,60,0,0,0,60,0,0,,0,,
6313,Monster,13907,HuangJinQiZi,100,Hoàng Kim Kỳ Tử,FightNPCHeader10_11,80,34440,Hater,2810,1257,2810,1257,337455,1950,185,8,8,100,0,60,0,0,0,60,0,0,0,60,0,0,0,60,0,0,,0,,
6314,Monster,13908,HuangJinQiZi,100,Hoàng Kim Kỳ Tử,FightNPCHeader10_11,90,39436,Hater,3461,1413,3461,1413,408575,2192,208,9,9,100,0,60,0,0,0,60,0,0,0,60,0,0,0,60,0,0,,0,,
6315,Monster,13909,HuangJinQiZi,100,Hoàng Kim Kỳ Tử,FightNPCHeader10_11,100,44273,Hater,4177,1569,4177,1569,486140,2434,231,10,10,100,0,60,0,0,0,60,0,0,0,60,0,0,0,60,0,0,,0,,
6316,Monster,13910,HuangJinQiZi,100,Hoàng Kim Kỳ Tử,FightNPCHeader10_11,110,78241,Hater,4593,1726,4593,1726,570160,2676,254,11,11,100,0,60,0,0,0,60,0,0,0,60,0,0,0,60,0,0,,0,,
6317,Monster,13911,HuangJinQiZi,100,Hoàng Kim Kỳ Tử,FightNPCHeader10_11,120,85097,Hater,5009,1882,5009,1882,621770,2918,277,12,12,100,0,60,0,0,0,60,0,0,0,60,0,0,0,60,0,0,,0,,
6318,Monster,13912,HuangJinQiZi,100,Hoàng Kim Kỳ Tử,FightNPCHeader10_11,130,91996,Hater,5425,2038,5425,2038,673380,3160,300,13,13,100,0,60,0,0,0,60,0,0,0,60,0,0,0,60,0,0,,0,,
6319,Monster,13913,HuangJinQiZi,100,Hoàng Kim Kỳ Tử,FightNPCHeader10_11,140,98852,Hater,5841,2194,5841,2194,724990,3402,324,14,14,100,0,60,0,0,0,60,0,0,0,60,0,0,0,60,0,0,,0,,
6320,Monster,13914,HuangJinQiZi,100,Hoàng Kim Kỳ Tử,FightNPCHeader10_11,150,105036,Hater,6256,2351,6256,2351,776600,3643,347,15,15,100,0,60,0,0,0,60,0,0,0,60,0,0,0,60,0,0,,0,,
6321,Monster,13915,HuangJinQiZi,100,Hoàng Kim Kỳ Tử,FightNPCHeader10_11,160,105036,Hater,6672,2507,6672,2507,828210,3885,370,16,16,100,0,60,0,0,0,60,0,0,0,60,0,0,0,60,0,0,,0,,
6322,Monster,13916,HuangJinQiZi,100,Hoàng Kim Kỳ Tử,FightNPCHeader10_11,170,105036,Hater,7088,2663,7088,2663,879820,4127,393,17,17,100,0,60,0,0,0,60,0,0,0,60,0,0,0,60,0,0,,0,,
6323,Monster,13917,HuangJinQiZi,100,Hoàng Kim Kỳ Tử,FightNPCHeader10_11,180,105036,Hater,7504,2819,7504,2819,931430,4369,416,18,18,100,0,60,0,0,0,60,0,0,0,60,0,0,0,60,0,0,,0,,
6324,Monster,13918,HuangJinQiZi,100,Hoàng Kim Kỳ Tử,FightNPCHeader10_11,190,105036,Hater,7919,2975,7919,2975,983040,4611,439,19,19,150,0,60,0,0,0,60,0,0,0,60,0,0,0,60,0,0,,0,,
6325,Monster,13919,HuangJinQiZi,100,Hoàng Kim Kỳ Tử,FightNPCHeader10_11,200,105036,Hater,8335,3132,8335,3132,1034645,4853,462,20,20,150,0,60,0,0,0,60,0,0,0,60,0,0,0,60,0,0,,0,,
6326,Monster,13920,HuangJinQiZi,100,Hoàng Kim Kỳ Tử,FightNPCHeader10_11,10,2760,Normal,348,163,348,163,3375,122,24,2,2,100,0,60,0,0,0,60,0,0,0,60,0,0,0,60,0,0,,0,,
6327,Monster,13921,HuangJinQiZi,100,Hoàng Kim Kỳ Tử,FightNPCHeader10_11,20,5548,Normal,681,319,681,319,30820,237,47,3,3,100,0,60,0,0,0,60,0,0,0,60,0,0,0,60,0,0,,0,,
6328,Monster,13922,HuangJinQiZi,100,Hoàng Kim Kỳ Tử,FightNPCHeader10_11,30,8999,Hater,1013,476,1013,476,52425,352,70,4,4,100,0,60,0,0,0,60,0,0,0,60,0,0,0,60,0,0,,0,,
6329,Monster,13923,HuangJinQiZi,100,Hoàng Kim Kỳ Tử,FightNPCHeader10_11,40,13112,Hater,1346,632,1346,632,78335,589,93,5,5,100,0,60,0,0,0,60,0,0,0,60,0,0,0,60,0,0,,0,,
6330,Monster,13924,HuangJinQiZi,100,Hoàng Kim Kỳ Tử,FightNPCHeader10_11,50,17888,Hater,1762,788,1762,788,108540,857,116,6,6,100,0,60,0,0,0,60,0,0,0,60,0,0,0,60,0,0,,0,,
6331,Monster,13925,HuangJinQiZi,100,Hoàng Kim Kỳ Tử,FightNPCHeader10_11,60,23298,Hater,2112,944,2112,944,143050,1173,139,7,7,100,0,60,0,0,0,60,0,0,0,60,0,0,0,60,0,0,,0,,
6332,Monster,13926,HuangJinQiZi,100,Hoàng Kim Kỳ Tử,FightNPCHeader10_11,70,29399,Hater,2461,1101,2461,1101,181860,1537,162,7,7,100,0,60,0,0,0,60,0,0,0,60,0,0,0,60,0,0,,0,,
6333,Monster,13927,HuangJinQiZi,100,Hoàng Kim Kỳ Tử,FightNPCHeader10_11,80,36162,Hater,2810,1257,2810,1257,224970,1950,185,8,8,100,0,60,0,0,0,60,0,0,0,60,0,0,0,60,0,0,,0,,
6334,Monster,13928,HuangJinQiZi,100,Hoàng Kim Kỳ Tử,FightNPCHeader10_11,90,41407,Hater,3461,1413,3461,1413,272380,2192,208,9,9,100,0,60,0,0,0,60,0,0,0,60,0,0,0,60,0,0,,0,,
6335,Monster,13929,HuangJinQiZi,100,Hoàng Kim Kỳ Tử,FightNPCHeader10_11,100,46487,Hater,4177,1569,4177,1569,324095,2434,231,10,10,100,0,60,0,0,0,60,0,0,0,60,0,0,0,60,0,0,,0,,
6336,Monster,13930,HuangJinQiZi,100,Hoàng Kim Kỳ Tử,FightNPCHeader10_11,110,82153,Hater,4593,1726,4593,1726,380105,2676,254,11,11,100,0,60,0,0,0,60,0,0,0,60,0,0,0,60,0,0,,0,,
6337,Monster,13931,HuangJinQiZi,100,Hoàng Kim Kỳ Tử,FightNPCHeader10_11,120,89352,Hater,5009,1882,5009,1882,414515,2918,277,12,12,100,0,60,0,0,0,60,0,0,0,60,0,0,0,60,0,0,,0,,
6338,Monster,13932,HuangJinQiZi,100,Hoàng Kim Kỳ Tử,FightNPCHeader10_11,130,96596,Hater,5425,2038,5425,2038,448920,3160,300,13,13,100,0,60,0,0,0,60,0,0,0,60,0,0,0,60,0,0,,0,,
6339,Monster,13933,HuangJinQiZi,100,Hoàng Kim Kỳ Tử,FightNPCHeader10_11,140,103795,Hater,5841,2194,5841,2194,483325,3402,324,14,14,100,0,60,0,0,0,60,0,0,0,60,0,0,0,60,0,0,,0,,
6340,Monster,13934,HuangJinQiZi,100,Hoàng Kim Kỳ Tử,FightNPCHeader10_11,150,110288,Hater,6256,2351,6256,2351,517730,3643,347,15,15,100,0,60,0,0,0,60,0,0,0,60,0,0,0,60,0,0,,0,,
6341,Monster,13935,HuangJinQiZi,100,Hoàng Kim Kỳ Tử,FightNPCHeader10_11,160,110288,Hater,6672,2507,6672,2507,552140,3885,370,16,16,100,0,60,0,0,0,60,0,0,0,60,0,0,0,60,0,0,,0,,
6342,Monster,13936,HuangJinQiZi,100,Hoàng Kim Kỳ Tử,FightNPCHeader10_11,170,110288,Hater,7088,2663,7088,2663,586545,4127,393,17,17,100,0,60,0,0,0,60,0,0,0,60,0,0,0,60,0,0,,0,,
6343,Monster,13937,HuangJinQiZi,100,Hoàng Kim Kỳ Tử,FightNPCHeader10_11,180,110288,Hater,7504,2819,7504,2819,620950,4369,416,18,18,100,0,60,0,0,0,60,0,0,0,60,0,0,0,60,0,0,,0,,
6344,Monster,13938,HuangJinQiZi,100,Hoàng Kim Kỳ Tử,FightNPCHeader10_11,190,110288,Hater,7919,2975,7919,2975,655360,4611,439,19,19,150,0,60,0,0,0,60,0,0,0,60,0,0,0,60,0,0,,0,,
6345,Monster,13939,HuangJinQiZi,100,Hoàng Kim Kỳ Tử,FightNPCHeader10_11,200,110288,Hater,8335,3132,8335,3132,689765,4853,462,20,20,150,0,60,0,0,0,60,0,0,0,60,0,0,0,60,0,0,,0,,
6346,Monster,13940,HuangJinQiZi,100,Hoàng Kim Kỳ Tử,FightNPCHeader10_11,10,2760,Normal,348,163,348,163,4220,122,24,2,2,100,0,60,0,0,0,60,0,0,0,60,0,0,0,60,0,0,,0,,
6347,Monster,13941,HuangJinQiZi,100,Hoàng Kim Kỳ Tử,FightNPCHeader10_11,20,5548,Normal,681,319,681,319,38525,237,47,3,3,100,0,60,0,0,0,60,0,0,0,60,0,0,0,60,0,0,,0,,
6348,Monster,13942,HuangJinQiZi,100,Hoàng Kim Kỳ Tử,FightNPCHeader10_11,30,8999,Hater,1013,476,1013,476,65535,352,70,4,4,100,0,60,0,0,0,60,0,0,0,60,0,0,0,60,0,0,,0,,
6349,Monster,13943,HuangJinQiZi,100,Hoàng Kim Kỳ Tử,FightNPCHeader10_11,40,13112,Hater,1346,632,1346,632,97920,589,93,5,5,100,0,60,0,0,0,60,0,0,0,60,0,0,0,60,0,0,,0,,
6350,Monster,13944,HuangJinQiZi,100,Hoàng Kim Kỳ Tử,FightNPCHeader10_11,50,17888,Hater,1762,788,1762,788,135680,857,116,6,6,100,0,60,0,0,0,60,0,0,0,60,0,0,0,60,0,0,,0,,
6351,Monster,13945,HuangJinQiZi,100,Hoàng Kim Kỳ Tử,FightNPCHeader10_11,60,23298,Hater,2112,944,2112,944,178815,1173,139,7,7,100,0,60,0,0,0,60,0,0,0,60,0,0,0,60,0,0,,0,,
6352,Monster,13946,HuangJinQiZi,100,Hoàng Kim Kỳ Tử,FightNPCHeader10_11,70,29399,Hater,2461,1101,2461,1101,227325,1537,162,7,7,100,0,60,0,0,0,60,0,0,0,60,0,0,0,60,0,0,,0,,
6353,Monster,13947,HuangJinQiZi,100,Hoàng Kim Kỳ Tử,FightNPCHeader10_11,80,36162,Hater,2810,1257,2810,1257,281215,1950,185,8,8,100,0,60,0,0,0,60,0,0,0,60,0,0,0,60,0,0,,0,,
6354,Monster,13948,HuangJinQiZi,100,Hoàng Kim Kỳ Tử,FightNPCHeader10_11,90,41407,Hater,3461,1413,3461,1413,340480,2192,208,9,9,100,0,60,0,0,0,60,0,0,0,60,0,0,0,60,0,0,,0,,
6355,Monster,13949,HuangJinQiZi,100,Hoàng Kim Kỳ Tử,FightNPCHeader10_11,100,46487,Hater,4177,1569,4177,1569,405120,2434,231,10,10,100,0,60,0,0,0,60,0,0,0,60,0,0,0,60,0,0,,0,,
6356,Monster,13950,HuangJinQiZi,100,Hoàng Kim Kỳ Tử,FightNPCHeader10_11,110,82153,Hater,4593,1726,4593,1726,475135,2676,254,11,11,100,0,60,0,0,0,60,0,0,0,60,0,0,0,60,0,0,,0,,
6357,Monster,13951,HuangJinQiZi,100,Hoàng Kim Kỳ Tử,FightNPCHeader10_11,120,89352,Hater,5009,1882,5009,1882,518140,2918,277,12,12,100,0,60,0,0,0,60,0,0,0,60,0,0,0,60,0,0,,0,,
6358,Monster,13952,HuangJinQiZi,100,Hoàng Kim Kỳ Tử,FightNPCHeader10_11,130,96596,Hater,5425,2038,5425,2038,561150,3160,300,13,13,100,0,60,0,0,0,60,0,0,0,60,0,0,0,60,0,0,,0,,
6359,Monster,13953,HuangJinQiZi,100,Hoàng Kim Kỳ Tử,FightNPCHeader10_11,140,103795,Hater,5841,2194,5841,2194,604160,3402,324,14,14,100,0,60,0,0,0,60,0,0,0,60,0,0,0,60,0,0,,0,,
6360,Monster,13954,HuangJinQiZi,100,Hoàng Kim Kỳ Tử,FightNPCHeader10_11,150,110288,Hater,6256,2351,6256,2351,647165,3643,347,15,15,100,0,60,0,0,0,60,0,0,0,60,0,0,0,60,0,0,,0,,
6361,Monster,13955,HuangJinQiZi,100,Hoàng Kim Kỳ Tử,FightNPCHeader10_11,160,110288,Hater,6672,2507,6672,2507,690175,3885,370,16,16,100,0,60,0,0,0,60,0,0,0,60,0,0,0,60,0,0,,0,,
6362,Monster,13956,HuangJinQiZi,100,Hoàng Kim Kỳ Tử,FightNPCHeader10_11,170,110288,Hater,7088,2663,7088,2663,733180,4127,393,17,17,100,0,60,0,0,0,60,0,0,0,60,0,0,0,60,0,0,,0,,
6363,Monster,13957,HuangJinQiZi,100,Hoàng Kim Kỳ Tử,FightNPCHeader10_11,180,110288,Hater,7504,2819,7504,2819,776190,4369,416,18,18,100,0,60,0,0,0,60,0,0,0,60,0,0,0,60,0,0,,0,,
6364,Monster,13958,HuangJinQiZi,100,Hoàng Kim Kỳ Tử,FightNPCHeader10_11,190,110288,Hater,7919,2975,7919,2975,819200,4611,439,19,19,150,0,60,0,0,0,60,0,0,0,60,0,0,0,60,0,0,,0,,
6365,Monster,13959,HuangJinQiZi,100,Hoàng Kim Kỳ Tử,FightNPCHeader10_11,200,110288,Hater,8335,3132,8335,3132,862205,4853,462,20,20,150,0,60,0,0,0,60,0,0,0,60,0,0,0,60,0,0,,0,,
6366,Monster,13960,HongXiongWang,100,Hồng Hùng Vương,FightNPCHeader7_8,10,4472,Boss,1452,682,1452,682,39600,510,102,18,9,100,0,-10,0,0,0,60,0,0,0,60,0,0,0,60,0,0,,0,,
6367,Monster,13961,HongXiongWang,100,Hồng Hùng Vương,FightNPCHeader7_8,20,8988,Boss,2838,1333,2838,1333,361200,990,198,26,13,100,0,-10,0,0,0,60,0,0,0,60,0,0,0,60,0,0,,0,,
6368,Monster,13962,HongXiongWang,100,Hồng Hùng Vương,FightNPCHeader7_8,30,14579,Boss,4224,1984,4224,1984,614400,1470,294,34,17,100,0,-10,0,0,0,60,0,0,0,60,0,0,0,60,0,0,,0,,
6369,Monster,13963,HongXiongWang,100,Hồng Hùng Vương,FightNPCHeader7_8,40,21242,Boss,5610,2635,5610,2635,918000,2457,390,42,21,100,0,-10,0,0,0,60,0,0,0,60,0,0,0,60,0,0,,0,,
6370,Monster,13964,HongXiongWang,100,Hồng Hùng Vương,FightNPCHeader7_8,50,28979,Boss,7345,3286,7345,3286,1272000,3572,486,50,25,100,0,-10,0,0,0,60,0,0,0,60,0,0,0,60,0,0,,0,,
6371,Monster,13965,HongXiongWang,100,Hồng Hùng Vương,FightNPCHeader7_8,60,37744,Boss,8801,3937,8801,3937,1676400,4888,582,58,29,150,0,-10,0,0,0,60,0,0,0,60,0,0,0,60,0,0,,0,,
6372,Monster,13966,HongXiongWang,100,Hồng Hùng Vương,FightNPCHeader7_8,70,47628,Boss,10256,4588,10256,4588,2131200,6407,678,66,33,200,0,-10,0,0,0,60,0,0,0,60,0,0,0,60,0,0,,0,,
6373,Monster,13967,HongXiongWang,100,Hồng Hùng Vương,FightNPCHeader7_8,80,58584,Boss,11711,5239,11711,5239,2636400,8127,774,74,37,200,0,-10,0,0,0,60,0,0,0,60,0,0,0,60,0,0,,0,,
6374,Monster,13968,HongXiongWang,100,Hồng Hùng Vương,FightNPCHeader7_8,90,67082,Boss,14421,5890,14421,5890,3192000,9135,870,82,41,200,0,-10,0,0,0,60,0,0,0,60,0,0,0,60,0,0,,0,,
6375,Monster,13969,HongXiongWang,100,Hồng Hùng Vương,FightNPCHeader7_8,100,75310,Boss,17407,6541,17407,6541,3798000,10143,966,90,45,250,0,-10,0,0,0,60,0,0,0,60,0,0,0,60,0,0,,0,,
6376,Monster,13970,HongXiongWang,100,Hồng Hùng Vương,FightNPCHeader7_8,110,83181,Boss,19140,7192,19140,7192,4454400,11151,1062,98,49,300,0,-10,0,0,0,60,0,0,0,60,0,0,0,60,0,0,,0,,
6377,Monster,13971,HongXiongWang,100,Hồng Hùng Vương,FightNPCHeader7_8,120,90471,Boss,20872,7843,20872,7843,4857600,12159,1158,106,53,208,0,-10,0,0,0,60,0,0,0,60,0,0,0,60,0,0,,0,,
6378,Monster,13972,HongXiongWang,100,Hồng Hùng Vương,FightNPCHeader7_8,130,97805,Boss,22605,8494,22605,8494,5260800,13167,1254,114,57,226,0,-10,0,0,0,60,0,0,0,60,0,0,0,60,0,0,,0,,
6379,Monster,13973,HongXiongWang,100,Hồng Hùng Vương,FightNPCHeader7_8,140,105095,Boss,24337,9145,24337,9145,5664000,14175,1350,122,61,243,0,-10,0,0,0,60,0,0,0,60,0,0,0,60,0,0,,0,,
6380,Monster,13974,HongXiongWang,100,Hồng Hùng Vương,FightNPCHeader7_8,150,111669,Boss,26069,9795,26069,9795,6067200,15183,1446,130,65,260,0,-10,0,0,0,60,0,0,0,60,0,0,0,60,0,0,,0,,
6381,Monster,13975,HongXiongWang,100,Hồng Hùng Vương,FightNPCHeader7_8,160,111669,Boss,27802,10447,27802,10447,6470400,16191,1542,138,69,278,0,-10,0,0,0,60,0,0,0,60,0,0,0,60,0,0,,0,,
6382,Monster,13976,HongXiongWang,100,Hồng Hùng Vương,FightNPCHeader7_8,170,111669,Boss,29534,11097,29534,11097,6873600,17198,1638,146,73,295,0,-10,0,0,0,60,0,0,0,60,0,0,0,60,0,0,,0,,
6383,Monster,13977,HongXiongWang,100,Hồng Hùng Vương,FightNPCHeader7_8,180,111669,Boss,31267,11749,31267,11749,7276800,18206,1734,154,77,312,0,-10,0,0,0,60,0,0,0,60,0,0,0,60,0,0,,0,,
6384,Monster,13978,HongXiongWang,100,Hồng Hùng Vương,FightNPCHeader7_8,190,111669,Boss,32999,12399,32999,12399,7680000,19214,1830,162,81,329,0,-10,0,0,0,60,0,0,0,60,0,0,0,60,0,0,,0,,
6385,Monster,13979,HongXiongWang,100,Hồng Hùng Vương,FightNPCHeader7_8,200,111669,Boss,34732,13050,34732,13050,8083200,20222,1926,170,85,347,0,-10,0,0,0,60,0,0,0,60,0,0,0,60,0,0,,0,,
6386,Monster,13980,bossGeRongShengJi090801,100,Cát Vinh Phẫn Nộ,FightNPCHeader10_12,13,8965,Boss,2241,1052,2241,1052,163005,784,156,25,12,100,0,60,0,0,0,60,0,0,0,60,0,0,0,-10,0,0,,0,,
6387,Monster,13981,bossGeRongShengJi090801,100,Cát Vinh Phẫn Nộ,FightNPCHeader10_12,23,16607,Boss,3904,1833,3904,1833,662590,1360,272,34,17,100,0,60,0,0,0,60,0,0,0,60,0,0,0,-10,0,0,,0,,
6388,Monster,13982,bossGeRongShengJi090801,100,Cát Vinh Phẫn Nộ,FightNPCHeader10_12,33,26087,Boss,3340,2615,3340,2615,863845,1936,387,44,22,100,0,60,0,0,0,60,0,0,0,60,0,0,0,-10,0,0,,0,,
6389,Monster,13983,bossGeRongShengJi090801,100,Cát Vinh Phẫn Nộ,FightNPCHeader10_12,43,37256,Boss,4338,3396,4338,3396,1419895,3166,502,53,26,100,0,60,0,0,0,60,0,0,0,60,0,0,0,-10,0,0,,0,,
6390,Monster,13984,bossGeRongShengJi090801,100,Cát Vinh Phẫn Nộ,FightNPCHeader10_12,53,50263,Boss,6537,4177,6537,4177,2156160,4540,617,63,31,100,0,60,0,0,0,60,0,0,0,60,0,0,0,-10,0,0,,0,,
6391,Monster,13985,bossGeRongShengJi090801,100,Cát Vinh Phẫn Nộ,FightNPCHeader10_12,63,64960,Boss,11085,4958,11085,4958,2815295,6156,732,73,36,200,0,60,0,0,0,60,0,0,0,60,0,0,0,-10,0,0,,0,,
6392,Monster,13986,bossGeRongShengJi090801,100,Cát Vinh Phẫn Nộ,FightNPCHeader10_12,73,81421,Boss,12831,5739,12831,5739,3555070,8015,848,82,41,200,0,60,0,0,0,60,0,0,0,60,0,0,0,-10,0,0,,0,,
6393,Monster,13987,bossGeRongShengJi090801,100,Cát Vinh Phẫn Nộ,FightNPCHeader10_12,83,99718,Boss,14577,6521,14577,6521,4375485,10115,963,92,46,200,0,60,0,0,0,60,0,0,0,60,0,0,0,-10,0,0,,0,,
6394,Monster,13988,bossGeRongShengJi090801,100,Cát Vinh Phẫn Nộ,FightNPCHeader10_12,93,113754,Boss,17879,7302,17879,7302,5276540,11324,1078,101,50,300,0,60,0,0,0,60,0,0,0,60,0,0,0,-10,0,0,,0,,
6395,Monster,13989,bossGeRongShengJi090801,100,Cát Vinh Phẫn Nộ,FightNPCHeader10_12,103,127348,Boss,21512,8083,21512,8083,6258240,12534,1193,111,55,215,0,60,0,0,0,60,0,0,0,60,0,0,0,-10,0,0,,0,,
6396,Monster,13990,bossGeRongShengJi090801,100,Cát Vinh Phẫn Nộ,FightNPCHeader10_12,113,140282,Boss,23591,8864,23591,8864,7320575,13744,1308,121,60,235,0,60,0,0,0,60,0,0,0,60,0,0,0,-10,0,0,,0,,
6397,Monster,13991,bossGeRongShengJi090801,100,Cát Vinh Phẫn Nộ,FightNPCHeader10_12,123,152260,Boss,25670,9645,25670,9645,7965695,14953,1424,130,65,256,0,60,0,0,0,60,0,0,0,60,0,0,0,-10,0,0,,0,,
6398,Monster,13992,bossGeRongShengJi090801,100,Cát Vinh Phẫn Nộ,FightNPCHeader10_12,133,164238,Boss,27749,10427,27749,10427,8610815,16163,1539,140,70,277,0,60,0,0,0,60,0,0,0,60,0,0,0,-10,0,0,,0,,
6399,Monster,13993,bossGeRongShengJi090801,100,Cát Vinh Phẫn Nộ,FightNPCHeader10_12,143,176216,Boss,29828,11208,29828,11208,9255935,17372,1654,149,74,298,0,60,0,0,0,60,0,0,0,60,0,0,0,-10,0,0,,0,,
6400,Monster,13994,bossGeRongShengJi090801,100,Cát Vinh Phẫn Nộ,FightNPCHeader10_12,153,183491,Boss,31907,11989,31907,11989,9901055,18582,1769,159,79,319,0,60,0,0,0,60,0,0,0,60,0,0,0,-10,0,0,,0,,
6401,Monster,13995,bossGeRongShengJi090801,100,Cát Vinh Phẫn Nộ,FightNPCHeader10_12,163,183491,Boss,33986,12770,33986,12770,10546175,19792,1884,169,84,339,0,60,0,0,0,60,0,0,0,60,0,0,0,-10,0,0,,0,,
6402,Monster,13996,bossGeRongShengJi090801,100,Cát Vinh Phẫn Nộ,FightNPCHeader10_12,173,183491,Boss,36065,13551,36065,13551,11191295,21001,2000,178,89,360,0,60,0,0,0,60,0,0,0,60,0,0,0,-10,0,0,,0,,
6403,Monster,13997,bossGeRongShengJi090801,100,Cát Vinh Phẫn Nộ,FightNPCHeader10_12,183,183491,Boss,38144,14333,38144,14333,11836415,22211,2115,188,94,381,0,60,0,0,0,60,0,0,0,60,0,0,0,-10,0,0,,0,,
6404,Monster,13998,bossGeRongShengJi090801,100,Cát Vinh Phẫn Nộ,FightNPCHeader10_12,193,183491,Boss,40223,15114,40223,15114,12481535,23420,2230,197,98,402,0,60,0,0,0,60,0,0,0,60,0,0,0,-10,0,0,,0,,
6405,Monster,13999,bossGeRongShengJi090801,100,Cát Vinh Phẫn Nộ,FightNPCHeader10_12,203,183491,Boss,41678,15661,41678,15661,12933120,24267,2311,204,102,416,0,60,0,0,0,60,0,0,0,60,0,0,0,-10,0,0,,0,,
6406,Monster,14100,npcSiJueZhuangPanJingJing,100,Phan Tinh Tinh,CommonNPCHeader16_21,30,326,Hater,844,396,844,396,20480,294,58,3,3,100,0,60,0,0,0,60,0,0,0,60,0,0,0,60,0,0,,0,,
6407,Monster,14101,boss_2025SiJueZhuangMinMo,100,Mẫn Mặc,FightNPCHeader11_10,70,198847,Boss,14358,4588,10256,5505,3409920,6407,678,33,33,200,0,60,0,0,0,60,0,0,0,60,0,0,0,60,0,0,0_1_1000;14002_1_20000,0,,
6408,Monster,14102,boss_2025SiJueZhuangMinMo,100,Mẫn Mặc,FightNPCHeader11_10,80,376408,Boss,16396,5239,11711,6286,7250100,8127,774,37,37,200,0,60,0,0,0,60,0,0,0,60,0,0,0,60,0,0,0_1_1000;14002_1_20000,0,,
6409,Monster,14103,boss_2025SiJueZhuangMinMo,100,Mẫn Mặc,FightNPCHeader11_10,90,645664,Boss,25957,7068,20189,8246,15800400,9135,870,41,41,201,0,60,0,0,0,60,0,0,0,60,0,0,0,60,0,0,0_1_1000;14002_1_20000,0,,
6410,Monster,14104,boss_2025SiJueZhuangMinMo,100,Mẫn Mặc,FightNPCHeader11_10,100,724866,Boss,31333,7849,24370,9157,18800100,10143,966,45,45,243,0,60,0,0,0,60,0,0,0,60,0,0,0,60,0,0,0_1_1000;14002_1_20000,0,,
6411,Monster,14105,boss_2025SiJueZhuangMinMo,100,Mẫn Mặc,FightNPCHeader11_10,110,800624,Boss,34452,8630,26796,10068,22049280,11151,1062,49,49,267,0,60,0,0,0,60,0,0,0,60,0,0,0,60,0,0,0_1_1000;14002_1_20000,0,,
6412,Monster,14106,boss_2025SiJueZhuangMinMo,100,Mẫn Mặc,FightNPCHeader11_10,120,870786,Boss,37570,9411,29221,10980,24045120,12159,1158,53,53,292,0,60,0,0,0,60,0,0,0,60,0,0,0,60,0,0,0_1_1000;14002_1_20000,0,,
6413,Monster,14107,TengJiaZei,100,Tứ Tuyệt Trang Hộ Vệ,FightNPCHeader1_22,70,139,Hater,2461,1101,2461,1101,340990,1537,162,7,7,100,0,60,0,0,0,60,0,0,0,60,0,0,0,60,0,0,,0,,
6414,Monster,14108,TengJiaZei,100,Tứ Tuyệt Trang Hộ Vệ,FightNPCHeader1_22,80,172,Hater,2810,1257,2810,1257,421820,1950,185,8,8,100,0,60,0,0,0,60,0,0,0,60,0,0,0,60,0,0,,0,,
6415,Monster,14109,TengJiaZei,100,Tứ Tuyệt Trang Hộ Vệ,FightNPCHeader1_22,90,197,Hater,3461,1413,3461,1413,510720,2192,208,9,9,100,0,60,0,0,0,60,0,0,0,60,0,0,0,60,0,0,,0,,
6416,Monster,14110,TengJiaZei,100,Tứ Tuyệt Trang Hộ Vệ,FightNPCHeader1_22,100,221,Hater,4177,1569,4177,1569,607680,2434,231,10,10,100,0,60,0,0,0,60,0,0,0,60,0,0,0,60,0,0,,0,,
6417,Monster,14111,TengJiaZei,100,Tứ Tuyệt Trang Hộ Vệ,FightNPCHeader1_22,110,244,Hater,4593,1726,4593,1726,712700,2676,254,11,11,100,0,60,0,0,0,60,0,0,0,60,0,0,0,60,0,0,,0,,
6418,Monster,14112,TengJiaZei,100,Tứ Tuyệt Trang Hộ Vệ,FightNPCHeader1_22,120,265,Hater,5009,1882,5009,1882,777215,2918,277,12,12,100,0,60,0,0,0,60,0,0,0,60,0,0,0,60,0,0,,0,,
6419,Monster,14113,YeWaiXiaoShouLing,100,Tứ Tuyệt Trang Giáo Đầu,CommonNPCHeader6_23,70,553,Boss,6153,2752,6153,2752,362300,3844,406,19,19,100,0,60,0,0,0,60,0,0,0,60,0,0,0,60,0,0,,0,,
6420,Monster,14114,YeWaiXiaoShouLing,100,Tứ Tuyệt Trang Giáo Đầu,CommonNPCHeader6_23,80,680,Boss,7027,3143,7027,3143,448185,4876,464,22,22,100,0,60,0,0,0,60,0,0,0,60,0,0,0,60,0,0,,0,,
6421,Monster,14115,YeWaiXiaoShouLing,100,Tứ Tuyệt Trang Giáo Đầu,CommonNPCHeader6_23,90,779,Boss,8652,3534,8652,3534,542640,5481,522,24,24,150,0,60,0,0,0,60,0,0,0,60,0,0,0,60,0,0,,0,,
6422,Monster,14116,YeWaiXiaoShouLing,100,Tứ Tuyệt Trang Giáo Đầu,CommonNPCHeader6_23,100,875,Boss,10444,3924,10444,3924,645660,6085,579,27,27,200,0,60,0,0,0,60,0,0,0,60,0,0,0,60,0,0,,0,,
6423,Monster,14117,YeWaiXiaoShouLing,100,Tứ Tuyệt Trang Giáo Đầu,CommonNPCHeader6_23,110,966,Boss,11484,4315,11484,4315,757245,6690,637,29,29,200,0,60,0,0,0,60,0,0,0,60,0,0,0,60,0,0,,0,,
6424,Monster,14118,YeWaiXiaoShouLing,100,Tứ Tuyệt Trang Giáo Đầu,CommonNPCHeader6_23,120,1051,Boss,12523,4705,12523,4705,825790,7295,694,31,31,200,0,60,0,0,0,60,0,0,0,60,0,0,0,60,0,0,,0,,
6425,Monster,14119,npcSiJueZhuangSiJueZhong2010012,100,Tứ Tuyệt Chung,FightNPCHeader11_16,10,1,Normal,348,163,348,163,5,122,24,2,2,100,0,60,0,0,0,60,0,0,0,60,0,0,0,60,0,0,,0,,
6426,Monster,14120,boss_2025SiJueZhuangQinYun,100,Tần Vận,FightNPCHeader11_7,70,198847,Boss,14358,4588,10256,5505,3409920,6407,678,33,33,200,0,60,0,0,0,60,0,0,0,60,0,0,0,60,0,0,0_1_1000;14005_1_15000,0,,
6427,Monster,14121,boss_2025SiJueZhuangQinYun,100,Tần Vận,FightNPCHeader11_7,80,376408,Boss,16396,5239,11711,6286,7250100,8127,774,37,37,200,0,60,0,0,0,60,0,0,0,60,0,0,0,60,0,0,0_1_1000;14005_1_15000,0,,
6428,Monster,14122,boss_2025SiJueZhuangQinYun,100,Tần Vận,FightNPCHeader11_7,90,645664,Boss,25957,7068,20189,8246,15800400,9135,870,41,41,201,0,60,0,0,0,60,0,0,0,60,0,0,0,60,0,0,0_1_1000;14005_1_15000,0,,
6429,Monster,14123,boss_2025SiJueZhuangQinYun,100,Tần Vận,FightNPCHeader11_7,100,724866,Boss,31333,7849,24370,9157,18800100,10143,966,45,45,243,0,60,0,0,0,60,0,0,0,60,0,0,0,60,0,0,0_1_1000;14005_1_15000,0,,
6430,Monster,14124,boss_2025SiJueZhuangQinYun,100,Tần Vận,FightNPCHeader11_7,110,800624,Boss,34452,8630,26796,10068,22049280,11151,1062,49,49,267,0,60,0,0,0,60,0,0,0,60,0,0,0,60,0,0,0_1_1000;14005_1_15000,0,,
6431,Monster,14125,boss_2025SiJueZhuangQinYun,100,Tần Vận,FightNPCHeader11_7,120,870786,Boss,37570,9411,29221,10980,24045120,12159,1158,53,53,292,0,60,0,0,0,60,0,0,0,60,0,0,0,60,0,0,0_1_1000;14005_1_15000,0,,
6432,Monster,14126,npcGuaiSiJueZhuangFuBenHuiYinFan100128,100,Hồi Âm Phiên,FightNPCHeader11_11,10,100,Normal,290,136,290,136,1320,102,20,1,1,100,0,60,0,0,0,60,0,0,0,60,0,0,0,60,0,0,,0,,
6433,Monster,14127,boss_2025SiJueZhuangTaoQing,100,Đào Thanh,FightNPCHeader11_9,70,198847,Boss,14358,4588,10256,5505,3409920,6407,678,33,33,200,0,60,0,0,0,60,0,0,0,60,0,0,0,60,0,0,0_1_1000;14009_1_20000,0,,
6434,Monster,14128,boss_2025SiJueZhuangTaoQing,100,Đào Thanh,FightNPCHeader11_9,80,376408,Boss,16396,5239,11711,6286,7250100,8127,774,37,37,200,0,60,0,0,0,60,0,0,0,60,0,0,0,60,0,0,0_1_1000;14009_1_20000,0,,
6435,Monster,14129,boss_2025SiJueZhuangTaoQing,100,Đào Thanh,FightNPCHeader11_9,90,645664,Boss,25957,7068,20189,8246,15800400,9135,870,41,41,201,0,60,0,0,0,60,0,0,0,60,0,0,0,60,0,0,0_1_1000;14009_1_20000,0,,
6436,Monster,14130,boss_2025SiJueZhuangTaoQing,100,Đào Thanh,FightNPCHeader11_9,100,724866,Boss,31333,7849,24370,9157,18800100,10143,966,45,45,243,0,60,0,0,0,60,0,0,0,60,0,0,0,60,0,0,0_1_1000;14009_1_20000,0,,
6437,Monster,14131,boss_2025SiJueZhuangTaoQing,100,Đào Thanh,FightNPCHeader11_9,110,800624,Boss,34452,8630,26796,10068,22049280,11151,1062,49,49,267,0,60,0,0,0,60,0,0,0,60,0,0,0,60,0,0,0_1_1000;14009_1_20000,0,,
6438,Monster,14132,boss_2025SiJueZhuangTaoQing,100,Đào Thanh,FightNPCHeader11_9,120,870786,Boss,37570,9411,29221,10980,24045120,12159,1158,53,53,292,0,60,0,0,0,60,0,0,0,60,0,0,0,60,0,0,0_1_1000;14009_1_20000,0,,
6439,Monster,14133,npcGuaiSiJueZhuangMoHu100127,100,Mặc Hổ,FightNPCHeader11_13,70,139,Hater,2461,1101,2461,1101,17045,1537,162,7,7,100,0,0,0,0,0,0,0,0,0,0,0,0,0,0,0,0,,0,,
6440,Monster,14134,npcGuaiSiJueZhuangMoHu100127,100,Mặc Hổ,FightNPCHeader11_13,80,172,Hater,2810,1257,2810,1257,21090,1950,185,8,8,100,0,0,0,0,0,0,0,0,0,0,0,0,0,0,0,0,,0,,
6441,Monster,14135,npcGuaiSiJueZhuangMoHu100127,100,Mặc Hổ,FightNPCHeader11_13,90,197,Hater,3461,1413,3461,1413,38300,2192,208,9,9,100,0,0,0,0,0,0,0,0,0,0,0,0,0,0,0,0,,0,,
6442,Monster,14136,npcGuaiSiJueZhuangMoHu100127,100,Mặc Hổ,FightNPCHeader11_13,100,221,Hater,4177,1569,4177,1569,45575,2434,231,10,10,100,0,0,0,0,0,0,0,0,0,0,0,0,0,0,0,0,,0,,
6443,Monster,14137,npcGuaiSiJueZhuangMoHu100127,100,Mặc Hổ,FightNPCHeader11_13,110,244,Hater,4593,1726,4593,1726,53450,2676,254,11,11,100,0,0,0,0,0,0,0,0,0,0,0,0,0,0,0,0,,0,,
6444,Monster,14138,npcGuaiSiJueZhuangMoHu100127,100,Mặc Hổ,FightNPCHeader11_13,120,265,Hater,5009,1882,5009,1882,58290,2918,277,12,12,100,0,0,0,0,0,0,0,0,0,0,0,0,0,0,0,0,,0,,
6445,Monster,14139,npcGuaiSiJueZhuangQingYing100128,100,Thanh Ưng,FightNPCHeader11_15,70,1,Hater,2461,1101,2461,1101,20000,1537,162,7,7,100,0,60,0,0,0,60,0,0,0,60,0,0,0,60,0,0,,0,,
6446,Monster,14140,boss_2025SiJueZhuangPangQi,100,Bàng Xí,FightNPCHeader11_8,70,198847,Boss,14358,4588,10256,5505,5114880,6407,678,33,33,200,0,60,0,0,0,60,0,0,0,60,0,0,0,60,0,0,0_1_1000,0,,
6447,Monster,14141,boss_2025SiJueZhuangPangQi,100,Bàng Xí,FightNPCHeader11_8,80,376408,Boss,16396,5239,11711,6286,10875150,8127,774,37,37,200,0,60,0,0,0,60,0,0,0,60,0,0,0,60,0,0,0_1_1000,0,,
6448,Monster,14142,boss_2025SiJueZhuangPangQi,100,Bàng Xí,FightNPCHeader11_8,90,645664,Boss,25957,7068,20189,8246,23700600,9135,870,41,41,201,0,60,0,0,0,60,0,0,0,60,0,0,0,60,0,0,0_1_1000,0,,
6449,Monster,14143,boss_2025SiJueZhuangPangQi,100,Bàng Xí,FightNPCHeader11_8,100,724866,Boss,31333,7849,24370,9157,28200150,10143,966,45,45,243,0,60,0,0,0,60,0,0,0,60,0,0,0,60,0,0,0_1_1000,0,,
6450,Monster,14144,boss_2025SiJueZhuangPangQi,100,Bàng Xí,FightNPCHeader11_8,110,800624,Boss,34452,8630,26796,10068,33073920,11151,1062,49,49,267,0,60,0,0,0,60,0,0,0,60,0,0,0,60,0,0,0_1_1000,0,,
6451,Monster,14145,boss_2025SiJueZhuangPangQi,100,Bàng Xí,FightNPCHeader11_8,120,870786,Boss,37570,9411,29221,10980,36067680,12159,1158,53,53,292,0,60,0,0,0,60,0,0,0,60,0,0,0,60,0,0,0_1_1000,0,,
6452,Monster,14146,npcGuaiSiJueZhuangXingLuoXiaoZu100204,100,Tinh La Võ Sĩ,FightNPCHeader11_12,70,1,Boss,6153,2752,6153,2752,10000,3844,406,19,19,100,0,60,0,0,0,60,0,0,0,60,0,0,0,60,0,0,,0,,
6453,Monster,14147,npcGuaiWuLongZhu100126_Jin,100,Kim Long Trụ,FightNPCHeader11_14,10,100,Normal,290,136,290,136,1320,102,20,1,1,100,0,60,0,0,0,60,0,0,0,60,0,0,0,60,0,0,,0,,
6454,Monster,14148,npcGuaiWuLongZhu100126_Mu,100,Mộc Long Trụ,FightNPCHeader11_14,10,100,Normal,290,136,290,136,1320,102,20,1,1,100,0,60,0,0,0,60,0,0,0,60,0,0,0,60,0,0,,0,,
6455,Monster,14149,npcGuaiWuLongZhu100126_Shui,100,Thuỷ Long Trụ,FightNPCHeader11_14,10,100,Normal,290,136,290,136,1320,102,20,1,1,100,0,60,0,0,0,60,0,0,0,60,0,0,0,60,0,0,,0,,
6456,Monster,14150,npcGuaiWuLongZhu100126_Huo,100,Hỏa Long Trụ,FightNPCHeader11_14,10,100,Normal,290,136,290,136,1320,102,20,1,1,100,0,60,0,0,0,60,0,0,0,60,0,0,0,60,0,0,,0,,
6457,Monster,14151,npcGuaiWuLongZhu100126_Tu,100,Thổ Long Trụ,FightNPCHeader11_14,10,100,Normal,290,136,290,136,1320,102,20,1,1,100,0,60,0,0,0,60,0,0,0,60,0,0,0,60,0,0,,0,,
6458,Monster,14152,boss_2025SiJueZhuangMinMo,100,Mẫn Mặc,FightNPCHeader11_10,30,326,Hater,844,396,844,396,20480,294,58,3,3,100,0,60,0,0,0,60,0,0,0,60,0,0,0,60,0,0,,0,,
6459,Monster,14153,boss_2025SiJueZhuangQinYun,100,Tần Vận,FightNPCHeader11_7,30,326,Hater,844,396,844,396,20480,294,58,3,3,100,0,60,0,0,0,60,0,0,0,60,0,0,0,60,0,0,,0,,
6460,Monster,14154,boss_2025SiJueZhuangTaoQing,100,Đào Thanh,FightNPCHeader11_9,30,326,Hater,844,396,844,396,20480,294,58,3,3,100,0,60,0,0,0,60,0,0,0,60,0,0,0,60,0,0,,0,,
6461,Monster,14155,boss_2025SiJueZhuangPangQi,100,Bàng Xí,FightNPCHeader11_8,30,326,Hater,844,396,844,396,20480,294,58,3,3,100,0,60,0,0,0,60,0,0,0,60,0,0,0,60,0,0,,0,,
6462,Monster,14156,npcGuaiBaoXiangQiZi2,100,Tứ Tuyệt Trang Bảo Rương,Bag2_12,50,851,Hater,1762,788,1762,788,50880,857,116,6,6,100,0,60,0,0,0,60,0,0,0,60,0,0,0,60,0,0,,0,,
6463,Monster,14157,HuangJinQiZi,100,Hoàng Kim Kỳ Tử,FightNPCHeader10_11,50,851,Hater,1762,788,1762,788,50880,857,116,6,6,100,0,60,0,0,0,60,0,0,0,60,0,0,0,60,0,0,,0,,
6464,Monster,14158,npcGuaiSiJueZhuangQingYing100128,100,Thanh Ưng,FightNPCHeader11_15,70,1,Hater,2461,1101,2461,1101,17045,1537,162,7,7,100,0,60,0,0,0,60,0,0,0,60,0,0,0,60,0,0,,0,,
6465,Monster,14159,npcGuaiSiJueZhuangQingYing100128,100,Thanh Ưng,FightNPCHeader11_15,80,1,Hater,2810,1257,2810,1257,21090,1950,185,8,8,100,0,60,0,0,0,60,0,0,0,60,0,0,0,60,0,0,,0,,
6466,Monster,14160,npcGuaiSiJueZhuangQingYing100128,100,Thanh Ưng,FightNPCHeader11_15,90,1,Hater,3461,1413,3461,1413,38300,2192,208,9,9,100,0,60,0,0,0,60,0,0,0,60,0,0,0,60,0,0,,0,,
6467,Monster,14161,npcGuaiSiJueZhuangQingYing100128,100,Thanh Ưng,FightNPCHeader11_15,100,1,Hater,4177,1569,4177,1569,45575,2434,231,10,10,100,0,60,0,0,0,60,0,0,0,60,0,0,0,60,0,0,,0,,
6468,Monster,14162,npcGuaiSiJueZhuangQingYing100128,100,Thanh Ưng,FightNPCHeader11_15,110,1,Hater,4593,1726,4593,1726,53450,2676,254,11,11,100,0,60,0,0,0,60,0,0,0,60,0,0,0,60,0,0,,0,,
6469,Monster,14163,npcGuaiSiJueZhuangQingYing100128,100,Thanh Ưng,FightNPCHeader11_15,120,1,Hater,5009,1882,5009,1882,58290,2918,277,12,12,100,0,60,0,0,0,60,0,0,0,60,0,0,0,60,0,0,,0,,
6470,Monster,14164,npcGuaiSiJueZhuangXingLuoXiaoZu100204,100,Tinh La Võ Sĩ,FightNPCHeader11_12,70,1,Hater,2461,1101,2461,1101,8520,1537,162,7,7,100,0,60,0,0,0,60,0,0,0,60,0,0,0,60,0,0,,0,,
6471,Monster,14165,npcGuaiSiJueZhuangXingLuoXiaoZu100204,100,Tinh La Võ Sĩ,FightNPCHeader11_12,80,1,Hater,2810,1257,2810,1257,10545,1950,185,8,8,100,0,60,0,0,0,60,0,0,0,60,0,0,0,60,0,0,,0,,
6472,Monster,14166,npcGuaiSiJueZhuangXingLuoXiaoZu100204,100,Tinh La Võ Sĩ,FightNPCHeader11_12,90,1,Hater,3461,1413,3461,1413,25535,2192,208,9,9,100,0,60,0,0,0,60,0,0,0,60,0,0,0,60,0,0,,0,,
6473,Monster,14167,npcGuaiSiJueZhuangXingLuoXiaoZu100204,100,Tinh La Võ Sĩ,FightNPCHeader11_12,100,1,Hater,4177,1569,4177,1569,30380,2434,231,10,10,100,0,60,0,0,0,60,0,0,0,60,0,0,0,60,0,0,,0,,
6474,Monster,14168,npcGuaiSiJueZhuangXingLuoXiaoZu100204,100,Tinh La Võ Sĩ,FightNPCHeader11_12,110,1,Hater,4593,1726,4593,1726,35635,2676,254,11,11,100,0,60,0,0,0,60,0,0,0,60,0,0,0,60,0,0,,0,,
6475,Monster,14169,npcGuaiSiJueZhuangXingLuoXiaoZu100204,100,Tinh La Võ Sĩ,FightNPCHeader11_12,120,1,Hater,5009,1882,5009,1882,38860,2918,277,12,12,100,0,60,0,0,0,60,0,0,0,60,0,0,0,60,0,0,,0,,
6476,Monster,14170,boss_2025SiJueZhuangMinMo,100,Mẫn Mặc,FightNPCHeader11_10,30,326,Hater,844,396,844,396,20480,294,58,3,3,100,0,60,0,0,0,60,0,0,0,60,0,0,0,60,0,0,,0,,
6477,Monster,14171,boss_2025SiJueZhuangQinYun,100,Tần Vận,FightNPCHeader11_7,30,326,Hater,844,396,844,396,20480,294,58,3,3,100,0,60,0,0,0,60,0,0,0,60,0,0,0,60,0,0,,0,,
6478,Monster,14172,boss_2025SiJueZhuangTaoQing,100,Đào Thanh,FightNPCHeader11_9,30,326,Hater,844,396,844,396,20480,294,58,3,3,100,0,60,0,0,0,60,0,0,0,60,0,0,0,60,0,0,,0,,
6479,Monster,14173,boss_2025SiJueZhuangPangQi,100,Bàng Xí,FightNPCHeader11_8,30,326,Hater,844,396,844,396,20480,294,58,3,3,100,0,60,0,0,0,60,0,0,0,60,0,0,0,60,0,0,,0,,
6480,Monster,14174,npcMeiWeiZhengLong20100525,100,Mỹ Vị Chưng Lung,CommonNPCHeader18_7,30,326,Hater,844,396,844,396,20480,294,58,3,3,100,0,60,0,0,0,60,0,0,0,60,0,0,0,60,0,0,,0,,
6481,Monster,14176,npcBaiXiaoZhenRen100519,100,Bách Hiểu Chân Nhân,CommonNPCHeader18_9,80,1310,Hater,2342,1047,2342,1047,87880,1625,154,7,7,100,0,60,0,0,0,60,0,0,0,60,0,0,0,60,0,0,,0,,
6482,Monster,14177,QinJiaZhaiTanZi2,100,Kiếp Đạo Ác Tặc,FightNPCHeader1_3,20,201,Normal,567,266,567,266,12040,198,39,2,2,100,0,60,0,0,0,60,0,0,0,60,0,0,0,60,0,0,,0,,
6483,Monster,14178,QinJiaZhaiTanZi2,100,Kiếp Đạo Ác Tặc,FightNPCHeader1_3,20,201,Normal,5,266,5,266,12040,198,39,2,2,100,0,60,0,0,0,60,0,0,0,60,0,0,0,60,0,0,,0,,
6484,Monster,14179,QinJiaZhaiTanZi2,100,Kiếp Đạo Ác Tặc,FightNPCHeader1_3,30,326,Hater,8,396,8,396,20480,294,58,3,3,100,0,60,1,0,0,60,1,0,0,60,1,0,0,60,0,0,,0,,
6485,Monster,14180,QinJiaZhaiTanZi2,100,Kiếp Đạo Ác Tặc,FightNPCHeader1_3,40,475,Hater,11,527,11,527,30600,491,78,4,4,100,0,60,2,0,0,60,2,0,0,60,2,0,0,60,0,0,,0,,
6486,Monster,14181,QinJiaZhaiTanZi2,100,Kiếp Đạo Ác Tặc,FightNPCHeader1_3,50,648,Hater,14,657,14,657,42400,714,97,5,5,100,0,60,3,0,0,60,3,0,0,60,3,0,0,60,0,0,,0,,
6487,Monster,14182,QinJiaZhaiTanZi2,100,Kiếp Đạo Ác Tặc,FightNPCHeader1_3,60,844,Hater,17,787,17,787,55880,977,116,5,5,100,0,60,4,0,0,60,4,0,0,60,4,0,0,60,0,0,,0,,
6488,Monster,14183,QinJiaZhaiTanZi2,100,Kiếp Đạo Ác Tặc,FightNPCHeader1_3,70,1065,Hater,20,917,20,917,71040,1281,135,6,6,100,0,60,5,0,0,60,5,0,0,60,5,0,0,60,0,0,,0,,
6489,Monster,14184,QinJiaZhaiTanZi2,100,Kiếp Đạo Ác Tặc,FightNPCHeader1_3,80,1310,Hater,23,1047,23,1047,87880,1625,154,7,7,100,0,60,6,0,0,60,6,0,0,60,6,0,0,60,0,0,,0,,
6490,Monster,14185,QinJiaZhaiTanZi2,100,Kiếp Đạo Ác Tặc,FightNPCHeader1_3,90,1500,Hater,28,1178,28,1178,106400,1827,174,8,8,100,0,60,7,0,0,60,7,0,0,60,7,0,0,60,0,0,,0,,
6491,Monster,14186,QinJiaZhaiTanZi2,100,Kiếp Đạo Ác Tặc,FightNPCHeader1_3,100,1684,Hater,34,1308,34,1308,126600,2028,193,9,9,100,0,60,8,0,0,60,8,0,0,60,8,0,0,60,0,0,,0,,
6492,Monster,14187,QinJiaZhaiTanZi2,100,Kiếp Đạo Ác Tặc,FightNPCHeader1_3,110,1860,Hater,38,1438,38,1438,148480,2230,212,9,9,100,0,60,9,0,0,60,9,0,0,60,9,0,0,60,0,0,,0,,
6493,Monster,14188,QinJiaZhaiTanZi2,100,Kiếp Đạo Ác Tặc,FightNPCHeader1_3,120,2023,Hater,41,1568,41,1568,161920,2431,231,10,10,100,0,60,10,0,0,60,10,0,0,60,10,0,0,60,0,0,,0,,
6494,Monster,14189,npcNuHanBingHu100524,100,Thứ Hàn Băng Hồ,FightNPCHeader11_21,20,792,Normal,681,319,681,319,57790,237,47,3,3,100,0,60,0,0,0,60,0,0,0,60,0,0,0,60,0,0,,0,,
6495,Monster,14190,npcNuHanBingHu100524,100,Thứ Hàn Băng Hồ,FightNPCHeader11_21,30,1285,Hater,1013,476,1013,476,98300,352,70,4,4,100,0,60,0,0,0,60,0,0,0,60,0,0,0,60,0,0,,0,,
6496,Monster,14191,npcNuHanBingHu100524,100,Thứ Hàn Băng Hồ,FightNPCHeader11_21,40,1873,Hater,1346,632,1346,632,146880,589,93,5,5,100,0,60,0,0,0,60,0,0,0,60,0,0,0,60,0,0,,0,,
6497,Monster,14192,npcNuHanBingHu100524,100,Thứ Hàn Băng Hồ,FightNPCHeader11_21,50,2555,Hater,1762,788,1762,788,203520,857,116,6,6,100,0,60,0,0,0,60,0,0,0,60,0,0,0,60,0,0,,0,,
6498,Monster,14193,npcNuHanBingHu100524,100,Thứ Hàn Băng Hồ,FightNPCHeader11_21,60,3328,Hater,2112,944,2112,944,268220,1173,139,7,7,100,0,60,0,0,0,60,0,0,0,60,0,0,0,60,0,0,,0,,
6499,Monster,14194,npcNuHanBingHu100524,100,Thứ Hàn Băng Hồ,FightNPCHeader11_21,70,4199,Hater,2461,1101,2461,1101,340990,1537,162,7,7,100,0,60,0,0,0,60,0,0,0,60,0,0,0,60,0,0,,0,,
6500,Monster,14195,npcNuHanBingHu100524,100,Thứ Hàn Băng Hồ,FightNPCHeader11_21,80,5166,Hater,2810,1257,2810,1257,421820,1950,185,8,8,100,0,60,0,0,0,60,0,0,0,60,0,0,0,60,0,0,,0,,
6501,Monster,14196,npcNuHanBingHu100524,100,Thứ Hàn Băng Hồ,FightNPCHeader11_21,90,5915,Hater,3461,1413,3461,1413,510720,2192,208,9,9,100,0,60,0,0,0,60,0,0,0,60,0,0,0,60,0,0,,0,,
6502,Monster,14197,npcNuHanBingHu100524,100,Thứ Hàn Băng Hồ,FightNPCHeader11_21,100,6641,Hater,4177,1569,4177,1569,607680,2434,231,10,10,100,0,60,0,0,0,60,0,0,0,60,0,0,0,60,0,0,,0,,
6503,Monster,14198,npcNuHanBingHu100524,100,Thứ Hàn Băng Hồ,FightNPCHeader11_21,110,7335,Hater,4593,1726,4593,1726,712700,2676,254,11,11,100,0,60,0,0,0,60,0,0,0,60,0,0,0,60,0,0,,0,,
6504,Monster,14199,npcNuHanBingHu100524,100,Thứ Hàn Băng Hồ,FightNPCHeader11_21,120,7977,Hater,5009,1882,5009,1882,777215,2918,277,12,12,100,0,60,0,0,0,60,0,0,0,60,0,0,0,60,0,0,,0,,
6505,Monster,14200,npcBingCha20100618,100,Băng Sát,FightNPCHeader12_3,20,201,Normal,567,266,567,266,12040,198,39,2,2,100,0,60,0,0,0,60,0,0,0,60,0,0,0,60,0,0,,0,,
6506,Monster,14201,QuanGuanQing80jq,100,Toàn Quán Thanh,CommonNPCHeader4_2,80,1002,Boss,23423,10478,23423,10478,2636400,16254,1548,74,74,200,0,60,0,0,0,60,0,0,0,60,0,0,0,60,0,0,,0,,
6507,Monster,14202,bossZhuangJuXian20110305,100,Trang Tụ Hiền,FightNPCHeader12_19,80,1002,Boss,23423,10478,23423,10478,2636400,16254,1548,74,74,200,0,60,0,0,0,60,0,0,0,60,0,0,0,60,0,0,,0,,
6508,Monster,14204,XiaoFeng80jq,100,Tiêu Phong,CommonNPCHeader12_2,80,1002,Boss,17567,104780,17567,104780,26364000,16254,1548,74,74,250,0,60,0,0,0,60,0,0,0,60,0,0,0,60,0,0,,0,,
6509,Monster,14206,LiaoBing80jq,100,Yến vân thập bát kỵ,FightNPCHeader11_12,80,1002,Boss,23423,10478,23423,10478,2636400,16254,1548,74,74,200,0,60,0,0,0,60,0,0,0,60,0,0,0,60,0,0,,0,,
6510,Monster,14208,XieErNiangTou,100,Diệp Nhị Nương,CommonNPCHeader8_15,80,1002,Boss,23423,10478,23423,10478,2636400,16254,1548,74,74,200,0,60,0,0,0,60,0,0,0,60,0,0,0,60,0,0,,0,,
6511,Monster,14209,bossXiaoYuanShan20110120,100,Tiêu Viễn Sơn,FightNPCHeader13_1,80,1002,Boss,23423,10478,23423,10478,2636400,16254,1548,74,74,200,0,60,0,0,0,60,0,0,0,60,0,0,0,60,0,0,,0,,
6512,Monster,14210,bossMuRongBo110120,100,Mộ Dung Bác,FightNPCHeader12_25,80,1002,Boss,23423,10478,23423,10478,2636400,16254,1548,74,74,200,0,60,0,0,0,60,0,0,0,60,0,0,0,60,0,0,,0,,
6513,Monster,14211,bossDingChunQiu20110120,100,Đinh Xuân Thu,FightNPCHeader12_21,80,1002,Boss,23423,10478,23423,10478,2636400,16254,1548,74,74,200,0,60,0,0,0,60,0,0,0,60,0,0,0,60,0,0,,0,,
6514,Monster,14212,bossMuRongFu110113,100,Mộ Dung Phục,FightNPCHeader12_20,80,1002,Boss,23423,10478,23423,10478,2636400,16254,1548,74,74,200,0,60,0,0,0,60,0,0,0,60,0,0,0,60,0,0,,0,,
6515,Monster,14213,bossJiuMoZhi20110120,100,Cưu Ma Trí,FightNPCHeader12_14,80,1002,Boss,23423,10478,23423,10478,2636400,16254,1548,74,74,200,0,60,0,0,0,60,0,0,0,60,0,0,0,60,0,0,,0,,
6516,Monster,14214,bossXiaoYuanShan20110120,100,Tiêu Viễn Sơn,FightNPCHeader13_1,80,1000,Boss,9369,12573,8198,8382,14060800,16254,1548,74,74,150,0,60,0,0,0,60,0,0,0,60,0,0,0,60,0,0,,0,,
6517,Monster,14215,bossMuRongBo110120,100,Mộ Dung Bác,FightNPCHeader12_25,80,1000,Boss,7027,10478,9369,12573,14060800,16254,1548,74,74,150,0,60,0,0,0,60,0,0,0,60,0,0,0,60,0,0,,0,,
6518,Monster,14216,bossDingChunQiu20110120,100,Đinh Xuân Thu,FightNPCHeader12_21,80,1000,Boss,7027,10478,9369,12573,1581840,16254,1548,74,74,150,0,60,0,0,0,60,0,0,0,60,0,0,9320,60,4000,0,,0,,
6519,Monster,14217,bossMuRongFu110113,100,Mộ Dung Phục,FightNPCHeader12_20,80,1000,Boss,7027,10478,9369,12573,5272800,16254,1548,74,74,150,0,60,0,0,0,60,0,0,0,60,0,0,0,60,0,0,,0,,
6520,Monster,14218,bossZhuangJuXian20110305,100,Trang Tụ Hiền,FightNPCHeader12_19,80,1000,Boss,7027,12573,7027,10478,4921280,16254,1548,74,74,100,0,60,0,0,0,60,0,0,0,60,0,0,0,60,0,0,,0,,
6521,Monster,14219,bossJiuMoZhi20110120,100,Cưu Ma Trí,FightNPCHeader12_14,80,1000,Boss,7027,10478,9369,12573,1406080,16254,1548,74,74,150,0,60,0,0,0,60,0,0,0,60,0,0,0,60,0,0,,0,,
6522,Monster,14220,bossXiaoYuanShan20110120,100,Tiêu Viễn Sơn,FightNPCHeader13_1,80,37640,Boss,16396,5239,11711,6286,14500200,48762,774,37,37,200,582,60,0,0,582,60,0,0,582,60,0,0,582,60,0,0,,0,,
6523,Monster,14221,bossXiaoYuanShan20110120,100,Tiêu Viễn Sơn,FightNPCHeader13_1,90,64566,Boss,25957,7068,20189,8246,31600800,54810,870,41,41,201,710,60,0,0,710,60,0,0,710,60,0,0,710,60,0,0,,0,,
6524,Monster,14222,bossXiaoYuanShan20110120,100,Tiêu Viễn Sơn,FightNPCHeader13_1,100,72486,Boss,31333,7849,24370,9157,37600200,60858,966,45,45,243,850,60,0,0,850,60,0,0,850,60,0,0,850,60,0,0,,0,,
6525,Monster,14223,bossXiaoYuanShan20110120,100,Tiêu Viễn Sơn,FightNPCHeader13_1,110,80062,Boss,34452,8630,26796,10068,44098560,66906,1062,49,49,267,1005,60,0,0,1005,60,0,0,1005,60,0,0,1005,60,0,0,,0,,
6526,Monster,14224,bossXiaoYuanShan20110120,100,Tiêu Viễn Sơn,FightNPCHeader13_1,120,87078,Boss,37570,9411,29221,10980,48090240,72954,1158,53,53,292,1172,60,0,0,1172,60,0,0,1172,60,0,0,1172,60,0,0,,0,,
6527,Monster,14225,bossMuRongBo110120,100,Mộ Dung Bác,FightNPCHeader12_25,80,37640,Boss,11711,5239,16396,6286,14500200,48762,774,37,37,250,582,60,0,0,582,60,0,0,582,60,0,0,582,60,0,0,,0,,
6528,Monster,14226,bossMuRongBo110120,100,Mộ Dung Bác,FightNPCHeader12_25,90,64566,Boss,20189,7068,25957,8246,31600800,54810,870,41,41,259,710,60,0,0,710,60,0,0,710,60,0,0,710,60,0,0,,0,,
6529,Monster,14227,bossMuRongBo110120,100,Mộ Dung Bác,FightNPCHeader12_25,100,72486,Boss,24370,7849,31333,9157,37600200,60858,966,45,45,313,850,60,0,0,850,60,0,0,850,60,0,0,850,60,0,0,,0,,
6530,Monster,14228,bossMuRongBo110120,100,Mộ Dung Bác,FightNPCHeader12_25,110,80062,Boss,26796,8630,34452,10068,44098560,66906,1062,49,49,344,1005,60,0,0,1005,60,0,0,1005,60,0,0,1005,60,0,0,,0,,
6531,Monster,14229,bossMuRongBo110120,100,Mộ Dung Bác,FightNPCHeader12_25,120,87078,Boss,29221,9411,37570,10980,48090240,72954,1158,53,53,375,1172,60,0,0,1172,60,0,0,1172,60,0,0,1172,60,0,0,,0,,
6532,Monster,14230,bossDingChunQiu20110120,100,Đinh Xuân Thu,FightNPCHeader12_21,80,37640,Boss,11711,5239,16396,6286,10150140,48762,774,37,37,250,0,60,0,0,0,60,0,0,0,60,0,0,2330,60,40,0,,0,,
6533,Monster,14231,bossDingChunQiu20110120,100,Đinh Xuân Thu,FightNPCHeader12_21,90,64566,Boss,20189,7068,25957,8246,22120560,54810,870,41,41,259,0,60,0,0,0,60,0,0,0,60,0,0,2840,60,40,0,,0,,
6534,Monster,14232,bossDingChunQiu20110120,100,Đinh Xuân Thu,FightNPCHeader12_21,100,72486,Boss,24370,7849,31333,9157,26320140,60858,966,45,45,313,0,60,0,0,0,60,0,0,0,60,0,0,3400,60,40,0,,0,,
6535,Monster,14233,bossDingChunQiu20110120,100,Đinh Xuân Thu,FightNPCHeader12_21,110,80062,Boss,26796,8630,34452,10068,30868990,66906,1062,49,49,344,0,60,0,0,0,60,0,0,0,60,0,0,4020,60,40,0,,0,,
6536,Monster,14234,bossDingChunQiu20110120,100,Đinh Xuân Thu,FightNPCHeader12_21,120,87078,Boss,29221,9411,37570,10980,33663165,72954,1158,53,53,375,0,60,0,0,0,60,0,0,0,60,0,0,4690,60,40,0,,0,,
6537,Monster,14235,bossMuRongFu110113,100,Mộ Dung Phục,FightNPCHeader12_20,80,37640,Boss,11711,5239,16396,6286,8700120,48762,774,37,37,250,0,60,0,0,0,60,0,0,0,60,0,0,0,60,0,0,0_1_1000;15012_1_15000;15013_1_25000,0,,
6538,Monster,14236,bossMuRongFu110113,100,Mộ Dung Phục,FightNPCHeader12_20,90,64566,Boss,20189,7068,25957,8246,18960480,54810,870,41,41,259,0,60,0,0,0,60,0,0,0,60,0,0,0,60,0,0,0_1_1000;15012_1_15000;15013_1_25000,0,,
6539,Monster,14237,bossMuRongFu110113,100,Mộ Dung Phục,FightNPCHeader12_20,100,72486,Boss,24370,7849,31333,9157,22560120,60858,966,45,45,313,0,60,0,0,0,60,0,0,0,60,0,0,0,60,0,0,0_1_1000;15012_1_15000;15013_1_25000,0,,
6540,Monster,14238,bossMuRongFu110113,100,Mộ Dung Phục,FightNPCHeader12_20,110,80062,Boss,26796,8630,34452,10068,26459135,66906,1062,49,49,344,0,60,0,0,0,60,0,0,0,60,0,0,0,60,0,0,0_1_1000;15012_1_15000;15013_1_25000,0,,
6541,Monster,14239,bossMuRongFu110113,100,Mộ Dung Phục,FightNPCHeader12_20,120,87078,Boss,29221,9411,37570,10980,28854140,72954,1158,53,53,375,0,60,0,0,0,60,0,0,0,60,0,0,0,60,0,0,0_1_1000;15012_1_15000;15013_1_25000,0,,
6542,Monster,14240,bossZhuangJuXian20110305,100,Trang Tụ Hiền,FightNPCHeader12_19,80,37640,Boss,16396,5239,11711,6286,7250100,48762,774,37,37,200,0,60,0,0,0,60,0,0,0,60,0,0,2330,60,40,0,0_1_1000;15006_1_15000,0,,
6543,Monster,14241,bossZhuangJuXian20110305,100,Trang Tụ Hiền,FightNPCHeader12_19,90,64566,Boss,25957,7068,20189,8246,15800400,54810,870,41,41,201,0,60,0,0,0,60,0,0,0,60,0,0,2840,60,40,0,0_1_1000;15006_1_15000,0,,
6544,Monster,14242,bossZhuangJuXian20110305,100,Trang Tụ Hiền,FightNPCHeader12_19,100,72486,Boss,31333,7849,24370,9157,18800100,60858,966,45,45,243,0,60,0,0,0,60,0,0,0,60,0,0,3400,60,40,0,0_1_1000;15006_1_15000,0,,
6545,Monster,14243,bossZhuangJuXian20110305,100,Trang Tụ Hiền,FightNPCHeader12_19,110,80062,Boss,34452,8630,26796,10068,22049280,66906,1062,49,49,267,0,60,0,0,0,60,0,0,0,60,0,0,4020,60,40,0,0_1_1000;15006_1_15000,0,,
6546,Monster,14244,bossZhuangJuXian20110305,100,Trang Tụ Hiền,FightNPCHeader12_19,120,87078,Boss,37570,9411,29221,10980,24045120,72954,1158,53,53,292,0,60,0,0,0,60,0,0,0,60,0,0,4690,60,40,0,0_1_1000;15006_1_15000,0,,
6547,Monster,14245,bossJiuMoZhi20110120,100,Cưu Ma Trí,FightNPCHeader12_14,80,37640,Boss,16396,5239,11711,6286,7250100,48762,774,37,37,200,0,60,0,0,0,60,0,0,0,60,0,0,0,60,0,0,0_1_1000;15004_1_15000;15005_1_25000,0,,
6548,Monster,14246,bossJiuMoZhi20110120,100,Cưu Ma Trí,FightNPCHeader12_14,90,64566,Boss,25957,7068,20189,8246,15800400,54810,870,41,41,201,0,60,0,0,0,60,0,0,0,60,0,0,0,60,0,0,0_1_1000;15004_1_15000;15005_1_25000,0,,
6549,Monster,14247,bossJiuMoZhi20110120,100,Cưu Ma Trí,FightNPCHeader12_14,100,72486,Boss,31333,7849,24370,9157,18800100,60858,966,45,45,243,0,60,0,0,0,60,0,0,0,60,0,0,0,60,0,0,0_1_1000;15004_1_15000;15005_1_25000,0,,
6550,Monster,14248,bossJiuMoZhi20110120,100,Cưu Ma Trí,FightNPCHeader12_14,110,80062,Boss,34452,8630,26796,10068,22049280,66906,1062,49,49,267,0,60,0,0,0,60,0,0,0,60,0,0,0,60,0,0,0_1_1000;15004_1_15000;15005_1_25000,0,,
6551,Monster,14249,bossJiuMoZhi20110120,100,Cưu Ma Trí,FightNPCHeader12_14,120,87078,Boss,37570,9411,29221,10980,24045120,72954,1158,53,53,292,0,60,0,0,0,60,0,0,0,60,0,0,0,60,0,0,0_1_1000;15004_1_15000;15005_1_25000,0,,
6552,Monster,14250,bossCangJingGeMengMianFanSeng,100,Thổ phồn ác tăng,FightNPCHeader10_1,80,655,Hater,5387,1047,7027,1047,43940,1625,154,22,7,100,0,60,0,0,0,60,0,0,0,60,0,0,0,60,0,0,,0,,
6553,Monster,14251,bossCangJingGeMengMianFanSeng,100,Thổ phồn ác tăng,FightNPCHeader10_1,90,750,Hater,6633,1178,8652,1178,53200,1827,174,24,8,150,0,60,0,0,0,60,0,0,0,60,0,0,0,60,0,0,,0,,
6554,Monster,14252,bossCangJingGeMengMianFanSeng,100,Thổ phồn ác tăng,FightNPCHeader10_1,100,842,Hater,8007,1308,10444,1308,63300,2028,193,27,9,200,0,60,0,0,0,60,0,0,0,60,0,0,0,60,0,0,,0,,
6555,Monster,14253,bossCangJingGeMengMianFanSeng,100,Thổ phồn ác tăng,FightNPCHeader10_1,110,930,Hater,8804,1438,11484,1438,74240,2230,212,29,9,200,0,60,0,0,0,60,0,0,0,60,0,0,0,60,0,0,,0,,
6556,Monster,14254,bossCangJingGeMengMianFanSeng,100,Thổ phồn ác tăng,FightNPCHeader10_1,120,1011,Hater,9601,1568,12523,1568,80960,2431,231,31,10,200,0,60,0,0,0,60,0,0,0,60,0,0,0,60,0,0,,0,,
6557,Monster,14255,TuFanFanSeng20110224,100,Thổ phồn phiên tăng,FightNPCHeader12_15,80,1,Hater,5387,1047,7027,1047,43940,1625,154,22,7,100,0,60,0,0,0,60,0,0,0,60,0,0,0,60,0,0,,0,,
6558,Monster,14256,TuFanFanSeng20110224,100,Thổ phồn phiên tăng,FightNPCHeader12_15,90,1,Hater,6633,1178,8652,1178,53200,1827,174,24,8,150,0,60,0,0,0,60,0,0,0,60,0,0,0,60,0,0,,0,,
6559,Monster,14257,TuFanFanSeng20110224,100,Thổ phồn phiên tăng,FightNPCHeader12_15,100,1,Hater,8007,1308,10444,1308,63300,2028,193,27,9,200,0,60,0,0,0,60,0,0,0,60,0,0,0,60,0,0,,0,,
6560,Monster,14258,TuFanFanSeng20110224,100,Thổ phồn phiên tăng,FightNPCHeader12_15,110,1,Hater,8804,1438,11484,1438,74240,2230,212,29,9,200,0,60,0,0,0,60,0,0,0,60,0,0,0,60,0,0,,0,,
6561,Monster,14259,TuFanFanSeng20110224,100,Thổ phồn phiên tăng,FightNPCHeader12_15,120,1,Hater,9601,1568,12523,1568,80960,2431,231,31,10,200,0,60,0,0,0,60,0,0,0,60,0,0,0,60,0,0,,0,,
6562,Monster,14260,FanSengZhiShi,100,Phiên tăng chấp sự,FightNPCHeader12_15,80,2406,Boss,16162,1571,21081,4715,896375,2438,232,33,11,210,0,60,0,0,0,60,0,0,0,60,0,0,0,60,0,0,,0,,
6563,Monster,14261,FanSengZhiShi,100,Phiên tăng chấp sự,FightNPCHeader12_15,90,2755,Boss,19900,1767,25957,5301,1085280,2740,261,37,12,259,0,60,0,0,0,60,0,0,0,60,0,0,0,60,0,0,,0,,
6564,Monster,14262,FanSengZhiShi,100,Phiên tăng chấp sự,FightNPCHeader12_15,100,3093,Boss,24022,1962,31333,5886,1291320,3042,289,40,13,313,0,60,0,0,0,60,0,0,0,60,0,0,0,60,0,0,,0,,
6565,Monster,14263,FanSengZhiShi,100,Phiên tăng chấp sự,FightNPCHeader12_15,110,3417,Boss,26413,2157,34452,6472,1514495,3345,318,44,14,344,0,60,0,0,0,60,0,0,0,60,0,0,0,60,0,0,,0,,
6566,Monster,14264,FanSengZhiShi,100,Phiên tăng chấp sự,FightNPCHeader12_15,120,3716,Boss,28804,2352,37570,7058,1651580,3647,347,47,15,375,0,60,0,0,0,60,0,0,0,60,0,0,0,60,0,0,,0,,
6567,Monster,14265,TuFanESeng20110224,100,Tín đồ,FightNPCHeader12_16,80,1,Normal,6464,1257,8432,3772,79090,1950,185,8,8,150,0,60,0,0,0,60,0,0,0,60,0,0,0,60,0,0,,0,,
6568,Monster,14266,TuFanESeng20110224,100,Tín đồ,FightNPCHeader12_16,90,1,Normal,7960,1413,10383,4240,95760,2192,208,9,9,200,0,60,0,0,0,60,0,0,0,60,0,0,0,60,0,0,,0,,
6569,Monster,14267,TuFanESeng20110224,100,Tín đồ,FightNPCHeader12_16,100,1,Normal,9608,1569,12533,4709,113940,2434,231,10,10,200,0,60,0,0,0,60,0,0,0,60,0,0,0,60,0,0,,0,,
6570,Monster,14268,TuFanESeng20110224,100,Tín đồ,FightNPCHeader12_16,110,1,Normal,10565,1726,13780,5178,133630,2676,254,11,11,200,0,60,0,0,0,60,0,0,0,60,0,0,0,60,0,0,,0,,
6571,Monster,14269,TuFanESeng20110224,100,Tín đồ,FightNPCHeader12_16,120,1,Normal,11521,1882,15028,5646,145725,2918,277,12,12,150,0,60,0,0,0,60,0,0,0,60,0,0,0,60,0,0,,0,,
6572,Monster,14270,ZhanDouXingSuDiZi,100,Đệ tử của Tinh Túc,CommonNPCHeader7_3,80,655,Hater,5387,1047,7027,1047,43940,1625,154,22,7,100,0,60,0,0,0,60,0,0,0,60,0,0,0,60,0,0,,0,,
6573,Monster,14271,ZhanDouXingSuDiZi,100,Đệ tử của Tinh Túc,CommonNPCHeader7_3,90,750,Hater,6633,1178,8652,1178,53200,1827,174,24,8,150,0,60,0,0,0,60,0,0,0,60,0,0,0,60,0,0,,0,,
6574,Monster,14272,ZhanDouXingSuDiZi,100,Đệ tử của Tinh Túc,CommonNPCHeader7_3,100,842,Hater,8007,1308,10444,1308,63300,2028,193,27,9,200,0,60,0,0,0,60,0,0,0,60,0,0,0,60,0,0,,0,,
6575,Monster,14273,ZhanDouXingSuDiZi,100,Đệ tử của Tinh Túc,CommonNPCHeader7_3,110,930,Hater,8804,1438,11484,1438,74240,2230,212,29,9,200,0,60,0,0,0,60,0,0,0,60,0,0,0,60,0,0,,0,,
6576,Monster,14274,ZhanDouXingSuDiZi,100,Đệ tử của Tinh Túc,CommonNPCHeader7_3,120,1011,Hater,9601,1568,12523,1568,80960,2431,231,31,10,200,0,60,0,0,0,60,0,0,0,60,0,0,0,60,0,0,,0,,
6577,Monster,14275,JieLuSeng,100,Hư không,CommonNPCHeader6_19,80,41,Hater,2810,1257,2810,1257,105455,1950,185,8,8,100,0,60,0,0,0,60,0,0,0,60,0,0,0,60,0,0,,0,,
6578,Monster,14276,JieLuSeng,100,Hư tịnh,CommonNPCHeader6_19,80,41,Hater,2810,1257,2810,1257,105455,1950,185,8,8,100,0,60,0,0,0,60,0,0,0,60,0,0,0,60,0,0,,0,,
6579,Monster,14277,XiaoHeShang,100,Tri khách tăng,CommonNPCHeader6_21,5,1,Normal,151,71,151,71,495,54,10,1,1,100,0,60,0,0,0,60,0,0,0,60,0,0,0,60,0,0,,0,,
6580,Monster,14278,WuDuDing110333,100,Huyết chú vu cổ,FightNPCHeader13_2,80,1,Hater,2810,1257,2810,1131624,1054560,1950,185,8,8,100,0,60,0,0,0,60,0,0,0,60,0,0,0,60,0,0,,0,,
6581,Monster,14279,WuDuDing110333,100,Huyết chú vu cổ,FightNPCHeader13_2,90,1,Hater,3461,1413,3461,1272240,1276800,2192,208,9,9,100,0,60,0,0,0,60,0,0,0,60,0,0,0,60,0,0,,0,,
6582,Monster,14280,WuDuDing110333,100,Huyết chú vu cổ,FightNPCHeader13_2,100,1,Hater,4177,1569,4177,1412856,1519200,2434,231,10,10,100,0,60,0,0,0,60,0,0,0,60,0,0,0,60,0,0,,0,,
6583,Monster,14281,WuDuDing110333,100,Huyết chú vu cổ,FightNPCHeader13_2,110,1,Hater,4593,1726,4593,1553472,1781760,2676,254,11,11,100,0,60,0,0,0,60,0,0,0,60,0,0,0,60,0,0,,0,,
6584,Monster,14282,WuDuDing110333,100,Huyết chú vu cổ,FightNPCHeader13_2,120,1,Hater,5009,1882,5009,1694088,1943040,2918,277,12,12,100,0,60,0,0,0,60,0,0,0,60,0,0,0,60,0,0,,0,,
6585,Monster,14283,BOSSBingTian20110221,100,Băng Tằm,FightNPCHeader12_23,80,18820,Boss,16396,5239,11711,6286,2433400,48762,774,37,37,200,0,60,0,0,0,60,0,0,0,60,0,0,0,60,0,0,,0,,
6586,Monster,14284,BOSSBingTian20110221,100,Băng Tằm,FightNPCHeader12_23,90,21550,Boss,25957,7068,20189,8246,5640000,54810,870,41,41,201,0,60,0,0,0,60,0,0,0,60,0,0,0,60,0,0,,0,,
6587,Monster,14285,BOSSBingTian20110221,100,Băng Tằm,FightNPCHeader12_23,100,24193,Boss,31333,7849,24370,9157,6660000,60858,966,45,45,243,0,60,0,0,0,60,0,0,0,60,0,0,0,60,0,0,,0,,
6588,Monster,14286,BOSSBingTian20110221,100,Băng Tằm,FightNPCHeader12_23,110,26722,Boss,34452,8630,26796,10068,7848000,66906,1062,49,49,267,0,60,0,0,0,60,0,0,0,60,0,0,0,60,0,0,,0,,
6589,Monster,14287,BOSSBingTian20110221,100,Băng Tằm,FightNPCHeader12_23,120,29063,Boss,37570,9411,29221,10980,8192000,72954,1158,53,53,292,0,60,0,0,0,60,0,0,0,60,0,0,0,60,0,0,,0,,
6590,Monster,14288,BOSSHuoTian20110221,100,Băng Tằm,FightNPCHeader12_24,80,18820,Boss,16396,5239,11711,6286,4833400,48762,774,37,37,200,0,60,0,0,0,60,0,0,0,60,0,0,0,60,0,0,,0,,
6591,Monster,14289,BOSSHuoTian20110221,100,Băng Tằm,FightNPCHeader12_24,90,21550,Boss,25957,7068,20189,8246,10640000,54810,870,41,41,201,0,60,0,0,0,60,0,0,0,60,0,0,0,60,0,0,,0,,
6592,Monster,14290,BOSSHuoTian20110221,100,Băng Tằm,FightNPCHeader12_24,100,24193,Boss,31333,7849,24370,9157,12660000,60858,966,45,45,243,0,60,0,0,0,60,0,0,0,60,0,0,0,60,0,0,,0,,
6593,Monster,14291,BOSSHuoTian20110221,100,Băng Tằm,FightNPCHeader12_24,110,26722,Boss,34452,8630,26796,10068,14848000,66906,1062,49,49,267,0,60,0,0,0,60,0,0,0,60,0,0,0,60,0,0,,0,,
6594,Monster,14292,BOSSHuoTian20110221,100,Băng Tằm,FightNPCHeader12_24,120,29063,Boss,37570,9411,29221,10980,16192000,72954,1158,53,53,292,0,60,0,0,0,60,0,0,0,60,0,0,0,60,0,0,,0,,
6595,Monster,14293,TaoHuaZhuangJiGuan,100,Trang Tụ Hiền,FightNPCHeader12_19,80,1683,Hater,2342,1047,2342,1047,703040,9752,154,7,7,100,0,60,0,0,0,60,0,0,0,60,0,0,0,60,0,0,,0,,
6596,Monster,14295,DuanYanQing,100,Đoàn Diên Khánh,CommonNPCHeader12_4,80,1000,Boss,46846,15717,23423,15717,4394000,16254,1548,298,74,200,0,60,0,0,0,60,0,0,0,60,0,0,0,60,0,0,,0,,
6597,Monster,14296,NanHaiEShen,100,Nhạc Lão Tam,FightNPCHeader3_25,80,1000,Boss,28108,12573,14054,6286,2109120,9752,928,89,44,200,0,60,0,0,0,60,0,0,0,60,0,0,0,60,0,0,,0,,
6598,Monster,14297,YunZhongHe,100,Vân Trung Hạc,CommonNPCHeader3_7,80,1000,Boss,28108,6286,14054,6286,1581840,19504,2786,89,89,200,0,60,0,0,0,60,0,0,0,60,0,0,0,60,0,0,,0,,
6599,Monster,14298,ZhongNianShuSheng,100,Đặng Bách Xuyên,CommonNPCHeader8_20,80,1000,Boss,14054,9430,28108,9430,1581840,9752,928,44,44,281,0,60,0,0,0,60,0,0,0,60,0,0,0,60,0,0,,0,,
6600,Monster,14300,FengBoE,100,Phong Ba Ác,CommonNPCHeader9_21,80,1000,Boss,28108,6286,14054,6286,1581840,9752,928,134,44,200,0,60,0,0,0,60,0,0,0,60,0,0,0,60,0,0,,0,,
6601,Monster,14301,WangYuYan,100,Vương Ngữ Yên,CommonNPCHeader12_8,100,1000,Hater,3481,1308,3481,1308,1266000,2028,193,9,9,100,0,60,0,0,0,60,0,0,0,60,0,0,0,60,0,0,,0,,
6602,Monster,14302,bossCangJingGeMengMianFanSeng,100,Thổ phồn ác tăng,FightNPCHeader10_1,80,400,Normal,6464,1257,8432,1257,421820,1950,185,26,8,150,0,60,0,0,0,60,0,0,0,60,0,0,0,60,0,0,,0,,
6603,Monster,14303,TuFanFanSeng20110224,100,Thổ phồn phiên tăng,FightNPCHeader12_15,80,400,Normal,6464,1257,8432,1257,210910,1950,185,26,8,150,0,60,0,0,0,60,0,0,0,60,0,0,0,60,0,0,,0,,
6604,Monster,14304,FanSengZhiShi,100,Phiên tăng chấp sự,FightNPCHeader12_15,80,400,Normal,6464,1257,8432,1257,527280,1950,185,26,8,150,0,60,0,0,0,60,0,0,0,60,0,0,0,60,0,0,,0,,
6605,Monster,14305,XiaoFeng80jq,100,Tiêu Phong,CommonNPCHeader12_2,80,1000,Boss,14054,9430200,5855,9430200,443794000,16254,1548,74,74,100,0,6000,0,0,0,6000,0,0,0,6000,0,0,0,6000,0,0,,0,,
6606,Monster,14306,bossMuRongFu110113,100,Mộ Dung Phục,FightNPCHeader12_20,80,1000,Boss,5855,9430200,14054,9430200,443794000,16254,1548,74,74,200,0,6000,0,0,0,6000,0,0,0,6000,0,0,0,6000,0,0,,0,,
6607,Monster,14307,LiaoGuoZhongNianWuGuan80jq,100,Yến vân thập bát kỵ đô uý,FightNPCHeader11_12,80,1000,Boss,23423,10478,23423,10478,2636400,16254,1548,74,74,200,0,60,0,0,0,60,0,0,0,60,0,0,0,60,0,0,,0,,
6608,Monster,14308,TuFanESeng20110224,100,Tín đồ,FightNPCHeader12_16,80,400,Normal,2810,1257,2810,1257,105455,1950,185,8,8,100,0,60,0,0,0,60,0,0,0,60,0,0,0,60,0,0,,0,,
6609,Monster,14309,NpcCangJingGeShiBei,100,Đại môn,haiwaizhuanyong1_6,30,243,Hater,706,331,706,331,14980,246,49,3,3,100,0,60,0,0,0,60,0,0,0,60,0,0,0,60,0,0,,0,,
6610,Monster,14310,CangJingGeKongMoXingDaoChu,100,Đại môn,haiwaizhuanyong1_6,30,243,Hater,706,331,706,331,14980,246,49,3,3,100,0,60,0,0,0,60,0,0,0,60,0,0,0,60,0,0,,0,,
6611,Monster,14311,NianHuaMuRenZhenMen01,100,Đại môn,haiwaizhuanyong1_6,30,243,Hater,706,331,706,331,14980,246,49,3,3,100,0,60,0,0,0,60,0,0,0,60,0,0,0,60,0,0,,0,,
6612,Monster,14312,NanZhuJiaoGaoMoMingJiao,100,Đệ tử của Cái Bang,CommonNPCHeader4_7,9,51,Normal,315,148,315,148,1350,110,22,2,2,100,0,60,0,0,0,60,0,0,0,60,0,0,0,60,0,0,,0,,
6613,Monster,14313,bossZhuangJuXian20110305,100,Trang Tụ Hiền,FightNPCHeader12_19,80,41425,Boss,23423,10478,23423,10478,2636400,16254,1548,74,74,200,0,60,0,0,0,60,0,0,0,60,0,0,0,60,0,0,,0,,
6614,Monster,14314,bossCangJingGeMengMianFanSeng,100,Thổ phồn ác tăng đầu lĩnh,FightNPCHeader10_1,80,1203,Boss,8081,1571,10540,4715,632735,2438,232,33,11,200,0,60,0,0,0,60,0,0,0,60,0,0,0,60,0,0,,0,,
6615,Monster,14315,bossCangJingGeMengMianFanSeng,100,Thổ phồn ác tăng đầu lĩnh,FightNPCHeader10_1,90,1377,Boss,9950,1767,12978,5301,766080,2740,261,37,12,200,0,60,0,0,0,60,0,0,0,60,0,0,0,60,0,0,,0,,
6616,Monster,14316,bossCangJingGeMengMianFanSeng,100,Thổ phồn ác tăng đầu lĩnh,FightNPCHeader10_1,100,1546,Boss,12011,1962,15666,5886,911520,3042,289,40,13,250,0,60,0,0,0,60,0,0,0,60,0,0,0,60,0,0,,0,,
6617,Monster,14317,bossCangJingGeMengMianFanSeng,100,Thổ phồn ác tăng đầu lĩnh,FightNPCHeader10_1,110,1708,Boss,13206,2157,17226,6472,1069055,3345,318,44,14,250,0,60,0,0,0,60,0,0,0,60,0,0,0,60,0,0,,0,,
6618,Monster,14318,bossCangJingGeMengMianFanSeng,100,Thổ phồn ác tăng đầu lĩnh,FightNPCHeader10_1,120,1858,Boss,14402,2352,18785,7058,1165820,3647,347,47,15,300,0,60,0,0,0,60,0,0,0,60,0,0,0,60,0,0,,0,,
6619,Monster,14319,bossXiaoYuanShan20110120,100,Tiêu Viễn Sơn,FightNPCHeader13_1,80,37640,Boss,2459,5239,1756,6286,7250100,48762,774,37,37,100,0,60,0,0,0,60,0,0,0,60,0,0,0,60,0,0,,0,,
6620,Monster,14320,bossXiaoYuanShan20110120,100,Tiêu Viễn Sơn,FightNPCHeader13_1,90,64566,Boss,3749,7068,3028,8246,15800400,54810,870,41,41,100,0,60,0,0,0,60,0,0,0,60,0,0,0,60,0,0,,0,,
6621,Monster,14321,bossXiaoYuanShan20110120,100,Tiêu Viễn Sơn,FightNPCHeader13_1,100,72486,Boss,4525,7849,3655,9157,18800100,60858,966,45,45,100,0,60,0,0,0,60,0,0,0,60,0,0,0,60,0,0,,0,,
6622,Monster,14322,bossXiaoYuanShan20110120,100,Tiêu Viễn Sơn,FightNPCHeader13_1,110,80062,Boss,4976,8630,4019,10068,22049280,66906,1062,49,49,100,0,60,0,0,0,60,0,0,0,60,0,0,0,60,0,0,,0,,
6623,Monster,14323,bossXiaoYuanShan20110120,100,Tiêu Viễn Sơn,FightNPCHeader13_1,120,87078,Boss,5426,9411,4383,10980,24045120,72954,1158,53,53,100,0,60,0,0,0,60,0,0,0,60,0,0,0,60,0,0,,0,,
6624,Monster,14324,bossMuRongBo110120,100,Mộ Dung Bác,FightNPCHeader12_25,80,37640,Boss,1756,5239,2459,6286,7250100,48762,774,37,37,100,0,60,0,0,0,60,0,0,0,60,0,0,0,60,0,0,,0,,
6625,Monster,14325,bossMuRongBo110120,100,Mộ Dung Bác,FightNPCHeader12_25,90,64566,Boss,3028,7068,3749,8246,15800400,54810,870,41,41,100,0,60,0,0,0,60,0,0,0,60,0,0,0,60,0,0,,0,,
6626,Monster,14326,bossMuRongBo110120,100,Mộ Dung Bác,FightNPCHeader12_25,100,72486,Boss,3655,7849,4525,9157,18800100,60858,966,45,45,100,0,60,0,0,0,60,0,0,0,60,0,0,0,60,0,0,,0,,
6627,Monster,14327,bossMuRongBo110120,100,Mộ Dung Bác,FightNPCHeader12_25,110,80062,Boss,4019,8630,4976,10068,22049280,66906,1062,49,49,100,0,60,0,0,0,60,0,0,0,60,0,0,0,60,0,0,,0,,
6628,Monster,14328,bossMuRongBo110120,100,Mộ Dung Bác,FightNPCHeader12_25,120,87078,Boss,4383,9411,5426,10980,24045120,72954,1158,53,53,100,0,60,0,0,0,60,0,0,0,60,0,0,0,60,0,0,,0,,
6629,Monster,14329,bossDingChunQiu20110120,100,Đinh Xuân Thu,FightNPCHeader12_21,80,37640,Boss,11711,5239,16396,6286,10150140,48762,774,37,37,250,0,60,0,0,0,60,0,0,0,60,0,0,2330,60,40,0,,0,,
6630,Monster,14330,bossDingChunQiu20110120,100,Đinh Xuân Thu,FightNPCHeader12_21,90,64566,Boss,20189,7068,25957,8246,22120560,54810,870,41,41,259,0,60,0,0,0,60,0,0,0,60,0,0,2840,60,40,0,,0,,
6631,Monster,14331,bossDingChunQiu20110120,100,Đinh Xuân Thu,FightNPCHeader12_21,100,72486,Boss,24370,7849,31333,9157,26320140,60858,966,45,45,313,0,60,0,0,0,60,0,0,0,60,0,0,3400,60,40,0,,0,,
6632,Monster,14332,bossDingChunQiu20110120,100,Đinh Xuân Thu,FightNPCHeader12_21,110,80062,Boss,26796,8630,34452,10068,30868990,66906,1062,49,49,344,0,60,0,0,0,60,0,0,0,60,0,0,4020,60,40,0,,0,,
6633,Monster,14333,bossDingChunQiu20110120,100,Đinh Xuân Thu,FightNPCHeader12_21,120,87078,Boss,29221,9411,37570,10980,33663165,72954,1158,53,53,375,0,60,0,0,0,60,0,0,0,60,0,0,4690,60,40,0,,0,,
6634,Monster,14334,bossMuRongFu110113,100,Mộ Dung Phục,FightNPCHeader12_20,80,37640,Boss,11711,5239,16396,6286,8700120,48762,774,37,37,250,0,60,0,0,0,60,0,0,0,60,0,0,0,60,0,0,,0,,
6635,Monster,14335,bossMuRongFu110113,100,Mộ Dung Phục,FightNPCHeader12_20,90,64566,Boss,20189,7068,25957,8246,18960480,54810,870,41,41,259,0,60,0,0,0,60,0,0,0,60,0,0,0,60,0,0,,0,,
6636,Monster,14336,bossMuRongFu110113,100,Mộ Dung Phục,FightNPCHeader12_20,100,72486,Boss,24370,7849,31333,9157,22560120,60858,966,45,45,313,0,60,0,0,0,60,0,0,0,60,0,0,0,60,0,0,,0,,
6637,Monster,14337,bossMuRongFu110113,100,Mộ Dung Phục,FightNPCHeader12_20,110,80062,Boss,26796,8630,34452,10068,26459135,66906,1062,49,49,344,0,60,0,0,0,60,0,0,0,60,0,0,0,60,0,0,,0,,
6638,Monster,14338,bossMuRongFu110113,100,Mộ Dung Phục,FightNPCHeader12_20,120,87078,Boss,29221,9411,37570,10980,28854140,72954,1158,53,53,375,0,60,0,0,0,60,0,0,0,60,0,0,0,60,0,0,,0,,
6639,Monster,14339,bossZhuangJuXian20110305,100,Trang Tụ Hiền,FightNPCHeader12_19,80,37640,Boss,16396,5239,11711,6286,7250100,48762,774,37,37,200,0,60,0,0,0,60,0,0,0,60,0,0,2330,60,40,0,,0,,
6640,Monster,14340,bossZhuangJuXian20110305,100,Trang Tụ Hiền,FightNPCHeader12_19,90,64566,Boss,25957,7068,20189,8246,15800400,54810,870,41,41,201,0,60,0,0,0,60,0,0,0,60,0,0,2840,60,40,0,,0,,
6641,Monster,14341,bossZhuangJuXian20110305,100,Trang Tụ Hiền,FightNPCHeader12_19,100,72486,Boss,31333,7849,24370,9157,18800100,60858,966,45,45,243,0,60,0,0,0,60,0,0,0,60,0,0,3400,60,40,0,,0,,
6642,Monster,14342,bossZhuangJuXian20110305,100,Trang Tụ Hiền,FightNPCHeader12_19,110,80062,Boss,34452,8630,26796,10068,22049280,66906,1062,49,49,267,0,60,0,0,0,60,0,0,0,60,0,0,4020,60,40,0,,0,,
6643,Monster,14343,bossZhuangJuXian20110305,100,Trang Tụ Hiền,FightNPCHeader12_19,120,87078,Boss,37570,9411,29221,10980,24045120,72954,1158,53,53,292,0,60,0,0,0,60,0,0,0,60,0,0,4690,60,40,0,,0,,
6644,Monster,14344,bossJiuMoZhi20110120,100,Cưu Ma Trí,FightNPCHeader12_14,80,37640,Boss,16396,5239,11711,6286,7250100,48762,774,37,37,200,0,60,0,0,0,60,0,0,0,60,0,0,0,60,0,0,,0,,
6645,Monster,14345,bossJiuMoZhi20110120,100,Cưu Ma Trí,FightNPCHeader12_14,90,64566,Boss,25957,7068,20189,8246,15800400,54810,870,41,41,201,0,60,0,0,0,60,0,0,0,60,0,0,0,60,0,0,,0,,
6646,Monster,14346,bossJiuMoZhi20110120,100,Cưu Ma Trí,FightNPCHeader12_14,100,72486,Boss,31333,7849,24370,9157,18800100,60858,966,45,45,243,0,60,0,0,0,60,0,0,0,60,0,0,0,60,0,0,,0,,
6647,Monster,14347,bossJiuMoZhi20110120,100,Cưu Ma Trí,FightNPCHeader12_14,110,80062,Boss,34452,8630,26796,10068,22049280,66906,1062,49,49,267,0,60,0,0,0,60,0,0,0,60,0,0,0,60,0,0,,0,,
6648,Monster,14348,bossJiuMoZhi20110120,100,Cưu Ma Trí,FightNPCHeader12_14,120,87078,Boss,37570,9411,29221,10980,24045120,72954,1158,53,53,292,0,60,0,0,0,60,0,0,0,60,0,0,0,60,0,0,,0,,
6649,Monster,14349,ZhanDouXingSuDiZi,100,Tinh túc môn đồ,CommonNPCHeader7_3,80,655,Hater,5387,1047,7027,1047,43940,1625,154,22,7,100,0,60,0,0,0,60,0,0,0,60,0,0,0,60,0,0,,0,,
6650,Monster,14350,ZhanDouXingSuDiZi,100,Tinh túc môn đồ,CommonNPCHeader7_3,90,750,Hater,6633,1178,8652,1178,53200,1827,174,24,8,150,0,60,0,0,0,60,0,0,0,60,0,0,0,60,0,0,,0,,
6651,Monster,14351,ZhanDouXingSuDiZi,100,Tinh túc môn đồ,CommonNPCHeader7_3,100,842,Hater,8007,1308,10444,1308,63300,2028,193,27,9,200,0,60,0,0,0,60,0,0,0,60,0,0,0,60,0,0,,0,,
6652,Monster,14352,ZhanDouXingSuDiZi,100,Tinh túc môn đồ,CommonNPCHeader7_3,110,930,Hater,8804,1438,11484,1438,74240,2230,212,29,9,200,0,60,0,0,0,60,0,0,0,60,0,0,0,60,0,0,,0,,
6653,Monster,14353,ZhanDouXingSuDiZi,100,Tinh túc môn đồ,CommonNPCHeader7_3,120,1011,Hater,9601,1568,12523,1568,80960,2431,231,31,10,200,0,60,0,0,0,60,0,0,0,60,0,0,0,60,0,0,,0,,
6654,Monster,14355,ZhanDouXingSuDiZi,100,Đệ tử của Tinh Túc,CommonNPCHeader7_3,80,655,Hater,5387,1047,7027,1047,43940,1625,154,22,7,100,0,60,0,0,0,60,0,0,0,60,0,0,0,60,0,0,,0,,
6655,Monster,14356,ZhanDouXingSuDiZi,100,Đệ tử của Tinh Túc,CommonNPCHeader7_3,80,655,Hater,5387,1047,7027,1047,43940,1625,154,22,7,100,0,60,0,0,0,60,0,0,0,60,0,0,0,60,0,0,,0,,
6656,Monster,14357,FengBoE,100,Phong Ba Ác,CommonNPCHeader9_21,80,38505,Boss,28108,6286,14054,6286,1581840,9752,928,134,44,200,0,60,0,0,0,60,0,0,0,60,0,0,0,60,0,0,,0,,
6657,Monster,14358,DuanZhengChun,100,Đoàn Chính Thuần,CommonNPCHeader3_7,80,1310,Hater,2342,1047,2342,1047,87880,1625,154,7,7,100,0,60,0,0,0,60,0,0,0,60,0,0,0,60,0,0,,0,,
6658,Monster,14361,ZhanDouXingSuDiZi,100,Đệ tử của Tinh Túc,CommonNPCHeader7_3,80,1722,Hater,6464,1257,8432,3772,358550,1950,185,26,8,150,0,60,0,0,0,60,0,0,0,60,0,0,0,60,0,0,,0,,
6659,Monster,14362,ZhuDanChen,100,Chu Đan Thần,CommonNPCHeader8_13,80,1310,Hater,2342,1047,2342,1047,87880,1625,154,7,7,100,0,60,0,0,0,60,0,0,0,60,0,0,0,60,0,0,,0,,
6660,Monster,14363,TuFanESeng20110224,100,Tín đồ,FightNPCHeader12_16,80,1,Hater,6464,1257,8432,3772,79090,1950,185,8,8,150,0,60,0,0,0,60,0,0,0,60,0,0,0,60,0,0,,0,,
6661,Monster,14364,TuFanESeng20110224,100,Tín đồ,FightNPCHeader12_16,90,1,Hater,7960,1413,10383,4240,95760,2192,208,9,9,200,0,60,0,0,0,60,0,0,0,60,0,0,0,60,0,0,,0,,
6662,Monster,14365,TuFanESeng20110224,100,Tín đồ,FightNPCHeader12_16,100,1,Hater,9608,1569,12533,4709,113940,2434,231,10,10,200,0,60,0,0,0,60,0,0,0,60,0,0,0,60,0,0,,0,,
6663,Monster,14366,TuFanESeng20110224,100,Tín đồ,FightNPCHeader12_16,110,1,Hater,10565,1726,13780,5178,133630,2676,254,11,11,200,0,60,0,0,0,60,0,0,0,60,0,0,0,60,0,0,,0,,
6664,Monster,14367,TuFanESeng20110224,100,Tín đồ,FightNPCHeader12_16,120,1,Hater,11521,1882,15028,5646,145725,2918,277,12,12,150,0,60,0,0,0,60,0,0,0,60,0,0,0,60,0,0,,0,,
6665,Monster,14368,TuFanFanSeng20110224,100,Thổ phồn phiên tăng,FightNPCHeader12_15,80,1,Hater,6464,1257,8432,1257,210910,1950,185,26,8,150,0,60,0,0,0,60,0,0,0,60,0,0,0,60,0,0,,0,,
6666,Monster,14369,XuZhu80jq,100,Hư Trúc,CommonNPCHeader12_1,80,1002,Boss,7027,104780,9369,104780,26364000,16254,1548,74,74,150,0,60,0,0,0,60,0,0,0,60,0,0,0,4100,0,0,,0,,
6667,Monster,14370,npcNanFeiZei,100,Đường Dục,CommonNPCHeader7_3,80,655,Hater,5387,1047,7027,1047,43940,1625,154,22,7,100,0,60,0,0,0,60,0,0,0,60,0,0,0,60,0,0,,0,,
6668,Monster,14371,npcNanZhuJiaoMenPaiShiZhuangShaoLinShenQi,100,Đệ tử của Thiếu Lâm,CommonNPCHeader23_6,80,655,Hater,5387,1047,7027,1047,43940,1625,154,22,7,100,0,60,0,0,0,60,0,0,0,60,0,0,0,60,0,0,,0,,
6669,Monster,14372,npcNanZhuJiaoMenPaiShiZhuangShaoLinShenQi,100,Đệ tử của Thiếu Lâm,CommonNPCHeader23_6,80,37640,Boss,2459,5239,1756,6286,7250100,48762,774,37,37,100,0,60,0,0,0,60,0,0,0,60,0,0,0,60,0,0,,0,,
6670,Monster,14373,npcNanZhuJiaoMenPaiShiZhuangShaoLinShenQi,100,Đệ tử của Thiếu Lâm,CommonNPCHeader23_6,80,655,Hater,5387,1047,7027,1047,43940,1625,154,22,7,100,0,60,0,0,0,60,0,0,0,60,0,0,0,60,0,0,,0,,
6671,Monster,14374,bossXiaoYuanShan20110120,100,Tiêu Viễn Sơn,FightNPCHeader13_1,80,655,Hater,5387,1047,7027,1047,43940,1625,154,22,7,100,0,60,0,0,0,60,0,0,0,60,0,0,0,60,0,0,,0,,
6672,Monster,14375,bossMuRongBo110120,100,Mộ Dung Bác,FightNPCHeader12_25,80,655,Hater,5387,1047,7027,1047,43940,1625,154,22,7,100,0,60,0,0,0,60,0,0,0,60,0,0,0,60,0,0,,0,,
6673,Monster,14376,npcNanZhuJiaoMenPaiShiZhuangShaoLinShenQi,100,Đệ tử của Thiếu Lâm,CommonNPCHeader23_6,80,655,Hater,5387,1047,7027,1047,8788000,1625,154,22,7,100,0,60,0,0,0,60,0,0,0,60,0,0,0,60,0,0,,0,,
6674,Monster,14377,NPCJinMai_sl,100,Thiểu Lâm Nội Tức,CommonNPCHeader7_3,80,655,Hater,5387,1047,7027,1047,8788000,1625,154,22,7,100,0,60,0,0,0,60,0,0,0,60,0,0,0,60,0,0,,0,,
6675,Monster,14378,NPCJinMai_mj,100,Minh Giáo Nội Tức,CommonNPCHeader7_3,80,655,Hater,5387,1047,7027,1047,8788000,1625,154,22,7,100,0,60,0,0,0,60,0,0,0,60,0,0,0,60,0,0,,0,,
6676,Monster,14379,NPCJinMai_gb,100,Cái Bang Nội Tức,CommonNPCHeader7_3,80,655,Hater,5387,1047,7027,1047,8788000,1625,154,22,7,100,0,60,0,0,0,60,0,0,0,60,0,0,0,60,0,0,,0,,
6677,Monster,14380,NPCJinMai_wd,100,Võ Đang Nội Tức,,80,655,Hater,5387,1047,7027,1047,8788000,1625,154,22,7,100,0,60,0,0,0,60,0,0,0,60,0,0,0,60,0,0,,0,,
6678,Monster,14381,NPCJinMai_em,100,Nga My Nội Tức,CommonNPCHeader7_3,80,655,Hater,5387,1047,7027,1047,8788000,1625,154,22,7,100,0,60,0,0,0,60,0,0,0,60,0,0,0,60,0,0,,0,,
6679,Monster,14382,NPCJinMai_xx,100,Tinh Túc Nội Tức,CommonNPCHeader7_3,80,655,Hater,5387,1047,7027,1047,8788000,1625,154,22,7,100,0,60,0,0,0,60,0,0,0,60,0,0,0,60,0,0,,0,,
6680,Monster,14383,NPCJinMai_dl,100,Thiên Long Nội Tức,CommonNPCHeader7_3,80,655,Hater,5387,1047,7027,1047,8788000,1625,154,22,7,100,0,60,0,0,0,60,0,0,0,60,0,0,0,60,0,0,,0,,
6681,Monster,14384,NPCJinMai_ts,100,Thiên Sơn Nội Tức,CommonNPCHeader7_3,80,655,Hater,5387,1047,7027,1047,8788000,1625,154,22,7,100,0,60,0,0,0,60,0,0,0,60,0,0,0,60,0,0,,0,,
6682,Monster,14385,NPCJinMai_xy,100,Tiêu Dao Nội Tức,CommonNPCHeader7_3,80,655,Hater,5387,1047,7027,1047,8788000,1625,154,22,7,100,0,60,0,0,0,60,0,0,0,60,0,0,0,60,0,0,,0,,
6683,Monster,14386,NPCJinMai_gs,100,Mộ Dung Nội Tức,,80,655,Hater,5387,1047,7027,1047,8788000,1625,154,22,7,100,0,60,0,0,0,60,0,0,0,60,0,0,0,60,0,0,,0,,
6684,Monster,14387,NPCJinMai_sl,100,Thiểu Lâm Nội Tức,FightNPCHeader10_1,80,1203,Boss,8081,1571,10540,4715,13182000,2438,232,33,11,200,0,60,0,0,0,60,0,0,0,60,0,0,0,60,0,0,,0,,
6685,Monster,14388,NPCJinMai_sl,100,Thiểu Lâm Nội Tức,FightNPCHeader10_1,90,1377,Boss,9950,1767,12978,5301,15960000,2740,261,37,12,200,0,60,0,0,0,60,0,0,0,60,0,0,0,60,0,0,,0,,
6686,Monster,14389,NPCJinMai_sl,100,Thiểu Lâm Nội Tức,FightNPCHeader10_1,100,1546,Boss,12011,1962,15666,5886,18990000,3042,289,40,13,250,0,60,0,0,0,60,0,0,0,60,0,0,0,60,0,0,,0,,
6687,Monster,14390,NPCJinMai_sl,100,Thiểu Lâm Nội Tức,FightNPCHeader10_1,110,1708,Boss,13206,2157,17226,6472,22272000,3345,318,44,14,250,0,60,0,0,0,60,0,0,0,60,0,0,0,60,0,0,,0,,
6688,Monster,14391,NPCJinMai_sl,100,Thiểu Lâm Nội Tức,FightNPCHeader10_1,120,1858,Boss,14402,2352,18785,7058,24288000,3647,347,47,15,300,0,60,0,0,0,60,0,0,0,60,0,0,0,60,0,0,,0,,
6689,Monster,14392,NPCJinMai_mj,100,Minh Giáo Nội Tức,FightNPCHeader10_1,80,1203,Boss,8081,1571,10540,4715,13182000,2438,232,33,11,200,0,60,0,0,0,60,0,0,0,60,0,0,0,60,0,0,,0,,
6690,Monster,14393,NPCJinMai_mj,100,Minh Giáo Nội Tức,FightNPCHeader10_1,90,1377,Boss,9950,1767,12978,5301,15960000,2740,261,37,12,200,0,60,0,0,0,60,0,0,0,60,0,0,0,60,0,0,,0,,
6691,Monster,14394,NPCJinMai_mj,100,Minh Giáo Nội Tức,FightNPCHeader10_1,100,1546,Boss,12011,1962,15666,5886,18990000,3042,289,40,13,250,0,60,0,0,0,60,0,0,0,60,0,0,0,60,0,0,,0,,
6692,Monster,14395,NPCJinMai_mj,100,Minh Giáo Nội Tức,FightNPCHeader10_1,110,1708,Boss,13206,2157,17226,6472,22272000,3345,318,44,14,250,0,60,0,0,0,60,0,0,0,60,0,0,0,60,0,0,,0,,
6693,Monster,14396,NPCJinMai_mj,100,Minh Giáo Nội Tức,FightNPCHeader10_1,120,1858,Boss,14402,2352,18785,7058,24288000,3647,347,47,15,300,0,60,0,0,0,60,0,0,0,60,0,0,0,60,0,0,,0,,
6694,Monster,14397,CangJingGeKongMoXingDaoChu,100,NPC Trong Suốt,haiwaizhuanyong1_6,30,243,Hater,706,331,706,331,14980,246,49,3,3,100,0,60,0,0,0,60,0,0,0,60,0,0,0,60,0,0,,0,,
6695,Monster,14398,CangJingGeKongMoXingDaoChu,100,Chính Pháp Thích Thiền,haiwaizhuanyong1_6,100,243,Hater,706,331,706,331,14980,246,49,3,3,100,0,60,0,0,0,60,0,0,0,60,0,0,0,60,0,0,,0,,
6696,Monster,14399,CangJingGeKongMoXingDaoChu,100,Tà Pháp Vấn Phật,haiwaizhuanyong1_6,100,243,Hater,706,331,706,331,14980,246,49,3,3,100,0,60,0,0,0,60,0,0,0,60,0,0,0,60,0,0,,0,,
6697,Monster,14400,HaiDaoShuLu,100,Linh Linh Cung,PetHeader3_25,10,10,Normal,290,136,290,136,1320,102,20,1,1,100,0,60,0,0,0,60,0,0,0,60,0,0,0,60,0,0,,0,,
6698,Monster,14401,HaiDaoShuHuLan,100,Linh Linh Hỉ,PetHeader3_25,10,10,Normal,290,136,290,136,1320,102,20,1,1,100,0,60,0,0,0,60,0,0,0,60,0,0,0,60,0,0,,0,,
6699,Monster,14402,HaiDaoShuGuLan,100,Linh Linh Phát,PetHeader3_25,10,10,Normal,290,136,290,136,1320,102,20,1,1,100,0,60,0,0,0,60,0,0,0,60,0,0,0,60,0,0,,0,,
6700,Monster,14403,HaiDaoShuZi,100,Linh Linh Tài,PetHeader3_25,10,10,Normal,290,136,290,136,1320,102,20,1,1,100,0,60,0,0,0,60,0,0,0,60,0,0,0,60,0,0,,0,,
6701,Monster,14404,HaiDaoShuTanHei,100,Linh Linh,PetHeader3_25,10,10,Normal,290,136,290,136,1320,102,20,1,1,100,0,60,0,0,0,60,0,0,0,60,0,0,0,60,0,0,,0,,
6702,Monster,14405,HaiDaoShuDaHong,100,Bối Bối,PetHeader3_25,10,10,Normal,290,136,290,136,1320,102,20,1,1,100,0,60,0,0,0,60,0,0,0,60,0,0,0,60,0,0,,0,,
6703,Monster,14406,HaiDaoShuShenHong,100,Kiệt Kiệt,PetHeader3_25,10,10,Normal,290,136,290,136,1320,102,20,1,1,100,0,60,0,0,0,60,0,0,0,60,0,0,0,60,0,0,,0,,
6704,Monster,14407,LongXieShiRen,100,Nham Thạch Quái,FightNPCHeader6_23,10,18,Boss,435,204,435,204,1980,153,30,2,2,100,0,60,0,0,0,60,0,0,0,60,0,0,0,60,0,0,,0,,
6705,Monster,14408,ZhenShou091106RenXingHua8,100,Bách Hoa Chi Vương,CommonNPCHeader17_19,10,18,Boss,435,204,435,204,1980,153,30,2,2,100,0,60,0,0,0,60,0,0,0,60,0,0,0,60,0,0,,0,,
6706,Monster,14409,npcWuYaZi090723,100,Trần Học Tư,FightNPCHeader10_14,90,1500,Hater,2884,1178,2884,1178,106400,1827,174,8,8,100,0,60,0,0,0,60,0,0,0,60,0,0,0,60,0,0,,0,,
6707,Monster,14410,npcFenSeZhenXinQiFuQiQiu091231,100,Chân Tâm Kỳ Phúc Khí Cầu,CommonNPCHeader17_22,1,243,Normal,706,331,706,331,14980,246,49,3,3,100,0,60,0,0,0,60,0,0,0,60,0,0,0,60,0,0,,0,,
6708,Monster,14411,npcFenSeZhenXinQiFuQiQiu091231,100,Chân Tâm Kỳ Phúc Khí Cầu,CommonNPCHeader17_22,1,243,Normal,706,331,706,331,14980,246,49,3,3,100,0,60,0,0,0,60,0,0,0,60,0,0,0,60,0,0,,0,,
6709,Monster,14412,npcFenSeZhenXinQiFuQiQiu091231,100,Chân Tâm Kỳ Phúc Khí Cầu,CommonNPCHeader17_22,1,243,Normal,706,331,706,331,14980,246,49,3,3,100,0,60,0,0,0,60,0,0,0,60,0,0,0,60,0,0,,0,,
6710,Monster,14413,npcFenSeZhenXinQiFuQiQiu091231,100,Chân Tâm Kỳ Phúc Khí Cầu,CommonNPCHeader17_22,1,243,Normal,706,331,706,331,14980,246,49,3,3,100,0,60,0,0,0,60,0,0,0,60,0,0,0,60,0,0,,0,,
6711,Monster,14414,npcFenSeZhenXinQiFuQiQiu091231,100,Chân Tâm Kỳ Phúc Khí Cầu,CommonNPCHeader17_22,1,243,Normal,706,331,706,331,14980,246,49,3,3,100,0,60,0,0,0,60,0,0,0,60,0,0,0,60,0,0,,0,,
6712,Monster,14415,npcFenSeZhenXinQiFuQiQiu091231,100,Chân Tâm Kỳ Phúc Khí Cầu,CommonNPCHeader17_22,1,243,Normal,706,331,706,331,14980,246,49,3,3,100,0,60,0,0,0,60,0,0,0,60,0,0,0,60,0,0,,0,,
6713,Monster,14416,npcFenSeZhenXinQiFuQiQiu091231,100,Chân Tâm Kỳ Phúc Khí Cầu,CommonNPCHeader17_22,1,243,Normal,706,331,706,331,14980,246,49,3,3,100,0,60,0,0,0,60,0,0,0,60,0,0,0,60,0,0,,0,,
6714,Monster,14417,npcZiSeZhenXinQiFuQiQiu091231,100,Quan Ái Kỳ Phúc Khí Cầu,CommonNPCHeader17_24,1,243,Normal,706,331,706,331,14980,246,49,3,3,100,0,60,0,0,0,60,0,0,0,60,0,0,0,60,0,0,,0,,
6715,Monster,14418,npcZiSeZhenXinQiFuQiQiu091231,100,Quan Ái Kỳ Phúc Khí Cầu,CommonNPCHeader17_24,1,243,Normal,706,331,706,331,14980,246,49,3,3,100,0,60,0,0,0,60,0,0,0,60,0,0,0,60,0,0,,0,,
6716,Monster,14419,npcZiSeZhenXinQiFuQiQiu091231,100,Quan Ái Kỳ Phúc Khí Cầu,CommonNPCHeader17_24,1,243,Normal,706,331,706,331,14980,246,49,3,3,100,0,60,0,0,0,60,0,0,0,60,0,0,0,60,0,0,,0,,
6717,Monster,14420,npcZiSeZhenXinQiFuQiQiu091231,100,Quan Ái Kỳ Phúc Khí Cầu,CommonNPCHeader17_24,1,243,Normal,706,331,706,331,14980,246,49,3,3,100,0,60,0,0,0,60,0,0,0,60,0,0,0,60,0,0,,0,,
6718,Monster,14421,npcZiSeZhenXinQiFuQiQiu091231,100,Quan Ái Kỳ Phúc Khí Cầu,CommonNPCHeader17_24,1,243,Normal,706,331,706,331,14980,246,49,3,3,100,0,60,0,0,0,60,0,0,0,60,0,0,0,60,0,0,,0,,
6719,Monster,14422,npcZiSeZhenXinQiFuQiQiu091231,100,Quan Ái Kỳ Phúc Khí Cầu,CommonNPCHeader17_24,1,243,Normal,706,331,706,331,14980,246,49,3,3,100,0,60,0,0,0,60,0,0,0,60,0,0,0,60,0,0,,0,,
6720,Monster,14423,npcZiSeZhenXinQiFuQiQiu091231,100,Quan Ái Kỳ Phúc Khí Cầu,CommonNPCHeader17_24,1,243,Normal,706,331,706,331,14980,246,49,3,3,100,0,60,0,0,0,60,0,0,0,60,0,0,0,60,0,0,,0,,
6721,Monster,14424,npcLanSeZhenXinQiFuQiQiu091231,100,Kim Lan Kỳ Phúc Khí Cầu,CommonNPCHeader17_23,1,243,Normal,706,331,706,331,14980,246,49,3,3,100,0,60,0,0,0,60,0,0,0,60,0,0,0,60,0,0,,0,,
6722,Monster,14425,npcLanSeZhenXinQiFuQiQiu091231,100,Kim Lan Kỳ Phúc Khí Cầu,CommonNPCHeader17_23,1,243,Normal,706,331,706,331,14980,246,49,3,3,100,0,60,0,0,0,60,0,0,0,60,0,0,0,60,0,0,,0,,
6723,Monster,14426,npcLanSeZhenXinQiFuQiQiu091231,100,Kim Lan Kỳ Phúc Khí Cầu,CommonNPCHeader17_23,1,243,Normal,706,331,706,331,14980,246,49,3,3,100,0,60,0,0,0,60,0,0,0,60,0,0,0,60,0,0,,0,,
6724,Monster,14427,npcLanSeZhenXinQiFuQiQiu091231,100,Kim Lan Kỳ Phúc Khí Cầu,CommonNPCHeader17_23,1,243,Normal,706,331,706,331,14980,246,49,3,3,100,0,60,0,0,0,60,0,0,0,60,0,0,0,60,0,0,,0,,
6725,Monster,14428,npcLanSeZhenXinQiFuQiQiu091231,100,Kim Lan Kỳ Phúc Khí Cầu,CommonNPCHeader17_23,1,243,Normal,706,331,706,331,14980,246,49,3,3,100,0,60,0,0,0,60,0,0,0,60,0,0,0,60,0,0,,0,,
6726,Monster,14429,npcLanSeZhenXinQiFuQiQiu091231,100,Kim Lan Kỳ Phúc Khí Cầu,CommonNPCHeader17_23,1,243,Normal,706,331,706,331,14980,246,49,3,3,100,0,60,0,0,0,60,0,0,0,60,0,0,0,60,0,0,,0,,
6727,Monster,14430,npcLanSeZhenXinQiFuQiQiu091231,100,Kim Lan Kỳ Phúc Khí Cầu,CommonNPCHeader17_23,1,243,Normal,706,331,706,331,14980,246,49,3,3,100,0,60,0,0,0,60,0,0,0,60,0,0,0,60,0,0,,0,,
6728,Monster,14431,npcAiQingQiFuQiQiu20091231,100,Ái Tâm Kỳ Phúc Khí Cầu,CommonNPCHeader17_21,1,243,Normal,706,331,706,331,14980,246,49,3,3,100,0,60,0,0,0,60,0,0,0,60,0,0,0,60,0,0,,0,,
6729,Monster,14432,npcAiQingQiFuQiQiu20091231,100,Ái Tâm Kỳ Phúc Khí Cầu,CommonNPCHeader17_21,1,243,Normal,706,331,706,331,14980,246,49,3,3,100,0,60,0,0,0,60,0,0,0,60,0,0,0,60,0,0,,0,,
6730,Monster,14433,npcAiQingQiFuQiQiu20091231,100,Ái Tâm Kỳ Phúc Khí Cầu,CommonNPCHeader17_21,1,243,Normal,706,331,706,331,14980,246,49,3,3,100,0,60,0,0,0,60,0,0,0,60,0,0,0,60,0,0,,0,,
6731,Monster,14434,npcAiQingQiFuQiQiu20091231,100,Ái Tâm Kỳ Phúc Khí Cầu,CommonNPCHeader17_21,1,243,Normal,706,331,706,331,14980,246,49,3,3,100,0,60,0,0,0,60,0,0,0,60,0,0,0,60,0,0,,0,,
6732,Monster,14435,npcAiQingQiFuQiQiu20091231,100,Ái Tâm Kỳ Phúc Khí Cầu,CommonNPCHeader17_21,1,243,Normal,706,331,706,331,14980,246,49,3,3,100,0,60,0,0,0,60,0,0,0,60,0,0,0,60,0,0,,0,,
6733,Monster,14436,npcAiQingQiFuQiQiu20091231,100,Ái Tâm Kỳ Phúc Khí Cầu,CommonNPCHeader17_21,1,243,Normal,706,331,706,331,14980,246,49,3,3,100,0,60,0,0,0,60,0,0,0,60,0,0,0,60,0,0,,0,,
6734,Monster,14437,npcAiQingQiFuQiQiu20091231,100,Ái Tâm Kỳ Phúc Khí Cầu,CommonNPCHeader17_21,1,243,Normal,706,331,706,331,14980,246,49,3,3,100,0,60,0,0,0,60,0,0,0,60,0,0,0,60,0,0,,0,,
6735,Monster,14439,HaiDaoShuLu,100,Linh Linh Cung,PetHeader3_25,20,20,Normal,567,266,567,266,12040,198,39,2,2,100,0,60,0,0,0,60,0,0,0,60,0,0,0,60,0,0,,0,,
6736,Monster,14440,HaiDaoShuLu,100,Linh Linh Cung,PetHeader3_25,30,32,Hater,844,396,844,396,20480,294,58,3,3,100,0,60,0,0,0,60,0,0,0,60,0,0,0,60,0,0,,0,,
6737,Monster,14441,HaiDaoShuLu,100,Linh Linh Cung,PetHeader3_25,40,47,Hater,1122,527,1122,527,30600,491,78,4,4,100,0,60,0,0,0,60,0,0,0,60,0,0,0,60,0,0,,0,,
6738,Monster,14442,HaiDaoShuLu,100,Linh Linh Cung,PetHeader3_25,50,64,Hater,1469,657,1469,657,42400,714,97,5,5,100,0,60,0,0,0,60,0,0,0,60,0,0,0,60,0,0,,0,,
6739,Monster,14443,HaiDaoShuLu,100,Linh Linh Cung,PetHeader3_25,60,84,Hater,1760,787,1760,787,55880,977,116,5,5,100,0,60,0,0,0,60,0,0,0,60,0,0,0,60,0,0,,0,,
6740,Monster,14444,HaiDaoShuLu,100,Linh Linh Cung,PetHeader3_25,70,106,Hater,2051,917,2051,917,71040,1281,135,6,6,100,0,60,0,0,0,60,0,0,0,60,0,0,0,60,0,0,,0,,
6741,Monster,14445,HaiDaoShuLu,100,Linh Linh Cung,PetHeader3_25,80,131,Hater,2342,1047,2342,1047,87880,1625,154,7,7,100,0,60,0,0,0,60,0,0,0,60,0,0,0,60,0,0,,0,,
6742,Monster,14446,HaiDaoShuLu,100,Linh Linh Cung,PetHeader3_25,90,150,Hater,2884,1178,2884,1178,106400,1827,174,8,8,100,0,60,0,0,0,60,0,0,0,60,0,0,0,60,0,0,,0,,
6743,Monster,14447,HaiDaoShuLu,100,Linh Linh Cung,PetHeader3_25,100,168,Hater,3481,1308,3481,1308,126600,2028,193,9,9,100,0,60,0,0,0,60,0,0,0,60,0,0,0,60,0,0,,0,,
6744,Monster,14448,HaiDaoShuLu,100,Linh Linh Cung,PetHeader3_25,110,186,Hater,3828,1438,3828,1438,148480,2230,212,9,9,100,0,60,0,0,0,60,0,0,0,60,0,0,0,60,0,0,,0,,
6745,Monster,14449,HaiDaoShuLu,100,Linh Linh Cung,PetHeader3_25,120,202,Hater,4174,1568,4174,1568,161920,2431,231,10,10,100,0,60,0,0,0,60,0,0,0,60,0,0,0,60,0,0,,0,,
6746,Monster,14450,HaiDaoShuHuLan,100,Linh Linh Hỉ,PetHeader3_25,20,20,Normal,567,266,567,266,12040,198,39,2,2,100,0,60,0,0,0,60,0,0,0,60,0,0,0,60,0,0,,0,,
6747,Monster,14451,HaiDaoShuHuLan,100,Linh Linh Hỉ,PetHeader3_25,30,32,Hater,844,396,844,396,20480,294,58,3,3,100,0,60,0,0,0,60,0,0,0,60,0,0,0,60,0,0,,0,,
6748,Monster,14452,HaiDaoShuHuLan,100,Linh Linh Hỉ,PetHeader3_25,40,47,Hater,1122,527,1122,527,30600,491,78,4,4,100,0,60,0,0,0,60,0,0,0,60,0,0,0,60,0,0,,0,,
6749,Monster,14453,HaiDaoShuHuLan,100,Linh Linh Hỉ,PetHeader3_25,50,64,Hater,1469,657,1469,657,42400,714,97,5,5,100,0,60,0,0,0,60,0,0,0,60,0,0,0,60,0,0,,0,,
6750,Monster,14454,HaiDaoShuHuLan,100,Linh Linh Hỉ,PetHeader3_25,60,84,Hater,1760,787,1760,787,55880,977,116,5,5,100,0,60,0,0,0,60,0,0,0,60,0,0,0,60,0,0,,0,,
6751,Monster,14455,HaiDaoShuHuLan,100,Linh Linh Hỉ,PetHeader3_25,70,106,Hater,2051,917,2051,917,71040,1281,135,6,6,100,0,60,0,0,0,60,0,0,0,60,0,0,0,60,0,0,,0,,
6752,Monster,14456,HaiDaoShuHuLan,100,Linh Linh Hỉ,PetHeader3_25,80,131,Hater,2342,1047,2342,1047,87880,1625,154,7,7,100,0,60,0,0,0,60,0,0,0,60,0,0,0,60,0,0,,0,,
6753,Monster,14457,HaiDaoShuHuLan,100,Linh Linh Hỉ,PetHeader3_25,90,150,Hater,2884,1178,2884,1178,106400,1827,174,8,8,100,0,60,0,0,0,60,0,0,0,60,0,0,0,60,0,0,,0,,
6754,Monster,14458,HaiDaoShuHuLan,100,Linh Linh Hỉ,PetHeader3_25,100,168,Hater,3481,1308,3481,1308,126600,2028,193,9,9,100,0,60,0,0,0,60,0,0,0,60,0,0,0,60,0,0,,0,,
6755,Monster,14459,HaiDaoShuHuLan,100,Linh Linh Hỉ,PetHeader3_25,110,186,Hater,3828,1438,3828,1438,148480,2230,212,9,9,100,0,60,0,0,0,60,0,0,0,60,0,0,0,60,0,0,,0,,
6756,Monster,14460,HaiDaoShuHuLan,100,Linh Linh Hỉ,PetHeader3_25,120,202,Hater,4174,1568,4174,1568,161920,2431,231,10,10,100,0,60,0,0,0,60,0,0,0,60,0,0,0,60,0,0,,0,,
6757,Monster,14461,HaiDaoShuGuLan,100,Linh Linh Phát,PetHeader3_25,20,20,Normal,567,266,567,266,12040,198,39,2,2,100,0,60,0,0,0,60,0,0,0,60,0,0,0,60,0,0,,0,,
6758,Monster,14462,HaiDaoShuGuLan,100,Linh Linh Phát,PetHeader3_25,30,32,Hater,844,396,844,396,20480,294,58,3,3,100,0,60,0,0,0,60,0,0,0,60,0,0,0,60,0,0,,0,,
6759,Monster,14463,HaiDaoShuGuLan,100,Linh Linh Phát,PetHeader3_25,40,47,Hater,1122,527,1122,527,30600,491,78,4,4,100,0,60,0,0,0,60,0,0,0,60,0,0,0,60,0,0,,0,,
6760,Monster,14464,HaiDaoShuGuLan,100,Linh Linh Phát,PetHeader3_25,50,64,Hater,1469,657,1469,657,42400,714,97,5,5,100,0,60,0,0,0,60,0,0,0,60,0,0,0,60,0,0,,0,,
6761,Monster,14465,HaiDaoShuGuLan,100,Linh Linh Phát,PetHeader3_25,60,84,Hater,1760,787,1760,787,55880,977,116,5,5,100,0,60,0,0,0,60,0,0,0,60,0,0,0,60,0,0,,0,,
6762,Monster,14466,HaiDaoShuGuLan,100,Linh Linh Phát,PetHeader3_25,70,106,Hater,2051,917,2051,917,71040,1281,135,6,6,100,0,60,0,0,0,60,0,0,0,60,0,0,0,60,0,0,,0,,
6763,Monster,14467,HaiDaoShuGuLan,100,Linh Linh Phát,PetHeader3_25,80,131,Hater,2342,1047,2342,1047,87880,1625,154,7,7,100,0,60,0,0,0,60,0,0,0,60,0,0,0,60,0,0,,0,,
6764,Monster,14468,HaiDaoShuGuLan,100,Linh Linh Phát,PetHeader3_25,90,150,Hater,2884,1178,2884,1178,106400,1827,174,8,8,100,0,60,0,0,0,60,0,0,0,60,0,0,0,60,0,0,,0,,
6765,Monster,14469,HaiDaoShuGuLan,100,Linh Linh Phát,PetHeader3_25,100,168,Hater,3481,1308,3481,1308,126600,2028,193,9,9,100,0,60,0,0,0,60,0,0,0,60,0,0,0,60,0,0,,0,,
6766,Monster,14470,HaiDaoShuGuLan,100,Linh Linh Phát,PetHeader3_25,110,186,Hater,3828,1438,3828,1438,148480,2230,212,9,9,100,0,60,0,0,0,60,0,0,0,60,0,0,0,60,0,0,,0,,
6767,Monster,14471,HaiDaoShuGuLan,100,Linh Linh Phát,PetHeader3_25,120,202,Hater,4174,1568,4174,1568,161920,2431,231,10,10,100,0,60,0,0,0,60,0,0,0,60,0,0,0,60,0,0,,0,,
6768,Monster,14472,HaiDaoShuZi,100,Linh Linh Tài,PetHeader3_25,20,20,Normal,567,266,567,266,12040,198,39,2,2,100,0,60,0,0,0,60,0,0,0,60,0,0,0,60,0,0,,0,,
6769,Monster,14473,HaiDaoShuZi,100,Linh Linh Tài,PetHeader3_25,30,32,Hater,844,396,844,396,20480,294,58,3,3,100,0,60,0,0,0,60,0,0,0,60,0,0,0,60,0,0,,0,,
6770,Monster,14474,HaiDaoShuZi,100,Linh Linh Tài,PetHeader3_25,40,47,Hater,1122,527,1122,527,30600,491,78,4,4,100,0,60,0,0,0,60,0,0,0,60,0,0,0,60,0,0,,0,,
6771,Monster,14475,HaiDaoShuZi,100,Linh Linh Tài,PetHeader3_25,50,64,Hater,1469,657,1469,657,42400,714,97,5,5,100,0,60,0,0,0,60,0,0,0,60,0,0,0,60,0,0,,0,,
6772,Monster,14476,HaiDaoShuZi,100,Linh Linh Tài,PetHeader3_25,60,84,Hater,1760,787,1760,787,55880,977,116,5,5,100,0,60,0,0,0,60,0,0,0,60,0,0,0,60,0,0,,0,,
6773,Monster,14477,HaiDaoShuZi,100,Linh Linh Tài,PetHeader3_25,70,106,Hater,2051,917,2051,917,71040,1281,135,6,6,100,0,60,0,0,0,60,0,0,0,60,0,0,0,60,0,0,,0,,
6774,Monster,14478,HaiDaoShuZi,100,Linh Linh Tài,PetHeader3_25,80,131,Hater,2342,1047,2342,1047,87880,1625,154,7,7,100,0,60,0,0,0,60,0,0,0,60,0,0,0,60,0,0,,0,,
6775,Monster,14479,HaiDaoShuZi,100,Linh Linh Tài,PetHeader3_25,90,150,Hater,2884,1178,2884,1178,106400,1827,174,8,8,100,0,60,0,0,0,60,0,0,0,60,0,0,0,60,0,0,,0,,
6776,Monster,14480,HaiDaoShuZi,100,Linh Linh Tài,PetHeader3_25,100,168,Hater,3481,1308,3481,1308,126600,2028,193,9,9,100,0,60,0,0,0,60,0,0,0,60,0,0,0,60,0,0,,0,,
6777,Monster,14481,HaiDaoShuZi,100,Linh Linh Tài,PetHeader3_25,110,186,Hater,3828,1438,3828,1438,148480,2230,212,9,9,100,0,60,0,0,0,60,0,0,0,60,0,0,0,60,0,0,,0,,
6778,Monster,14482,HaiDaoShuZi,100,Linh Linh Tài,PetHeader3_25,120,202,Hater,4174,1568,4174,1568,161920,2431,231,10,10,100,0,60,0,0,0,60,0,0,0,60,0,0,0,60,0,0,,0,,
6779,Monster,14483,HaiDaoShuTanHei,100,Linh Linh,PetHeader3_25,20,20,Normal,567,266,567,266,12040,198,39,2,2,100,0,60,0,0,0,60,0,0,0,60,0,0,0,60,0,0,,0,,
6780,Monster,14484,HaiDaoShuTanHei,100,Linh Linh,PetHeader3_25,30,32,Hater,844,396,844,396,20480,294,58,3,3,100,0,60,0,0,0,60,0,0,0,60,0,0,0,60,0,0,,0,,
6781,Monster,14485,HaiDaoShuTanHei,100,Linh Linh,PetHeader3_25,40,47,Hater,1122,527,1122,527,30600,491,78,4,4,100,0,60,0,0,0,60,0,0,0,60,0,0,0,60,0,0,,0,,
6782,Monster,14486,HaiDaoShuTanHei,100,Linh Linh,PetHeader3_25,50,64,Hater,1469,657,1469,657,42400,714,97,5,5,100,0,60,0,0,0,60,0,0,0,60,0,0,0,60,0,0,,0,,
6783,Monster,14487,HaiDaoShuTanHei,100,Linh Linh,PetHeader3_25,60,84,Hater,1760,787,1760,787,55880,977,116,5,5,100,0,60,0,0,0,60,0,0,0,60,0,0,0,60,0,0,,0,,
6784,Monster,14488,HaiDaoShuTanHei,100,Linh Linh,PetHeader3_25,70,106,Hater,2051,917,2051,917,71040,1281,135,6,6,100,0,60,0,0,0,60,0,0,0,60,0,0,0,60,0,0,,0,,
6785,Monster,14489,HaiDaoShuTanHei,100,Linh Linh,PetHeader3_25,80,131,Hater,2342,1047,2342,1047,87880,1625,154,7,7,100,0,60,0,0,0,60,0,0,0,60,0,0,0,60,0,0,,0,,
6786,Monster,14490,HaiDaoShuTanHei,100,Linh Linh,PetHeader3_25,90,150,Hater,2884,1178,2884,1178,106400,1827,174,8,8,100,0,60,0,0,0,60,0,0,0,60,0,0,0,60,0,0,,0,,
6787,Monster,14491,HaiDaoShuTanHei,100,Linh Linh,PetHeader3_25,100,168,Hater,3481,1308,3481,1308,126600,2028,193,9,9,100,0,60,0,0,0,60,0,0,0,60,0,0,0,60,0,0,,0,,
6788,Monster,14492,HaiDaoShuTanHei,100,Linh Linh,PetHeader3_25,110,186,Hater,3828,1438,3828,1438,148480,2230,212,9,9,100,0,60,0,0,0,60,0,0,0,60,0,0,0,60,0,0,,0,,
6789,Monster,14493,HaiDaoShuTanHei,100,Linh Linh,PetHeader3_25,120,202,Hater,4174,1568,4174,1568,161920,2431,231,10,10,100,0,60,0,0,0,60,0,0,0,60,0,0,0,60,0,0,,0,,
6790,Monster,14494,HaiDaoShuDaHong,100,Bối Bối,PetHeader3_25,20,20,Normal,567,266,567,266,12040,198,39,2,2,100,0,60,0,0,0,60,0,0,0,60,0,0,0,60,0,0,,0,,
6791,Monster,14495,HaiDaoShuDaHong,100,Bối Bối,PetHeader3_25,30,32,Hater,844,396,844,396,20480,294,58,3,3,100,0,60,0,0,0,60,0,0,0,60,0,0,0,60,0,0,,0,,
6792,Monster,14496,HaiDaoShuDaHong,100,Bối Bối,PetHeader3_25,40,47,Hater,1122,527,1122,527,30600,491,78,4,4,100,0,60,0,0,0,60,0,0,0,60,0,0,0,60,0,0,,0,,
6793,Monster,14497,HaiDaoShuDaHong,100,Bối Bối,PetHeader3_25,50,64,Hater,1469,657,1469,657,42400,714,97,5,5,100,0,60,0,0,0,60,0,0,0,60,0,0,0,60,0,0,,0,,
6794,Monster,14498,HaiDaoShuDaHong,100,Bối Bối,PetHeader3_25,60,84,Hater,1760,787,1760,787,55880,977,116,5,5,100,0,60,0,0,0,60,0,0,0,60,0,0,0,60,0,0,,0,,
6795,Monster,14499,HaiDaoShuDaHong,100,Bối Bối,PetHeader3_25,70,106,Hater,2051,917,2051,917,71040,1281,135,6,6,100,0,60,0,0,0,60,0,0,0,60,0,0,0,60,0,0,,0,,
6796,Monster,14500,HaiDaoShuDaHong,100,Bối Bối,PetHeader3_25,80,131,Hater,2342,1047,2342,1047,87880,1625,154,7,7,100,0,60,0,0,0,60,0,0,0,60,0,0,0,60,0,0,,0,,
6797,Monster,14501,HaiDaoShuDaHong,100,Bối Bối,PetHeader3_25,90,150,Hater,2884,1178,2884,1178,106400,1827,174,8,8,100,0,60,0,0,0,60,0,0,0,60,0,0,0,60,0,0,,0,,
6798,Monster,14502,HaiDaoShuDaHong,100,Bối Bối,PetHeader3_25,100,168,Hater,3481,1308,3481,1308,126600,2028,193,9,9,100,0,60,0,0,0,60,0,0,0,60,0,0,0,60,0,0,,0,,
6799,Monster,14503,HaiDaoShuDaHong,100,Bối Bối,PetHeader3_25,110,186,Hater,3828,1438,3828,1438,148480,2230,212,9,9,100,0,60,0,0,0,60,0,0,0,60,0,0,0,60,0,0,,0,,
6800,Monster,14504,HaiDaoShuDaHong,100,Bối Bối,PetHeader3_25,120,202,Hater,4174,1568,4174,1568,161920,2431,231,10,10,100,0,60,0,0,0,60,0,0,0,60,0,0,0,60,0,0,,0,,
6801,Monster,14505,HaiDaoShuShenHong,100,Kiệt Kiệt,PetHeader3_25,20,20,Normal,567,266,567,266,12040,198,39,2,2,100,0,60,0,0,0,60,0,0,0,60,0,0,0,60,0,0,,0,,
6802,Monster,14506,HaiDaoShuShenHong,100,Kiệt Kiệt,PetHeader3_25,30,32,Hater,844,396,844,396,20480,294,58,3,3,100,0,60,0,0,0,60,0,0,0,60,0,0,0,60,0,0,,0,,
6803,Monster,14507,HaiDaoShuShenHong,100,Kiệt Kiệt,PetHeader3_25,40,47,Hater,1122,527,1122,527,30600,491,78,4,4,100,0,60,0,0,0,60,0,0,0,60,0,0,0,60,0,0,,0,,
6804,Monster,14508,HaiDaoShuShenHong,100,Kiệt Kiệt,PetHeader3_25,50,64,Hater,1469,657,1469,657,42400,714,97,5,5,100,0,60,0,0,0,60,0,0,0,60,0,0,0,60,0,0,,0,,
6805,Monster,14509,HaiDaoShuShenHong,100,Kiệt Kiệt,PetHeader3_25,60,84,Hater,1760,787,1760,787,55880,977,116,5,5,100,0,60,0,0,0,60,0,0,0,60,0,0,0,60,0,0,,0,,
6806,Monster,14510,HaiDaoShuShenHong,100,Kiệt Kiệt,PetHeader3_25,70,106,Hater,2051,917,2051,917,71040,1281,135,6,6,100,0,60,0,0,0,60,0,0,0,60,0,0,0,60,0,0,,0,,
6807,Monster,14511,HaiDaoShuShenHong,100,Kiệt Kiệt,PetHeader3_25,80,131,Hater,2342,1047,2342,1047,87880,1625,154,7,7,100,0,60,0,0,0,60,0,0,0,60,0,0,0,60,0,0,,0,,
6808,Monster,14512,HaiDaoShuShenHong,100,Kiệt Kiệt,PetHeader3_25,90,150,Hater,2884,1178,2884,1178,106400,1827,174,8,8,100,0,60,0,0,0,60,0,0,0,60,0,0,0,60,0,0,,0,,
6809,Monster,14513,HaiDaoShuShenHong,100,Kiệt Kiệt,PetHeader3_25,100,168,Hater,3481,1308,3481,1308,126600,2028,193,9,9,100,0,60,0,0,0,60,0,0,0,60,0,0,0,60,0,0,,0,,
6810,Monster,14514,HaiDaoShuShenHong,100,Kiệt Kiệt,PetHeader3_25,110,186,Hater,3828,1438,3828,1438,148480,2230,212,9,9,100,0,60,0,0,0,60,0,0,0,60,0,0,0,60,0,0,,0,,
6811,Monster,14515,HaiDaoShuShenHong,100,Kiệt Kiệt,PetHeader3_25,120,202,Hater,4174,1568,4174,1568,161920,2431,231,10,10,100,0,60,0,0,0,60,0,0,0,60,0,0,0,60,0,0,,0,,
6812,Monster,14516,LongXieShiRen,100,Nham Thạch Quái,FightNPCHeader6_23,20,36,Boss,851,399,851,399,18060,297,59,3,3,100,0,60,0,0,0,60,0,0,0,60,0,0,0,60,0,0,,0,,
6813,Monster,14517,LongXieShiRen,100,Nham Thạch Quái,FightNPCHeader6_23,30,59,Boss,1267,595,1267,595,30720,441,88,5,5,100,0,60,0,0,0,60,0,0,0,60,0,0,0,60,0,0,,0,,
6814,Monster,14518,LongXieShiRen,100,Nham Thạch Quái,FightNPCHeader6_23,40,87,Boss,1683,790,1683,790,45900,737,117,6,6,100,0,60,0,0,0,60,0,0,0,60,0,0,0,60,0,0,,0,,
6815,Monster,14519,LongXieShiRen,100,Nham Thạch Quái,FightNPCHeader6_23,50,119,Boss,2203,985,2203,985,63600,1071,145,7,7,100,0,60,0,0,0,60,0,0,0,60,0,0,0,60,0,0,,0,,
6816,Monster,14520,LongXieShiRen,100,Nham Thạch Quái,FightNPCHeader6_23,60,155,Boss,2640,1181,2640,1181,83820,1466,174,8,8,100,0,60,0,0,0,60,0,0,0,60,0,0,0,60,0,0,,0,,
6817,Monster,14521,LongXieShiRen,100,Nham Thạch Quái,FightNPCHeader6_23,70,195,Boss,3076,1376,3076,1376,106560,1922,203,9,9,100,0,60,0,0,0,60,0,0,0,60,0,0,0,60,0,0,,0,,
6818,Monster,14522,LongXieShiRen,100,Nham Thạch Quái,FightNPCHeader6_23,80,240,Boss,3513,1571,3513,1571,131820,2438,232,11,11,100,0,60,0,0,0,60,0,0,0,60,0,0,0,60,0,0,,0,,
6819,Monster,14523,LongXieShiRen,100,Nham Thạch Quái,FightNPCHeader6_23,90,275,Boss,4326,1767,4326,1767,159600,2740,261,12,12,100,0,60,0,0,0,60,0,0,0,60,0,0,0,60,0,0,,0,,
6820,Monster,14524,LongXieShiRen,100,Nham Thạch Quái,FightNPCHeader6_23,100,309,Boss,5222,1962,5222,1962,189900,3042,289,13,13,100,0,60,0,0,0,60,0,0,0,60,0,0,0,60,0,0,,0,,
6821,Monster,14525,LongXieShiRen,100,Nham Thạch Quái,FightNPCHeader6_23,110,341,Boss,5742,2157,5742,2157,222720,3345,318,14,14,100,0,60,0,0,0,60,0,0,0,60,0,0,0,60,0,0,,0,,
6822,Monster,14526,LongXieShiRen,100,Nham Thạch Quái,FightNPCHeader6_23,120,371,Boss,6261,2352,6261,2352,242880,3647,347,15,15,100,0,60,0,0,0,60,0,0,0,60,0,0,0,60,0,0,,0,,
6823,Monster,14527,ZhenShou091106RenXingHua8,100,Bách Hoa Chi Vương,CommonNPCHeader17_19,20,36,Boss,851,399,851,399,18060,297,59,3,3,100,0,60,0,0,0,60,0,0,0,60,0,0,0,60,0,0,,0,,
6824,Monster,14528,ZhenShou091106RenXingHua8,100,Bách Hoa Chi Vương,CommonNPCHeader17_19,30,59,Boss,1267,595,1267,595,30720,441,88,5,5,100,0,60,0,0,0,60,0,0,0,60,0,0,0,60,0,0,,0,,
6825,Monster,14529,ZhenShou091106RenXingHua8,100,Bách Hoa Chi Vương,CommonNPCHeader17_19,40,87,Boss,1683,790,1683,790,45900,737,117,6,6,100,0,60,0,0,0,60,0,0,0,60,0,0,0,60,0,0,,0,,
6826,Monster,14530,ZhenShou091106RenXingHua8,100,Bách Hoa Chi Vương,CommonNPCHeader17_19,50,119,Boss,2203,985,2203,985,63600,1071,145,7,7,100,0,60,0,0,0,60,0,0,0,60,0,0,0,60,0,0,,0,,
6827,Monster,14531,ZhenShou091106RenXingHua8,100,Bách Hoa Chi Vương,CommonNPCHeader17_19,60,155,Boss,2640,1181,2640,1181,83820,1466,174,8,8,100,0,60,0,0,0,60,0,0,0,60,0,0,0,60,0,0,,0,,
6828,Monster,14532,ZhenShou091106RenXingHua8,100,Bách Hoa Chi Vương,CommonNPCHeader17_19,70,195,Boss,3076,1376,3076,1376,106560,1922,203,9,9,100,0,60,0,0,0,60,0,0,0,60,0,0,0,60,0,0,,0,,
6829,Monster,14533,ZhenShou091106RenXingHua8,100,Bách Hoa Chi Vương,CommonNPCHeader17_19,80,240,Boss,3513,1571,3513,1571,131820,2438,232,11,11,100,0,60,0,0,0,60,0,0,0,60,0,0,0,60,0,0,,0,,
6830,Monster,14534,ZhenShou091106RenXingHua8,100,Bách Hoa Chi Vương,CommonNPCHeader17_19,90,275,Boss,4326,1767,4326,1767,159600,2740,261,12,12,100,0,60,0,0,0,60,0,0,0,60,0,0,0,60,0,0,,0,,
6831,Monster,14535,ZhenShou091106RenXingHua8,100,Bách Hoa Chi Vương,CommonNPCHeader17_19,100,309,Boss,5222,1962,5222,1962,189900,3042,289,13,13,100,0,60,0,0,0,60,0,0,0,60,0,0,0,60,0,0,,0,,
6832,Monster,14536,ZhenShou091106RenXingHua8,100,Bách Hoa Chi Vương,CommonNPCHeader17_19,110,341,Boss,5742,2157,5742,2157,222720,3345,318,14,14,100,0,60,0,0,0,60,0,0,0,60,0,0,0,60,0,0,,0,,
6833,Monster,14537,ZhenShou091106RenXingHua8,100,Bách Hoa Chi Vương,CommonNPCHeader17_19,120,371,Boss,6261,2352,6261,2352,242880,3647,347,15,15,100,0,60,0,0,0,60,0,0,0,60,0,0,0,60,0,0,,0,,
6834,Monster,14540,PuTongXiaShi3,100,Khiết Đan Thích Khách,FightNPCHeader6_19,10,8000,Boss,1161,545,1161,545,68640,408,81,7,7,100,0,60,0,0,0,60,0,0,0,60,0,0,0,60,0,0,,0,,
6835,Monster,14541,PuTongXiaShi3,100,Khiết Đan Thích Khách,FightNPCHeader6_19,20,16080,Boss,2270,1066,2270,1066,626080,792,158,10,10,100,0,60,0,0,0,60,0,0,0,60,0,0,0,60,0,0,,0,,
6836,Monster,14542,PuTongXiaShi3,100,Khiết Đan Thích Khách,FightNPCHeader6_19,30,26080,Boss,3379,1587,3379,1587,1064960,1176,235,13,13,100,0,60,0,0,0,60,0,0,0,60,0,0,0,60,0,0,,0,,
6837,Monster,14543,PuTongXiaShi3,100,Khiết Đan Thích Khách,FightNPCHeader6_19,40,38000,Boss,4488,2108,4488,2108,1591200,1965,312,17,17,100,0,60,0,0,0,60,0,0,0,60,0,0,0,60,0,0,,0,,
6838,Monster,14544,PuTongXiaShi3,100,Khiết Đan Thích Khách,FightNPCHeader6_19,50,51840,Boss,5876,2628,5876,2628,2204800,2857,388,20,20,100,0,60,0,0,0,60,0,0,0,60,0,0,0,60,0,0,,0,,
6839,Monster,14545,PuTongXiaShi3,100,Khiết Đan Thích Khách,FightNPCHeader6_19,60,67520,Boss,7040,3149,7040,3149,2905760,3911,465,23,23,100,0,60,0,0,0,60,0,0,0,60,0,0,0,60,0,0,,0,,
6840,Monster,14546,PuTongXiaShi3,100,Khiết Đan Thích Khách,FightNPCHeader6_19,70,85200,Boss,8205,3670,8205,3670,3694080,5125,542,26,26,150,0,60,0,0,0,60,0,0,0,60,0,0,0,60,0,0,,0,,
6841,Monster,14547,PuTongXiaShi3,100,Khiết Đan Thích Khách,FightNPCHeader6_19,80,104800,Boss,9369,4191,9369,4191,14060800,6501,619,29,29,150,0,60,0,0,0,60,0,0,0,60,0,0,0,60,0,0,,0,,
6842,Monster,14548,PuTongXiaShi3,100,Khiết Đan Thích Khách,FightNPCHeader6_19,90,120000,Boss,11536,4712,11536,4712,17024000,7308,696,33,33,200,0,60,0,0,0,60,0,0,0,60,0,0,0,60,0,0,,0,,
6843,Monster,14549,PuTongXiaShi3,100,Khiết Đan Thích Khách,FightNPCHeader6_19,100,134720,Boss,13926,5232,13926,5232,20256000,8114,772,36,36,200,0,60,0,0,0,60,0,0,0,60,0,0,0,60,0,0,,0,,
6844,Monster,14550,PuTongXiaShi3,100,Khiết Đan Thích Khách,FightNPCHeader6_19,110,148800,Boss,15312,5753,15312,5753,23756800,8920,849,39,39,250,0,60,0,0,0,60,0,0,0,60,0,0,0,60,0,0,,0,,
6845,Monster,14551,PuTongXiaShi3,100,Khiết Đan Thích Khách,FightNPCHeader6_19,120,161840,Boss,16698,6274,16698,6274,25907200,9727,926,42,42,250,0,60,0,0,0,60,0,0,0,60,0,0,0,60,0,0,,0,,
6846,Monster,14552,PuTongXiaShi3,100,Khiết Đan Thích Khách,FightNPCHeader6_19,130,174960,Boss,18084,6795,18084,6795,28057600,10533,1003,45,45,300,0,60,0,0,0,60,0,0,0,60,0,0,0,60,0,0,,0,,
6847,Monster,14553,PuTongXiaShi3,100,Khiết Đan Thích Khách,FightNPCHeader6_19,140,188000,Boss,19470,7316,19470,7316,30208000,11340,1080,49,49,300,0,60,0,0,0,60,0,0,0,60,0,0,0,60,0,0,,0,,
6848,Monster,14554,PuTongXiaShi3,100,Khiết Đan Thích Khách,FightNPCHeader6_19,150,199760,Boss,20855,7836,20855,7836,32358400,12146,1156,52,52,208,0,60,0,0,0,60,0,0,0,60,0,0,0,60,0,0,,0,,
6849,Monster,14555,PuTongXiaShi3,100,Khiết Đan Thích Khách,FightNPCHeader6_19,160,199760,Boss,22241,8357,22241,8357,34508800,12952,1233,55,55,222,0,60,0,0,0,60,0,0,0,60,0,0,0,60,0,0,,0,,
6850,Monster,14556,PuTongXiaShi3,100,Khiết Đan Thích Khách,FightNPCHeader6_19,170,199760,Boss,23628,8878,23628,8878,36659200,13759,1310,58,58,236,0,60,0,0,0,60,0,0,0,60,0,0,0,60,0,0,,0,,
6851,Monster,14557,PuTongXiaShi3,100,Khiết Đan Thích Khách,FightNPCHeader6_19,180,199760,Boss,25013,9399,25013,9399,38809600,14565,1387,61,61,250,0,60,0,0,0,60,0,0,0,60,0,0,0,60,0,0,,0,,
6852,Monster,14558,PuTongXiaShi3,100,Khiết Đan Thích Khách,FightNPCHeader6_19,190,199760,Boss,26399,9919,26399,9919,40960000,15371,1464,65,65,263,0,60,0,0,0,60,0,0,0,60,0,0,0,60,0,0,,0,,
6853,Monster,14559,PuTongXiaShi3,100,Khiết Đan Thích Khách,FightNPCHeader6_19,200,199760,Boss,27785,10440,27785,10440,43110400,16178,1540,68,68,277,0,60,0,0,0,60,0,0,0,60,0,0,0,60,0,0,,0,,
6854,Monster,14560,npcJinLanHua20100512,100,Kim Lan Hoa,CommonNPCHeader18_11,20,2010,Normal,567,2666,567,2666,60200000,198,39,2,2,100,0,60,0,0,0,60,0,0,0,60,0,0,0,60,0,0,,0,,
6855,Monster,14561,npcTaoLiMiao20100512,100,Đào Lý Miêu,CommonNPCHeader18_12,20,2010,Normal,567,2666,567,2666,60200000,198,39,2,2,100,0,60,0,0,0,60,0,0,0,60,0,0,0,60,0,0,,0,,
6856,Monster,14562,npcGuaiTieBanJin100517,100,Thiết Bản Kim,CommonNPCHeader18_13,10,1837,Normal,348,163,348,163,12670,122,24,2,2,100,0,60,0,0,0,60,0,0,0,60,0,0,0,60,0,0,,0,,
6857,Monster,14563,npcGuaiTieBanJin100517,100,Thiết Bản Kim,CommonNPCHeader18_13,20,3692,Normal,681,319,681,319,115580,237,47,3,3,100,0,60,0,0,0,60,0,0,0,60,0,0,0,60,0,0,,0,,
6858,Monster,14564,npcGuaiTieBanJin100517,100,Thiết Bản Kim,CommonNPCHeader18_13,30,5989,Hater,1013,476,1013,476,196605,352,70,4,4,100,0,60,0,0,0,60,0,0,0,60,0,0,0,60,0,0,,0,,
6859,Monster,14565,npcGuaiTieBanJin100517,100,Thiết Bản Kim,CommonNPCHeader18_13,40,8726,Hater,1346,632,1346,632,293760,589,93,5,5,100,0,60,0,0,0,60,0,0,0,60,0,0,0,60,0,0,,0,,
6860,Monster,14566,npcGuaiTieBanJin100517,100,Thiết Bản Kim,CommonNPCHeader18_13,50,11904,Hater,1762,788,1762,788,407040,857,116,6,6,100,0,60,0,0,0,60,0,0,0,60,0,0,0,60,0,0,,0,,
6861,Monster,14567,npcGuaiTieBanJin100517,100,Thiết Bản Kim,CommonNPCHeader18_13,60,15505,Hater,2112,944,2112,944,536445,1173,139,7,7,100,0,60,0,0,0,60,0,0,0,60,0,0,0,60,0,0,,0,,
6862,Monster,14568,npcGuaiTieBanJin100517,100,Thiết Bản Kim,CommonNPCHeader18_13,70,19566,Hater,2461,1101,2461,1101,681980,1537,162,7,7,100,0,60,0,0,0,60,0,0,0,60,0,0,0,60,0,0,,0,,
6863,Monster,14569,npcGuaiTieBanJin100517,100,Thiết Bản Kim,CommonNPCHeader18_13,80,24066,Hater,2810,1257,2810,1257,843645,1950,185,8,8,100,0,60,0,0,0,60,0,0,0,60,0,0,0,60,0,0,,0,,
6864,Monster,14570,npcGuaiTieBanJin100517,100,Thiết Bản Kim,CommonNPCHeader18_13,90,27556,Hater,3461,1413,3461,1413,1021440,2192,208,9,9,100,0,60,0,0,0,60,0,0,0,60,0,0,0,60,0,0,,0,,
6865,Monster,14571,npcGuaiTieBanJin100517,100,Thiết Bản Kim,CommonNPCHeader18_13,100,30938,Hater,4177,1569,4177,1569,1215360,2434,231,10,10,100,0,60,0,0,0,60,0,0,0,60,0,0,0,60,0,0,,0,,
6866,Monster,14572,npcGuaiTieBanJin100517,100,Thiết Bản Kim,CommonNPCHeader18_13,110,34170,Hater,4593,1726,4593,1726,1425405,2676,254,11,11,100,0,60,0,0,0,60,0,0,0,60,0,0,0,60,0,0,,0,,
6867,Monster,14573,npcGuaiTieBanJin100517,100,Thiết Bản Kim,CommonNPCHeader18_13,120,37164,Hater,5009,1882,5009,1882,1554430,2918,277,12,12,100,0,60,0,0,0,60,0,0,0,60,0,0,0,60,0,0,,0,,
6868,Monster,14574,npcGuaiTieBanJin100517,100,Thiết Bản Kim,CommonNPCHeader18_13,130,40178,Hater,5425,2038,5425,2038,1683455,0,300,13,13,100,0,60,0,0,0,60,0,0,0,60,0,0,0,60,0,0,,0,,
6869,Monster,14575,npcGuaiTieBanJin100517,100,Thiết Bản Kim,CommonNPCHeader18_13,140,43172,Hater,5841,2194,5841,2194,1812480,0,324,14,14,100,0,60,0,0,0,60,0,0,0,60,0,0,0,60,0,0,,0,,
6870,Monster,14576,npcGuaiTieBanJin100517,100,Thiết Bản Kim,CommonNPCHeader18_13,150,45873,Hater,6256,2351,6256,2351,1941500,0,347,15,15,100,0,60,0,0,0,60,0,0,0,60,0,0,0,60,0,0,,0,,
6871,Monster,14577,npcJieChiGong100519,100,Giới Xích Công,CommonNPCHeader18_14,10,1837,Normal,348,163,348,163,12670,122,24,2,2,100,0,60,0,0,0,60,0,0,0,60,0,0,0,60,0,0,,0,,
6872,Monster,14578,npcJieChiGong100519,100,Giới Xích Công,CommonNPCHeader18_14,20,3692,Normal,681,319,681,319,115580,237,47,3,3,100,0,60,0,0,0,60,0,0,0,60,0,0,0,60,0,0,,0,,
6873,Monster,14579,npcJieChiGong100519,100,Giới Xích Công,CommonNPCHeader18_14,30,5989,Hater,1013,476,1013,476,196605,352,70,4,4,100,0,60,0,0,0,60,0,0,0,60,0,0,0,60,0,0,,0,,
6874,Monster,14580,npcJieChiGong100519,100,Giới Xích Công,CommonNPCHeader18_14,40,8726,Hater,1346,632,1346,632,293760,589,93,5,5,100,0,60,0,0,0,60,0,0,0,60,0,0,0,60,0,0,,0,,
6875,Monster,14581,npcJieChiGong100519,100,Giới Xích Công,CommonNPCHeader18_14,50,11904,Hater,1762,788,1762,788,407040,857,116,6,6,100,0,60,0,0,0,60,0,0,0,60,0,0,0,60,0,0,,0,,
6876,Monster,14582,npcJieChiGong100519,100,Giới Xích Công,CommonNPCHeader18_14,60,15505,Hater,2112,944,2112,944,536445,1173,139,7,7,100,0,60,0,0,0,60,0,0,0,60,0,0,0,60,0,0,,0,,
6877,Monster,14583,npcJieChiGong100519,100,Giới Xích Công,CommonNPCHeader18_14,70,19566,Hater,2461,1101,2461,1101,681980,1537,162,7,7,100,0,60,0,0,0,60,0,0,0,60,0,0,0,60,0,0,,0,,
6878,Monster,14584,npcJieChiGong100519,100,Giới Xích Công,CommonNPCHeader18_14,80,24066,Hater,2810,1257,2810,1257,843645,1950,185,8,8,100,0,60,0,0,0,60,0,0,0,60,0,0,0,60,0,0,,0,,
6879,Monster,14585,npcJieChiGong100519,100,Giới Xích Công,CommonNPCHeader18_14,90,27556,Hater,3461,1413,3461,1413,1021440,2192,208,9,9,100,0,60,0,0,0,60,0,0,0,60,0,0,0,60,0,0,,0,,
6880,Monster,14586,npcJieChiGong100519,100,Giới Xích Công,CommonNPCHeader18_14,100,30938,Hater,4177,1569,4177,1569,1215360,2434,231,10,10,100,0,60,0,0,0,60,0,0,0,60,0,0,0,60,0,0,,0,,
6881,Monster,14587,npcJieChiGong100519,100,Giới Xích Công,CommonNPCHeader18_14,110,34170,Hater,4593,1726,4593,1726,1425405,2676,254,11,11,100,0,60,0,0,0,60,0,0,0,60,0,0,0,60,0,0,,0,,
6882,Monster,14588,npcJieChiGong100519,100,Giới Xích Công,CommonNPCHeader18_14,120,37164,Hater,5009,1882,5009,1882,1554430,2918,277,12,12,100,0,60,0,0,0,60,0,0,0,60,0,0,0,60,0,0,,0,,
6883,Monster,14589,npcJieChiGong100519,100,Giới Xích Công,CommonNPCHeader18_14,130,40178,Hater,5425,2038,5425,2038,1683455,0,300,13,13,100,0,60,0,0,0,60,0,0,0,60,0,0,0,60,0,0,,0,,
6884,Monster,14590,npcJieChiGong100519,100,Giới Xích Công,CommonNPCHeader18_14,140,43172,Hater,5841,2194,5841,2194,1812480,0,324,14,14,100,0,60,0,0,0,60,0,0,0,60,0,0,0,60,0,0,,0,,
6885,Monster,14591,npcJieChiGong100519,100,Giới Xích Công,CommonNPCHeader18_14,150,45873,Hater,6256,2351,6256,2351,1941500,0,347,15,15,100,0,60,0,0,0,60,0,0,0,60,0,0,0,60,0,0,,0,,
6886,Monster,14600,npcGuai20100519HuanHuaYao1,100,Hoa Yêu 1,FightNPCHeader11_22,11,496,Boss,477,224,477,224,3755,167,33,2,2,100,0,60,0,0,0,60,0,0,0,60,0,0,0,60,0,0,,0,,
6887,Monster,14601,npcGuai20100519HuanHuaYao1,100,Hoa Yêu 1,FightNPCHeader11_22,21,964,Boss,892,419,892,419,18940,311,62,4,4,100,0,60,0,0,0,60,0,0,0,60,0,0,0,60,0,0,,0,,
6888,Monster,14602,npcGuai20100519HuanHuaYao1,100,Hoa Yêu 1,FightNPCHeader11_22,31,1543,Boss,1308,614,1308,614,31725,455,91,5,5,100,0,60,0,0,0,60,0,0,0,60,0,0,0,60,0,0,,0,,
6889,Monster,14603,npcGuai20100519HuanHuaYao1,100,Hoa Yêu 1,FightNPCHeader11_22,41,2232,Boss,1724,810,1724,810,47030,755,119,6,6,100,0,60,0,0,0,60,0,0,0,60,0,0,0,60,0,0,,0,,
6890,Monster,14604,npcGuai20100519HuanHuaYao1,100,Hoa Yêu 1,FightNPCHeader11_22,51,3031,Boss,2247,1005,2247,1005,64860,1092,148,7,7,100,0,60,0,0,0,60,0,0,0,60,0,0,0,60,0,0,,0,,
6891,Monster,14605,npcGuai20100519HuanHuaYao1,100,Hoa Yêu 1,FightNPCHeader11_22,61,3940,Boss,2683,1200,2683,1200,85205,1490,177,8,8,100,0,60,0,0,0,60,0,0,0,60,0,0,0,60,0,0,,0,,
6892,Monster,14606,npcGuai20100519HuanHuaYao1,100,Hoa Yêu 1,FightNPCHeader11_22,71,4960,Boss,3120,1395,3120,1395,108070,1949,206,10,10,100,0,60,0,0,0,60,0,0,0,60,0,0,0,60,0,0,,0,,
6893,Monster,14607,npcGuai20100519HuanHuaYao1,100,Hoa Yêu 1,FightNPCHeader11_22,81,6090,Boss,3557,1591,3557,1591,133455,2468,235,11,11,100,0,60,0,0,0,60,0,0,0,60,0,0,0,60,0,0,,0,,
6894,Monster,14608,npcGuai20100519HuanHuaYao1,100,Hoa Yêu 1,FightNPCHeader11_22,91,6962,Boss,4374,1786,4374,1786,161360,2770,263,12,12,100,0,60,0,0,0,60,0,0,0,60,0,0,0,60,0,0,,0,,
6895,Monster,14609,npcGuai20100519HuanHuaYao1,100,Hoa Yêu 1,FightNPCHeader11_22,101,7812,Boss,5274,1981,5274,1981,191790,3073,292,13,13,100,0,60,0,0,0,60,0,0,0,60,0,0,0,60,0,0,,0,,
6896,Monster,14610,npcGuai20100519HuanHuaYao1,100,Hoa Yêu 1,FightNPCHeader11_22,111,8616,Boss,5793,2177,5793,2177,224735,3375,321,14,14,100,0,60,0,0,0,60,0,0,0,60,0,0,0,60,0,0,,0,,
6897,Monster,14611,npcGuai20100519HuanHuaYao2,100,Hoa Yêu 1,FightNPCHeader11_23,121,9369,Boss,6313,2372,6313,2372,244895,3677,350,16,16,100,0,60,0,0,0,60,0,0,0,60,0,0,0,60,0,0,,0,,
6898,Monster,14612,npcGuai20100519HuanHuaYao2,100,Hoa Yêu 2,FightNPCHeader11_23,11,496,Boss,477,224,477,224,3755,167,33,2,2,100,0,60,0,0,0,60,0,0,0,60,0,0,0,60,0,0,,0,,
6899,Monster,14613,npcGuai20100519HuanHuaYao2,100,Hoa Yêu 2,FightNPCHeader11_23,21,964,Boss,892,419,892,419,18940,311,62,4,4,100,0,60,0,0,0,60,0,0,0,60,0,0,0,60,0,0,,0,,
6900,Monster,14614,npcGuai20100519HuanHuaYao2,100,Hoa Yêu 2,FightNPCHeader11_23,31,1543,Boss,1308,614,1308,614,31725,455,91,5,5,100,0,60,0,0,0,60,0,0,0,60,0,0,0,60,0,0,,0,,
6901,Monster,14615,npcGuai20100519HuanHuaYao2,100,Hoa Yêu 2,FightNPCHeader11_23,41,2232,Boss,1724,810,1724,810,47030,755,119,6,6,100,0,60,0,0,0,60,0,0,0,60,0,0,0,60,0,0,,0,,
6902,Monster,14616,npcGuai20100519HuanHuaYao2,100,Hoa Yêu 2,FightNPCHeader11_23,51,3031,Boss,2247,1005,2247,1005,64860,1092,148,7,7,100,0,60,0,0,0,60,0,0,0,60,0,0,0,60,0,0,,0,,
6903,Monster,14617,npcGuai20100519HuanHuaYao2,100,Hoa Yêu 2,FightNPCHeader11_23,61,3940,Boss,2683,1200,2683,1200,85205,1490,177,8,8,100,0,60,0,0,0,60,0,0,0,60,0,0,0,60,0,0,,0,,
6904,Monster,14618,npcGuai20100519HuanHuaYao2,100,Hoa Yêu 2,FightNPCHeader11_23,71,4960,Boss,3120,1395,3120,1395,108070,1949,206,10,10,100,0,60,0,0,0,60,0,0,0,60,0,0,0,60,0,0,,0,,
6905,Monster,14619,npcGuai20100519HuanHuaYao2,100,Hoa Yêu 2,FightNPCHeader11_23,81,6090,Boss,3557,1591,3557,1591,133455,2468,235,11,11,100,0,60,0,0,0,60,0,0,0,60,0,0,0,60,0,0,,0,,
6906,Monster,14620,npcGuai20100519HuanHuaYao2,100,Hoa Yêu 2,FightNPCHeader11_23,91,6962,Boss,4374,1786,4374,1786,161360,2770,263,12,12,100,0,60,0,0,0,60,0,0,0,60,0,0,0,60,0,0,,0,,
6907,Monster,14621,npcGuai20100519HuanHuaYao2,100,Hoa Yêu 2,FightNPCHeader11_23,101,7812,Boss,5274,1981,5274,1981,191790,3073,292,13,13,100,0,60,0,0,0,60,0,0,0,60,0,0,0,60,0,0,,0,,
6908,Monster,14622,npcGuai20100519HuanHuaYao2,100,Hoa Yêu 2,FightNPCHeader11_23,111,8616,Boss,5793,2177,5793,2177,224735,3375,321,14,14,100,0,60,0,0,0,60,0,0,0,60,0,0,0,60,0,0,,0,,
6909,Monster,14623,npcGuai20100519HuanHuaYao2,100,Hoa Yêu 2,FightNPCHeader11_23,121,9369,Boss,6313,2372,6313,2372,244895,3677,350,16,16,100,0,60,0,0,0,60,0,0,0,60,0,0,0,60,0,0,,0,,
6910,Monster,14624,npcGuai20100519HuanHuaYao3,100,Hoa Yêu 3,FightNPCHeader11_24,11,496,Boss,477,224,477,224,3755,167,33,2,2,100,0,60,0,0,0,60,0,0,0,60,0,0,0,60,0,0,,0,,
6911,Monster,14625,npcGuai20100519HuanHuaYao3,100,Hoa Yêu 3,FightNPCHeader11_24,21,964,Boss,892,419,892,419,18940,311,62,4,4,100,0,60,0,0,0,60,0,0,0,60,0,0,0,60,0,0,,0,,
6912,Monster,14626,npcGuai20100519HuanHuaYao3,100,Hoa Yêu 3,FightNPCHeader11_24,31,1543,Boss,1308,614,1308,614,31725,455,91,5,5,100,0,60,0,0,0,60,0,0,0,60,0,0,0,60,0,0,,0,,
6913,Monster,14627,npcGuai20100519HuanHuaYao3,100,Hoa Yêu 3,FightNPCHeader11_24,41,2232,Boss,1724,810,1724,810,47030,755,119,6,6,100,0,60,0,0,0,60,0,0,0,60,0,0,0,60,0,0,,0,,
6914,Monster,14628,npcGuai20100519HuanHuaYao3,100,Hoa Yêu 3,FightNPCHeader11_24,51,3031,Boss,2247,1005,2247,1005,64860,1092,148,7,7,100,0,60,0,0,0,60,0,0,0,60,0,0,0,60,0,0,,0,,
6915,Monster,14629,npcGuai20100519HuanHuaYao3,100,Hoa Yêu 3,FightNPCHeader11_24,61,3940,Boss,2683,1200,2683,1200,85205,1490,177,8,8,100,0,60,0,0,0,60,0,0,0,60,0,0,0,60,0,0,,0,,
6916,Monster,14630,npcGuai20100519HuanHuaYao3,100,Hoa Yêu 3,FightNPCHeader11_24,71,4960,Boss,3120,1395,3120,1395,108070,1949,206,10,10,100,0,60,0,0,0,60,0,0,0,60,0,0,0,60,0,0,,0,,
6917,Monster,14631,npcGuai20100519HuanHuaYao3,100,Hoa Yêu 3,FightNPCHeader11_24,81,6090,Boss,3557,1591,3557,1591,133455,2468,235,11,11,100,0,60,0,0,0,60,0,0,0,60,0,0,0,60,0,0,,0,,
6918,Monster,14632,npcGuai20100519HuanHuaYao3,100,Hoa Yêu 3,FightNPCHeader11_24,91,6962,Boss,4374,1786,4374,1786,161360,2770,263,12,12,100,0,60,0,0,0,60,0,0,0,60,0,0,0,60,0,0,,0,,
6919,Monster,14633,npcGuai20100519HuanHuaYao3,100,Hoa Yêu 3,FightNPCHeader11_24,101,7812,Boss,5274,1981,5274,1981,191790,3073,292,13,13,100,0,60,0,0,0,60,0,0,0,60,0,0,0,60,0,0,,0,,
6920,Monster,14634,npcGuai20100519HuanHuaYao3,100,Hoa Yêu 3,FightNPCHeader11_24,111,8616,Boss,5793,2177,5793,2177,224735,3375,321,14,14,100,0,60,0,0,0,60,0,0,0,60,0,0,0,60,0,0,,0,,
6921,Monster,14635,npcGuai20100519HuanHuaYao3,100,Hoa Yêu 3,FightNPCHeader11_24,121,9369,Boss,6313,2372,6313,2372,244895,3677,350,16,16,100,0,60,0,0,0,60,0,0,0,60,0,0,0,60,0,0,,0,,
6922,Monster,14636,npcGuai20100519HuanHuaYao4,100,Hoa Yêu 4,FightNPCHeader11_25,11,496,Boss,477,224,477,224,3755,167,33,2,2,100,0,60,0,0,0,60,0,0,0,60,0,0,0,60,0,0,,0,,
6923,Monster,14637,npcGuai20100519HuanHuaYao4,100,Hoa Yêu 4,FightNPCHeader11_25,21,964,Boss,892,419,892,419,18940,311,62,4,4,100,0,60,0,0,0,60,0,0,0,60,0,0,0,60,0,0,,0,,
6924,Monster,14638,npcGuai20100519HuanHuaYao4,100,Hoa Yêu 4,FightNPCHeader11_25,31,1543,Boss,1308,614,1308,614,31725,455,91,5,5,100,0,60,0,0,0,60,0,0,0,60,0,0,0,60,0,0,,0,,
6925,Monster,14639,npcGuai20100519HuanHuaYao4,100,Hoa Yêu 4,FightNPCHeader11_25,41,2232,Boss,1724,810,1724,810,47030,755,119,6,6,100,0,60,0,0,0,60,0,0,0,60,0,0,0,60,0,0,,0,,
6926,Monster,14640,npcGuai20100519HuanHuaYao4,100,Hoa Yêu 4,FightNPCHeader11_25,51,3031,Boss,2247,1005,2247,1005,64860,1092,148,7,7,100,0,60,0,0,0,60,0,0,0,60,0,0,0,60,0,0,,0,,
6927,Monster,14641,npcGuai20100519HuanHuaYao4,100,Hoa Yêu 4,FightNPCHeader11_25,61,3940,Boss,2683,1200,2683,1200,85205,1490,177,8,8,100,0,60,0,0,0,60,0,0,0,60,0,0,0,60,0,0,,0,,
6928,Monster,14642,npcGuai20100519HuanHuaYao4,100,Hoa Yêu 4,FightNPCHeader11_25,71,4960,Boss,3120,1395,3120,1395,108070,1949,206,10,10,100,0,60,0,0,0,60,0,0,0,60,0,0,0,60,0,0,,0,,
6929,Monster,14643,npcGuai20100519HuanHuaYao4,100,Hoa Yêu 4,FightNPCHeader11_25,81,6090,Boss,3557,1591,3557,1591,133455,2468,235,11,11,100,0,60,0,0,0,60,0,0,0,60,0,0,0,60,0,0,,0,,
6930,Monster,14644,npcGuai20100519HuanHuaYao4,100,Hoa Yêu 4,FightNPCHeader11_25,91,6962,Boss,4374,1786,4374,1786,161360,2770,263,12,12,100,0,60,0,0,0,60,0,0,0,60,0,0,0,60,0,0,,0,,
6931,Monster,14645,npcGuai20100519HuanHuaYao4,100,Hoa Yêu 4,FightNPCHeader11_25,101,7812,Boss,5274,1981,5274,1981,191790,3073,292,13,13,100,0,60,0,0,0,60,0,0,0,60,0,0,0,60,0,0,,0,,
6932,Monster,14646,npcGuai20100519HuanHuaYao4,100,Hoa Yêu 4,FightNPCHeader11_25,111,8616,Boss,5793,2177,5793,2177,224735,3375,321,14,14,100,0,60,0,0,0,60,0,0,0,60,0,0,0,60,0,0,,0,,
6933,Monster,14647,npcGuai20100519HuanHuaYao4,100,Hoa Yêu 4,FightNPCHeader11_25,121,9369,Boss,6313,2372,6313,2372,244895,3677,350,16,16,100,0,60,0,0,0,60,0,0,0,60,0,0,0,60,0,0,,0,,
6934,Monster,14648,npcGuai20100519HuanHuaYao5,100,Hoa Yêu 5,FightNPCHeader12_1,11,496,Boss,477,224,477,224,3755,167,33,2,2,100,0,60,0,0,0,60,0,0,0,60,0,0,0,60,0,0,,0,,
6935,Monster,14649,npcGuai20100519HuanHuaYao5,100,Hoa Yêu 5,FightNPCHeader12_1,21,964,Boss,892,419,892,419,18940,311,62,4,4,100,0,60,0,0,0,60,0,0,0,60,0,0,0,60,0,0,,0,,
6936,Monster,14650,npcGuai20100519HuanHuaYao5,100,Hoa Yêu 5,FightNPCHeader12_1,31,1543,Boss,1308,614,1308,614,31725,455,91,5,5,100,0,60,0,0,0,60,0,0,0,60,0,0,0,60,0,0,,0,,
6937,Monster,14651,npcGuai20100519HuanHuaYao5,100,Hoa Yêu 5,FightNPCHeader12_1,41,2232,Boss,1724,810,1724,810,47030,755,119,6,6,100,0,60,0,0,0,60,0,0,0,60,0,0,0,60,0,0,,0,,
6938,Monster,14652,npcGuai20100519HuanHuaYao5,100,Hoa Yêu 5,FightNPCHeader12_1,51,3031,Boss,2247,1005,2247,1005,64860,1092,148,7,7,100,0,60,0,0,0,60,0,0,0,60,0,0,0,60,0,0,,0,,
6939,Monster,14653,npcGuai20100519HuanHuaYao5,100,Hoa Yêu 5,FightNPCHeader12_1,61,3940,Boss,2683,1200,2683,1200,85205,1490,177,8,8,100,0,60,0,0,0,60,0,0,0,60,0,0,0,60,0,0,,0,,
6940,Monster,14654,npcGuai20100519HuanHuaYao5,100,Hoa Yêu 5,FightNPCHeader12_1,71,4960,Boss,3120,1395,3120,1395,108070,1949,206,10,10,100,0,60,0,0,0,60,0,0,0,60,0,0,0,60,0,0,,0,,
6941,Monster,14655,npcGuai20100519HuanHuaYao5,100,Hoa Yêu 5,FightNPCHeader12_1,81,6090,Boss,3557,1591,3557,1591,133455,2468,235,11,11,100,0,60,0,0,0,60,0,0,0,60,0,0,0,60,0,0,,0,,
6942,Monster,14656,npcGuai20100519HuanHuaYao5,100,Hoa Yêu 5,FightNPCHeader12_1,91,6962,Boss,4374,1786,4374,1786,161360,2770,263,12,12,100,0,60,0,0,0,60,0,0,0,60,0,0,0,60,0,0,,0,,
6943,Monster,14657,npcGuai20100519HuanHuaYao5,100,Hoa Yêu 5,FightNPCHeader12_1,101,7812,Boss,5274,1981,5274,1981,191790,3073,292,13,13,100,0,60,0,0,0,60,0,0,0,60,0,0,0,60,0,0,,0,,
6944,Monster,14658,npcGuai20100519HuanHuaYao5,100,Hoa Yêu 5,FightNPCHeader12_1,111,8616,Boss,5793,2177,5793,2177,224735,3375,321,14,14,100,0,60,0,0,0,60,0,0,0,60,0,0,0,60,0,0,,0,,
6945,Monster,14659,npcGuai20100519HuanHuaYao5,100,Hoa Yêu 5,FightNPCHeader12_1,121,9369,Boss,6313,2372,6313,2372,244895,3677,350,16,16,100,0,60,0,0,0,60,0,0,0,60,0,0,0,60,0,0,,0,,
6946,Monster,14660,npcGuai20100519HuanHuaYao6,100,Hoa Yêu 6,FightNPCHeader12_2,11,496,Boss,477,224,477,224,3755,167,33,2,2,100,0,60,0,0,0,60,0,0,0,60,0,0,0,60,0,0,,0,,
6947,Monster,14661,npcGuai20100519HuanHuaYao6,100,Hoa Yêu 6,FightNPCHeader12_2,21,964,Boss,892,419,892,419,18940,311,62,4,4,100,0,60,0,0,0,60,0,0,0,60,0,0,0,60,0,0,,0,,
6948,Monster,14662,npcGuai20100519HuanHuaYao6,100,Hoa Yêu 6,FightNPCHeader12_2,31,1543,Boss,1308,614,1308,614,31725,455,91,5,5,100,0,60,0,0,0,60,0,0,0,60,0,0,0,60,0,0,,0,,
6949,Monster,14663,npcGuai20100519HuanHuaYao6,100,Hoa Yêu 6,FightNPCHeader12_2,41,2232,Boss,1724,810,1724,810,47030,755,119,6,6,100,0,60,0,0,0,60,0,0,0,60,0,0,0,60,0,0,,0,,
6950,Monster,14664,npcGuai20100519HuanHuaYao6,100,Hoa Yêu 6,FightNPCHeader12_2,51,3031,Boss,2247,1005,2247,1005,64860,1092,148,7,7,100,0,60,0,0,0,60,0,0,0,60,0,0,0,60,0,0,,0,,
6951,Monster,14665,npcGuai20100519HuanHuaYao6,100,Hoa Yêu 6,FightNPCHeader12_2,61,3940,Boss,2683,1200,2683,1200,85205,1490,177,8,8,100,0,60,0,0,0,60,0,0,0,60,0,0,0,60,0,0,,0,,
6952,Monster,14666,npcGuai20100519HuanHuaYao6,100,Hoa Yêu 6,FightNPCHeader12_2,71,4960,Boss,3120,1395,3120,1395,108070,1949,206,10,10,100,0,60,0,0,0,60,0,0,0,60,0,0,0,60,0,0,,0,,
6953,Monster,14667,npcGuai20100519HuanHuaYao6,100,Hoa Yêu 6,FightNPCHeader12_2,81,6090,Boss,3557,1591,3557,1591,133455,2468,235,11,11,100,0,60,0,0,0,60,0,0,0,60,0,0,0,60,0,0,,0,,
6954,Monster,14668,npcGuai20100519HuanHuaYao6,100,Hoa Yêu 6,FightNPCHeader12_2,91,6962,Boss,4374,1786,4374,1786,161360,2770,263,12,12,100,0,60,0,0,0,60,0,0,0,60,0,0,0,60,0,0,,0,,
6955,Monster,14669,npcGuai20100519HuanHuaYao6,100,Hoa Yêu 6,FightNPCHeader12_2,101,7812,Boss,5274,1981,5274,1981,191790,3073,292,13,13,100,0,60,0,0,0,60,0,0,0,60,0,0,0,60,0,0,,0,,
6956,Monster,14670,npcGuai20100519HuanHuaYao6,100,Hoa Yêu 6,FightNPCHeader12_2,111,8616,Boss,5793,2177,5793,2177,224735,3375,321,14,14,100,0,60,0,0,0,60,0,0,0,60,0,0,0,60,0,0,,0,,
6957,Monster,14671,npcGuai20100519HuanHuaYao6,100,Hoa Yêu 6,FightNPCHeader12_2,121,9369,Boss,6313,2372,6313,2372,244895,3677,350,16,16,100,0,60,0,0,0,60,0,0,0,60,0,0,0,60,0,0,,0,,
6958,Monster,14672,npcGuai20100519HuanHuaYao1,100,Hoa Yêu 1,FightNPCHeader11_22,45,11828,Boss,8824,2960,6303,3552,876690,2759,438,23,23,100,0,60,0,0,0,60,0,0,0,60,0,0,0,60,0,0,,0,,
6959,Monster,14673,npcGuai20100519HuanHuaYao2,100,Hoa Yêu 2,FightNPCHeader11_23,45,11828,Boss,15127,2960,6303,3552,876690,2759,438,23,23,100,0,60,0,0,0,60,0,0,0,60,0,0,0,60,0,0,,0,,
6960,Monster,14674,npcGuai20100519HuanHuaYao3,100,Hoa Yêu 3,FightNPCHeader11_24,45,11828,Boss,6303,2960,6303,3552,446940,2759,438,23,23,100,0,60,0,0,0,60,0,0,0,60,0,0,0,60,0,0,,0,,
6961,Monster,14675,npcGuai20100519HuanHuaYao4,100,Hoa Yêu 4,FightNPCHeader11_25,45,11828,Boss,6303,2960,6303,3552,446940,2759,438,23,23,100,0,60,0,0,0,60,0,0,0,60,0,0,0,60,0,0,,0,,
6962,Monster,14676,npcGuai20100519HuanHuaYao5,100,Hoa Yêu 5,FightNPCHeader12_1,45,11828,Boss,8824,2960,6303,3552,446940,2759,438,23,23,100,0,60,0,0,0,60,0,0,0,60,0,0,0,60,0,0,,0,,
6963,Monster,14677,npcGuai20100519HuanHuaYao6,100,Hoa Yêu 6,FightNPCHeader12_2,45,11828,Boss,8824,2960,6303,3552,446940,2759,438,23,23,100,0,60,0,0,0,60,0,0,0,60,0,0,0,60,0,0,,0,,
6964,Monster,14679,npcDingPao100902,100,Đỉnh,SongLiaoWar_16,90,0,Boss,17305,10602,17305,10602,2553600,10962,0,49,49,250,0,60,0,0,0,60,0,0,0,60,0,0,0,60,0,0,,0,,
6965,Monster,14680,npcDingZu100902,100,Đỉnh (Tống),SongLiaoWar_16,90,0,Boss,17305,10602,17305,10602,2553600,10962,0,49,49,250,0,60,0,0,0,60,0,0,0,60,0,0,0,60,0,0,,0,,
6966,Monster,14681,npcDingMa100902,100,Đỉnh (Liêu),SongLiaoWar_16,90,0,Boss,17305,10602,17305,10602,2553600,10962,0,49,49,250,0,60,0,0,0,60,0,0,0,60,0,0,0,60,0,0,,0,,
6967,Monster,14683,LangZhong1,100,Tống doanh y sư,CommonNPCHeader9_2,100,1684,Boss,3481,1308,3481,1308,126600,2028,193,9,9,100,0,60,0,0,0,60,0,0,0,60,0,0,0,60,0,0,,0,,
6968,Monster,14684,npcSongJunBingA,100,Tốt,FightNPCHeader14_16,90,0,Boss,7614,1413,7614,1413,510720,2192,208,9,9,150,0,60,0,0,0,60,0,0,0,60,0,0,0,60,0,0,,0,,
6969,Monster,14685,npcGuai100901SongJunMa,100,Mã,FightNPCHeader14_16,90,0,Boss,10383,1413,10383,1413,1021440,2192,208,9,9,200,0,60,0,0,0,60,0,0,0,60,0,0,0,60,0,0,,0,,
6970,Monster,14686,npcGuaiSongJunPaoChe20100906,100,Pháo,FightNPCHeader18_3,90,0,Boss,13844,1413,13844,1413,1021440,2192,208,9,9,200,0,60,0,0,0,60,0,0,0,60,0,0,0,60,0,0,,0,,
6971,Monster,14687,npcQingLong100917,100,Thanh Long,SongLiaoWar_17,90,0,Boss,173052,7068,173052,7068,47880000,10962,1044,49,49,1730,0,500,0,0,0,500,0,0,0,500,0,0,0,500,0,0,,0,,
6972,Monster,14688,npcBaiHu100914,100,Bạch Hổ,SongLiaoWar_18,90,0,Boss,173052,7068,173052,7068,47880000,10962,1044,49,49,1730,0,500,0,0,0,500,0,0,0,500,0,0,0,500,0,0,,0,,
6973,Monster,14689,NPCZhuQue100907,100,Chu Tước,SongLiaoWar_19,90,0,Boss,173052,7068,173052,7068,47880000,10962,1044,49,49,1730,0,500,0,0,0,500,0,0,0,500,0,0,0,500,0,0,,0,,
6974,Monster,14690,npc100911XuanWu,100,Huyền vũ,FightNPCHeader14_160,90,0,Boss,173052,7068,173052,7068,47880000,10962,1044,49,49,1730,0,500,0,0,0,500,0,0,0,500,0,0,0,500,0,0,,0,,
6975,Monster,14691,npcGuaiSongJunWenGuanShi20100908,100,Sĩ,FightNPCHeader14_16,90,0,Boss,138441,42408,138441,42408,3192000,10962,1044,49,49,1384,0,500,0,0,0,500,0,0,0,500,0,0,0,500,0,0,,0,,
6976,Monster,14692,npcGuaiSongJunWuGuanShi20100816,100,Sĩ,FightNPCHeader14_16,90,0,Boss,103831,42408,103831,42408,3192000,10962,1044,49,49,1038,0,500,0,0,0,500,0,0,0,500,0,0,0,500,0,0,,0,,
6977,Monster,14693,npcGuaiSongJunChe100906,100,Xa,FightNPCHeader18_3,90,0,Boss,27688,11308,27688,11308,1276800,2192,208,9,9,276,0,500,0,0,0,500,0,0,0,500,0,0,0,500,0,0,,0,,
6978,Monster,14694,bossSongJunShuai20100830,100,Ž›,FightNPCHeader14_16,90,0,Boss,346104,94240,346104,94240,21280000,18270,1740,82,82,3461,0,500,0,0,0,500,0,0,0,500,0,0,0,500,0,0,,0,,
6979,Monster,14695,LiaoBing,100,Liêu doanh vệ binh,CommonNPCHeader5_16,100,1684,Boss,3481,1308,3481,1308,126600,2028,193,9,9,100,0,60,0,0,0,60,0,0,0,60,0,0,0,60,0,0,,0,,
6980,Monster,14696,LangZhong1,100,Liêu doanh y sư,CommonNPCHeader9_2,100,1684,Boss,3481,1308,3481,1308,126600,2028,193,9,9,100,0,60,0,0,0,60,0,0,0,60,0,0,0,60,0,0,,0,,
6981,Monster,14697,npcLiaoJunZuB,100,Tốt,FightNPCHeader14_15,90,0,Boss,7614,1413,7614,1413,510720,2192,208,9,9,150,0,60,0,0,0,60,0,0,0,60,0,0,0,60,0,0,,0,,
6982,Monster,14698,npcGuai100827LiaoJunMa,100,Mã,FightNPCHeader14_15,90,0,Boss,10383,1413,10383,1413,1021440,2192,208,9,9,200,0,60,0,0,0,60,0,0,0,60,0,0,0,60,0,0,,0,,
6983,Monster,14699,npcGuaiLiaoJunPaoChe20100906,100,Pháo,FightNPCHeader18_1,90,0,Boss,13844,1413,13844,1413,1021440,2192,208,9,9,200,0,60,0,0,0,60,0,0,0,60,0,0,0,60,0,0,,0,,
6984,Monster,14700,npcQingLong100917,100,Thanh Long,SongLiaoWar_17,90,0,Boss,173052,7068,173052,7068,47880000,10962,1044,49,49,1730,0,500,0,0,0,500,0,0,0,500,0,0,0,500,0,0,,0,,
6985,Monster,14701,npcBaiHu100914,100,Bạch Hổ,SongLiaoWar_18,90,0,Boss,173052,7068,173052,7068,47880000,10962,1044,49,49,1730,0,500,0,0,0,500,0,0,0,500,0,0,0,500,0,0,,0,,
6986,Monster,14702,NPCZhuQue100907,100,Chu Tước,SongLiaoWar_19,90,0,Boss,173052,7068,173052,7068,47880000,10962,1044,49,49,1730,0,500,0,0,0,500,0,0,0,500,0,0,0,500,0,0,,0,,
6987,Monster,14703,npc100911XuanWu,100,Huyền vũ,FightNPCHeader14_160,90,0,Boss,173052,7068,173052,7068,47880000,10962,1044,49,49,1730,0,500,0,0,0,500,0,0,0,500,0,0,0,500,0,0,,0,,
6988,Monster,14704,npcGuaiLiaoJunWenGuanShi20100831,100,Sĩ,FightNPCHeader14_15,90,0,Boss,138441,42408,138441,42408,3192000,10962,1044,49,49,1384,0,500,0,0,0,500,0,0,0,500,0,0,0,500,0,0,,0,,
6989,Monster,14705,npcGuaiLiaoJunWuGuanShi20100831,100,Sĩ,FightNPCHeader14_15,90,0,Boss,103831,42408,103831,42408,3192000,10962,1044,49,49,1038,0,500,0,0,0,500,0,0,0,500,0,0,0,500,0,0,,0,,
6990,Monster,14706,npcGuaiLiaoJunChe20100901,100,Xa,FightNPCHeader18_1,90,0,Boss,27688,11308,27688,11308,1276800,2192,208,9,9,276,0,500,0,0,0,500,0,0,0,500,0,0,0,500,0,0,,0,,
6991,Monster,14707,bossLiaoJunJiang100816,100,Tướng,FightNPCHeader14_15,90,0,Boss,346104,94240,346104,94240,21280000,18270,1740,82,82,3461,0,500,0,0,0,500,0,0,0,500,0,0,0,500,0,0,,0,,
6992,Monster,14708,npcSongJunBingB,100,Tốt,FightNPCHeader14_16,90,0,Boss,7614,1413,7614,1413,510720,2192,208,9,9,150,0,60,0,0,0,60,0,0,0,60,0,0,0,60,0,0,,0,,
6993,Monster,14709,npcLiaoJunZuA,100,Tốt,FightNPCHeader14_15,90,0,Boss,7614,1413,7614,1413,510720,2192,208,9,9,150,0,60,0,0,0,60,0,0,0,60,0,0,0,60,0,0,,0,,
6994,Monster,14710,npc100917QingLongPo,100,Thanh Long,SongLiaoWar_17,90,0,Boss,17305,7068,17305,7068,11491200,10962,1044,49,49,250,0,60,0,0,0,60,0,0,0,60,0,0,0,60,0,0,,0,,
6995,Monster,14711,npcBaiHuPo100914,100,Bạch Hổ,SongLiaoWar_18,90,0,Boss,17305,7068,17305,7068,11491200,10962,1044,49,49,250,0,60,0,0,0,60,0,0,0,60,0,0,0,60,0,0,,0,,
6996,Monster,14712,npc100907ZhuQuePo,100,Chu Tước,SongLiaoWar_19,90,0,Boss,17305,7068,17305,7068,11491200,10962,1044,49,49,250,0,60,0,0,0,60,0,0,0,60,0,0,0,60,0,0,,0,,
6997,Monster,14713,npc100911XuanWuPo,100,Huyền vũ,FightNPCHeader14_160,90,0,Boss,17305,7068,17305,7068,11491200,10962,1044,49,49,250,0,60,0,0,0,60,0,0,0,60,0,0,0,60,0,0,,0,,
6998,Monster,14714,YanHuangFenXiangTa,100,Tống phương phòng ngự tháp,CommonNPCHeader15_15,90,0,Boss,69220,28272,69220,28272,6384000,10962,1044,49,49,692,0,500,0,0,0,500,0,0,0,500,0,0,0,500,0,0,,0,,
6999,Monster,14715,ChiYouFenXiangTa,100,Liêu phương phòng ngự tháp,CommonNPCHeader15_17,90,0,Boss,69220,28272,69220,28272,6384000,10962,1044,49,49,692,0,500,0,0,0,500,0,0,0,500,0,0,0,500,0,0,,0,,
7000,Monster,14820,npcMiBaoXiang20100802,100,Thiên Long trân bảo nang rương,FightNPCHeader12_4,50,648,Hater,1469,657,1469,657,42400,714,97,5,5,100,0,60,0,0,0,60,0,0,0,60,0,0,0,60,0,0,,0,,
7001,Monster,14821,npcMiBaoXiang20100802,100,Thiên Long trân bảo nang rương,FightNPCHeader12_4,10,262,Boss,348,163,348,163,2530,122,24,2,2,100,0,60,0,0,0,60,0,0,0,60,0,0,0,60,0,0,,0,,
7002,Monster,14822,npcMiBaoXiang20100802,100,Thiên Long trân bảo nang rương,FightNPCHeader12_4,20,528,Boss,681,319,681,319,23115,237,47,3,3,100,0,60,0,0,0,60,0,0,0,60,0,0,0,60,0,0,,0,,
7003,Monster,14823,npcMiBaoXiang20100802,100,Thiên Long trân bảo nang rương,FightNPCHeader12_4,30,857,Boss,1013,476,1013,476,39320,352,70,4,4,100,0,60,0,0,0,60,0,0,0,60,0,0,0,60,0,0,,0,,
7004,Monster,14824,npcMiBaoXiang20100802,100,Thiên Long trân bảo nang rương,FightNPCHeader12_4,40,1248,Boss,1346,632,1346,632,58750,589,93,5,5,100,0,60,0,0,0,60,0,0,0,60,0,0,0,60,0,0,,0,,
7005,Monster,14825,npcMiBaoXiang20100802,100,Thiên Long trân bảo nang rương,FightNPCHeader12_4,50,1703,Boss,1762,788,1762,788,81405,857,116,6,6,100,0,60,0,0,0,60,0,0,0,60,0,0,0,60,0,0,,0,,
7006,Monster,14826,npcMiBaoXiang20100802,100,Thiên Long trân bảo nang rương,FightNPCHeader12_4,60,2218,Boss,2112,944,2112,944,107285,1173,139,7,7,100,0,60,0,0,0,60,0,0,0,60,0,0,0,60,0,0,,0,,
7007,Monster,14827,npcMiBaoXiang20100802,100,Thiên Long trân bảo nang rương,FightNPCHeader12_4,70,2799,Boss,2461,1101,2461,1101,136395,1537,162,7,7,100,0,60,0,0,0,60,0,0,0,60,0,0,0,60,0,0,,0,,
7008,Monster,14828,npcMiBaoXiang20100802,100,Thiên Long trân bảo nang rương,FightNPCHeader12_4,80,3444,Boss,2810,1257,2810,1257,168725,1950,185,8,8,100,0,60,0,0,0,60,0,0,0,60,0,0,0,60,0,0,,0,,
7009,Monster,14829,npcMiBaoXiang20100802,100,Thiên Long trân bảo nang rương,FightNPCHeader12_4,90,3943,Boss,3461,1413,3461,1413,204285,2192,208,9,9,100,0,60,0,0,0,60,0,0,0,60,0,0,0,60,0,0,,0,,
7010,Monster,14830,npcMiBaoXiang20100802,100,Thiên Long trân bảo nang rương,FightNPCHeader12_4,100,4427,Boss,4177,1569,4177,1569,243070,2434,231,10,10,100,0,60,0,0,0,60,0,0,0,60,0,0,0,60,0,0,,0,,
7011,Monster,14831,npcMiBaoXiang20100802,100,Thiên Long trân bảo nang rương,FightNPCHeader12_4,110,7824,Boss,4593,1726,4593,1726,285080,2676,254,11,11,100,0,60,0,0,0,60,0,0,0,60,0,0,0,60,0,0,,0,,
7012,Monster,14832,npcMiBaoXiang20100802,100,Thiên Long trân bảo nang rương,FightNPCHeader12_4,120,8509,Boss,5009,1882,5009,1882,310885,2918,277,12,12,100,0,60,0,0,0,60,0,0,0,60,0,0,0,60,0,0,,0,,
7013,Monster,14833,npcMiBaoXiang20100802,100,Thiên Long trân bảo nang rương,FightNPCHeader12_4,130,9199,Boss,5425,2038,5425,2038,336690,3160,300,13,13,100,0,60,0,0,0,60,0,0,0,60,0,0,0,60,0,0,,0,,
7014,Monster,14834,npcMiBaoXiang20100802,100,Thiên Long trân bảo nang rương,FightNPCHeader12_4,140,9885,Boss,5841,2194,5841,2194,362495,3402,324,14,14,100,0,60,0,0,0,60,0,0,0,60,0,0,0,60,0,0,,0,,
7015,Monster,14835,npcMiBaoXiang20100802,100,Thiên Long trân bảo nang rương,FightNPCHeader12_4,150,10503,Boss,6256,2351,6256,2351,388300,3643,347,15,15,100,0,60,0,0,0,60,0,0,0,60,0,0,0,60,0,0,,0,,
7016,Monster,14836,npcMiBaoXiang20100802,100,Thiên Long trân bảo nang rương,FightNPCHeader12_4,160,10503,Boss,6672,2507,6672,2507,414105,3885,370,16,16,100,0,60,0,0,0,60,0,0,0,60,0,0,0,60,0,0,,0,,
7017,Monster,14837,npcMiBaoXiang20100802,100,Thiên Long trân bảo nang rương,FightNPCHeader12_4,170,10503,Boss,7088,2663,7088,2663,439910,4127,393,17,17,100,0,60,0,0,0,60,0,0,0,60,0,0,0,60,0,0,,0,,
7018,Monster,14838,npcMiBaoXiang20100802,100,Thiên Long trân bảo nang rương,FightNPCHeader12_4,180,10503,Boss,7504,2819,7504,2819,465715,4369,416,18,18,100,0,60,0,0,0,60,0,0,0,60,0,0,0,60,0,0,,0,,
7019,Monster,14839,npcMiBaoXiang20100802,100,Thiên Long trân bảo nang rương,FightNPCHeader12_4,190,10503,Boss,7919,2975,7919,2975,491520,4611,439,19,19,150,0,60,0,0,0,60,0,0,0,60,0,0,0,60,0,0,,0,,
7020,Monster,14840,npcMiBaoXiang20100802,100,Thiên Long trân bảo nang rương,FightNPCHeader12_4,200,10503,Boss,8335,3132,8335,3132,517320,4853,462,20,20,150,0,60,0,0,0,60,0,0,0,60,0,0,0,60,0,0,,0,,
7021,Monster,14846,TengJiaZei,100,Phản tặc lâu la,FightNPCHeader1_22,32,5865,Hater,900,422,900,422,10910,313,62,3,3,100,0,60,0,0,0,60,0,0,0,60,0,0,0,60,0,0,,0,,
7022,Monster,14847,YeWaiXiaoShouLing,100,Phản tặc đầu mục,FightNPCHeader1_22,32,24084,Boss,1350,634,1350,634,65470,469,93,5,5,100,0,60,0,0,0,60,0,0,0,60,0,0,0,60,0,0,,0,,
7023,Monster,14848,QinJiaZhaiTanZi,100,Tiêu tiểu lâu la,FightNPCHeader1_3,35,5610,Hater,983,461,983,461,11920,395,68,3,3,100,0,60,0,0,0,60,0,0,0,60,0,0,0,60,0,0,,0,,
7024,Monster,14849,QinJiaZhaiJiaoTouTouMu,100,Giang hồ ác bá,FightNPCHeader1_3,35,26796,Boss,1475,692,1475,692,71520,592,102,5,5,100,0,60,0,0,0,60,0,0,0,60,0,0,0,60,0,0,,0,,
7025,Monster,14850,DaCaoGuSongBingTouMu,100,Nguỵ Tống binh,CommonNPCHeader5_16,38,2015,Hater,1066,500,1066,500,12925,428,74,4,4,100,0,60,0,0,0,60,0,0,0,60,0,0,0,60,0,0,,0,,
7026,Monster,14851,MaFeiTanZiTouMu,100,Đào Thoán Phỉ Loại,FightNPCHeader6_21,38,2015,Hater,1066,500,1066,500,12925,428,74,4,4,100,0,60,0,0,0,60,0,0,0,60,0,0,0,60,0,0,,0,,
7027,Monster,14852,YeWaiXiaoShouLing,100,Ngụy Tống binh phó đô thống,CommonNPCHeader3_15,38,8143,Boss,1599,751,1599,751,38780,642,111,6,6,100,0,60,0,0,0,60,0,0,0,60,0,0,0,60,0,0,,0,,
7028,Monster,14853,YeWaiShouLing,100,Ngụy Tống binh đô thống,CommonNPCHeader2_15,38,8143,Boss,1599,751,1599,751,38780,642,111,6,6,100,0,60,0,0,0,60,0,0,0,60,0,0,0,60,0,0,,0,,
7029,Monster,14854,RenLeiShouLing2,100,Nghịch tặc Dư Độc,FightNPCHeader1_17,38,19989,Boss,1599,751,1599,751,77565,642,111,6,6,100,0,60,0,0,0,60,0,0,0,60,0,0,0,60,0,0,,0,,
7030,Monster,14855,HuiXiong,100,Dã Hùng,FightNPCHeader7_8,38,2015,Hater,1066,500,1066,500,12925,428,74,4,4,100,0,60,0,0,0,60,0,0,0,60,0,0,0,60,0,0,,0,,
7031,Monster,14856,HongXiongWang,100,Dã hùng vương,FightNPCHeader7_8,38,19989,Boss,1599,751,1599,751,77565,642,111,6,6,100,0,60,0,0,0,60,0,0,0,60,0,0,0,60,0,0,,0,,
7032,Monster,14857,bossGeRongShengJi090801,100,Sơn trại đại vương Cát Vinh,FightNPCHeader7_13,39,22706,Boss,1641,770,1641,770,79580,659,114,6,6,100,0,60,0,0,0,60,0,0,0,60,0,0,0,60,0,0,,0,,
7033,Monster,14858,MaFeiTanZiTouMu,100,Lục Lâm Đại Đạo,FightNPCHeader6_21,39,824,Hater,1094,513,1094,513,13260,439,76,4,4,100,0,60,0,0,0,60,0,0,0,60,0,0,0,60,0,0,,0,,
7034,Monster,14859,ZhanDouBuKuai1,100,Lục Lâm Thổ Phỉ,CommonNPCHeader3_15,39,824,Hater,1094,513,1094,513,13260,439,76,4,4,100,0,60,0,0,0,60,0,0,0,60,0,0,0,60,0,0,,0,,
7035,Monster,14860,SongJiangShi3,100,Cẩu Đầu Quân Sư,CommonNPCHeader2_15,39,824,Hater,1094,513,1094,513,13260,439,76,4,4,100,0,60,0,0,0,60,0,0,0,60,0,0,0,60,0,0,,0,,
7036,Monster,14861,DaCaoGuSongBingTouMu,100,Tuần Tiểu Lâu La,FightNPCHeader1_22,39,824,Hater,1094,513,1094,513,13260,439,76,4,4,100,0,60,0,0,0,60,0,0,0,60,0,0,0,60,0,0,,0,,
7037,Monster,14862,HongXiongWang,100,Dã hùng vương,FightNPCHeader7_8,38,740,Boss,1599,751,1599,751,77565,642,111,6,6,100,0,60,0,0,0,60,0,0,0,60,0,0,0,60,0,0,,0,,
7038,Monster,14863,YeWaiShouLing,100,Ngụy Tống binh đô thống,CommonNPCHeader2_15,38,740,Boss,1599,751,1599,751,38780,642,111,6,6,100,0,60,0,0,0,60,0,0,0,60,0,0,0,60,0,0,,0,,
7039,Monster,14870,npcLiPaoFaSheQi20100910,100,Quốc Khánh Lễ Pháo,CommonNPCHeader18_17,50,648,Hater,1469,657,1469,657,42400,714,97,5,5,100,0,60,0,0,0,60,0,0,0,60,0,0,0,60,0,0,,0,,
7040,Monster,14871,npcFuWuQiBianNianShiGongShiPai100925,100,Biên niên sử,CommonNPCHeader18_18,50,648,Hater,1469,657,1469,657,42400,714,97,5,5,100,0,60,0,0,0,60,0,0,0,60,0,0,0,60,0,0,,0,,
7041,Monster,14872,npcFengJianYa,100,Phong Gian Nhã,CommonNPCHeader18_19,20,201,Normal,567,266,567,266,12040,198,39,2,2,100,0,60,0,0,0,60,0,0,0,60,0,0,0,60,0,0,,0,,
7042,Monster,14873,npcFengJianZhuTai,100,Đế Nến Tình Yêu,CommonNPCHeader18_19,20,201,Normal,567,266,567,266,12040,198,39,2,2,100,0,60,0,0,0,60,0,0,0,60,0,0,0,60,0,0,,0,,
7043,Monster,14874,npc101109MeiWeiHuoJi1,100,Gà nướng chưa chín,PetHeader5_2,30,326,Hater,844,396,844,396,55540,294,58,3,3,100,0,60,0,0,0,60,0,0,0,60,0,0,0,60,0,0,,0,,
7044,Monster,14875,npc101109MeiWeiHuoJi2,100,Gà nướng chín 2 phần,PetHeader5_2,30,326,Hater,844,396,844,396,55540,294,58,3,3,100,0,60,0,0,0,60,0,0,0,60,0,0,0,60,0,0,,0,,
7045,Monster,14876,npc101109MeiWeiHuoJi3,100,Gà nướng chín 5 phần,PetHeader5_2,30,326,Hater,844,396,844,396,55540,294,58,3,3,100,0,60,0,0,0,60,0,0,0,60,0,0,0,60,0,0,,0,,
7046,Monster,14877,npc101109MeiWeiHuoJi4,100,Gà nướng chín 8 phần,PetHeader5_2,30,326,Hater,844,396,844,396,55540,294,58,3,3,100,0,60,0,0,0,60,0,0,0,60,0,0,0,60,0,0,,0,,
7047,Monster,14878,npc101109MeiWeiHuoJi5,100,Gà nướng thơm ngon,PetHeader5_2,30,326,Hater,844,396,844,396,55540,294,58,3,3,100,0,60,0,0,0,60,0,0,0,60,0,0,0,60,0,0,,0,,
7048,Monster,14879,npc101109MeiWeiHuoJi6,100,Gà nướng khét,PetHeader5_2,30,326,Hater,844,396,844,396,55540,294,58,3,3,100,0,60,0,0,0,60,0,0,0,60,0,0,0,60,0,0,,0,,
7049,Monster,14880,BianShenDengLong1,100,Tuyết Nguyệt Đăng Lung,CommonNPCHeader13_1,10,100,Normal,10444,3924,10444,3924,379800,6085,579,27,27,200,0,60,0,0,0,60,0,0,0,60,0,0,0,60,0,0,,0,,
7050,Monster,14881,BianShenDengLong1,100,Tuyết Nguyệt Đăng Lung,CommonNPCHeader13_1,10,100,Normal,10444,3924,10444,3924,379800,6085,579,27,27,200,0,60,0,0,0,60,0,0,0,60,0,0,0,60,0,0,,0,,
7051,Monster,14882,BianShenDengLong1,100,Tuyết Nguyệt Đăng Lung,CommonNPCHeader13_1,10,100,Normal,10444,3924,10444,3924,379800,6085,579,27,27,200,0,60,0,0,0,60,0,0,0,60,0,0,0,60,0,0,,0,,
7052,Monster,14883,BianShenDengLong1,100,Tuyết Nguyệt Đăng Lung,CommonNPCHeader13_1,10,100,Normal,10444,3924,10444,3924,379800,6085,579,27,27,200,0,60,0,0,0,60,0,0,0,60,0,0,0,60,0,0,,0,,
7053,Monster,14884,BianShenDengLong1,100,Tuyết Nguyệt Đăng Lung,CommonNPCHeader13_1,10,100,Normal,10444,3924,10444,3924,379800,6085,579,27,27,200,0,60,0,0,0,60,0,0,0,60,0,0,0,60,0,0,,0,,
7054,Monster,14885,BianShenDengLong1,100,Tuyết Nguyệt Đăng Lung,CommonNPCHeader13_1,10,100,Normal,10444,3924,10444,3924,379800,6085,579,27,27,200,0,60,0,0,0,60,0,0,0,60,0,0,0,60,0,0,,0,,
7055,Monster,14886,BianShenDengLong2,100,Lạc Thần Mẫu Đan Đăng Lung,CommonNPCHeader13_2,10,100,Normal,10444,3924,10444,3924,379800,6085,579,27,27,200,0,60,0,0,0,60,0,0,0,60,0,0,0,60,0,0,,0,,
7056,Monster,14887,BianShenDengLong2,100,Lạc Thần Mẫu Đan Đăng Lung,CommonNPCHeader13_2,10,100,Normal,10444,3924,10444,3924,379800,6085,579,27,27,200,0,60,0,0,0,60,0,0,0,60,0,0,0,60,0,0,,0,,
7057,Monster,14888,BianShenDengLong2,100,Lạc Thần Mẫu Đan Đăng Lung,CommonNPCHeader13_2,10,100,Normal,10444,3924,10444,3924,379800,6085,579,27,27,200,0,60,0,0,0,60,0,0,0,60,0,0,0,60,0,0,,0,,
7058,Monster,14889,BianShenDengLong2,100,Lạc Thần Mẫu Đan Đăng Lung,CommonNPCHeader13_2,10,100,Normal,10444,3924,10444,3924,379800,6085,579,27,27,200,0,60,0,0,0,60,0,0,0,60,0,0,0,60,0,0,,0,,
7059,Monster,14890,BianShenDengLong2,100,Lạc Thần Mẫu Đan Đăng Lung,CommonNPCHeader13_2,10,100,Normal,10444,3924,10444,3924,379800,6085,579,27,27,200,0,60,0,0,0,60,0,0,0,60,0,0,0,60,0,0,,0,,
7060,Monster,14891,BianShenDengLong2,100,Lạc Thần Mẫu Đan Đăng Lung,CommonNPCHeader13_2,10,100,Normal,10444,3924,10444,3924,379800,6085,579,27,27,200,0,60,0,0,0,60,0,0,0,60,0,0,0,60,0,0,,0,,
7061,Monster,14892,BianShenDengLong3,100,Khúc Viện Phong Hà Đăng Lung,CommonNPCHeader13_3,10,100,Normal,10444,3924,10444,3924,379800,6085,579,27,27,200,0,60,0,0,0,60,0,0,0,60,0,0,0,60,0,0,,0,,
7062,Monster,14893,BianShenDengLong3,100,Khúc Viện Phong Hà Đăng Lung,CommonNPCHeader13_3,10,100,Normal,10444,3924,10444,3924,379800,6085,579,27,27,200,0,60,0,0,0,60,0,0,0,60,0,0,0,60,0,0,,0,,
7063,Monster,14894,BianShenDengLong3,100,Khúc Viện Phong Hà Đăng Lung,CommonNPCHeader13_3,10,100,Normal,10444,3924,10444,3924,379800,6085,579,27,27,200,0,60,0,0,0,60,0,0,0,60,0,0,0,60,0,0,,0,,
7064,Monster,14895,BianShenDengLong3,100,Khúc Viện Phong Hà Đăng Lung,CommonNPCHeader13_3,10,100,Normal,10444,3924,10444,3924,379800,6085,579,27,27,200,0,60,0,0,0,60,0,0,0,60,0,0,0,60,0,0,,0,,
7065,Monster,14896,BianShenDengLong3,100,Khúc Viện Phong Hà Đăng Lung,CommonNPCHeader13_3,10,100,Normal,10444,3924,10444,3924,379800,6085,579,27,27,200,0,60,0,0,0,60,0,0,0,60,0,0,0,60,0,0,,0,,
7066,Monster,14897,BianShenDengLong3,100,Khúc Viện Phong Hà Đăng Lung,CommonNPCHeader13_3,10,100,Normal,10444,3924,10444,3924,379800,6085,579,27,27,200,0,60,0,0,0,60,0,0,0,60,0,0,0,60,0,0,,0,,
7067,Monster,14898,YuTu4,100,Phong Gian Thố Thố,PetHeader2_25,20,20,Normal,567,266,567,266,12040,198,39,2,2,100,0,60,0,0,0,60,0,0,0,60,0,0,0,60,0,0,,0,,
7068,Monster,14899,npc101109MeiWeiHuoJi1,100,Gà Tây Thơm Ngon,PetHeader5_2,30,326,Hater,844,396,844,396,55540,294,58,3,3,100,0,60,0,0,0,60,0,0,0,60,0,0,0,60,0,0,,0,,
7069,Monster,14900,npcYingChunNiu101110,100,Xuân Ngưu,CommonNPCHeader18_20,10,100,Normal,290,136,290,136,1320,102,20,1,1,100,0,60,0,0,0,60,0,0,0,60,0,0,0,60,0,0,,0,,
7070,Monster,14901,BianShenXueRen,100,Tuyết Hài Tử,FightNPCHeader8_18,10,100,Normal,290,136,290,136,1320,102,20,1,1,100,0,60,0,0,0,60,0,0,0,60,0,0,0,60,0,0,,0,,
7071,Monster,14902,npcDaLiMeiGuiHua101217,100,Hoa Hồng Tùng,CommonNPCHeader18_23,30,326,Hater,844,396,844,396,20480,294,58,3,3,100,0,60,0,0,0,60,0,0,0,60,0,0,0,60,0,0,,0,,
7072,Monster,14903,npcLiFan,100,Mai quế tiên tử,CommonNPCHeader14_8,30,326,Hater,844,396,844,396,20480,294,58,3,3,100,0,60,0,0,0,60,0,0,0,60,0,0,0,60,0,0,,0,,
7073,Monster,14904,NuZhuJiaoDiaoSuShaoLin20110217,100,Đệ Nhất Thiếu Lâm,CommonNPCHeader18_25,1,30,Normal,40,19,40,19,90,15,3,1,1,100,0,60,0,0,0,60,0,0,0,60,0,0,0,60,0,0,,0,,
7074,Monster,14905,NanZhuJiaoDiaoSuShaoLin20110217,100,Đệ Nhất Thiếu Lâm,CommonNPCHeader18_24,1,30,Normal,40,19,40,19,90,15,3,1,1,100,0,60,0,0,0,60,0,0,0,60,0,0,0,60,0,0,,0,,
7075,Monster,14906,NuZhuJiaoDiaoXiangMingJiao20110219,100,Đệ Nhất Minh Giáo,CommonNPCHeader18_25,1,30,Normal,40,19,40,19,90,15,3,1,1,100,0,60,0,0,0,60,0,0,0,60,0,0,0,60,0,0,,0,,
7076,Monster,14907,NanZhuJiaoDiaoXiangMingJiao20110219,100,Đệ Nhất Minh Giáo,CommonNPCHeader18_24,1,30,Normal,40,19,40,19,90,15,3,1,1,100,0,60,0,0,0,60,0,0,0,60,0,0,0,60,0,0,,0,,
7077,Monster,14908,NuZhuJiaoDiaoSuGaiBang20110217,100,Đệ Nhất Cái Bang,CommonNPCHeader18_25,1,30,Normal,40,19,40,19,90,15,3,1,1,100,0,60,0,0,0,60,0,0,0,60,0,0,0,60,0,0,,0,,
7078,Monster,14909,NanZhuJiaoDiaoSuGaiBang20110217,100,Đệ Nhất Cái Bang,CommonNPCHeader18_24,1,30,Normal,40,19,40,19,90,15,3,1,1,100,0,60,0,0,0,60,0,0,0,60,0,0,0,60,0,0,,0,,
7079,Monster,14910,NuZhuJiaoDiaoXiangWuDang20110219,100,Đệ Nhất Võ Đang,CommonNPCHeader18_25,1,30,Normal,40,19,40,19,90,15,3,1,1,100,0,60,0,0,0,60,0,0,0,60,0,0,0,60,0,0,,0,,
7080,Monster,14911,NanZhuJiaoDiaoXiangWuDang20110219,100,Đệ Nhất Võ Đang,CommonNPCHeader18_24,1,30,Normal,40,19,40,19,90,15,3,1,1,100,0,60,0,0,0,60,0,0,0,60,0,0,0,60,0,0,,0,,
7081,Monster,14912,NuZhuJiaoDiaoSuEMei20110219,100,Đệ Nhất Nga My,CommonNPCHeader18_25,1,30,Normal,40,19,40,19,90,15,3,1,1,100,0,60,0,0,0,60,0,0,0,60,0,0,0,60,0,0,,0,,
7082,Monster,14913,NanZhuJiaoDiaoSuEMei20110219,100,Đệ Nhất Nga My,CommonNPCHeader18_24,1,30,Normal,40,19,40,19,90,15,3,1,1,100,0,60,0,0,0,60,0,0,0,60,0,0,0,60,0,0,,0,,
7083,Monster,14914,NuZhuJiaoDiaoSuXingSu20110219,100,Đệ Nhất Tinh Túc,CommonNPCHeader18_25,1,30,Normal,40,19,40,19,90,15,3,1,1,100,0,60,0,0,0,60,0,0,0,60,0,0,0,60,0,0,,0,,
7084,Monster,14915,NanZhuJiaoDiaoSuXingSu20110219,100,Đệ Nhất Tinh Túc,CommonNPCHeader18_24,1,30,Normal,40,19,40,19,90,15,3,1,1,100,0,60,0,0,0,60,0,0,0,60,0,0,0,60,0,0,,0,,
7085,Monster,14916,NuZhuJiaoDiaoSuTianLong20110219,100,Đệ Nhất Thiên Long,CommonNPCHeader18_25,1,30,Normal,40,19,40,19,90,15,3,1,1,100,0,60,0,0,0,60,0,0,0,60,0,0,0,60,0,0,,0,,
7086,Monster,14917,NanZhuJiaoDiaoSuTianLong20110219,100,Đệ Nhất Thiên Long,CommonNPCHeader18_24,1,30,Normal,40,19,40,19,90,15,3,1,1,100,0,60,0,0,0,60,0,0,0,60,0,0,0,60,0,0,,0,,
7087,Monster,14918,NuZhuJiaoDiaoSuTianShan20110217,100,Đệ Nhất Thiên Sơn,CommonNPCHeader18_25,1,30,Normal,40,19,40,19,90,15,3,1,1,100,0,60,0,0,0,60,0,0,0,60,0,0,0,60,0,0,,0,,
7088,Monster,14919,NanZhuJiaoDiaoSuTianShan20110217,100,Đệ Nhất Thiên Sơn,CommonNPCHeader18_24,1,30,Normal,40,19,40,19,90,15,3,1,1,100,0,60,0,0,0,60,0,0,0,60,0,0,0,60,0,0,,0,,
7089,Monster,14920,NuZhuJiaoDiaoSuXiaoYao20110219,100,Đệ Nhất Tiêu Dao,CommonNPCHeader18_25,1,30,Normal,40,19,40,19,90,15,3,1,1,100,0,60,0,0,0,60,0,0,0,60,0,0,0,60,0,0,,0,,
7090,Monster,14921,NanZhuJiaoDiaoSuXiaoYao20110219,100,Đệ Nhất Tiêu Dao,CommonNPCHeader18_24,1,30,Normal,40,19,40,19,90,15,3,1,1,100,0,60,0,0,0,60,0,0,0,60,0,0,0,60,0,0,,0,,
7091,Monster,14922,NuZhuJiaoDiaoSuMuRong20110219,100,Đệ Nhất Mộ Dung,CommonNPCHeader18_25,1,30,Normal,40,19,40,19,90,15,3,1,1,100,0,60,0,0,0,60,0,0,0,60,0,0,0,60,0,0,,0,,
7092,Monster,14923,NanZhuJiaoDiaoSuMuRong20110219,100,Đệ Nhất Mộ Dung,CommonNPCHeader18_24,1,30,Normal,40,19,40,19,90,15,3,1,1,100,0,60,0,0,0,60,0,0,0,60,0,0,0,60,0,0,,0,,
7093,Monster,14924,npcDingPao100902,100,Thiên Hạ Đệ Nhất Nhân,CommonNPCHeader18_25,1,30,Normal,40,19,40,19,90,15,3,1,1,100,0,60,0,0,0,60,0,0,0,60,0,0,0,60,0,0,,0,,
7094,Monster,14925,npcDingZu100902,100,Thiên Hạ Đệ Nhất Nhân,CommonNPCHeader18_24,1,30,Normal,40,19,40,19,90,15,3,1,1,100,0,60,0,0,0,60,0,0,0,60,0,0,0,60,0,0,,0,,
7095,Monster,14926,npcDingPao100902,100,Thiên Hạ Đệ Nhất Nhân,CommonNPCHeader18_25,1,30,Normal,40,19,40,19,90,15,3,1,1,100,0,60,0,0,0,60,0,0,0,60,0,0,0,60,0,0,,0,,
7096,Monster,14927,npcDingZu100902,100,Thiên Hạ Đệ Nhất Nhân,CommonNPCHeader18_24,1,30,Normal,40,19,40,19,90,15,3,1,1,100,0,60,0,0,0,60,0,0,0,60,0,0,0,60,0,0,,0,,
7097,Monster,14928,npcDingPao100902,100,Thiên Hạ Đệ Nhất Nhân,CommonNPCHeader18_25,1,30,Normal,40,19,40,19,90,15,3,1,1,100,0,60,0,0,0,60,0,0,0,60,0,0,0,60,0,0,,0,,
7098,Monster,14929,npcDingZu100902,100,Thiên Hạ Đệ Nhất Nhân,CommonNPCHeader18_24,1,30,Normal,40,19,40,19,90,15,3,1,1,100,0,60,0,0,0,60,0,0,0,60,0,0,0,60,0,0,,0,,
7099,Monster,14930,npcDingPao100902,100,Thiên Hạ Đệ Nhất Nhân,CommonNPCHeader18_25,1,30,Normal,40,19,40,19,90,15,3,1,1,100,0,60,0,0,0,60,0,0,0,60,0,0,0,60,0,0,,0,,
7100,Monster,14931,npcDingZu100902,100,Thiên Hạ Đệ Nhất Nhân,CommonNPCHeader18_24,1,30,Normal,40,19,40,19,90,15,3,1,1,100,0,60,0,0,0,60,0,0,0,60,0,0,0,60,0,0,,0,,
7101,Monster,14932,npcDingPao100902,100,Thiên Hạ Đệ Nhất Nhân,CommonNPCHeader18_25,1,30,Normal,40,19,40,19,90,15,3,1,1,100,0,60,0,0,0,60,0,0,0,60,0,0,0,60,0,0,,0,,
7102,Monster,14933,npcDingZu100902,100,Thiên Hạ Đệ Nhất Nhân,CommonNPCHeader18_24,1,30,Normal,40,19,40,19,90,15,3,1,1,100,0,60,0,0,0,60,0,0,0,60,0,0,0,60,0,0,,0,,
7103,Monster,14934,npcDingPao100902,100,Thiên Hạ Đệ Nhất Nhân,CommonNPCHeader18_25,1,30,Normal,40,19,40,19,90,15,3,1,1,100,0,60,0,0,0,60,0,0,0,60,0,0,0,60,0,0,,0,,
7104,Monster,14935,npcDingZu100902,100,Thiên Hạ Đệ Nhất Nhân,CommonNPCHeader18_24,1,30,Normal,40,19,40,19,90,15,3,1,1,100,0,60,0,0,0,60,0,0,0,60,0,0,0,60,0,0,,0,,
7105,Monster,14936,npcDingPao100902,100,Thiên Hạ Đệ Nhất Nhân,CommonNPCHeader18_25,1,30,Normal,40,19,40,19,90,15,3,1,1,100,0,60,0,0,0,60,0,0,0,60,0,0,0,60,0,0,,0,,
7106,Monster,14937,npcDingZu100902,100,Thiên Hạ Đệ Nhất Nhân,CommonNPCHeader18_24,1,30,Normal,40,19,40,19,90,15,3,1,1,100,0,60,0,0,0,60,0,0,0,60,0,0,0,60,0,0,,0,,
7107,Monster,14938,npcDingPao100902,100,Thiên Hạ Đệ Nhất Nhân,CommonNPCHeader18_25,1,30,Normal,40,19,40,19,90,15,3,1,1,100,0,60,0,0,0,60,0,0,0,60,0,0,0,60,0,0,,0,,
7108,Monster,14939,npcDingZu100902,100,Thiên Hạ Đệ Nhất Nhân,CommonNPCHeader18_24,1,30,Normal,40,19,40,19,90,15,3,1,1,100,0,60,0,0,0,60,0,0,0,60,0,0,0,60,0,0,,0,,
7109,Monster,14940,npcDingPao100902,100,Thiên Hạ Đệ Nhất Nhân,CommonNPCHeader18_25,1,30,Normal,40,19,40,19,90,15,3,1,1,100,0,60,0,0,0,60,0,0,0,60,0,0,0,60,0,0,,0,,
7110,Monster,14941,npcDingZu100902,100,Thiên Hạ Đệ Nhất Nhân,CommonNPCHeader18_24,1,30,Normal,40,19,40,19,90,15,3,1,1,100,0,60,0,0,0,60,0,0,0,60,0,0,0,60,0,0,,0,,
7111,Monster,14942,npcDingPao100902,100,Thiên Hạ Đệ Nhất Nhân,CommonNPCHeader18_25,1,30,Normal,40,19,40,19,90,15,3,1,1,100,0,60,0,0,0,60,0,0,0,60,0,0,0,60,0,0,,0,,
7112,Monster,14943,npcDingZu100902,100,Thiên Hạ Đệ Nhất Nhân,CommonNPCHeader18_24,1,30,Normal,40,19,40,19,90,15,3,1,1,100,0,60,0,0,0,60,0,0,0,60,0,0,0,60,0,0,,0,,
7113,Monster,14944,npcGuaiNianHuaMuRenZhenMuTouRenHong110106,100,Thâm Hồng Mộc Nhân,FightNPCHeader12_8,50,0,Hater,1762,788,1762,788,81405,857,116,6,6,100,0,60,0,0,0,60,0,0,0,60,0,0,0,60,0,0,,0,,
7114,Monster,14945,npcGuaiNianHuaMuRenZhenMuTouRenLu110106,100,Mặc Lục Mộc Nhân,FightNPCHeader12_11,50,0,Hater,1762,788,1762,788,81405,857,116,6,6,100,0,60,0,0,0,60,0,0,0,60,0,0,0,60,0,0,,0,,
7115,Monster,14946,npcGuaiNianHuaMuRenZhenMuTouRenLan110106,100,Trạm Lam Mộc Nhân,FightNPCHeader12_10,50,0,Hater,1762,788,1762,788,81405,857,116,6,6,100,0,60,0,0,0,60,0,0,0,60,0,0,0,60,0,0,,0,,
7116,Monster,14947,npcGuaiNianHuaMuRenZhenMuTouRenZi110106,100,Xá Tử Mộc Nhân,FightNPCHeader12_12,50,0,Hater,1762,788,1762,788,81405,857,116,6,6,100,0,60,0,0,0,60,0,0,0,60,0,0,0,60,0,0,,0,,
7117,Monster,14948,npcGuaiNianHuaMuRenZhenMuTouRenFen110106,100,Đạm Phấn Mộc Nhân,FightNPCHeader12_6,50,0,Hater,1762,788,1762,788,81405,857,116,6,6,100,0,60,0,0,0,60,0,0,0,60,0,0,0,60,0,0,,0,,
7118,Monster,14949,npcGuaiNianHuaMuRenZhenMuTouRenHei110106,100,Thuần Hắc Mộc Nhân,FightNPCHeader12_7,50,0,Hater,1762,788,1762,788,81405,857,116,6,6,100,0,60,0,0,0,60,0,0,0,60,0,0,0,60,0,0,,0,,
7119,Monster,14950,npcGuaiNianHuaMuRenZhenMuTouRenBai110106,100,Thuần Bạch Mộc Nhân,FightNPCHeader12_5,50,0,Hater,1762,788,1762,788,81405,857,116,6,6,100,0,60,0,0,0,60,0,0,0,60,0,0,0,60,0,0,,0,,
7120,Monster,14951,npcGuaiNianHuaMuRenZhenMuTouRenJin110106,100,Hoàng Kim Mộc Nhân,FightNPCHeader12_9,50,0,Hater,1762,788,1762,788,81405,857,116,6,6,100,0,60,0,0,0,60,0,0,0,60,0,0,0,60,0,0,,0,,
7121,Monster,14952,npcGuaiNianHuaMuRenZhenMuTouRenHong110106,100,Thâm Hồng Mộc Nhân,FightNPCHeader12_8,60,0,Hater,2112,944,2112,944,107285,1173,139,7,7,100,0,60,0,0,0,60,0,0,0,60,0,0,0,60,0,0,,0,,
7122,Monster,14953,npcGuaiNianHuaMuRenZhenMuTouRenLu110106,100,Mặc Lục Mộc Nhân,FightNPCHeader12_11,60,0,Hater,2112,944,2112,944,107285,1173,139,7,7,100,0,60,0,0,0,60,0,0,0,60,0,0,0,60,0,0,,0,,
7123,Monster,14954,npcGuaiNianHuaMuRenZhenMuTouRenLan110106,100,Trạm Lam Mộc Nhân,FightNPCHeader12_10,60,0,Hater,2112,944,2112,944,107285,1173,139,7,7,100,0,60,0,0,0,60,0,0,0,60,0,0,0,60,0,0,,0,,
7124,Monster,14955,npcGuaiNianHuaMuRenZhenMuTouRenZi110106,100,Xá Tử Mộc Nhân,FightNPCHeader12_12,60,0,Hater,2112,944,2112,944,107285,1173,139,7,7,100,0,60,0,0,0,60,0,0,0,60,0,0,0,60,0,0,,0,,
7125,Monster,14956,npcGuaiNianHuaMuRenZhenMuTouRenFen110106,100,Đạm Phấn Mộc Nhân,FightNPCHeader12_6,60,0,Hater,2112,944,2112,944,107285,1173,139,7,7,100,0,60,0,0,0,60,0,0,0,60,0,0,0,60,0,0,,0,,
7126,Monster,14957,npcGuaiNianHuaMuRenZhenMuTouRenHei110106,100,Thuần Hắc Mộc Nhân,FightNPCHeader12_7,60,0,Hater,2112,944,2112,944,107285,1173,139,7,7,100,0,60,0,0,0,60,0,0,0,60,0,0,0,60,0,0,,0,,
7127,Monster,14958,npcGuaiNianHuaMuRenZhenMuTouRenBai110106,100,Thuần Bạch Mộc Nhân,FightNPCHeader12_5,60,0,Hater,2112,944,2112,944,107285,1173,139,7,7,100,0,60,0,0,0,60,0,0,0,60,0,0,0,60,0,0,,0,,
7128,Monster,14959,npcGuaiNianHuaMuRenZhenMuTouRenJin110106,100,Hoàng Kim Mộc Nhân,FightNPCHeader12_9,60,0,Hater,2112,944,2112,944,107285,1173,139,7,7,100,0,60,0,0,0,60,0,0,0,60,0,0,0,60,0,0,,0,,
7129,Monster,14960,npcGuaiNianHuaMuRenZhenMuTouRenHong110106,100,Thâm Hồng Mộc Nhân,FightNPCHeader12_8,90,0,Hater,3461,1413,3461,1413,204285,2192,208,9,9,100,0,60,0,0,0,60,0,0,0,60,0,0,0,60,0,0,,0,,
7130,Monster,14961,npcGuaiNianHuaMuRenZhenMuTouRenLu110106,100,Mặc Lục Mộc Nhân,FightNPCHeader12_11,90,0,Hater,3461,1413,3461,1413,204285,2192,208,9,9,100,0,60,0,0,0,60,0,0,0,60,0,0,0,60,0,0,,0,,
7131,Monster,14962,npcGuaiNianHuaMuRenZhenMuTouRenLan110106,100,Trạm Lam Mộc Nhân,FightNPCHeader12_10,90,0,Hater,3461,1413,3461,1413,204285,2192,208,9,9,100,0,60,0,0,0,60,0,0,0,60,0,0,0,60,0,0,,0,,
7132,Monster,14963,npcGuaiNianHuaMuRenZhenMuTouRenZi110106,100,Xá Tử Mộc Nhân,FightNPCHeader12_12,90,0,Hater,3461,1413,3461,1413,204285,2192,208,9,9,100,0,60,0,0,0,60,0,0,0,60,0,0,0,60,0,0,,0,,
7133,Monster,14964,npcGuaiNianHuaMuRenZhenMuTouRenFen110106,100,Đạm Phấn Mộc Nhân,FightNPCHeader12_6,90,0,Hater,3461,1413,3461,1413,204285,2192,208,9,9,100,0,60,0,0,0,60,0,0,0,60,0,0,0,60,0,0,,0,,
7134,Monster,14965,npcGuaiNianHuaMuRenZhenMuTouRenHei110106,100,Thuần Hắc Mộc Nhân,FightNPCHeader12_7,90,0,Hater,3461,1413,3461,1413,204285,2192,208,9,9,100,0,60,0,0,0,60,0,0,0,60,0,0,0,60,0,0,,0,,
7135,Monster,14966,npcGuaiNianHuaMuRenZhenMuTouRenBai110106,100,Thuần Bạch Mộc Nhân,FightNPCHeader12_5,90,0,Hater,3461,1413,3461,1413,204285,2192,208,9,9,100,0,60,0,0,0,60,0,0,0,60,0,0,0,60,0,0,,0,,
7136,Monster,14967,npcGuaiNianHuaMuRenZhenMuTouRenJin110106,100,Hoàng Kim Mộc Nhân,FightNPCHeader12_9,90,0,Hater,3461,1413,3461,1413,204285,2192,208,9,9,100,0,60,0,0,0,60,0,0,0,60,0,0,0,60,0,0,,0,,
7137,Monster,14968,NianHuaMuRenZhenMen01,100,Động Thái Trở Đáng Môn,haiwaizhuanyong1_6,30,243,Hater,706,331,706,331,14980,246,49,3,3,100,0,60,0,0,0,60,0,0,0,60,0,0,0,60,0,0,,0,,
7138,Monster,14969,bossGuaiNianHuaMuRenZhenMuTouRenJin110107,100,Cơ Quan Mộc Nhân,FightNPCHeader12_13,40,21242,Boss,5610,2635,5610,2635,612000,2457,390,21,21,100,0,60,0,0,0,60,0,0,0,60,0,0,0,60,0,0,,0,,
7139,Monster,14970,bossGuaiNianHuaMuRenZhenMuTouRenJin110107,100,Cơ Quan Mộc Nhân,FightNPCHeader12_13,50,28979,Boss,7345,3286,7345,3286,848000,3572,486,25,25,100,0,60,0,0,0,60,0,0,0,60,0,0,0,60,0,0,,0,,
7140,Monster,14971,bossGuaiNianHuaMuRenZhenMuTouRenJin110107,100,Cơ Quan Mộc Nhân,FightNPCHeader12_13,60,37744,Boss,8801,3937,8801,3937,1117600,4888,582,29,29,150,0,60,0,0,0,60,0,0,0,60,0,0,0,60,0,0,,0,,
7141,Monster,14972,bossGuaiNianHuaMuRenZhenMuTouRenJin110107,100,Cơ Quan Mộc Nhân,FightNPCHeader12_13,70,47628,Boss,10256,4588,10256,4588,1420800,6407,678,33,33,200,0,60,0,0,0,60,0,0,0,60,0,0,0,60,0,0,,0,,
7142,Monster,14973,bossGuaiNianHuaMuRenZhenMuTouRenJin110107,100,Cơ Quan Mộc Nhân,FightNPCHeader12_13,80,58584,Boss,11711,5239,11711,5239,1757600,8127,774,37,37,200,0,60,0,0,0,60,0,0,0,60,0,0,0,60,0,0,,0,,
7143,Monster,14974,bossGuaiNianHuaMuRenZhenMuTouRenJin110107,100,Cơ Quan Mộc Nhân,FightNPCHeader12_13,90,67082,Boss,14421,5890,14421,5890,2128000,9135,870,41,41,200,0,60,0,0,0,60,0,0,0,60,0,0,0,60,0,0,,0,,
7144,Monster,14975,bossGuaiNianHuaMuRenZhenMuTouRenJin110107,100,Cơ Quan Mộc Nhân,FightNPCHeader12_13,100,75310,Boss,17407,6541,17407,6541,2532000,10143,966,45,45,250,0,60,0,0,0,60,0,0,0,60,0,0,0,60,0,0,,0,,
7145,Monster,14976,bossGuaiNianHuaMuRenZhenMuTouRenJin110107,100,Cơ Quan Mộc Nhân,FightNPCHeader12_13,110,83181,Boss,19140,7192,19140,7192,2969600,11151,1062,49,49,300,0,60,0,0,0,60,0,0,0,60,0,0,0,60,0,0,,0,,
7146,Monster,14977,bossGuaiNianHuaMuRenZhenMuTouRenJin110107,100,Cơ Quan Mộc Nhân,FightNPCHeader12_13,120,90471,Boss,20872,7843,20872,7843,3238400,12159,1158,53,53,208,0,60,0,0,0,60,0,0,0,60,0,0,0,60,0,0,,0,,
7147,Monster,14978,DuanYu,100,Đoàn Dự,CommonNPCHeader12_3,10,100,Normal,290,136,290,136,26400260,102,20,1,1,100,0,60,0,0,0,60,0,0,0,60,0,0,0,60,0,0,,0,,
7148,Monster,14979,bossGuaiNianHuaMuRenZhenMuTouRenJin110107,100,Cơ Quan Mộc Nhân,FightNPCHeader12_13,50,0,Hater,7345,3286,7345,3286,848000,3572,486,25,25,100,0,60,0,0,0,60,0,0,0,60,0,0,0,60,0,0,,0,,
7149,Monster,14980,PoChi,100,Niêm Hoa Tự Tăng,CommonNPCHeader6_20,50,648,Hater,1469,657,1469,657,42400,714,97,5,5,100,0,60,0,0,0,60,0,0,0,60,0,0,0,60,0,0,,0,,
7150,Monster,14993,npcSuZhouWuJianZhe20120409,100,Tô Châu Khiêu Vũ Đích Nữu,CommonNPCHeader24_14,30,243,Hater,706,331,706,331,14980,246,49,3,3,100,0,60,0,0,0,60,0,0,0,60,0,0,0,60,0,0,,0,,
7151,Monster,14994,npcGaoJiShiPoJiGuan,100,Cao Cấp Thức Phá Cơ Quan,Buff10_1,1,30,Normal,40,19,40,19,90,15,3,1,1,100,0,60,0,0,0,60,0,0,0,60,0,0,0,60,0,0,,0,,
7152,Monster,14995,npcPiaoLiangNu20091030,100,Hạ Doanh Doanh,CommonNPCHeader8_5,20,201,Normal,567,266,567,266,12040,198,39,2,2,100,0,60,0,0,0,60,0,0,0,60,0,0,0,60,0,0,,0,,
7153,Monster,14996,npcZhongRanLongHuoZhu,100,Long Hỏa sắp dập tắt,CommonNPCHeader24_13,50,648,Hater,1469,657,1469,657,42400,714,97,5,5,100,0,60,0,0,0,60,0,0,0,60,0,0,0,60,0,0,,0,,
7154,Monster,14997,npcXuanShangTongQiBang,100,Cáo thị Treo Thưởng,CommonNPCHeader24_3,10,243,Normal,706,331,706,331,14980,246,49,3,3,100,0,60,0,0,0,60,0,0,0,60,0,0,0,60,0,0,,0,,
7155,Monster,14999,npcDingZu100902,100,Thiên Hạ Đệ Nhất Nhân,CommonNPCHeader18_24,1,30,Normal,40,19,40,19,90,15,3,1,1,100,0,60,0,0,0,60,0,0,0,60,0,0,0,60,0,0,,0,,
7156,Monster,15001,npcGuaiBingShengQiZhenShouWeiFeng20110513,100,Phong Trận Thủ Vệ,FightNPCHeader13_24,80,1,Hater,8994,1257,8994,1257,632735,1950,185,8,8,150,0,60,0,0,0,60,0,0,0,60,0,0,0,60,0,0,,0,,
7157,Monster,15002,npcGuaiBingShengQiZhenShouWeiFeng20110513,100,Phong Trận Thủ Vệ,FightNPCHeader13_24,90,1,Hater,14882,1413,14882,1413,766080,2192,208,9,9,200,0,60,0,0,0,60,0,0,0,60,0,0,0,60,0,0,,0,,
7158,Monster,15003,npcGuaiBingShengQiZhenShouWeiFeng20110513,100,Phong Trận Thủ Vệ,FightNPCHeader13_24,100,1,Hater,22142,1569,22142,1569,911520,2434,231,10,10,221,0,60,0,0,0,60,0,0,0,60,0,0,0,60,0,0,,0,,
7159,Monster,15004,npcGuaiBingShengQiZhenShouWeiFeng20110513,100,Phong Trận Thủ Vệ,FightNPCHeader13_24,110,1,Hater,24346,1726,24346,1726,1069055,2676,254,11,11,243,0,60,0,0,0,60,0,0,0,60,0,0,0,60,0,0,,0,,
7160,Monster,15005,npcGuaiBingShengQiZhenShouWeiFeng20110513,100,Phong Trận Thủ Vệ,FightNPCHeader13_24,120,1,Hater,26549,1882,26549,1882,1165820,2918,277,12,12,265,0,60,0,0,0,60,0,0,0,60,0,0,0,60,0,0,,0,,
7161,Monster,15006,bossBingShengQiZhenFeng110429,100,Tiêu Dật Phong,FightNPCHeader13_20,80,1,Boss,30450,2095,2342,2095,11424400,16254,1548,74,74,200,0,60,0,0,0,60,0,0,0,60,0,0,0,60,0,0,0_1_1000;16002_1_20000,0,,
7162,Monster,15007,bossBingShengQiZhenFeng110429,100,Tiêu Dật Phong,FightNPCHeader13_20,90,1,Boss,54799,2356,2884,2356,25536000,18270,1740,82,82,100,0,60,0,0,0,60,0,0,0,60,0,0,0,60,0,0,0_1_1000;16002_1_20000,0,,
7163,Monster,15008,bossBingShengQiZhenFeng110429,100,Tiêu Dật Phong,FightNPCHeader13_20,100,1,Boss,66148,2616,3481,2616,36714000,20286,1932,90,90,100,0,60,0,0,0,60,0,0,0,60,0,0,0,60,0,0,0_1_1000;16002_1_20000,0,,
7164,Monster,15009,bossBingShengQiZhenFeng110429,100,Tiêu Dật Phong,FightNPCHeader13_20,110,1,Boss,72732,2876,3828,2876,43059200,22302,2124,98,98,100,0,60,0,0,0,60,0,0,0,60,0,0,0,60,0,0,0_1_1000;16002_1_20000,0,,
7165,Monster,15010,bossBingShengQiZhenFeng110429,100,Tiêu Dật Phong,FightNPCHeader13_20,120,1,Boss,79315,3137,4174,3137,46956800,24318,2316,106,106,200,0,60,0,0,0,60,0,0,0,60,0,0,0,60,0,0,0_1_1000;16002_1_20000,0,,
7166,Monster,15011,npc_BingShengQiZhenFeng_XuanFeng02,100,Toàn Phong,FightNPCHeader14_4,80,1,Hater,2810,1257,2810,1257,316365,1950,185,8,8,100,0,60,0,0,0,60,0,0,0,60,0,0,0,60,0,0,,0,,
7167,Monster,15012,npc_BingShengQiZhenFeng_XuanFeng02,100,Toàn Phong,FightNPCHeader14_4,90,1,Hater,3461,1413,3461,1413,510720,2192,208,9,9,100,0,60,0,0,0,60,0,0,0,60,0,0,0,60,0,0,,0,,
7168,Monster,15013,npc_BingShengQiZhenFeng_XuanFeng02,100,Toàn Phong,FightNPCHeader14_4,100,1,Hater,4177,1569,4177,1569,759600,2434,231,10,10,100,0,60,0,0,0,60,0,0,0,60,0,0,0,60,0,0,,0,,
7169,Monster,15014,npc_BingShengQiZhenFeng_XuanFeng02,100,Toàn Phong,FightNPCHeader14_4,110,1,Hater,4593,1726,4593,1726,890880,2676,254,11,11,100,0,60,0,0,0,60,0,0,0,60,0,0,0,60,0,0,,0,,
7170,Monster,15015,npc_BingShengQiZhenFeng_XuanFeng02,100,Toàn Phong,FightNPCHeader14_4,120,1,Hater,5009,1882,5009,1882,971520,2918,277,12,12,100,0,60,0,0,0,60,0,0,0,60,0,0,0,60,0,0,,0,,
7171,Monster,15016,npc_BingShengQiZhenFeng_FengLeiDan,100,Phong Lôi Đàn,FightNPCHeader14_6,80,1,Hater,6745,1257,6745,1257,147635,1950,185,8,8,100,0,60,0,0,0,60,0,0,0,60,0,0,0,60,0,0,,0,,
7172,Monster,15017,npc_BingShengQiZhenFeng_FengLeiDan,100,Phong Lôi Đàn,FightNPCHeader14_6,90,1,Hater,10037,1413,10037,1413,242590,2192,208,9,9,100,0,60,0,0,0,60,0,0,0,60,0,0,0,60,0,0,,0,,
7173,Monster,15018,npc_BingShengQiZhenFeng_FengLeiDan,100,Phong Lôi Đàn,FightNPCHeader14_6,100,1,Hater,13368,1569,13368,1569,288645,2434,231,10,10,200,0,60,0,0,0,60,0,0,0,60,0,0,0,60,0,0,,0,,
7174,Monster,15019,npc_BingShengQiZhenFeng_FengLeiDan,100,Phong Lôi Đàn,FightNPCHeader14_6,110,1,Hater,14699,1726,14699,1726,338530,2676,254,11,11,200,0,60,0,0,0,60,0,0,0,60,0,0,0,60,0,0,,0,,
7175,Monster,15020,npc_BingShengQiZhenFeng_FengLeiDan,100,Phong Lôi Đàn,FightNPCHeader14_6,120,1,Hater,16030,1882,16030,1882,369175,2918,277,12,12,250,0,60,0,0,0,60,0,0,0,60,0,0,0,60,0,0,,0,,
7176,Monster,15021,npcGuaiBingShengQiZhenShouWeiLin20110513,100,Lâm Trận Thủ Vệ,FightNPCHeader13_25,80,1,Hater,8994,1257,8994,1257,632735,1950,185,8,8,150,0,60,0,0,0,60,0,0,0,60,0,0,0,60,0,0,,0,,
7177,Monster,15022,npcGuaiBingShengQiZhenShouWeiLin20110513,100,Lâm Trận Thủ Vệ,FightNPCHeader13_25,90,1,Hater,14882,1413,14882,1413,766080,2192,208,9,9,200,0,60,0,0,0,60,0,0,0,60,0,0,0,60,0,0,,0,,
7178,Monster,15023,npcGuaiBingShengQiZhenShouWeiLin20110513,100,Lâm Trận Thủ Vệ,FightNPCHeader13_25,100,1,Hater,22142,1569,22142,1569,911520,2434,231,10,10,221,0,60,0,0,0,60,0,0,0,60,0,0,0,60,0,0,,0,,
7179,Monster,15024,npcGuaiBingShengQiZhenShouWeiLin20110513,100,Lâm Trận Thủ Vệ,FightNPCHeader13_25,110,1,Hater,24346,1726,24346,1726,1069055,2676,254,11,11,243,0,60,0,0,0,60,0,0,0,60,0,0,0,60,0,0,,0,,
7180,Monster,15025,npcGuaiBingShengQiZhenShouWeiLin20110513,100,Lâm Trận Thủ Vệ,FightNPCHeader13_25,120,1,Hater,26549,1882,26549,1882,1165820,2918,277,12,12,265,0,60,0,0,0,60,0,0,0,60,0,0,0,60,0,0,,0,,
7181,Monster,15026,bossBingShengQiZhenLinEr110505,100,Tiêu Như Quân,FightNPCHeader13_21,80,1,Boss,30450,2095,2342,2095,4833400,16254,1548,74,74,200,0,60,0,0,0,60,0,0,0,60,0,0,0,60,0,0,0_1_1000;16006_1_20000,0,,
7182,Monster,15027,bossBingShengQiZhenLinEr110505,100,Tiêu Như Quân,FightNPCHeader13_21,90,1,Boss,54799,2356,2884,2356,10640000,18270,1740,82,82,100,0,60,0,0,0,60,0,0,0,60,0,0,0,60,0,0,0_1_1000;16006_1_20000,0,,
7183,Monster,15028,bossBingShengQiZhenLinEr110505,100,Tiêu Như Quân,FightNPCHeader13_21,100,1,Boss,66148,2616,3481,2616,16458000,20286,1932,90,90,100,0,60,0,0,0,60,0,0,0,60,0,0,0,60,0,0,0_1_1000;16006_1_20000,0,,
7184,Monster,15029,bossBingShengQiZhenLinEr110505,100,Tiêu Như Quân,FightNPCHeader13_21,110,1,Boss,72732,2876,3828,2876,19302400,22302,2124,98,98,100,0,60,0,0,0,60,0,0,0,60,0,0,0,60,0,0,0_1_1000;16006_1_20000,0,,
7185,Monster,15030,bossBingShengQiZhenLinEr110505,100,Tiêu Như Quân,FightNPCHeader13_21,120,1,Boss,79315,3137,4174,3137,21049600,24318,2316,106,106,200,0,60,0,0,0,60,0,0,0,60,0,0,0,60,0,0,0_1_1000;16006_1_20000,0,,
7186,Monster,15031,bossBingShengQiZhenLin110505,100,Tiêu Như Úy,FightNPCHeader13_21,80,1,Boss,30450,2095,2342,2095,4833400,16254,1548,74,74,200,0,60,0,0,0,60,0,0,0,60,0,0,0,60,0,0,0_1_1000;16006_1_20000,0,,
7187,Monster,15032,bossBingShengQiZhenLin110505,100,Tiêu Như Úy,FightNPCHeader13_21,90,1,Boss,54799,2356,2884,2356,10640000,18270,1740,82,82,100,0,60,0,0,0,60,0,0,0,60,0,0,0,60,0,0,0_1_1000;16006_1_20000,0,,
7188,Monster,15033,bossBingShengQiZhenLin110505,100,Tiêu Như Úy,FightNPCHeader13_21,100,1,Boss,66148,2616,3481,2616,16458000,20286,1932,90,90,100,0,60,0,0,0,60,0,0,0,60,0,0,0,60,0,0,0_1_1000;16006_1_20000,0,,
7189,Monster,15034,bossBingShengQiZhenLin110505,100,Tiêu Như Úy,FightNPCHeader13_21,110,1,Boss,72732,2876,3828,2876,19302400,22302,2124,98,98,100,0,60,0,0,0,60,0,0,0,60,0,0,0,60,0,0,0_1_1000;16006_1_20000,0,,
7190,Monster,15035,bossBingShengQiZhenLin110505,100,Tiêu Như Úy,FightNPCHeader13_21,120,1,Boss,79315,3137,4174,3137,21049600,24318,2316,106,106,200,0,60,0,0,0,60,0,0,0,60,0,0,0,60,0,0,0_1_1000;16006_1_20000,0,,
7191,Monster,15036,npcGuaiFengLinHuoShanFuBenTongXinZhuBai,100,Trúc Đồng Tâm-Trắng,FightNPCHeader14_12,80,1,Hater,2810,1257,2810,1257,316365,1950,185,8,8,100,0,60,0,0,0,60,0,0,0,60,0,0,0,60,0,0,,0,,
7192,Monster,15037,npcGuaiFengLinHuoShanFuBenTongXinZhuBai,100,Trúc Đồng Tâm-Trắng,FightNPCHeader14_12,90,1,Hater,3461,1413,3461,1413,510720,2192,208,9,9,100,0,60,0,0,0,60,0,0,0,60,0,0,0,60,0,0,,0,,
7193,Monster,15038,npcGuaiFengLinHuoShanFuBenTongXinZhuBai,100,Trúc Đồng Tâm-Trắng,FightNPCHeader14_12,100,1,Hater,4177,1569,4177,1569,607680,2434,231,10,10,100,0,60,0,0,0,60,0,0,0,60,0,0,0,60,0,0,,0,,
7194,Monster,15039,npcGuaiFengLinHuoShanFuBenTongXinZhuBai,100,Trúc Đồng Tâm-Trắng,FightNPCHeader14_12,110,1,Hater,4593,1726,4593,1726,712700,2676,254,11,11,100,0,60,0,0,0,60,0,0,0,60,0,0,0,60,0,0,,0,,
7195,Monster,15040,npcGuaiFengLinHuoShanFuBenTongXinZhuBai,100,Trúc Đồng Tâm-Trắng,FightNPCHeader14_12,120,1,Hater,5009,1882,5009,1882,777215,2918,277,12,12,100,0,60,0,0,0,60,0,0,0,60,0,0,0,60,0,0,,0,,
7196,Monster,15041,npcGuaiFengLinHuoShanFuBenTongXinZhuZi,100,Trúc Đồng Tâm-Tím,FightNPCHeader14_7,80,1,Hater,2810,1257,2810,1257,316365,1950,185,8,8,100,0,60,0,0,0,60,0,0,0,60,0,0,0,60,0,0,,0,,
7197,Monster,15042,npcGuaiFengLinHuoShanFuBenTongXinZhuZi,100,Trúc Đồng Tâm-Tím,FightNPCHeader14_7,90,1,Hater,3461,1413,3461,1413,510720,2192,208,9,9,100,0,60,0,0,0,60,0,0,0,60,0,0,0,60,0,0,,0,,
7198,Monster,15043,npcGuaiFengLinHuoShanFuBenTongXinZhuZi,100,Trúc Đồng Tâm-Tím,FightNPCHeader14_7,100,1,Hater,4177,1569,4177,1569,607680,2434,231,10,10,100,0,60,0,0,0,60,0,0,0,60,0,0,0,60,0,0,,0,,
7199,Monster,15044,npcGuaiFengLinHuoShanFuBenTongXinZhuZi,100,Trúc Đồng Tâm-Tím,FightNPCHeader14_7,110,1,Hater,4593,1726,4593,1726,712700,2676,254,11,11,100,0,60,0,0,0,60,0,0,0,60,0,0,0,60,0,0,,0,,
7200,Monster,15045,npcGuaiFengLinHuoShanFuBenTongXinZhuZi,100,Trúc Đồng Tâm-Tím,FightNPCHeader14_7,120,1,Hater,5009,1882,5009,1882,777215,2918,277,12,12,100,0,60,0,0,0,60,0,0,0,60,0,0,0,60,0,0,,0,,
7201,Monster,15046,npcGuaiFengLinHuoShanFuBenTongXinZhuHuang,100,Trúc Đồng Tâm-Vàng,FightNPCHeader14_10,80,1,Hater,2810,1257,2810,1257,316365,1950,185,8,8,100,0,60,0,0,0,60,0,0,0,60,0,0,0,60,0,0,,0,,
7202,Monster,15047,npcGuaiFengLinHuoShanFuBenTongXinZhuHuang,100,Trúc Đồng Tâm-Vàng,FightNPCHeader14_10,90,1,Hater,3461,1413,3461,1413,510720,2192,208,9,9,100,0,60,0,0,0,60,0,0,0,60,0,0,0,60,0,0,,0,,
7203,Monster,15048,npcGuaiFengLinHuoShanFuBenTongXinZhuHuang,100,Trúc Đồng Tâm-Vàng,FightNPCHeader14_10,100,1,Hater,4177,1569,4177,1569,607680,2434,231,10,10,100,0,60,0,0,0,60,0,0,0,60,0,0,0,60,0,0,,0,,
7204,Monster,15049,npcGuaiFengLinHuoShanFuBenTongXinZhuHuang,100,Trúc Đồng Tâm-Vàng,FightNPCHeader14_10,110,1,Hater,4593,1726,4593,1726,712700,2676,254,11,11,100,0,60,0,0,0,60,0,0,0,60,0,0,0,60,0,0,,0,,
7205,Monster,15050,npcGuaiFengLinHuoShanFuBenTongXinZhuHuang,100,Trúc Đồng Tâm-Vàng,FightNPCHeader14_10,120,1,Hater,5009,1882,5009,1882,777215,2918,277,12,12,100,0,60,0,0,0,60,0,0,0,60,0,0,0,60,0,0,,0,,
7206,Monster,15051,npcGuaiFengLinHuoShanFuBenTongXinZhuLu,100,Trúc Đồng Tâm-Lục,FightNPCHeader14_8,80,1,Hater,2810,1257,2810,1257,316365,1950,185,8,8,100,0,60,0,0,0,60,0,0,0,60,0,0,0,60,0,0,,0,,
7207,Monster,15052,npcGuaiFengLinHuoShanFuBenTongXinZhuLu,100,Trúc Đồng Tâm-Lục,FightNPCHeader14_8,90,1,Hater,3461,1413,3461,1413,510720,2192,208,9,9,100,0,60,0,0,0,60,0,0,0,60,0,0,0,60,0,0,,0,,
7208,Monster,15053,npcGuaiFengLinHuoShanFuBenTongXinZhuLu,100,Trúc Đồng Tâm-Lục,FightNPCHeader14_8,100,1,Hater,4177,1569,4177,1569,607680,2434,231,10,10,100,0,60,0,0,0,60,0,0,0,60,0,0,0,60,0,0,,0,,
7209,Monster,15054,npcGuaiFengLinHuoShanFuBenTongXinZhuLu,100,Trúc Đồng Tâm-Lục,FightNPCHeader14_8,110,1,Hater,4593,1726,4593,1726,712700,2676,254,11,11,100,0,60,0,0,0,60,0,0,0,60,0,0,0,60,0,0,,0,,
7210,Monster,15055,npcGuaiFengLinHuoShanFuBenTongXinZhuLu,100,Trúc Đồng Tâm-Lục,FightNPCHeader14_8,120,1,Hater,5009,1882,5009,1882,777215,2918,277,12,12,100,0,60,0,0,0,60,0,0,0,60,0,0,0,60,0,0,,0,,
7211,Monster,15056,npcGuaiFengLinHuoShanFuBenTongXinZhuHong,100,Trúc Đồng Tâm-Đỏ,FightNPCHeader14_11,80,1,Hater,2810,1257,2810,1257,316365,1950,185,8,8,100,0,60,0,0,0,60,0,0,0,60,0,0,0,60,0,0,,0,,
7212,Monster,15057,npcGuaiFengLinHuoShanFuBenTongXinZhuHong,100,Trúc Đồng Tâm-Đỏ,FightNPCHeader14_11,90,1,Hater,3461,1413,3461,1413,510720,2192,208,9,9,100,0,60,0,0,0,60,0,0,0,60,0,0,0,60,0,0,,0,,
7213,Monster,15058,npcGuaiFengLinHuoShanFuBenTongXinZhuHong,100,Trúc Đồng Tâm-Đỏ,FightNPCHeader14_11,100,1,Hater,4177,1569,4177,1569,607680,2434,231,10,10,100,0,60,0,0,0,60,0,0,0,60,0,0,0,60,0,0,,0,,
7214,Monster,15059,npcGuaiFengLinHuoShanFuBenTongXinZhuHong,100,Trúc Đồng Tâm-Đỏ,FightNPCHeader14_11,110,1,Hater,4593,1726,4593,1726,712700,2676,254,11,11,100,0,60,0,0,0,60,0,0,0,60,0,0,0,60,0,0,,0,,
7215,Monster,15060,npcGuaiFengLinHuoShanFuBenTongXinZhuHong,100,Trúc Đồng Tâm-Đỏ,FightNPCHeader14_11,120,1,Hater,5009,1882,5009,1882,777215,2918,277,12,12,100,0,60,0,0,0,60,0,0,0,60,0,0,0,60,0,0,,0,,
7216,Monster,15061,npcGuaiFengLinHuoShanFuBenTongXinZhuLan,100,Trúc Đồng Tâm-Lam,FightNPCHeader14_9,80,1,Hater,2810,1257,2810,1257,316365,1950,185,8,8,100,0,60,0,0,0,60,0,0,0,60,0,0,0,60,0,0,,0,,
7217,Monster,15062,npcGuaiFengLinHuoShanFuBenTongXinZhuLan,100,Trúc Đồng Tâm-Lam,FightNPCHeader14_9,90,1,Hater,3461,1413,3461,1413,510720,2192,208,9,9,100,0,60,0,0,0,60,0,0,0,60,0,0,0,60,0,0,,0,,
7218,Monster,15063,npcGuaiFengLinHuoShanFuBenTongXinZhuLan,100,Trúc Đồng Tâm-Lam,FightNPCHeader14_9,100,1,Hater,4177,1569,4177,1569,607680,2434,231,10,10,100,0,60,0,0,0,60,0,0,0,60,0,0,0,60,0,0,,0,,
7219,Monster,15064,npcGuaiFengLinHuoShanFuBenTongXinZhuLan,100,Trúc Đồng Tâm-Lam,FightNPCHeader14_9,110,1,Hater,4593,1726,4593,1726,712700,2676,254,11,11,100,0,60,0,0,0,60,0,0,0,60,0,0,0,60,0,0,,0,,
7220,Monster,15065,npcGuaiFengLinHuoShanFuBenTongXinZhuLan,100,Trúc Đồng Tâm-Lam,FightNPCHeader14_9,120,1,Hater,5009,1882,5009,1882,777215,2918,277,12,12,100,0,60,0,0,0,60,0,0,0,60,0,0,0,60,0,0,,0,,
7221,Monster,15066,npcGuaiBingShengQiZhenShouWeiHuo20110513,100,Hoả Trận Thủ Vệ,FightNPCHeader14_1,80,1,Hater,8994,1257,8994,1257,632735,1950,185,8,8,150,0,60,0,0,0,60,0,0,0,60,0,0,0,60,0,0,,0,,
7222,Monster,15067,npcGuaiBingShengQiZhenShouWeiHuo20110513,100,Hoả Trận Thủ Vệ,FightNPCHeader14_1,90,1,Hater,14882,1413,14882,1413,766080,2192,208,9,9,200,0,60,0,0,0,60,0,0,0,60,0,0,0,60,0,0,,0,,
7223,Monster,15068,npcGuaiBingShengQiZhenShouWeiHuo20110513,100,Hoả Trận Thủ Vệ,FightNPCHeader14_1,100,1,Hater,22142,1569,22142,1569,911520,2434,231,10,10,221,0,60,0,0,0,60,0,0,0,60,0,0,0,60,0,0,,0,,
7224,Monster,15069,npcGuaiBingShengQiZhenShouWeiHuo20110513,100,Hoả Trận Thủ Vệ,FightNPCHeader14_1,110,1,Hater,24346,1726,24346,1726,1069055,2676,254,11,11,243,0,60,0,0,0,60,0,0,0,60,0,0,0,60,0,0,,0,,
7225,Monster,15070,npcGuaiBingShengQiZhenShouWeiHuo20110513,100,Hoả Trận Thủ Vệ,FightNPCHeader14_1,120,1,Hater,26549,1882,26549,1882,1165820,2918,277,12,12,265,0,60,0,0,0,60,0,0,0,60,0,0,0,60,0,0,,0,,
7226,Monster,15071,bossBingShengQiZhenHuo20110513,100,Da Luật Diễm,FightNPCHeader13_22,80,1,Boss,30450,2095,2342,2095,11424400,16254,1548,74,74,200,0,60,0,0,0,60,0,0,0,60,0,0,0,60,0,0,0_1_1000;16015_1_5000,0,,
7227,Monster,15072,bossBingShengQiZhenHuo20110513,100,Da Luật Diễm,FightNPCHeader13_22,90,1,Boss,54799,2356,2884,2356,25536000,18270,1740,82,82,100,0,60,0,0,0,60,0,0,0,60,0,0,0,60,0,0,0_1_1000;16015_1_5000,0,,
7228,Monster,15073,bossBingShengQiZhenHuo20110513,100,Da Luật Diễm,FightNPCHeader13_22,100,1,Boss,66148,2616,3481,2616,36714000,20286,1932,90,90,100,0,60,0,0,0,60,0,0,0,60,0,0,0,60,0,0,0_1_1000;16015_1_5000,0,,
7229,Monster,15074,bossBingShengQiZhenHuo20110513,100,Da Luật Diễm,FightNPCHeader13_22,110,1,Boss,72732,2876,3828,2876,43059200,22302,2124,98,98,100,0,60,0,0,0,60,0,0,0,60,0,0,0,60,0,0,0_1_1000;16015_1_5000,0,,
7230,Monster,15075,bossBingShengQiZhenHuo20110513,100,Da Luật Diễm,FightNPCHeader13_22,120,1,Boss,79315,3137,4174,3137,46956800,24318,2316,106,106,200,0,60,0,0,0,60,0,0,0,60,0,0,0,60,0,0,0_1_1000;16015_1_5000,0,,
7231,Monster,15076,npcGuaiHuoNiu20110922,100,Địa Phủ Ngưu Yêu,FightNPCHeader14_5,80,1,Hater,2810,1257,2810,1257,31636,1950,185,8,8,100,0,60,0,0,0,60,0,0,0,60,0,0,0,60,0,0,,0,,
7232,Monster,15077,npcGuaiHuoNiu20110922,100,Địa Phủ Ngưu Yêu,FightNPCHeader14_5,90,1,Hater,3461,1413,3461,1413,51072,2192,208,9,9,100,0,60,0,0,0,60,0,0,0,60,0,0,0,60,0,0,,0,,
7233,Monster,15078,npcGuaiHuoNiu20110922,100,Địa Phủ Ngưu Yêu,FightNPCHeader14_5,100,1,Hater,4177,1569,4177,1569,75960,2434,231,10,10,100,0,60,0,0,0,60,0,0,0,60,0,0,0,60,0,0,,0,,
7234,Monster,15079,npcGuaiHuoNiu20110922,100,Địa Phủ Ngưu Yêu,FightNPCHeader14_5,110,1,Hater,4593,1726,4593,1726,89088,2676,254,11,11,100,0,60,0,0,0,60,0,0,0,60,0,0,0,60,0,0,,0,,
7235,Monster,15080,npcGuaiHuoNiu20110922,100,Địa Phủ Ngưu Yêu,FightNPCHeader14_5,120,1,Hater,5009,1882,5009,1882,97152,2918,277,12,12,100,0,60,0,0,0,60,0,0,0,60,0,0,0,60,0,0,,0,,
7236,Monster,15081,bossBingShengQiZhenShan20110505FenShenLan,100,Da Luật Liên Thành- Thiết Cốt,FightNPCHeader13_23,80,1,Boss,30450,2095,2342,2095,1669720,16254,1548,74,74,200,0,60,0,0,0,60,0,0,0,60,0,0,0,60,0,0,0_1_1000;16021_1_5000;16022_1_10000,0,,
7237,Monster,15082,bossBingShengQiZhenShan20110505FenShenLan,100,Da Luật Liên Thành- Thiết Cốt,FightNPCHeader13_23,90,1,Boss,54799,2356,2884,2356,3617600,18270,1740,82,82,100,0,60,0,0,0,60,0,0,0,60,0,0,0,60,0,0,0_1_1000;16021_1_5000;16022_1_10000,0,,
7238,Monster,15083,bossBingShengQiZhenShan20110505FenShenLan,100,Da Luật Liên Thành- Thiết Cốt,FightNPCHeader13_23,100,1,Boss,66148,2616,3481,2616,5443800,20286,1932,90,90,100,0,60,0,0,0,60,0,0,0,60,0,0,0,60,0,0,0_1_1000;16021_1_5000;16022_1_10000,0,,
7239,Monster,15084,bossBingShengQiZhenShan20110505FenShenLan,100,Da Luật Liên Thành- Thiết Cốt,FightNPCHeader13_23,110,1,Boss,72732,2876,3828,2876,6384640,22302,2124,98,98,100,0,60,0,0,0,60,0,0,0,60,0,0,0,60,0,0,0_1_1000;16021_1_5000;16022_1_10000,0,,
7240,Monster,15085,bossBingShengQiZhenShan20110505FenShenLan,100,Da Luật Liên Thành- Thiết Cốt,FightNPCHeader13_23,120,1,Boss,79315,3137,4174,3137,6962560,24318,2316,106,106,200,0,60,0,0,0,60,0,0,0,60,0,0,0,60,0,0,0_1_1000;16021_1_5000;16022_1_10000,0,,
7241,Monster,15086,bossBingShengQiZhenShan20110505,100,Da Luật Liên Thành,FightNPCHeader13_23,80,1,Boss,30450,2095,2342,2095,14060800,16254,1548,74,74,200,0,60,0,0,0,60,0,0,0,60,0,0,0,60,0,0,0_1_1000;16021_1_5000;16022_1_10000,0,,
7242,Monster,15087,bossBingShengQiZhenShan20110505,100,Da Luật Liên Thành,FightNPCHeader13_23,90,1,Boss,54799,2356,2884,2356,30856000,18270,1740,82,82,100,0,60,0,0,0,60,0,0,0,60,0,0,0,60,0,0,0_1_1000;16021_1_5000;16022_1_10000,0,,
7243,Monster,15088,bossBingShengQiZhenShan20110505,100,Da Luật Liên Thành,FightNPCHeader13_23,100,1,Boss,66148,2616,3481,2616,43044000,20286,1932,90,90,100,0,60,0,0,0,60,0,0,0,60,0,0,0,60,0,0,0_1_1000;16021_1_5000;16022_1_10000,0,,
7244,Monster,15089,bossBingShengQiZhenShan20110505,100,Da Luật Liên Thành,FightNPCHeader13_23,110,1,Boss,72732,2876,3828,2876,50483200,22302,2124,98,98,100,0,60,0,0,0,60,0,0,0,60,0,0,0,60,0,0,0_1_1000;16021_1_5000;16022_1_10000,0,,
7245,Monster,15090,bossBingShengQiZhenShan20110505,100,Da Luật Liên Thành,FightNPCHeader13_23,120,1,Boss,79315,3137,4174,3137,55052800,24318,2316,106,106,200,0,60,0,0,0,60,0,0,0,60,0,0,0,60,0,0,0_1_1000;16021_1_5000;16022_1_10000,0,,
7246,Monster,15091,npcGuaiShiTou110926,100,Thạch Đồi,FightNPCHeader14_2,80,1,Hater,2810,1257,2810,1257,137090,1950,185,8,8,100,0,60,0,0,0,60,0,0,0,60,0,0,0,60,0,0,,0,,
7247,Monster,15092,npcGuaiShiTou110926,100,Thạch Đồi,FightNPCHeader14_2,90,1,Hater,3461,1413,3461,1413,306430,2192,208,9,9,100,0,60,0,0,0,60,0,0,0,60,0,0,0,60,0,0,,0,,
7248,Monster,15093,npcGuaiShiTou110926,100,Thạch Đồi,FightNPCHeader14_2,100,1,Hater,4177,1569,4177,1569,440565,2434,231,10,10,100,0,60,0,0,0,60,0,0,0,60,0,0,0,60,0,0,,0,,
7249,Monster,15094,npcGuaiShiTou110926,100,Thạch Đồi,FightNPCHeader14_2,110,1,Hater,4593,1726,4593,1726,516710,2676,254,11,11,100,0,60,0,0,0,60,0,0,0,60,0,0,0,60,0,0,,0,,
7250,Monster,15095,npcGuaiShiTou110926,100,Thạch Đồi,FightNPCHeader14_2,120,1,Hater,5009,1882,5009,1882,563480,2918,277,12,12,100,0,60,0,0,0,60,0,0,0,60,0,0,0,60,0,0,,0,,
7251,Monster,15096,bossBingShengQiZhenShan20110505FenShenZi,100,Da Luật Liên Thành- Nguyên Thần,FightNPCHeader13_23,80,1,Boss,30450,2095,2342,2095,1669720,16254,1548,74,74,200,0,60,0,0,0,60,0,0,0,60,0,0,0,60,0,0,0_1_1000;16021_1_5000;16022_1_10000,0,,
7252,Monster,15097,bossBingShengQiZhenShan20110505FenShenZi,100,Da Luật Liên Thành- Nguyên Thần,FightNPCHeader13_23,90,1,Boss,54799,2356,2884,2356,3617600,18270,1740,82,82,100,0,60,0,0,0,60,0,0,0,60,0,0,0,60,0,0,0_1_1000;16021_1_5000;16022_1_10000,0,,
7253,Monster,15098,bossBingShengQiZhenShan20110505FenShenZi,100,Da Luật Liên Thành- Nguyên Thần,FightNPCHeader13_23,100,1,Boss,66148,2616,3481,2616,5443800,20286,1932,90,90,100,0,60,0,0,0,60,0,0,0,60,0,0,0,60,0,0,0_1_1000;16021_1_5000;16022_1_10000,0,,
7254,Monster,15099,bossBingShengQiZhenShan20110505FenShenZi,100,Da Luật Liên Thành- Nguyên Thần,FightNPCHeader13_23,110,1,Boss,72732,2876,3828,2876,6384640,22302,2124,98,98,100,0,60,0,0,0,60,0,0,0,60,0,0,0,60,0,0,0_1_1000;16021_1_5000;16022_1_10000,0,,
7255,Monster,15100,bossBingShengQiZhenShan20110505FenShenZi,100,Da Luật Liên Thành- Nguyên Thần,FightNPCHeader13_23,120,1,Boss,79315,3137,4174,3137,6962560,24318,2316,106,106,200,0,60,0,0,0,60,0,0,0,60,0,0,0,60,0,0,0_1_1000;16021_1_5000;16022_1_10000,0,,
7256,Monster,15101,npcGuaiBingShengQiZhenShouWeiFeng20110513,100,Phong Trận Thủ Vệ,FightNPCHeader13_24,80,1,Hater,28108,1257,28108,1257,1054560,1950,185,8,8,281,0,60,0,0,0,60,0,0,0,60,0,0,0,60,0,0,,0,,
7257,Monster,15102,npcGuaiBingShengQiZhenShouWeiFeng20110513,100,Phong Trận Thủ Vệ,FightNPCHeader13_24,90,1,Hater,34610,1413,34610,1413,1276800,2192,208,9,9,346,0,60,0,0,0,60,0,0,0,60,0,0,0,60,0,0,,0,,
7258,Monster,15103,npcGuaiBingShengQiZhenShouWeiFeng20110513,100,Phong Trận Thủ Vệ,FightNPCHeader13_24,100,1,Hater,41778,1569,41778,1569,1519200,2434,231,10,10,417,0,60,0,0,0,60,0,0,0,60,0,0,0,60,0,0,,0,,
7259,Monster,15104,npcGuaiBingShengQiZhenShouWeiFeng20110513,100,Phong Trận Thủ Vệ,FightNPCHeader13_24,110,1,Hater,45936,1726,45936,1726,1781760,2676,254,11,11,459,0,60,0,0,0,60,0,0,0,60,0,0,0,60,0,0,,0,,
7260,Monster,15105,npcGuaiBingShengQiZhenShouWeiFeng20110513,100,Phong Trận Thủ Vệ,FightNPCHeader13_24,120,1,Hater,50094,1882,50094,1882,1943040,2918,277,12,12,500,0,60,0,0,0,60,0,0,0,60,0,0,0,60,0,0,,0,,
7261,Monster,15106,bossBingShengQiZhenFeng110429,100,Tiêu Dật Phong,FightNPCHeader13_20,80,1,Boss,74954,2095,2342,2095,46576400,16254,1548,74,74,100,0,60,0,0,0,60,0,0,0,60,0,0,0,60,0,0,,0,,
7262,Monster,15107,bossBingShengQiZhenFeng110429,100,Tiêu Dật Phong,FightNPCHeader13_20,90,1,Boss,92294,2356,2884,2356,56392000,18270,1740,82,82,100,0,60,0,0,0,60,0,0,0,60,0,0,0,60,0,0,,0,,
7263,Monster,15108,bossBingShengQiZhenFeng110429,100,Tiêu Dật Phong,FightNPCHeader13_20,100,1,Boss,111408,2616,3481,2616,67098000,20286,1932,90,90,100,0,60,0,0,0,60,0,0,0,60,0,0,0,60,0,0,,0,,
7264,Monster,15109,bossBingShengQiZhenFeng110429,100,Tiêu Dật Phong,FightNPCHeader13_20,110,1,Boss,122496,2876,3828,2876,78694400,22302,2124,98,98,100,0,60,0,0,0,60,0,0,0,60,0,0,0,60,0,0,,0,,
7265,Monster,15110,bossBingShengQiZhenFeng110429,100,Tiêu Dật Phong,FightNPCHeader13_20,120,1,Boss,133584,3137,4174,3137,85817600,24318,2316,106,106,100,0,60,0,0,0,60,0,0,0,60,0,0,0,60,0,0,,0,,
7266,Monster,15111,npc_BingShengQiZhenFeng_XuanFeng02,100,Toàn Phong,FightNPCHeader14_4,80,1,Hater,2810,1257,2810,1257,812010,1950,185,8,8,100,0,60,0,0,0,60,0,0,0,60,0,0,0,60,0,0,,0,,
7267,Monster,15112,npc_BingShengQiZhenFeng_XuanFeng02,100,Toàn Phong,FightNPCHeader14_4,90,1,Hater,3461,1413,3461,1413,983135,2192,208,9,9,100,0,60,0,0,0,60,0,0,0,60,0,0,0,60,0,0,,0,,
7268,Monster,15113,npc_BingShengQiZhenFeng_XuanFeng02,100,Toàn Phong,FightNPCHeader14_4,100,1,Hater,4177,1569,4177,1569,1169780,2434,231,10,10,100,0,60,0,0,0,60,0,0,0,60,0,0,0,60,0,0,,0,,
7269,Monster,15114,npc_BingShengQiZhenFeng_XuanFeng02,100,Toàn Phong,FightNPCHeader14_4,110,1,Hater,4593,1726,4593,1726,1371955,2676,254,11,11,100,0,60,0,0,0,60,0,0,0,60,0,0,0,60,0,0,,0,,
7270,Monster,15115,npc_BingShengQiZhenFeng_XuanFeng02,100,Toàn Phong,FightNPCHeader14_4,120,1,Hater,5009,1882,5009,1882,1496140,2918,277,12,12,100,0,60,0,0,0,60,0,0,0,60,0,0,0,60,0,0,,0,,
7271,Monster,15116,npc_BingShengQiZhenFeng_FengLeiDan,100,Phong Lôi Đàn,FightNPCHeader14_6,80,1,Hater,15459,1257,15459,1257,305820,1950,185,8,8,250,0,60,0,0,0,60,0,0,0,60,0,0,0,60,0,0,,0,,
7272,Monster,15117,npc_BingShengQiZhenFeng_FengLeiDan,100,Phong Lôi Đàn,FightNPCHeader14_6,90,1,Hater,19035,1413,19035,1413,370270,2192,208,9,9,300,0,60,0,0,0,60,0,0,0,60,0,0,0,60,0,0,,0,,
7273,Monster,15118,npc_BingShengQiZhenFeng_FengLeiDan,100,Phong Lôi Đàn,FightNPCHeader14_6,100,1,Hater,22977,1569,22977,1569,440565,2434,231,10,10,229,0,60,0,0,0,60,0,0,0,60,0,0,0,60,0,0,,0,,
7274,Monster,15119,npc_BingShengQiZhenFeng_FengLeiDan,100,Phong Lôi Đàn,FightNPCHeader14_6,110,1,Hater,25264,1726,25264,1726,516710,2676,254,11,11,252,0,60,0,0,0,60,0,0,0,60,0,0,0,60,0,0,,0,,
7275,Monster,15120,npc_BingShengQiZhenFeng_FengLeiDan,100,Phong Lôi Đàn,FightNPCHeader14_6,120,1,Hater,27551,1882,27551,1882,563480,2918,277,12,12,275,0,60,0,0,0,60,0,0,0,60,0,0,0,60,0,0,,0,,
7276,Monster,15121,npcGuaiBingShengQiZhenShouWeiLin20110513,100,Lâm Trận Thủ Vệ,FightNPCHeader13_25,80,1,Hater,28108,1257,28108,1257,1054560,1950,185,8,8,281,0,60,0,0,0,60,0,0,0,60,0,0,0,60,0,0,,0,,
7277,Monster,15122,npcGuaiBingShengQiZhenShouWeiLin20110513,100,Lâm Trận Thủ Vệ,FightNPCHeader13_25,90,1,Hater,34610,1413,34610,1413,1276800,2192,208,9,9,346,0,60,0,0,0,60,0,0,0,60,0,0,0,60,0,0,,0,,
7278,Monster,15123,npcGuaiBingShengQiZhenShouWeiLin20110513,100,Lâm Trận Thủ Vệ,FightNPCHeader13_25,100,1,Hater,41778,1569,41778,1569,1519200,2434,231,10,10,417,0,60,0,0,0,60,0,0,0,60,0,0,0,60,0,0,,0,,
7279,Monster,15124,npcGuaiBingShengQiZhenShouWeiLin20110513,100,Lâm Trận Thủ Vệ,FightNPCHeader13_25,110,1,Hater,45936,1726,45936,1726,1781760,2676,254,11,11,459,0,60,0,0,0,60,0,0,0,60,0,0,0,60,0,0,,0,,
7280,Monster,15125,npcGuaiBingShengQiZhenShouWeiLin20110513,100,Lâm Trận Thủ Vệ,FightNPCHeader13_25,120,1,Hater,50094,1882,50094,1882,1943040,2918,277,12,12,500,0,60,0,0,0,60,0,0,0,60,0,0,0,60,0,0,,0,,
7281,Monster,15126,bossBingShengQiZhenLinEr110505,100,Tiêu Như Quân,FightNPCHeader13_21,80,1,Boss,74954,2095,2342,2095,21091200,16254,1548,74,74,200,0,60,0,0,0,60,0,0,0,60,0,0,0,60,0,0,0_1_1000;16006_1_20000,0,,
7282,Monster,15127,bossBingShengQiZhenLinEr110505,100,Tiêu Như Quân,FightNPCHeader13_21,90,1,Boss,92294,2356,2884,2356,25536000,18270,1740,82,82,100,0,60,0,0,0,60,0,0,0,60,0,0,0,60,0,0,0_1_1000;16006_1_20000,0,,
7283,Monster,15128,bossBingShengQiZhenLinEr110505,100,Tiêu Như Quân,FightNPCHeader13_21,100,1,Boss,111408,2616,3481,2616,30384000,20286,1932,90,90,100,0,60,0,0,0,60,0,0,0,60,0,0,0,60,0,0,0_1_1000;16006_1_20000,0,,
7284,Monster,15129,bossBingShengQiZhenLinEr110505,100,Tiêu Như Quân,FightNPCHeader13_21,110,1,Boss,122496,2876,3828,2876,35635200,22302,2124,98,98,100,0,60,0,0,0,60,0,0,0,60,0,0,0,60,0,0,0_1_1000;16006_1_20000,0,,
7285,Monster,15130,bossBingShengQiZhenLinEr110505,100,Tiêu Như Quân,FightNPCHeader13_21,120,1,Boss,133584,3137,4174,3137,38860800,24318,2316,106,106,200,0,60,0,0,0,60,0,0,0,60,0,0,0,60,0,0,0_1_1000;16006_1_20000,0,,
7286,Monster,15131,bossBingShengQiZhenLin110505,100,Tiêu Như Úy,FightNPCHeader13_21,80,1,Boss,74954,2095,2342,2095,21091200,16254,1548,74,74,200,0,60,0,0,0,60,0,0,0,60,0,0,0,60,0,0,0_1_1000;16006_1_20000,0,,
7287,Monster,15132,bossBingShengQiZhenLin110505,100,Tiêu Như Úy,FightNPCHeader13_21,90,1,Boss,92294,2356,2884,2356,25536000,18270,1740,82,82,100,0,60,0,0,0,60,0,0,0,60,0,0,0,60,0,0,0_1_1000;16006_1_20000,0,,
7288,Monster,15133,bossBingShengQiZhenLin110505,100,Tiêu Như Úy,FightNPCHeader13_21,100,1,Boss,111408,2616,3481,2616,30384000,20286,1932,90,90,100,0,60,0,0,0,60,0,0,0,60,0,0,0,60,0,0,0_1_1000;16006_1_20000,0,,
7289,Monster,15134,bossBingShengQiZhenLin110505,100,Tiêu Như Úy,FightNPCHeader13_21,110,1,Boss,122496,2876,3828,2876,35635200,22302,2124,98,98,100,0,60,0,0,0,60,0,0,0,60,0,0,0,60,0,0,0_1_1000;16006_1_20000,0,,
7290,Monster,15135,bossBingShengQiZhenLin110505,100,Tiêu Như Úy,FightNPCHeader13_21,120,1,Boss,133584,3137,4174,3137,38860800,24318,2316,106,106,200,0,60,0,0,0,60,0,0,0,60,0,0,0,60,0,0,0_1_1000;16006_1_20000,0,,
7291,Monster,15136,npcGuaiFengLinHuoShanFuBenTongXinZhuBai,100,Trúc Đồng Tâm-Trắng,FightNPCHeader14_12,80,1,Hater,2810,1257,2810,1257,558915,1950,185,8,8,100,0,60,0,0,0,60,0,0,0,60,0,0,0,60,0,0,,0,,
7292,Monster,15137,npcGuaiFengLinHuoShanFuBenTongXinZhuBai,100,Trúc Đồng Tâm-Trắng,FightNPCHeader14_12,90,1,Hater,3461,1413,3461,1413,676700,2192,208,9,9,100,0,60,0,0,0,60,0,0,0,60,0,0,0,60,0,0,,0,,
7293,Monster,15138,npcGuaiFengLinHuoShanFuBenTongXinZhuBai,100,Trúc Đồng Tâm-Trắng,FightNPCHeader14_12,100,1,Hater,4177,1569,4177,1569,805175,2434,231,10,10,100,0,60,0,0,0,60,0,0,0,60,0,0,0,60,0,0,,0,,
7294,Monster,15139,npcGuaiFengLinHuoShanFuBenTongXinZhuBai,100,Trúc Đồng Tâm-Trắng,FightNPCHeader14_12,110,1,Hater,4593,1726,4593,1726,944330,2676,254,11,11,100,0,60,0,0,0,60,0,0,0,60,0,0,0,60,0,0,,0,,
7295,Monster,15140,npcGuaiFengLinHuoShanFuBenTongXinZhuBai,100,Trúc Đồng Tâm-Trắng,FightNPCHeader14_12,120,1,Hater,5009,1882,5009,1882,1029810,2918,277,12,12,100,0,60,0,0,0,60,0,0,0,60,0,0,0,60,0,0,,0,,
7296,Monster,15141,npcGuaiFengLinHuoShanFuBenTongXinZhuZi,100,Trúc Đồng Tâm-Tím,FightNPCHeader14_7,80,1,Hater,2810,1257,2810,1257,558915,1950,185,8,8,100,0,60,0,0,0,60,0,0,0,60,0,0,0,60,0,0,,0,,
7297,Monster,15142,npcGuaiFengLinHuoShanFuBenTongXinZhuZi,100,Trúc Đồng Tâm-Tím,FightNPCHeader14_7,90,1,Hater,3461,1413,3461,1413,676700,2192,208,9,9,100,0,60,0,0,0,60,0,0,0,60,0,0,0,60,0,0,,0,,
7298,Monster,15143,npcGuaiFengLinHuoShanFuBenTongXinZhuZi,100,Trúc Đồng Tâm-Tím,FightNPCHeader14_7,100,1,Hater,4177,1569,4177,1569,805175,2434,231,10,10,100,0,60,0,0,0,60,0,0,0,60,0,0,0,60,0,0,,0,,
7299,Monster,15144,npcGuaiFengLinHuoShanFuBenTongXinZhuZi,100,Trúc Đồng Tâm-Tím,FightNPCHeader14_7,110,1,Hater,4593,1726,4593,1726,944330,2676,254,11,11,100,0,60,0,0,0,60,0,0,0,60,0,0,0,60,0,0,,0,,
7300,Monster,15145,npcGuaiFengLinHuoShanFuBenTongXinZhuZi,100,Trúc Đồng Tâm-Tím,FightNPCHeader14_7,120,1,Hater,5009,1882,5009,1882,1029810,2918,277,12,12,100,0,60,0,0,0,60,0,0,0,60,0,0,0,60,0,0,,0,,
7301,Monster,15146,npcGuaiFengLinHuoShanFuBenTongXinZhuHuang,100,Trúc Đồng Tâm-Vàng,FightNPCHeader14_10,80,1,Hater,2810,1257,2810,1257,558915,1950,185,8,8,100,0,60,0,0,0,60,0,0,0,60,0,0,0,60,0,0,,0,,
7302,Monster,15147,npcGuaiFengLinHuoShanFuBenTongXinZhuHuang,100,Trúc Đồng Tâm-Vàng,FightNPCHeader14_10,90,1,Hater,3461,1413,3461,1413,676700,2192,208,9,9,100,0,60,0,0,0,60,0,0,0,60,0,0,0,60,0,0,,0,,
7303,Monster,15148,npcGuaiFengLinHuoShanFuBenTongXinZhuHuang,100,Trúc Đồng Tâm-Vàng,FightNPCHeader14_10,100,1,Hater,4177,1569,4177,1569,805175,2434,231,10,10,100,0,60,0,0,0,60,0,0,0,60,0,0,0,60,0,0,,0,,
7304,Monster,15149,npcGuaiFengLinHuoShanFuBenTongXinZhuHuang,100,Trúc Đồng Tâm-Vàng,FightNPCHeader14_10,110,1,Hater,4593,1726,4593,1726,944330,2676,254,11,11,100,0,60,0,0,0,60,0,0,0,60,0,0,0,60,0,0,,0,,
7305,Monster,15150,npcGuaiFengLinHuoShanFuBenTongXinZhuHuang,100,Trúc Đồng Tâm-Vàng,FightNPCHeader14_10,120,1,Hater,5009,1882,5009,1882,1029810,2918,277,12,12,100,0,60,0,0,0,60,0,0,0,60,0,0,0,60,0,0,,0,,
7306,Monster,15151,npcGuaiFengLinHuoShanFuBenTongXinZhuLu,100,Trúc Đồng Tâm-Lục,FightNPCHeader14_8,80,1,Hater,2810,1257,2810,1257,558915,1950,185,8,8,100,0,60,0,0,0,60,0,0,0,60,0,0,0,60,0,0,,0,,
7307,Monster,15152,npcGuaiFengLinHuoShanFuBenTongXinZhuLu,100,Trúc Đồng Tâm-Lục,FightNPCHeader14_8,90,1,Hater,3461,1413,3461,1413,676700,2192,208,9,9,100,0,60,0,0,0,60,0,0,0,60,0,0,0,60,0,0,,0,,
7308,Monster,15153,npcGuaiFengLinHuoShanFuBenTongXinZhuLu,100,Trúc Đồng Tâm-Lục,FightNPCHeader14_8,100,1,Hater,4177,1569,4177,1569,805175,2434,231,10,10,100,0,60,0,0,0,60,0,0,0,60,0,0,0,60,0,0,,0,,
7309,Monster,15154,npcGuaiFengLinHuoShanFuBenTongXinZhuLu,100,Trúc Đồng Tâm-Lục,FightNPCHeader14_8,110,1,Hater,4593,1726,4593,1726,944330,2676,254,11,11,100,0,60,0,0,0,60,0,0,0,60,0,0,0,60,0,0,,0,,
7310,Monster,15155,npcGuaiFengLinHuoShanFuBenTongXinZhuLu,100,Trúc Đồng Tâm-Lục,FightNPCHeader14_8,120,1,Hater,5009,1882,5009,1882,1029810,2918,277,12,12,100,0,60,0,0,0,60,0,0,0,60,0,0,0,60,0,0,,0,,
7311,Monster,15156,npcGuaiFengLinHuoShanFuBenTongXinZhuHong,100,Trúc Đồng Tâm-Đỏ,FightNPCHeader14_11,80,1,Hater,2810,1257,2810,1257,558915,1950,185,8,8,100,0,60,0,0,0,60,0,0,0,60,0,0,0,60,0,0,,0,,
7312,Monster,15157,npcGuaiFengLinHuoShanFuBenTongXinZhuHong,100,Trúc Đồng Tâm-Đỏ,FightNPCHeader14_11,90,1,Hater,3461,1413,3461,1413,676700,2192,208,9,9,100,0,60,0,0,0,60,0,0,0,60,0,0,0,60,0,0,,0,,
7313,Monster,15158,npcGuaiFengLinHuoShanFuBenTongXinZhuHong,100,Trúc Đồng Tâm-Đỏ,FightNPCHeader14_11,100,1,Hater,4177,1569,4177,1569,805175,2434,231,10,10,100,0,60,0,0,0,60,0,0,0,60,0,0,0,60,0,0,,0,,
7314,Monster,15159,npcGuaiFengLinHuoShanFuBenTongXinZhuHong,100,Trúc Đồng Tâm-Đỏ,FightNPCHeader14_11,110,1,Hater,4593,1726,4593,1726,944330,2676,254,11,11,100,0,60,0,0,0,60,0,0,0,60,0,0,0,60,0,0,,0,,
7315,Monster,15160,npcGuaiFengLinHuoShanFuBenTongXinZhuHong,100,Trúc Đồng Tâm-Đỏ,FightNPCHeader14_11,120,1,Hater,5009,1882,5009,1882,1029810,2918,277,12,12,100,0,60,0,0,0,60,0,0,0,60,0,0,0,60,0,0,,0,,
7316,Monster,15161,npcGuaiFengLinHuoShanFuBenTongXinZhuLan,100,Trúc Đồng Tâm-Lam,FightNPCHeader14_9,80,1,Hater,2810,1257,2810,1257,558915,1950,185,8,8,100,0,60,0,0,0,60,0,0,0,60,0,0,0,60,0,0,,0,,
7317,Monster,15162,npcGuaiFengLinHuoShanFuBenTongXinZhuLan,100,Trúc Đồng Tâm-Lam,FightNPCHeader14_9,90,1,Hater,3461,1413,3461,1413,676700,2192,208,9,9,100,0,60,0,0,0,60,0,0,0,60,0,0,0,60,0,0,,0,,
7318,Monster,15163,npcGuaiFengLinHuoShanFuBenTongXinZhuLan,100,Trúc Đồng Tâm-Lam,FightNPCHeader14_9,100,1,Hater,4177,1569,4177,1569,805175,2434,231,10,10,100,0,60,0,0,0,60,0,0,0,60,0,0,0,60,0,0,,0,,
7319,Monster,15164,npcGuaiFengLinHuoShanFuBenTongXinZhuLan,100,Trúc Đồng Tâm-Lam,FightNPCHeader14_9,110,1,Hater,4593,1726,4593,1726,944330,2676,254,11,11,100,0,60,0,0,0,60,0,0,0,60,0,0,0,60,0,0,,0,,
7320,Monster,15165,npcGuaiFengLinHuoShanFuBenTongXinZhuLan,100,Trúc Đồng Tâm-Lam,FightNPCHeader14_9,120,1,Hater,5009,1882,5009,1882,1029810,2918,277,12,12,100,0,60,0,0,0,60,0,0,0,60,0,0,0,60,0,0,,0,,
7321,Monster,15166,npcGuaiBingShengQiZhenShouWeiHuo20110513,100,Hoả Trận Thủ Vệ,FightNPCHeader14_1,80,1,Hater,28108,1257,28108,1257,1054560,1950,185,8,8,281,0,60,0,0,0,60,0,0,0,60,0,0,0,60,0,0,,0,,
7322,Monster,15167,npcGuaiBingShengQiZhenShouWeiHuo20110513,100,Hoả Trận Thủ Vệ,FightNPCHeader14_1,90,1,Hater,34610,1413,34610,1413,1276800,2192,208,9,9,346,0,60,0,0,0,60,0,0,0,60,0,0,0,60,0,0,,0,,
7323,Monster,15168,npcGuaiBingShengQiZhenShouWeiHuo20110513,100,Hoả Trận Thủ Vệ,FightNPCHeader14_1,100,1,Hater,41778,1569,41778,1569,1519200,2434,231,10,10,417,0,60,0,0,0,60,0,0,0,60,0,0,0,60,0,0,,0,,
7324,Monster,15169,npcGuaiBingShengQiZhenShouWeiHuo20110513,100,Hoả Trận Thủ Vệ,FightNPCHeader14_1,110,1,Hater,45936,1726,45936,1726,1781760,2676,254,11,11,459,0,60,0,0,0,60,0,0,0,60,0,0,0,60,0,0,,0,,
7325,Monster,15170,npcGuaiBingShengQiZhenShouWeiHuo20110513,100,Hoả Trận Thủ Vệ,FightNPCHeader14_1,120,1,Hater,50094,1882,50094,1882,1943040,2918,277,12,12,500,0,60,0,0,0,60,0,0,0,60,0,0,0,60,0,0,,0,,
7326,Monster,15171,bossBingShengQiZhenHuo20110513,100,Da Luật Diễm,FightNPCHeader13_22,80,1,Boss,74954,2095,2342,2095,46576400,16254,1548,74,74,100,0,60,0,0,0,60,0,0,0,60,0,0,0,60,0,0,,0,,
7327,Monster,15172,bossBingShengQiZhenHuo20110513,100,Da Luật Diễm,FightNPCHeader13_22,90,1,Boss,92294,2356,2884,2356,56392000,18270,1740,82,82,100,0,60,0,0,0,60,0,0,0,60,0,0,0,60,0,0,,0,,
7328,Monster,15173,bossBingShengQiZhenHuo20110513,100,Da Luật Diễm,FightNPCHeader13_22,100,1,Boss,111408,2616,3481,2616,67098000,20286,1932,90,90,100,0,60,0,0,0,60,0,0,0,60,0,0,0,60,0,0,,0,,
7329,Monster,15174,bossBingShengQiZhenHuo20110513,100,Da Luật Diễm,FightNPCHeader13_22,110,1,Boss,122496,2876,3828,2876,78694400,22302,2124,98,98,100,0,60,0,0,0,60,0,0,0,60,0,0,0,60,0,0,,0,,
7330,Monster,15175,bossBingShengQiZhenHuo20110513,100,Da Luật Diễm,FightNPCHeader13_22,120,1,Boss,133584,3137,4174,3137,85817600,24318,2316,106,106,100,0,60,0,0,0,60,0,0,0,60,0,0,0,60,0,0,,0,,
7331,Monster,15176,npcGuaiHuoNiu20110922,100,Địa Phủ Ngưu Yêu,FightNPCHeader14_5,80,1,Hater,2810,1257,2810,1257,812010,1950,185,8,8,100,0,60,0,0,0,60,0,0,0,60,0,0,0,60,0,0,,0,,
7332,Monster,15177,npcGuaiHuoNiu20110922,100,Địa Phủ Ngưu Yêu,FightNPCHeader14_5,90,1,Hater,3461,1413,3461,1413,983135,2192,208,9,9,100,0,60,0,0,0,60,0,0,0,60,0,0,0,60,0,0,,0,,
7333,Monster,15178,npcGuaiHuoNiu20110922,100,Địa Phủ Ngưu Yêu,FightNPCHeader14_5,100,1,Hater,4177,1569,4177,1569,1169780,2434,231,10,10,100,0,60,0,0,0,60,0,0,0,60,0,0,0,60,0,0,,0,,
7334,Monster,15179,npcGuaiHuoNiu20110922,100,Địa Phủ Ngưu Yêu,FightNPCHeader14_5,110,1,Hater,4593,1726,4593,1726,1371955,2676,254,11,11,100,0,60,0,0,0,60,0,0,0,60,0,0,0,60,0,0,,0,,
7335,Monster,15180,npcGuaiHuoNiu20110922,100,Địa Phủ Ngưu Yêu,FightNPCHeader14_5,120,1,Hater,5009,1882,5009,1882,1496140,2918,277,12,12,100,0,60,0,0,0,60,0,0,0,60,0,0,0,60,0,0,,0,,
7336,Monster,15181,bossBingShengQiZhenShan20110505FenShenLan,100,Da Luật Liên Thành- Thiết Cốt,FightNPCHeader13_23,80,1,Boss,74954,2095,2342,2095,6766760,16254,1548,74,74,100,0,60,0,0,0,60,0,0,0,60,0,0,0,60,0,0,,0,,
7337,Monster,15182,bossBingShengQiZhenShan20110505FenShenLan,100,Da Luật Liên Thành- Thiết Cốt,FightNPCHeader13_23,90,1,Boss,92294,2356,2884,2356,8192800,18270,1740,82,82,100,0,60,0,0,0,60,0,0,0,60,0,0,0,60,0,0,,0,,
7338,Monster,15183,bossBingShengQiZhenShan20110505FenShenLan,100,Da Luật Liên Thành- Thiết Cốt,FightNPCHeader13_23,100,1,Boss,111408,2616,3481,2616,9748200,20286,1932,90,90,100,0,60,0,0,0,60,0,0,0,60,0,0,0,60,0,0,,0,,
7339,Monster,15184,bossBingShengQiZhenShan20110505FenShenLan,100,Da Luật Liên Thành- Thiết Cốt,FightNPCHeader13_23,110,1,Boss,122496,2876,3828,2876,11432960,22302,2124,98,98,100,0,60,0,0,0,60,0,0,0,60,0,0,0,60,0,0,,0,,
7340,Monster,15185,bossBingShengQiZhenShan20110505FenShenLan,100,Da Luật Liên Thành- Thiết Cốt,FightNPCHeader13_23,120,1,Boss,133584,3137,4174,3137,12467840,24318,2316,106,106,100,0,60,0,0,0,60,0,0,0,60,0,0,0,60,0,0,,0,,
7341,Monster,15186,bossBingShengQiZhenShan20110505,100,Da Luật Liên Thành,FightNPCHeader13_23,80,1,Boss,74954,2095,2342,2095,52728000,16254,1548,74,74,100,0,60,0,0,0,60,0,0,0,60,0,0,0,60,0,0,,0,,
7342,Monster,15187,bossBingShengQiZhenShan20110505,100,Da Luật Liên Thành,FightNPCHeader13_23,90,1,Boss,92294,2356,2884,2356,63840000,18270,1740,82,82,100,0,60,0,0,0,60,0,0,0,60,0,0,0,60,0,0,,0,,
7343,Monster,15188,bossBingShengQiZhenShan20110505,100,Da Luật Liên Thành,FightNPCHeader13_23,100,1,Boss,111408,2616,3481,2616,75960000,20286,1932,90,90,100,0,60,0,0,0,60,0,0,0,60,0,0,0,60,0,0,,0,,
7344,Monster,15189,bossBingShengQiZhenShan20110505,100,Da Luật Liên Thành,FightNPCHeader13_23,110,1,Boss,122496,2876,3828,2876,89088000,22302,2124,98,98,100,0,60,0,0,0,60,0,0,0,60,0,0,0,60,0,0,,0,,
7345,Monster,15190,bossBingShengQiZhenShan20110505,100,Da Luật Liên Thành,FightNPCHeader13_23,120,1,Boss,133584,3137,4174,3137,97152000,24318,2316,106,106,100,0,60,0,0,0,60,0,0,0,60,0,0,0,60,0,0,,0,,
7346,Monster,15191,npcGuaiShiTou110926,100,Thạch Đồi,FightNPCHeader14_2,80,1,Hater,2810,1257,2810,1257,558915,1950,185,8,8,100,0,60,0,0,0,60,0,0,0,60,0,0,0,60,0,0,,0,,
7347,Monster,15192,npcGuaiShiTou110926,100,Thạch Đồi,FightNPCHeader14_2,90,1,Hater,3461,1413,3461,1413,676700,2192,208,9,9,100,0,60,0,0,0,60,0,0,0,60,0,0,0,60,0,0,,0,,
7348,Monster,15193,npcGuaiShiTou110926,100,Thạch Đồi,FightNPCHeader14_2,100,1,Hater,4177,1569,4177,1569,805175,2434,231,10,10,100,0,60,0,0,0,60,0,0,0,60,0,0,0,60,0,0,,0,,
7349,Monster,15194,npcGuaiShiTou110926,100,Thạch Đồi,FightNPCHeader14_2,110,1,Hater,4593,1726,4593,1726,944330,2676,254,11,11,100,0,60,0,0,0,60,0,0,0,60,0,0,0,60,0,0,,0,,
7350,Monster,15195,npcGuaiShiTou110926,100,Thạch Đồi,FightNPCHeader14_2,120,1,Hater,5009,1882,5009,1882,1029810,2918,277,12,12,100,0,60,0,0,0,60,0,0,0,60,0,0,0,60,0,0,,0,,
7351,Monster,15196,bossBingShengQiZhenShan20110505FenShenZi,100,Da Luật Liên Thành- Nguyên Thần,FightNPCHeader13_23,80,1,Boss,74954,2095,2342,2095,6766760,16254,1548,74,74,100,0,60,0,0,0,60,0,0,0,60,0,0,0,60,0,0,,0,,
7352,Monster,15197,bossBingShengQiZhenShan20110505FenShenZi,100,Da Luật Liên Thành- Nguyên Thần,FightNPCHeader13_23,90,1,Boss,92294,2356,2884,2356,8192800,18270,1740,82,82,100,0,60,0,0,0,60,0,0,0,60,0,0,0,60,0,0,,0,,
7353,Monster,15198,bossBingShengQiZhenShan20110505FenShenZi,100,Da Luật Liên Thành- Nguyên Thần,FightNPCHeader13_23,100,1,Boss,111408,2616,3481,2616,9748200,20286,1932,90,90,100,0,60,0,0,0,60,0,0,0,60,0,0,0,60,0,0,,0,,
7354,Monster,15199,bossBingShengQiZhenShan20110505FenShenZi,100,Da Luật Liên Thành- Nguyên Thần,FightNPCHeader13_23,110,1,Boss,122496,2876,3828,2876,11432960,22302,2124,98,98,100,0,60,0,0,0,60,0,0,0,60,0,0,0,60,0,0,,0,,
7355,Monster,15200,bossBingShengQiZhenShan20110505FenShenZi,100,Da Luật Liên Thành- Nguyên Thần,FightNPCHeader13_23,120,1,Boss,133584,3137,4174,3137,12467840,24318,2316,106,106,100,0,60,0,0,0,60,0,0,0,60,0,0,0,60,0,0,,0,,
7356,Monster,15201,CangJingGeKongMoXingDaoChu,100,Phong Môn,haiwaizhuanyong1_6,30,243,Hater,706,331,706,331,14980,246,49,3,3,100,0,60,0,0,0,60,0,0,0,60,0,0,0,60,0,0,,0,,
7357,Monster,15202,CangJingGeKongMoXingDaoChu,100,Lâm Môn,haiwaizhuanyong1_6,30,243,Hater,706,331,706,331,14980,246,49,3,3,100,0,60,0,0,0,60,0,0,0,60,0,0,0,60,0,0,,0,,
7358,Monster,15203,CangJingGeKongMoXingDaoChu,100,Hoả Môn,haiwaizhuanyong1_6,30,243,Hater,706,331,706,331,14980,246,49,3,3,100,0,60,0,0,0,60,0,0,0,60,0,0,0,60,0,0,,0,,
7359,Monster,15204,CangJingGeKongMoXingDaoChu,100,Sơn môn,haiwaizhuanyong1_6,30,243,Hater,706,331,706,331,14980,246,49,3,3,100,0,60,0,0,0,60,0,0,0,60,0,0,0,60,0,0,,0,,
7360,Monster,15205,CangJingGeKongMoXingDaoChu,100,Thiết Cốt Phù Trận,haiwaizhuanyong1_6,30,243,Hater,706,331,706,331,14980,246,49,3,3,100,0,60,0,0,0,60,0,0,0,60,0,0,0,60,0,0,,0,,
7361,Monster,15206,CangJingGeKongMoXingDaoChu,100,Nguyên Thần Phù Trận,haiwaizhuanyong1_6,30,243,Hater,706,331,706,331,14980,246,49,3,3,100,0,60,0,0,0,60,0,0,0,60,0,0,0,60,0,0,,0,,
7362,Monster,15209,npcGuaiShiTou110926,100,Thôn Thiên Thạch,FightNPCHeader11_7,30,243,Hater,706,331,706,331,14980,246,49,3,3,100,0,60,0,0,0,60,0,0,0,60,0,0,0,60,0,0,,0,,
7363,Monster,15211,npcGuaiShiTou110926,100,Thạch Đồi,FightNPCHeader14_2,80,1,Hater,2810,1257,2810,1257,57090,1950,185,8,8,100,0,60,0,0,0,60,0,0,0,60,0,0,0,60,0,0,,0,,
7364,Monster,15212,npcGuaiShiTou110926,100,Thạch Đồi,FightNPCHeader14_2,90,1,Hater,3461,1413,3461,1413,106430,2192,208,9,9,100,0,60,0,0,0,60,0,0,0,60,0,0,0,60,0,0,,0,,
7365,Monster,15213,npcGuaiShiTou110926,100,Thạch Đồi,FightNPCHeader14_2,100,1,Hater,4177,1569,4177,1569,150565,2434,231,10,10,100,0,60,0,0,0,60,0,0,0,60,0,0,0,60,0,0,,0,,
7366,Monster,15214,npcGuaiShiTou110926,100,Thạch Đồi,FightNPCHeader14_2,110,1,Hater,4593,1726,4593,1726,216710,2676,254,11,11,100,0,60,0,0,0,60,0,0,0,60,0,0,0,60,0,0,,0,,
7367,Monster,15215,npcGuaiShiTou110926,100,Thạch Đồi,FightNPCHeader14_2,120,1,Hater,5009,1882,5009,1882,253480,2918,277,12,12,100,0,60,0,0,0,60,0,0,0,60,0,0,0,60,0,0,,0,,
7368,Monster,15216,npcGuaiShiTou110926,100,Thạch Đồi,FightNPCHeader14_2,80,1,Hater,2810,1257,2810,1257,308915,1950,185,8,8,100,0,60,0,0,0,60,0,0,0,60,0,0,0,60,0,0,,0,,
7369,Monster,15217,npcGuaiShiTou110926,100,Thạch Đồi,FightNPCHeader14_2,90,1,Hater,3461,1413,3461,1413,356700,2192,208,9,9,100,0,60,0,0,0,60,0,0,0,60,0,0,0,60,0,0,,0,,
7370,Monster,15218,npcGuaiShiTou110926,100,Thạch Đồi,FightNPCHeader14_2,100,1,Hater,4177,1569,4177,1569,405175,2434,231,10,10,100,0,60,0,0,0,60,0,0,0,60,0,0,0,60,0,0,,0,,
7371,Monster,15219,npcGuaiShiTou110926,100,Thạch Đồi,FightNPCHeader14_2,110,1,Hater,4593,1726,4593,1726,544330,2676,254,11,11,100,0,60,0,0,0,60,0,0,0,60,0,0,0,60,0,0,,0,,
7372,Monster,15220,npcGuaiShiTou110926,100,Thạch Đồi,FightNPCHeader14_2,120,1,Hater,5009,1882,5009,1882,629810,2918,277,12,12,100,0,60,0,0,0,60,0,0,0,60,0,0,0,60,0,0,,0,,
7373,Monster,15221,NPCJinMai_gb,100,Cái Bang Nội Tức,FightNPCHeader10_1,80,1203,Boss,8081,1571,10540,4715,13182000,2438,232,33,11,200,0,60,0,0,0,60,0,0,0,60,0,0,0,60,0,0,,0,,
7374,Monster,15222,NPCJinMai_gb,100,Cái Bang Nội Tức,FightNPCHeader10_1,90,1377,Boss,9950,1767,12978,5301,15960000,2740,261,37,12,200,0,60,0,0,0,60,0,0,0,60,0,0,0,60,0,0,,0,,
7375,Monster,15223,NPCJinMai_gb,100,Cái Bang Nội Tức,FightNPCHeader10_1,100,1546,Boss,12011,1962,15666,5886,18990000,3042,289,40,13,250,0,60,0,0,0,60,0,0,0,60,0,0,0,60,0,0,,0,,
7376,Monster,15224,NPCJinMai_gb,100,Cái Bang Nội Tức,FightNPCHeader10_1,110,1708,Boss,13206,2157,17226,6472,22272000,3345,318,44,14,250,0,60,0,0,0,60,0,0,0,60,0,0,0,60,0,0,,0,,
7377,Monster,15225,NPCJinMai_gb,100,Cái Bang Nội Tức,FightNPCHeader10_1,120,1858,Boss,14402,2352,18785,7058,24288000,3647,347,47,15,300,0,60,0,0,0,60,0,0,0,60,0,0,0,60,0,0,,0,,
7378,Monster,15226,NPCJinMai_wd,100,Võ Đang Nội Tức,FightNPCHeader10_1,80,1203,Static,8081,1571,10540,4715,13182000,2438,232,33,11,200,0,60,0,0,0,60,0,0,0,60,0,0,0,60,0,0,,0,,
7379,Monster,15227,NPCJinMai_wd,100,Võ Đang Nội Tức,FightNPCHeader10_1,90,1377,Static,9950,1767,12978,5301,15960000,2740,261,37,12,200,0,60,0,0,0,60,0,0,0,60,0,0,0,60,0,0,,0,,
7380,Monster,15228,NPCJinMai_wd,100,Võ Đang Nội Tức,FightNPCHeader10_1,100,1546,Static,12011,1962,15666,5886,18990000,3042,289,40,13,250,0,60,0,0,0,60,0,0,0,60,0,0,0,60,0,0,,0,,
7381,Monster,15229,NPCJinMai_wd,100,Võ Đang Nội Tức,FightNPCHeader10_1,110,1708,Static,13206,2157,17226,6472,22272000,3345,318,44,14,250,0,60,0,0,0,60,0,0,0,60,0,0,0,60,0,0,,0,,
7382,Monster,15230,NPCJinMai_wd,100,Võ Đang Nội Tức,FightNPCHeader10_1,120,1858,Static,14402,2352,18785,7058,24288000,3647,347,47,15,300,0,60,0,0,0,60,0,0,0,60,0,0,0,60,0,0,,0,,
7383,Monster,15231,NPCJinMai_em,100,Nga My Nội Tức,FightNPCHeader10_1,80,1203,Boss,8081,1571,10540,4715,13182000,2438,232,33,11,200,0,60,0,0,0,60,0,0,0,60,0,0,0,60,0,0,,0,,
7384,Monster,15232,NPCJinMai_em,100,Nga My Nội Tức,FightNPCHeader10_1,90,1377,Boss,9950,1767,12978,5301,15960000,2740,261,37,12,200,0,60,0,0,0,60,0,0,0,60,0,0,0,60,0,0,,0,,
7385,Monster,15233,NPCJinMai_em,100,Nga My Nội Tức,FightNPCHeader10_1,100,1546,Boss,12011,1962,15666,5886,18990000,3042,289,40,13,250,0,60,0,0,0,60,0,0,0,60,0,0,0,60,0,0,,0,,
7386,Monster,15234,NPCJinMai_em,100,Nga My Nội Tức,FightNPCHeader10_1,110,1708,Boss,13206,2157,17226,6472,22272000,3345,318,44,14,250,0,60,0,0,0,60,0,0,0,60,0,0,0,60,0,0,,0,,
7387,Monster,15235,NPCJinMai_em,100,Nga My Nội Tức,FightNPCHeader10_1,120,1858,Boss,14402,2352,18785,7058,24288000,3647,347,47,15,300,0,60,0,0,0,60,0,0,0,60,0,0,0,60,0,0,,0,,
7388,Monster,15236,NPCJinMai_xx,100,Tinh Túc Nội Tức,FightNPCHeader10_1,80,1203,Boss,8081,1571,10540,4715,13182000,2438,232,33,11,200,0,60,0,0,0,60,0,0,0,60,0,0,0,60,0,0,,0,,
7389,Monster,15237,NPCJinMai_xx,100,Tinh Túc Nội Tức,FightNPCHeader10_1,90,1377,Boss,9950,1767,12978,5301,15960000,2740,261,37,12,200,0,60,0,0,0,60,0,0,0,60,0,0,0,60,0,0,,0,,
7390,Monster,15238,NPCJinMai_xx,100,Tinh Túc Nội Tức,FightNPCHeader10_1,100,1546,Boss,12011,1962,15666,5886,18990000,3042,289,40,13,250,0,60,0,0,0,60,0,0,0,60,0,0,0,60,0,0,,0,,
7391,Monster,15239,NPCJinMai_xx,100,Tinh Túc Nội Tức,FightNPCHeader10_1,110,1708,Boss,13206,2157,17226,6472,22272000,3345,318,44,14,250,0,60,0,0,0,60,0,0,0,60,0,0,0,60,0,0,,0,,
7392,Monster,15240,NPCJinMai_xx,100,Tinh Túc Nội Tức,FightNPCHeader10_1,120,1858,Boss,14402,2352,18785,7058,24288000,3647,347,47,15,300,0,60,0,0,0,60,0,0,0,60,0,0,0,60,0,0,,0,,
7393,Monster,15241,NPCJinMai_dl,100,Thiên Long Nội Tức,FightNPCHeader10_1,80,1203,Boss,8081,1571,10540,4715,13182000,2438,232,33,11,200,0,60,0,0,0,60,0,0,0,60,0,0,0,60,0,0,,0,,
7394,Monster,15242,NPCJinMai_dl,100,Thiên Long Nội Tức,FightNPCHeader10_1,90,1377,Boss,9950,1767,12978,5301,15960000,2740,261,37,12,200,0,60,0,0,0,60,0,0,0,60,0,0,0,60,0,0,,0,,
7395,Monster,15243,NPCJinMai_dl,100,Thiên Long Nội Tức,FightNPCHeader10_1,100,1546,Boss,12011,1962,15666,5886,18990000,3042,289,40,13,250,0,60,0,0,0,60,0,0,0,60,0,0,0,60,0,0,,0,,
7396,Monster,15244,NPCJinMai_dl,100,Thiên Long Nội Tức,FightNPCHeader10_1,110,1708,Boss,13206,2157,17226,6472,22272000,3345,318,44,14,250,0,60,0,0,0,60,0,0,0,60,0,0,0,60,0,0,,0,,
7397,Monster,15245,NPCJinMai_dl,100,Thiên Long Nội Tức,FightNPCHeader10_1,120,1858,Boss,14402,2352,18785,7058,24288000,3647,347,47,15,300,0,60,0,0,0,60,0,0,0,60,0,0,0,60,0,0,,0,,
7398,Monster,15246,NPCJinMai_ts,100,Thiên Sơn Nội Tức,FightNPCHeader10_1,80,1203,Boss,8081,1571,10540,4715,13182000,2438,232,33,11,200,0,60,0,0,0,60,0,0,0,60,0,0,0,60,0,0,,0,,
7399,Monster,15247,NPCJinMai_ts,100,Thiên Sơn Nội Tức,FightNPCHeader10_1,90,1377,Boss,9950,1767,12978,5301,15960000,2740,261,37,12,200,0,60,0,0,0,60,0,0,0,60,0,0,0,60,0,0,,0,,
7400,Monster,15248,NPCJinMai_ts,100,Thiên Sơn Nội Tức,FightNPCHeader10_1,100,1546,Boss,12011,1962,15666,5886,18990000,3042,289,40,13,250,0,60,0,0,0,60,0,0,0,60,0,0,0,60,0,0,,0,,
7401,Monster,15249,NPCJinMai_ts,100,Thiên Sơn Nội Tức,FightNPCHeader10_1,110,1708,Boss,13206,2157,17226,6472,22272000,3345,318,44,14,250,0,60,0,0,0,60,0,0,0,60,0,0,0,60,0,0,,0,,
7402,Monster,15250,NPCJinMai_ts,100,Thiên Sơn Nội Tức,FightNPCHeader10_1,120,1858,Boss,14402,2352,18785,7058,24288000,3647,347,47,15,300,0,60,0,0,0,60,0,0,0,60,0,0,0,60,0,0,,0,,
7403,Monster,15251,NPCJinMai_xy,100,Quỷ Cốc Nội Tức,,80,1203,Static,8081,1571,10540,4715,13182000,2438,232,33,11,200,0,60,0,0,0,60,0,0,0,60,0,0,0,60,0,0,,0,,
7404,Monster,15252,NPCJinMai_xy,100,Quỷ Cốc Nội Tức,,90,1377,Static,9950,1767,12978,5301,15960000,2740,261,37,12,200,0,60,0,0,0,60,0,0,0,60,0,0,0,60,0,0,,0,,
7405,Monster,15253,NPCJinMai_xy,100,Quỷ Cốc Nội Tức,,100,1546,Static,12011,1962,15666,5886,18990000,3042,289,40,13,250,0,60,0,0,0,60,0,0,0,60,0,0,0,60,0,0,,0,,
7406,Monster,15254,NPCJinMai_xy,100,Quỷ Cốc Nội Tức,,110,1708,Static,13206,2157,17226,6472,22272000,3345,318,44,14,250,0,60,0,0,0,60,0,0,0,60,0,0,0,60,0,0,,0,,
7407,Monster,15255,NPCJinMai_xy,100,Quỷ Cốc Nội Tức,,120,1858,Static,14402,2352,18785,7058,24288000,3647,347,47,15,300,0,60,0,0,0,60,0,0,0,60,0,0,0,60,0,0,,0,,
7408,Monster,15256,NPCJinMai_gs,100,Mộ Dung Nội Tức,FightNPCHeader10_1,80,1203,Static,8081,1571,10540,4715,13182000,2438,232,33,11,200,0,60,0,0,0,60,0,0,0,60,0,0,0,60,0,0,,0,,
7409,Monster,15257,NPCJinMai_gs,100,Mộ Dung Nội Tức,FightNPCHeader10_1,90,1377,Static,9950,1767,12978,5301,15960000,2740,261,37,12,200,0,60,0,0,0,60,0,0,0,60,0,0,0,60,0,0,,0,,
7410,Monster,15258,NPCJinMai_gs,100,Mộ Dung Nội Tức,FightNPCHeader10_1,100,1546,Static,12011,1962,15666,5886,18990000,3042,289,40,13,250,0,60,0,0,0,60,0,0,0,60,0,0,0,60,0,0,,0,,
7411,Monster,15259,NPCJinMai_gs,100,Mộ Dung Nội Tức,FightNPCHeader10_1,110,1708,Static,13206,2157,17226,6472,22272000,3345,318,44,14,250,0,60,0,0,0,60,0,0,0,60,0,0,0,60,0,0,,0,,
7412,Monster,15260,NPCJinMai_gs,100,Mộ Dung Nội Tức,FightNPCHeader10_1,120,1858,Static,14402,2352,18785,7058,24288000,3647,347,47,15,300,0,60,0,0,0,60,0,0,0,60,0,0,0,60,0,0,,0,,
7413,Monster,15261,npcGuaiZhanDouNPCXinMo20120213,100,Hắc Sắc Tâm Ma,FightNPCHeader14_15,80,1,Boss,16396,5239,11711,6286,180150,8127,774,111,37,200,0,60,0,0,0,60,0,0,0,60,0,0,0,60,0,0,,0,,
7414,Monster,15262,npcGuaiZhanDouNPCXinMo20120213,100,Hắc Sắc Tâm Ma,FightNPCHeader14_15,90,1,Boss,25957,7068,20189,8246,393680,9135,870,123,41,201,0,60,0,0,0,60,0,0,0,60,0,0,0,60,0,0,,0,,
7415,Monster,15263,npcGuaiZhanDouNPCXinMo20120213,100,Hắc Sắc Tâm Ma,FightNPCHeader14_15,100,1,Boss,31333,7849,24370,9157,468420,10143,966,135,45,243,0,60,0,0,0,60,0,0,0,60,0,0,0,60,0,0,,0,,
7416,Monster,15264,npcGuaiZhanDouNPCXinMo20120213,100,Hắc Sắc Tâm Ma,FightNPCHeader14_15,110,1,Boss,34452,8630,26796,10068,549375,11151,1062,147,49,267,0,60,0,0,0,60,0,0,0,60,0,0,0,60,0,0,,0,,
7417,Monster,15265,npcGuaiZhanDouNPCXinMo20120213,100,Hắc Sắc Tâm Ma,FightNPCHeader14_15,120,1,Boss,37570,9411,29221,10980,599100,12159,1158,159,53,292,0,60,0,0,0,60,0,0,0,60,0,0,0,60,0,0,,0,,
7418,Monster,15266,npcBingKuai120323,100,Hàn Băng,FightNPCHeader14_14,80,1,Hater,2810,1257,2810,1257,179275,1950,185,8,8,100,0,60,0,0,0,60,0,0,0,60,0,0,0,60,0,0,,0,,
7419,Monster,15267,npcBingKuai120323,100,Hàn Băng,FightNPCHeader14_14,90,1,Hater,3461,1413,3461,1413,393250,2192,208,9,9,100,0,60,0,0,0,60,0,0,0,60,0,0,0,60,0,0,,0,,
7420,Monster,15268,npcBingKuai120323,100,Hàn Băng,FightNPCHeader14_14,100,1,Hater,4177,1569,4177,1569,467910,2434,231,10,10,100,0,60,0,0,0,60,0,0,0,60,0,0,0,60,0,0,,0,,
7421,Monster,15269,npcBingKuai120323,100,Hàn Băng,FightNPCHeader14_14,110,1,Hater,4593,1726,4593,1726,548780,2676,254,11,11,100,0,60,0,0,0,60,0,0,0,60,0,0,0,60,0,0,,0,,
7422,Monster,15270,npcBingKuai120323,100,Hàn Băng,FightNPCHeader14_14,120,1,Hater,5009,1882,5009,1882,598455,2918,277,12,12,100,0,60,0,0,0,60,0,0,0,60,0,0,0,60,0,0,,0,,
7423,Monster,15271,npcGuaiZhanDouNPCXinMo20120322,100,Đạt Ma Chánh Tâm,FightNPCHeader14_16,120,1,Boss,37570,9411,29221,10980,1603005,12159,1158,159,53,292,0,60,0,0,0,60,0,0,0,60,0,0,0,60,0,0,,0,,
7424,Monster,15272,npcGuaiZhanDouNPCXinMo20120322,100,Đạt Ma Chánh Tâm,FightNPCHeader14_16,120,1,Boss,37570,9411,29221,10980,1603005,12159,1158,159,53,292,0,60,0,0,0,60,0,0,0,60,0,0,0,60,0,0,,0,,
7425,Monster,15273,bossXiaoYuanShan20110120,100,Tiêu Viễn Sơn,FightNPCHeader13_1,80,37640,Boss,16396,5239,11711,6286,14500200,48762,774,37,37,200,582,60,0,0,582,60,0,0,582,60,0,0,582,60,0,0,,0,,
7426,Monster,15274,bossXiaoYuanShan20110120,100,Tiêu Viễn Sơn,FightNPCHeader13_1,90,64566,Boss,25957,7068,20189,8246,31600800,54810,870,41,41,201,710,60,0,0,710,60,0,0,710,60,0,0,710,60,0,0,,0,,
7427,Monster,15275,bossXiaoYuanShan20110120,100,Tiêu Viễn Sơn,FightNPCHeader13_1,100,72486,Boss,31333,7849,24370,9157,37600200,60858,966,45,45,243,850,60,0,0,850,60,0,0,850,60,0,0,850,60,0,0,,0,,
7428,Monster,15276,bossXiaoYuanShan20110120,100,Tiêu Viễn Sơn,FightNPCHeader13_1,110,80062,Boss,34452,8630,26796,10068,44098560,66906,1062,49,49,267,1005,60,0,0,1005,60,0,0,1005,60,0,0,1005,60,0,0,,0,,
7429,Monster,15277,bossXiaoYuanShan20110120,100,Tiêu Viễn Sơn,FightNPCHeader13_1,120,87078,Boss,37570,9411,29221,10980,48090240,72954,1158,53,53,292,1172,60,0,0,1172,60,0,0,1172,60,0,0,1172,60,0,0,,0,,
7430,Monster,15278,bossMuRongBo110120,100,Mộ Dung Bác,FightNPCHeader12_25,80,37640,Boss,11711,5239,16396,6286,14500200,48762,774,37,37,250,582,60,0,0,582,60,0,0,582,60,0,0,582,60,0,0,,0,,
7431,Monster,15279,bossMuRongBo110120,100,Mộ Dung Bác,FightNPCHeader12_25,90,64566,Boss,20189,7068,25957,8246,31600800,54810,870,41,41,259,710,60,0,0,710,60,0,0,710,60,0,0,710,60,0,0,,0,,
7432,Monster,15280,bossMuRongBo110120,100,Mộ Dung Bác,FightNPCHeader12_25,100,72486,Boss,24370,7849,31333,9157,37600200,60858,966,45,45,313,850,60,0,0,850,60,0,0,850,60,0,0,850,60,0,0,,0,,
7433,Monster,15281,bossMuRongBo110120,100,Mộ Dung Bác,FightNPCHeader12_25,110,80062,Boss,26796,8630,34452,10068,44098560,66906,1062,49,49,344,1005,60,0,0,1005,60,0,0,1005,60,0,0,1005,60,0,0,,0,,
7434,Monster,15282,bossMuRongBo110120,100,Mộ Dung Bác,FightNPCHeader12_25,120,87078,Boss,29221,9411,37570,10980,48090240,72954,1158,53,53,375,1172,60,0,0,1172,60,0,0,1172,60,0,0,1172,60,0,0,,0,,
7435,Monster,15283,npcGuaiZhanDouNPCXinMo20120213,100,Tâm Ma,FightNPCHeader14_15,80,0,Hater,3279,1047,2342,1257,52725,1625,154,22,7,100,0,60,0,0,0,60,0,0,0,60,0,0,0,60,0,0,,0,,
7436,Monster,15284,npcGuaiZhanDouNPCXinMo20120213,100,Tâm Ma,FightNPCHeader14_15,90,0,Hater,5191,1413,4037,1649,127680,1827,174,24,8,100,0,60,0,0,0,60,0,0,0,60,0,0,0,60,0,0,,0,,
7437,Monster,15285,npcGuaiZhanDouNPCXinMo20120213,100,Tâm Ma,FightNPCHeader14_15,100,0,Hater,6266,1569,4874,1831,151920,2028,193,27,9,100,0,60,0,0,0,60,0,0,0,60,0,0,0,60,0,0,,0,,
7438,Monster,15286,npcGuaiZhanDouNPCXinMo20120213,100,Tâm Ma,FightNPCHeader14_15,110,0,Hater,6890,1726,5359,2013,163325,2230,212,29,9,100,0,60,0,0,0,60,0,0,0,60,0,0,0,60,0,0,,0,,
7439,Monster,15287,npcGuaiZhanDouNPCXinMo20120213,100,Tâm Ma,FightNPCHeader14_15,120,0,Hater,7514,1882,5844,2196,178110,2431,231,31,10,100,0,60,0,0,0,60,0,0,0,60,0,0,0,60,0,0,,0,,
7440,Monster,15288,bossXiaoYuanShan20110120,100,Tiêu Viễn Sơn,FightNPCHeader13_1,120,87078,Boss,37570,9411,29221,10980,48090240,72954,1158,53,53,292,1172,60,0,0,1172,60,0,0,1172,60,0,0,1172,60,0,0,,0,,
7441,Monster,15289,bossMuRongBo110120,100,Mộ Dung Bác,FightNPCHeader12_25,120,87078,Boss,29221,9411,37570,10980,48090240,72954,1158,53,53,375,1172,60,0,0,1172,60,0,0,1172,60,0,0,1172,60,0,0,,0,,
7442,Monster,15290,CangJingGeKongMoXingDaoChu,100,Tiêu Viễn Sơn và Mộ Dung Bác,haiwaizhuanyong1_6,120,2599,Hater,4174,1568,4174,1568,1295360,14590,231,10,10,100,0,60,0,0,0,60,0,0,0,60,0,0,0,60,0,0,,0,,
7443,Monster,15300,npcChengShiChanChuLongZhuFengYin,100,Long Trụ bị phong ấn,CommonNPCHeader22_9,85,1824,Hater,2985,1335,2985,1335,8064575,2071,197,9,9,100,0,60,0,0,0,60,0,0,0,60,0,0,0,60,0,0,,0,,
7444,Monster,15301,npcChengShiChanChuLongZhuFengYin,100,Long Trụ bị phong ấn,CommonNPCHeader22_9,95,2076,Hater,3652,1491,3652,1491,9700990,2313,220,10,10,100,0,60,0,0,0,60,0,0,0,60,0,0,0,60,0,0,,0,,
7445,Monster,15302,npcChengShiChanChuLongZhuFengYin,100,Long Trụ bị phong ấn,CommonNPCHeader22_9,105,2320,Hater,4385,1647,4385,1647,11482560,2555,243,11,11,100,0,60,0,0,0,60,0,0,0,60,0,0,0,60,0,0,,0,,
7446,Monster,15303,npcChengShiChanChuLongZhuFengYin,100,Long Trụ bị phong ấn,CommonNPCHeader22_9,115,2552,Hater,4801,1804,4801,1804,13409280,2797,266,12,12,100,0,60,0,0,0,60,0,0,0,60,0,0,0,60,0,0,,0,,
7447,Monster,15304,npcChengShiChanChuLongZhuRi,100,Long Văn Trụ,CommonNPCHeader22_10,85,1824,Hater,2985,1335,2985,1335,560040,2071,197,9,9,100,0,60,0,0,0,60,0,0,0,60,0,0,0,60,0,0,,0,,
7448,Monster,15305,npcChengShiChanChuLongZhuRi,100,Long Văn Trụ,CommonNPCHeader22_10,95,2076,Hater,3652,1491,3652,1491,673680,2313,220,10,10,100,0,60,0,0,0,60,0,0,0,60,0,0,0,60,0,0,,0,,
7449,Monster,15306,npcChengShiChanChuLongZhuRi,100,Long Văn Trụ,CommonNPCHeader22_10,105,2320,Hater,4385,1647,4385,1647,797400,2555,243,11,11,100,0,60,0,0,0,60,0,0,0,60,0,0,0,60,0,0,,0,,
7450,Monster,15307,npcChengShiChanChuLongZhuRi,100,Long Văn Trụ,CommonNPCHeader22_10,115,2552,Hater,4801,1804,4801,1804,931200,2797,266,12,12,100,0,60,0,0,0,60,0,0,0,60,0,0,0,60,0,0,,0,,
7451,Monster,15308,npcBaiHu100914,100,Nguyệt Văn Long Trụ,CommonNPCHeader22_11,85,1824,Hater,2985,1335,2985,1335,560040,2071,197,9,9,100,0,60,0,0,0,60,0,0,0,60,0,0,0,60,0,0,,0,,
7452,Monster,15309,npcBaiHu100914,100,Nguyệt Văn Long Trụ,CommonNPCHeader22_11,95,2076,Hater,3652,1491,3652,1491,673680,2313,220,10,10,100,0,60,0,0,0,60,0,0,0,60,0,0,0,60,0,0,,0,,
7453,Monster,15310,npcBaiHu100914,100,Nguyệt Văn Long Trụ,CommonNPCHeader22_11,105,2320,Hater,4385,1647,4385,1647,797400,2555,243,11,11,100,0,60,0,0,0,60,0,0,0,60,0,0,0,60,0,0,,0,,
7454,Monster,15311,npcBaiHu100914,100,Nguyệt Văn Long Trụ,CommonNPCHeader22_11,115,2552,Hater,4801,1804,4801,1804,931200,2797,266,12,12,100,0,60,0,0,0,60,0,0,0,60,0,0,0,60,0,0,,0,,
7455,Monster,15312,NPCZhuQue100907,100,Tinh VănLong Trụ,CommonNPCHeader22_12,85,1824,Hater,2985,1335,2985,1335,560040,2071,197,9,9,100,0,60,0,0,0,60,0,0,0,60,0,0,0,60,0,0,,0,,
7456,Monster,15313,NPCZhuQue100907,100,Tinh VănLong Trụ,CommonNPCHeader22_12,95,2076,Hater,3652,1491,3652,1491,673680,2313,220,10,10,100,0,60,0,0,0,60,0,0,0,60,0,0,0,60,0,0,,0,,
7457,Monster,15314,NPCZhuQue100907,100,Tinh VănLong Trụ,CommonNPCHeader22_12,105,2320,Hater,4385,1647,4385,1647,797400,2555,243,11,11,100,0,60,0,0,0,60,0,0,0,60,0,0,0,60,0,0,,0,,
7458,Monster,15315,NPCZhuQue100907,100,Tinh VănLong Trụ,CommonNPCHeader22_12,115,2552,Hater,4801,1804,4801,1804,931200,2797,266,12,12,100,0,60,0,0,0,60,0,0,0,60,0,0,0,60,0,0,,0,,
7459,Monster,15316,npcGuaikvkChengShiChanChuFuBenWangLingShouWei20110728,100,Vương Lăng Tạp Dịch,CommonNPCHeader21_14,85,1824,Hater,2985,1335,2985,1335,56000,2071,197,9,9,100,0,60,0,0,0,60,0,0,0,60,0,0,0,60,0,0,,0,,
7460,Monster,15317,npcGuaikvkChengShiChanChuFuBenWangLingShouWei20110728,100,Vương Lăng Tạp Dịch,CommonNPCHeader21_14,95,2076,Hater,3652,1491,3652,1491,67365,2313,220,10,10,100,0,60,0,0,0,60,0,0,0,60,0,0,0,60,0,0,,0,,
7461,Monster,15318,npcGuaikvkChengShiChanChuFuBenWangLingShouWei20110728,100,Vương Lăng Tạp Dịch,CommonNPCHeader21_14,105,2320,Hater,4385,1647,4385,1647,79740,2555,243,11,11,100,0,60,0,0,0,60,0,0,0,60,0,0,0,60,0,0,,0,,
7462,Monster,15319,npcGuaikvkChengShiChanChuFuBenWangLingShouWei20110728,100,Vương Lăng Tạp Dịch,CommonNPCHeader21_14,115,2552,Hater,4801,1804,4801,1804,93120,2797,266,12,12,100,0,60,0,0,0,60,0,0,0,60,0,0,0,60,0,0,,0,,
7463,Monster,15320,npcGuaikvkChengShiChanChuFuBenWangLingShouJiang20110801,100,Vương Lăng Tiểu Tốt,CommonNPCHeader21_13,85,2189,Hater,7463,3338,7463,3338,179210,2071,197,9,9,100,0,60,0,0,0,60,0,0,0,60,0,0,0,60,0,0,,0,,
7464,Monster,15321,npcGuaikvkChengShiChanChuFuBenWangLingShouJiang20110801,100,Vương Lăng Tiểu Tốt,CommonNPCHeader21_13,95,2492,Hater,9130,3729,9130,3729,215575,2313,220,10,10,150,0,60,0,0,0,60,0,0,0,60,0,0,0,60,0,0,,0,,
7465,Monster,15322,npcGuaikvkChengShiChanChuFuBenWangLingShouJiang20110801,100,Vương Lăng Tiểu Tốt,CommonNPCHeader21_13,105,2784,Hater,10964,4119,10964,4119,255165,2555,243,11,11,200,0,60,0,0,0,60,0,0,0,60,0,0,0,60,0,0,,0,,
7466,Monster,15323,npcGuaikvkChengShiChanChuFuBenWangLingShouJiang20110801,100,Vương Lăng Tiểu Tốt,CommonNPCHeader21_13,115,3063,Hater,12003,4510,12003,4510,297980,2797,266,12,12,200,0,60,0,0,0,60,0,0,0,60,0,0,0,60,0,0,,0,,
7467,Monster,15324,npcGuaikvkChengShiChanChuWangLingDuWei20110824,100,Vương Lăng Hãn Tướng,CommonNPCHeader21_15,85,3649,Hater,35825,10683,35825,10683,2800200,2071,197,9,9,358,0,60,0,0,0,60,0,0,0,60,0,0,0,60,0,0,,0,,
7468,Monster,15325,npcGuaikvkChengShiChanChuWangLingDuWei20110824,100,Vương Lăng Hãn Tướng,CommonNPCHeader21_15,95,4153,Hater,43827,11933,43827,11933,3368400,2313,220,10,10,438,0,60,0,0,0,60,0,0,0,60,0,0,0,60,0,0,,0,,
7469,Monster,15326,npcGuaikvkChengShiChanChuWangLingDuWei20110824,100,Vương Lăng Hãn Tướng,CommonNPCHeader21_15,105,4640,Hater,52628,13183,52628,13183,3987000,2555,243,11,11,526,0,60,0,0,0,60,0,0,0,60,0,0,0,60,0,0,,0,,
7470,Monster,15327,npcGuaikvkChengShiChanChuWangLingDuWei20110824,100,Vương Lăng Hãn Tướng,CommonNPCHeader21_15,115,5105,Hater,57618,14433,57618,14433,4656000,2797,266,12,12,576,0,60,0,0,0,60,0,0,0,60,0,0,0,60,0,0,,0,,
7471,Monster,15328,npcGuaikvkChengShiChanChuFuBenWangLingBingYongb110823,100,Ác Linh Binh Dũng,CommonNPCHeader21_18,85,1824,Hater,2985,1335,2985,1335,67200,2071,197,9,9,100,0,60,0,0,0,60,0,0,0,60,0,0,0,60,0,0,,0,,
7472,Monster,15329,npcGuaikvkChengShiChanChuFuBenWangLingBingYongb110823,100,Ác Linh Binh Dũng,CommonNPCHeader21_18,95,2076,Hater,3652,1491,3652,1491,80840,2313,220,10,10,100,0,60,0,0,0,60,0,0,0,60,0,0,0,60,0,0,,0,,
7473,Monster,15330,npcGuaikvkChengShiChanChuFuBenWangLingBingYongb110823,100,Ác Linh Binh Dũng,CommonNPCHeader21_18,105,2320,Hater,4385,1647,4385,1647,95685,2555,243,11,11,100,0,60,0,0,0,60,0,0,0,60,0,0,0,60,0,0,,0,,
7474,Monster,15331,npcGuaikvkChengShiChanChuFuBenWangLingBingYongb110823,100,Ác Linh Binh Dũng,CommonNPCHeader21_18,115,2552,Hater,4801,1804,4801,1804,111740,2797,266,12,12,100,0,60,0,0,0,60,0,0,0,60,0,0,0,60,0,0,,0,,
7475,Monster,15332,npcGuaikvkChengShiChanChuFuBenWangLingBingYonga110823,100,Trung Thành Binh Dũng,CommonNPCHeader21_17,85,1824,Hater,2985,1335,2985,1335,67200,2071,197,9,9,100,0,60,0,0,0,60,0,0,0,60,0,0,0,60,0,0,,0,,
7476,Monster,15333,npcGuaikvkChengShiChanChuFuBenWangLingBingYonga110823,100,Trung Thành Binh Dũng,CommonNPCHeader21_17,95,2076,Hater,3652,1491,3652,1491,80840,2313,220,10,10,100,0,60,0,0,0,60,0,0,0,60,0,0,0,60,0,0,,0,,
7477,Monster,15334,npcGuaikvkChengShiChanChuFuBenWangLingBingYonga110823,100,Trung Thành Binh Dũng,CommonNPCHeader21_17,105,2320,Hater,4385,1647,4385,1647,95685,2555,243,11,11,100,0,60,0,0,0,60,0,0,0,60,0,0,0,60,0,0,,0,,
7478,Monster,15335,npcGuaikvkChengShiChanChuFuBenWangLingBingYonga110823,100,Trung Thành Binh Dũng,CommonNPCHeader21_17,115,2552,Hater,4801,1804,4801,1804,111740,2797,266,12,12,100,0,60,0,0,0,60,0,0,0,60,0,0,0,60,0,0,,0,,
7479,Monster,15336,npcGuaikvkChengShiChanChuFuBenWangLingBingYonga110823,100,Trung Thành Binh Dũng,CommonNPCHeader21_17,85,1824,Hater,2985,1335,2985,1335,67200,2071,197,9,9,100,0,60,0,0,0,60,0,0,0,60,0,0,0,60,0,0,,0,,
7480,Monster,15337,npcGuaikvkChengShiChanChuFuBenWangLingBingYonga110823,100,Trung Thành Binh Dũng,CommonNPCHeader21_17,95,2076,Hater,3652,1491,3652,1491,80840,2313,220,10,10,100,0,60,0,0,0,60,0,0,0,60,0,0,0,60,0,0,,0,,
7481,Monster,15338,npcGuaikvkChengShiChanChuFuBenWangLingBingYonga110823,100,Trung Thành Binh Dũng,CommonNPCHeader21_17,105,2320,Hater,4385,1647,4385,1647,95685,2555,243,11,11,100,0,60,0,0,0,60,0,0,0,60,0,0,0,60,0,0,,0,,
7482,Monster,15339,npcGuaikvkChengShiChanChuFuBenWangLingBingYonga110823,100,Trung Thành Binh Dũng,CommonNPCHeader21_17,115,2552,Hater,4801,1804,4801,1804,111740,2797,266,12,12,100,0,60,0,0,0,60,0,0,0,60,0,0,0,60,0,0,,0,,
7483,Monster,15340,npcBaiHuPo100914,100,Vô Văn Long Trụ,FightNPCHeader1_3,85,5108,Hater,2985,1335,2985,1335,134405,2071,197,9,9,100,0,60,0,0,0,60,0,0,0,60,0,0,0,60,0,0,,0,,
7484,Monster,15341,npcBaiHuPo100914,100,Vô Văn Long Trụ,FightNPCHeader1_3,95,5815,Hater,3652,1491,3652,1491,161680,2313,220,10,10,100,0,60,0,0,0,60,0,0,0,60,0,0,0,60,0,0,,0,,
7485,Monster,15342,npcBaiHuPo100914,100,Vô Văn Long Trụ,FightNPCHeader1_3,105,6496,Hater,4385,1647,4385,1647,191375,2555,243,11,11,100,0,60,0,0,0,60,0,0,0,60,0,0,0,60,0,0,,0,,
7486,Monster,15343,npcBaiHuPo100914,100,Vô Văn Long Trụ,FightNPCHeader1_3,115,7147,Hater,4801,1804,4801,1804,223485,2797,266,12,12,100,0,60,0,0,0,60,0,0,0,60,0,0,0,60,0,0,,0,,
7487,Monster,15344,bosskvkChengShiChanChuFuBenWangLingJian110812,100,Thú Lăng Giám,CommonNPCHeader21_16,85,43892,Boss,74636,11129,74636,11129,8400600,17262,1644,78,78,250,0,60,0,0,0,60,0,0,0,60,0,0,0,60,0,0,,0,,
7488,Monster,15345,bosskvkChengShiChanChuFuBenWangLingJian110812,100,Thú Lăng Giám,CommonNPCHeader21_16,95,49963,Boss,91307,12431,91307,12431,10105200,19278,1836,86,86,250,0,60,0,0,0,60,0,0,0,60,0,0,0,60,0,0,,0,,
7489,Monster,15346,bosskvkChengShiChanChuFuBenWangLingJian110812,100,Thú Lăng Giám,CommonNPCHeader21_16,105,55814,Boss,109642,13733,109642,13733,11961000,21294,2028,94,94,250,0,60,0,0,0,60,0,0,0,60,0,0,0,60,0,0,,0,,
7490,Monster,15347,bosskvkChengShiChanChuFuBenWangLingJian110812,100,Thú Lăng Giám,CommonNPCHeader21_16,115,61411,Boss,120037,15035,120037,15035,13968000,23310,2220,102,102,250,0,60,0,0,0,60,0,0,0,60,0,0,0,60,0,0,,0,,
7491,Monster,15348,npckvkJunTianChengFuBenChuanSongRen20110804,100,Tiêu Thiên Quân,CommonNPCHeader21_12,85,1388,Hater,2487,1112,2487,1112,93340,1726,164,7,7,100,0,60,0,0,0,60,0,0,0,60,0,0,0,60,0,0,,0,,
7492,Monster,15349,npckvkLuoFuChengFuBenRuKou110819,100,Tiêu Bách La,CommonNPCHeader22_22,85,1388,Hater,2487,1112,2487,1112,93340,1726,164,7,7,100,0,60,0,0,0,60,0,0,0,60,0,0,0,60,0,0,,0,,
7493,Monster,15350,npckvkChaoJingChengFuBenChuanSongRen20110808,100,Tiêu Vạn Triều,CommonNPCHeader20_14,85,1388,Hater,2487,1112,2487,1112,93340,1726,164,7,7,100,0,60,0,0,0,60,0,0,0,60,0,0,0,60,0,0,,0,,
7494,Monster,15351,npcGuaiChengShiChanChuFuBenBaoXiangMu110916,100,Mộc Bảo Rương,CommonNPCHeader22_14,85,1388,Hater,2487,1112,2487,1112,93340,1726,164,7,7,100,0,60,0,0,0,60,0,0,0,60,0,0,0,60,0,0,,0,,
7495,Monster,15352,npcGuaiChengShiChanChuFuBenBaoXiangYin110916,100,Ngân Bảo Rương,CommonNPCHeader22_16,85,1388,Hater,2487,1112,2487,1112,93340,1726,164,7,7,100,0,60,0,0,0,60,0,0,0,60,0,0,0,60,0,0,,0,,
7496,Monster,15353,npcGuaiChengShiChanChuFuBenBaoXiangJin110916,100,Kim Bảo Rương,CommonNPCHeader22_13,85,1388,Hater,2487,1112,2487,1112,93340,1726,164,7,7,100,0,60,0,0,0,60,0,0,0,60,0,0,0,60,0,0,,0,,
7497,Monster,15354,npckvkBianShenDaoJuChuShou20110615,100,Văn Ngạn Quảng,CommonNPCHeader19_16,80,1310,Hater,2342,1047,2342,1047,87880,1625,154,7,7,100,0,60,0,0,0,60,0,0,0,60,0,0,0,60,0,0,,0,,
7498,Monster,15355,npckvkBianShenDaoJuChuShou20110615,100,Viên Thiên Thù,CommonNPCHeader19_16,80,1310,Hater,2342,1047,2342,1047,87880,1625,154,7,7,100,0,60,0,0,0,60,0,0,0,60,0,0,0,60,0,0,,0,,
7499,Monster,15356,npckvkBianShenDaoJuChuShou20110615,100,Thạch Thái Tiên,CommonNPCHeader19_16,80,1310,Hater,2342,1047,2342,1047,87880,1625,154,7,7,100,0,60,0,0,0,60,0,0,0,60,0,0,0,60,0,0,,0,,
7500,Monster,15357,npckvkBianShenDaoJuChuShou20110615,100,Thôi Cửu Biến,CommonNPCHeader19_16,80,1310,Hater,2342,1047,2342,1047,87880,1625,154,7,7,100,0,60,0,0,0,60,0,0,0,60,0,0,0,60,0,0,,0,,
