RowIndex,Tag,ID,ResName,Scale,Name,Avarta,Level,Exp,Type,PhysAtk,PhysDef,MagicAtk,MagicDef,MaxHP,Hit,Dodge,CritAtk,CritDef,MoveSpeed,IceAtk,IceRes,IceNeg,IceBreak,FireAtk,FireRes,FireNeg,FireBreak,LightAtk,LightRes,LightNeg,LightBreak,PoisonAtk,PoisonRes,PoisonNeg,PoisonBreak,Skills,AIID,Text,ChildrenJSON
16501,Monster,42195,ShaoLinLaoSeng,100,Võ Tăng Phân Thân,CommonNPCHeader3_20,200,111669,Hater,10880,15792,10880,15792,7800000,116254,11548,174,174,200,0,60,0,0,0,60,0,0,0,60,0,0,0,60,0,0,,0,,
16502,Monster,42196,JiuMoZhi,100,Cưu Ma Trí,CommonNPCHeader12_6,135,131696,Boss,75264,67738,75264,67738,39200000,77112,1836,43,86,752,0,60,0,0,0,60,0,0,0,60,0,0,0,60,0,0,,0,,
16503,Monster,42197,JiuMoZhi,100,Cưu Ma Trí,CommonNPCHeader12_6,135,131696,Boss,75264,67738,75264,67738,39200000,77112,1836,43,86,752,0,60,0,0,0,60,0,0,0,60,0,0,0,60,0,0,,0,,
16504,Monster,42199,SuXingHe,100,Trang Tụ Hiền,CommonNPCHeader8_2,135,131696,Boss,100352,90317,100352,90317,8800000,77112,1836,86,43,1003,0,60,0,0,0,60,0,0,0,60,0,0,16848,60,0,0,,0,,
16505,Monster,42200,MuRongFu,100,Mộ Dung Phục,CommonNPCHeader12_5,135,189620,Boss,131988,118789,126493,118789,36849640,77112,1836,86,43,1264,0,60,0,0,0,60,0,0,0,60,0,0,93600,60,0,0,,0,,
16506,Monster,42201,MuRongFu,100,Mộ Dung Phục,CommonNPCHeader12_5,135,189620,Boss,131988,118790,126493,118790,36849640,77112,1836,86,43,1264,0,60,0,0,0,60,0,0,0,60,0,0,93600,60,0,0,,0,,
16507,Monster,42202,QinJiaZhaiJiaoTouTouMu,100,Diêu Bá Đương,CommonNPCHeader5_7,135,131696,Boss,137984,124186,137984,124186,38200000,96390,183,8,8,1379,0,60,0,0,0,60,0,0,0,60,0,0,0,60,0,0,,0,,
16508,Monster,42203,DaYanShiTouMu,100,Tư Mã Lâm,FightNPCHeader5_8,135,131696,Boss,137984,124186,137984,124186,38200000,96390,183,8,8,1379,0,60,0,0,0,60,0,0,0,60,0,0,0,60,0,0,,0,,
16509,Monster,42204,TianShanTongMu,100,Thiên Sơn Đồng Lão,CommonNPCHeader3_4,135,131696,Boss,150528,135475,150528,135475,4800000,11566,1101,51,51,1505,0,60,0,0,0,60,0,0,0,60,0,0,0,60,0,0,,0,,
16510,Monster,42205,npcLiFan,100,Lập Phồn,CommonNPCHeader14_8,95,326,Boss,212,890,212,890,8030,2891,275,12,12,100,0,60,0,0,0,60,0,0,0,60,0,0,0,60,0,0,,0,,
16511,Monster,42206,DingChunQiu,100,Đinh Xuân Thu,CommonNPCHeader3_5,135,1031696,Boss,188160,169344,188160,169344,26400000,19278,1836,86,86,1881,0,60,0,0,0,60,0,0,0,60,0,0,0,60,0,0,,0,,
16512,Monster,42207,DingChunQiu,100,Đinh Xuân Thu,CommonNPCHeader3_5,135,1031696,Boss,188160,169344,188160,169344,26400000,19278,1836,86,86,1881,0,60,0,0,0,60,0,0,0,60,0,0,0,60,0,0,,0,,
16513,Monster,42208,BaiSeBingTian,100,Băng Tằm,PetHeader1_2,135,131696,Boss,75264,67738,75264,67738,4200000,46267,1101,51,51,752,0,60,0,0,0,60,0,0,0,60,0,0,0,60,0,0,,0,,
16514,Monster,42209,DongBaboss,100,Toái Phiến Sứ Giả,FightNPCHeader8_21,110,13435,Boss,12244,10108,14488,10108,2836000,982,156,8,8,200,0,60,0,0,0,60,0,0,0,60,0,0,0,60,0,0,,0,,
16515,Monster,42210,bossLieJinMingWang,100,Không Gian Thủ Vọng Giả,FightNPCHeader1_7,120,82851,Boss,56000,52000,56000,52000,45900000,1625,1548,149,149,560,0,90,0,0,9320,90,0,0,0,90,0,0,0,90,0,0,,0,,
16516,Monster,42211,NanHaiHaiDao,100,Thăng Cấp Sứ Giả,FightNPCHeader7_13,120,117348,Hater,10244,10108,14488,10108,2336000,2192,208,9,9,200,0,60,0,0,0,60,0,0,0,60,0,0,0,60,0,0,,0,,
16517,Monster,42212,QinJiaZhaiTanZi,100,Thăng Cấp Sứ Giả,FightNPCHeader5_17,130,127348,Boss,11244,11108,15488,11108,2536000,6206,591,27,27,250,0,60,0,0,0,60,0,0,0,60,0,0,0,60,0,0,,0,,
16518,Monster,42213,BiaoTou,100,Thăng Cấp Sứ Giả,CommonNPCHeader8_24,140,137348,Hater,12244,12108,16488,12108,2836000,4853,462,20,20,250,0,60,0,0,0,60,0,0,0,60,0,0,0,60,0,0,,0,,
16519,Monster,42214,BiaoTou,100,Thăng Cấp Sứ Giả,CommonNPCHeader8_24,150,147348,Boss,13244,13108,17488,13108,3036000,6872,654,30,30,250,0,60,0,0,0,60,0,0,0,60,0,0,0,60,0,0,,0,,
16520,Monster,42215,bossLieJinMingWang,100,Ngã Điệu Minh Thạch,FightNPCHeader1_7,150,207348,Boss,56000,52000,56000,52000,45900000,1625,1548,149,149,560,0,90,0,0,9320,90,0,0,0,90,0,0,0,90,0,0,,0,,
16521,Monster,42216,bossLieJinMingWang,100,Ngã Điệu Minh Thạch,FightNPCHeader1_7,150,207348,Boss,60000,60000,60000,60000,45900000,1625,1548,149,149,600,0,90,0,0,9320,90,0,0,0,90,0,0,0,90,0,0,,0,,
16522,Monster,42217,bossLieJinMingWang,100,Ngã Điệu Minh Thạch,FightNPCHeader1_7,150,207348,Boss,66000,66000,66000,66000,45900000,1625,1548,149,149,660,0,90,0,0,9320,90,0,0,0,90,0,0,0,90,0,0,,0,,
16523,Monster,42218,bossLieJinMingWang,100,Ngã Điệu Minh Thạch,FightNPCHeader1_7,150,207348,Boss,70000,70000,70000,70000,45900000,1625,1548,149,149,700,0,90,0,0,9320,90,0,0,0,90,0,0,0,90,0,0,,0,,
16524,Monster,42219,DuanYanQing,100,Đoàn Diên Khánh,CommonNPCHeader12_4,150,101696,Boss,13625,13703,24313,13703,48472000,40445,3852,682,170,243,0,60,0,0,0,60,0,0,0,60,0,0,0,60,0,0,,0,,
16525,Monster,42220,XieErNiang,100,Diệp Nhị Nương,CommonNPCHeader8_15,150,73396,Boss,14588,15482,29175,10963,49849920,72802,6933,102,102,291,0,60,0,0,0,60,0,0,0,60,0,0,0,60,0,0,,0,,
16526,Monster,42222,YunZhongHe,100,Vân Trung Hạc,CommonNPCHeader3_7,150,73396,Boss,29175,15482,14588,15482,49849920,48535,6933,204,204,200,0,60,0,0,0,60,0,0,0,60,0,0,0,60,0,0,,0,,
16527,Monster,42223,DuanYanQing,100,Đoàn Diên Khánh,CommonNPCHeader12_4,150,101696,Boss,13625,13703,24313,13703,48472000,40445,3852,682,170,243,0,60,0,0,0,60,0,0,0,60,0,0,0,60,0,0,,0,,
16528,Monster,42224,XieErNiang,100,Diệp Nhị Nương,CommonNPCHeader8_15,150,73396,Boss,14588,15482,29175,10963,49849920,72802,6933,102,102,291,0,60,0,0,0,60,0,0,0,60,0,0,0,60,0,0,,0,,
16529,Monster,42225,NanHaiEShen,100,Nhạc Lão Tam,FightNPCHeader3_25,150,73396,Boss,29175,10963,14588,15482,46466560,24267,2311,204,102,200,0,60,0,0,0,60,0,0,0,60,0,0,0,60,0,0,,0,,
16530,Monster,42226,YunZhongHe,100,Vân Trung Hạc,CommonNPCHeader3_7,150,73396,Boss,29175,15482,14588,15482,49849920,48535,6933,204,204,200,0,60,0,0,0,60,0,0,0,60,0,0,0,60,0,0,,0,,
16531,Monster,42227,DuanYanQing,100,Đoàn Diên Khánh,CommonNPCHeader12_4,150,101696,Boss,13625,13703,24313,13703,48472000,40445,3852,682,170,243,0,60,0,0,0,60,0,0,0,60,0,0,0,60,0,0,,0,,
16532,Monster,42228,XieErNiang,100,Diệp Nhị Nương,CommonNPCHeader8_15,150,73396,Boss,14588,15482,29175,10963,49849920,72802,6933,102,102,291,0,60,0,0,0,60,0,0,0,60,0,0,0,60,0,0,,0,,
16533,Monster,42229,NanHaiEShen,100,Nhạc Lão Tam,FightNPCHeader3_25,150,73396,Boss,29175,10963,14588,15482,46466560,24267,2311,204,102,200,0,60,0,0,0,60,0,0,0,60,0,0,0,60,0,0,,0,,
16534,Monster,42230,YunZhongHe,100,Vân Trung Hạc,CommonNPCHeader3_7,150,73396,Boss,29175,15482,14588,15482,49849920,48535,6933,204,204,200,0,60,0,0,0,60,0,0,0,60,0,0,0,60,0,0,,0,,
16535,Monster,42231,DuanYanQing,100,Đoàn Diên Khánh,CommonNPCHeader12_4,150,101696,Boss,13625,13703,24313,13703,48472000,40445,3852,682,170,243,0,60,0,0,0,60,0,0,0,60,0,0,0,60,0,0,,0,,
16536,Monster,42232,XieErNiang,100,Diệp Nhị Nương,CommonNPCHeader8_15,150,73396,Boss,14588,15482,29175,10963,49849920,72802,6933,102,102,291,0,60,0,0,0,60,0,0,0,60,0,0,0,60,0,0,,0,,
16537,Monster,42233,NanHaiEShen,100,Nhạc Lão Tam,FightNPCHeader3_25,150,73396,Boss,29175,10963,14588,15482,46466560,24267,2311,204,102,200,0,60,0,0,0,60,0,0,0,60,0,0,0,60,0,0,,0,,
16538,Monster,42234,YunZhongHe,100,Vân Trung Hạc,CommonNPCHeader3_7,150,73396,Boss,29175,15482,14588,15482,49849920,48535,6933,204,204,200,0,60,0,0,0,60,0,0,0,60,0,0,0,60,0,0,,0,,
16539,Monster,42235,DuanYanQing,100,Đoàn Diên Khánh,CommonNPCHeader12_4,150,101696,Boss,13625,13703,24313,13703,48472000,40445,3852,682,170,243,0,60,0,0,0,60,0,0,0,60,0,0,0,60,0,0,,0,,
16540,Monster,42236,XieErNiang,100,Diệp Nhị Nương,CommonNPCHeader8_15,150,73396,Boss,14588,15482,29175,10963,49849920,72802,6933,102,102,291,0,60,0,0,0,60,0,0,0,60,0,0,0,60,0,0,,0,,
16541,Monster,42237,NanHaiEShen,100,Nhạc Lão Tam,FightNPCHeader3_25,150,73396,Boss,29175,10963,14588,15482,46466560,24267,2311,204,102,200,0,60,0,0,0,60,0,0,0,60,0,0,0,60,0,0,,0,,
16542,Monster,42238,YunZhongHe,100,Vân Trung Hạc,CommonNPCHeader3_7,150,73396,Boss,29175,15482,14588,15482,49849920,48535,6933,204,204,200,0,60,0,0,0,60,0,0,0,60,0,0,0,60,0,0,,0,,
16543,Monster,43000,SongDaGuanYuan2,100,Hô Diên Khánh,CommonNPCHeader10_2,100,5260,Boss,7656,2876,7656,2876,296960,4460,424,19,19,150,0,60,0,0,0,60,0,0,0,60,0,0,0,60,0,0,,0,,
16544,Monster,43001,DaCaoGuSongBingTouMu,100,Tống quân binh sĩ,CommonNPCHeader5_16,100,2445,Hater,4593,1726,4593,1726,712700,2676,254,11,11,100,0,60,0,0,0,60,0,0,0,60,0,0,0,60,0,0,,0,,
16545,Monster,43002,SongJiangShi4,100,Hô Diên Báo,CommonNPCHeader10_8,100,5260,Boss,7656,2876,7656,2876,1781760,4460,424,19,19,150,0,60,0,0,0,60,0,0,0,60,0,0,0,60,0,0,,0,,
16546,Monster,43003,SongJiangShi3,100,Tiền Hoành Vũ,CommonNPCHeader10_7,100,5260,Boss,7656,2876,7656,2876,1781760,4460,424,19,19,150,0,60,0,0,0,60,0,0,0,60,0,0,0,60,0,0,,0,,
16547,Monster,43004,JingYingXiXiaHuiYiWuShi,100,Nhất Phẩm Đường Võ Sĩ,CommonNPCHeader5_18,100,2445,Hater,9187,1726,4593,1726,712700,2676,254,11,11,100,0,60,0,0,0,60,0,0,0,60,0,0,0,60,0,0,,0,,
16548,Monster,43006,ShiRenYanShi,100,Đệ tử phái Thanh Thành,FightNPCHeader5_7,100,2445,Hater,4593,1726,13780,3452,445440,2676,254,11,11,200,0,60,0,0,0,60,0,0,0,60,0,0,0,60,0,0,,0,,
16549,Monster,43007,XiCangLaMa,100,Thổ Phồn Lạt Ma,CommonNPCHeader5_10,100,2934,Hater,9187,3452,9187,3452,712700,2676,254,11,11,150,0,60,0,0,0,60,0,0,0,60,0,0,0,60,0,0,,0,,
16550,Monster,43008,JuXianZhuangJiaDing,100,Yến Tử Trang Đinh,CommonNPCHeader11_9,100,2445,Hater,9187,3452,9187,3452,356350,2676,254,11,11,150,0,60,0,0,0,60,0,0,0,60,0,0,0,60,0,0,,0,,
16551,Monster,43009,LianNuTa,100,Tháp liên nỗ,FightNPCHeader2_12,100,5260,Boss,7656,5753,7656,5753,890880,4460,424,19,19,150,0,60,0,0,0,60,0,0,0,60,0,0,0,60,0,0,,0,,
16552,Monster,43010,ShouYuTa,100,Tháp phòng ngự,FightNPCHeader2_14,100,5260,Boss,7656,5753,7656,5753,890880,4460,424,19,19,150,0,60,0,0,0,60,0,0,0,60,0,0,0,60,0,0,,0,,
16553,Monster,43011,ZhiLiaoTa,100,Tháp trị liệu,FightNPCHeader2_13,100,5260,Boss,7656,5753,7656,5753,890880,4460,424,19,19,150,0,60,0,0,0,60,0,0,0,60,0,0,0,60,0,0,,0,,
16554,Monster,43012,DuanYanQing,100,Đoàn Diên Khánh,CommonNPCHeader12_4,100,470546,Boss,76560,21576,38280,21576,7424000,22302,2124,394,98,382,0,60,0,0,0,60,0,0,0,60,0,0,0,60,0,0,,0,,
16555,Monster,43013,XieErNiang,100,Diệp Nhị Nương,CommonNPCHeader8_15,100,54672,Boss,22968,8630,45936,17260,2672640,40143,3823,59,59,459,0,60,0,0,0,60,0,0,0,60,0,0,0,60,0,0,,0,,
16556,Monster,43014,NanHaiEShen,100,Nhạc Lão Tam,FightNPCHeader3_25,100,54672,Boss,45936,17260,22968,8630,3563520,13381,1274,118,59,229,0,60,0,0,0,60,0,0,0,60,0,0,0,60,0,0,,0,,
16557,Monster,43015,YunZhongHe,100,Vân Trung Hạc,CommonNPCHeader3_7,100,54672,Boss,45936,8630,22968,8630,2672640,26762,3823,118,118,229,0,60,0,0,0,60,0,0,0,60,0,0,0,60,0,0,,0,,
16558,Monster,43016,QinJiaZhaiJiaoTouTouMu,100,Diêu Bá Đương,CommonNPCHeader5_7,100,54672,Boss,45936,8630,22968,8630,3563520,13381,1274,59,59,229,0,60,0,0,0,60,0,0,0,60,0,0,0,60,0,0,,0,,
16559,Monster,43017,DaYanShiTouMu,100,Tư Mã Lâm,FightNPCHeader5_8,100,54672,Boss,22968,8630,45936,8630,3563520,13381,1274,59,59,459,0,60,0,0,0,60,0,0,0,60,0,0,0,60,0,0,,0,,
16560,Monster,43018,JiuMoZhi,100,Cưu Ma Trí,CommonNPCHeader12_6,100,470546,Boss,38280,21576,76560,21576,10393600,44604,2124,98,98,765,0,60,0,0,0,60,0,0,0,60,0,0,0,60,0,0,,0,,
16561,Monster,43019,BiaoTou,100,Công Dã Càn,CommonNPCHeader9_2,100,54672,Boss,45936,12945,22968,12945,2672640,13381,1274,59,59,229,0,60,0,0,0,60,0,0,0,60,0,0,0,60,0,0,,0,,
16562,Monster,43020,ZhongNianShuSheng,100,Đặng Bách Xuyên,CommonNPCHeader8_20,100,54672,Boss,22968,12945,45936,12945,2672640,13381,1274,59,59,459,0,60,0,0,0,60,0,0,0,60,0,0,0,60,0,0,,0,,
16563,Monster,43021,KuiWuZhongNianXiaShi,100,Bao Bất Đồng,CommonNPCHeader7_18,100,54672,Boss,22968,12945,22968,12945,2672640,13381,1274,59,59,229,0,60,0,0,0,60,0,0,0,60,0,0,0,60,0,0,,0,,
16564,Monster,43022,FengBoE,100,Phong Ba Ác,CommonNPCHeader9_21,100,54672,Boss,45936,8630,22968,8630,2672640,13381,1274,177,59,229,0,60,0,0,0,60,0,0,0,60,0,0,0,60,0,0,,0,,
16565,Monster,43023,MuRongFu,100,Mộ Dung Phục,CommonNPCHeader12_5,100,588183,Boss,57420,14384,57420,14384,11878400,44604,2124,98,197,574,0,60,0,0,0,60,0,0,0,60,0,0,0,60,0,0,,0,,
16566,Monster,43025,WangYuYan,100,Vương Ngữ Yên,CommonNPCHeader12_8,100,0,Hater,3828,1438,3828,1438,1484800,2230,212,9,9,100,0,60,0,0,0,60,0,0,0,60,0,0,0,60,0,0,,0,,
16567,Monster,43026,BiaoTou,100,Ba Thiên Thạch,CommonNPCHeader7_7,100,0,Boss,15312,5753,30624,5753,1187840,8920,849,39,39,306,0,60,0,0,0,60,0,0,0,60,0,0,0,60,0,0,,0,,
16568,Monster,43027,BiaoTou,100,Phạm Hoa,CommonNPCHeader7_7,100,0,Boss,15312,5753,30624,5753,1187840,8920,849,39,39,306,0,60,0,0,0,60,0,0,0,60,0,0,0,60,0,0,,0,,
16569,Monster,43028,BiaoTou,100,Hoa Hách Cấn,CommonNPCHeader7_7,100,0,Boss,30624,5753,15312,5753,1187840,8920,849,39,39,250,0,60,0,0,0,60,0,0,0,60,0,0,0,60,0,0,,0,,
16570,Monster,43029,PuTongXiaShi2,100,Chử Vạn Lý,CommonNPCHeader8_20,100,0,Boss,30624,5753,15312,5753,1187840,8920,849,39,39,250,0,60,0,0,0,60,0,0,0,60,0,0,0,60,0,0,,0,,
16571,Monster,43030,PuTongXiaShi2,100,Cổ Đốc Thành,CommonNPCHeader8_20,100,0,Boss,30624,5753,15312,5753,1187840,8920,849,39,39,250,0,60,0,0,0,60,0,0,0,60,0,0,0,60,0,0,,0,,
16572,Monster,43031,PuTongXiaShi2,100,Phó Tư Quy,CommonNPCHeader8_20,100,0,Boss,15312,5753,30624,5753,1187840,8920,849,39,39,306,0,60,0,0,0,60,0,0,0,60,0,0,0,60,0,0,,0,,
16573,Monster,43032,BiaoTou,100,Chu Đan Thần,CommonNPCHeader7_7,100,0,Boss,15312,5753,30624,5753,1187840,8920,849,39,39,306,0,60,0,0,0,60,0,0,0,60,0,0,0,60,0,0,,0,,
16574,Monster,43033,YiQiMuRen,100,Mộc Nhân Khôi Lỗi,FightNPCHeader1_8,100,2445,Hater,9187,3452,9187,3452,356350,2676,254,11,11,150,0,60,0,0,0,60,0,0,0,60,0,0,0,60,0,0,,0,,
16575,Monster,43034,boss_2025SiJueZhuangMinMo,100,Mẫn Mặc,FightNPCHeader11_10,100,800624,Boss,34452,8630,26796,10068,22049280,11151,1062,49,49,267,0,60,0,0,0,60,0,0,0,60,0,0,0,60,0,0,,0,,
16576,Monster,43035,TengJiaZei,100,Tứ Tuyệt Trang Hộ Vệ,FightNPCHeader1_22,100,244,Hater,4593,1726,4593,1726,712700,2676,254,11,11,100,0,60,0,0,0,60,0,0,0,60,0,0,0,60,0,0,,0,,
16577,Monster,43036,YeWaiXiaoShouLing,100,Tứ Tuyệt Trang Giáo Đầu,CommonNPCHeader6_23,100,966,Boss,11484,4315,11484,4315,757245,6690,637,29,29,200,0,60,0,0,0,60,0,0,0,60,0,0,0,60,0,0,,0,,
16578,Monster,43037,boss_2025SiJueZhuangQinYun,100,Tần Vận,FightNPCHeader11_7,100,800624,Boss,34452,8630,26796,10068,22049280,11151,1062,49,49,267,0,60,0,0,0,60,0,0,0,60,0,0,0,60,0,0,,0,,
16579,Monster,43038,boss_2025SiJueZhuangTaoQing,100,Đào Thanh,FightNPCHeader11_9,100,800624,Boss,34452,8630,26796,10068,22049280,11151,1062,49,49,267,0,60,0,0,0,60,0,0,0,60,0,0,0,60,0,0,,0,,
16580,Monster,43039,npcGuaiSiJueZhuangMoHu100127,100,Mặc Hổ,FightNPCHeader11_13,100,244,Hater,4593,1726,4593,1726,53450,2676,254,11,11,100,0,0,0,0,0,0,0,0,0,0,0,0,0,0,0,0,,0,,
16581,Monster,43040,boss_2025SiJueZhuangPangQi,100,Bàng Xí,FightNPCHeader11_8,100,800624,Boss,34452,8630,26796,10068,33073920,11151,1062,49,49,267,0,60,0,0,0,60,0,0,0,60,0,0,0,60,0,0,,0,,
16582,Monster,43041,npcGuaiSiJueZhuangQingYing100128,100,Thanh Ưng,FightNPCHeader11_15,100,1,Hater,4593,1726,4593,1726,53450,2676,254,11,11,100,0,60,0,0,0,60,0,0,0,60,0,0,0,60,0,0,,0,,
16583,Monster,43042,npcGuaiSiJueZhuangXingLuoXiaoZu100204,100,Tinh La Võ Sĩ,FightNPCHeader11_12,100,1,Hater,4593,1726,4593,1726,35635,2676,254,11,11,100,0,60,0,0,0,60,0,0,0,60,0,0,0,60,0,0,,0,,
16584,Monster,43043,bossPiaoMiaoFengHaDaBaSuoXiaoBan,100,Cáp Đại Bá,FightNPCHeader9_16,100,349747,Boss,913077,12431,15217,31077,25824400,77112,1836,43,86,250,0,60,0,0,0,60,0,0,0,60,0,0,0,60,0,0,,0,,
16585,Monster,43044,bossPiaoMiaoFengSangTuGong,100,Tang Thổ Công,FightNPCHeader9_18,100,349747,Boss,121743,12431,30435,18646,8645560,77112,1836,86,43,304,0,60,0,0,0,60,0,0,0,60,0,0,16848,60,0,0,,0,,
16586,Monster,43045,JiangShi,100,Bích Lân Đông Cương Thi,FightNPCHeader1_23,100,0,Boss,146092,7458,18261,7458,6736800,46267,1101,51,51,300,0,60,0,0,0,60,0,0,0,60,0,0,0,60,0,0,,0,,
16587,Monster,43046,bossPiaoMiaoFengWuLaoDa,100,Ô Lão Đại,FightNPCHeader9_14,100,349747,Boss,121743,12431,3043,18646,22456000,77112,1836,86,43,100,0,60,0,0,0,60,0,0,0,60,0,0,93600,60,0,0,,0,,
16588,Monster,43047,bossPiaoMiaoFengZhuoBuFan,100,Trác Bất Phàm,FightNPCHeader9_13,100,4996,Boss,167397,24862,3043,74586,10891160,96390,183,8,8,100,0,60,0,0,0,60,0,0,0,60,0,0,0,60,0,0,,0,,
16589,Monster,43048,bossPiaoMiaoFengBuPingDaoRen,100,Bất Bình Đạo Nhân,FightNPCHeader9_15,100,4996,Boss,3043,74586,167397,24862,10891160,96390,183,8,8,1673,0,60,0,0,0,60,0,0,0,60,0,0,0,60,0,0,,0,,
16590,Monster,43049,bossPiaoMiaoFengLiQiuShui,100,Lý Thu Thuỷ,FightNPCHeader9_17,100,449675,Boss,213051,24862,60871,37293,22456000,19278,1836,86,86,608,0,60,0,0,0,60,0,0,0,60,0,0,0,60,0,0,,0,,
16591,Monster,43050,bossPiaoMiaoFengPuTongXiaShi,100,Nhậm Bình Sinh,CommonNPCHeader14_17,100,371538,Boss,18261,7458,18261,7458,6736800,11566,1101,51,51,300,0,60,0,0,0,60,0,0,0,60,0,0,0,60,0,0,,0,,
16592,Monster,43051,bossPiaoMiaoFengHaDaBaSuoXiaoBan,100,Cáp Đại Bá,FightNPCHeader9_16,100,349747,Boss,913077,12431,15217,31077,8084160,77112,1836,43,86,250,0,60,0,0,0,60,0,0,0,60,0,0,0,60,0,0,,0,,
16593,Monster,43052,bossPiaoMiaoFengSangTuGong,100,Tang Thổ Công,FightNPCHeader9_18,100,349747,Boss,121743,12431,30435,18646,4828040,77112,1836,86,43,304,0,60,0,0,0,60,0,0,0,60,0,0,16848,60,0,0,,0,,
16594,Monster,43053,bossPiaoMiaoFengWuLaoDa,100,Ô Lão Đại,FightNPCHeader9_14,100,349747,Boss,121743,12431,3043,18646,12126240,77112,1836,86,43,100,0,60,0,0,0,60,0,0,0,60,0,0,93600,60,0,0,,0,,
16595,Monster,43054,bossPiaoMiaoFengWuLaoDa,100,Ô Lão Đại,FightNPCHeader9_14,100,349747,Boss,121743,12431,3043,18646,12126240,77112,1836,86,43,100,0,60,0,0,0,60,0,0,0,60,0,0,93600,60,0,0,,0,,
16596,Monster,43055,LanJian,100,Phù Mẫn Nghi,CommonNPCHeader7_4,100,2902,Boss,4565,1864,4565,1864,168420,2891,275,12,12,100,0,60,0,0,0,60,0,0,0,60,0,0,0,60,0,0,,0,,
16597,Monster,43056,bossShengSiLeiTaiSongJiang,100,Tống Khương,CommonNPCHeader15_23,100,41590,Boss,34452,8630,26796,10068,18560000,11151,1062,49,49,267,0,60,0,0,0,60,0,0,0,60,0,0,0,60,0,0,,0,,
16598,Monster,43057,bossShengSiLeiTaiLiKui,100,Lý Khôi,CommonNPCHeader16_3,100,41590,Boss,34452,8630,26796,10068,18560000,11151,1062,49,49,267,0,60,0,0,0,60,0,0,0,60,0,0,0,60,0,0,,0,,
16599,Monster,43058,bossShengSiLeiTaiWuYong,100,Ngô Vĩnh,CommonNPCHeader15_22,100,41590,Boss,22968,8630,22968,10068,89533440,11151,1062,49,49,229,0,60,0,0,0,60,0,0,0,60,0,0,0,60,0,0,,0,,
16600,Monster,43059,bossShengSiLeiTaiLuJunYi,100,Lư Quân Dật,CommonNPCHeader16_1,100,41590,Boss,45936,8630,45936,10068,59688960,11151,1062,49,49,459,0,60,0,0,0,60,0,0,0,60,0,0,0,60,0,0,,0,,
16601,Monster,43060,bossShengSiLeiTaiGongSunSheng,100,Công Tôn Thánh,CommonNPCHeader16_7,100,41590,Boss,34452,8630,26796,10068,21678080,11151,1062,49,49,267,0,60,0,0,0,60,0,0,0,60,0,0,0,60,0,0,,0,,
16602,Monster,43061,bossShengSiLeiTaiGuanSheng,100,Quan Thịnh,CommonNPCHeader16_6,100,41590,Boss,34452,8630,26796,10068,22049280,11151,1062,49,49,267,0,60,0,0,0,60,0,0,0,60,0,0,0,60,0,0,,0,,
16603,Monster,43062,bossShengSiLeiTaiLuZhiShen,100,Lỗ Chí Sinh,CommonNPCHeader15_25,100,41590,Boss,68904,8630,53592,10068,22049280,11151,1062,49,49,535,2010,60,0,0,2010,60,0,0,2010,60,0,0,2010,60,0,0,,0,,
16604,Monster,43063,bossShengSiLeiTaiHuYanZhuo,100,Hô Diên Trác,CommonNPCHeader16_5,100,41590,Boss,34452,8630,26796,10068,16536960,11151,1062,49,49,267,0,60,0,0,0,60,0,0,0,60,0,0,0,60,0,0,,0,,
16605,Monster,43064,bossShengSiLeiTaiLinChong,100,Lâm Sung,CommonNPCHeader16_2,100,41590,Boss,34452,8630,26796,10068,16536960,11151,1062,49,49,267,0,60,0,0,0,60,0,0,0,60,0,0,0,60,0,0,,0,,
16606,Monster,43065,bossShengSiLeiTaiQinMing,100,Tần Minh,CommonNPCHeader15_24,100,41590,Boss,34452,8630,26796,10068,16536960,11151,1062,49,49,267,0,60,0,0,0,60,0,0,0,60,0,0,0,60,0,0,,0,,
16607,Monster,43066,bossShengSiLeiTaiHuaRong,100,Hoa Dung,CommonNPCHeader16_4,100,41590,Boss,34452,8630,26796,10068,22049280,11151,1062,49,49,267,0,60,0,0,0,60,0,0,0,60,0,0,0,60,0,0,,0,,
16608,Monster,43067,bossShengSiLeiTaiWuSong,100,Vũ Tụng,CommonNPCHeader15_21,100,41590,Boss,34452,8630,26796,10068,16536960,11151,1062,49,49,267,0,60,0,0,0,60,0,0,0,60,0,0,0,60,0,0,,0,,
16609,Monster,43068,ShouXueQingNianXiaKe,100,Yêu Tinh Phục Binh,CommonNPCHeader7_6,100,2,Hater,10105,2071,9187,2071,445440,2676,254,11,11,150,0,60,0,0,0,60,0,0,0,60,0,0,0,60,0,0,,0,,
16610,Monster,43069,bossShengSiLeiTaiGongSunSheng,100,Công Tôn Thánh,CommonNPCHeader16_7,100,20,Boss,34452,8630,26796,10068,21678080,11151,1062,49,49,267,0,60,0,0,0,60,0,0,0,60,0,0,0,60,0,0,,0,,
16611,Monster,43070,NanZhuJiaoGaoMoMingJiao,100,Kiều Tiểu Hỉ,CommonNPCHeader4_7,20,2023,Normal,4174,1568,4174,1568,161920,2431,231,10,10,100,0,60,0,0,0,60,0,0,0,60,0,0,0,60,0,0,,0,,
16612,Monster,43071,npcXuanGuaDeShiTi,100,Huyền Quải Đích Thi Thể,CommonNPCHeader27_25,15,2023,Normal,4174,1568,4174,1568,161920,2431,231,10,10,100,0,60,0,0,0,60,0,0,0,60,0,0,0,60,0,0,,0,,
16613,Monster,43073,npcXinXianDeXieJi130831,100,Tân Tiên Đích Huyết Tích,CommonNPCHeader27_24,15,2023,Normal,4174,1568,4174,1568,161920,2431,231,10,10,100,0,60,0,0,0,60,0,0,0,60,0,0,0,60,0,0,,0,,
16614,Monster,43074,npcYiLuoDeAnQi130831,100,Di Lạc Đích Ám Khí,CommonNPCHeader28_2,15,2023,Normal,4174,1568,4174,1568,161920,2431,231,10,10,100,0,60,0,0,0,60,0,0,0,60,0,0,0,60,0,0,,0,,
16615,Monster,43075,npcShuShangDeJianHen130831,100,Thụ Thượng Đích Kiếm Ngân,CommonNPCHeader27_23,15,2023,Normal,4174,1568,4174,1568,161920,2431,231,10,10,100,0,60,0,0,0,60,0,0,0,60,0,0,0,60,0,0,,0,,
16616,Monster,43076,KuiWuZhongNianXiaShi,100,Bao Bất Đồng,CommonNPCHeader7_18,15,2023,Normal,4174,1568,4174,1568,161920,2431,231,10,10,100,0,60,0,0,0,60,0,0,0,60,0,0,0,60,0,0,,0,,
16617,Monster,43077,FengBoE,100,Phong Bá Ác,CommonNPCHeader4_3,15,2023,Normal,4174,1568,4174,1568,161920,2431,231,10,10,100,0,60,0,0,0,60,0,0,0,60,0,0,0,60,0,0,,0,,
16618,Monster,43078,npcMeiJiuJiuTan130831,100,Mỹ Tửu Tửu Dũng,CommonNPCHeader27_22,15,2023,Normal,4174,1568,4174,1568,161920,2431,231,10,10,100,0,60,0,0,0,60,0,0,0,60,0,0,0,60,0,0,,0,,
16619,Monster,43079,npcGuaikvkChaoJingChengShouJiang110801,100,Phong Bá Ác Đích Cừu Địch,CommonNPCHeader20_12,15,1,Normal,595,279,595,279,12625,207,41,2,2,100,0,60,0,0,0,60,0,0,0,60,0,0,0,60,0,0,,0,,
16620,Monster,43080,bossMuRongFu110113,100,Mộ Dung Phục,FightNPCHeader12_20,15,2023,Normal,4174,1568,4174,1568,161920,2431,231,10,10,100,0,60,0,0,0,60,0,0,0,60,0,0,0,60,0,0,,0,,
16621,Monster,43081,PuTongXiaShi2,100,Nhất Động Bất Động Đích Phi Tặc,CommonNPCHeader28_1,15,2023,Normal,4174,1568,4174,1568,161920,2431,231,10,10,100,0,60,0,0,0,60,0,0,0,60,0,0,0,60,0,0,,0,,
16622,Monster,43082,DaoBaiFeng,100,Đao Bạch Phượng,CommonNPCHeader27_14,80,2023,Hater,4174,1568,4174,1568,161920,2431,231,10,10,100,0,60,0,0,0,60,0,0,0,60,0,0,0,60,0,0,,0,,
16623,Monster,43085,GuiYunZhuangZhuangKeTouMu,100,Quy Phong Trang Khách,FightNPCHeader5_19,24,431,Normal,512,240,512,240,9310,178,35,2,2,100,0,60,0,0,0,60,0,0,0,60,0,0,0,60,0,0,,0,,
16624,Monster,43087,npcMuHe,100,Mộc Hách,CommonNPCHeader27_1,120,2023,Hater,4174,1568,4174,1568,161920,2431,231,10,10,100,0,60,0,0,0,60,0,0,0,60,0,0,0,60,0,0,,0,,
16625,Monster,43088,SuXingHe2,100,Mộc Kha Long,CommonNPCHeader8_2,120,2023,Hater,4174,1568,4174,1568,161920,2431,231,10,10,100,0,60,0,0,0,60,0,0,0,60,0,0,0,60,0,0,,0,,
16626,Monster,43089,npcNaTa,100,Nạp Tháp,CommonNPCHeader26_25,120,2023,Hater,4174,1568,4174,1568,161920,2431,231,10,10,100,0,60,0,0,0,60,0,0,0,60,0,0,0,60,0,0,,0,,
16627,Monster,43090,SongJiangShi2,100,Dương Thiên Lý,CommonNPCHeader5_24,120,2023,Hater,4174,1568,4174,1568,161920,2431,231,10,10,100,0,60,0,0,0,60,0,0,0,60,0,0,0,60,0,0,,0,,
16628,Monster,43091,XianHaiChong,100,Tiên Hải Trùng,CommonNPCHeader27_2,26,1,Hater,733,344,733,344,15565,255,51,3,3,100,0,60,0,0,0,60,0,0,0,60,0,0,0,60,0,0,,0,,
16629,Monster,43092,ShanDianBaoTouMu,100,Phong Báo,FightNPCHeader3_17,28,268,Hater,623,292,623,292,13215,217,43,2,2,100,0,60,0,0,0,60,0,0,0,60,0,0,0,60,0,0,,0,,
16630,Monster,43094,XiaoNuHai2,100,Lâm Ảnh Nhi,CommonNPCHeader10_24,15,2023,Normal,4174,1568,4174,1568,161920,2431,231,10,10,100,0,60,0,0,0,60,0,0,0,60,0,0,0,60,0,0,,0,,
16631,Monster,43095,WuChangFeng,100,Nguyễn Thành,CommonNPCHeader4_7,15,2023,Normal,4174,1568,4174,1568,161920,2431,231,10,10,100,0,60,0,0,0,60,0,0,0,60,0,0,0,60,0,0,,0,,
16632,Monster,43099,npcQiaoFeng20130926,100,Kiều Phong,CommonNPCHeader27_12,120,2023,Hater,4174,1568,4174,1568,161920,2431,231,10,10,100,0,60,0,0,0,60,0,0,0,60,0,0,0,60,0,0,,0,,
16633,Monster,43100,YingShuiLangTouMu,100,Toánh Thủy Lang,FightNPCHeader4_18,17,151,Normal,373,175,373,175,3395,130,26,2,2,100,0,60,0,0,0,60,0,0,0,60,0,0,0,60,0,0,,0,,
16634,Monster,43101,npcYiShanBaoLuDeEYi,100,Y Sam Lam Lũ Đích Ác Hán,CommonNPCHeader27_3,17,151,Normal,373,175,373,175,3395,130,26,2,2,100,0,60,0,0,0,60,0,0,0,60,0,0,0,60,0,0,,0,,
16635,Monster,43102,LinHeJing,100,Thụ Thương Đích Sơn Dân,CommonNPCHeader8_25,1,2023,Normal,4174,1568,4174,1568,161920,2431,231,10,10,100,0,60,0,0,0,60,0,0,0,60,0,0,0,60,0,0,,0,,
16636,Monster,43103,npcShenNongBangLouLuo20130911,100,Thần Nông Bang Lâu La,CommonNPCHeader27_5,1,30,Normal,40,19,40,19,90,15,3,1,1,100,0,60,0,0,0,60,0,0,0,60,0,0,0,60,0,0,,0,,
16637,Monster,43106,npcDuanYu20130904,100,Đoàn Dự 1,CommonNPCHeader27_4,3,2023,Normal,4174,1568,4174,1568,161920,2431,231,10,10,100,0,60,0,0,0,60,0,0,0,60,0,0,0,60,0,0,,0,,
16638,Monster,43108,npcMuWanQing130922,100,Mộc Uyển Thanh,CommonNPCHeader27_13,10,2023,Normal,4174,1568,4174,1568,161920,2431,231,10,10,100,0,60,0,0,0,60,0,0,0,60,0,0,0,60,0,0,,0,,
16639,Monster,43109,npcBuQiYanDeTuDui,100,Bất Khởi Nhãn Đích Thổ Đôi,CommonNPCHeader27_10,1,243,Normal,706,331,706,331,14980,246,49,3,3,100,0,60,0,0,0,60,0,0,0,60,0,0,0,60,0,0,,0,,
16640,Monster,43111,ShiQingLu,100,Cát Quang Bội,CommonNPCHeader4_17,10,2023,Normal,4174,1568,4174,1568,161920,2431,231,10,10,100,0,60,0,0,0,60,0,0,0,60,0,0,0,60,0,0,,0,,
16641,Monster,43113,npcDuanYu20130904,100,Đoàn Dự 2,CommonNPCHeader27_4,3,2023,Normal,4174,1568,4174,1568,161920,2431,231,10,10,100,0,60,0,0,0,60,0,0,0,60,0,0,0,60,0,0,,0,,
16642,Monster,43114,npcSiKongXuan,100,Ti Không Huyền 2,CommonNPCHeader27_11,3,2023,Normal,4174,1568,4174,1568,161920,2431,231,10,10,100,0,60,0,0,0,60,0,0,0,60,0,0,0,60,0,0,,0,,
16643,Monster,43115,NanHaiEShen,100,Nam Hải Thần Ngạc,FightNPCHeader3_25,3,2023,Normal,4174,1568,4174,1568,161920,2431,231,10,10,100,0,60,0,0,0,60,0,0,0,60,0,0,0,60,0,0,,0,,
16644,Monster,43116,npcDuanYu20130904,100,Đoàn Dự 3,CommonNPCHeader27_4,3,2023,Normal,4174,1568,4174,1568,161920,2431,231,10,10,100,0,60,0,0,0,60,0,0,0,60,0,0,0,60,0,0,,0,,
16645,Monster,43119,LiaoBing,100,Tây Hạ Binh Sỹ,CommonNPCHeader11_5,12,115,Normal,290,136,290,136,1320,102,20,1,1,100,0,60,0,0,0,60,0,0,0,60,0,0,0,60,0,0,,0,,
16646,Monster,43121,PuTongXiXiaWuShi,100,Nhất Phẩm Đường Tiên Phong,CommonNPCHeader5_19,13,122,Normal,318,149,318,149,2505,111,22,1,1,100,0,60,0,0,0,60,0,0,0,60,0,0,0,60,0,0,,0,,
16647,Monster,43122,npcLiangCang20130917,100,Kho Lúa,CommonNPCHeader27_15,14,2023,Normal,4174,1568,4174,1568,161920,2431,231,10,10,100,0,60,0,0,0,60,0,0,0,60,0,0,0,60,0,0,,0,,
16648,Monster,43123,npcGuaiSongJunPaoChe20100906,100,Nỗ Xa,FightNPCHeader18_3,14,129,Normal,401,188,401,188,4860,140,28,2,2,100,0,60,0,0,0,60,0,0,0,60,0,0,0,60,0,0,,0,,
16649,Monster,43124,npcSiKongXuan,100,Ti Không Huyền 1,CommonNPCHeader27_11,3,2023,Normal,4174,1568,4174,1568,161920,2431,231,10,10,100,0,60,0,0,0,60,0,0,0,60,0,0,0,60,0,0,,0,,
16650,Monster,43125,npcShenNongBangTangZhu20130911,100,Thần Nông Bang Đường Chủ,CommonNPCHeader27_7,3,42,Normal,96,45,96,45,265,34,6,1,1,100,0,60,0,0,0,60,0,0,0,60,0,0,0,60,0,0,,0,,
16651,Monster,43126,npcGuaikvkChaoJingChengShouJiang110801,100,Phong Bá Ác Đích Cừu Địch,CommonNPCHeader20_12,15,1,Boss,595,279,595,279,12625,207,41,2,2,100,0,60,0,0,0,60,0,0,0,60,0,0,0,60,0,0,,0,,
16652,Monster,43127,npcShuiGang20130917,100,Thủy Hang,CommonNPCHeader27_16,1,2023,Normal,4174,1568,4174,1568,161920,2431,231,10,10,100,0,60,0,0,0,60,0,0,0,60,0,0,0,60,0,0,,0,,
16653,Monster,43128,TaoHuaZhuangJiGuan,100,Hồng Sắc Mộng Thung,CommonNPCHeader14_22,30,243,Hater,706,331,706,331,14980,246,49,3,3,100,0,60,0,0,0,60,0,0,0,60,0,0,0,60,0,0,,0,,
16654,Monster,43129,XiXiaJiangJun1,100,Lý Trọng Liệt,CommonNPCHeader5_18,15,133,Normal,595,279,595,279,12625,207,41,2,2,100,0,60,0,0,0,60,0,0,0,60,0,0,0,60,0,0,,0,,
16655,Monster,43130,npcXiXiaShiBingDeTouKui20130917,100,Tây Hạ Binh Sỹ Đích Đầu Khôi,CommonNPCHeader21_20,1,243,Normal,706,331,706,331,14980,246,49,3,3,100,0,60,0,0,0,60,0,0,0,60,0,0,0,60,0,0,,0,,
16656,Monster,43131,npcXiXiaShiBingDeKaiJia20130917,100,Tây Hạ Binh Sỹ Đích Khải Giáp,CommonNPCHeader21_20,1,243,Normal,706,331,706,331,14980,246,49,3,3,100,0,60,0,0,0,60,0,0,0,60,0,0,0,60,0,0,,0,,
16657,Monster,43132,npcXiXiaShiBingDeChangDao20130917,100,Tây Hạ Binh Sỹ Đích Trường Đao,CommonNPCHeader21_20,1,243,Normal,706,331,706,331,14980,246,49,3,3,100,0,60,0,0,0,60,0,0,0,60,0,0,0,60,0,0,,0,,
16658,Monster,43133,npcTaoTuGuan20130917,100,Đào Thổ Quán,CommonNPCHeader26_22,1,243,Normal,706,331,706,331,14980,246,49,3,3,100,0,60,0,0,0,60,0,0,0,60,0,0,0,60,0,0,,0,,
16659,Monster,43134,npcHuLiLongZi130831,100,Nhị Hải Hồ Ly Lung Tử,CommonNPCHeader26_24,10,2023,Normal,4174,1568,4174,1568,161920,2431,231,10,10,100,0,60,0,0,0,60,0,0,0,60,0,0,0,60,0,0,,0,,
16660,Monster,43135,npcXinYanMaiDeFenMub130901,100,Ngôi Mộ,CommonNPCHeader26_23,1,2023,Normal,4174,1568,4174,1568,161920,2431,231,10,10,100,0,60,0,0,0,60,0,0,0,60,0,0,0,60,0,0,,0,,
16661,Monster,43137,ShenNongBangJingYingYuWuLiangJianDiZiDaDou,100,Thần Nông Bang Tinh Anh cùng Vô Lượng Kiếm Đệ Tử đánh nhau,CommonNPCHeader27_9,1,2023,Normal,4174,1568,4174,1568,161920,2431,231,10,10,100,0,60,0,0,0,60,0,0,0,60,0,0,0,60,0,0,,0,,
16662,Monster,43138,ZhangQuanXiang,100,Đôn Hoàng Trang Điểm NPC1,CommonNPCHeader5_8,1,2023,Normal,4174,1568,4174,1568,161920,2431,231,10,10,100,0,60,0,0,0,60,0,0,0,60,0,0,0,60,0,0,,0,,
16663,Monster,43139,GaiBangDiZi,100,Đôn Hoàng Trang Điểm NPC2,CommonNPCHeader4_7,1,2023,Normal,4174,1568,4174,1568,161920,2431,231,10,10,100,0,60,0,0,0,60,0,0,0,60,0,0,0,60,0,0,,0,,
16664,Monster,43140,ZhongNianQiGai,100,Đôn Hoàng Trang Điểm NPC3,CommonNPCHeader4_9,1,2023,Normal,4174,1568,4174,1568,161920,2431,231,10,10,100,0,60,0,0,0,60,0,0,0,60,0,0,0,60,0,0,,0,,
16665,Monster,43141,YingShuiLangTouMu,100,Toánh Thủy Lang,CommonNPCHeader12_3,18,151,Normal,484,227,484,227,8805,169,33,2,2,100,0,60,0,0,0,60,0,0,0,60,0,0,0,60,0,0,,0,,
16666,Monster,43142,DuanYu,100,Y Sam Lam Lũ Đích Ác Hán,CommonNPCHeader12_3,18,151,Normal,484,227,484,227,8805,169,33,2,2,100,0,60,0,0,0,60,0,0,0,60,0,0,0,60,0,0,,0,,
16667,Monster,43143,QinJiaZhaiBingTouMu,100,Thần Nông Bang Lâu La,FightNPCHeader5_16,2,30,Normal,40,19,40,19,90,15,3,1,1,100,0,60,0,0,0,60,0,0,0,60,0,0,0,60,0,0,,0,,
16668,Monster,43144,PuTongXiaShi3,100,Thần Nông Bang Tinh Anh,FightNPCHeader5_19,3,36,Normal,68,32,68,32,170,25,5,1,1,100,0,60,0,0,0,60,0,0,0,60,0,0,0,60,0,0,,0,,
16669,Monster,43146,PuTongXiXiaWuShi,100,Nhất Phẩm Đường Tiền Phong,CommonNPCHeader12_3,14,122,Normal,373,175,373,175,3395,130,26,2,2,100,0,60,0,0,0,60,0,0,0,60,0,0,0,60,0,0,,0,,
16670,Monster,43147,PuTongXiaShi1,100,Thần Nông Bang Đường Chủ,FightNPCHeader6_21,4,42,Normal,96,45,96,45,265,34,6,1,1,100,0,60,0,0,0,60,0,0,0,60,0,0,0,60,0,0,,0,,
16671,Monster,43149,npcChengQingShuang20130911,100,Trình Thanh Sương,CommonNPCHeader4_12,50,648,Hater,1469,657,1469,657,42400,714,97,5,5,100,0,60,0,0,0,60,0,0,0,60,0,0,0,60,0,0,,0,,
16672,Monster,43150,npcDanTaiZiYu20130912,100,Tiêu Dao Trung Niên Nam Đệ Tử,CommonNPCHeader4_18,50,648,Hater,1469,657,1469,657,42400,714,97,5,5,100,0,60,0,0,0,60,0,0,0,60,0,0,0,60,0,0,,0,,
16673,Monster,43151,npcHaiFengZi20130912,100,Tinh Túc Thanh Niên Nam Đệ Tử,CommonNPCHeader9_9,50,648,Hater,1469,657,1469,657,42400,714,97,5,5,100,0,60,0,0,0,60,0,0,0,60,0,0,0,60,0,0,,0,,
16674,Monster,43152,npcHuiYi20130912,100,Thiếu Lâm Võ Tăng,CommonNPCHeader6_18,50,648,Hater,1469,657,1469,657,42400,714,97,5,5,100,0,60,0,0,0,60,0,0,0,60,0,0,0,60,0,0,,0,,
16675,Monster,43153,npcJianZhu20130916,100,Trung Niên Khất Cái,CommonNPCHeader4_8,50,648,Hater,1469,657,1469,657,42400,714,97,5,5,100,0,60,0,0,0,60,0,0,0,60,0,0,0,60,0,0,,0,,
16676,Monster,43154,npcLuSanNiang20130916,100,Nga My Thanh Niên Đệ Tử,CommonNPCHeader9_8,50,648,Hater,1469,657,1469,657,42400,714,97,5,5,100,0,60,0,0,0,60,0,0,0,60,0,0,0,60,0,0,,0,,
16677,Monster,43155,npcMuRongChuan20130913,100,Tiếp Dẫn Nhân,CommonNPCHeader16_13,80,1310,Hater,2342,1047,2342,1047,87880,1625,154,7,7,100,0,60,0,0,0,60,0,0,0,60,0,0,0,60,0,0,,0,,
16678,Monster,43156,npcPoTan20130916,100,Thiên Long Lão Tăng,CommonNPCHeader3_23,91,1516,Hater,2916,1191,2916,1191,107575,1847,175,8,8,100,0,60,0,0,0,60,0,0,0,60,0,0,0,60,0,0,,0,,
16679,Monster,43157,npcShiBao20130916,100,Minh Giáo Hộ Pháp,CommonNPCHeader7_18,50,648,Hater,1469,657,1469,657,42400,714,97,5,5,100,0,60,0,0,0,60,0,0,0,60,0,0,0,60,0,0,,0,,
16680,Monster,43158,npcTangYu20130918,100,Đường Mộ Tường,CommonNPCHeader26_8,91,1516,Hater,2916,1191,2916,1191,107575,1847,175,8,8,100,0,60,0,0,0,60,0,0,0,60,0,0,0,60,0,0,,0,,
16681,Monster,43159,npcZhangHuo20130916,100,Thanh Niên Đạo Sỹ,CommonNPCHeader4_19,50,648,Hater,1469,657,1469,657,42400,714,97,5,5,100,0,60,0,0,0,60,0,0,0,60,0,0,0,60,0,0,,0,,
16682,Monster,45001,npc150212Duboss,100,Hoa Hải Yêu Vương,FightNPCHeader8_7,230,1594979,Boss,102685,47417,52685,47417,17836000,256254,25548,220,220,526,10,10,0,0,10,10,0,0,10,500,0,0,10,500,0,0,,0,,
16683,Monster,45002,npc150210XuanbossMengJiang,100,Thanh Nguyên Thủ Hộ Thần,FightNPCHeader8_12,230,1534186,Boss,102685,47417,52685,47417,20336000,256254,25548,220,220,526,10,10,0,0,10,10,0,0,10,500,0,0,10,500,0,0,,0,,
16684,Monster,45003,npc20150212DuboosSiZu,100,Nam Hoài Thần Thú,FightNPCHeader8_15,230,1534186,Boss,102685,47417,52685,47417,17836000,256254,25548,220,220,526,10,10,0,0,10,10,0,0,10,500,0,0,10,500,0,0,,0,,
16685,Monster,45004,bosskvkLuoYiTouLing20110616,100,Già Diệp Tôn Giả,FightNPCHeader13_5,150,4000000,Boss,65000,80000,65000,80000,20128320,13358,11548,174,174,650,10,60,0,0,10,60,0,0,10,60,0,0,10,60,0,0,,0,,
16686,Monster,45005,npcGuaiTongTianTaMoHuLuoJia110608,100,Ma Hô La Già,FightNPCHeader13_18,90,80682,Hater,5000,2000,5000,2000,474575,2361,224,31,10,100,10,60,0,0,10,60,0,0,10,60,0,0,10,60,0,0,,0,,
16687,Monster,45006,bossTongTianTaJinNaLuoWang20110525,100,Khẩn Na La Vương,FightNPCHeader13_8,150,4000000,Boss,65000,80000,65000,80000,19628320,13358,12548,184,184,650,10,160,0,0,10,160,0,0,10,160,0,0,10,160,0,0,,0,,
16688,Monster,45007,bossTongTianTaJinNaLuoWang20110525,100,Khẩn Na La Vương,FightNPCHeader13_8,150,4000000,Boss,305000,400000,305000,400000,50028320,13358,12548,184,184,3050,50,160,0,0,50,160,0,0,50,160,0,0,50,160,0,0,,0,,
16689,Monster,45008,npcGuaiTongTianTaGanDaPo20110601,100,Kiền Đạt Bà,FightNPCHeader13_13,135,100000,Hater,5000,2000,5000,2000,422870,2000,231,32,10,100,10,60,0,0,10,60,0,0,10,60,0,0,10,60,0,0,,0,,
16690,Monster,45009,npcGuaiTongTianTaJiaLouLuo20110528,100,Già Lâu La,FightNPCHeader13_14,100,10956,Hater,5000,2000,5000,2000,629070,4917,234,32,10,100,10,60,0,0,10,60,0,0,10,60,0,0,10,60,0,0,,0,,
16691,Monster,45010,bossTongTianTaJiaLouLuo20110528,100,Già Lâu La Vương,FightNPCHeader13_7,150,4000000,Boss,65000,80000,65000,80000,19628320,13358,13548,200,200,650,10,160,0,0,10,160,0,0,10,160,0,0,10,160,0,0,,0,,
16692,Monster,45011,npcGuaiTongTianTaYeCha20110522,100,Dạ Xoa,FightNPCHeader13_11,180,815863,Hater,5000,2000,5000,2000,868820,5062,241,33,11,100,10,60,0,0,10,60,0,0,10,60,0,0,10,60,0,0,,0,,
16693,Monster,45012,npcGuaiTongTianTaAXiuLuo20110526,100,A Tu La,FightNPCHeader13_12,105,86009,Hater,5000,2000,5000,2000,877140,5110,243,34,11,100,10,60,0,0,10,60,0,0,10,60,0,0,10,60,0,0,,0,,
16694,Monster,45013,bossTongTianTaAXiuLuoWang20110526,100,A Tu La Vương,FightNPCHeader13_4,150,2000000,Boss,65000,80000,65000,80000,19628320,10358,14548,210,210,650,10,160,0,0,10,160,0,0,10,160,0,0,10,160,0,0,,0,,
16695,Monster,45014,npcGuaiTongTianTaLongShen110531,100,Long Thần,FightNPCHeader13_9,108,82176,Hater,5000,2000,5000,2000,1098905,5255,250,34,11,100,10,60,0,0,10,60,0,0,10,60,0,0,10,60,0,0,,0,,
16696,Monster,45015,npcGuaiTongTianTaTianShen20110530,100,Tân thủ chuyên dụng quái,FightNPCHeader13_10,98,30000,Hater,5000,2000,5000,2000,254035,5304,252,35,11,100,10,60,0,0,10,60,0,0,10,60,0,0,10,60,0,0,,0,,
16697,Monster,45016,bossTongTianTaDiShiTian20110530,100,Đế thích thiên,FightNPCHeader13_6,165,7000000,Boss,125000,50000,125000,50000,20000000,18358,16548,220,220,1250,20,60,0,0,20,160,0,0,20,160,0,0,20,160,0,0,,0,,
16698,Monster,45017,bossJiuLiZhiHuiGuan20120911BianSe1,100,Hoang Nhật Cửu Lê Đầu Lĩnh,CommonNPCHeader25_10,110,207348,Boss,52102,27147,52685,27256,25000000,26762,2000,88,59,526,0,60,0,0,0,60,0,0,0,60,0,0,0,60,0,0,,0,,
16699,Monster,45018,bossJiuLiZhiHuiGuan20120911BianSe5,100,Cổ Nguyệt Cửu Lê Đầu Lĩnh,CommonNPCHeader25_10,110,207348,Boss,52102,27147,52685,27256,25000000,26762,2000,88,59,526,0,60,0,0,0,60,0,0,0,60,0,0,0,60,0,0,,0,,
16700,Monster,45019,bossJiuLiZhiHuiGuan20120911BianSe4,100,Tuyệt Tinh Cửu Lê Đầu Lĩnh,CommonNPCHeader25_10,110,207348,Boss,52102,27147,52685,27256,25000000,26762,2000,88,59,526,0,60,0,0,0,60,0,0,0,60,0,0,0,60,0,0,,0,,
16701,Monster,45020,bossJiuLiZhiHuiGuan20120911BianSe6,100,Thương Vân Cửu Lê Đầu Lĩnh,CommonNPCHeader25_10,110,207348,Boss,52102,20147,52685,27256,25000000,26762,2000,88,59,526,0,60,0,0,0,60,0,0,0,60,0,0,0,60,0,0,,0,,
16702,Monster,45021,npcGuaiTongTianTaLongShen110531,100,Cửu Lê Đầu Lĩnh,FightNPCHeader13_10,110,207348,Hater,80000,82158,35285,50000,40000000,35000,2000,11,11,352,0,60,0,0,0,60,0,0,0,60,0,0,0,60,0,0,,0,,
16703,Monster,45022,bossBingShengQiZhenFeng110429,100,Tiêu Dật Phong,FightNPCHeader13_20,80,350000,Boss,30450,2095,52342,2095,25000000,16254,1548,74,74,523,0,60,0,0,0,60,0,0,0,60,0,0,0,60,0,0,,0,,
16704,Monster,45023,bossBingShengQiZhenShan20110505,100,Da Luật Diên Thành,FightNPCHeader13_23,80,650000,Boss,79315,3137,52342,3137,25000000,24318,2316,106,106,523,0,60,0,0,0,60,0,0,0,60,0,0,0,60,0,0,,0,,
16705,Monster,45024,bossBingShengQiZhenHuo20110513,100,Da Luật Diễm,FightNPCHeader13_22,80,350000,Boss,30450,2095,52342,2095,25000000,16254,1548,74,74,523,0,60,0,0,0,60,0,0,0,60,0,0,0,60,0,0,,0,,
16706,Monster,45025,bossBingShengQiZhenLinEr110505,100,Tiêu Như Quân,FightNPCHeader13_21,80,350000,Boss,30450,2095,52342,2095,25000000,16254,1548,74,74,523,0,60,0,0,0,60,0,0,0,60,0,0,0,60,0,0,,0,,
16707,Monster,45026,bossBingShengQiZhenLin110505,100,Tiêu Như Úy,FightNPCHeader13_21,80,650000,Boss,54799,2356,52342,2356,25000000,18270,1740,82,82,523,0,60,0,0,0,60,0,0,0,60,0,0,0,60,0,0,,0,,
16708,Monster,45038,ZhenShou111128XinNianvipLong1,100,Thần Thú Thanh Long,PetHeader6_8,105,1050000,Hater,100983,200461,100983,200461,100023840,10357,3680,3,3,1009,0,200,0,0,20000,200,0,0,0,200,0,0,0,200,0,0,,0,,
16709,Monster,45039,npcGuaiSiJueZhuangMoHu100127,100,Thần Thú Bạch Hổ,FightNPCHeader11_13,105,1050000,Hater,100983,200461,100983,200461,100023840,10357,3680,8,8,1009,0,200,0,0,0,200,0,0,20000,200,0,0,0,200,0,0,,0,,
16710,Monster,45040,DanHeHuangNiao,100,Thần Thú Chu Tước,PetHeader2_11,105,1050000,Hater,100983,200461,100983,200461,100023840,10357,3680,7,7,1009,0,200,0,0,0,200,0,0,0,200,0,0,20000,200,0,0,,0,,
16711,Monster,45041,JinKeBingJiaoBaiLongGui,100,Thần Thú Huyễn Vũ,PetHeader2_7,105,1050000,Boss,100983,200461,100983,200461,100023840,10357,3680,47,47,1009,20000,200,0,0,0,200,0,0,0,200,0,0,0,200,0,0,,0,,
16712,Monster,45042,bossBanShanDaoRen20090806,100,Phúc Địa La Vương,FightNPCHeader10_24,105,350000,Boss,25047,4705,25047,4705,14572800,7295,694,31,31,250,0,60,0,0,0,60,0,0,0,60,0,0,0,60,0,0,,0,,
16713,Monster,45043,bossTongTianTaDiShiTian20110530,100,Phúc Địa Thiên Vương,FightNPCHeader13_6,105,350000,Boss,25047,4705,25047,4705,14572800,18358,16548,220,220,250,10,60,0,0,10,160,0,0,10,160,0,0,10,160,0,0,,0,,
16714,Monster,45044,bossLieJinMingWang,100,Phúc Địa Long Vương,FightNPCHeader3_4,105,350000,Boss,26762,10056,26762,10056,14572800,15586,1484,66,66,267,0,60,0,0,0,60,0,0,0,60,0,0,0,60,0,0,,0,,
16715,Monster,45045,bossGeRongShengJi090801,100,Phúc Địa Đại Vương,FightNPCHeader7_13,105,350000,Boss,21512,8083,21512,8083,14572800,12534,1193,111,55,215,0,60,0,0,0,60,0,0,0,60,0,0,0,-10,0,0,,0,,
16716,Monster,45046,ChiDi,100,Phúc Địa Kim Cương,FightNPCHeader7_19,105,350000,Boss,21512,8083,21512,8083,14572800,4914,780,42,42,215,0,60,0,0,0,60,0,0,7700,60,0,0,0,60,0,0,,0,,
16717,Monster,45047,npc150211Huoboss,100,Thử Dâm Boss,FightNPCHeader8_13,105,350000,Boss,21512,8083,21512,8083,14572800,8559,905,43,43,215,0,60,0,0,0,60,0,0,0,60,0,0,0,60,0,0,,0,,
16718,Monster,45048,DongBaboss,100,Sương Ảnh,FightNPCHeader8_21,80,13435,Boss,2244,2108,4488,2108,6836000,982,156,8,8,100,0,60,0,0,0,60,0,0,0,60,0,0,0,60,0,0,,0,,
16719,Monster,45049,bossTongTianTaJiaLouLuo20110528,100,Thẩm Du Boss,FightNPCHeader13_7,120,1200000,Boss,65000,80000,65000,80000,69628320,13358,13548,200,200,650,10,160,0,0,10,160,0,0,10,160,0,0,10,160,0,0,,0,,
16720,Monster,45050,bossLieJinMingWang,100,Địa Sát,FightNPCHeader3_4,120,1200000,Boss,65000,80000,65000,80000,69628320,15586,1484,66,66,650,0,60,0,0,0,60,0,0,0,60,0,0,0,60,0,0,,0,,
16721,Monster,45051,bossBingShengQiZhenFeng110429,100,Tiêu Dật Phong,FightNPCHeader13_20,80,350000,Boss,30450,2095,2342,2095,11424400,16254,1548,74,74,100,0,60,0,0,0,60,0,0,0,60,0,0,0,60,0,0,,0,,
16722,Monster,45052,bossBingShengQiZhenShan20110505,100,Da Luật Diên Thành,FightNPCHeader13_23,80,650000,Boss,79315,3137,4174,3137,55052800,24318,2316,106,106,100,0,60,0,0,0,60,0,0,0,60,0,0,0,60,0,0,,0,,
16723,Monster,45053,bossBingShengQiZhenHuo20110513,100,Da Luật Diễm,FightNPCHeader13_22,80,350000,Boss,30450,2095,2342,2095,11424400,16254,1548,74,74,100,0,60,0,0,0,60,0,0,0,60,0,0,0,60,0,0,,0,,
16724,Monster,45054,bossBingShengQiZhenLinEr110505,100,Tiêu Như Quân,FightNPCHeader13_21,80,350000,Boss,30450,2095,2342,2095,4833400,16254,1548,74,74,100,0,60,0,0,0,60,0,0,0,60,0,0,0,60,0,0,,0,,
16725,Monster,45055,bossBingShengQiZhenLin110505,100,Tiêu Như Úy,FightNPCHeader13_21,80,650000,Boss,54799,2356,2884,2356,10640000,18270,1740,82,82,100,0,60,0,0,0,60,0,0,0,60,0,0,0,60,0,0,,0,,
16726,Monster,45056,bossGeRongShengJi090801,100,Tứ Tuyệt Sơn Trang Môn Vệ,FightNPCHeader7_13,105,650000,Boss,21512,80830,21512,80830,134572800,12534,1193,111,55,215,0,1000,0,0,0,1000,0,0,0,1000,0,0,0,1000,0,0,,0,,
16727,Monster,45057,boss_2025SiJueZhuangMinMo,100,Mẫn Mặc,FightNPCHeader11_10,90,870786,Boss,100983,200461,100983,200461,100023840,12159,1158,53,53,1009,0,1000,0,0,0,1000,0,0,0,1000,0,0,0,1000,0,0,,0,,
16728,Monster,45058,npcGuaiSiJueZhuangMoHu100127,100,Mặc Hổ,FightNPCHeader11_13,90,870786,Hater,100983,200461,100983,200461,100023840,10357,3680,8,8,1009,0,1000,0,0,0,1000,0,0,0,1000,0,0,0,1000,0,0,,0,,
16729,Monster,45059,boss_2025SiJueZhuangQinYun,100,Tần Vận,FightNPCHeader11_7,90,870786,Boss,100983,200461,100983,200461,100023840,12159,1158,53,53,1009,0,1000,0,0,0,1000,0,0,0,1000,0,0,0,1000,0,0,,0,,
16730,Monster,45060,npcGuaiSiJueZhuangQingYing100128,100,Thanh Ưng,FightNPCHeader11_15,90,870786,Hater,100983,200461,100983,200461,100023840,2918,277,12,12,1009,0,1000,0,0,0,1000,0,0,0,1000,0,0,0,1000,0,0,,0,,
16731,Monster,45061,boss_2025SiJueZhuangTaoQing,100,Đào Thanh,FightNPCHeader11_9,90,870786,Boss,100983,200461,100983,200461,100023840,12159,1158,53,53,1009,0,1000,0,0,0,1000,0,0,0,1000,0,0,0,1000,0,0,,0,,
16732,Monster,45062,npcGuaiSiJueZhuangXingLuoXiaoZu100204,100,Tinh La,FightNPCHeader11_12,90,870786,Hater,100983,200461,100983,200461,100023840,1537,162,7,7,1009,0,1000,0,0,0,1000,0,0,0,1000,0,0,0,1000,0,0,,0,,
16733,Monster,45063,boss_2025SiJueZhuangPangQi,100,Bàng Xí,FightNPCHeader11_8,90,870786,Boss,100983,200461,100983,200461,100023840,12159,1158,53,53,1009,0,1000,0,0,0,1000,0,0,0,1000,0,0,0,1000,0,0,,0,,
16734,Monster,45064,YeWaiXiaoShouLing,100,Hộ Vệ,CommonNPCHeader6_23,90,870786,Boss,100983,200461,100983,200461,100023840,7295,694,31,31,1009,0,1000,0,0,0,1000,0,0,0,1000,0,0,0,1000,0,0,,0,,
16735,Monster,45156,NPCJinMai_gs,100,Đại Lực Kim Cương,CommonNPCHeader7_3,150,529,Hater,1260,592,1260,592,34380,551,87,4,4,100,0,60,0,0,0,60,0,0,0,60,0,0,0,60,0,0,,0,,
16736,Monster,45166,npc150212Bingboss,100,Ngũ Hành Tôn Giả (Thủy),FightNPCHeader8_6,150,5003282,Boss,73043,100243,73043,100243,235600000,21927,5000,2100,2100,730,2500,60,0,0,2500,60,0,0,2500,60,0,0,125000,60,0,0,,0,,
16737,Monster,45167,npc150301boosLiuZhua,100,Ngũ Hành Tôn Giả (Thổ),FightNPCHeader8_10,150,5003282,Boss,73043,100243,73043,100243,235600000,21927,5000,3200,3200,730,2500,60,0,0,2500,60,0,0,2500,60,0,0,125000,60,0,0,,0,,
16738,Monster,45168,npc150210XuanbossMengJiang,100,Ngũ Hành Tôn Giả (Kim),FightNPCHeader8_12,150,5003282,Boss,73043,100243,73043,100243,235600000,21927,5000,3200,3200,730,2500,60,0,0,2500,60,0,0,2500,60,0,0,125000,60,0,0,,0,,
16739,Monster,45169,npc20150212DuboosSiZu,100,Ngũ Hành Tôn Giả (Mộc),FightNPCHeader8_15,150,5003282,Boss,73043,100243,73043,100243,235600000,21927,5000,3200,3200,730,2500,60,0,0,2500,60,0,0,2500,60,0,0,125000,60,0,0,,0,,
16740,Monster,45170,npc20150211HuoboosSiZu,100,Ngũ Hành Tôn Giả (Hỏa),FightNPCHeader8_14,150,5003282,Boss,73043,100243,73043,100243,235600000,21927,5000,3200,3200,730,2500,60,0,0,2500,60,0,0,2500,60,0,0,125000,60,0,0,,0,,
16741,Monster,45171,bossGeRongShengJi090801,100,Phượng Hoàng Tặc Khấu Doanh,FightNPCHeader7_13,132,5207348,Boss,73043,100243,73043,100243,85600000,12534,1193,111,55,730,0,60,0,0,0,60,0,0,0,60,0,0,0,-10,0,0,,0,,
16742,Monster,45172,DiGongBOSSQinWang,100,Tần Hoàng Chi Phách,FightNPCHeader9_21,150,5003282,Boss,73043,100243,73043,100243,235600000,21927,317,45,15,730,25000,60,0,0,0,60,0,0,25000,60,0,0,0,60,0,0,,0,,
16743,Monster,45173,BaoXiangTongZi4,100,Lục Hợp Đồng Tử (Đông),PetHeader4_1,150,5003282,Hater,73043,100243,73043,100243,235600000,21927,183,8,8,730,125000,60,0,0,2500,60,0,0,2500,60,0,0,2500,60,0,0,,0,,
16744,Monster,45174,BaoXiangTongZi5,100,Lục Hợp Đồng Tử (Nam),PetHeader4_1,150,5003282,Hater,73043,100243,73043,100243,235600000,21927,183,8,8,730,125000,60,0,0,2500,60,0,0,2500,60,0,0,2500,60,0,0,,0,,
16745,Monster,45175,BaoXiangTongZi6,100,Lục Hợp Đồng Tử (Tây),PetHeader4_1,150,5003282,Hater,73043,100243,73043,100243,235600000,21927,183,8,8,730,125000,60,0,0,2500,60,0,0,2500,60,0,0,2500,60,0,0,,0,,
16746,Monster,45176,BaoXiangTongZi7,100,Lục Hợp Đồng Tử (Bắc),PetHeader4_1,150,5003282,Hater,73043,100243,73043,100243,235600000,21927,183,8,8,730,125000,60,0,0,2500,60,0,0,2500,60,0,0,2500,60,0,0,,0,,
16747,Monster,45177,BaoXiangTongZi7,100,Lục Hợp Đồng Tử (Thượng),PetHeader4_1,150,5003282,Hater,73043,100243,73043,100243,235600000,21927,183,8,8,730,125000,60,0,0,2500,60,0,0,2500,60,0,0,2500,60,0,0,,0,,
16748,Monster,45178,BaoXiangTongZi2,100,Lục Hợp Đồng Tử (Hạ),PetHeader4_1,150,5003282,Hater,73043,100243,73043,100243,235600000,21927,164,7,7,730,125000,60,0,0,2500,60,0,0,2500,60,0,0,2500,60,0,0,,0,,
16749,Monster,45181,bossJiuLiZhiHuiGuan20120911BianSe2,100,Kiều Nguyên Cửu Lê Đầu Lĩnh,Chrismas_10,110,5003282,Boss,186040,300206,186040,107260,235600000,26762,637,88,59,1860,0,60,0,0,125000,60,0,0,0,60,0,0,0,60,0,0,,0,,
16750,Monster,45182,bossJiuLiJiangJun120828,100,Cửu Lê Tộc Trưởng,Chrismas_9,110,5003282,Boss,267960,403152,267960,403152,235600000,44604,4248,98,98,200,0,60,0,0,125000,60,0,0,0,60,0,0,0,60,0,0,,0,,
16751,Monster,45183,bossJiuLiZhiHuiGuan20120911BianSe3,100,Thái Khôn Cửu Lê Đầu Lĩnh,Chrismas_10,110,5003282,Boss,186040,300206,186040,107260,235600000,26762,637,88,59,1860,0,60,0,0,125000,60,0,0,0,60,0,0,0,60,0,0,,0,,
16752,Monster,45184,bossJiuLiZhiHuiGuan20120911BianSe1,100,Hoang Nhật Cửu Lê Đầu Lĩnh,Chrismas_10,110,5003282,Boss,186040,300206,186040,107260,235600000,26762,637,88,59,1860,0,60,0,0,125000,60,0,0,0,60,0,0,0,60,0,0,,0,,
16753,Monster,45185,bossJiuLiZhiHuiGuan20120911BianSe5,100,Cổ Nguyệt Cửu Lê Đầu Lĩnh,Chrismas_10,110,5003282,Boss,186040,300206,186040,107260,235600000,26762,637,88,59,1860,0,60,0,0,125000,60,0,0,0,60,0,0,0,60,0,0,,0,,
16754,Monster,45186,bossJiuLiZhiHuiGuan20120911BianSe4,100,Tuyệt Tinh Cửu Lê Đầu Lĩnh,Chrismas_10,110,5003282,Boss,186040,300206,186040,107260,235600000,26762,637,88,59,1860,0,60,0,0,125000,60,0,0,0,60,0,0,0,60,0,0,,0,,
16755,Monster,45187,bossJiuLiZhiHuiGuan20120911BianSe6,100,Thương Vân Cửu Lê Đầu Lĩnh,Chrismas_10,110,5003282,Boss,186040,300206,186040,107260,235600000,26762,637,88,59,1860,0,60,0,0,125000,60,0,0,0,60,0,0,0,60,0,0,,0,,
16756,Monster,45188,bossJiuLiJiangJun120828,100,Thủy Nguyệt Tuyệt Tinh,Chrismas_9,150,5003282,Boss,267960,403152,267960,403152,185600000,44604,4248,98,98,200,0,60,0,0,0,60,0,0,125000,60,0,0,0,60,0,0,,0,,
16757,Monster,45189,bossJiuLiJiangJun120828,100,Thủy Nguyệt Thương Vân,Chrismas_9,150,5003282,Boss,267960,403152,267960,403152,185600000,44604,4248,98,98,200,0,60,0,0,0,60,0,0,125000,60,0,0,0,60,0,0,,0,,
16758,Monster,45190,JinKeBingJiaoBaiLongGui,100,Long Thần,PetHeader2_7,85,5003282,Boss,3077,800000,7397,800000,235600000,15000,493,47,47,100,0,60,0,0,125000,60,0,0,0,60,0,0,0,60,0,0,,0,,
16759,Monster,45200,npcGuaiMoJin090801XiaoWei,100,Mạc Kim Giáo Úy,FightNPCHeader10_26,80,1388,Hater,2487,1112,2487,1112,93340,1726,164,7,7,100,0,60,0,0,0,60,0,0,0,60,0,0,0,60,0,0,,0,,
16760,Monster,45201,npcGuaiMoJin090801XiaoWei,100,Mạc Kim Giáo Úy,FightNPCHeader10_27,80,1388,Hater,2487,1112,2487,1112,93340,1726,164,7,7,100,0,60,0,0,0,60,0,0,0,60,0,0,0,60,0,0,,0,,
16761,Monster,45202,npcGuaiMoJin090801XiaoWei,100,Mạc Kim Giáo Úy,FightNPCHeader10_28,80,1388,Hater,2487,1112,2487,1112,93340,1726,164,7,7,100,0,60,0,0,0,60,0,0,0,60,0,0,0,60,0,0,,0,,
16762,Monster,45203,npcGuaiMoJin090801XiaoWei,100,Mạc Kim Giáo Úy,FightNPCHeader10_29,80,1388,Hater,2487,1112,2487,1112,93340,1726,164,7,7,100,0,60,0,0,0,60,0,0,0,60,0,0,0,60,0,0,,0,,
16763,Monster,45204,npcGuaiMoJin090801XiaoWei,100,Mạc Kim Giáo Úy,FightNPCHeader10_30,80,1388,Hater,2487,1112,2487,1112,93340,1726,164,7,7,100,0,60,0,0,0,60,0,0,0,60,0,0,0,60,0,0,,0,,
16764,Monster,45205,npcGuaiMoJin090801XiaoWei,100,Mạc Kim Giáo Úy,FightNPCHeader10_31,80,1388,Hater,2487,1112,2487,1112,93340,1726,164,7,7,100,0,60,0,0,0,60,0,0,0,60,0,0,0,60,0,0,,0,,
16765,Monster,45206,npcGuaiMoJin090801XiaoWei,100,Mạc Kim Giáo Úy,FightNPCHeader10_32,80,1388,Hater,2487,1112,2487,1112,93340,1726,164,7,7,100,0,60,0,0,0,60,0,0,0,60,0,0,0,60,0,0,,0,,
16766,Monster,45207,npcGuaiMoJin090801XiaoWei,100,Mạc Kim Giáo Úy,FightNPCHeader10_33,80,1388,Hater,2487,1112,2487,1112,93340,1726,164,7,7,100,0,60,0,0,0,60,0,0,0,60,0,0,0,60,0,0,,0,,
16767,Monster,45208,npcGuaiMoJin090801XiaoWei,100,Mạc Kim Giáo Úy,FightNPCHeader10_34,80,1388,Hater,2487,1112,2487,1112,93340,1726,164,7,7,100,0,60,0,0,0,60,0,0,0,60,0,0,0,60,0,0,,0,,
16768,Monster,45209,npcGuaiMoJin090801XiaoWei,100,Mạc Kim Giáo Úy,FightNPCHeader10_35,80,1388,Hater,2487,1112,2487,1112,93340,1726,164,7,7,100,0,60,0,0,0,60,0,0,0,60,0,0,0,60,0,0,,0,,
16769,Monster,45210,Futi_ChiBang_5_9,100,Phụ thể Xí Bàng 5 - 9,CommonNPCHeader9_3,20,201,Normal,567,266,567,266,12040,198,39,2,2,100,0,60,0,0,0,60,0,0,0,60,0,0,0,60,0,0,,0,,
16770,Monster,45596,npc161009GuiGuLianDanLu,100,Lò Đan Quỷ Cốc,CommonNPCHeader39_2,50,648,Hater,1469,657,1469,657,42400,714,97,5,5,100,0,60,0,0,0,60,0,0,0,60,0,0,0,60,0,0,,0,,
16771,Monster,45638,npc160630GuiGuChangJingXiaoHuLi,100,Quỷ Cốc Hồ Ly,CommonNPCHeader36_18,20,201,Normal,567,266,567,266,12040,198,39,2,2,100,0,60,0,0,0,60,0,0,0,60,0,0,0,60,0,0,,0,,
16772,Monster,45700,NiaoRen5,100,Xuy Huyền Dực Thú Biến Dị,PetHeader2_24,75,149,Hater,2636,1179,2636,1179,365180,1646,174,8,8,100,0,60,0,0,0,60,0,0,0,60,0,0,0,60,0,0,,0,,
16773,Monster,45701,NiaoRen6,100,Xuy Huyền Dực Thú Biến Dị,PetHeader2_24,75,149,Hater,2636,1179,2636,1179,365180,1646,174,8,8,100,0,60,0,0,0,60,0,0,0,60,0,0,0,60,0,0,,0,,
16774,Monster,45702,NiaoRen7,100,Xuy Huyền Dực Thú Biến Dị,PetHeader2_24,75,149,Hater,2636,1179,2636,1179,365180,1646,174,8,8,100,0,60,0,0,0,60,0,0,0,60,0,0,0,60,0,0,,0,,
16775,Monster,999999,HuangYa,100,Test,PetHeader1_20,1,1,Hater,0,0,0,0,999999999,0,0,0,0,0,0,0,0,0,0,0,0,0,0,0,0,0,0,0,0,0,,0,,
16776,Monster,45703,npcSongJunBingA,100,Binh,FightNPCHeader14_16,10,164,Hater,348,163,348,163,1580,122,24,2,2,100,0,60,0,0,0,60,0,0,0,60,0,0,0,60,0,0,,0,,
16777,Monster,45704,npcSongJunBingA,100,Binh,FightNPCHeader14_16,20,201,Hater,567,266,567,266,12040,198,39,2,2,100,0,60,0,0,0,60,0,0,0,60,0,0,0,60,0,0,,0,,
16778,Monster,45705,npcSongJunBingA,100,Binh,FightNPCHeader14_16,30,326,Hater,844,396,844,396,20480,294,58,3,3,100,0,60,0,0,0,60,0,0,0,60,0,0,0,60,0,0,,0,,
16779,Monster,45706,npcSongJunBingA,100,Binh,FightNPCHeader14_16,40,475,Hater,1122,527,1122,527,30600,491,78,4,4,100,0,60,0,0,0,60,0,0,0,60,0,0,0,60,0,0,,0,,
16780,Monster,45707,npcSongJunBingA,100,Binh,FightNPCHeader14_16,50,648,Hater,1469,657,1469,657,42400,714,97,5,5,100,0,60,0,0,0,60,0,0,0,60,0,0,0,60,0,0,,0,,
16781,Monster,45708,npcSongJunBingB,100,Binh,FightNPCHeader14_16,60,844,Hater,1760,787,1760,787,55880,977,116,5,5,100,0,60,0,0,0,60,0,0,0,60,0,0,0,60,0,0,,0,,
16782,Monster,45709,npcSongJunBingB,100,Binh,FightNPCHeader14_16,70,1065,Hater,2051,917,2051,917,71040,1281,135,6,6,100,0,60,0,0,0,60,0,0,0,60,0,0,0,60,0,0,,0,,
16783,Monster,45710,npcSongJunBingB,100,Binh,FightNPCHeader14_16,80,1310,Hater,2342,1047,2342,1047,87880,1625,154,7,7,100,0,60,0,0,0,60,0,0,0,60,0,0,0,60,0,0,,0,,
16784,Monster,45711,npcSongJunBingB,100,Binh,FightNPCHeader14_16,90,1500,Hater,2884,1178,2884,1178,106400,1827,174,8,8,100,0,60,0,0,0,60,0,0,0,60,0,0,0,60,0,0,,0,,
16785,Monster,45712,npcSongJunBingB,100,Binh,FightNPCHeader14_16,100,1684,Hater,3481,1308,3481,1308,126600,2028,193,9,9,100,0,60,0,0,0,60,0,0,0,60,0,0,0,60,0,0,,0,,
16786,Monster,45713,npcLiaoJunZuA,100,Binh,FightNPCHeader14_15,10,164,Hater,348,163,348,163,1580,122,24,2,2,100,0,60,0,0,0,60,0,0,0,60,0,0,0,60,0,0,,0,,
16787,Monster,45714,npcLiaoJunZuA,100,Binh,FightNPCHeader14_15,20,201,Hater,567,266,567,266,12040,198,39,2,2,100,0,60,0,0,0,60,0,0,0,60,0,0,0,60,0,0,,0,,
16788,Monster,45715,npcLiaoJunZuA,100,Binh,FightNPCHeader14_15,30,326,Hater,844,396,844,396,20480,294,58,3,3,100,0,60,0,0,0,60,0,0,0,60,0,0,0,60,0,0,,0,,
16789,Monster,45716,npcLiaoJunZuA,100,Binh,FightNPCHeader14_15,40,475,Hater,1122,527,1122,527,30600,491,78,4,4,100,0,60,0,0,0,60,0,0,0,60,0,0,0,60,0,0,,0,,
16790,Monster,45717,npcLiaoJunZuA,100,Binh,FightNPCHeader14_15,50,648,Hater,1469,657,1469,657,42400,714,97,5,5,100,0,60,0,0,0,60,0,0,0,60,0,0,0,60,0,0,,0,,
16791,Monster,45718,npcLiaoJunZuB,100,Binh,FightNPCHeader14_15,60,844,Hater,1760,787,1760,787,55880,977,116,5,5,100,0,60,0,0,0,60,0,0,0,60,0,0,0,60,0,0,,0,,
16792,Monster,45719,npcLiaoJunZuB,100,Binh,FightNPCHeader14_15,70,1065,Hater,2051,917,2051,917,71040,1281,135,6,6,100,0,60,0,0,0,60,0,0,0,60,0,0,0,60,0,0,,0,,
16793,Monster,45720,npcLiaoJunZuB,100,Binh,FightNPCHeader14_15,80,1310,Hater,2342,1047,2342,1047,87880,1625,154,7,7,100,0,60,0,0,0,60,0,0,0,60,0,0,0,60,0,0,,0,,
16794,Monster,45721,npcLiaoJunZuB,100,Binh,FightNPCHeader14_15,90,1500,Hater,2884,1178,2884,1178,106400,1827,174,8,8,100,0,60,0,0,0,60,0,0,0,60,0,0,0,60,0,0,,0,,
16795,Monster,45722,npcLiaoJunZuB,100,Binh,FightNPCHeader14_15,100,1684,Hater,3481,1308,3481,1308,126600,2028,193,9,9,100,0,60,0,0,0,60,0,0,0,60,0,0,0,60,0,0,,0,,
16796,Monster,45723,npcGuaiSongJunWuGuanShi20100816,100,Hiệu Uý,FightNPCHeader14_16,10,164,Hater,348,163,348,163,1580,122,24,2,2,100,0,60,0,0,0,60,0,0,0,60,0,0,0,60,0,0,,0,,
16797,Monster,45724,npcGuaiSongJunWuGuanShi20100816,100,Hiệu Uý,FightNPCHeader14_16,20,201,Hater,567,266,567,266,12040,198,39,2,2,100,0,60,0,0,0,60,0,0,0,60,0,0,0,60,0,0,,0,,
16798,Monster,45725,npcGuaiSongJunWuGuanShi20100816,100,Hiệu Uý,FightNPCHeader14_16,30,326,Hater,844,396,844,396,20480,294,58,3,3,100,0,60,0,0,0,60,0,0,0,60,0,0,0,60,0,0,,0,,
16799,Monster,45726,npcGuaiSongJunWuGuanShi20100816,100,Hiệu Uý,FightNPCHeader14_16,40,475,Hater,1122,527,1122,527,30600,491,78,4,4,100,0,60,0,0,0,60,0,0,0,60,0,0,0,60,0,0,,0,,
16800,Monster,45727,npcGuaiSongJunWuGuanShi20100816,100,Hiệu Uý,FightNPCHeader14_16,50,648,Hater,1469,657,1469,657,42400,714,97,5,5,100,0,60,0,0,0,60,0,0,0,60,0,0,0,60,0,0,,0,,
16801,Monster,45728,npcGuaiSongJunWuGuanShi20100816,100,Hiệu Uý,FightNPCHeader14_16,60,844,Hater,1760,787,1760,787,55880,977,116,5,5,100,0,60,0,0,0,60,0,0,0,60,0,0,0,60,0,0,,0,,
16802,Monster,45729,npcGuaiSongJunWuGuanShi20100816,100,Hiệu Uý,FightNPCHeader14_16,70,1065,Hater,2051,917,2051,917,71040,1281,135,6,6,100,0,60,0,0,0,60,0,0,0,60,0,0,0,60,0,0,,0,,
16803,Monster,45730,npcGuaiSongJunWuGuanShi20100816,100,Hiệu Uý,FightNPCHeader14_16,80,1310,Hater,2342,1047,2342,1047,87880,1625,154,7,7,100,0,60,0,0,0,60,0,0,0,60,0,0,0,60,0,0,,0,,
16804,Monster,45731,npcGuaiSongJunWuGuanShi20100816,100,Hiệu Uý,FightNPCHeader14_16,90,1500,Hater,2884,1178,2884,1178,106400,1827,174,8,8,100,0,60,0,0,0,60,0,0,0,60,0,0,0,60,0,0,,0,,
16805,Monster,45732,npcGuaiSongJunWuGuanShi20100816,100,Hiệu Uý,FightNPCHeader14_16,100,1684,Hater,3481,1308,3481,1308,126600,2028,193,9,9,100,0,60,0,0,0,60,0,0,0,60,0,0,0,60,0,0,,0,,
16806,Monster,45733,npcGuaiLiaoJunWuGuanShi20100831,100,Hiệu Uý,FightNPCHeader14_15,10,164,Hater,348,163,348,163,1580,122,24,2,2,100,0,60,0,0,0,60,0,0,0,60,0,0,0,60,0,0,,0,,
16807,Monster,45734,npcGuaiLiaoJunWuGuanShi20100831,100,Hiệu Uý,FightNPCHeader14_15,20,201,Hater,567,266,567,266,12040,198,39,2,2,100,0,60,0,0,0,60,0,0,0,60,0,0,0,60,0,0,,0,,
16808,Monster,45735,npcGuaiLiaoJunWuGuanShi20100831,100,Hiệu Uý,FightNPCHeader14_15,30,326,Hater,844,396,844,396,20480,294,58,3,3,100,0,60,0,0,0,60,0,0,0,60,0,0,0,60,0,0,,0,,
16809,Monster,45736,npcGuaiLiaoJunWuGuanShi20100831,100,Hiệu Uý,FightNPCHeader14_15,40,475,Hater,1122,527,1122,527,30600,491,78,4,4,100,0,60,0,0,0,60,0,0,0,60,0,0,0,60,0,0,,0,,
16810,Monster,45737,npcGuaiLiaoJunWuGuanShi20100831,100,Hiệu Uý,FightNPCHeader14_15,50,648,Hater,1469,657,1469,657,42400,714,97,5,5,100,0,60,0,0,0,60,0,0,0,60,0,0,0,60,0,0,,0,,
16811,Monster,45738,npcGuaiLiaoJunWuGuanShi20100831,100,Hiệu Uý,FightNPCHeader14_15,60,844,Hater,1760,787,1760,787,55880,977,116,5,5,100,0,60,0,0,0,60,0,0,0,60,0,0,0,60,0,0,,0,,
16812,Monster,45739,npcGuaiLiaoJunWuGuanShi20100831,100,Hiệu Uý,FightNPCHeader14_15,70,1065,Hater,2051,917,2051,917,71040,1281,135,6,6,100,0,60,0,0,0,60,0,0,0,60,0,0,0,60,0,0,,0,,
16813,Monster,45740,npcGuaiLiaoJunWuGuanShi20100831,100,Hiệu Uý,FightNPCHeader14_15,80,1310,Hater,2342,1047,2342,1047,87880,1625,154,7,7,100,0,60,0,0,0,60,0,0,0,60,0,0,0,60,0,0,,0,,
16814,Monster,45741,npcGuaiLiaoJunWuGuanShi20100831,100,Hiệu Uý,FightNPCHeader14_15,90,1500,Hater,2884,1178,2884,1178,106400,1827,174,8,8,100,0,60,0,0,0,60,0,0,0,60,0,0,0,60,0,0,,0,,
16815,Monster,45742,npcGuaiLiaoJunWuGuanShi20100831,100,Hiệu Uý,FightNPCHeader14_15,100,1684,Hater,3481,1308,3481,1308,126600,2028,193,9,9,100,0,60,0,0,0,60,0,0,0,60,0,0,0,60,0,0,,0,,
16816,Monster,45743,npcGuai100901SongJunMa,100,Thống Lĩnh,FightNPCHeader14_16,10,164,Hater,348,163,348,163,1580,122,24,2,2,100,0,60,0,0,0,60,0,0,0,60,0,0,0,60,0,0,,0,,
16817,Monster,45744,npcGuai100901SongJunMa,100,Thống Lĩnh,FightNPCHeader14_16,20,201,Hater,567,266,567,266,12040,198,39,2,2,100,0,60,0,0,0,60,0,0,0,60,0,0,0,60,0,0,,0,,
16818,Monster,45745,npcGuai100901SongJunMa,100,Thống Lĩnh,FightNPCHeader14_16,30,326,Hater,844,396,844,396,20480,294,58,3,3,100,0,60,0,0,0,60,0,0,0,60,0,0,0,60,0,0,,0,,
16819,Monster,45746,npcGuai100901SongJunMa,100,Thống Lĩnh,FightNPCHeader14_16,40,475,Hater,1122,527,1122,527,30600,491,78,4,4,100,0,60,0,0,0,60,0,0,0,60,0,0,0,60,0,0,,0,,
16820,Monster,45747,npcGuai100901SongJunMa,100,Thống Lĩnh,FightNPCHeader14_16,50,648,Hater,1469,657,1469,657,42400,714,97,5,5,100,0,60,0,0,0,60,0,0,0,60,0,0,0,60,0,0,,0,,
16821,Monster,45748,npcGuai100901SongJunMa,100,Thống Lĩnh,FightNPCHeader14_16,60,844,Hater,1760,787,1760,787,55880,977,116,5,5,100,0,60,0,0,0,60,0,0,0,60,0,0,0,60,0,0,,0,,
16822,Monster,45749,npcGuai100901SongJunMa,100,Thống Lĩnh,FightNPCHeader14_16,70,1065,Hater,2051,917,2051,917,71040,1281,135,6,6,100,0,60,0,0,0,60,0,0,0,60,0,0,0,60,0,0,,0,,
16823,Monster,45750,npcGuai100901SongJunMa,100,Thống Lĩnh,FightNPCHeader14_16,80,1310,Hater,2342,1047,2342,1047,87880,1625,154,7,7,100,0,60,0,0,0,60,0,0,0,60,0,0,0,60,0,0,,0,,
16824,Monster,45751,npcGuai100901SongJunMa,100,Thống Lĩnh,FightNPCHeader14_16,90,1500,Hater,2884,1178,2884,1178,106400,1827,174,8,8,100,0,60,0,0,0,60,0,0,0,60,0,0,0,60,0,0,,0,,
16825,Monster,45752,npcGuai100901SongJunMa,100,Thống Lĩnh,FightNPCHeader14_16,100,1684,Hater,3481,1308,3481,1308,126600,2028,193,9,9,100,0,60,0,0,0,60,0,0,0,60,0,0,0,60,0,0,,0,,
16826,Monster,45753,npcGuai100827LiaoJunMa,100,Thống Lĩnh,FightNPCHeader14_15,10,164,Hater,348,163,348,163,1580,122,24,2,2,100,0,60,0,0,0,60,0,0,0,60,0,0,0,60,0,0,,0,,
16827,Monster,45754,npcGuai100827LiaoJunMa,100,Thống Lĩnh,FightNPCHeader14_15,20,201,Hater,567,266,567,266,12040,198,39,2,2,100,0,60,0,0,0,60,0,0,0,60,0,0,0,60,0,0,,0,,
16828,Monster,45755,npcGuai100827LiaoJunMa,100,Thống Lĩnh,FightNPCHeader14_15,30,326,Hater,844,396,844,396,20480,294,58,3,3,100,0,60,0,0,0,60,0,0,0,60,0,0,0,60,0,0,,0,,
16829,Monster,45756,npcGuai100827LiaoJunMa,100,Thống Lĩnh,FightNPCHeader14_15,40,475,Hater,1122,527,1122,527,30600,491,78,4,4,100,0,60,0,0,0,60,0,0,0,60,0,0,0,60,0,0,,0,,
16830,Monster,45757,npcGuai100827LiaoJunMa,100,Thống Lĩnh,FightNPCHeader14_15,50,648,Hater,1469,657,1469,657,42400,714,97,5,5,100,0,60,0,0,0,60,0,0,0,60,0,0,0,60,0,0,,0,,
16831,Monster,45758,npcGuai100827LiaoJunMa,100,Thống Lĩnh,FightNPCHeader14_15,60,844,Hater,1760,787,1760,787,55880,977,116,5,5,100,0,60,0,0,0,60,0,0,0,60,0,0,0,60,0,0,,0,,
16832,Monster,45759,npcGuai100827LiaoJunMa,100,Thống Lĩnh,FightNPCHeader14_15,70,1065,Hater,2051,917,2051,917,71040,1281,135,6,6,100,0,60,0,0,0,60,0,0,0,60,0,0,0,60,0,0,,0,,
16833,Monster,45760,npcGuai100827LiaoJunMa,100,Thống Lĩnh,FightNPCHeader14_15,80,1310,Hater,2342,1047,2342,1047,87880,1625,154,7,7,100,0,60,0,0,0,60,0,0,0,60,0,0,0,60,0,0,,0,,
16834,Monster,45761,npcGuai100827LiaoJunMa,100,Thống Lĩnh,FightNPCHeader14_15,90,1500,Hater,2884,1178,2884,1178,106400,1827,174,8,8,100,0,60,0,0,0,60,0,0,0,60,0,0,0,60,0,0,,0,,
16835,Monster,45762,npcGuai100827LiaoJunMa,100,Thống Lĩnh,FightNPCHeader14_15,100,1684,Hater,3481,1308,3481,1308,126600,2028,193,9,9,100,0,60,0,0,0,60,0,0,0,60,0,0,0,60,0,0,,0,,
16836,Monster,45763,npcGuaiSongJunChe100906,100,Chiến Xa,FightNPCHeader18_3,10,164,Hater,348,163,348,163,1580,122,24,2,2,100,0,60,0,0,0,60,0,0,0,60,0,0,0,60,0,0,,0,,
16837,Monster,45764,npcGuaiSongJunChe100906,100,Chiến Xa,FightNPCHeader18_3,20,201,Hater,567,266,567,266,12040,198,39,2,2,100,0,60,0,0,0,60,0,0,0,60,0,0,0,60,0,0,,0,,
16838,Monster,45765,npcGuaiSongJunChe100906,100,Chiến Xa,FightNPCHeader18_3,30,326,Hater,844,396,844,396,20480,294,58,3,3,100,0,60,0,0,0,60,0,0,0,60,0,0,0,60,0,0,,0,,
16839,Monster,45766,npcGuaiSongJunChe100906,100,Chiến Xa,FightNPCHeader18_3,40,475,Hater,1122,527,1122,527,30600,491,78,4,4,100,0,60,0,0,0,60,0,0,0,60,0,0,0,60,0,0,,0,,
16840,Monster,45767,npcGuaiSongJunChe100906,100,Chiến Xa,FightNPCHeader18_3,50,648,Hater,1469,657,1469,657,42400,714,97,5,5,100,0,60,0,0,0,60,0,0,0,60,0,0,0,60,0,0,,0,,
16841,Monster,45768,npcGuaiSongJunPaoChe20100906,100,Chiến Xa,FightNPCHeader18_3,60,844,Hater,1760,787,1760,787,55880,977,116,5,5,100,0,60,0,0,0,60,0,0,0,60,0,0,0,60,0,0,,0,,
16842,Monster,45769,npcGuaiSongJunPaoChe20100906,100,Chiến Xa,FightNPCHeader18_3,70,1065,Hater,2051,917,2051,917,71040,1281,135,6,6,100,0,60,0,0,0,60,0,0,0,60,0,0,0,60,0,0,,0,,
16843,Monster,45770,npcGuaiSongJunPaoChe20100906,100,Chiến Xa,FightNPCHeader18_3,80,1310,Hater,2342,1047,2342,1047,87880,1625,154,7,7,100,0,60,0,0,0,60,0,0,0,60,0,0,0,60,0,0,,0,,
16844,Monster,45771,npcGuaiSongJunPaoChe20100906,100,Chiến Xa,FightNPCHeader18_3,90,1500,Hater,2884,1178,2884,1178,106400,1827,174,8,8,100,0,60,0,0,0,60,0,0,0,60,0,0,0,60,0,0,,0,,
16845,Monster,45772,npcGuaiSongJunPaoChe20100906,100,Chiến Xa,FightNPCHeader18_3,100,1684,Hater,3481,1308,3481,1308,126600,2028,193,9,9,100,0,60,0,0,0,60,0,0,0,60,0,0,0,60,0,0,,0,,
16846,Monster,45773,npcGuaiLiaoJunChe20100901,100,Chiến Xa,FightNPCHeader18_1,10,164,Hater,348,163,348,163,1580,122,24,2,2,100,0,60,0,0,0,60,0,0,0,60,0,0,0,60,0,0,,0,,
16847,Monster,45774,npcGuaiLiaoJunChe20100901,100,Chiến Xa,FightNPCHeader18_1,20,201,Hater,567,266,567,266,12040,198,39,2,2,100,0,60,0,0,0,60,0,0,0,60,0,0,0,60,0,0,,0,,
16848,Monster,45775,npcGuaiLiaoJunChe20100901,100,Chiến Xa,FightNPCHeader18_1,30,326,Hater,844,396,844,396,20480,294,58,3,3,100,0,60,0,0,0,60,0,0,0,60,0,0,0,60,0,0,,0,,
16849,Monster,45776,npcGuaiLiaoJunChe20100901,100,Chiến Xa,FightNPCHeader18_1,40,475,Hater,1122,527,1122,527,30600,491,78,4,4,100,0,60,0,0,0,60,0,0,0,60,0,0,0,60,0,0,,0,,
16850,Monster,45777,npcGuaiLiaoJunChe20100901,100,Chiến Xa,FightNPCHeader18_1,50,648,Hater,1469,657,1469,657,42400,714,97,5,5,100,0,60,0,0,0,60,0,0,0,60,0,0,0,60,0,0,,0,,
16851,Monster,45778,npcGuaiLiaoJunPaoChe20100906,100,Chiến Xa,FightNPCHeader18_1,60,844,Hater,1760,787,1760,787,55880,977,116,5,5,100,0,60,0,0,0,60,0,0,0,60,0,0,0,60,0,0,,0,,
16852,Monster,45779,npcGuaiLiaoJunPaoChe20100906,100,Chiến Xa,FightNPCHeader18_1,70,1065,Hater,2051,917,2051,917,71040,1281,135,6,6,100,0,60,0,0,0,60,0,0,0,60,0,0,0,60,0,0,,0,,
16853,Monster,45780,npcGuaiLiaoJunPaoChe20100906,100,Chiến Xa,FightNPCHeader18_1,80,1310,Hater,2342,1047,2342,1047,87880,1625,154,7,7,100,0,60,0,0,0,60,0,0,0,60,0,0,0,60,0,0,,0,,
16854,Monster,45781,npcGuaiLiaoJunPaoChe20100906,100,Chiến Xa,FightNPCHeader18_1,90,1500,Hater,2884,1178,2884,1178,106400,1827,174,8,8,100,0,60,0,0,0,60,0,0,0,60,0,0,0,60,0,0,,0,,
16855,Monster,45782,npcGuaiLiaoJunPaoChe20100906,100,Chiến Xa,FightNPCHeader18_1,100,1684,Hater,3481,1308,3481,1308,126600,2028,193,9,9,100,0,60,0,0,0,60,0,0,0,60,0,0,0,60,0,0,,0,,
16856,Monster,45783,npcGuaiSongJunWenGuanShi20100908,100,Phó Tướng,FightNPCHeader14_16,10,164,Hater,348,163,348,163,1580,122,24,2,2,100,0,60,0,0,0,60,0,0,0,60,0,0,0,60,0,0,,0,,
16857,Monster,45784,npcGuaiSongJunWenGuanShi20100908,100,Phó Tướng,FightNPCHeader14_16,20,201,Hater,567,266,567,266,12040,198,39,2,2,100,0,60,0,0,0,60,0,0,0,60,0,0,0,60,0,0,,0,,
16858,Monster,45785,npcGuaiSongJunWenGuanShi20100908,100,Phó Tướng,FightNPCHeader14_16,30,326,Hater,844,396,844,396,20480,294,58,3,3,100,0,60,0,0,0,60,0,0,0,60,0,0,0,60,0,0,,0,,
16859,Monster,45786,npcGuaiSongJunWenGuanShi20100908,100,Phó Tướng,FightNPCHeader14_16,40,475,Hater,1122,527,1122,527,30600,491,78,4,4,100,0,60,0,0,0,60,0,0,0,60,0,0,0,60,0,0,,0,,
16860,Monster,45787,npcGuaiSongJunWenGuanShi20100908,100,Phó Tướng,FightNPCHeader14_16,50,648,Hater,1469,657,1469,657,42400,714,97,5,5,100,0,60,0,0,0,60,0,0,0,60,0,0,0,60,0,0,,0,,
16861,Monster,45788,npcGuaiSongJunWenGuanShi20100908,100,Phó Tướng,FightNPCHeader14_16,60,844,Hater,1760,787,1760,787,55880,977,116,5,5,100,0,60,0,0,0,60,0,0,0,60,0,0,0,60,0,0,,0,,
16862,Monster,45789,npcGuaiSongJunWenGuanShi20100908,100,Phó Tướng,FightNPCHeader14_16,70,1065,Hater,2051,917,2051,917,71040,1281,135,6,6,100,0,60,0,0,0,60,0,0,0,60,0,0,0,60,0,0,,0,,
16863,Monster,45790,npcGuaiSongJunWenGuanShi20100908,100,Phó Tướng,FightNPCHeader14_16,80,1310,Hater,2342,1047,2342,1047,87880,1625,154,7,7,100,0,60,0,0,0,60,0,0,0,60,0,0,0,60,0,0,,0,,
16864,Monster,45791,npcGuaiSongJunWenGuanShi20100908,100,Phó Tướng,FightNPCHeader14_16,90,1500,Hater,2884,1178,2884,1178,106400,1827,174,8,8,100,0,60,0,0,0,60,0,0,0,60,0,0,0,60,0,0,,0,,
16865,Monster,45792,npcGuaiSongJunWenGuanShi20100908,100,Phó Tướng,FightNPCHeader14_16,100,1684,Hater,3481,1308,3481,1308,126600,2028,193,9,9,100,0,60,0,0,0,60,0,0,0,60,0,0,0,60,0,0,,0,,
16866,Monster,45793,npcGuaiLiaoJunWenGuanShi20100831,100,Phó Tướng,FightNPCHeader14_15,10,164,Hater,348,163,348,163,1580,122,24,2,2,100,0,60,0,0,0,60,0,0,0,60,0,0,0,60,0,0,,0,,
16867,Monster,45794,npcGuaiLiaoJunWenGuanShi20100831,100,Phó Tướng,FightNPCHeader14_15,20,201,Hater,567,266,567,266,12040,198,39,2,2,100,0,60,0,0,0,60,0,0,0,60,0,0,0,60,0,0,,0,,
16868,Monster,45795,npcGuaiLiaoJunWenGuanShi20100831,100,Phó Tướng,FightNPCHeader14_15,30,326,Hater,844,396,844,396,20480,294,58,3,3,100,0,60,0,0,0,60,0,0,0,60,0,0,0,60,0,0,,0,,
16869,Monster,45796,npcGuaiLiaoJunWenGuanShi20100831,100,Phó Tướng,FightNPCHeader14_15,40,475,Hater,1122,527,1122,527,30600,491,78,4,4,100,0,60,0,0,0,60,0,0,0,60,0,0,0,60,0,0,,0,,
16870,Monster,45797,npcGuaiLiaoJunWenGuanShi20100831,100,Phó Tướng,FightNPCHeader14_15,50,648,Hater,1469,657,1469,657,42400,714,97,5,5,100,0,60,0,0,0,60,0,0,0,60,0,0,0,60,0,0,,0,,
16871,Monster,45798,npcGuaiLiaoJunWenGuanShi20100831,100,Phó Tướng,FightNPCHeader14_15,60,844,Hater,1760,787,1760,787,55880,977,116,5,5,100,0,60,0,0,0,60,0,0,0,60,0,0,0,60,0,0,,0,,
16872,Monster,45799,npcGuaiLiaoJunWenGuanShi20100831,100,Phó Tướng,FightNPCHeader14_15,70,1065,Hater,2051,917,2051,917,71040,1281,135,6,6,100,0,60,0,0,0,60,0,0,0,60,0,0,0,60,0,0,,0,,
16873,Monster,45800,npcGuaiLiaoJunWenGuanShi20100831,100,Phó Tướng,FightNPCHeader14_15,80,1310,Hater,2342,1047,2342,1047,87880,1625,154,7,7,100,0,60,0,0,0,60,0,0,0,60,0,0,0,60,0,0,,0,,
16874,Monster,45801,npcGuaiLiaoJunWenGuanShi20100831,100,Phó Tướng,FightNPCHeader14_15,90,1500,Hater,2884,1178,2884,1178,106400,1827,174,8,8,100,0,60,0,0,0,60,0,0,0,60,0,0,0,60,0,0,,0,,
16875,Monster,45802,npcGuaiLiaoJunWenGuanShi20100831,100,Phó Tướng,FightNPCHeader14_15,100,1684,Hater,3481,1308,3481,1308,126600,2028,193,9,9,100,0,60,0,0,0,60,0,0,0,60,0,0,0,60,0,0,,0,,
16876,Monster,45803,bossSongJunShuai20100830,100,Đại Tướng,FightNPCHeader14_16,10,164,Hater,348,163,348,163,1580,122,24,2,2,100,0,60,0,0,0,60,0,0,0,60,0,0,0,60,0,0,,0,,
16877,Monster,45804,bossSongJunShuai20100830,100,Đại Tướng,FightNPCHeader14_16,20,201,Hater,567,266,567,266,12040,198,39,2,2,100,0,60,0,0,0,60,0,0,0,60,0,0,0,60,0,0,,0,,
16878,Monster,45805,bossSongJunShuai20100830,100,Đại Tướng,FightNPCHeader14_16,30,326,Hater,844,396,844,396,20480,294,58,3,3,100,0,60,0,0,0,60,0,0,0,60,0,0,0,60,0,0,,0,,
16879,Monster,45806,bossSongJunShuai20100830,100,Đại Tướng,FightNPCHeader14_16,40,475,Hater,1122,527,1122,527,30600,491,78,4,4,100,0,60,0,0,0,60,0,0,0,60,0,0,0,60,0,0,,0,,
16880,Monster,45807,bossSongJunShuai20100830,100,Đại Tướng,FightNPCHeader14_16,50,648,Hater,1469,657,1469,657,42400,714,97,5,5,100,0,60,0,0,0,60,0,0,0,60,0,0,0,60,0,0,,0,,
16881,Monster,45808,bossSongJunShuai20100830,100,Đại Tướng,FightNPCHeader14_16,60,844,Hater,1760,787,1760,787,55880,977,116,5,5,100,0,60,0,0,0,60,0,0,0,60,0,0,0,60,0,0,,0,,
16882,Monster,45809,bossSongJunShuai20100830,100,Đại Tướng,FightNPCHeader14_16,70,1065,Hater,2051,917,2051,917,71040,1281,135,6,6,100,0,60,0,0,0,60,0,0,0,60,0,0,0,60,0,0,,0,,
16883,Monster,45810,bossSongJunShuai20100830,100,Đại Tướng,FightNPCHeader14_16,80,1310,Hater,2342,1047,2342,1047,87880,1625,154,7,7,100,0,60,0,0,0,60,0,0,0,60,0,0,0,60,0,0,,0,,
16884,Monster,45811,bossSongJunShuai20100830,100,Đại Tướng,FightNPCHeader14_16,90,1500,Hater,2884,1178,2884,1178,106400,1827,174,8,8,100,0,60,0,0,0,60,0,0,0,60,0,0,0,60,0,0,,0,,
16885,Monster,45812,bossSongJunShuai20100830,100,Đại Tướng,FightNPCHeader14_16,100,1684,Hater,3481,1308,3481,1308,126600,2028,193,9,9,100,0,60,0,0,0,60,0,0,0,60,0,0,0,60,0,0,,0,,
16886,Monster,45813,bossLiaoJunJiang100816,100,Đại Tướng,FightNPCHeader14_15,10,164,Hater,348,163,348,163,1580,122,24,2,2,100,0,60,0,0,0,60,0,0,0,60,0,0,0,60,0,0,,0,,
16887,Monster,45814,bossLiaoJunJiang100816,100,Đại Tướng,FightNPCHeader14_15,20,201,Hater,567,266,567,266,12040,198,39,2,2,100,0,60,0,0,0,60,0,0,0,60,0,0,0,60,0,0,,0,,
16888,Monster,45815,bossLiaoJunJiang100816,100,Đại Tướng,FightNPCHeader14_15,30,326,Hater,844,396,844,396,20480,294,58,3,3,100,0,60,0,0,0,60,0,0,0,60,0,0,0,60,0,0,,0,,
16889,Monster,45816,bossLiaoJunJiang100816,100,Đại Tướng,FightNPCHeader14_15,40,475,Hater,1122,527,1122,527,30600,491,78,4,4,100,0,60,0,0,0,60,0,0,0,60,0,0,0,60,0,0,,0,,
16890,Monster,45817,bossLiaoJunJiang100816,100,Đại Tướng,FightNPCHeader14_15,50,648,Hater,1469,657,1469,657,42400,714,97,5,5,100,0,60,0,0,0,60,0,0,0,60,0,0,0,60,0,0,,0,,
16891,Monster,45818,bossLiaoJunJiang100816,100,Đại Tướng,FightNPCHeader14_15,60,844,Hater,1760,787,1760,787,55880,977,116,5,5,100,0,60,0,0,0,60,0,0,0,60,0,0,0,60,0,0,,0,,
16892,Monster,45819,bossLiaoJunJiang100816,100,Đại Tướng,FightNPCHeader14_15,70,1065,Hater,2051,917,2051,917,71040,1281,135,6,6,100,0,60,0,0,0,60,0,0,0,60,0,0,0,60,0,0,,0,,
16893,Monster,45820,bossLiaoJunJiang100816,100,Đại Tướng,FightNPCHeader14_15,80,1310,Hater,2342,1047,2342,1047,87880,1625,154,7,7,100,0,60,0,0,0,60,0,0,0,60,0,0,0,60,0,0,,0,,
16894,Monster,45821,bossLiaoJunJiang100816,100,Đại Tướng,FightNPCHeader14_15,90,1500,Hater,2884,1178,2884,1178,106400,1827,174,8,8,100,0,60,0,0,0,60,0,0,0,60,0,0,0,60,0,0,,0,,
16895,Monster,45822,bossLiaoJunJiang100816,100,Đại Tướng,FightNPCHeader14_15,100,1684,Hater,3481,1308,3481,1308,126600,2028,193,9,9,100,0,60,0,0,0,60,0,0,0,60,0,0,0,60,0,0,,0,,
16896,Monster,45823,bossGeRongShengJi090801,100,Tống Nguyên Soái,FightNPCHeader10_12,60,64960,Boss,11085,4958,11085,4958,2815295,6156,732,73,36,200,0,60,0,0,0,60,0,0,0,60,0,0,0,-10,0,0,,0,,
16897,Monster,45824,bossGeRongShengJi090801,100,Tống Nguyên Soái,FightNPCHeader10_12,70,81421,Boss,12831,5739,12831,5739,3555070,8015,848,82,41,200,0,60,0,0,0,60,0,0,0,60,0,0,0,-10,0,0,,0,,
16898,Monster,45825,bossGeRongShengJi090801,100,Tống Nguyên Soái,FightNPCHeader10_12,80,99718,Boss,14577,6521,14577,6521,4375485,10115,963,92,46,200,0,60,0,0,0,60,0,0,0,60,0,0,0,-10,0,0,,0,,
16899,Monster,45826,bossGeRongShengJi090801,100,Tống Nguyên Soái,FightNPCHeader10_12,90,113754,Boss,17879,7302,17879,7302,5276540,11324,1078,101,50,300,0,60,0,0,0,60,0,0,0,60,0,0,0,-10,0,0,,0,,
16900,Monster,45827,bossGeRongShengJi090801,100,Tống Nguyên Soái,FightNPCHeader10_12,100,127348,Boss,21512,8083,21512,8083,6258240,12534,1193,111,55,215,0,60,0,0,0,60,0,0,0,60,0,0,0,-10,0,0,,0,,
16901,Monster,45828,bossJiuLiZhiHuiGuan20120911BianSe1,100,Liêu Nguyên Soái,CommonNPCHeader25_10,60,64960,Boss,11085,4958,11085,4958,2815295,6156,732,73,36,200,0,60,0,0,0,60,0,0,0,60,0,0,0,-10,0,0,,0,,
16902,Monster,45829,bossJiuLiZhiHuiGuan20120911BianSe1,100,Liêu Nguyên Soái,CommonNPCHeader25_10,70,81421,Boss,12831,5739,12831,5739,3555070,8015,848,82,41,200,0,60,0,0,0,60,0,0,0,60,0,0,0,-10,0,0,,0,,
16903,Monster,45830,bossJiuLiZhiHuiGuan20120911BianSe1,100,Liêu Nguyên Soái,CommonNPCHeader25_10,80,99718,Boss,14577,6521,14577,6521,4375485,10115,963,92,46,200,0,60,0,0,0,60,0,0,0,60,0,0,0,-10,0,0,,0,,
16904,Monster,45831,bossJiuLiZhiHuiGuan20120911BianSe1,100,Liêu Nguyên Soái,CommonNPCHeader25_10,90,113754,Boss,17879,7302,17879,7302,5276540,11324,1078,101,50,300,0,60,0,0,0,60,0,0,0,60,0,0,0,-10,0,0,,0,,
16905,Monster,45832,bossJiuLiZhiHuiGuan20120911BianSe1,100,Liêu Nguyên Soái,CommonNPCHeader25_10,100,127348,Boss,21512,8083,21512,8083,6258240,12534,1193,111,55,215,0,60,0,0,0,60,0,0,0,60,0,0,0,-10,0,0,,0,,
16906,Monster,45833,boss140227GuDiao,100,Liêu Nguyên Soái,CommonNPCHeader25_10,120,127348,Boss,221512,28083,221512,28083,6258240,112534,5193,111,55,215,0,60,0,0,0,60,0,0,0,60,0,0,0,60,0,0,,0,,
16907,Monster,45835,boss160229TianShanTongMu,100,Liêu Nguyên Soái,CommonNPCHeader25_10,120,127348,Boss,21512,28083,221512,28083,6258240,112534,5193,111,55,215,0,60,0,0,0,60,0,0,0,60,0,0,0,60,0,0,,0,,
16908,Monster,45842,bossWuYaZi20201107,100,Liêu Nguyên Soái,CommonNPCHeader25_10,120,127348,Boss,221512,28083,221512,28083,6258240,112534,5193,111,55,215,0,60,0,0,0,60,0,0,0,60,0,0,0,60,0,0,,0,,
16909,Monster,45843,bossXiaoYaoZiZheng20170912,100,Liêu Nguyên Soái,CommonNPCHeader25_10,120,127348,Boss,221512,28083,221512,28083,6258240,112534,5193,111,55,215,0,60,0,0,0,60,0,0,0,60,0,0,0,60,0,0,,0,,
16910,Monster,45844,ZhenShou191125PuTongvip_BaiSe,100,Liêu Nguyên Soái,CommonNPCHeader25_10,120,127348,Boss,221512,28083,221512,28083,6258240,112534,5193,111,55,215,0,60,0,0,0,60,0,0,0,60,0,0,0,60,0,0,,0,,
16911,Monster,45845,ZhenShou191125PuTongvip_LuSe,100,Liêu Nguyên Soái,CommonNPCHeader25_10,120,127348,Boss,221512,28083,221512,28083,6258240,112534,5193,111,55,215,0,60,0,0,0,60,0,0,0,60,0,0,0,60,0,0,,0,,
16912,Monster,45848,boss140219BiFang,100,Liêu Nguyên Soái,CommonNPCHeader25_10,120,127348,Boss,221512,28083,221512,28083,6258240,112534,5193,111,55,215,0,60,0,0,0,60,0,0,0,60,0,0,0,60,0,0,,0,,
16913,Monster,45849,bossTongTianTaAXiuLuoWang20110526,100,Liêu Nguyên Soái,CommonNPCHeader25_10,120,127348,Boss,221512,28083,221512,28083,6258240,112534,5193,111,55,215,0,60,0,0,0,60,0,0,0,60,0,0,0,60,0,0,,0,,
16914,Monster,45850,bossTongTianTaJinNaLuoWang20110525,100,Liêu Nguyên Soái,CommonNPCHeader25_10,120,127348,Boss,221512,28083,221512,28083,6258240,112534,5193,111,55,215,0,60,0,0,0,60,0,0,0,60,0,0,0,60,0,0,,0,,
16915,Monster,45851,BOSS140219XiangLiu,100,Liêu Nguyên Soái,CommonNPCHeader25_10,120,127348,Boss,221512,28083,221512,28083,6258240,112534,5193,111,55,215,0,60,0,0,0,60,0,0,0,60,0,0,0,60,0,0,,0,,
16916,Monster,45851,bossTongTianTaDiShiTian20110530,100,Liêu Nguyên Soái,CommonNPCHeader25_10,120,127348,Boss,221512,28083,221512,28083,6258240,112534,5193,111,55,215,0,60,0,0,0,60,0,0,0,60,0,0,0,60,0,0,,0,,
16917,Monster,45852,bossBingShengQiZhenHuo20110513,100,Liêu Nguyên Soái,CommonNPCHeader25_10,120,127348,Boss,221512,28083,221512,28083,6258240,112534,5193,111,55,215,0,60,0,0,0,60,0,0,0,60,0,0,0,60,0,0,,0,,
16918,Monster,45836,boss170920FuXi,100,Khang Quảng Lăng,commonnpcheader38_12,120,127348,Boss,243024,140415,243024,140415,195474400,225068,25193,111,55,250,0,300,0,0,0,300,0,0,0,300,0,0,200000,300,3000,1000,0_1_0;1523_12_20000;1512_12_40000,0,,
16919,Monster,45841,bossWuYaZi20120926BaiSe,100,Du Thản Chi,CommonNPCHeader36_14,120,127348,Boss,243024,140415,243024,140415,195474400,225068,25193,111,55,250,0,300,0,0,0,300,0,0,0,300,0,0,200000,300,3000,1000,0_1_0;1523_12_20000;1512_12_40000,0,,
16920,Monster,45846,ZhenShou191125PuTongvip_LuSeBianSe,50,A Tử,commonnpcheader43_2,120,127348,Boss,243024,140415,243024,140415,562582400,225068,25193,111,55,250,0,300,0,0,0,300,0,0,0,300,0,0,200000,300,3000,1000,0_1_0;1523_12_20000;1512_12_40000,0,,
16921,Monster,45847,ZhenShou191125ZuanShivip_GuangMing,100,Tiết Mộ Hoa,CommonNPCHeader37_21,120,127348,Boss,243024,140415,243024,140415,562582400,225068,25193,111,55,250,0,300,0,0,0,300,0,0,0,300,0,0,200000,300,3000,1000,0_1_0;1523_12_20000;1512_12_40000,0,,
16922,Monster,50000,LanSeChongWuHuDie,100,Mộng Hồ Điệp,PetHeader3_24,90,2079,Hater,6805,2554,6805,2554,280380,5410,429,50,50,200,0,100,0,0,0,100,0,0,0,100,0,0,0,100,0,0,,0,,
16923,Monster,50001,LanSeDaTangLang,100,Đường Bích Lang,PetHeader3_3,95,2579,Hater,6905,2554,6805,2554,280380,5410,429,50,50,200,0,100,0,0,0,100,0,0,0,100,0,0,0,100,0,0,,0,,
16924,Monster,50002,LuSeDaTangLang,100,Đường Thanh Lang,PetHeader3_3,99,3079,Hater,7005,2554,6805,2554,280380,5410,429,50,50,200,0,100,0,0,0,100,0,0,0,100,0,0,0,100,0,0,,0,,
16925,Monster,50003,npcXinTianWaiYeWaiBaiHe201112,100,Hắc Liên Hạc,RideHeader2_1,100,4060,Hater,10690,4138,10690,4138,406910,10315,615,50,50,200,0,150,0,0,0,150,0,0,0,150,0,0,0,150,0,0,,0,,
16926,Monster,50004,npcXinTianWaiYeWaiCaoYuanYing201025,100,Hắc Sí Điểu,CommonNPCHeader19_6,105,4560,Hater,11690,4138,10690,4138,406910,10315,615,50,50,200,0,150,0,0,0,150,0,0,0,150,0,0,0,150,0,0,,0,,
16927,Monster,50005,npcGuaiTongTianTaJiaLouLuo20110528,100,Lôi Ưng Tử,FightNPCHeader13_14,109,5060,Hater,12690,4138,10690,4138,406910,10315,615,50,50,200,0,150,0,0,0,150,0,0,0,150,0,0,0,150,0,0,,0,,
16928,Monster,50006,npcGuaiXiYuXianLu,100,Tuyết Sơn Lộc,FightNPCHeader10_7,110,6641,Hater,15462,6804,15462,6804,589455,15345,1013,100,100,200,0,200,0,0,0,200,0,0,0,200,0,0,0,200,0,0,,0,,
16929,Monster,50007,npcXinTianWaiYeWaiCaoYuanZongLang201024,100,Phong Lang,FightNPCHeader4_18,115,7041,Hater,17462,6804,15462,6804,589455,15345,1013,100,100,200,0,200,0,0,0,200,0,0,0,200,0,0,0,200,0,0,,0,,
16930,Monster,50008,npcXinTianWaiYeWaiCaoYuanLanLang201025,100,Hắc Phong Lang,FightNPCHeader4_16,119,7541,Hater,19462,6804,15462,6804,589455,15345,1013,100,100,200,0,200,0,0,0,200,0,0,0,200,0,0,0,200,0,0,,0,,
16931,Monster,50009,DiGongDaoMuZhe,100,Đạo mộ tặc,FightNPCHeader9_19,80,3588,Hater,2286,1534,2286,4092,217800,1270,151,22,7,100,0,60,0,0,0,60,0,0,0,60,0,0,0,60,0,0,,0,,
16932,Monster,50010,GuMuChongZi,100,Mộ Huyệt Giáp Trùng,FightNPCHeader9_25,85,3695,Hater,3770,1054,4713,2108,179560,1308,155,23,7,100,0,60,0,0,0,60,0,0,0,60,0,0,0,60,0,0,,0,,
16933,Monster,50011,GuMuGongJiang,100,Địa Cung Công Tượng,PetHeader4_20,89,3746,Hater,3826,1069,4783,2139,182220,1328,158,23,7,100,0,60,0,0,0,60,0,0,0,60,0,0,0,60,0,0,,0,,
16934,Monster,50012,npcGuaiGuMuCanPoDiaoSu,100,Tần Hoàng Tinh Binh Dũng,FightNPCHeader9_24,90,4619,Hater,6805,2554,6805,2554,280380,5410,429,50,50,200,0,100,0,0,0,100,0,0,0,100,0,0,0,100,0,0,,0,,
16935,Monster,50013,GuMuShiRen,100,Cơ Quan Thạch Nhân,PetHeader4_19,95,4745,Hater,6905,2554,6805,2554,280380,5410,429,50,50,200,0,100,0,0,0,100,0,0,0,100,0,0,0,100,0,0,,0,,
16936,Monster,50014,GuMuYouLing,100,Địa Cung U Linh,PetHeader4_17,99,4871,Hater,7005,2554,6805,2554,280380,5410,429,50,50,200,0,100,0,0,0,100,0,0,0,100,0,0,0,100,0,0,,0,,
16937,Monster,50015,DiGongQinJiangHuWei,100,Tần Tướng Hộ Vệ,FightNPCHeader9_22,100,6130,Hater,10690,4138,10690,4138,406910,10315,615,50,50,200,0,150,0,0,0,150,0,0,0,150,0,0,0,150,0,0,,0,,
16938,Monster,50016,YiQiTongRen,100,Cơ Quan Thủ Vệ,FightNPCHeader3_9,105,6283,Hater,11690,4138,10690,4138,406910,10315,615,50,50,200,0,150,0,0,0,150,0,0,0,150,0,0,0,150,0,0,,0,,
16939,Monster,50017,npcGuaiDiGongHuWei,100,Tần Tướng Thị Vệ,FightNPCHeader9_23,109,6543,Hater,12690,4138,10690,4138,406910,10315,615,50,50,200,0,150,0,0,0,150,0,0,0,150,0,0,0,150,0,0,,0,,
16940,Monster,50018,FuBen9CengBianFu,100,Tần Lăng Biển Bức,FightNPCHeader11_19,110,6972,Hater,15462,6804,15462,6804,589455,15345,1013,100,100,200,0,200,0,0,0,200,0,0,0,200,0,0,0,200,0,0,,0,,
16941,Monster,50019,HuoKaiJia,100,Tần Lăng Ngự Vệ,FightNPCHeader11_20,115,7135,Hater,17462,6804,15462,6804,589455,15345,1013,100,100,200,0,200,0,0,0,200,0,0,0,200,0,0,0,200,0,0,,0,,
16942,Monster,50020,SiWangPinFei,100,Tần Lăng Táng Phi,FightNPCHeader11_18,119,7298,Hater,19462,6804,15462,6804,589455,15345,1013,100,100,200,0,200,0,0,0,200,0,0,0,200,0,0,0,200,0,0,,0,,
16943,Monster,318110,ZhenShou20130614MeiNuShe1,100,Huyền Nữ Vương Xà Trưởng Thành,PetHeader6_20,95,0,Hater,3043,1243,3043,1243,112280,1927,183,8,8,100,0,60,0,0,0,60,0,0,0,60,0,0,0,60,0,0,,0,,
16944,Monster,318111,ZhenShou20130614MeiNuShe2,100,Huyền Nữ Vương Xà Biến Dị,PetHeader6_20,95,0,Hater,3043,1243,3043,1243,112280,1927,183,8,8,100,0,60,0,0,0,60,0,0,0,60,0,0,0,60,0,0,,0,,
16945,Monster,318112,ZhenShou20130614MeiNuShe3,100,Huyền Nữ Vương Xà Biến Dị,PetHeader6_20,95,0,Hater,3043,1243,3043,1243,112280,1927,183,8,8,100,0,60,0,0,0,60,0,0,0,60,0,0,0,60,0,0,,0,,
16946,Monster,318113,ZhenShou20130614MeiNuShe5,100,Huyền Nữ Vương Xà Biến Dị,PetHeader6_20,95,0,Hater,3043,1243,3043,1243,112280,1927,183,8,8,100,0,60,0,0,0,60,0,0,0,60,0,0,0,60,0,0,,0,,
16947,Monster,318114,ZhenShou20130614MeiNuShe4,100,Huyền Nữ Vương Xà Biến Dị,PetHeader6_20,95,0,Hater,3043,1243,3043,1243,112280,1927,183,8,8,100,0,60,0,0,0,60,0,0,0,60,0,0,0,60,0,0,,0,,
16948,Monster,318115,ZhenShou20130614MeiNuShe7,100,Huyền Nữ Vương Xà Biến Dị,PetHeader6_20,95,0,Hater,3043,1243,3043,1243,112280,1927,183,8,8,100,0,60,0,0,0,60,0,0,0,60,0,0,0,60,0,0,,0,,
16949,Monster,318116,ZhenShou20130614MeiNuShe8,100,Huyền Nữ Vương Xà Biến Dị,PetHeader6_20,95,0,Hater,3043,1243,3043,1243,112280,1927,183,8,8,100,0,60,0,0,0,60,0,0,0,60,0,0,0,60,0,0,,0,,
16950,Monster,318117,ZhenShou20130614MeiNuShe9,100,Huyền Nữ Vương Xà Biến Dị,PetHeader6_20,95,0,Hater,3043,1243,3043,1243,112280,1927,183,8,8,100,0,60,0,0,0,60,0,0,0,60,0,0,0,60,0,0,,0,,
16951,Monster,318118,ZhenShou20130614MeiNuShe6,100,Huyền Nữ Vương Xà Biến Dị,PetHeader6_20,95,0,Hater,3043,1243,3043,1243,112280,1927,183,8,8,100,0,60,0,0,0,60,0,0,0,60,0,0,0,60,0,0,,0,,
16952,Monster,318119,ZhenShou20130614MeiNuShe1,100,Huyền Nữ Vương Xà Bảo Bảo,PetHeader6_20,95,0,Hater,3043,1243,3043,1243,112280,1927,183,8,8,100,0,60,0,0,0,60,0,0,0,60,0,0,0,60,0,0,,0,,
16953,Monster,318120,ZhiZunShenShou0,100,Chí Tôn Thần Thú,FightNPCHeader3_6,105,50399,Boss,41854,101770,41854,101770,889807200,10357,17465,247,247,200,7592,1500,2000,1000,7592,1500,2000,1000,7592,1500,2000,1000,7592,1500,2000,1000,1520_12_1000;1521_12_2000;1522_12_3000;1523_12_4000;1524_12_1000;1515_12_10000;1516_12_10000;1510_12_15000;1511_12_20000;1512_12_25000;1513_12_30000;1514_12_35000,0,,
16954,Monster,318121,npc150211Huoboss,120,Bàn Cổ Chi Linh-Thiên,FightNPCHeader8_13,120,500799,Boss,563024,540415,563024,540415,2000000000,50000,13672,450,173,200,11592,3000,2000,2000,11592,3000,2000,2000,11592,3000,2000,2000,11592,3000,2000,2000,0_1_0;9_12_17000;1511_12_22000;1513_12_27000;1515_12_33000,0,,
16955,Monster,318122,npc150211Huoboss,120,Bàn Cổ Chi Linh-Địa,FightNPCHeader8_13,120,500799,Boss,563024,540415,563024,540415,2000000000,50000,13672,450,173,200,11592,3000,2000,2000,11592,3000,2000,2000,11592,3000,2000,2000,11592,3000,2000,2000,0_1_0;9_12_17000;1512_12_22000;1514_12_27000;1516_12_33000,0,,
16956,Monster,318123,npc190802TaoHuaDaoChiRenOu,100,Con Rối,PetHeader6_20,95,0,Hater,3043,1243,3043,1243,112280,1927,183,8,8,100,0,60,0,0,0,60,0,0,0,60,0,0,0,60,0,0,,0,,
16957,Monster,318124,npc160809ShanFeiLouLou,100,Thủy Phỉ Xích Hầu,CommonNPCHeader38_1,91,1516,Hater,2916,1191,2916,1191,107575,1847,175,8,8,100,0,60,0,0,0,60,0,0,0,60,0,0,0,60,0,0,,0,,
16958,Monster,318125,npc160809ShanFeiChiHou,100,Thủy Phỉ Lâu La,CommonNPCHeader38_1,91,1516,Hater,2916,1191,2916,1191,107575,1847,175,8,8,100,0,60,0,0,0,60,0,0,0,60,0,0,0,60,0,0,,0,,
16959,Monster,318126,npc160809ShanFeiEBa,100,Thủy Phỉ Đà Chủ,CommonNPCHeader38_1,91,1516,Hater,2916,1191,2916,1191,107575,1847,175,8,8,100,0,60,0,0,0,60,0,0,0,60,0,0,0,60,0,0,,0,,
16960,Monster,318127,npc_2024XuZhuChangXiJian,100,Đao Vực,CommonNPCHeader38_7,50,708,Hater,1614,722,1614,722,500000,784,106,3,3,100,0,60,0,0,0,60,0,0,0,60,0,0,0,60,0,0,,0,,
16961,Monster,318128,npcGuai170915JiuLiYiMin,100,Giang Hồ Tinh Anh,CommonNPCHeader11_21,91,1516,Hater,2916,1191,2916,1191,107575,1847,175,8,8,100,0,60,0,0,0,60,0,0,0,60,0,0,0,60,0,0,,0,,
16962,Monster,318129,npcGuai_2025LouLuoXia,100,Giang Hồ Lâu La,CommonNPCHeader13_19,91,1516,Hater,2916,1191,2916,1191,107575,1847,175,8,8,100,0,60,0,0,0,60,0,0,0,60,0,0,0,60,0,0,,0,,
16963,Monster,318130,npcGuai_2025JiangHuXiaoXiaoXia,100,Giang Hồ Đà Chủ,CommonNPCHeader13_18,91,1516,Hater,2916,1191,2916,1191,107575,1847,175,8,8,100,0,60,0,0,0,60,0,0,0,60,0,0,0,60,0,0,,0,,
16964,Monster,400000,ZhongJiaMangGai,100,Nhất Phẩm Đường Võ Sỹ,FightNPCHeader1_19,119,7541,Hater,19462,6804,15462,6804,589455,15345,1013,100,100,200,0,200,0,0,0,200,0,0,0,200,0,0,0,200,0,0,,0,,
16965,Monster,400001,FuShuiMingWang,100,Hà Mão Tam,FightNPCHeader3_4,120,127348,Boss,243024,140415,243024,140415,49747200,112534,25965,111,55,250,0,60,0,0,0,60,0,0,0,60,0,0,100000,60,1500,500,,0,,
16966,Monster,400002,KuMuMingWang,100,Cao Thập Tam,FightNPCHeader3_4,120,127348,Boss,243024,140415,243024,140415,49747200,112534,25965,111,55,250,0,60,0,0,0,60,0,0,0,60,0,0,100000,60,1500,500,,0,,
16967,Monster,400003,PuTongXiaShi2,100,Nhất Phẩm Đường Tiên Phong,FightNPCHeader6_20,119,7541,Hater,19462,6804,15462,6804,589455,15345,1013,100,100,200,0,200,0,0,0,200,0,0,0,200,0,0,0,200,0,0,,0,,
16968,Monster,400004,LieJinMingWang,100,Diêu Bá Đương,FightNPCHeader3_4,120,127348,Boss,243024,140415,243024,140415,49747200,112534,25965,111,55,250,0,60,0,0,0,60,0,0,0,60,0,0,100000,60,1500,500,,0,,
16969,Monster,400005,JingYingXiXiaHuiYiWuShi,100,Tống Nhị Gia,CommonNPCHeader5_18,120,127348,Boss,243024,140415,243024,140415,49747200,112534,25965,111,55,250,0,60,0,0,0,60,0,0,0,60,0,0,100000,60,1500,500,,0,,
16970,Monster,400006,PuTongXiXiaWuShi,100,Nhất Phẩm Đường Thích Khách,CommonNPCHeader5_19,119,7541,Hater,19462,6804,15462,6804,589455,15345,1013,100,100,200,0,200,0,0,0,200,0,0,0,200,0,0,0,200,0,0,,0,,
16971,Monster,400007,FanHuoMingWang,100,Vu Tử Lê,FightNPCHeader3_4,120,127348,Boss,243024,140415,243024,140415,60774720,112534,25965,111,55,250,0,60,0,0,0,60,0,0,0,60,0,0,100000,60,1500,500,,0,,
16972,Monster,400010,FengHuangGuCheng_LeiShuiJing,250,Tử Sắc Thủy Tinh,FightNPCHeader10_17,100,0,Static,0,0,0,0,100000000,0,15000,0,500,0,0,500,0,0,0,500,0,0,0,500,0,0,0,500,0,0,,0,,
16973,Monster,400011,FengHuangGuCheng_HuoShuiJing,250,Tranh Sắc Thủy Tinh,FightNPCHeader10_15,100,0,Static,0,0,0,0,100000000,0,15000,0,500,0,0,500,0,0,0,500,0,0,0,500,0,0,0,500,0,0,,0,,
16974,Monster,400012,FengHuangGuCheng_FengShuiJing,250,Hoàng Sắc Thủy Tinh,FightNPCHeader10_19,100,0,Static,0,0,0,0,100000000,0,15000,0,500,0,0,500,0,0,0,500,0,0,0,500,0,0,0,500,0,0,,0,,
16975,Monster,400013,FengHuangGuCheng_ShuiShuiJing,250,Lục Sắc Thủy Tinh,FightNPCHeader10_21,100,0,Static,0,0,0,0,100000000,0,15000,0,500,0,0,500,0,0,0,500,0,0,0,500,0,0,0,500,0,0,,0,,
16976,Monster,400014,FengHuangZhanQi,200,Phụng Hoàng Chiến Kỳ,FightNPCHeader10_23,100,0,Static,0,0,0,0,100000000,0,15000,0,1000,0,0,1000,0,0,0,1000,0,0,0,1000,0,0,0,1000,0,0,,0,,
16977,Monster,400015,JingYingXiXiaHeiHuangWenYiWuShi,100,Hoa Hải Thủ Vệ,CommonNPCHeader5_19,100,9000,Normal,20000,30000,20000,30000,3000000,10000,2000,300,500,300,0,300,0,0,0,300,0,0,0,300,0,0,0,300,0,0,,0,,
16978,Monster,400016,JingYingXiXiaHongYiWuShi,100,Nam Hoài Thủ Vệ,CommonNPCHeader5_19,100,9000,Normal,20000,30000,20000,30000,3000000,10000,2000,300,500,300,0,300,0,0,0,300,0,0,0,300,0,0,0,300,0,0,,0,,
16979,Monster,400017,JingYingXiXiaHuangYiWuShi,100,Thanh Nguyên Thủ Vệ,CommonNPCHeader5_19,100,9000,Normal,20000,30000,20000,30000,3000000,10000,2000,300,500,300,0,300,0,0,0,300,0,0,0,300,0,0,0,300,0,0,,0,,
16980,Monster,400018,JingYingXiXiaHuiYiWuShi,100,Lâm Hải Thủ Vệ,CommonNPCHeader5_19,100,9000,Normal,20000,30000,20000,30000,3000000,10000,2000,300,500,300,0,300,0,0,0,300,0,0,0,300,0,0,0,300,0,0,,0,,
16981,Monster,400020,npcXieZhanYanMenGuanLiaoBing,100,Tiên Phong Doanh Tinh Anh,CommonNPCHeader5_14,65,12596,Hater,12596,2000,12596,6000,420000,22023,300,27,40,35,0,60,0,0,0,60,0,0,0,60,0,0,0,60,0,0,,0,,
16982,Monster,400021,npcXieZhanYanMenGuanLiaoBinga,100,Hổ Bôn Doanh Tinh Anh,CommonNPCHeader5_14,65,12596,Hater,12596,2000,12596,6000,420000,22023,300,27,40,35,0,60,0,0,0,60,0,0,0,60,0,0,0,60,0,0,,0,,
16983,Monster,400022,npcXieZhanYanMenGuanLiaoBingb,100,Bắc Viện Cấm Vệ Tinh Anh,CommonNPCHeader5_14,65,12596,Hater,12596,2000,12596,6000,420000,22023,300,27,40,35,0,60,0,0,0,60,0,0,0,60,0,0,0,60,0,0,,0,,
16984,Monster,400023,boss20140818LiaoJunTongShuai,100,Gia Luật Tân,FightNPCHeader17_4,65,145962,Boss,145962,9411,145962,18000,12000000,52159,900,30,40,35,0,60,0,0,0,60,0,0,0,60,0,0,0,60,0,0,,0,,
16985,Monster,400024,boss20140818LiaoJunTongShuaia,100,Gia Luật Hoàn,FightNPCHeader17_5,65,145962,Boss,145962,9411,145962,18000,12000000,52159,900,30,40,35,0,60,0,0,0,60,0,0,0,60,0,0,0,60,0,0,,0,,
16986,Monster,400025,boss20140818LiaoJunTongShuaib,100,Gia Luật Nguyên,FightNPCHeader17_6,65,145962,Boss,145962,9411,145962,18000,12000000,52159,900,30,40,35,0,60,0,0,0,60,0,0,0,60,0,0,0,60,0,0,0_1_1000;17005_1_20000;17006_1_20000,0,,
16987,Monster,400026,boss140818YeLuHongJi,100,Gia Luật Hồng Cơ,FightNPCHeader17_10,65,208780,Boss,208780,11000,208780,22000,31200000,68159,1900,60,40,35,0,60,0,0,0,60,0,0,0,60,0,0,0,60,0,0,0_1_1000;17007_1_20000;17008_1_20000,0,,
16988,Monster,400030,npcXieZhanYanMenGuanLiaoBing,100,Tiên Phong Doanh Tinh Anh,CommonNPCHeader5_14,100,12596,Hater,12596,2000,12596,6000,420000,22023,300,27,40,35,0,60,0,0,0,60,0,0,0,60,0,0,0,60,0,0,,0,,
16989,Monster,400031,npcXieZhanYanMenGuanLiaoBinga,100,Hổ Bôn Doanh Tinh Anh,CommonNPCHeader5_14,100,12596,Hater,12596,2000,12596,6000,420000,22023,300,27,40,35,0,60,0,0,0,60,0,0,0,60,0,0,0,60,0,0,,0,,
16990,Monster,400032,npcXieZhanYanMenGuanLiaoBingb,100,Bắc Viện Cấm Vệ Tinh Anh,CommonNPCHeader5_14,100,12596,Hater,12596,2000,12596,6000,420000,22023,300,27,40,35,0,60,0,0,0,60,0,0,0,60,0,0,0,60,0,0,,0,,
16991,Monster,400033,boss20140818LiaoJunTongShuai,100,Gia Luật Tân,FightNPCHeader17_4,100,145962,Boss,145962,9411,145962,18000,12000000,52159,900,30,40,35,0,60,0,0,0,60,0,0,0,60,0,0,0,60,0,0,,0,,
16992,Monster,400034,boss20140818LiaoJunTongShuaia,100,Gia Luật Hoàn,FightNPCHeader17_5,100,145962,Boss,145962,9411,145962,18000,12000000,52159,900,30,40,35,0,60,0,0,0,60,0,0,0,60,0,0,0,60,0,0,,0,,
16993,Monster,400035,boss20140818LiaoJunTongShuaib,100,Gia Luật Nguyên,FightNPCHeader17_6,100,145962,Boss,145962,9411,145962,18000,12000000,52159,900,30,40,35,0,60,0,0,0,60,0,0,0,60,0,0,0,60,0,0,0_1_1000;17005_1_20000;17006_1_20000,0,,
16994,Monster,400036,boss140818YeLuHongJi,100,Gia Luật Hồng Cơ,FightNPCHeader17_10,100,208780,Boss,208780,11000,208780,22000,31200000,68159,1900,60,40,35,0,60,0,0,0,60,0,0,0,60,0,0,0,60,0,0,0_1_1000;17007_1_20000;17008_1_20000,0,,
16995,Monster,31473,ZhenShou160927JueXingLongMang2,100,Oa Hoàng Long Đế,PetHeader8_9,60,0,Hater,3043,1243,3043,1243,112280,1927,183,8,8,100,0,60,0,0,0,60,0,0,0,60,0,0,0,60,0,0,,0,,
16996,Monster,31474,ZhenShou160927JueXingLongMang2,100,Oa Hoàng Long Quân,PetHeader8_9,60,0,Hater,3043,1243,3043,1243,112280,1927,183,8,8,100,0,60,0,0,0,60,0,0,0,60,0,0,0,60,0,0,,0,,
16997,Monster,31475,ZhenShou160927JueXingLongMang2,100,Oa Hoàng Long Tướng,PetHeader8_9,60,0,Hater,3043,1243,3043,1243,112280,1927,183,8,8,100,0,60,0,0,0,60,0,0,0,60,0,0,0,60,0,0,,0,,
16998,Monster,31476,ZhenShou160309TaiZiLong08,100,Long Tam Thái Tử Biến Dị,PetHeader8_4,95,158,Hater,3043,1243,3043,1243,112280,1927,183,8,8,100,0,60,0,0,0,60,0,0,0,60,0,0,0,60,0,0,,0,,
16999,Monster,31477,ZhenShou160309TaiZiLong09,100,Long Tam Thái Tử Biến Dị,PetHeader8_4,95,158,Hater,3043,1243,3043,1243,112280,1927,183,8,8,100,0,60,0,0,0,60,0,0,0,60,0,0,0,60,0,0,,0,,
17000,Monster,31478,ZhenShou161112ZuanShiVIPFengHuang09,100,Biến Dị Thiên Mệnh Huyền Phượng,PetHeader8_11,95,158,Hater,3043,1243,3043,1243,112280,1927,183,8,8,100,0,60,0,0,0,60,0,0,0,60,0,0,0,60,0,0,,0,,
17001,Monster,31479,ZhenShou161112ZuanShiVIPFengHuang08,100,Biến Dị Thiên Mệnh Huyền Phượng,PetHeader8_11,95,158,Hater,3043,1243,3043,1243,112280,1927,183,8,8,100,0,60,0,0,0,60,0,0,0,60,0,0,0,60,0,0,,0,,
17002,Monster,327060,ZhenShou20110928YanShuBaoBao1,100,Tý Trưởng Thành,PetHeader6_10,60,0,Hater,3043,1243,3043,1243,112280,1927,183,8,8,100,0,60,0,0,0,60,0,0,0,60,0,0,0,60,0,0,,0,,
17003,Monster,327061,ZhenShou20110928YanShuBaoBao2,100,Tý Biến Dị,PetHeader6_10,60,0,Hater,3043,1243,3043,1243,112280,1927,183,8,8,100,0,60,0,0,0,60,0,0,0,60,0,0,0,60,0,0,,0,,
17004,Monster,327062,ZhenShou20110928YanShuBaoBao3,100,Tý Biến Dị,PetHeader6_10,60,0,Hater,3043,1243,3043,1243,112280,1927,183,8,8,100,0,60,0,0,0,60,0,0,0,60,0,0,0,60,0,0,,0,,
17005,Monster,327063,ZhenShou20110928YanShuBaoBao4,100,Tý Biến Dị,PetHeader6_10,60,0,Hater,3043,1243,3043,1243,112280,1927,183,8,8,100,0,60,0,0,0,60,0,0,0,60,0,0,0,60,0,0,,0,,
17006,Monster,327064,ZhenShou20110928YanShuBaoBao5,100,Tý Biến Dị,PetHeader6_10,60,0,Hater,3043,1243,3043,1243,112280,1927,183,8,8,100,0,60,0,0,0,60,0,0,0,60,0,0,0,60,0,0,,0,,
17007,Monster,327065,ZhenShou20110928YanShuBaoBao6,100,Tý Biến Dị,PetHeader6_10,60,0,Hater,3043,1243,3043,1243,112280,1927,183,8,8,100,0,60,0,0,0,60,0,0,0,60,0,0,0,60,0,0,,0,,
17008,Monster,327066,ZhenShou20110928YanShuBaoBao7,100,Tý Biến Dị,PetHeader6_10,60,0,Hater,3043,1243,3043,1243,112280,1927,183,8,8,100,0,60,0,0,0,60,0,0,0,60,0,0,0,60,0,0,,0,,
17009,Monster,327067,ZhenShou20110928YanShuBaoBao8,100,Tý Biến Dị,PetHeader6_10,60,0,Hater,3043,1243,3043,1243,112280,1927,183,8,8,100,0,60,0,0,0,60,0,0,0,60,0,0,0,60,0,0,,0,,
17010,Monster,327068,ZhenShou20110928YanShuBaoBao9,100,Tý Biến Dị,PetHeader6_10,60,0,Hater,3043,1243,3043,1243,112280,1927,183,8,8,100,0,60,0,0,0,60,0,0,0,60,0,0,0,60,0,0,,0,,
17011,Monster,327069,ZhenShou20110928YanShuBaoBao1,100,Tý Bảo Bảo,PetHeader6_10,60,0,Hater,3043,1243,3043,1243,112280,1927,183,8,8,100,0,60,0,0,0,60,0,0,0,60,0,0,0,60,0,0,,0,,
17012,Monster,327960,ZhenShouMaoMaoNiu1,100,Sửu Trưởng Thành,PetHeader7_2,60,0,Hater,3043,1243,3043,1243,112280,1927,183,8,8,100,0,60,0,0,0,60,0,0,0,60,0,0,0,60,0,0,,0,,
17013,Monster,327961,ZhenShouMaoMaoNiu2,100,Sửu Biến Dị,PetHeader7_2,60,0,Hater,3043,1243,3043,1243,112280,1927,183,8,8,100,0,60,0,0,0,60,0,0,0,60,0,0,0,60,0,0,,0,,
17014,Monster,327962,ZhenShouMaoMaoNiu3,100,Sửu Biến Dị,PetHeader7_2,60,0,Hater,3043,1243,3043,1243,112280,1927,183,8,8,100,0,60,0,0,0,60,0,0,0,60,0,0,0,60,0,0,,0,,
17015,Monster,327963,ZhenShouMaoMaoNiu4,100,Sửu Biến Dị,PetHeader7_2,60,0,Hater,3043,1243,3043,1243,112280,1927,183,8,8,100,0,60,0,0,0,60,0,0,0,60,0,0,0,60,0,0,,0,,
17016,Monster,327964,ZhenShouMaoMaoNiu5,100,Sửu Biến Dị,PetHeader7_2,60,0,Hater,3043,1243,3043,1243,112280,1927,183,8,8,100,0,60,0,0,0,60,0,0,0,60,0,0,0,60,0,0,,0,,
17017,Monster,327965,ZhenShouMaoMaoNiu6,100,Sửu Biến Dị,PetHeader7_2,60,0,Hater,3043,1243,3043,1243,112280,1927,183,8,8,100,0,60,0,0,0,60,0,0,0,60,0,0,0,60,0,0,,0,,
17018,Monster,327966,ZhenShouMaoMaoNiu7,100,Sửu Biến Dị,PetHeader7_2,60,0,Hater,3043,1243,3043,1243,112280,1927,183,8,8,100,0,60,0,0,0,60,0,0,0,60,0,0,0,60,0,0,,0,,
17019,Monster,327967,ZhenShouMaoMaoNiu8,100,Sửu Biến Dị,PetHeader7_2,60,0,Hater,3043,1243,3043,1243,112280,1927,183,8,8,100,0,60,0,0,0,60,0,0,0,60,0,0,0,60,0,0,,0,,
17020,Monster,327968,ZhenShouMaoMaoNiu9,100,Sửu Biến Dị,PetHeader7_2,60,0,Hater,3043,1243,3043,1243,112280,1927,183,8,8,100,0,60,0,0,0,60,0,0,0,60,0,0,0,60,0,0,,0,,
17021,Monster,327969,ZhenShouMaoMaoNiu1,100,Sửu Bảo Bảo,PetHeader7_2,60,0,Hater,3043,1243,3043,1243,112280,1927,183,8,8,100,0,60,0,0,0,60,0,0,0,60,0,0,0,60,0,0,,0,,
17022,Monster,323240,ZhenShouChunJieZhenQiHu1,100,Dần Trưởng Thành,CommonNPCHeader17_20,60,0,Hater,3043,1243,3043,1243,112280,1927,183,8,8,100,0,60,0,0,0,60,0,0,0,60,0,0,0,60,0,0,,0,,
17023,Monster,323241,ZhenShouChunJieZhenQiHu2,100,Dần Biến Dị,CommonNPCHeader17_20,60,0,Hater,3043,1243,3043,1243,112280,1927,183,8,8,100,0,60,0,0,0,60,0,0,0,60,0,0,0,60,0,0,,0,,
17024,Monster,323242,ZhenShouChunJieZhenQiHu3,100,Dần Biến Dị,CommonNPCHeader17_20,60,0,Hater,3043,1243,3043,1243,112280,1927,183,8,8,100,0,60,0,0,0,60,0,0,0,60,0,0,0,60,0,0,,0,,
17025,Monster,323243,ZhenShouChunJieZhenQiHu4,100,Dần Biến Dị,CommonNPCHeader17_20,60,0,Hater,3043,1243,3043,1243,112280,1927,183,8,8,100,0,60,0,0,0,60,0,0,0,60,0,0,0,60,0,0,,0,,
17026,Monster,323244,ZhenShouChunJieZhenQiHu5,100,Dần Biến Dị,CommonNPCHeader17_20,60,0,Hater,3043,1243,3043,1243,112280,1927,183,8,8,100,0,60,0,0,0,60,0,0,0,60,0,0,0,60,0,0,,0,,
17027,Monster,323245,ZhenShouChunJieZhenQiHu6,100,Dần Biến Dị,CommonNPCHeader17_20,60,0,Hater,3043,1243,3043,1243,112280,1927,183,8,8,100,0,60,0,0,0,60,0,0,0,60,0,0,0,60,0,0,,0,,
17028,Monster,323246,ZhenShouChunJieZhenQiHu7,100,Dần Biến Dị,CommonNPCHeader17_20,60,0,Hater,3043,1243,3043,1243,112280,1927,183,8,8,100,0,60,0,0,0,60,0,0,0,60,0,0,0,60,0,0,,0,,
17029,Monster,323247,ZhenShouChunJieZhenQiHu8,100,Dần Biến Dị,CommonNPCHeader17_20,60,0,Hater,3043,1243,3043,1243,112280,1927,183,8,8,100,0,60,0,0,0,60,0,0,0,60,0,0,0,60,0,0,,0,,
17030,Monster,323248,ZhenShouChunJieZhenQiHu9,100,Dần Biến Dị,CommonNPCHeader17_20,60,0,Hater,3043,1243,3043,1243,112280,1927,183,8,8,100,0,60,0,0,0,60,0,0,0,60,0,0,0,60,0,0,,0,,
17031,Monster,323249,ZhenShouChunJieZhenQiHu1,100,Dần Bảo Bảo,CommonNPCHeader17_20,60,0,Hater,3043,1243,3043,1243,112280,1927,183,8,8,100,0,60,0,0,0,60,0,0,0,60,0,0,0,60,0,0,,0,,
17032,Monster,324570,ZhenShou110503ZhaoFuMaoBianZhuang1,100,Mão Trưởng Thành,PetHeader6_5,60,0,Hater,3043,1243,3043,1243,112280,1927,183,8,8,100,0,60,0,0,0,60,0,0,0,60,0,0,0,60,0,0,,0,,
17033,Monster,324571,ZhenShou110503ZhaoFuMaoBianZhuang2,100,Mão Biến Dị,PetHeader6_5,60,0,Hater,3043,1243,3043,1243,112280,1927,183,8,8,100,0,60,0,0,0,60,0,0,0,60,0,0,0,60,0,0,,0,,
17034,Monster,324572,ZhenShou110503ZhaoFuMaoBianZhuang3,100,Mão Biến Dị,PetHeader6_5,60,0,Hater,3043,1243,3043,1243,112280,1927,183,8,8,100,0,60,0,0,0,60,0,0,0,60,0,0,0,60,0,0,,0,,
17035,Monster,324573,ZhenShou110503ZhaoFuMaoBianZhuang4,100,Mão Biến Dị,PetHeader6_5,60,0,Hater,3043,1243,3043,1243,112280,1927,183,8,8,100,0,60,0,0,0,60,0,0,0,60,0,0,0,60,0,0,,0,,
17036,Monster,324574,ZhenShou110503ZhaoFuMaoBianZhuang5,100,Mão Biến Dị,PetHeader6_5,60,0,Hater,3043,1243,3043,1243,112280,1927,183,8,8,100,0,60,0,0,0,60,0,0,0,60,0,0,0,60,0,0,,0,,
17037,Monster,324575,ZhenShou110503ZhaoFuMaoBianZhuang6,100,Mão Biến Dị,PetHeader6_5,60,0,Hater,3043,1243,3043,1243,112280,1927,183,8,8,100,0,60,0,0,0,60,0,0,0,60,0,0,0,60,0,0,,0,,
17038,Monster,324576,ZhenShou110503ZhaoFuMaoBianZhuang7,100,Mão Biến Dị,PetHeader6_5,60,0,Hater,3043,1243,3043,1243,112280,1927,183,8,8,100,0,60,0,0,0,60,0,0,0,60,0,0,0,60,0,0,,0,,
17039,Monster,324577,ZhenShou110503ZhaoFuMaoBianZhuang8,100,Mão Biến Dị,PetHeader6_5,60,0,Hater,3043,1243,3043,1243,112280,1927,183,8,8,100,0,60,0,0,0,60,0,0,0,60,0,0,0,60,0,0,,0,,
17040,Monster,324578,ZhenShou110503ZhaoFuMaoBianZhuang9,100,Mão Biến Dị,PetHeader6_5,60,0,Hater,3043,1243,3043,1243,112280,1927,183,8,8,100,0,60,0,0,0,60,0,0,0,60,0,0,0,60,0,0,,0,,
17041,Monster,324579,ZhenShou110503ZhaoFuMaoBianZhuang1,100,Mão Bảo Bảo,PetHeader6_5,60,0,Hater,3043,1243,3043,1243,112280,1927,183,8,8,100,0,60,0,0,0,60,0,0,0,60,0,0,0,60,0,0,,0,,
17042,Monster,324940,ZhenShouZuanShivip20111208Long1,100,Thìn Trưởng Thành,PetHeader6_9,60,0,Hater,3043,1243,3043,1243,112280,1927,183,8,8,100,0,60,0,0,0,60,0,0,0,60,0,0,0,60,0,0,,0,,
17043,Monster,324941,ZhenShouZuanShivip20111208Long2,100,Thìn Biến Dị,PetHeader6_9,60,0,Hater,3043,1243,3043,1243,112280,1927,183,8,8,100,0,60,0,0,0,60,0,0,0,60,0,0,0,60,0,0,,0,,
17044,Monster,324942,ZhenShouZuanShivip20111208Long3,100,Thìn Biến Dị,PetHeader6_9,60,0,Hater,3043,1243,3043,1243,112280,1927,183,8,8,100,0,60,0,0,0,60,0,0,0,60,0,0,0,60,0,0,,0,,
17045,Monster,324943,ZhenShouZuanShivip20111208Long4,100,Thìn Biến Dị,PetHeader6_9,60,0,Hater,3043,1243,3043,1243,112280,1927,183,8,8,100,0,60,0,0,0,60,0,0,0,60,0,0,0,60,0,0,,0,,
17046,Monster,324944,ZhenShouZuanShivip20111208Long5,100,Thìn Biến Dị,PetHeader6_9,60,0,Hater,3043,1243,3043,1243,112280,1927,183,8,8,100,0,60,0,0,0,60,0,0,0,60,0,0,0,60,0,0,,0,,
17047,Monster,324945,ZhenShouZuanShivip20111208Long6,100,Thìn Biến Dị,PetHeader6_9,60,0,Hater,3043,1243,3043,1243,112280,1927,183,8,8,100,0,60,0,0,0,60,0,0,0,60,0,0,0,60,0,0,,0,,
17048,Monster,324946,ZhenShouZuanShivip20111208Long7,100,Thìn Biến Dị,PetHeader6_9,60,0,Hater,3043,1243,3043,1243,112280,1927,183,8,8,100,0,60,0,0,0,60,0,0,0,60,0,0,0,60,0,0,,0,,
17049,Monster,324947,ZhenShouZuanShivip20111208Long8,100,Thìn Biến Dị,PetHeader6_9,60,0,Hater,3043,1243,3043,1243,112280,1927,183,8,8,100,0,60,0,0,0,60,0,0,0,60,0,0,0,60,0,0,,0,,
17050,Monster,324948,ZhenShouZuanShivip20111208Long9,100,Thìn Biến Dị,PetHeader6_9,60,0,Hater,3043,1243,3043,1243,112280,1927,183,8,8,100,0,60,0,0,0,60,0,0,0,60,0,0,0,60,0,0,,0,,
17051,Monster,324949,ZhenShouZuanShivip20111208Long1,100,Thìn Bảo Bảo,PetHeader6_9,60,0,Hater,3043,1243,3043,1243,112280,1927,183,8,8,100,0,60,0,0,0,60,0,0,0,60,0,0,0,60,0,0,,0,,
17052,Monster,327620,ZhenShou121204vipShe1,100,Tỵ Trưởng Thành,PetHeader6_18,60,0,Hater,3043,1243,3043,1243,112280,1927,183,8,8,100,0,60,0,0,0,60,0,0,0,60,0,0,0,60,0,0,,0,,
17053,Monster,327621,ZhenShou121204vipShe2,100,Tỵ Biến Dị,PetHeader6_18,60,0,Hater,3043,1243,3043,1243,112280,1927,183,8,8,100,0,60,0,0,0,60,0,0,0,60,0,0,0,60,0,0,,0,,
17054,Monster,327622,ZhenShou121204vipShe3,100,Tỵ Biến Dị,PetHeader6_18,60,0,Hater,3043,1243,3043,1243,112280,1927,183,8,8,100,0,60,0,0,0,60,0,0,0,60,0,0,0,60,0,0,,0,,
17055,Monster,327623,ZhenShou121204vipShe4,100,Tỵ Biến Dị,PetHeader6_18,60,0,Hater,3043,1243,3043,1243,112280,1927,183,8,8,100,0,60,0,0,0,60,0,0,0,60,0,0,0,60,0,0,,0,,
17056,Monster,327624,ZhenShou121204vipShe5,100,Tỵ Biến Dị,PetHeader6_18,60,0,Hater,3043,1243,3043,1243,112280,1927,183,8,8,100,0,60,0,0,0,60,0,0,0,60,0,0,0,60,0,0,,0,,
17057,Monster,327625,ZhenShou121204vipShe6,100,Tỵ Biến Dị,PetHeader6_18,60,0,Hater,3043,1243,3043,1243,112280,1927,183,8,8,100,0,60,0,0,0,60,0,0,0,60,0,0,0,60,0,0,,0,,
17058,Monster,327626,ZhenShou121204vipShe7,100,Tỵ Biến Dị,PetHeader6_18,60,0,Hater,3043,1243,3043,1243,112280,1927,183,8,8,100,0,60,0,0,0,60,0,0,0,60,0,0,0,60,0,0,,0,,
17059,Monster,327627,ZhenShou121204vipShe8,100,Tỵ Biến Dị,PetHeader6_18,60,0,Hater,3043,1243,3043,1243,112280,1927,183,8,8,100,0,60,0,0,0,60,0,0,0,60,0,0,0,60,0,0,,0,,
17060,Monster,327628,ZhenShou121204vipShe9,100,Tỵ Biến Dị,PetHeader6_18,60,0,Hater,3043,1243,3043,1243,112280,1927,183,8,8,100,0,60,0,0,0,60,0,0,0,60,0,0,0,60,0,0,,0,,
17061,Monster,327629,ZhenShou121204vipShe1,100,Tỵ Bảo Bảo,PetHeader6_18,60,0,Hater,3043,1243,3043,1243,112280,1927,183,8,8,100,0,60,0,0,0,60,0,0,0,60,0,0,0,60,0,0,,0,,
17062,Monster,333330,HeiSeQiLin,100,Ngọ Trưởng Thành,PetHeader2_3,60,0,Hater,3043,1243,3043,1243,112280,1927,183,8,8,100,0,60,0,0,0,60,0,0,0,60,0,0,0,60,0,0,,0,,
17063,Monster,333331,HuangSeQiLin,100,Ngọ Biến Dị,PetHeader2_3,60,0,Hater,3043,1243,3043,1243,112280,1927,183,8,8,100,0,60,0,0,0,60,0,0,0,60,0,0,0,60,0,0,,0,,
17064,Monster,333332,YuSeQiLin,100,Ngọ Biến Dị,PetHeader2_3,60,0,Hater,3043,1243,3043,1243,112280,1927,183,8,8,100,0,60,0,0,0,60,0,0,0,60,0,0,0,60,0,0,,0,,
17065,Monster,333333,HongQiLin,100,Ngọ Biến Dị,PetHeader2_3,60,0,Hater,3043,1243,3043,1243,112280,1927,183,8,8,100,0,60,0,0,0,60,0,0,0,60,0,0,0,60,0,0,,0,,
17066,Monster,333334,BaiQiLin,100,Ngọ Biến Dị,PetHeader2_3,60,0,Hater,3043,1243,3043,1243,112280,1927,183,8,8,100,0,60,0,0,0,60,0,0,0,60,0,0,0,60,0,0,,0,,
17067,Monster,333335,JinEJinJiaoBaiQiLin,100,Ngọ Biến Dị,PetHeader2_3,60,0,Hater,3043,1243,3043,1243,112280,1927,183,8,8,100,0,60,0,0,0,60,0,0,0,60,0,0,0,60,0,0,,0,,
17068,Monster,333336,JinEJinJiaoHuoZhuaBaiQiLin,100,Ngọ Biến Dị,PetHeader2_3,60,0,Hater,3043,1243,3043,1243,112280,1927,183,8,8,100,0,60,0,0,0,60,0,0,0,60,0,0,0,60,0,0,,0,,
17069,Monster,333337,JinEJinJiaoBingZhuaBingYanBaiQiLin,100,Ngọ Biến Dị,PetHeader2_3,60,0,Hater,3043,1243,3043,1243,112280,1927,183,8,8,100,0,60,0,0,0,60,0,0,0,60,0,0,0,60,0,0,,0,,
17070,Monster,333338,BingQiLin,100,Ngọ Biến Dị,PetHeader2_3,60,0,Hater,3043,1243,3043,1243,112280,1927,183,8,8,100,0,60,0,0,0,60,0,0,0,60,0,0,0,60,0,0,,0,,
17071,Monster,333339,HeiSeQiLin,100,Ngọ Bảo Bảo,PetHeader2_3,60,0,Hater,3043,1243,3043,1243,112280,1927,183,8,8,100,0,60,0,0,0,60,0,0,0,60,0,0,0,60,0,0,,0,,
17072,Monster,328600,ZhenShou141020ZuanShivipShenYangRen01,100,Mùi Trưởng Thành,PetHeader7_18,60,0,Hater,3043,1243,3043,1243,112280,1927,183,8,8,100,0,60,0,0,0,60,0,0,0,60,0,0,0,60,0,0,,0,,
17073,Monster,328601,ZhenShou141020ZuanShivipShenYangRen02,100,Mùi Biến Dị,PetHeader7_18,60,0,Hater,3043,1243,3043,1243,112280,1927,183,8,8,100,0,60,0,0,0,60,0,0,0,60,0,0,0,60,0,0,,0,,
17074,Monster,328602,ZhenShou141020ZuanShivipShenYangRen03,100,Mùi Biến Dị,PetHeader7_18,60,0,Hater,3043,1243,3043,1243,112280,1927,183,8,8,100,0,60,0,0,0,60,0,0,0,60,0,0,0,60,0,0,,0,,
17075,Monster,328603,ZhenShou141020ZuanShivipShenYangRen04,100,Mùi Biến Dị,PetHeader7_18,60,0,Hater,3043,1243,3043,1243,112280,1927,183,8,8,100,0,60,0,0,0,60,0,0,0,60,0,0,0,60,0,0,,0,,
17076,Monster,328604,ZhenShou141020ZuanShivipShenYangRen05,100,Mùi Biến Dị,PetHeader7_18,60,0,Hater,3043,1243,3043,1243,112280,1927,183,8,8,100,0,60,0,0,0,60,0,0,0,60,0,0,0,60,0,0,,0,,
17077,Monster,328605,ZhenShou141020ZuanShivipShenYangRen06,100,Mùi Biến Dị,PetHeader7_18,60,0,Hater,3043,1243,3043,1243,112280,1927,183,8,8,100,0,60,0,0,0,60,0,0,0,60,0,0,0,60,0,0,,0,,
17078,Monster,328606,ZhenShou141020ZuanShivipShenYangRen07,100,Mùi Biến Dị,PetHeader7_18,60,0,Hater,3043,1243,3043,1243,112280,1927,183,8,8,100,0,60,0,0,0,60,0,0,0,60,0,0,0,60,0,0,,0,,
17079,Monster,328607,ZhenShou141020ZuanShivipShenYangRen08,100,Mùi Biến Dị,PetHeader7_18,60,0,Hater,3043,1243,3043,1243,112280,1927,183,8,8,100,0,60,0,0,0,60,0,0,0,60,0,0,0,60,0,0,,0,,
17080,Monster,328608,ZhenShou141020ZuanShivipShenYangRen09,100,Mùi Biến Dị,PetHeader7_18,60,0,Hater,3043,1243,3043,1243,112280,1927,183,8,8,100,0,60,0,0,0,60,0,0,0,60,0,0,0,60,0,0,,0,,
17081,Monster,328609,ZhenShou141020ZuanShivipShenYangRen01,100,Mùi Bảo Bảo,PetHeader7_18,60,0,Hater,3043,1243,3043,1243,112280,1927,183,8,8,100,0,60,0,0,0,60,0,0,0,60,0,0,0,60,0,0,,0,,
17082,Monster,330030,ZhenShou150811HouZi01,100,Thân Trưởng Thành,PetHeader7_23,60,0,Hater,3043,1243,3043,1243,112280,1927,183,8,8,100,0,60,0,0,0,60,0,0,0,60,0,0,0,60,0,0,,0,,
17083,Monster,330031,ZhenShou150811HouZi02,100,Thân Biến Dị,PetHeader7_23,60,0,Hater,3043,1243,3043,1243,112280,1927,183,8,8,100,0,60,0,0,0,60,0,0,0,60,0,0,0,60,0,0,,0,,
17084,Monster,330032,ZhenShou150811HouZi03,100,Thân Biến Dị,PetHeader7_23,60,0,Hater,3043,1243,3043,1243,112280,1927,183,8,8,100,0,60,0,0,0,60,0,0,0,60,0,0,0,60,0,0,,0,,
17085,Monster,330033,ZhenShou150811HouZi04,100,Thân Biến Dị,PetHeader7_23,60,0,Hater,3043,1243,3043,1243,112280,1927,183,8,8,100,0,60,0,0,0,60,0,0,0,60,0,0,0,60,0,0,,0,,
17086,Monster,330034,ZhenShou150811HouZi05,100,Thân Biến Dị,PetHeader7_23,60,0,Hater,3043,1243,3043,1243,112280,1927,183,8,8,100,0,60,0,0,0,60,0,0,0,60,0,0,0,60,0,0,,0,,
17087,Monster,330035,ZhenShou150811HouZi06,100,Thân Biến Dị,PetHeader7_23,60,0,Hater,3043,1243,3043,1243,112280,1927,183,8,8,100,0,60,0,0,0,60,0,0,0,60,0,0,0,60,0,0,,0,,
17088,Monster,330036,ZhenShou150811HouZi07,100,Thân Biến Dị,PetHeader7_23,60,0,Hater,3043,1243,3043,1243,112280,1927,183,8,8,100,0,60,0,0,0,60,0,0,0,60,0,0,0,60,0,0,,0,,
17089,Monster,330037,ZhenShou150811HouZi08,100,Thân Biến Dị,PetHeader7_23,60,0,Hater,3043,1243,3043,1243,112280,1927,183,8,8,100,0,60,0,0,0,60,0,0,0,60,0,0,0,60,0,0,,0,,
17090,Monster,330038,ZhenShou150811HouZi09,100,Thân Biến Dị,PetHeader7_23,60,0,Hater,3043,1243,3043,1243,112280,1927,183,8,8,100,0,60,0,0,0,60,0,0,0,60,0,0,0,60,0,0,,0,,
17091,Monster,330039,ZhenShou150811HouZi01,100,Thân Bảo Bảo,PetHeader7_23,60,0,Hater,3043,1243,3043,1243,112280,1927,183,8,8,100,0,60,0,0,0,60,0,0,0,60,0,0,0,60,0,0,,0,,
17092,Monster,331370,ZhenShou180324DanDanJi01,100,Dậu Trưởng Thành,PetHeader8_18,60,0,Hater,3043,1243,3043,1243,112280,1927,183,8,8,100,0,60,0,0,0,60,0,0,0,60,0,0,0,60,0,0,,0,,
17093,Monster,331371,ZhenShou180324DanDanJi02,100,Dậu Biến Dị,PetHeader8_18,60,0,Hater,3043,1243,3043,1243,112280,1927,183,8,8,100,0,60,0,0,0,60,0,0,0,60,0,0,0,60,0,0,,0,,
17094,Monster,331372,ZhenShou180324DanDanJi03,100,Dậu Biến Dị,PetHeader8_18,60,0,Hater,3043,1243,3043,1243,112280,1927,183,8,8,100,0,60,0,0,0,60,0,0,0,60,0,0,0,60,0,0,,0,,
17095,Monster,331373,ZhenShou180324DanDanJi04,100,Dậu Biến Dị,PetHeader8_18,60,0,Hater,3043,1243,3043,1243,112280,1927,183,8,8,100,0,60,0,0,0,60,0,0,0,60,0,0,0,60,0,0,,0,,
17096,Monster,331374,ZhenShou180324DanDanJi05,100,Dậu Biến Dị,PetHeader8_18,60,0,Hater,3043,1243,3043,1243,112280,1927,183,8,8,100,0,60,0,0,0,60,0,0,0,60,0,0,0,60,0,0,,0,,
17097,Monster,331375,ZhenShou180324DanDanJi06,100,Dậu Biến Dị,PetHeader8_18,60,0,Hater,3043,1243,3043,1243,112280,1927,183,8,8,100,0,60,0,0,0,60,0,0,0,60,0,0,0,60,0,0,,0,,
17098,Monster,331376,ZhenShou180324DanDanJi07,100,Dậu Biến Dị,PetHeader8_18,60,0,Hater,3043,1243,3043,1243,112280,1927,183,8,8,100,0,60,0,0,0,60,0,0,0,60,0,0,0,60,0,0,,0,,
17099,Monster,331377,ZhenShou180324DanDanJi08,100,Dậu Biến Dị,PetHeader8_18,60,0,Hater,3043,1243,3043,1243,112280,1927,183,8,8,100,0,60,0,0,0,60,0,0,0,60,0,0,0,60,0,0,,0,,
17100,Monster,331378,ZhenShou180324DanDanJi09,100,Dậu Biến Dị,PetHeader8_18,60,0,Hater,3043,1243,3043,1243,112280,1927,183,8,8,100,0,60,0,0,0,60,0,0,0,60,0,0,0,60,0,0,,0,,
17101,Monster,331379,ZhenShou180324DanDanJi01,100,Dậu Bảo Bảo,PetHeader8_18,60,0,Hater,3043,1243,3043,1243,112280,1927,183,8,8,100,0,60,0,0,0,60,0,0,0,60,0,0,0,60,0,0,,0,,
17102,Monster,331290,ZhenShou171008vipGou01,100,Tuất Trưởng Thành,PetHeader8_15,60,0,Hater,3043,1243,3043,1243,112280,1927,183,8,8,100,0,60,0,0,0,60,0,0,0,60,0,0,0,60,0,0,,0,,
17103,Monster,331291,ZhenShou171008vipGou02,100,Tuất Biến Dị,PetHeader8_15,60,0,Hater,3043,1243,3043,1243,112280,1927,183,8,8,100,0,60,0,0,0,60,0,0,0,60,0,0,0,60,0,0,,0,,
17104,Monster,331292,ZhenShou171008vipGou03,100,Tuất Biến Dị,PetHeader8_15,60,0,Hater,3043,1243,3043,1243,112280,1927,183,8,8,100,0,60,0,0,0,60,0,0,0,60,0,0,0,60,0,0,,0,,
17105,Monster,331293,ZhenShou171008vipGou04,100,Tuất Biến Dị,PetHeader8_15,60,0,Hater,3043,1243,3043,1243,112280,1927,183,8,8,100,0,60,0,0,0,60,0,0,0,60,0,0,0,60,0,0,,0,,
17106,Monster,331294,ZhenShou171008vipGou05,100,Tuất Biến Dị,PetHeader8_15,60,0,Hater,3043,1243,3043,1243,112280,1927,183,8,8,100,0,60,0,0,0,60,0,0,0,60,0,0,0,60,0,0,,0,,
17107,Monster,331295,ZhenShou171008vipGou06,100,Tuất Biến Dị,PetHeader8_15,60,0,Hater,3043,1243,3043,1243,112280,1927,183,8,8,100,0,60,0,0,0,60,0,0,0,60,0,0,0,60,0,0,,0,,
17108,Monster,331296,ZhenShou171008vipGou07,100,Tuất Biến Dị,PetHeader8_15,60,0,Hater,3043,1243,3043,1243,112280,1927,183,8,8,100,0,60,0,0,0,60,0,0,0,60,0,0,0,60,0,0,,0,,
17109,Monster,331297,ZhenShou171008vipGou08,100,Tuất Biến Dị,PetHeader8_15,60,0,Hater,3043,1243,3043,1243,112280,1927,183,8,8,100,0,60,0,0,0,60,0,0,0,60,0,0,0,60,0,0,,0,,
17110,Monster,331298,ZhenShou171008vipGou09,100,Tuất Biến Dị,PetHeader8_15,60,0,Hater,3043,1243,3043,1243,112280,1927,183,8,8,100,0,60,0,0,0,60,0,0,0,60,0,0,0,60,0,0,,0,,
17111,Monster,331299,ZhenShou171008vipGou01,100,Tuất Bảo Bảo,PetHeader8_15,60,0,Hater,3043,1243,3043,1243,112280,1927,183,8,8,100,0,60,0,0,0,60,0,0,0,60,0,0,0,60,0,0,,0,,
17112,Monster,338620,ZhenShouHuanLeZhu1,100,Hợi Trưởng Thành,PetHeader4_8,60,0,Hater,3043,1243,3043,1243,112280,1927,183,8,8,100,0,60,0,0,0,60,0,0,0,60,0,0,0,60,0,0,,0,,
17113,Monster,338621,ZhenShouHuanLeZhu2,100,Hợi Biến Dị,PetHeader4_8,60,0,Hater,3043,1243,3043,1243,112280,1927,183,8,8,100,0,60,0,0,0,60,0,0,0,60,0,0,0,60,0,0,,0,,
17114,Monster,338622,ZhenShouHuanLeZhu3,100,Hợi Biến Dị,PetHeader4_8,60,0,Hater,3043,1243,3043,1243,112280,1927,183,8,8,100,0,60,0,0,0,60,0,0,0,60,0,0,0,60,0,0,,0,,
17115,Monster,338623,ZhenShouHuanLeZhu4,100,Hợi Biến Dị,PetHeader4_8,60,0,Hater,3043,1243,3043,1243,112280,1927,183,8,8,100,0,60,0,0,0,60,0,0,0,60,0,0,0,60,0,0,,0,,
17116,Monster,338624,ZhenShouHuanLeZhu5,100,Hợi Biến Dị,PetHeader4_8,60,0,Hater,3043,1243,3043,1243,112280,1927,183,8,8,100,0,60,0,0,0,60,0,0,0,60,0,0,0,60,0,0,,0,,
17117,Monster,338625,ZhenShouHuanLeZhu6,100,Hợi Biến Dị,PetHeader4_8,60,0,Hater,3043,1243,3043,1243,112280,1927,183,8,8,100,0,60,0,0,0,60,0,0,0,60,0,0,0,60,0,0,,0,,
17118,Monster,338626,ZhenShouHuanLeZhu7,100,Hợi Biến Dị,PetHeader4_8,60,0,Hater,3043,1243,3043,1243,112280,1927,183,8,8,100,0,60,0,0,0,60,0,0,0,60,0,0,0,60,0,0,,0,,
17119,Monster,338627,ZhenShouHuanLeZhu8,100,Hợi Biến Dị,PetHeader4_8,60,0,Hater,3043,1243,3043,1243,112280,1927,183,8,8,100,0,60,0,0,0,60,0,0,0,60,0,0,0,60,0,0,,0,,
17120,Monster,338628,ZhenShouHuanLeZhu9,100,Hợi Biến Dị,PetHeader4_8,60,0,Hater,3043,1243,3043,1243,112280,1927,183,8,8,100,0,60,0,0,0,60,0,0,0,60,0,0,0,60,0,0,,0,,
17121,Monster,338629,ZhenShouHuanLeZhu1,100,Hợi Bảo Bảo,PetHeader4_8,60,0,Hater,3043,1243,3043,1243,112280,1927,183,8,8,100,0,60,0,0,0,60,0,0,0,60,0,0,0,60,0,0,,0,,
