RowIndex,Tag,ID,ResName,Scale,Name,Avarta,Level,Exp,Type,PhysAtk,PhysDef,MagicAtk,MagicDef,MaxHP,Hit,Dodge,CritAtk,CritDef,MoveSpeed,IceAtk,IceRes,IceNeg,IceBreak,FireAtk,FireRes,FireNeg,FireBreak,LightAtk,LightRes,LightNeg,LightBreak,PoisonAtk,PoisonRes,PoisonNeg,PoisonBreak,Skills,AIID,Text,ChildrenJSON
3001,Monster,5262,ShiRen,100,Hoa Thạch Khổi Lỗi,FightNPCHeader3_12,30,652,Hater,844,396,844,396,20480,294,58,3,3,100,0,60,0,0,0,60,0,0,0,60,0,0,0,60,0,0,,0,,
3002,Monster,5263,ShiRen,100,Hoa Thạch Khổi Lỗi,FightNPCHeader3_12,40,950,Hater,1122,527,1122,527,30600,491,78,4,4,100,0,60,0,0,0,60,0,0,0,60,0,0,0,60,0,0,,0,,
3003,Monster,5264,ShiRen,100,Hoa Thạch Khổi Lỗi,FightNPCHeader3_12,50,1296,Hater,1469,657,1469,657,42400,714,97,5,5,100,0,60,0,0,0,60,0,0,0,60,0,0,0,60,0,0,,0,,
3004,Monster,5265,ShiRen,100,Hoa Thạch Khổi Lỗi,FightNPCHeader3_12,60,1688,Hater,1760,787,1760,787,55880,977,116,5,5,100,0,60,0,0,0,60,0,0,0,60,0,0,0,60,0,0,,0,,
3005,Monster,5266,ShiRen,100,Hoa Thạch Khổi Lỗi,FightNPCHeader3_12,70,2130,Hater,2051,917,2051,917,71040,1281,135,6,6,100,0,60,0,0,0,60,0,0,0,60,0,0,0,60,0,0,,0,,
3006,Monster,5267,ShiRen,100,Hoa Thạch Khổi Lỗi,FightNPCHeader3_12,80,2620,Hater,2342,1047,2342,1047,87880,1625,154,7,7,100,0,60,0,0,0,60,0,0,0,60,0,0,0,60,0,0,,0,,
3007,Monster,5268,ShiRen,100,Hoa Thạch Khổi Lỗi,FightNPCHeader3_12,90,3000,Hater,2884,1178,2884,1178,106400,1827,174,8,8,100,0,60,0,0,0,60,0,0,0,60,0,0,0,60,0,0,,0,,
3008,Monster,5269,ShiRen,100,Hoa Thạch Khổi Lỗi,FightNPCHeader3_12,100,3368,Hater,3481,1308,3481,1308,126600,2028,193,9,9,100,0,60,0,0,0,60,0,0,0,60,0,0,0,60,0,0,,0,,
3009,Monster,5270,ShiRen,100,Hoa Thạch Khổi Lỗi,FightNPCHeader3_12,110,3720,Hater,3828,1438,3828,1438,148480,2230,212,9,9,100,0,60,0,0,0,60,0,0,0,60,0,0,0,60,0,0,,0,,
3010,Monster,5271,ShiRen,100,Hoa Thạch Khổi Lỗi,FightNPCHeader3_12,120,4046,Hater,4174,1568,4174,1568,161920,2431,231,10,10,100,0,60,0,0,0,60,0,0,0,60,0,0,0,60,0,0,,0,,
3011,Monster,5272,ShiRen,100,Hoa Thạch Khổi Lỗi,FightNPCHeader3_12,130,4374,Hater,4521,1698,4521,1698,175360,2633,250,11,11,100,0,60,0,0,0,60,0,0,0,60,0,0,0,60,0,0,,0,,
3012,Monster,5273,ShiRen,100,Hoa Thạch Khổi Lỗi,FightNPCHeader3_12,140,4700,Hater,4867,1829,4867,1829,188800,2835,270,12,12,100,0,60,0,0,0,60,0,0,0,60,0,0,0,60,0,0,,0,,
3013,Monster,5274,ShiRen,100,Hoa Thạch Khổi Lỗi,FightNPCHeader3_12,150,4994,Hater,5213,1959,5213,1959,202240,3036,289,13,13,100,0,60,0,0,0,60,0,0,0,60,0,0,0,60,0,0,,0,,
3014,Monster,5275,ShiRen,100,Hoa Thạch Khổi Lỗi,FightNPCHeader3_12,160,4994,Hater,5560,2089,5560,2089,215680,3238,308,13,13,100,0,60,0,0,0,60,0,0,0,60,0,0,0,60,0,0,,0,,
3015,Monster,5276,ShiRen,100,Hoa Thạch Khổi Lỗi,FightNPCHeader3_12,170,4994,Hater,5906,2219,5906,2219,229120,3439,327,14,14,100,0,60,0,0,0,60,0,0,0,60,0,0,0,60,0,0,,0,,
3016,Monster,5277,ShiRen,100,Hoa Thạch Khổi Lỗi,FightNPCHeader3_12,180,4994,Hater,6253,2349,6253,2349,242560,3641,346,15,15,100,0,60,0,0,0,60,0,0,0,60,0,0,0,60,0,0,,0,,
3017,Monster,5278,ShiRen,100,Hoa Thạch Khổi Lỗi,FightNPCHeader3_12,190,4994,Hater,6599,2479,6599,2479,256000,3842,366,16,16,100,0,60,0,0,0,60,0,0,0,60,0,0,0,60,0,0,,0,,
3018,Monster,5279,ShiRen,100,Hoa Thạch Khổi Lỗi,FightNPCHeader3_12,200,4994,Hater,6946,2610,6946,2610,269440,4044,385,17,17,100,0,60,0,0,0,60,0,0,0,60,0,0,0,60,0,0,,0,,
3019,Monster,5280,npcGuaiGuSuMenPaiQingGongFeiZei20091229,100,Nữ Phi Tặc,CommonNPCHeader16_16,10,164,Normal,348,163,348,163,1580,122,24,2,2,100,0,60,0,0,0,60,0,0,0,60,0,0,0,60,0,0,,0,,
3020,Monster,5281,npcGuaiGuSuMenPaiQingGongFeiZei20091229,100,Nữ Phi Tặc,CommonNPCHeader16_16,20,330,Normal,681,319,681,319,14445,237,47,3,3,100,0,60,0,0,0,60,0,0,0,60,0,0,0,60,0,0,,0,,
3021,Monster,5282,npcGuaiGuSuMenPaiQingGongFeiZei20091229,100,Nữ Phi Tặc,CommonNPCHeader16_16,30,535,Hater,1013,476,1013,476,24575,352,70,4,4,100,0,60,0,0,0,60,0,0,0,60,0,0,0,60,0,0,,0,,
3022,Monster,5283,npcGuaiGuSuMenPaiQingGongFeiZei20091229,100,Nữ Phi Tặc,CommonNPCHeader16_16,40,780,Hater,1346,632,1346,632,36720,589,93,5,5,100,0,60,0,0,0,60,0,0,0,60,0,0,0,60,0,0,,0,,
3023,Monster,5284,npcGuaiGuSuMenPaiQingGongFeiZei20091229,100,Nữ Phi Tặc,CommonNPCHeader16_16,50,1064,Hater,1762,788,1762,788,50880,857,116,6,6,100,0,60,0,0,0,60,0,0,0,60,0,0,0,60,0,0,,0,,
3024,Monster,5285,npcGuaiGuSuMenPaiQingGongFeiZei20091229,100,Nữ Phi Tặc,CommonNPCHeader16_16,60,1386,Hater,2112,944,2112,944,67055,1173,139,7,7,100,0,60,0,0,0,60,0,0,0,60,0,0,0,60,0,0,,0,,
3025,Monster,5286,npcGuaiGuSuMenPaiQingGongFeiZei20091229,100,Nữ Phi Tặc,CommonNPCHeader16_16,70,1749,Hater,2461,1101,2461,1101,85245,1537,162,7,7,100,0,60,0,0,0,60,0,0,0,60,0,0,0,60,0,0,,0,,
3026,Monster,5287,npcGuaiGuSuMenPaiQingGongFeiZei20091229,100,Nữ Phi Tặc,CommonNPCHeader16_16,80,2152,Hater,2810,1257,2810,1257,105455,1950,185,8,8,100,0,60,0,0,0,60,0,0,0,60,0,0,0,60,0,0,,0,,
3027,Monster,5288,npcGuaiGuSuMenPaiQingGongFeiZei20091229,100,Nữ Phi Tặc,CommonNPCHeader16_16,90,2464,Hater,3461,1413,3461,1413,127680,2192,208,9,9,100,0,60,0,0,0,60,0,0,0,60,0,0,0,60,0,0,,0,,
3028,Monster,5289,npcGuaiGuSuMenPaiQingGongFeiZei20091229,100,Nữ Phi Tặc,CommonNPCHeader16_16,100,2767,Hater,4177,1569,4177,1569,151920,2434,231,10,10,100,0,60,0,0,0,60,0,0,0,60,0,0,0,60,0,0,,0,,
3029,Monster,5290,npcGuaiGuSuMenPaiQingGongFeiZei20091229,100,Nữ Phi Tặc,CommonNPCHeader16_16,110,3056,Hater,4593,1726,4593,1726,178175,2676,254,11,11,100,0,60,0,0,0,60,0,0,0,60,0,0,0,60,0,0,,0,,
3030,Monster,5291,npcGuaiGuSuMenPaiQingGongFeiZei20091229,100,Nữ Phi Tặc,CommonNPCHeader16_16,120,3324,Hater,5009,1882,5009,1882,194300,2918,277,12,12,100,0,60,0,0,0,60,0,0,0,60,0,0,0,60,0,0,,0,,
3031,Monster,5292,npcGuaiGuSuMenPaiQingGongFeiZei20091229,100,Nữ Phi Tặc,CommonNPCHeader16_16,130,3593,Hater,5425,2038,5425,2038,210430,3160,300,13,13,100,0,60,0,0,0,60,0,0,0,60,0,0,0,60,0,0,,0,,
3032,Monster,5293,npcGuaiGuSuMenPaiQingGongFeiZei20091229,100,Nữ Phi Tặc,CommonNPCHeader16_16,140,3861,Hater,5841,2194,5841,2194,226560,3402,324,14,14,100,0,60,0,0,0,60,0,0,0,60,0,0,0,60,0,0,,0,,
3033,Monster,5294,npcGuaiGuSuMenPaiQingGongFeiZei20091229,100,Nữ Phi Tặc,CommonNPCHeader16_16,150,4102,Hater,6256,2351,6256,2351,242685,3643,347,15,15,100,0,60,0,0,0,60,0,0,0,60,0,0,0,60,0,0,,0,,
3034,Monster,5295,npcGuaiGuSuMenPaiQingGongFeiZei20091229,100,Nữ Phi Tặc,CommonNPCHeader16_16,160,4102,Hater,6672,2507,6672,2507,258815,3885,370,16,16,100,0,60,0,0,0,60,0,0,0,60,0,0,0,60,0,0,,0,,
3035,Monster,5296,npcGuaiGuSuMenPaiQingGongFeiZei20091229,100,Nữ Phi Tặc,CommonNPCHeader16_16,170,4102,Hater,7088,2663,7088,2663,274940,4127,393,17,17,100,0,60,0,0,0,60,0,0,0,60,0,0,0,60,0,0,,0,,
3036,Monster,5297,npcGuaiGuSuMenPaiQingGongFeiZei20091229,100,Nữ Phi Tặc,CommonNPCHeader16_16,180,4102,Hater,7504,2819,7504,2819,291070,4369,416,18,18,100,0,60,0,0,0,60,0,0,0,60,0,0,0,60,0,0,,0,,
3037,Monster,5298,npcGuaiGuSuMenPaiQingGongFeiZei20091229,100,Nữ Phi Tặc,CommonNPCHeader16_16,190,4102,Hater,7919,2975,7919,2975,307200,4611,439,19,19,150,0,60,0,0,0,60,0,0,0,60,0,0,0,60,0,0,,0,,
3038,Monster,5299,npcGuaiGuSuMenPaiQingGongFeiZei20091229,100,Nữ Phi Tặc,CommonNPCHeader16_16,200,4102,Hater,8335,3132,8335,3132,323325,4853,462,20,20,150,0,60,0,0,0,60,0,0,0,60,0,0,0,60,0,0,,0,,
3039,Monster,5300,npcGuaiGuSuMenPaiQingGongFeiZei20091229,100,Nữ Phi Tặc,CommonNPCHeader16_16,10,200,Normal,290,136,290,136,1320,102,20,1,1,100,0,60,0,0,0,60,0,0,0,60,0,0,0,60,0,0,,0,,
3040,Monster,5301,npcGuaiGuSuMenPaiQingGongFeiZei20091229,100,Nữ Phi Tặc,CommonNPCHeader16_16,20,402,Normal,567,266,567,266,12040,198,39,2,2,100,0,60,0,0,0,60,0,0,0,60,0,0,0,60,0,0,,0,,
3041,Monster,5302,npcGuaiGuSuMenPaiQingGongFeiZei20091229,100,Nữ Phi Tặc,CommonNPCHeader16_16,30,652,Hater,844,396,844,396,20480,294,58,3,3,100,0,60,0,0,0,60,0,0,0,60,0,0,0,60,0,0,,0,,
3042,Monster,5303,npcGuaiGuSuMenPaiQingGongFeiZei20091229,100,Nữ Phi Tặc,CommonNPCHeader16_16,40,950,Hater,1122,527,1122,527,30600,491,78,4,4,100,0,60,0,0,0,60,0,0,0,60,0,0,0,60,0,0,,0,,
3043,Monster,5304,npcGuaiGuSuMenPaiQingGongFeiZei20091229,100,Nữ Phi Tặc,CommonNPCHeader16_16,50,1296,Hater,1469,657,1469,657,42400,714,97,5,5,100,0,60,0,0,0,60,0,0,0,60,0,0,0,60,0,0,,0,,
3044,Monster,5305,npcGuaiGuSuMenPaiQingGongFeiZei20091229,100,Nữ Phi Tặc,CommonNPCHeader16_16,60,1688,Hater,1760,787,1760,787,55880,977,116,5,5,100,0,60,0,0,0,60,0,0,0,60,0,0,0,60,0,0,,0,,
3045,Monster,5306,npcGuaiGuSuMenPaiQingGongFeiZei20091229,100,Nữ Phi Tặc,CommonNPCHeader16_16,70,2130,Hater,2051,917,2051,917,71040,1281,135,6,6,100,0,60,0,0,0,60,0,0,0,60,0,0,0,60,0,0,,0,,
3046,Monster,5307,npcGuaiGuSuMenPaiQingGongFeiZei20091229,100,Nữ Phi Tặc,CommonNPCHeader16_16,80,2620,Hater,2342,1047,2342,1047,87880,1625,154,7,7,100,0,60,0,0,0,60,0,0,0,60,0,0,0,60,0,0,,0,,
3047,Monster,5308,npcGuaiGuSuMenPaiQingGongFeiZei20091229,100,Nữ Phi Tặc,CommonNPCHeader16_16,90,3000,Hater,2884,1178,2884,1178,106400,1827,174,8,8,100,0,60,0,0,0,60,0,0,0,60,0,0,0,60,0,0,,0,,
3048,Monster,5309,npcGuaiGuSuMenPaiQingGongFeiZei20091229,100,Nữ Phi Tặc,CommonNPCHeader16_16,100,3368,Hater,3481,1308,3481,1308,126600,2028,193,9,9,100,0,60,0,0,0,60,0,0,0,60,0,0,0,60,0,0,,0,,
3049,Monster,5310,npcGuaiGuSuMenPaiQingGongFeiZei20091229,100,Nữ Phi Tặc,CommonNPCHeader16_16,110,3720,Hater,3828,1438,3828,1438,148480,2230,212,9,9,100,0,60,0,0,0,60,0,0,0,60,0,0,0,60,0,0,,0,,
3050,Monster,5311,npcGuaiGuSuMenPaiQingGongFeiZei20091229,100,Nữ Phi Tặc,CommonNPCHeader16_16,120,4046,Hater,4174,1568,4174,1568,161920,2431,231,10,10,100,0,60,0,0,0,60,0,0,0,60,0,0,0,60,0,0,,0,,
3051,Monster,5312,npcGuaiGuSuMenPaiQingGongFeiZei20091229,100,Nữ Phi Tặc,CommonNPCHeader16_16,130,4374,Hater,4521,1698,4521,1698,175360,2633,250,11,11,100,0,60,0,0,0,60,0,0,0,60,0,0,0,60,0,0,,0,,
3052,Monster,5313,npcGuaiGuSuMenPaiQingGongFeiZei20091229,100,Nữ Phi Tặc,CommonNPCHeader16_16,140,4700,Hater,4867,1829,4867,1829,188800,2835,270,12,12,100,0,60,0,0,0,60,0,0,0,60,0,0,0,60,0,0,,0,,
3053,Monster,5314,npcGuaiGuSuMenPaiQingGongFeiZei20091229,100,Nữ Phi Tặc,CommonNPCHeader16_16,150,4994,Hater,5213,1959,5213,1959,202240,3036,289,13,13,100,0,60,0,0,0,60,0,0,0,60,0,0,0,60,0,0,,0,,
3054,Monster,5315,npcGuaiGuSuMenPaiQingGongFeiZei20091229,100,Nữ Phi Tặc,CommonNPCHeader16_16,160,4994,Hater,5560,2089,5560,2089,215680,3238,308,13,13,100,0,60,0,0,0,60,0,0,0,60,0,0,0,60,0,0,,0,,
3055,Monster,5316,npcGuaiGuSuMenPaiQingGongFeiZei20091229,100,Nữ Phi Tặc,CommonNPCHeader16_16,170,4994,Hater,5906,2219,5906,2219,229120,3439,327,14,14,100,0,60,0,0,0,60,0,0,0,60,0,0,0,60,0,0,,0,,
3056,Monster,5317,npcGuaiGuSuMenPaiQingGongFeiZei20091229,100,Nữ Phi Tặc,CommonNPCHeader16_16,180,4994,Hater,6253,2349,6253,2349,242560,3641,346,15,15,100,0,60,0,0,0,60,0,0,0,60,0,0,0,60,0,0,,0,,
3057,Monster,5318,npcGuaiGuSuMenPaiQingGongFeiZei20091229,100,Nữ Phi Tặc,CommonNPCHeader16_16,190,4994,Hater,6599,2479,6599,2479,256000,3842,366,16,16,100,0,60,0,0,0,60,0,0,0,60,0,0,0,60,0,0,,0,,
3058,Monster,5319,npcGuaiGuSuMenPaiQingGongFeiZei20091229,100,Nữ Phi Tặc,CommonNPCHeader16_16,200,4994,Hater,6946,2610,6946,2610,269440,4044,385,17,17,100,0,60,0,0,0,60,0,0,0,60,0,0,0,60,0,0,,0,,
3059,Monster,5320,npcGuaiGuSuMenPaiQingGongFeiZei20091229,100,Mộ Dung Lâu La,CommonNPCHeader16_16,9,51,Normal,315,148,315,148,1350,110,22,2,2,100,0,60,0,0,0,60,0,0,0,60,0,0,0,60,0,0,,0,,
3060,Monster,5321,npcGuaiGuSuMenPaiQingGongFeiZei20091229,100,Mộ Dung Lâu La,CommonNPCHeader16_16,19,108,Normal,647,304,647,304,11775,226,45,3,3,100,0,60,0,0,0,60,0,0,0,60,0,0,0,60,0,0,,0,,
3061,Monster,5322,npcGuaiGuSuMenPaiQingGongFeiZei20091229,100,Mộ Dung Lâu La,CommonNPCHeader16_16,29,182,Hater,980,460,980,460,20795,341,68,4,4,100,0,60,0,0,0,60,0,0,0,60,0,0,0,60,0,0,,0,,
3062,Monster,5323,npcGuaiGuSuMenPaiQingGongFeiZei20091229,100,Mộ Dung Lâu La,CommonNPCHeader16_16,39,270,Hater,1313,616,1313,616,31830,527,91,5,5,100,0,60,0,0,0,60,0,0,0,60,0,0,0,60,0,0,,0,,
3063,Monster,5324,npcGuaiGuSuMenPaiQingGongFeiZei20091229,100,Mộ Dung Lâu La,CommonNPCHeader16_16,49,375,Hater,1645,773,1645,773,44880,720,114,5,5,100,0,60,0,0,0,60,0,0,0,60,0,0,0,60,0,0,,0,,
3064,Monster,5325,npcGuaiGuSuMenPaiQingGongFeiZei20091229,100,Mộ Dung Lâu La,CommonNPCHeader16_16,59,496,Hater,2077,929,2077,929,59950,1009,137,6,6,100,0,60,0,0,0,60,0,0,0,60,0,0,0,60,0,0,,0,,
3065,Monster,5326,npcGuaiGuSuMenPaiQingGongFeiZei20091229,100,Mộ Dung Lâu La,CommonNPCHeader16_16,69,632,Hater,2426,1085,2426,1085,77035,1347,160,7,7,100,0,60,0,0,0,60,0,0,0,60,0,0,0,60,0,0,,0,,
3066,Monster,5327,npcGuaiGuSuMenPaiQingGongFeiZei20091229,100,Mộ Dung Lâu La,CommonNPCHeader16_16,79,785,Hater,2775,1241,2775,1241,96130,1733,183,8,8,100,0,60,0,0,0,60,0,0,0,60,0,0,0,60,0,0,,0,,
3067,Monster,5328,npcGuaiGuSuMenPaiQingGongFeiZei20091229,100,Mộ Dung Lâu La,CommonNPCHeader16_16,89,953,Hater,3125,1397,3125,1397,117245,2168,206,9,9,100,0,60,0,0,0,60,0,0,0,60,0,0,0,60,0,0,,0,,
3068,Monster,5329,npcGuaiGuSuMenPaiQingGongFeiZei20091229,100,Mộ Dung Lâu La,CommonNPCHeader16_16,99,1079,Hater,3805,1554,3805,1554,140380,2410,229,10,10,100,0,60,0,0,0,60,0,0,0,60,0,0,0,60,0,0,,0,,
3069,Monster,5330,npcGuaiGuSuMenPaiQingGongFeiZei20091229,100,Mộ Dung Lâu La,CommonNPCHeader16_16,109,1202,Hater,4552,1710,4552,1710,165525,2652,252,11,11,100,0,60,0,0,0,60,0,0,0,60,0,0,0,60,0,0,,0,,
3070,Monster,5331,npcGuaiGuSuMenPaiQingGongFeiZei20091229,100,Mộ Dung Lâu La,CommonNPCHeader16_16,119,1319,Hater,4967,1866,4967,1866,192690,2893,275,12,12,100,0,60,0,0,0,60,0,0,0,60,0,0,0,60,0,0,,0,,
3071,Monster,5332,npcGuaiGuSuMenPaiQingGongFeiZei20091229,100,Mộ Dung Lâu La,CommonNPCHeader16_16,129,1426,Hater,5383,2022,5383,2022,208815,3135,298,13,13,100,0,60,0,0,0,60,0,0,0,60,0,0,0,60,0,0,,0,,
3072,Monster,5333,npcGuaiGuSuMenPaiQingGongFeiZei20091229,100,Mộ Dung Lâu La,CommonNPCHeader16_16,139,1534,Hater,5799,2179,5799,2179,224945,3377,321,14,14,100,0,60,0,0,0,60,0,0,0,60,0,0,0,60,0,0,,0,,
3073,Monster,5334,npcGuaiGuSuMenPaiQingGongFeiZei20091229,100,Mộ Dung Lâu La,CommonNPCHeader16_16,149,1641,Hater,6215,2335,6215,2335,241075,3619,344,15,15,100,0,60,0,0,0,60,0,0,0,60,0,0,0,60,0,0,,0,,
3074,Monster,5335,npcGuaiGuSuMenPaiQingGongFeiZei20091229,100,Mộ Dung Lâu La,CommonNPCHeader16_16,159,1641,Hater,6631,2491,6631,2491,257200,3861,367,16,16,100,0,60,0,0,0,60,0,0,0,60,0,0,0,60,0,0,,0,,
3075,Monster,5336,npcGuaiGuSuMenPaiQingGongFeiZei20091229,100,Mộ Dung Lâu La,CommonNPCHeader16_16,169,1641,Hater,7046,2647,7046,2647,273330,4103,390,17,17,100,0,60,0,0,0,60,0,0,0,60,0,0,0,60,0,0,,0,,
3076,Monster,5337,npcGuaiGuSuMenPaiQingGongFeiZei20091229,100,Mộ Dung Lâu La,CommonNPCHeader16_16,179,1641,Hater,7462,2804,7462,2804,289455,4345,413,18,18,100,0,60,0,0,0,60,0,0,0,60,0,0,0,60,0,0,,0,,
3077,Monster,5338,npcGuaiGuSuMenPaiQingGongFeiZei20091229,100,Mộ Dung Lâu La,CommonNPCHeader16_16,189,1641,Hater,7878,2960,7878,2960,305585,4587,436,19,19,150,0,60,0,0,0,60,0,0,0,60,0,0,0,60,0,0,,0,,
3078,Monster,5339,npcGuaiGuSuMenPaiQingGongFeiZei20091229,100,Mộ Dung Lâu La,CommonNPCHeader16_16,199,1641,Hater,8294,3116,8294,3116,321715,4829,459,20,20,150,0,60,0,0,0,60,0,0,0,60,0,0,0,60,0,0,,0,,
3079,Monster,5340,npcGuaiGuSuMenPaiQingGongFeiZei20091229,100,Kẻ thuộc phái Mộ Dung có thân phận bất minh,CommonNPCHeader16_16,10,65,Normal,348,163,348,163,1580,122,24,2,2,100,0,60,0,0,0,60,0,0,0,60,0,0,0,60,0,0,,0,,
3080,Monster,5341,npcGuaiGuSuMenPaiQingGongFeiZei20091229,100,Kẻ thuộc phái Mộ Dung có thân phận bất minh,CommonNPCHeader16_16,20,132,Normal,681,319,681,319,14445,237,47,3,3,100,0,60,0,0,0,60,0,0,0,60,0,0,0,60,0,0,,0,,
3081,Monster,5342,npcGuaiGuSuMenPaiQingGongFeiZei20091229,100,Kẻ thuộc phái Mộ Dung có thân phận bất minh,CommonNPCHeader16_16,30,214,Hater,1013,476,1013,476,24575,352,70,4,4,100,0,60,0,0,0,60,0,0,0,60,0,0,0,60,0,0,,0,,
3082,Monster,5343,npcGuaiGuSuMenPaiQingGongFeiZei20091229,100,Kẻ thuộc phái Mộ Dung có thân phận bất minh,CommonNPCHeader16_16,40,312,Hater,1346,632,1346,632,36720,589,93,5,5,100,0,60,0,0,0,60,0,0,0,60,0,0,0,60,0,0,,0,,
3083,Monster,5344,npcGuaiGuSuMenPaiQingGongFeiZei20091229,100,Kẻ thuộc phái Mộ Dung có thân phận bất minh,CommonNPCHeader16_16,50,425,Hater,1762,788,1762,788,50880,857,116,6,6,100,0,60,0,0,0,60,0,0,0,60,0,0,0,60,0,0,,0,,
3084,Monster,5345,npcGuaiGuSuMenPaiQingGongFeiZei20091229,100,Kẻ thuộc phái Mộ Dung có thân phận bất minh,CommonNPCHeader16_16,60,554,Hater,2112,944,2112,944,67055,1173,139,7,7,100,0,60,0,0,0,60,0,0,0,60,0,0,0,60,0,0,,0,,
3085,Monster,5346,npcGuaiGuSuMenPaiQingGongFeiZei20091229,100,Kẻ thuộc phái Mộ Dung có thân phận bất minh,CommonNPCHeader16_16,70,699,Hater,2461,1101,2461,1101,85245,1537,162,7,7,100,0,60,0,0,0,60,0,0,0,60,0,0,0,60,0,0,,0,,
3086,Monster,5347,npcGuaiGuSuMenPaiQingGongFeiZei20091229,100,Kẻ thuộc phái Mộ Dung có thân phận bất minh,CommonNPCHeader16_16,80,861,Hater,2810,1257,2810,1257,105455,1950,185,8,8,100,0,60,0,0,0,60,0,0,0,60,0,0,0,60,0,0,,0,,
3087,Monster,5348,npcGuaiGuSuMenPaiQingGongFeiZei20091229,100,Kẻ thuộc phái Mộ Dung có thân phận bất minh,CommonNPCHeader16_16,90,985,Hater,3461,1413,3461,1413,127680,2192,208,9,9,100,0,60,0,0,0,60,0,0,0,60,0,0,0,60,0,0,,0,,
3088,Monster,5349,npcGuaiGuSuMenPaiQingGongFeiZei20091229,100,Kẻ thuộc phái Mộ Dung có thân phận bất minh,CommonNPCHeader16_16,100,1106,Hater,4177,1569,4177,1569,151920,2434,231,10,10,100,0,60,0,0,0,60,0,0,0,60,0,0,0,60,0,0,,0,,
3089,Monster,5350,npcGuaiGuSuMenPaiQingGongFeiZei20091229,100,Kẻ thuộc phái Mộ Dung có thân phận bất minh,CommonNPCHeader16_16,110,1222,Hater,4593,1726,4593,1726,178175,2676,254,11,11,100,0,60,0,0,0,60,0,0,0,60,0,0,0,60,0,0,,0,,
3090,Monster,5351,npcGuaiGuSuMenPaiQingGongFeiZei20091229,100,Kẻ thuộc phái Mộ Dung có thân phận bất minh,CommonNPCHeader16_16,120,1329,Hater,5009,1882,5009,1882,194300,2918,277,12,12,100,0,60,0,0,0,60,0,0,0,60,0,0,0,60,0,0,,0,,
3091,Monster,5352,npcGuaiGuSuMenPaiQingGongFeiZei20091229,100,Kẻ thuộc phái Mộ Dung có thân phận bất minh,CommonNPCHeader16_16,130,1437,Hater,5425,2038,5425,2038,210430,3160,300,13,13,100,0,60,0,0,0,60,0,0,0,60,0,0,0,60,0,0,,0,,
3092,Monster,5353,npcGuaiGuSuMenPaiQingGongFeiZei20091229,100,Kẻ thuộc phái Mộ Dung có thân phận bất minh,CommonNPCHeader16_16,140,1544,Hater,5841,2194,5841,2194,226560,3402,324,14,14,100,0,60,0,0,0,60,0,0,0,60,0,0,0,60,0,0,,0,,
3093,Monster,5354,npcGuaiGuSuMenPaiQingGongFeiZei20091229,100,Kẻ thuộc phái Mộ Dung có thân phận bất minh,CommonNPCHeader16_16,150,1641,Hater,6256,2351,6256,2351,242685,3643,347,15,15,100,0,60,0,0,0,60,0,0,0,60,0,0,0,60,0,0,,0,,
3094,Monster,5355,npcGuaiGuSuMenPaiQingGongFeiZei20091229,100,Kẻ thuộc phái Mộ Dung có thân phận bất minh,CommonNPCHeader16_16,160,1641,Hater,6672,2507,6672,2507,258815,3885,370,16,16,100,0,60,0,0,0,60,0,0,0,60,0,0,0,60,0,0,,0,,
3095,Monster,5356,npcGuaiGuSuMenPaiQingGongFeiZei20091229,100,Kẻ thuộc phái Mộ Dung có thân phận bất minh,CommonNPCHeader16_16,170,1641,Hater,7088,2663,7088,2663,274940,4127,393,17,17,100,0,60,0,0,0,60,0,0,0,60,0,0,0,60,0,0,,0,,
3096,Monster,5357,npcGuaiGuSuMenPaiQingGongFeiZei20091229,100,Kẻ thuộc phái Mộ Dung có thân phận bất minh,CommonNPCHeader16_16,180,1641,Hater,7504,2819,7504,2819,291070,4369,416,18,18,100,0,60,0,0,0,60,0,0,0,60,0,0,0,60,0,0,,0,,
3097,Monster,5358,npcGuaiGuSuMenPaiQingGongFeiZei20091229,100,Kẻ thuộc phái Mộ Dung có thân phận bất minh,CommonNPCHeader16_16,190,1641,Hater,7919,2975,7919,2975,307200,4611,439,19,19,150,0,60,0,0,0,60,0,0,0,60,0,0,0,60,0,0,,0,,
3098,Monster,5359,npcGuaiGuSuMenPaiQingGongFeiZei20091229,100,Kẻ thuộc phái Mộ Dung có thân phận bất minh,CommonNPCHeader16_16,200,1641,Hater,8335,3132,8335,3132,323325,4853,462,20,20,150,0,60,0,0,0,60,0,0,0,60,0,0,0,60,0,0,,0,,
3099,Monster,5360,npc100107GuSuMuRongYaHuan1,100,Đệ tử Mộ Dung,CommonNPCHeader16_18,5,35,Normal,182,85,182,85,595,64,12,1,1,100,0,60,0,0,0,60,0,0,0,60,0,0,0,60,0,0,,0,,
3100,Monster,5361,npc100107GuSuMuRongYaHuan1,100,Đệ tử Mộ Dung,CommonNPCHeader16_18,15,89,Normal,514,241,514,241,7800,180,36,2,2,100,0,60,0,0,0,60,0,0,0,60,0,0,0,60,0,0,,0,,
3101,Monster,5362,npc100107GuSuMuRongYaHuan1,100,Đệ tử Mộ Dung,CommonNPCHeader16_18,25,159,Normal,847,398,847,398,17975,295,59,3,3,100,0,60,0,0,0,60,0,0,0,60,0,0,0,60,0,0,,0,,
3102,Monster,5363,npc100107GuSuMuRongYaHuan1,100,Đệ tử Mộ Dung,CommonNPCHeader16_18,35,245,Hater,1180,554,1180,554,28605,474,82,4,4,100,0,60,0,0,0,60,0,0,0,60,0,0,0,60,0,0,,0,,
3103,Monster,5364,npc100107GuSuMuRongYaHuan1,100,Đệ tử Mộ Dung,CommonNPCHeader16_18,45,347,Hater,1512,710,1512,710,41255,662,105,5,5,100,0,60,0,0,0,60,0,0,0,60,0,0,0,60,0,0,,0,,
3104,Monster,5365,npc100107GuSuMuRongYaHuan1,100,Đệ tử Mộ Dung,CommonNPCHeader16_18,55,465,Hater,1937,866,1937,866,55920,941,128,6,6,100,0,60,0,0,0,60,0,0,0,60,0,0,0,60,0,0,,0,,
3105,Monster,5366,npc100107GuSuMuRongYaHuan1,100,Đệ tử Mộ Dung,CommonNPCHeader16_18,65,598,Hater,2286,1023,2286,1023,72600,1270,151,7,7,100,0,60,0,0,0,60,0,0,0,60,0,0,0,60,0,0,,0,,
3106,Monster,5367,npc100107GuSuMuRongYaHuan1,100,Đệ tử Mộ Dung,CommonNPCHeader16_18,75,747,Hater,2636,1179,2636,1179,91295,1646,174,8,8,100,0,60,0,0,0,60,0,0,0,60,0,0,0,60,0,0,,0,,
3107,Monster,5368,npc100107GuSuMuRongYaHuan1,100,Đệ tử Mộ Dung,CommonNPCHeader16_18,85,912,Hater,2985,1335,2985,1335,112005,2071,197,9,9,100,0,60,0,0,0,60,0,0,0,60,0,0,0,60,0,0,,0,,
3108,Monster,5369,npc100107GuSuMuRongYaHuan1,100,Đệ tử Mộ Dung,CommonNPCHeader16_18,95,1038,Hater,3652,1491,3652,1491,134735,2313,220,10,10,100,0,60,0,0,0,60,0,0,0,60,0,0,0,60,0,0,,0,,
3109,Monster,5370,npc100107GuSuMuRongYaHuan1,100,Đệ tử Mộ Dung,CommonNPCHeader16_18,105,1160,Hater,4385,1647,4385,1647,159480,2555,243,11,11,100,0,60,0,0,0,60,0,0,0,60,0,0,0,60,0,0,,0,,
3110,Monster,5371,npc100107GuSuMuRongYaHuan1,100,Đệ tử Mộ Dung,CommonNPCHeader16_18,115,1276,Hater,4801,1804,4801,1804,186240,2797,266,12,12,100,0,60,0,0,0,60,0,0,0,60,0,0,0,60,0,0,,0,,
3111,Monster,5372,npc100107GuSuMuRongYaHuan1,100,Đệ tử Mộ Dung,CommonNPCHeader16_18,125,1383,Hater,5217,1960,5217,1960,202365,3039,289,13,13,100,0,60,0,0,0,60,0,0,0,60,0,0,0,60,0,0,,0,,
3112,Monster,5373,npc100107GuSuMuRongYaHuan1,100,Đệ tử Mộ Dung,CommonNPCHeader16_18,135,1490,Hater,5633,2116,5633,2116,218495,3281,312,14,14,100,0,60,0,0,0,60,0,0,0,60,0,0,0,60,0,0,,0,,
3113,Monster,5374,npc100107GuSuMuRongYaHuan1,100,Đệ tử Mộ Dung,CommonNPCHeader16_18,145,1597,Hater,6048,2272,6048,2272,234620,3522,335,15,15,100,0,60,0,0,0,60,0,0,0,60,0,0,0,60,0,0,,0,,
3114,Monster,5375,npc100107GuSuMuRongYaHuan1,100,Đệ tử Mộ Dung,CommonNPCHeader16_18,155,1641,Hater,6464,2429,6464,2429,250750,3764,358,16,16,100,0,60,0,0,0,60,0,0,0,60,0,0,0,60,0,0,,0,,
3115,Monster,5376,npc100107GuSuMuRongYaHuan1,100,Đệ tử Mộ Dung,CommonNPCHeader16_18,165,1641,Hater,6880,2585,6880,2585,266880,4006,381,17,17,100,0,60,0,0,0,60,0,0,0,60,0,0,0,60,0,0,,0,,
3116,Monster,5377,npc100107GuSuMuRongYaHuan1,100,Đệ tử Mộ Dung,CommonNPCHeader16_18,175,1641,Hater,7296,2741,7296,2741,283005,4248,404,18,18,100,0,60,0,0,0,60,0,0,0,60,0,0,0,60,0,0,,0,,
3117,Monster,5378,npc100107GuSuMuRongYaHuan1,100,Đệ tử Mộ Dung,CommonNPCHeader16_18,185,1641,Hater,7712,2897,7712,2897,299135,4490,427,19,19,150,0,60,0,0,0,60,0,0,0,60,0,0,0,60,0,0,,0,,
3118,Monster,5379,npc100107GuSuMuRongYaHuan1,100,Đệ tử Mộ Dung,CommonNPCHeader16_18,195,1641,Hater,8127,3054,8127,3054,315260,4732,450,19,19,150,0,60,0,0,0,60,0,0,0,60,0,0,0,60,0,0,,0,,
3119,Monster,5380,npcGuaiGuSuMenPaiQingGongFeiZei20091229Hong,100,Thám Bí Phi Tặc,CommonNPCHeader16_16,81,1326,Hater,2371,1060,2371,1060,88970,1645,156,7,7,100,0,60,0,0,0,60,0,0,0,60,0,0,0,60,0,0,,0,,
3120,Monster,5381,npcGuaiGuSuMenPaiQingGongFeiZei20091229Hong,100,Thám Bí Phi Tặc,CommonNPCHeader16_16,82,1341,Hater,2400,1073,2400,1073,90060,1665,158,7,7,100,0,60,0,0,0,60,0,0,0,60,0,0,0,60,0,0,,0,,
3121,Monster,5382,npcGuaiGuSuMenPaiQingGongFeiZei20091229Hong,100,Thám Bí Phi Tặc,CommonNPCHeader16_16,83,1357,Hater,2429,1086,2429,1086,91155,1685,160,7,7,100,0,60,0,0,0,60,0,0,0,60,0,0,0,60,0,0,,0,,
3122,Monster,5383,npcGuaiGuSuMenPaiQingGongFeiZei20091229Lan,100,Tầm Thư Phi Tặc,CommonNPCHeader16_16,84,1372,Hater,2458,1099,2458,1099,92245,1706,162,7,7,100,0,60,0,0,0,60,0,0,0,60,0,0,0,60,0,0,,0,,
3123,Monster,5384,npcGuaiGuSuMenPaiQingGongFeiZei20091229Lan,100,Tầm Thư Phi Tặc,CommonNPCHeader16_16,85,1388,Hater,2487,1112,2487,1112,93340,1726,164,7,7,100,0,60,0,0,0,60,0,0,0,60,0,0,0,60,0,0,,0,,
3124,Monster,5385,npcGuaiGuSuMenPaiQingGongFeiZei20091229Lan,100,Tầm Thư Phi Tặc,CommonNPCHeader16_16,86,1404,Hater,2516,1125,2516,1125,94430,1746,166,7,7,100,0,60,0,0,0,60,0,0,0,60,0,0,0,60,0,0,,0,,
3125,Monster,5386,npcGuaiGuSuMenPaiQingGongFeiZei20091229Lu,100,Sưu Bảo Phi Tặc,CommonNPCHeader16_16,87,1419,Hater,2546,1138,2546,1138,95520,1766,168,8,8,100,0,60,0,0,0,60,0,0,0,60,0,0,0,60,0,0,,0,,
3126,Monster,5387,npcGuaiGuSuMenPaiQingGongFeiZei20091229Lu,100,Sưu Bảo Phi Tặc,CommonNPCHeader16_16,88,1435,Hater,2575,1151,2575,1151,96615,1786,170,8,8,100,0,60,0,0,0,60,0,0,0,60,0,0,0,60,0,0,,0,,
3127,Monster,5388,npcGuaiGuSuMenPaiQingGongFeiZei20091229Lu,100,Sưu Bảo Phi Tặc,CommonNPCHeader16_16,89,1450,Hater,2604,1164,2604,1164,97705,1806,172,8,8,100,0,60,0,0,0,60,0,0,0,60,0,0,0,60,0,0,,0,,
3128,Monster,5389,npcGuaiGuSuMenPaiQingGongFeiZei20091229Lu,100,Sưu Bảo Phi Tặc,CommonNPCHeader16_16,90,1500,Hater,2884,1178,2884,1178,106400,1827,174,8,8,100,0,60,0,0,0,60,0,0,0,60,0,0,0,60,0,0,,0,,
3129,Monster,5390,npcGuaiGuSuMenPaiQingGongFeiZei20091229Hong,100,Thám Bí Phi Tặc,CommonNPCHeader16_16,84,2520,Boss,3688,1649,3688,1649,138370,2559,243,11,11,100,0,60,0,0,0,60,0,0,0,60,0,0,0,60,0,0,,0,,
3130,Monster,5391,npcGuaiGuSuMenPaiQingGongFeiZei20091229Lan,100,Tầm Thư Phi Tặc,CommonNPCHeader16_16,87,2606,Boss,3819,1708,3819,1708,143285,2649,252,12,12,100,0,60,0,0,0,60,0,0,0,60,0,0,0,60,0,0,,0,,
3131,Monster,5392,npcGuaiGuSuMenPaiQingGongFeiZei20091229Lu,100,Sưu Bảo Phi Tặc,CommonNPCHeader16_16,91,2785,Boss,4374,1786,4374,1786,161360,2770,263,12,12,100,0,60,0,0,0,60,0,0,0,60,0,0,0,60,0,0,,0,,
3132,Monster,5393,bossCangJingGeMengMianFanSeng,100,Mông Diện Phiên Tăng,FightNPCHeader10_1,50,0,Hater,1762,788,1762,788,31380,857,116,6,6,100,0,60,0,0,0,60,0,0,0,60,0,0,0,60,0,0,,0,,
3133,Monster,5394,bossCangJingGeMengMianFanSeng,100,Mông Diện Phiên Tăng,FightNPCHeader10_1,60,0,Hater,2112,944,2112,944,42055,1173,139,7,7,100,0,60,0,0,0,60,0,0,0,60,0,0,0,60,0,0,,0,,
3134,Monster,5395,bossCangJingGeMengMianFanSeng,100,Mông Diện Phiên Tăng,FightNPCHeader10_1,70,0,Hater,2461,1101,2461,1101,52745,1537,162,7,7,100,0,60,0,0,0,60,0,0,0,60,0,0,0,60,0,0,,0,,
3135,Monster,5396,bossCangJingGeMengMianFanSeng,100,Mông Diện Phiên Tăng,FightNPCHeader10_1,80,0,Hater,2810,1257,2810,1257,65455,1950,185,8,8,100,0,60,0,0,0,60,0,0,0,60,0,0,0,60,0,0,,0,,
3136,Monster,5397,bossCangJingGeMengMianFanSeng,100,Mông Diện Phiên Tăng,FightNPCHeader10_1,90,0,Hater,3461,1413,3461,1413,77680,2192,208,9,9,100,0,60,0,0,0,60,0,0,0,60,0,0,0,60,0,0,,0,,
3137,Monster,5398,bossCangJingGeMengMianFanSeng,100,Mông Diện Phiên Tăng,FightNPCHeader10_1,100,0,Hater,4177,1569,4177,1569,95420,2434,231,10,10,100,0,60,0,0,0,60,0,0,0,60,0,0,0,60,0,0,,0,,
3138,Monster,5399,bossCangJingGeMengMianFanSeng,100,Mông Diện Phiên Tăng,FightNPCHeader10_1,110,0,Hater,4593,1726,4593,1726,113175,2676,254,11,11,100,0,60,0,0,0,60,0,0,0,60,0,0,0,60,0,0,,0,,
3139,Monster,6000,HuangLong,100,Long Trưởng Thành,PetHeader2_1,65,91,Hater,1905,852,1905,852,60500,1058,126,6,6,100,0,60,0,0,0,60,0,0,0,60,0,0,0,60,0,0,,0,,
3140,Monster,6001,BaiLong,100,Long Biến Dị,PetHeader2_1,65,91,Hater,1905,852,1905,852,60500,1058,126,6,6,100,0,60,0,0,0,60,0,0,0,60,0,0,0,60,0,0,,0,,
3141,Monster,6002,JinEJinJiaoBaiLong,100,Long Biến Dị,PetHeader2_1,65,91,Hater,1905,852,1905,852,60500,1058,126,6,6,100,0,60,0,0,0,60,0,0,0,60,0,0,0,60,0,0,,0,,
3142,Monster,6003,QingLong,100,Long Biến Dị,PetHeader2_1,65,91,Hater,1905,852,1905,852,60500,1058,126,6,6,100,0,60,0,0,0,60,0,0,0,60,0,0,0,60,0,0,,0,,
3143,Monster,6004,ChiLong,100,Long Biến Dị,PetHeader2_1,65,91,Hater,1905,852,1905,852,60500,1058,126,6,6,100,0,60,0,0,0,60,0,0,0,60,0,0,0,60,0,0,,0,,
3144,Monster,6005,HeiLong,100,Long Biến Dị,PetHeader2_1,65,91,Hater,1905,852,1905,852,60500,1058,126,6,6,100,0,60,0,0,0,60,0,0,0,60,0,0,0,60,0,0,,0,,
3145,Monster,6009,HuangLong,100,Long Bảo Bảo,PetHeader2_1,65,91,Hater,1905,852,1905,852,60500,1058,126,6,6,100,0,60,0,0,0,60,0,0,0,60,0,0,0,60,0,0,,0,,
3146,Monster,6010,HuiSeLongMao,100,Long Miêu Trưởng Thành,PetHeader3_20,35,37,Hater,983,461,983,461,23840,395,68,3,3,100,0,60,0,0,0,60,0,0,0,60,0,0,0,60,0,0,,0,,
3147,Monster,6011,LanSeLongMao,100,Long Miêu Biến Dị,PetHeader3_20,35,37,Hater,983,461,983,461,23840,395,68,3,3,100,0,60,0,0,0,60,0,0,0,60,0,0,0,60,0,0,,0,,
3148,Monster,6012,LanSeLongMao,100,Long Miêu Biến Dị,PetHeader3_20,35,37,Hater,983,461,983,461,23840,395,68,3,3,100,0,60,0,0,0,60,0,0,0,60,0,0,0,60,0,0,,0,,
3149,Monster,6019,HuiSeLongMao,100,Long Miêu Bảo Bảo,PetHeader3_20,35,37,Hater,983,461,983,461,23840,395,68,3,3,100,0,60,0,0,0,60,0,0,0,60,0,0,0,60,0,0,,0,,
3150,Monster,6020,HuiSeLongMao,100,Cường Long Miêu Trưởng Thành,PetHeader3_20,45,52,Hater,1260,592,1260,592,34380,551,87,4,4,100,0,60,0,0,0,60,0,0,0,60,0,0,0,60,0,0,,0,,
3151,Monster,6021,LanSeLongMao,100,Cường Long Miêu Biến Dị,PetHeader3_20,45,52,Hater,1260,592,1260,592,34380,551,87,4,4,100,0,60,0,0,0,60,0,0,0,60,0,0,0,60,0,0,,0,,
3152,Monster,6022,LanSeLongMao,100,Cường Long Miêu Biến Dị,PetHeader3_20,45,52,Hater,1260,592,1260,592,34380,551,87,4,4,100,0,60,0,0,0,60,0,0,0,60,0,0,0,60,0,0,,0,,
3153,Monster,6023,LanSeLongMao,100,Cường Long Miêu Biến Dị,PetHeader3_20,45,52,Hater,1260,592,1260,592,34380,551,87,4,4,100,0,60,0,0,0,60,0,0,0,60,0,0,0,60,0,0,,0,,
3154,Monster,6029,HuiSeLongMao,100,Cường Long Miêu Bảo Bảo,PetHeader3_20,45,52,Hater,1260,592,1260,592,34380,551,87,4,4,100,0,60,0,0,0,60,0,0,0,60,0,0,0,60,0,0,,0,,
3155,Monster,6030,HuiSeLongMao,100,Trân Long Miêu Trưởng Thành,PetHeader3_20,55,70,Hater,1614,722,1614,722,46600,784,106,5,5,100,0,60,0,0,0,60,0,0,0,60,0,0,0,60,0,0,,0,,
3156,Monster,6031,LanSeLongMao,100,Trân Long Miêu Biến Dị,PetHeader3_20,55,70,Hater,1614,722,1614,722,46600,784,106,5,5,100,0,60,0,0,0,60,0,0,0,60,0,0,0,60,0,0,,0,,
3157,Monster,6032,LanSeLongMao,100,Trân Long Miêu Biến Dị,PetHeader3_20,55,70,Hater,1614,722,1614,722,46600,784,106,5,5,100,0,60,0,0,0,60,0,0,0,60,0,0,0,60,0,0,,0,,
3158,Monster,6033,LanSeLongMao,100,Trân Long Miêu Biến Dị,PetHeader3_20,55,70,Hater,1614,722,1614,722,46600,784,106,5,5,100,0,60,0,0,0,60,0,0,0,60,0,0,0,60,0,0,,0,,
3159,Monster,6034,LanSeLongMao,100,Trân Long Miêu Biến Dị,PetHeader3_20,55,70,Hater,1614,722,1614,722,46600,784,106,5,5,100,0,60,0,0,0,60,0,0,0,60,0,0,0,60,0,0,,0,,
3160,Monster,6039,HuiSeLongMao,100,Trân Long Miêu Bảo Bảo,PetHeader3_20,55,70,Hater,1614,722,1614,722,46600,784,106,5,5,100,0,60,0,0,0,60,0,0,0,60,0,0,0,60,0,0,,0,,
3161,Monster,6040,HuiSeLongMao,100,Siêu Long Miêu Trưởng Thành,PetHeader3_20,65,91,Hater,1905,852,1905,852,60500,1058,126,6,6,100,0,60,0,0,0,60,0,0,0,60,0,0,0,60,0,0,,0,,
3162,Monster,6041,LanSeLongMao,100,Siêu Long Miêu Biến Dị,PetHeader3_20,65,91,Hater,1905,852,1905,852,60500,1058,126,6,6,100,0,60,0,0,0,60,0,0,0,60,0,0,0,60,0,0,,0,,
3163,Monster,6042,LanSeLongMao,100,Siêu Long Miêu Biến Dị,PetHeader3_20,65,91,Hater,1905,852,1905,852,60500,1058,126,6,6,100,0,60,0,0,0,60,0,0,0,60,0,0,0,60,0,0,,0,,
3164,Monster,6043,LanSeLongMao,100,Siêu Long Miêu Biến Dị,PetHeader3_20,65,91,Hater,1905,852,1905,852,60500,1058,126,6,6,100,0,60,0,0,0,60,0,0,0,60,0,0,0,60,0,0,,0,,
3165,Monster,6044,LanSeLongMao,100,Siêu Long Miêu Biến Dị,PetHeader3_20,65,91,Hater,1905,852,1905,852,60500,1058,126,6,6,100,0,60,0,0,0,60,0,0,0,60,0,0,0,60,0,0,,0,,
3166,Monster,6045,LanSeLongMao,100,Siêu Long Miêu Biến Dị,PetHeader3_20,65,91,Hater,1905,852,1905,852,60500,1058,126,6,6,100,0,60,0,0,0,60,0,0,0,60,0,0,0,60,0,0,,0,,
3167,Monster,6049,HuiSeLongMao,100,Siêu Long Miêu Bảo Bảo,PetHeader3_20,65,91,Hater,1905,852,1905,852,60500,1058,126,6,6,100,0,60,0,0,0,60,0,0,0,60,0,0,0,60,0,0,,0,,
3168,Monster,6050,HuiSeLongMao,100,Thần Long Miêu Trưởng Thành,PetHeader3_20,75,113,Hater,2196,982,2196,982,76080,1372,145,7,7,100,0,60,0,0,0,60,0,0,0,60,0,0,0,60,0,0,,0,,
3169,Monster,6051,LanSeLongMao,100,Thần Long Miêu Biến Dị,PetHeader3_20,75,113,Hater,2196,982,2196,982,76080,1372,145,7,7,100,0,60,0,0,0,60,0,0,0,60,0,0,0,60,0,0,,0,,
3170,Monster,6052,LanSeLongMao,100,Thần Long Miêu Biến Dị,PetHeader3_20,75,113,Hater,2196,982,2196,982,76080,1372,145,7,7,100,0,60,0,0,0,60,0,0,0,60,0,0,0,60,0,0,,0,,
3171,Monster,6053,LanSeLongMao,100,Thần Long Miêu Biến Dị,PetHeader3_20,75,113,Hater,2196,982,2196,982,76080,1372,145,7,7,100,0,60,0,0,0,60,0,0,0,60,0,0,0,60,0,0,,0,,
3172,Monster,6054,LanSeLongMao,100,Thần Long Miêu Biến Dị,PetHeader3_20,75,113,Hater,2196,982,2196,982,76080,1372,145,7,7,100,0,60,0,0,0,60,0,0,0,60,0,0,0,60,0,0,,0,,
3173,Monster,6055,LanSeLongMao,100,Thần Long Miêu Biến Dị,PetHeader3_20,75,113,Hater,2196,982,2196,982,76080,1372,145,7,7,100,0,60,0,0,0,60,0,0,0,60,0,0,0,60,0,0,,0,,
3174,Monster,6056,LanSeLongMao,100,Thần Long Miêu Biến Dị,PetHeader3_20,75,113,Hater,2196,982,2196,982,76080,1372,145,7,7,100,0,60,0,0,0,60,0,0,0,60,0,0,0,60,0,0,,0,,
3175,Monster,6059,HuiSeLongMao,100,Thần Long Miêu Bảo Bảo,PetHeader3_20,75,113,Hater,2196,982,2196,982,76080,1372,145,7,7,100,0,60,0,0,0,60,0,0,0,60,0,0,0,60,0,0,,0,,
3176,Monster,6060,MoJingMao1,100,Mặc Kính Miêu Trưởng Thành,PetHeader2_21,35,37,Hater,983,461,983,461,23840,395,68,3,3,100,0,60,0,0,0,60,0,0,0,60,0,0,0,60,0,0,,0,,
3177,Monster,6061,MoJingMao2,100,Mặc Kính Miêu Biến Dị,PetHeader2_21,35,37,Hater,983,461,983,461,23840,395,68,3,3,100,0,60,0,0,0,60,0,0,0,60,0,0,0,60,0,0,,0,,
3178,Monster,6062,MoJingMao3,100,Mặc Kính Miêu Biến Dị,PetHeader2_21,35,37,Hater,983,461,983,461,23840,395,68,3,3,100,0,60,0,0,0,60,0,0,0,60,0,0,0,60,0,0,,0,,
3179,Monster,6069,MoJingMao1,100,Mặc Kính Miêu Bảo Bảo,PetHeader2_21,35,37,Hater,983,461,983,461,23840,395,68,3,3,100,0,60,0,0,0,60,0,0,0,60,0,0,0,60,0,0,,0,,
3180,Monster,6070,MoJingMao1,100,Lưu Hành Miêu Trưởng Thành,PetHeader2_21,45,52,Hater,1260,592,1260,592,34380,551,87,4,4,100,0,60,0,0,0,60,0,0,0,60,0,0,0,60,0,0,,0,,
3181,Monster,6071,MoJingMao2,100,Lưu Hành Miêu Biến Dị,PetHeader2_21,45,52,Hater,1260,592,1260,592,34380,551,87,4,4,100,0,60,0,0,0,60,0,0,0,60,0,0,0,60,0,0,,0,,
3182,Monster,6072,MoJingMao3,100,Lưu Hành Miêu Biến Dị,PetHeader2_21,45,52,Hater,1260,592,1260,592,34380,551,87,4,4,100,0,60,0,0,0,60,0,0,0,60,0,0,0,60,0,0,,0,,
3183,Monster,6073,MoJingMao4,100,Lưu Hành Miêu Biến Dị,PetHeader2_21,45,52,Hater,1260,592,1260,592,34380,551,87,4,4,100,0,60,0,0,0,60,0,0,0,60,0,0,0,60,0,0,,0,,
3184,Monster,6079,MoJingMao1,100,Lưu Hành Miêu Bảo Bảo,PetHeader2_21,45,52,Hater,1260,592,1260,592,34380,551,87,4,4,100,0,60,0,0,0,60,0,0,0,60,0,0,0,60,0,0,,0,,
3185,Monster,6080,MoJingMao1,100,Thời Thượng Miêu Trưởng Thành,PetHeader2_21,55,70,Hater,1614,722,1614,722,46600,784,106,5,5,100,0,60,0,0,0,60,0,0,0,60,0,0,0,60,0,0,,0,,
3186,Monster,6081,MoJingMao2,100,Thời Thượng Miêu Biến Dị,PetHeader2_21,55,70,Hater,1614,722,1614,722,46600,784,106,5,5,100,0,60,0,0,0,60,0,0,0,60,0,0,0,60,0,0,,0,,
3187,Monster,6082,MoJingMao3,100,Thời Thượng Miêu Biến Dị,PetHeader2_21,55,70,Hater,1614,722,1614,722,46600,784,106,5,5,100,0,60,0,0,0,60,0,0,0,60,0,0,0,60,0,0,,0,,
3188,Monster,6083,MoJingMao4,100,Thời Thượng Miêu Biến Dị,PetHeader2_21,55,70,Hater,1614,722,1614,722,46600,784,106,5,5,100,0,60,0,0,0,60,0,0,0,60,0,0,0,60,0,0,,0,,
3189,Monster,6084,MoJingMao5,100,Thời Thượng Miêu Biến Dị,PetHeader2_21,55,70,Hater,1614,722,1614,722,46600,784,106,5,5,100,0,60,0,0,0,60,0,0,0,60,0,0,0,60,0,0,,0,,
3190,Monster,6089,MoJingMao1,100,Thời Thượng Miêu Bảo Bảo,PetHeader2_21,55,70,Hater,1614,722,1614,722,46600,784,106,5,5,100,0,60,0,0,0,60,0,0,0,60,0,0,0,60,0,0,,0,,
3191,Monster,6090,MoJingMao1,100,Ngẫu Tượng Miêu Trưởng Thành,PetHeader2_21,65,91,Hater,1905,852,1905,852,60500,1058,126,6,6,100,0,60,0,0,0,60,0,0,0,60,0,0,0,60,0,0,,0,,
3192,Monster,6091,MoJingMao2,100,Ngẫu Tượng Miêu Biến Dị,PetHeader2_21,65,91,Hater,1905,852,1905,852,60500,1058,126,6,6,100,0,60,0,0,0,60,0,0,0,60,0,0,0,60,0,0,,0,,
3193,Monster,6092,MoJingMao3,100,Ngẫu Tượng Miêu Biến Dị,PetHeader2_21,65,91,Hater,1905,852,1905,852,60500,1058,126,6,6,100,0,60,0,0,0,60,0,0,0,60,0,0,0,60,0,0,,0,,
3194,Monster,6093,MoJingMao4,100,Ngẫu Tượng Miêu Biến Dị,PetHeader2_21,65,91,Hater,1905,852,1905,852,60500,1058,126,6,6,100,0,60,0,0,0,60,0,0,0,60,0,0,0,60,0,0,,0,,
3195,Monster,6094,MoJingMao5,100,Ngẫu Tượng Miêu Biến Dị,PetHeader2_21,65,91,Hater,1905,852,1905,852,60500,1058,126,6,6,100,0,60,0,0,0,60,0,0,0,60,0,0,0,60,0,0,,0,,
3196,Monster,6095,MoJingMao6,100,Ngẫu Tượng Miêu Biến Dị,PetHeader2_21,65,91,Hater,1905,852,1905,852,60500,1058,126,6,6,100,0,60,0,0,0,60,0,0,0,60,0,0,0,60,0,0,,0,,
3197,Monster,6099,MoJingMao1,100,Ngẫu Tượng Miêu Bảo Bảo,PetHeader2_21,65,91,Hater,1905,852,1905,852,60500,1058,126,6,6,100,0,60,0,0,0,60,0,0,0,60,0,0,0,60,0,0,,0,,
3198,Monster,6100,MoJingMao1,100,Quán Quân Miêu Trưởng Thành,PetHeader2_21,75,113,Hater,2196,982,2196,982,76080,1372,145,7,7,100,0,60,0,0,0,60,0,0,0,60,0,0,0,60,0,0,,0,,
3199,Monster,6101,MoJingMao2,100,Quán Quân Miêu Biến Dị,PetHeader2_21,75,113,Hater,2196,982,2196,982,76080,1372,145,7,7,100,0,60,0,0,0,60,0,0,0,60,0,0,0,60,0,0,,0,,
3200,Monster,6102,MoJingMao3,100,Quán Quân Miêu Biến Dị,PetHeader2_21,75,113,Hater,2196,982,2196,982,76080,1372,145,7,7,100,0,60,0,0,0,60,0,0,0,60,0,0,0,60,0,0,,0,,
3201,Monster,6103,MoJingMao4,100,Quán Quân Miêu Biến Dị,PetHeader2_21,75,113,Hater,2196,982,2196,982,76080,1372,145,7,7,100,0,60,0,0,0,60,0,0,0,60,0,0,0,60,0,0,,0,,
3202,Monster,6104,MoJingMao5,100,Quán Quân Miêu Biến Dị,PetHeader2_21,75,113,Hater,2196,982,2196,982,76080,1372,145,7,7,100,0,60,0,0,0,60,0,0,0,60,0,0,0,60,0,0,,0,,
3203,Monster,6105,MoJingMao6,100,Quán Quân Miêu Biến Dị,PetHeader2_21,75,113,Hater,2196,982,2196,982,76080,1372,145,7,7,100,0,60,0,0,0,60,0,0,0,60,0,0,0,60,0,0,,0,,
3204,Monster,6106,MoJingMao7,100,Quán Quân Miêu Biến Dị,PetHeader2_21,75,113,Hater,2196,982,2196,982,76080,1372,145,7,7,100,0,60,0,0,0,60,0,0,0,60,0,0,0,60,0,0,,0,,
3205,Monster,6109,MoJingMao1,100,Quán Quân Miêu Bảo Bảo,PetHeader2_21,75,113,Hater,2196,982,2196,982,76080,1372,145,7,7,100,0,60,0,0,0,60,0,0,0,60,0,0,0,60,0,0,,0,,
3206,Monster,6110,HeiSeXiNiao,100,Tê Điểu Trưởng Thành,PetHeader3_19,35,37,Hater,983,461,983,461,23840,395,68,3,3,100,0,60,0,0,0,60,0,0,0,60,0,0,0,60,0,0,,0,,
3207,Monster,6111,LuSeXiNiao,100,Tê Điểu Biến Dị,PetHeader3_19,35,37,Hater,983,461,983,461,23840,395,68,3,3,100,0,60,0,0,0,60,0,0,0,60,0,0,0,60,0,0,,0,,
3208,Monster,6112,LuSeXiNiao,100,Tê Điểu Biến Dị,PetHeader3_19,35,37,Hater,983,461,983,461,23840,395,68,3,3,100,0,60,0,0,0,60,0,0,0,60,0,0,0,60,0,0,,0,,
3209,Monster,6119,HeiSeXiNiao,100,Tê Điểu Bảo Bảo,PetHeader3_19,35,37,Hater,983,461,983,461,23840,395,68,3,3,100,0,60,0,0,0,60,0,0,0,60,0,0,0,60,0,0,,0,,
3210,Monster,6120,HeiSeXiNiao,100,Linh Tê Điểu Trưởng Thành,PetHeader3_19,45,52,Hater,1260,592,1260,592,34380,551,87,4,4,100,0,60,0,0,0,60,0,0,0,60,0,0,0,60,0,0,,0,,
3211,Monster,6121,LuSeXiNiao,100,Linh Tê Điểu Biến Dị,PetHeader3_19,45,52,Hater,1260,592,1260,592,34380,551,87,4,4,100,0,60,0,0,0,60,0,0,0,60,0,0,0,60,0,0,,0,,
3212,Monster,6122,LuSeXiNiao,100,Linh Tê Điểu Biến Dị,PetHeader3_19,45,52,Hater,1260,592,1260,592,34380,551,87,4,4,100,0,60,0,0,0,60,0,0,0,60,0,0,0,60,0,0,,0,,
3213,Monster,6123,LuSeXiNiao,100,Linh Tê Điểu Biến Dị,PetHeader3_19,45,52,Hater,1260,592,1260,592,34380,551,87,4,4,100,0,60,0,0,0,60,0,0,0,60,0,0,0,60,0,0,,0,,
3214,Monster,6129,HeiSeXiNiao,100,Linh Tê Điểu Bảo Bảo,PetHeader3_19,45,52,Hater,1260,592,1260,592,34380,551,87,4,4,100,0,60,0,0,0,60,0,0,0,60,0,0,0,60,0,0,,0,,
3215,Monster,6130,HeiSeXiNiao,100,Trân Tê Điểu Trưởng Thành,PetHeader3_19,55,70,Hater,1614,722,1614,722,46600,784,106,5,5,100,0,60,0,0,0,60,0,0,0,60,0,0,0,60,0,0,,0,,
3216,Monster,6131,LuSeXiNiao,100,Trân Tê Điểu Biến Dị,PetHeader3_19,55,70,Hater,1614,722,1614,722,46600,784,106,5,5,100,0,60,0,0,0,60,0,0,0,60,0,0,0,60,0,0,,0,,
3217,Monster,6132,LuSeXiNiao,100,Trân Tê Điểu Biến Dị,PetHeader3_19,55,70,Hater,1614,722,1614,722,46600,784,106,5,5,100,0,60,0,0,0,60,0,0,0,60,0,0,0,60,0,0,,0,,
3218,Monster,6133,LuSeXiNiao,100,Trân Tê Điểu Biến Dị,PetHeader3_19,55,70,Hater,1614,722,1614,722,46600,784,106,5,5,100,0,60,0,0,0,60,0,0,0,60,0,0,0,60,0,0,,0,,
3219,Monster,6134,LuSeXiNiao,100,Trân Tê Điểu Biến Dị,PetHeader3_19,55,70,Hater,1614,722,1614,722,46600,784,106,5,5,100,0,60,0,0,0,60,0,0,0,60,0,0,0,60,0,0,,0,,
3220,Monster,6139,HeiSeXiNiao,100,Trân Tê Điểu Bảo Bảo,PetHeader3_19,55,70,Hater,1614,722,1614,722,46600,784,106,5,5,100,0,60,0,0,0,60,0,0,0,60,0,0,0,60,0,0,,0,,
3221,Monster,6140,HeiSeXiNiao,100,Siêu Tê Điểu Trưởng Thành,PetHeader3_19,65,91,Hater,1905,852,1905,852,60500,1058,126,6,6,100,0,60,0,0,0,60,0,0,0,60,0,0,0,60,0,0,,0,,
3222,Monster,6141,LuSeXiNiao,100,Siêu Tê Điểu Biến Dị,PetHeader3_19,65,91,Hater,1905,852,1905,852,60500,1058,126,6,6,100,0,60,0,0,0,60,0,0,0,60,0,0,0,60,0,0,,0,,
3223,Monster,6142,LuSeXiNiao,100,Siêu Tê Điểu Biến Dị,PetHeader3_19,65,91,Hater,1905,852,1905,852,60500,1058,126,6,6,100,0,60,0,0,0,60,0,0,0,60,0,0,0,60,0,0,,0,,
3224,Monster,6143,LuSeXiNiao,100,Siêu Tê Điểu Biến Dị,PetHeader3_19,65,91,Hater,1905,852,1905,852,60500,1058,126,6,6,100,0,60,0,0,0,60,0,0,0,60,0,0,0,60,0,0,,0,,
3225,Monster,6144,LuSeXiNiao,100,Siêu Tê Điểu Biến Dị,PetHeader3_19,65,91,Hater,1905,852,1905,852,60500,1058,126,6,6,100,0,60,0,0,0,60,0,0,0,60,0,0,0,60,0,0,,0,,
3226,Monster,6145,LuSeXiNiao,100,Siêu Tê Điểu Biến Dị,PetHeader3_19,65,91,Hater,1905,852,1905,852,60500,1058,126,6,6,100,0,60,0,0,0,60,0,0,0,60,0,0,0,60,0,0,,0,,
3227,Monster,6149,HeiSeXiNiao,100,Siêu Tê Điểu Bảo Bảo,PetHeader3_19,65,91,Hater,1905,852,1905,852,60500,1058,126,6,6,100,0,60,0,0,0,60,0,0,0,60,0,0,0,60,0,0,,0,,
3228,Monster,6150,HeiSeXiNiao,100,Thần Tê Điểu Trưởng Thành,PetHeader3_19,75,113,Hater,2196,982,2196,982,76080,1372,145,7,7,100,0,60,0,0,0,60,0,0,0,60,0,0,0,60,0,0,,0,,
3229,Monster,6151,LuSeXiNiao,100,Thần Tê Điểu Biến Dị,PetHeader3_19,75,113,Hater,2196,982,2196,982,76080,1372,145,7,7,100,0,60,0,0,0,60,0,0,0,60,0,0,0,60,0,0,,0,,
3230,Monster,6152,LuSeXiNiao,100,Thần Tê Điểu Biến Dị,PetHeader3_19,75,113,Hater,2196,982,2196,982,76080,1372,145,7,7,100,0,60,0,0,0,60,0,0,0,60,0,0,0,60,0,0,,0,,
3231,Monster,6153,LuSeXiNiao,100,Thần Tê Điểu Biến Dị,PetHeader3_19,75,113,Hater,2196,982,2196,982,76080,1372,145,7,7,100,0,60,0,0,0,60,0,0,0,60,0,0,0,60,0,0,,0,,
3232,Monster,6154,LuSeXiNiao,100,Thần Tê Điểu Biến Dị,PetHeader3_19,75,113,Hater,2196,982,2196,982,76080,1372,145,7,7,100,0,60,0,0,0,60,0,0,0,60,0,0,0,60,0,0,,0,,
3233,Monster,6155,LuSeXiNiao,100,Thần Tê Điểu Biến Dị,PetHeader3_19,75,113,Hater,2196,982,2196,982,76080,1372,145,7,7,100,0,60,0,0,0,60,0,0,0,60,0,0,0,60,0,0,,0,,
3234,Monster,6156,LuSeXiNiao,100,Thần Tê Điểu Biến Dị,PetHeader3_19,75,113,Hater,2196,982,2196,982,76080,1372,145,7,7,100,0,60,0,0,0,60,0,0,0,60,0,0,0,60,0,0,,0,,
3235,Monster,6159,HeiSeXiNiao,100,Thần Tê Điểu Bảo Bảo,PetHeader3_19,75,113,Hater,2196,982,2196,982,76080,1372,145,7,7,100,0,60,0,0,0,60,0,0,0,60,0,0,0,60,0,0,,0,,
3236,Monster,6160,LanBaiXiongMao,100,Hùng Miêu Trưởng Thành,PetHeader2_22,35,37,Hater,983,461,983,461,23840,395,68,3,3,100,0,60,0,0,0,60,0,0,0,60,0,0,0,60,0,0,,0,,
3237,Monster,6161,HongBaiXiongMao,100,Hùng Miêu Biến Dị,PetHeader2_22,35,37,Hater,983,461,983,461,23840,395,68,3,3,100,0,60,0,0,0,60,0,0,0,60,0,0,0,60,0,0,,0,,
3238,Monster,6162,HongBaiXiongMao,100,Hùng Miêu Biến Dị,PetHeader2_22,35,37,Hater,983,461,983,461,23840,395,68,3,3,100,0,60,0,0,0,60,0,0,0,60,0,0,0,60,0,0,,0,,
3239,Monster,6169,LanBaiXiongMao,100,Hùng Miêu Bảo Bảo,PetHeader2_22,35,37,Hater,983,461,983,461,23840,395,68,3,3,100,0,60,0,0,0,60,0,0,0,60,0,0,0,60,0,0,,0,,
3240,Monster,6170,LanBaiXiongMao,100,Cường Hùng Miêu Trưởng Thành,PetHeader2_22,45,52,Hater,1260,592,1260,592,34380,551,87,4,4,100,0,60,0,0,0,60,0,0,0,60,0,0,0,60,0,0,,0,,
3241,Monster,6171,HongBaiXiongMao,100,Cường Hùng Miêu Biến Dị,PetHeader2_22,45,52,Hater,1260,592,1260,592,34380,551,87,4,4,100,0,60,0,0,0,60,0,0,0,60,0,0,0,60,0,0,,0,,
3242,Monster,6172,HongBaiXiongMao,100,Cường Hùng Miêu Biến Dị,PetHeader2_22,45,52,Hater,1260,592,1260,592,34380,551,87,4,4,100,0,60,0,0,0,60,0,0,0,60,0,0,0,60,0,0,,0,,
3243,Monster,6173,HongBaiXiongMao,100,Cường Hùng Miêu Biến Dị,PetHeader2_22,45,52,Hater,1260,592,1260,592,34380,551,87,4,4,100,0,60,0,0,0,60,0,0,0,60,0,0,0,60,0,0,,0,,
3244,Monster,6179,LanBaiXiongMao,100,Cường Hùng Miêu Bảo Bảo,PetHeader2_22,45,52,Hater,1260,592,1260,592,34380,551,87,4,4,100,0,60,0,0,0,60,0,0,0,60,0,0,0,60,0,0,,0,,
3245,Monster,6180,LanBaiXiongMao,100,Trân Hùng Miêu Trưởng Thành,PetHeader2_22,55,70,Hater,1614,722,1614,722,46600,784,106,5,5,100,0,60,0,0,0,60,0,0,0,60,0,0,0,60,0,0,,0,,
3246,Monster,6181,HongBaiXiongMao,100,Trân Hùng Miêu Biến Dị,PetHeader2_22,55,70,Hater,1614,722,1614,722,46600,784,106,5,5,100,0,60,0,0,0,60,0,0,0,60,0,0,0,60,0,0,,0,,
3247,Monster,6182,HongBaiXiongMao,100,Trân Hùng Miêu Biến Dị,PetHeader2_22,55,70,Hater,1614,722,1614,722,46600,784,106,5,5,100,0,60,0,0,0,60,0,0,0,60,0,0,0,60,0,0,,0,,
3248,Monster,6183,HongBaiXiongMao,100,Trân Hùng Miêu Biến Dị,PetHeader2_22,55,70,Hater,1614,722,1614,722,46600,784,106,5,5,100,0,60,0,0,0,60,0,0,0,60,0,0,0,60,0,0,,0,,
3249,Monster,6184,HongBaiXiongMao,100,Trân Hùng Miêu Biến Dị,PetHeader2_22,55,70,Hater,1614,722,1614,722,46600,784,106,5,5,100,0,60,0,0,0,60,0,0,0,60,0,0,0,60,0,0,,0,,
3250,Monster,6189,LanBaiXiongMao,100,Trân Hùng Miêu Bảo Bảo,PetHeader2_22,55,70,Hater,1614,722,1614,722,46600,784,106,5,5,100,0,60,0,0,0,60,0,0,0,60,0,0,0,60,0,0,,0,,
3251,Monster,6190,LanBaiXiongMao,100,Siêu Hùng Miêu Trưởng Thành,PetHeader2_22,65,91,Hater,1905,852,1905,852,60500,1058,126,6,6,100,0,60,0,0,0,60,0,0,0,60,0,0,0,60,0,0,,0,,
3252,Monster,6191,HongBaiXiongMao,100,Siêu Hùng Miêu Biến Dị,PetHeader2_22,65,91,Hater,1905,852,1905,852,60500,1058,126,6,6,100,0,60,0,0,0,60,0,0,0,60,0,0,0,60,0,0,,0,,
3253,Monster,6192,HongBaiXiongMao,100,Siêu Hùng Miêu Biến Dị,PetHeader2_22,65,91,Hater,1905,852,1905,852,60500,1058,126,6,6,100,0,60,0,0,0,60,0,0,0,60,0,0,0,60,0,0,,0,,
3254,Monster,6193,HongBaiXiongMao,100,Siêu Hùng Miêu Biến Dị,PetHeader2_22,65,91,Hater,1905,852,1905,852,60500,1058,126,6,6,100,0,60,0,0,0,60,0,0,0,60,0,0,0,60,0,0,,0,,
3255,Monster,6194,HongBaiXiongMao,100,Siêu Hùng Miêu Biến Dị,PetHeader2_22,65,91,Hater,1905,852,1905,852,60500,1058,126,6,6,100,0,60,0,0,0,60,0,0,0,60,0,0,0,60,0,0,,0,,
3256,Monster,6195,HongBaiXiongMao,100,Siêu Hùng Miêu Biến Dị,PetHeader2_22,65,91,Hater,1905,852,1905,852,60500,1058,126,6,6,100,0,60,0,0,0,60,0,0,0,60,0,0,0,60,0,0,,0,,
3257,Monster,6199,LanBaiXiongMao,100,Siêu Hùng Miêu Bảo Bảo,PetHeader2_22,65,91,Hater,1905,852,1905,852,60500,1058,126,6,6,100,0,60,0,0,0,60,0,0,0,60,0,0,0,60,0,0,,0,,
3258,Monster,6200,LanBaiXiongMao,100,Thần Hùng Miêu Trưởng Thành,PetHeader2_22,75,113,Hater,2196,982,2196,982,76080,1372,145,7,7,100,0,60,0,0,0,60,0,0,0,60,0,0,0,60,0,0,,0,,
3259,Monster,6201,HongBaiXiongMao,100,Thần Hùng Miêu Biến Dị,PetHeader2_22,75,113,Hater,2196,982,2196,982,76080,1372,145,7,7,100,0,60,0,0,0,60,0,0,0,60,0,0,0,60,0,0,,0,,
3260,Monster,6202,HongBaiXiongMao,100,Thần Hùng Miêu Biến Dị,PetHeader2_22,75,113,Hater,2196,982,2196,982,76080,1372,145,7,7,100,0,60,0,0,0,60,0,0,0,60,0,0,0,60,0,0,,0,,
3261,Monster,6203,HongBaiXiongMao,100,Thần Hùng Miêu Biến Dị,PetHeader2_22,75,113,Hater,2196,982,2196,982,76080,1372,145,7,7,100,0,60,0,0,0,60,0,0,0,60,0,0,0,60,0,0,,0,,
3262,Monster,6204,HongBaiXiongMao,100,Thần Hùng Miêu Biến Dị,PetHeader2_22,75,113,Hater,2196,982,2196,982,76080,1372,145,7,7,100,0,60,0,0,0,60,0,0,0,60,0,0,0,60,0,0,,0,,
3263,Monster,6205,HongBaiXiongMao,100,Thần Hùng Miêu Biến Dị,PetHeader2_22,75,113,Hater,2196,982,2196,982,76080,1372,145,7,7,100,0,60,0,0,0,60,0,0,0,60,0,0,0,60,0,0,,0,,
3264,Monster,6206,HongBaiXiongMao,100,Thần Hùng Miêu Biến Dị,PetHeader2_22,75,113,Hater,2196,982,2196,982,76080,1372,145,7,7,100,0,60,0,0,0,60,0,0,0,60,0,0,0,60,0,0,,0,,
3265,Monster,6209,LanBaiXiongMao,100,Thần Hùng Miêu Bảo Bảo,PetHeader2_22,75,113,Hater,2196,982,2196,982,76080,1372,145,7,7,100,0,60,0,0,0,60,0,0,0,60,0,0,0,60,0,0,,0,,
3266,Monster,6210,LuChongWuPangXie,100,Bàng Giải Trưởng Thành,PetHeader3_23,35,37,Hater,983,461,983,461,23840,395,68,3,3,100,0,60,0,0,0,60,0,0,0,60,0,0,0,60,0,0,,0,,
3267,Monster,6211,HongChongWuPangXie,100,Bàng Giải Biến Dị,PetHeader3_23,35,37,Hater,983,461,983,461,23840,395,68,3,3,100,0,60,0,0,0,60,0,0,0,60,0,0,0,60,0,0,,0,,
3268,Monster,6212,HongChongWuPangXie,100,Bàng Giải Biến Dị,PetHeader3_23,35,37,Hater,983,461,983,461,23840,395,68,3,3,100,0,60,0,0,0,60,0,0,0,60,0,0,0,60,0,0,,0,,
3269,Monster,6219,LuChongWuPangXie,100,Bàng Giải Bảo Bảo,PetHeader3_23,35,37,Hater,983,461,983,461,23840,395,68,3,3,100,0,60,0,0,0,60,0,0,0,60,0,0,0,60,0,0,,0,,
3270,Monster,6220,LuChongWuPangXie,100,Thanh Giải Trưởng Thành,PetHeader3_23,45,52,Hater,1260,592,1260,592,34380,551,87,4,4,100,0,60,0,0,0,60,0,0,0,60,0,0,0,60,0,0,,0,,
3271,Monster,6221,HongChongWuPangXie,100,Thanh Giải Biến Dị,PetHeader3_23,45,52,Hater,1260,592,1260,592,34380,551,87,4,4,100,0,60,0,0,0,60,0,0,0,60,0,0,0,60,0,0,,0,,
3272,Monster,6222,HongChongWuPangXie,100,Thanh Giải Biến Dị,PetHeader3_23,45,52,Hater,1260,592,1260,592,34380,551,87,4,4,100,0,60,0,0,0,60,0,0,0,60,0,0,0,60,0,0,,0,,
3273,Monster,6223,HongChongWuPangXie,100,Thanh Giải Biến Dị,PetHeader3_23,45,52,Hater,1260,592,1260,592,34380,551,87,4,4,100,0,60,0,0,0,60,0,0,0,60,0,0,0,60,0,0,,0,,
3274,Monster,6229,LuChongWuPangXie,100,Thanh Giải Bảo Bảo,PetHeader3_23,45,52,Hater,1260,592,1260,592,34380,551,87,4,4,100,0,60,0,0,0,60,0,0,0,60,0,0,0,60,0,0,,0,,
3275,Monster,6230,LuChongWuPangXie,100,Đại Áp Giải Trưởng Thành,PetHeader3_23,55,70,Hater,1614,722,1614,722,46600,784,106,5,5,100,0,60,0,0,0,60,0,0,0,60,0,0,0,60,0,0,,0,,
3276,Monster,6231,HongChongWuPangXie,100,Đại Áp Giải Biến Dị,PetHeader3_23,55,70,Hater,1614,722,1614,722,46600,784,106,5,5,100,0,60,0,0,0,60,0,0,0,60,0,0,0,60,0,0,,0,,
3277,Monster,6232,HongChongWuPangXie,100,Đại Áp Giải Biến Dị,PetHeader3_23,55,70,Hater,1614,722,1614,722,46600,784,106,5,5,100,0,60,0,0,0,60,0,0,0,60,0,0,0,60,0,0,,0,,
3278,Monster,6233,HongChongWuPangXie,100,Đại Áp Giải Biến Dị,PetHeader3_23,55,70,Hater,1614,722,1614,722,46600,784,106,5,5,100,0,60,0,0,0,60,0,0,0,60,0,0,0,60,0,0,,0,,
3279,Monster,6234,HongChongWuPangXie,100,Đại Áp Giải Biến Dị,PetHeader3_23,55,70,Hater,1614,722,1614,722,46600,784,106,5,5,100,0,60,0,0,0,60,0,0,0,60,0,0,0,60,0,0,,0,,
3280,Monster,6239,LuChongWuPangXie,100,Đại Áp Giải Bảo Bảo,PetHeader3_23,55,70,Hater,1614,722,1614,722,46600,784,106,5,5,100,0,60,0,0,0,60,0,0,0,60,0,0,0,60,0,0,,0,,
3281,Monster,6240,LuChongWuPangXie,100,Triều Hành Giải Trưởng thành,PetHeader3_23,65,91,Hater,1905,852,1905,852,60500,1058,126,6,6,100,0,60,0,0,0,60,0,0,0,60,0,0,0,60,0,0,,0,,
3282,Monster,6241,HongChongWuPangXie,100,Triều Hành Giải Biến Dị,PetHeader3_23,65,91,Hater,1905,852,1905,852,60500,1058,126,6,6,100,0,60,0,0,0,60,0,0,0,60,0,0,0,60,0,0,,0,,
3283,Monster,6242,HongChongWuPangXie,100,Triều Hành Giải Biến Dị,PetHeader3_23,65,91,Hater,1905,852,1905,852,60500,1058,126,6,6,100,0,60,0,0,0,60,0,0,0,60,0,0,0,60,0,0,,0,,
3284,Monster,6243,HongChongWuPangXie,100,Triều Hành Giải Biến Dị,PetHeader3_23,65,91,Hater,1905,852,1905,852,60500,1058,126,6,6,100,0,60,0,0,0,60,0,0,0,60,0,0,0,60,0,0,,0,,
3285,Monster,6244,HongChongWuPangXie,100,Triều Hành Giải Biến Dị,PetHeader3_23,65,91,Hater,1905,852,1905,852,60500,1058,126,6,6,100,0,60,0,0,0,60,0,0,0,60,0,0,0,60,0,0,,0,,
3286,Monster,6245,HongChongWuPangXie,100,Triều Hành Giải Biến Dị,PetHeader3_23,65,91,Hater,1905,852,1905,852,60500,1058,126,6,6,100,0,60,0,0,0,60,0,0,0,60,0,0,0,60,0,0,,0,,
3287,Monster,6249,LuChongWuPangXie,100,Triều Hành Giải Bảo Bảo,PetHeader3_23,65,91,Hater,1905,852,1905,852,60500,1058,126,6,6,100,0,60,0,0,0,60,0,0,0,60,0,0,0,60,0,0,,0,,
3288,Monster,6250,LuChongWuPangXie,100,Nhung Ngao Giải Trưởng Thành,PetHeader3_23,75,113,Hater,2196,982,2196,982,76080,1372,145,7,7,100,0,60,0,0,0,60,0,0,0,60,0,0,0,60,0,0,,0,,
3289,Monster,6251,HongChongWuPangXie,100,Nhung Ngao Giải Biến Dị,PetHeader3_23,75,113,Hater,2196,982,2196,982,76080,1372,145,7,7,100,0,60,0,0,0,60,0,0,0,60,0,0,0,60,0,0,,0,,
3290,Monster,6252,HongChongWuPangXie,100,Nhung Ngao Giải Biến Dị,PetHeader3_23,75,113,Hater,2196,982,2196,982,76080,1372,145,7,7,100,0,60,0,0,0,60,0,0,0,60,0,0,0,60,0,0,,0,,
3291,Monster,6253,HongChongWuPangXie,100,Nhung Ngao Giải Biến Dị,PetHeader3_23,75,113,Hater,2196,982,2196,982,76080,1372,145,7,7,100,0,60,0,0,0,60,0,0,0,60,0,0,0,60,0,0,,0,,
3292,Monster,6254,HongChongWuPangXie,100,Nhung Ngao Giải Biến Dị,PetHeader3_23,75,113,Hater,2196,982,2196,982,76080,1372,145,7,7,100,0,60,0,0,0,60,0,0,0,60,0,0,0,60,0,0,,0,,
3293,Monster,6255,HongChongWuPangXie,100,Nhung Ngao Giải Biến Dị,PetHeader3_23,75,113,Hater,2196,982,2196,982,76080,1372,145,7,7,100,0,60,0,0,0,60,0,0,0,60,0,0,0,60,0,0,,0,,
3294,Monster,6256,HongChongWuPangXie,100,Nhung Ngao Giải Biến Dị,PetHeader3_23,75,113,Hater,2196,982,2196,982,76080,1372,145,7,7,100,0,60,0,0,0,60,0,0,0,60,0,0,0,60,0,0,,0,,
3295,Monster,6259,LuChongWuPangXie,100,Nhung Ngao Giải Bảo Bảo,PetHeader3_23,75,113,Hater,2196,982,2196,982,76080,1372,145,7,7,100,0,60,0,0,0,60,0,0,0,60,0,0,0,60,0,0,,0,,
3296,Monster,6260,HuangSeChongWuHuDie,100,Phấn Điệp Trưởng Thành,PetHeader3_24,35,37,Hater,983,461,983,461,23840,395,68,3,3,100,0,60,0,0,0,60,0,0,0,60,0,0,0,60,0,0,,0,,
3297,Monster,6261,LanSeChongWuHuDie,100,Phấn Điệp Biến Dị,PetHeader3_24,35,37,Hater,983,461,983,461,23840,395,68,3,3,100,0,60,0,0,0,60,0,0,0,60,0,0,0,60,0,0,,0,,
3298,Monster,6262,LanSeChongWuHuDie,100,Phấn Điệp Biến Dị,PetHeader3_24,35,37,Hater,983,461,983,461,23840,395,68,3,3,100,0,60,0,0,0,60,0,0,0,60,0,0,0,60,0,0,,0,,
3299,Monster,6269,HuangSeChongWuHuDie,100,Phấn Điệp Bảo Bảo,PetHeader3_24,35,37,Hater,983,461,983,461,23840,395,68,3,3,100,0,60,0,0,0,60,0,0,0,60,0,0,0,60,0,0,,0,,
3300,Monster,6270,HuangSeChongWuHuDie,100,Ban Điệp Trưởng Thành,PetHeader3_24,45,52,Hater,1260,592,1260,592,34380,551,87,4,4,100,0,60,0,0,0,60,0,0,0,60,0,0,0,60,0,0,,0,,
3301,Monster,6271,LanSeChongWuHuDie,100,Ban Điệp Biến Dị,PetHeader3_24,45,52,Hater,1260,592,1260,592,34380,551,87,4,4,100,0,60,0,0,0,60,0,0,0,60,0,0,0,60,0,0,,0,,
3302,Monster,6272,LanSeChongWuHuDie,100,Ban Điệp Biến Dị,PetHeader3_24,45,52,Hater,1260,592,1260,592,34380,551,87,4,4,100,0,60,0,0,0,60,0,0,0,60,0,0,0,60,0,0,,0,,
3303,Monster,6273,LanSeChongWuHuDie,100,Ban Điệp Biến Dị,PetHeader3_24,45,52,Hater,1260,592,1260,592,34380,551,87,4,4,100,0,60,0,0,0,60,0,0,0,60,0,0,0,60,0,0,,0,,
3304,Monster,6279,HuangSeChongWuHuDie,100,Ban Điệp Bảo Bảo,PetHeader3_24,45,52,Hater,1260,592,1260,592,34380,551,87,4,4,100,0,60,0,0,0,60,0,0,0,60,0,0,0,60,0,0,,0,,
3305,Monster,6280,HuangSeChongWuHuDie,100,Quyên Điệp Trưởng Thành,PetHeader3_24,55,70,Hater,1614,722,1614,722,46600,784,106,5,5,100,0,60,0,0,0,60,0,0,0,60,0,0,0,60,0,0,,0,,
3306,Monster,6281,LanSeChongWuHuDie,100,Quyên Điệp Biến Dị,PetHeader3_24,55,70,Hater,1614,722,1614,722,46600,784,106,5,5,100,0,60,0,0,0,60,0,0,0,60,0,0,0,60,0,0,,0,,
3307,Monster,6282,LanSeChongWuHuDie,100,Quyên Điệp Biến Dị,PetHeader3_24,55,70,Hater,1614,722,1614,722,46600,784,106,5,5,100,0,60,0,0,0,60,0,0,0,60,0,0,0,60,0,0,,0,,
3308,Monster,6283,LanSeChongWuHuDie,100,Quyên Điệp Biến Dị,PetHeader3_24,55,70,Hater,1614,722,1614,722,46600,784,106,5,5,100,0,60,0,0,0,60,0,0,0,60,0,0,0,60,0,0,,0,,
3309,Monster,6284,LanSeChongWuHuDie,100,Quyên Điệp Biến Dị,PetHeader3_24,55,70,Hater,1614,722,1614,722,46600,784,106,5,5,100,0,60,0,0,0,60,0,0,0,60,0,0,0,60,0,0,,0,,
3310,Monster,6289,HuangSeChongWuHuDie,100,Quyên Điệp Bảo Bảo,PetHeader3_24,55,70,Hater,1614,722,1614,722,46600,784,106,5,5,100,0,60,0,0,0,60,0,0,0,60,0,0,0,60,0,0,,0,,
3311,Monster,6290,HuangSeChongWuHuDie,100,Hoàn Điệp Trưởng Thành,PetHeader3_24,65,91,Hater,1905,852,1905,852,60500,1058,126,6,6,100,0,60,0,0,0,60,0,0,0,60,0,0,0,60,0,0,,0,,
3312,Monster,6291,LanSeChongWuHuDie,100,Hoàn Điệp Biến Dị,PetHeader3_24,65,91,Hater,1905,852,1905,852,60500,1058,126,6,6,100,0,60,0,0,0,60,0,0,0,60,0,0,0,60,0,0,,0,,
3313,Monster,6292,LanSeChongWuHuDie,100,Hoàn Điệp Biến Dị,PetHeader3_24,65,91,Hater,1905,852,1905,852,60500,1058,126,6,6,100,0,60,0,0,0,60,0,0,0,60,0,0,0,60,0,0,,0,,
3314,Monster,6293,LanSeChongWuHuDie,100,Hoàn Điệp Biến Dị,PetHeader3_24,65,91,Hater,1905,852,1905,852,60500,1058,126,6,6,100,0,60,0,0,0,60,0,0,0,60,0,0,0,60,0,0,,0,,
3315,Monster,6294,LanSeChongWuHuDie,100,Hoàn Điệp Biến Dị,PetHeader3_24,65,91,Hater,1905,852,1905,852,60500,1058,126,6,6,100,0,60,0,0,0,60,0,0,0,60,0,0,0,60,0,0,,0,,
3316,Monster,6295,LanSeChongWuHuDie,100,Hoàn Điệp Biến Dị,PetHeader3_24,65,91,Hater,1905,852,1905,852,60500,1058,126,6,6,100,0,60,0,0,0,60,0,0,0,60,0,0,0,60,0,0,,0,,
3317,Monster,6299,HuangSeChongWuHuDie,100,Hoàn Điệp Bảo Bảo,PetHeader3_24,65,91,Hater,1905,852,1905,852,60500,1058,126,6,6,100,0,60,0,0,0,60,0,0,0,60,0,0,0,60,0,0,,0,,
3318,Monster,6300,HuangSeChongWuHuDie,100,Vĩ Điệp Trưởng Thành,PetHeader3_24,75,113,Hater,2196,982,2196,982,76080,1372,145,7,7,100,0,60,0,0,0,60,0,0,0,60,0,0,0,60,0,0,,0,,
3319,Monster,6301,LanSeChongWuHuDie,100,Vĩ Điệp Biến Dị,PetHeader3_24,75,113,Hater,2196,982,2196,982,76080,1372,145,7,7,100,0,60,0,0,0,60,0,0,0,60,0,0,0,60,0,0,,0,,
3320,Monster,6302,LanSeChongWuHuDie,100,Vĩ Điệp Biến Dị,PetHeader3_24,75,113,Hater,2196,982,2196,982,76080,1372,145,7,7,100,0,60,0,0,0,60,0,0,0,60,0,0,0,60,0,0,,0,,
3321,Monster,6303,LanSeChongWuHuDie,100,Vĩ Điệp Biến Dị,PetHeader3_24,75,113,Hater,2196,982,2196,982,76080,1372,145,7,7,100,0,60,0,0,0,60,0,0,0,60,0,0,0,60,0,0,,0,,
3322,Monster,6304,LanSeChongWuHuDie,100,Vĩ Điệp Biến Dị,PetHeader3_24,75,113,Hater,2196,982,2196,982,76080,1372,145,7,7,100,0,60,0,0,0,60,0,0,0,60,0,0,0,60,0,0,,0,,
3323,Monster,6305,LanSeChongWuHuDie,100,Vĩ Điệp Biến Dị,PetHeader3_24,75,113,Hater,2196,982,2196,982,76080,1372,145,7,7,100,0,60,0,0,0,60,0,0,0,60,0,0,0,60,0,0,,0,,
3324,Monster,6306,LanSeChongWuHuDie,100,Vĩ Điệp Biến Dị,PetHeader3_24,75,113,Hater,2196,982,2196,982,76080,1372,145,7,7,100,0,60,0,0,0,60,0,0,0,60,0,0,0,60,0,0,,0,,
3325,Monster,6309,HuangSeChongWuHuDie,100,Vĩ Điệp Bảo Bảo,PetHeader3_24,75,113,Hater,2196,982,2196,982,76080,1372,145,7,7,100,0,60,0,0,0,60,0,0,0,60,0,0,0,60,0,0,,0,,
3326,Monster,6310,HuangChongWuGuaNiu,100,Oa Ngưu Trưởng Thành,PetHeader3_22,35,37,Hater,983,461,983,461,23840,395,68,3,3,100,0,60,0,0,0,60,0,0,0,60,0,0,0,60,0,0,,0,,
3327,Monster,6311,LanChongWuGuaNiu,100,Oa Ngưu Biến Dị,PetHeader3_22,35,37,Hater,983,461,983,461,23840,395,68,3,3,100,0,60,0,0,0,60,0,0,0,60,0,0,0,60,0,0,,0,,
3328,Monster,6312,LanChongWuGuaNiu,100,Oa Ngưu Biến Dị,PetHeader3_22,35,37,Hater,983,461,983,461,23840,395,68,3,3,100,0,60,0,0,0,60,0,0,0,60,0,0,0,60,0,0,,0,,
3329,Monster,6319,HuangChongWuGuaNiu,100,Oa Ngưu Bảo Bảo,PetHeader3_22,35,37,Hater,983,461,983,461,23840,395,68,3,3,100,0,60,0,0,0,60,0,0,0,60,0,0,0,60,0,0,,0,,
3330,Monster,6320,HuangChongWuGuaNiu,100,Tráng Oa Ngưu Trưởng Thành,PetHeader3_22,45,52,Hater,1260,592,1260,592,34380,551,87,4,4,100,0,60,0,0,0,60,0,0,0,60,0,0,0,60,0,0,,0,,
3331,Monster,6321,LanChongWuGuaNiu,100,Tráng Oa Ngưu Biến Dị,PetHeader3_22,45,52,Hater,1260,592,1260,592,34380,551,87,4,4,100,0,60,0,0,0,60,0,0,0,60,0,0,0,60,0,0,,0,,
3332,Monster,6322,LanChongWuGuaNiu,100,Tráng Oa Ngưu Biến Dị,PetHeader3_22,45,52,Hater,1260,592,1260,592,34380,551,87,4,4,100,0,60,0,0,0,60,0,0,0,60,0,0,0,60,0,0,,0,,
3333,Monster,6323,LanChongWuGuaNiu,100,Tráng Oa Ngưu Biến Dị,PetHeader3_22,45,52,Hater,1260,592,1260,592,34380,551,87,4,4,100,0,60,0,0,0,60,0,0,0,60,0,0,0,60,0,0,,0,,
3334,Monster,6329,HuangChongWuGuaNiu,100,Tráng Oa Ngưu Bảo Bảo,PetHeader3_22,45,52,Hater,1260,592,1260,592,34380,551,87,4,4,100,0,60,0,0,0,60,0,0,0,60,0,0,0,60,0,0,,0,,
3335,Monster,6330,HuangChongWuGuaNiu,100,Trân Oa Ngưu Trưởng Thành,PetHeader3_22,55,70,Hater,1614,722,1614,722,46600,784,106,5,5,100,0,60,0,0,0,60,0,0,0,60,0,0,0,60,0,0,,0,,
3336,Monster,6331,LanChongWuGuaNiu,100,Trân Oa Ngưu Biến Dị,PetHeader3_22,55,70,Hater,1614,722,1614,722,46600,784,106,5,5,100,0,60,0,0,0,60,0,0,0,60,0,0,0,60,0,0,,0,,
3337,Monster,6332,LanChongWuGuaNiu,100,Trân Oa Ngưu Biến Dị,PetHeader3_22,55,70,Hater,1614,722,1614,722,46600,784,106,5,5,100,0,60,0,0,0,60,0,0,0,60,0,0,0,60,0,0,,0,,
3338,Monster,6333,LanChongWuGuaNiu,100,Trân Oa Ngưu Biến Dị,PetHeader3_22,55,70,Hater,1614,722,1614,722,46600,784,106,5,5,100,0,60,0,0,0,60,0,0,0,60,0,0,0,60,0,0,,0,,
3339,Monster,6334,LanChongWuGuaNiu,100,Trân Oa Ngưu Biến Dị,PetHeader3_22,55,70,Hater,1614,722,1614,722,46600,784,106,5,5,100,0,60,0,0,0,60,0,0,0,60,0,0,0,60,0,0,,0,,
3340,Monster,6339,HuangChongWuGuaNiu,100,Trân Oa Ngưu Bảo Bảo,PetHeader3_22,55,70,Hater,1614,722,1614,722,46600,784,106,5,5,100,0,60,0,0,0,60,0,0,0,60,0,0,0,60,0,0,,0,,
3341,Monster,6340,HuangChongWuGuaNiu,100,Siêu Oa Ngưu Trưởng Thành,PetHeader3_22,65,91,Hater,1905,852,1905,852,60500,1058,126,6,6,100,0,60,0,0,0,60,0,0,0,60,0,0,0,60,0,0,,0,,
3342,Monster,6341,LanChongWuGuaNiu,100,Siêu Oa Ngưu Biến Dị,PetHeader3_22,65,91,Hater,1905,852,1905,852,60500,1058,126,6,6,100,0,60,0,0,0,60,0,0,0,60,0,0,0,60,0,0,,0,,
3343,Monster,6342,LanChongWuGuaNiu,100,Siêu Oa Ngưu Biến Dị,PetHeader3_22,65,91,Hater,1905,852,1905,852,60500,1058,126,6,6,100,0,60,0,0,0,60,0,0,0,60,0,0,0,60,0,0,,0,,
3344,Monster,6343,LanChongWuGuaNiu,100,Siêu Oa Ngưu Biến Dị,PetHeader3_22,65,91,Hater,1905,852,1905,852,60500,1058,126,6,6,100,0,60,0,0,0,60,0,0,0,60,0,0,0,60,0,0,,0,,
3345,Monster,6344,LanChongWuGuaNiu,100,Siêu Oa Ngưu Biến Dị,PetHeader3_22,65,91,Hater,1905,852,1905,852,60500,1058,126,6,6,100,0,60,0,0,0,60,0,0,0,60,0,0,0,60,0,0,,0,,
3346,Monster,6345,LanChongWuGuaNiu,100,Siêu Oa Ngưu Biến Dị,PetHeader3_22,65,91,Hater,1905,852,1905,852,60500,1058,126,6,6,100,0,60,0,0,0,60,0,0,0,60,0,0,0,60,0,0,,0,,
3347,Monster,6349,HuangChongWuGuaNiu,100,Siêu Oa Ngưu Bảo Bảo,PetHeader3_22,65,91,Hater,1905,852,1905,852,60500,1058,126,6,6,100,0,60,0,0,0,60,0,0,0,60,0,0,0,60,0,0,,0,,
3348,Monster,6350,HuangChongWuGuaNiu,100,Thần Oa Ngưu Trưởng Thành,PetHeader3_22,75,113,Hater,2196,982,2196,982,76080,1372,145,7,7,100,0,60,0,0,0,60,0,0,0,60,0,0,0,60,0,0,,0,,
3349,Monster,6351,LanChongWuGuaNiu,100,Thần Oa Ngưu Biến Dị,PetHeader3_22,75,113,Hater,2196,982,2196,982,76080,1372,145,7,7,100,0,60,0,0,0,60,0,0,0,60,0,0,0,60,0,0,,0,,
3350,Monster,6352,LanChongWuGuaNiu,100,Thần Oa Ngưu Biến Dị,PetHeader3_22,75,113,Hater,2196,982,2196,982,76080,1372,145,7,7,100,0,60,0,0,0,60,0,0,0,60,0,0,0,60,0,0,,0,,
3351,Monster,6353,LanChongWuGuaNiu,100,Thần Oa Ngưu Biến Dị,PetHeader3_22,75,113,Hater,2196,982,2196,982,76080,1372,145,7,7,100,0,60,0,0,0,60,0,0,0,60,0,0,0,60,0,0,,0,,
3352,Monster,6354,LanChongWuGuaNiu,100,Thần Oa Ngưu Biến Dị,PetHeader3_22,75,113,Hater,2196,982,2196,982,76080,1372,145,7,7,100,0,60,0,0,0,60,0,0,0,60,0,0,0,60,0,0,,0,,
3353,Monster,6355,LanChongWuGuaNiu,100,Thần Oa Ngưu Biến Dị,PetHeader3_22,75,113,Hater,2196,982,2196,982,76080,1372,145,7,7,100,0,60,0,0,0,60,0,0,0,60,0,0,0,60,0,0,,0,,
3354,Monster,6356,LanChongWuGuaNiu,100,Thần Oa Ngưu Biến Dị,PetHeader3_22,75,113,Hater,2196,982,2196,982,76080,1372,145,7,7,100,0,60,0,0,0,60,0,0,0,60,0,0,0,60,0,0,,0,,
3355,Monster,6359,HuangChongWuGuaNiu,100,Thần Oa Ngưu Bảo Bảo,PetHeader3_22,75,113,Hater,2196,982,2196,982,76080,1372,145,7,7,100,0,60,0,0,0,60,0,0,0,60,0,0,0,60,0,0,,0,,
3356,Monster,6360,HuangSeChongWuHeZi,100,Độc Hạt Trưởng Thành,PetHeader3_21,35,37,Hater,983,461,983,461,23840,395,68,3,3,100,0,60,0,0,0,60,0,0,0,60,0,0,0,60,0,0,,0,,
3357,Monster,6361,ZiSeChongWuHeZi,100,Độc Hạt Biến Dị,PetHeader3_21,35,37,Hater,983,461,983,461,23840,395,68,3,3,100,0,60,0,0,0,60,0,0,0,60,0,0,0,60,0,0,,0,,
3358,Monster,6362,ZiSeChongWuHeZi,100,Độc Hạt Biến Dị,PetHeader3_21,35,37,Hater,983,461,983,461,23840,395,68,3,3,100,0,60,0,0,0,60,0,0,0,60,0,0,0,60,0,0,,0,,
3359,Monster,6369,HuangSeChongWuHeZi,100,Độc Hạt Bảo Bảo,PetHeader3_21,35,37,Hater,983,461,983,461,23840,395,68,3,3,100,0,60,0,0,0,60,0,0,0,60,0,0,0,60,0,0,,0,,
3360,Monster,6370,HuangSeChongWuHeZi,100,Linh Hạt Trưởng Thành,PetHeader3_21,45,52,Hater,1260,592,1260,592,34380,551,87,4,4,100,0,60,0,0,0,60,0,0,0,60,0,0,0,60,0,0,,0,,
3361,Monster,6371,ZiSeChongWuHeZi,100,Linh Hạt Biến Dị,PetHeader3_21,45,52,Hater,1260,592,1260,592,34380,551,87,4,4,100,0,60,0,0,0,60,0,0,0,60,0,0,0,60,0,0,,0,,
3362,Monster,6372,ZiSeChongWuHeZi,100,Linh Hạt Biến Dị,PetHeader3_21,45,52,Hater,1260,592,1260,592,34380,551,87,4,4,100,0,60,0,0,0,60,0,0,0,60,0,0,0,60,0,0,,0,,
3363,Monster,6373,ZiSeChongWuHeZi,100,Linh Hạt Biến Dị,PetHeader3_21,45,52,Hater,1260,592,1260,592,34380,551,87,4,4,100,0,60,0,0,0,60,0,0,0,60,0,0,0,60,0,0,,0,,
3364,Monster,6379,HuangSeChongWuHeZi,100,Linh Hạt Bảo Bảo,PetHeader3_21,45,52,Hater,1260,592,1260,592,34380,551,87,4,4,100,0,60,0,0,0,60,0,0,0,60,0,0,0,60,0,0,,0,,
3365,Monster,6380,HuangSeChongWuHeZi,100,Trân Hạt Trưởng Thành,PetHeader3_21,55,70,Hater,1614,722,1614,722,46600,784,106,5,5,100,0,60,0,0,0,60,0,0,0,60,0,0,0,60,0,0,,0,,
3366,Monster,6381,ZiSeChongWuHeZi,100,Trân Hạt Biến Dị,PetHeader3_21,55,70,Hater,1614,722,1614,722,46600,784,106,5,5,100,0,60,0,0,0,60,0,0,0,60,0,0,0,60,0,0,,0,,
3367,Monster,6382,ZiSeChongWuHeZi,100,Trân Hạt Biến Dị,PetHeader3_21,55,70,Hater,1614,722,1614,722,46600,784,106,5,5,100,0,60,0,0,0,60,0,0,0,60,0,0,0,60,0,0,,0,,
3368,Monster,6383,ZiSeChongWuHeZi,100,Trân Hạt Biến Dị,PetHeader3_21,55,70,Hater,1614,722,1614,722,46600,784,106,5,5,100,0,60,0,0,0,60,0,0,0,60,0,0,0,60,0,0,,0,,
3369,Monster,6384,ZiSeChongWuHeZi,100,Trân Hạt Biến Dị,PetHeader3_21,55,70,Hater,1614,722,1614,722,46600,784,106,5,5,100,0,60,0,0,0,60,0,0,0,60,0,0,0,60,0,0,,0,,
3370,Monster,6389,HuangSeChongWuHeZi,100,Trân Hạt Bảo Bảo,PetHeader3_21,55,70,Hater,1614,722,1614,722,46600,784,106,5,5,100,0,60,0,0,0,60,0,0,0,60,0,0,0,60,0,0,,0,,
3371,Monster,6390,HuangSeChongWuHeZi,100,Thiên Hạt Trưởng Thành,PetHeader3_21,65,91,Hater,1905,852,1905,852,60500,1058,126,6,6,100,0,60,0,0,0,60,0,0,0,60,0,0,0,60,0,0,,0,,
3372,Monster,6391,ZiSeChongWuHeZi,100,Thiên Hạt Biến Dị,PetHeader3_21,65,91,Hater,1905,852,1905,852,60500,1058,126,6,6,100,0,60,0,0,0,60,0,0,0,60,0,0,0,60,0,0,,0,,
3373,Monster,6392,ZiSeChongWuHeZi,100,Thiên Hạt Biến Dị,PetHeader3_21,65,91,Hater,1905,852,1905,852,60500,1058,126,6,6,100,0,60,0,0,0,60,0,0,0,60,0,0,0,60,0,0,,0,,
3374,Monster,6393,ZiSeChongWuHeZi,100,Thiên Hạt Biến Dị,PetHeader3_21,65,91,Hater,1905,852,1905,852,60500,1058,126,6,6,100,0,60,0,0,0,60,0,0,0,60,0,0,0,60,0,0,,0,,
3375,Monster,6394,ZiSeChongWuHeZi,100,Thiên Hạt Biến Dị,PetHeader3_21,65,91,Hater,1905,852,1905,852,60500,1058,126,6,6,100,0,60,0,0,0,60,0,0,0,60,0,0,0,60,0,0,,0,,
3376,Monster,6395,ZiSeChongWuHeZi,100,Thiên Hạt Biến Dị,PetHeader3_21,65,91,Hater,1905,852,1905,852,60500,1058,126,6,6,100,0,60,0,0,0,60,0,0,0,60,0,0,0,60,0,0,,0,,
3377,Monster,6399,HuangSeChongWuHeZi,100,Thiên Hạt Bảo Bảo,PetHeader3_21,65,91,Hater,1905,852,1905,852,60500,1058,126,6,6,100,0,60,0,0,0,60,0,0,0,60,0,0,0,60,0,0,,0,,
3378,Monster,6400,HuangSeChongWuHeZi,100,Ma Hạt Trưởng Thành,PetHeader3_21,75,113,Hater,2196,982,2196,982,76080,1372,145,7,7,100,0,60,0,0,0,60,0,0,0,60,0,0,0,60,0,0,,0,,
3379,Monster,6401,ZiSeChongWuHeZi,100,Ma Hạt Biến Dị,PetHeader3_21,75,113,Hater,2196,982,2196,982,76080,1372,145,7,7,100,0,60,0,0,0,60,0,0,0,60,0,0,0,60,0,0,,0,,
3380,Monster,6402,ZiSeChongWuHeZi,100,Ma Hạt Biến Dị,PetHeader3_21,75,113,Hater,2196,982,2196,982,76080,1372,145,7,7,100,0,60,0,0,0,60,0,0,0,60,0,0,0,60,0,0,,0,,
3381,Monster,6403,ZiSeChongWuHeZi,100,Ma Hạt Biến Dị,PetHeader3_21,75,113,Hater,2196,982,2196,982,76080,1372,145,7,7,100,0,60,0,0,0,60,0,0,0,60,0,0,0,60,0,0,,0,,
3382,Monster,6404,ZiSeChongWuHeZi,100,Ma Hạt Biến Dị,PetHeader3_21,75,113,Hater,2196,982,2196,982,76080,1372,145,7,7,100,0,60,0,0,0,60,0,0,0,60,0,0,0,60,0,0,,0,,
3383,Monster,6405,ZiSeChongWuHeZi,100,Ma Hạt Biến Dị,PetHeader3_21,75,113,Hater,2196,982,2196,982,76080,1372,145,7,7,100,0,60,0,0,0,60,0,0,0,60,0,0,0,60,0,0,,0,,
3384,Monster,6406,ZiSeChongWuHeZi,100,Ma Hạt Biến Dị,PetHeader3_21,75,113,Hater,2196,982,2196,982,76080,1372,145,7,7,100,0,60,0,0,0,60,0,0,0,60,0,0,0,60,0,0,,0,,
3385,Monster,6409,HuangSeChongWuHeZi,100,Ma Hạt Bảo Bảo,PetHeader3_21,75,113,Hater,2196,982,2196,982,76080,1372,145,7,7,100,0,60,0,0,0,60,0,0,0,60,0,0,0,60,0,0,,0,,
3386,Monster,6410,HeSeChongWuChuanShanJia,100,Tiểu Mô Trưởng Thành,PetHeader3_18,5,5,Normal,151,71,151,71,495,54,10,1,1,100,0,60,0,0,0,60,0,0,0,60,0,0,0,60,0,0,,0,,
3387,Monster,6411,ZiSeChongWuChuanShanJia,100,Tiểu Mô Biến Dị,PetHeader3_18,5,5,Normal,151,71,151,71,495,54,10,1,1,100,0,60,0,0,0,60,0,0,0,60,0,0,0,60,0,0,,0,,
3388,Monster,6412,ZiSeChongWuChuanShanJia,100,Tiểu Mô Biến Dị,PetHeader3_18,5,5,Normal,151,71,151,71,495,54,10,1,1,100,0,60,0,0,0,60,0,0,0,60,0,0,0,60,0,0,,0,,
3389,Monster,6419,HeSeChongWuChuanShanJia,100,Tiểu Mô Bảo Bảo,PetHeader3_18,5,5,Normal,151,71,151,71,495,54,10,1,1,100,0,60,0,0,0,60,0,0,0,60,0,0,0,60,0,0,,0,,
3390,Monster,6420,HeSeChongWuChuanShanJia,100,Tráng Mô Trưởng Thành,PetHeader3_18,45,52,Hater,1260,592,1260,592,34380,551,87,4,4,100,0,60,0,0,0,60,0,0,0,60,0,0,0,60,0,0,,0,,
3391,Monster,6421,ZiSeChongWuChuanShanJia,100,Tráng Mô Biến Dị,PetHeader3_18,45,52,Hater,1260,592,1260,592,34380,551,87,4,4,100,0,60,0,0,0,60,0,0,0,60,0,0,0,60,0,0,,0,,
3392,Monster,6422,ZiSeChongWuChuanShanJia,100,Tráng Mô Biến Dị,PetHeader3_18,45,52,Hater,1260,592,1260,592,34380,551,87,4,4,100,0,60,0,0,0,60,0,0,0,60,0,0,0,60,0,0,,0,,
3393,Monster,6423,ZiSeChongWuChuanShanJia,100,Tráng Mô Biến Dị,PetHeader3_18,45,52,Hater,1260,592,1260,592,34380,551,87,4,4,100,0,60,0,0,0,60,0,0,0,60,0,0,0,60,0,0,,0,,
3394,Monster,6429,HeSeChongWuChuanShanJia,100,Tráng Mô Bảo Bảo,PetHeader3_18,45,52,Hater,1260,592,1260,592,34380,551,87,4,4,100,0,60,0,0,0,60,0,0,0,60,0,0,0,60,0,0,,0,,
3395,Monster,6430,HeSeChongWuChuanShanJia,100,Trân Mô Trưởng Thành,PetHeader3_18,55,70,Hater,1614,722,1614,722,46600,784,106,5,5,100,0,60,0,0,0,60,0,0,0,60,0,0,0,60,0,0,,0,,
3396,Monster,6431,ZiSeChongWuChuanShanJia,100,Trân Mô Biến Dị,PetHeader3_18,55,70,Hater,1614,722,1614,722,46600,784,106,5,5,100,0,60,0,0,0,60,0,0,0,60,0,0,0,60,0,0,,0,,
3397,Monster,6432,ZiSeChongWuChuanShanJia,100,Trân Mô Biến Dị,PetHeader3_18,55,70,Hater,1614,722,1614,722,46600,784,106,5,5,100,0,60,0,0,0,60,0,0,0,60,0,0,0,60,0,0,,0,,
3398,Monster,6433,ZiSeChongWuChuanShanJia,100,Trân Mô Biến Dị,PetHeader3_18,55,70,Hater,1614,722,1614,722,46600,784,106,5,5,100,0,60,0,0,0,60,0,0,0,60,0,0,0,60,0,0,,0,,
3399,Monster,6434,ZiSeChongWuChuanShanJia,100,Trân Mô Biến Dị,PetHeader3_18,55,70,Hater,1614,722,1614,722,46600,784,106,5,5,100,0,60,0,0,0,60,0,0,0,60,0,0,0,60,0,0,,0,,
3400,Monster,6439,HeSeChongWuChuanShanJia,100,Trân Mô Bảo Bảo,PetHeader3_18,55,70,Hater,1614,722,1614,722,46600,784,106,5,5,100,0,60,0,0,0,60,0,0,0,60,0,0,0,60,0,0,,0,,
3401,Monster,6440,HeSeChongWuChuanShanJia,100,Thánh Mô Trưởng Thành,PetHeader3_18,65,91,Hater,1905,852,1905,852,60500,1058,126,6,6,100,0,60,0,0,0,60,0,0,0,60,0,0,0,60,0,0,,0,,
3402,Monster,6441,ZiSeChongWuChuanShanJia,100,Thánh Mô Biến Dị,PetHeader3_18,65,91,Hater,1905,852,1905,852,60500,1058,126,6,6,100,0,60,0,0,0,60,0,0,0,60,0,0,0,60,0,0,,0,,
3403,Monster,6442,ZiSeChongWuChuanShanJia,100,Thánh Mô Biến Dị,PetHeader3_18,65,91,Hater,1905,852,1905,852,60500,1058,126,6,6,100,0,60,0,0,0,60,0,0,0,60,0,0,0,60,0,0,,0,,
3404,Monster,6443,ZiSeChongWuChuanShanJia,100,Thánh Mô Biến Dị,PetHeader3_18,65,91,Hater,1905,852,1905,852,60500,1058,126,6,6,100,0,60,0,0,0,60,0,0,0,60,0,0,0,60,0,0,,0,,
3405,Monster,6444,ZiSeChongWuChuanShanJia,100,Thánh Mô Biến Dị,PetHeader3_18,65,91,Hater,1905,852,1905,852,60500,1058,126,6,6,100,0,60,0,0,0,60,0,0,0,60,0,0,0,60,0,0,,0,,
3406,Monster,6445,ZiSeChongWuChuanShanJia,100,Thánh Mô Biến Dị,PetHeader3_18,65,91,Hater,1905,852,1905,852,60500,1058,126,6,6,100,0,60,0,0,0,60,0,0,0,60,0,0,0,60,0,0,,0,,
3407,Monster,6449,HeSeChongWuChuanShanJia,100,Thánh Mô Bảo Bảo,PetHeader3_18,65,91,Hater,1905,852,1905,852,60500,1058,126,6,6,100,0,60,0,0,0,60,0,0,0,60,0,0,0,60,0,0,,0,,
3408,Monster,6450,HeSeChongWuChuanShanJia,100,Thần Mô Trưởng Thành,PetHeader3_18,75,113,Hater,2196,982,2196,982,76080,1372,145,7,7,100,0,60,0,0,0,60,0,0,0,60,0,0,0,60,0,0,,0,,
3409,Monster,6451,ZiSeChongWuChuanShanJia,100,Thần Mô Biến Dị,PetHeader3_18,75,113,Hater,2196,982,2196,982,76080,1372,145,7,7,100,0,60,0,0,0,60,0,0,0,60,0,0,0,60,0,0,,0,,
3410,Monster,6452,ZiSeChongWuChuanShanJia,100,Thần Mô Biến Dị,PetHeader3_18,75,113,Hater,2196,982,2196,982,76080,1372,145,7,7,100,0,60,0,0,0,60,0,0,0,60,0,0,0,60,0,0,,0,,
3411,Monster,6453,ZiSeChongWuChuanShanJia,100,Thần Mô Biến Dị,PetHeader3_18,75,113,Hater,2196,982,2196,982,76080,1372,145,7,7,100,0,60,0,0,0,60,0,0,0,60,0,0,0,60,0,0,,0,,
3412,Monster,6454,ZiSeChongWuChuanShanJia,100,Thần Mô Biến Dị,PetHeader3_18,75,113,Hater,2196,982,2196,982,76080,1372,145,7,7,100,0,60,0,0,0,60,0,0,0,60,0,0,0,60,0,0,,0,,
3413,Monster,6455,ZiSeChongWuChuanShanJia,100,Thần Mô Biến Dị,PetHeader3_18,75,113,Hater,2196,982,2196,982,76080,1372,145,7,7,100,0,60,0,0,0,60,0,0,0,60,0,0,0,60,0,0,,0,,
3414,Monster,6456,ZiSeChongWuChuanShanJia,100,Thần Mô Biến Dị,PetHeader3_18,75,113,Hater,2196,982,2196,982,76080,1372,145,7,7,100,0,60,0,0,0,60,0,0,0,60,0,0,0,60,0,0,,0,,
3415,Monster,6459,HeSeChongWuChuanShanJia,100,Thần Mô Bảo Bảo,PetHeader3_18,75,113,Hater,2196,982,2196,982,76080,1372,145,7,7,100,0,60,0,0,0,60,0,0,0,60,0,0,0,60,0,0,,0,,
3416,Monster,6460,LuSeChongWuDaJiaChong,100,Giáp Trùng Trưởng Thành,PetHeader3_17,5,5,Normal,151,71,151,71,495,54,10,1,1,100,0,60,0,0,0,60,0,0,0,60,0,0,0,60,0,0,,0,,
3417,Monster,6461,JinSeChongWuDaJiaChong,100,Giáp Trùng Biến Dị,PetHeader3_17,5,5,Normal,151,71,151,71,495,54,10,1,1,100,0,60,0,0,0,60,0,0,0,60,0,0,0,60,0,0,,0,,
3418,Monster,6462,JinSeChongWuDaJiaChong,100,Giáp Trùng Biến Dị,PetHeader3_17,5,5,Normal,151,71,151,71,495,54,10,1,1,100,0,60,0,0,0,60,0,0,0,60,0,0,0,60,0,0,,0,,
3419,Monster,6469,LuSeChongWuDaJiaChong,100,Giáp Trùng Bảo Bảo,PetHeader3_17,5,5,Normal,151,71,151,71,495,54,10,1,1,100,0,60,0,0,0,60,0,0,0,60,0,0,0,60,0,0,,0,,
3420,Monster,6470,LuSeChongWuDaJiaChong,100,Cường Giáp Trùng Trưởng Thành,PetHeader3_17,45,52,Hater,1260,592,1260,592,34380,551,87,4,4,100,0,60,0,0,0,60,0,0,0,60,0,0,0,60,0,0,,0,,
3421,Monster,6471,JinSeChongWuDaJiaChong,100,Cường Giáp Trùng Biến Dị,PetHeader3_17,45,52,Hater,1260,592,1260,592,34380,551,87,4,4,100,0,60,0,0,0,60,0,0,0,60,0,0,0,60,0,0,,0,,
3422,Monster,6472,JinSeChongWuDaJiaChong,100,Cường Giáp Trùng Biến Dị,PetHeader3_17,45,52,Hater,1260,592,1260,592,34380,551,87,4,4,100,0,60,0,0,0,60,0,0,0,60,0,0,0,60,0,0,,0,,
3423,Monster,6473,JinSeChongWuDaJiaChong,100,Cường Giáp Trùng Biến Dị,PetHeader3_17,45,52,Hater,1260,592,1260,592,34380,551,87,4,4,100,0,60,0,0,0,60,0,0,0,60,0,0,0,60,0,0,,0,,
3424,Monster,6479,LuSeChongWuDaJiaChong,100,Cường Giáp Trùng Bảo Bảo,PetHeader3_17,45,52,Hater,1260,592,1260,592,34380,551,87,4,4,100,0,60,0,0,0,60,0,0,0,60,0,0,0,60,0,0,,0,,
3425,Monster,6480,LuSeChongWuDaJiaChong,100,Trân Giáp Trùng Trưởng Thành,PetHeader3_17,55,70,Hater,1614,722,1614,722,46600,784,106,5,5,100,0,60,0,0,0,60,0,0,0,60,0,0,0,60,0,0,,0,,
3426,Monster,6481,JinSeChongWuDaJiaChong,100,Trân Giáp Trùng Biến Dị,PetHeader3_17,55,70,Hater,1614,722,1614,722,46600,784,106,5,5,100,0,60,0,0,0,60,0,0,0,60,0,0,0,60,0,0,,0,,
3427,Monster,6482,JinSeChongWuDaJiaChong,100,Trân Giáp Trùng Biến Dị,PetHeader3_17,55,70,Hater,1614,722,1614,722,46600,784,106,5,5,100,0,60,0,0,0,60,0,0,0,60,0,0,0,60,0,0,,0,,
3428,Monster,6483,JinSeChongWuDaJiaChong,100,Trân Giáp Trùng Biến Dị,PetHeader3_17,55,70,Hater,1614,722,1614,722,46600,784,106,5,5,100,0,60,0,0,0,60,0,0,0,60,0,0,0,60,0,0,,0,,
3429,Monster,6484,JinSeChongWuDaJiaChong,100,Trân Giáp Trùng Biến Dị,PetHeader3_17,55,70,Hater,1614,722,1614,722,46600,784,106,5,5,100,0,60,0,0,0,60,0,0,0,60,0,0,0,60,0,0,,0,,
3430,Monster,6489,LuSeChongWuDaJiaChong,100,Trân Giáp Trùng Bảo Bảo,PetHeader3_17,55,70,Hater,1614,722,1614,722,46600,784,106,5,5,100,0,60,0,0,0,60,0,0,0,60,0,0,0,60,0,0,,0,,
3431,Monster,6490,LuSeChongWuDaJiaChong,100,Thánh Giáp Trùng Trưởng Thành,PetHeader3_17,65,91,Hater,1905,852,1905,852,60500,1058,126,6,6,100,0,60,0,0,0,60,0,0,0,60,0,0,0,60,0,0,,0,,
3432,Monster,6491,JinSeChongWuDaJiaChong,100,Thánh Giáp Trùng Biến Dị,PetHeader3_17,65,91,Hater,1905,852,1905,852,60500,1058,126,6,6,100,0,60,0,0,0,60,0,0,0,60,0,0,0,60,0,0,,0,,
3433,Monster,6492,JinSeChongWuDaJiaChong,100,Thánh Giáp Trùng Biến Dị,PetHeader3_17,65,91,Hater,1905,852,1905,852,60500,1058,126,6,6,100,0,60,0,0,0,60,0,0,0,60,0,0,0,60,0,0,,0,,
3434,Monster,6493,JinSeChongWuDaJiaChong,100,Thánh Giáp Trùng Biến Dị,PetHeader3_17,65,91,Hater,1905,852,1905,852,60500,1058,126,6,6,100,0,60,0,0,0,60,0,0,0,60,0,0,0,60,0,0,,0,,
3435,Monster,6494,JinSeChongWuDaJiaChong,100,Thánh Giáp Trùng Biến Dị,PetHeader3_17,65,91,Hater,1905,852,1905,852,60500,1058,126,6,6,100,0,60,0,0,0,60,0,0,0,60,0,0,0,60,0,0,,0,,
3436,Monster,6495,JinSeChongWuDaJiaChong,100,Thánh Giáp Trùng Biến Dị,PetHeader3_17,65,91,Hater,1905,852,1905,852,60500,1058,126,6,6,100,0,60,0,0,0,60,0,0,0,60,0,0,0,60,0,0,,0,,
3437,Monster,6499,LuSeChongWuDaJiaChong,100,Thánh Giáp Trùng Bảo Bảo,PetHeader3_17,65,91,Hater,1905,852,1905,852,60500,1058,126,6,6,100,0,60,0,0,0,60,0,0,0,60,0,0,0,60,0,0,,0,,
3438,Monster,6500,LuSeChongWuDaJiaChong,100,Thần Giáp Trùng Trưởng Thành,PetHeader3_17,75,113,Hater,2196,982,2196,982,76080,1372,145,7,7,100,0,60,0,0,0,60,0,0,0,60,0,0,0,60,0,0,,0,,
3439,Monster,6501,JinSeChongWuDaJiaChong,100,Thần Giáp Trùng Biến Dị,PetHeader3_17,75,113,Hater,2196,982,2196,982,76080,1372,145,7,7,100,0,60,0,0,0,60,0,0,0,60,0,0,0,60,0,0,,0,,
3440,Monster,6502,JinSeChongWuDaJiaChong,100,Thần Giáp Trùng Biến Dị,PetHeader3_17,75,113,Hater,2196,982,2196,982,76080,1372,145,7,7,100,0,60,0,0,0,60,0,0,0,60,0,0,0,60,0,0,,0,,
3441,Monster,6503,JinSeChongWuDaJiaChong,100,Thần Giáp Trùng Biến Dị,PetHeader3_17,75,113,Hater,2196,982,2196,982,76080,1372,145,7,7,100,0,60,0,0,0,60,0,0,0,60,0,0,0,60,0,0,,0,,
3442,Monster,6504,JinSeChongWuDaJiaChong,100,Thần Giáp Trùng Biến Dị,PetHeader3_17,75,113,Hater,2196,982,2196,982,76080,1372,145,7,7,100,0,60,0,0,0,60,0,0,0,60,0,0,0,60,0,0,,0,,
3443,Monster,6505,JinSeChongWuDaJiaChong,100,Thần Giáp Trùng Biến Dị,PetHeader3_17,75,113,Hater,2196,982,2196,982,76080,1372,145,7,7,100,0,60,0,0,0,60,0,0,0,60,0,0,0,60,0,0,,0,,
3444,Monster,6506,JinSeChongWuDaJiaChong,100,Thần Giáp Trùng Biến Dị,PetHeader3_17,75,113,Hater,2196,982,2196,982,76080,1372,145,7,7,100,0,60,0,0,0,60,0,0,0,60,0,0,0,60,0,0,,0,,
3445,Monster,6509,LuSeChongWuDaJiaChong,100,Thần Giáp Trùng Bảo Bảo,PetHeader3_17,75,113,Hater,2196,982,2196,982,76080,1372,145,7,7,100,0,60,0,0,0,60,0,0,0,60,0,0,0,60,0,0,,0,,
3446,Monster,6510,LanSeChongWuDangHu,100,Đương Hổ Trưởng Thành,PetHeader3_16,5,5,Normal,151,71,151,71,495,54,10,1,1,100,0,60,0,0,0,60,0,0,0,60,0,0,0,60,0,0,,0,,
3447,Monster,6511,HongSeChongWuDangHu,100,Đương Hổ Biến Dị,PetHeader3_16,5,5,Normal,151,71,151,71,495,54,10,1,1,100,0,60,0,0,0,60,0,0,0,60,0,0,0,60,0,0,,0,,
3448,Monster,6512,HongSeChongWuDangHu,100,Đương Hổ Biến Dị,PetHeader3_16,5,5,Normal,151,71,151,71,495,54,10,1,1,100,0,60,0,0,0,60,0,0,0,60,0,0,0,60,0,0,,0,,
3449,Monster,6519,LanSeChongWuDangHu,100,Đương Hổ Bảo Bảo,PetHeader3_16,5,5,Normal,151,71,151,71,495,54,10,1,1,100,0,60,0,0,0,60,0,0,0,60,0,0,0,60,0,0,,0,,
3450,Monster,6520,LanSeChongWuDangHu,100,Linh Đương Hổ Trưởng Thành,PetHeader3_16,45,52,Hater,1260,592,1260,592,34380,551,87,4,4,100,0,60,0,0,0,60,0,0,0,60,0,0,0,60,0,0,,0,,
3451,Monster,6521,HongSeChongWuDangHu,100,Linh Đương Hổ Biến Dị,PetHeader3_16,45,52,Hater,1260,592,1260,592,34380,551,87,4,4,100,0,60,0,0,0,60,0,0,0,60,0,0,0,60,0,0,,0,,
3452,Monster,6522,HongSeChongWuDangHu,100,Linh Đương Hổ Biến Dị,PetHeader3_16,45,52,Hater,1260,592,1260,592,34380,551,87,4,4,100,0,60,0,0,0,60,0,0,0,60,0,0,0,60,0,0,,0,,
3453,Monster,6523,HongSeChongWuDangHu,100,Linh Đương Hổ Biến Dị,PetHeader3_16,45,52,Hater,1260,592,1260,592,34380,551,87,4,4,100,0,60,0,0,0,60,0,0,0,60,0,0,0,60,0,0,,0,,
3454,Monster,6529,LanSeChongWuDangHu,100,Linh Đương Hổ Bảo Bảo,PetHeader3_16,45,52,Hater,1260,592,1260,592,34380,551,87,4,4,100,0,60,0,0,0,60,0,0,0,60,0,0,0,60,0,0,,0,,
3455,Monster,6530,LanSeChongWuDangHu,100,Trân Đương Hổ Trưởng Thành,PetHeader3_16,55,70,Hater,1614,722,1614,722,46600,784,106,5,5,100,0,60,0,0,0,60,0,0,0,60,0,0,0,60,0,0,,0,,
3456,Monster,6531,HongSeChongWuDangHu,100,Trân Đương Hổ Biến Dị,PetHeader3_16,55,70,Hater,1614,722,1614,722,46600,784,106,5,5,100,0,60,0,0,0,60,0,0,0,60,0,0,0,60,0,0,,0,,
3457,Monster,6532,HongSeChongWuDangHu,100,Trân Đương Hổ Biến Dị,PetHeader3_16,55,70,Hater,1614,722,1614,722,46600,784,106,5,5,100,0,60,0,0,0,60,0,0,0,60,0,0,0,60,0,0,,0,,
3458,Monster,6533,HongSeChongWuDangHu,100,Trân Đương Hổ Biến Dị,PetHeader3_16,55,70,Hater,1614,722,1614,722,46600,784,106,5,5,100,0,60,0,0,0,60,0,0,0,60,0,0,0,60,0,0,,0,,
3459,Monster,6534,HongSeChongWuDangHu,100,Trân Đương Hổ Biến Dị,PetHeader3_16,55,70,Hater,1614,722,1614,722,46600,784,106,5,5,100,0,60,0,0,0,60,0,0,0,60,0,0,0,60,0,0,,0,,
3460,Monster,6539,LanSeChongWuDangHu,100,Trân Đương Hổ Bảo Bảo,PetHeader3_16,55,70,Hater,1614,722,1614,722,46600,784,106,5,5,100,0,60,0,0,0,60,0,0,0,60,0,0,0,60,0,0,,0,,
3461,Monster,6540,LanSeChongWuDangHu,100,Thánh Đương Hổ Trưởng Thành,PetHeader3_16,65,91,Hater,1905,852,1905,852,60500,1058,126,6,6,100,0,60,0,0,0,60,0,0,0,60,0,0,0,60,0,0,,0,,
3462,Monster,6541,HongSeChongWuDangHu,100,Thánh Đương Hổ Biến Dị,PetHeader3_16,65,91,Hater,1905,852,1905,852,60500,1058,126,6,6,100,0,60,0,0,0,60,0,0,0,60,0,0,0,60,0,0,,0,,
3463,Monster,6542,HongSeChongWuDangHu,100,Thánh Đương Hổ Biến Dị,PetHeader3_16,65,91,Hater,1905,852,1905,852,60500,1058,126,6,6,100,0,60,0,0,0,60,0,0,0,60,0,0,0,60,0,0,,0,,
3464,Monster,6543,HongSeChongWuDangHu,100,Thánh Đương Hổ Biến Dị,PetHeader3_16,65,91,Hater,1905,852,1905,852,60500,1058,126,6,6,100,0,60,0,0,0,60,0,0,0,60,0,0,0,60,0,0,,0,,
3465,Monster,6544,HongSeChongWuDangHu,100,Thánh Đương Hổ Biến Dị,PetHeader3_16,65,91,Hater,1905,852,1905,852,60500,1058,126,6,6,100,0,60,0,0,0,60,0,0,0,60,0,0,0,60,0,0,,0,,
3466,Monster,6545,HongSeChongWuDangHu,100,Thánh Đương Hổ Biến Dị,PetHeader3_16,65,91,Hater,1905,852,1905,852,60500,1058,126,6,6,100,0,60,0,0,0,60,0,0,0,60,0,0,0,60,0,0,,0,,
3467,Monster,6549,LanSeChongWuDangHu,100,Thánh Đương Hổ Bảo Bảo,PetHeader3_16,65,91,Hater,1905,852,1905,852,60500,1058,126,6,6,100,0,60,0,0,0,60,0,0,0,60,0,0,0,60,0,0,,0,,
3468,Monster,6550,LanSeChongWuDangHu,100,Thần Đương Hổ Trưởng Thành,PetHeader3_16,75,113,Hater,2196,982,2196,982,76080,1372,145,7,7,100,0,60,0,0,0,60,0,0,0,60,0,0,0,60,0,0,,0,,
3469,Monster,6551,HongSeChongWuDangHu,100,Thần Đương Hổ Biến Dị,PetHeader3_16,75,113,Hater,2196,982,2196,982,76080,1372,145,7,7,100,0,60,0,0,0,60,0,0,0,60,0,0,0,60,0,0,,0,,
3470,Monster,6552,HongSeChongWuDangHu,100,Thần Đương Hổ Biến Dị,PetHeader3_16,75,113,Hater,2196,982,2196,982,76080,1372,145,7,7,100,0,60,0,0,0,60,0,0,0,60,0,0,0,60,0,0,,0,,
3471,Monster,6553,HongSeChongWuDangHu,100,Thần Đương Hổ Biến Dị,PetHeader3_16,75,113,Hater,2196,982,2196,982,76080,1372,145,7,7,100,0,60,0,0,0,60,0,0,0,60,0,0,0,60,0,0,,0,,
3472,Monster,6554,HongSeChongWuDangHu,100,Thần Đương Hổ Biến Dị,PetHeader3_16,75,113,Hater,2196,982,2196,982,76080,1372,145,7,7,100,0,60,0,0,0,60,0,0,0,60,0,0,0,60,0,0,,0,,
3473,Monster,6555,HongSeChongWuDangHu,100,Thần Đương Hổ Biến Dị,PetHeader3_16,75,113,Hater,2196,982,2196,982,76080,1372,145,7,7,100,0,60,0,0,0,60,0,0,0,60,0,0,0,60,0,0,,0,,
3474,Monster,6556,HongSeChongWuDangHu,100,Thần Đương Hổ Biến Dị,PetHeader3_16,75,113,Hater,2196,982,2196,982,76080,1372,145,7,7,100,0,60,0,0,0,60,0,0,0,60,0,0,0,60,0,0,,0,,
3475,Monster,6559,LanSeChongWuDangHu,100,Thần Đương Hổ Bảo Bảo,PetHeader3_16,75,113,Hater,2196,982,2196,982,76080,1372,145,7,7,100,0,60,0,0,0,60,0,0,0,60,0,0,0,60,0,0,,0,,
3476,Monster,6560,QiEWangHei,100,Thần Xí Nga Trưởng Thành,FightNPCHeader8_20,75,113,Hater,2196,982,2196,982,76080,1372,145,7,7,100,0,60,0,0,0,60,0,0,0,60,0,0,0,60,0,0,,0,,
3477,Monster,6561,QiEWangLu,100,Thần Xí Nga Biến Dị,FightNPCHeader8_20,75,113,Hater,2196,982,2196,982,76080,1372,145,7,7,100,0,60,0,0,0,60,0,0,0,60,0,0,0,60,0,0,,0,,
3478,Monster,6562,QiEWangLan,100,Thần Xí Nga Biến Dị,FightNPCHeader8_20,75,113,Hater,2196,982,2196,982,76080,1372,145,7,7,100,0,60,0,0,0,60,0,0,0,60,0,0,0,60,0,0,,0,,
3479,Monster,6563,QiEWangBai,100,Thần Xí Nga Biến Dị,FightNPCHeader8_20,75,113,Hater,2196,982,2196,982,76080,1372,145,7,7,100,0,60,0,0,0,60,0,0,0,60,0,0,0,60,0,0,,0,,
3480,Monster,6564,QiEWangHong,100,Thần Xí Nga Biến Dị,FightNPCHeader8_20,75,113,Hater,2196,982,2196,982,76080,1372,145,7,7,100,0,60,0,0,0,60,0,0,0,60,0,0,0,60,0,0,,0,,
3481,Monster,6565,QiEWangZi,100,Thần Xí Nga Biến Dị,FightNPCHeader8_20,75,113,Hater,2196,982,2196,982,76080,1372,145,7,7,100,0,60,0,0,0,60,0,0,0,60,0,0,0,60,0,0,,0,,
3482,Monster,6569,QiEWangHei,100,Thần Xí Nga Bảo Bảo,FightNPCHeader8_20,75,113,Hater,2196,982,2196,982,76080,1372,145,7,7,100,0,60,0,0,0,60,0,0,0,60,0,0,0,60,0,0,,0,,
3483,Monster,6570,HeiBaiQiE,100,Quai Xí Nga Trưởng Thành,PetHeader3_2,45,52,Hater,1260,592,1260,592,34380,551,87,4,4,100,0,60,0,0,0,60,0,0,0,60,0,0,0,60,0,0,,0,,
3484,Monster,6571,LanBaiQiE,100,Quai Xí Nga Biến Dị,PetHeader3_2,45,52,Hater,1260,592,1260,592,34380,551,87,4,4,100,0,60,0,0,0,60,0,0,0,60,0,0,0,60,0,0,,0,,
3485,Monster,6572,LanBaiQiE,100,Quai Xí Nga Biến Dị,PetHeader3_2,45,52,Hater,1260,592,1260,592,34380,551,87,4,4,100,0,60,0,0,0,60,0,0,0,60,0,0,0,60,0,0,,0,,
3486,Monster,6573,FenBaiQiE,100,Quai Xí Nga Biến Dị,PetHeader3_2,45,52,Hater,1260,592,1260,592,34380,551,87,4,4,100,0,60,0,0,0,60,0,0,0,60,0,0,0,60,0,0,,0,,
3487,Monster,6579,HeiBaiQiE,100,Quai Xí Nga Bảo Bảo,PetHeader3_2,45,52,Hater,1260,592,1260,592,34380,551,87,4,4,100,0,60,0,0,0,60,0,0,0,60,0,0,0,60,0,0,,0,,
3488,Monster,6580,HeiBaiQiE,100,Linh Xí Nga Trưởng Thành,PetHeader3_2,55,70,Hater,1614,722,1614,722,46600,784,106,5,5,100,0,60,0,0,0,60,0,0,0,60,0,0,0,60,0,0,,0,,
3489,Monster,6581,LanBaiQiE,100,Linh Xí Nga Biến Dị,PetHeader3_2,55,70,Hater,1614,722,1614,722,46600,784,106,5,5,100,0,60,0,0,0,60,0,0,0,60,0,0,0,60,0,0,,0,,
3490,Monster,6582,LanBaiQiE,100,Linh Xí Nga Biến Dị,PetHeader3_2,55,70,Hater,1614,722,1614,722,46600,784,106,5,5,100,0,60,0,0,0,60,0,0,0,60,0,0,0,60,0,0,,0,,
3491,Monster,6583,FenBaiQiE,100,Linh Xí Nga Biến Dị,PetHeader3_2,55,70,Hater,1614,722,1614,722,46600,784,106,5,5,100,0,60,0,0,0,60,0,0,0,60,0,0,0,60,0,0,,0,,
3492,Monster,6584,FenBaiQiE,100,Linh Xí Nga Biến Dị,PetHeader3_2,55,70,Hater,1614,722,1614,722,46600,784,106,5,5,100,0,60,0,0,0,60,0,0,0,60,0,0,0,60,0,0,,0,,
3493,Monster,6589,HeiBaiQiE,100,Linh Xí Nga Bảo Bảo,PetHeader3_2,55,70,Hater,1614,722,1614,722,46600,784,106,5,5,100,0,60,0,0,0,60,0,0,0,60,0,0,0,60,0,0,,0,,
3494,Monster,6590,HeiBaiQiE,100,Thánh Xí Nga Trưởng Thành,PetHeader3_2,65,91,Hater,1905,852,1905,852,60500,1058,126,6,6,100,0,60,0,0,0,60,0,0,0,60,0,0,0,60,0,0,,0,,
3495,Monster,6591,LanBaiQiE,100,Thánh Xí Nga Biến Dị,PetHeader3_2,65,91,Hater,1905,852,1905,852,60500,1058,126,6,6,100,0,60,0,0,0,60,0,0,0,60,0,0,0,60,0,0,,0,,
3496,Monster,6592,LanBaiQiE,100,Thánh Xí Nga Biến Dị,PetHeader3_2,65,91,Hater,1905,852,1905,852,60500,1058,126,6,6,100,0,60,0,0,0,60,0,0,0,60,0,0,0,60,0,0,,0,,
3497,Monster,6593,LanBaiQiE,100,Thánh Xí Nga Biến Dị,PetHeader3_2,65,91,Hater,1905,852,1905,852,60500,1058,126,6,6,100,0,60,0,0,0,60,0,0,0,60,0,0,0,60,0,0,,0,,
3498,Monster,6594,FenBaiQiE,100,Thánh Xí Nga Biến Dị,PetHeader3_2,65,91,Hater,1905,852,1905,852,60500,1058,126,6,6,100,0,60,0,0,0,60,0,0,0,60,0,0,0,60,0,0,,0,,
3499,Monster,6595,FenBaiQiE,100,Thánh Xí Nga Biến Dị,PetHeader3_2,65,91,Hater,1905,852,1905,852,60500,1058,126,6,6,100,0,60,0,0,0,60,0,0,0,60,0,0,0,60,0,0,,0,,
3500,Monster,6599,HeiBaiQiE,100,Thánh Xí Nga Bảo Bảo,PetHeader3_2,65,91,Hater,1905,852,1905,852,60500,1058,126,6,6,100,0,60,0,0,0,60,0,0,0,60,0,0,0,60,0,0,,0,,
3501,Monster,6600,DaJiaoLangShou,100,Hoả Tông Thử Trưởng Thành,PetHeader2_23,55,930,Hater,3875,866,3875,866,111840,941,128,6,6,100,0,60,0,0,0,60,0,0,0,60,0,0,0,60,0,0,,0,,
3502,Monster,6601,DaJiaoLangShouShen1,100,Hoả Tông Thử Biến Dị,PetHeader2_23,55,93,Hater,1937,866,1937,866,223680,941,128,6,6,100,0,60,0,0,0,60,0,0,0,60,0,0,0,60,0,0,,0,,
3503,Monster,6602,DaJiaoLangShouShen2,100,Hoả Tông Thử Biến Dị,PetHeader2_23,55,93,Hater,1937,866,1937,866,223680,941,128,6,6,100,0,60,0,0,0,60,0,0,0,60,0,0,0,60,0,0,,0,,
3504,Monster,6603,DaJiaoLangShouShen3,100,Hoả Tông Thử Biến Dị,PetHeader2_23,55,93,Hater,1937,866,1937,866,223680,941,128,6,6,100,0,60,0,0,0,60,0,0,0,60,0,0,0,60,0,0,,0,,
3505,Monster,6604,DaJiaoLangShouShen4,100,Hoả Tông Thử Biến Dị,PetHeader2_23,55,93,Hater,1937,866,1937,866,223680,941,128,6,6,100,0,60,0,0,0,60,0,0,0,60,0,0,0,60,0,0,,0,,
3506,Monster,6609,DaJiaoLangShou,100,Hoả Tông Thử Bảo Bảo,PetHeader2_23,55,93,Hater,1937,866,1937,866,223680,941,128,6,6,100,0,60,0,0,0,60,0,0,0,60,0,0,0,60,0,0,,0,,
3507,Monster,6610,DaJiaoLangShou,100,Viêm Hoả Tông Thử Trưởng Thành,PetHeader2_23,75,1494,Hater,5272,1179,5272,1179,182590,1646,174,8,8,100,0,60,0,0,0,60,0,0,0,60,0,0,0,60,0,0,,0,,
3508,Monster,6611,DaJiaoLangShouShen1,100,Viêm Hoả Tông Thử Biến Dị,PetHeader2_23,75,149,Hater,2636,1179,2636,1179,365180,1646,174,8,8,100,0,60,0,0,0,60,0,0,0,60,0,0,0,60,0,0,,0,,
3509,Monster,6612,DaJiaoLangShouShen2,100,Viêm Hoả Tông Thử Biến Dị,PetHeader2_23,75,149,Hater,2636,1179,2636,1179,365180,1646,174,8,8,100,0,60,0,0,0,60,0,0,0,60,0,0,0,60,0,0,,0,,
3510,Monster,6613,DaJiaoLangShouShen3,100,Viêm Hoả Tông Thử Biến Dị,PetHeader2_23,75,149,Hater,2636,1179,2636,1179,365180,1646,174,8,8,100,0,60,0,0,0,60,0,0,0,60,0,0,0,60,0,0,,0,,
3511,Monster,6614,DaJiaoLangShouShen4,100,Viêm Hoả Tông Thử Biến Dị,PetHeader2_23,75,149,Hater,2636,1179,2636,1179,365180,1646,174,8,8,100,0,60,0,0,0,60,0,0,0,60,0,0,0,60,0,0,,0,,
3512,Monster,6615,DaJiaoLangShouShen5,100,Viêm Hoả Tông Thử Biến Dị,PetHeader2_23,75,149,Hater,2636,1179,2636,1179,365180,1646,174,8,8,100,0,60,0,0,0,60,0,0,0,60,0,0,0,60,0,0,,0,,
3513,Monster,6616,DaJiaoLangShouShen6,100,Viêm Hoả Tông Thử Biến Dị,PetHeader2_23,75,149,Hater,2636,1179,2636,1179,365180,1646,174,8,8,100,0,60,0,0,0,60,0,0,0,60,0,0,0,60,0,0,,0,,
3514,Monster,6619,DaJiaoLangShou,100,Viêm Hoả Tông Thử Bảo Bảo,PetHeader2_23,75,149,Hater,2636,1179,2636,1179,365180,1646,174,8,8,100,0,60,0,0,0,60,0,0,0,60,0,0,0,60,0,0,,0,,
3515,Monster,6620,NiaoRen,100,Huyền Dực Thú Trưởng Thành,PetHeader2_24,65,1196,Hater,4573,1023,4573,1023,145200,1270,151,7,7,100,0,60,0,0,0,60,0,0,0,60,0,0,0,60,0,0,,0,,
3516,Monster,6621,NiaoRen1,100,Huyền Dực Thú Biến Dị,PetHeader2_24,65,119,Hater,2286,1023,2286,1023,290400,1270,151,7,7,100,0,60,0,0,0,60,0,0,0,60,0,0,0,60,0,0,,0,,
3517,Monster,6622,NiaoRen2,100,Huyền Dực Thú Biến Dị,PetHeader2_24,65,119,Hater,2286,1023,2286,1023,290400,1270,151,7,7,100,0,60,0,0,0,60,0,0,0,60,0,0,0,60,0,0,,0,,
3518,Monster,6623,NiaoRen3,100,Huyền Dực Thú Biến Dị,PetHeader2_24,65,119,Hater,2286,1023,2286,1023,290400,1270,151,7,7,100,0,60,0,0,0,60,0,0,0,60,0,0,0,60,0,0,,0,,
3519,Monster,6624,NiaoRen4,100,Huyền Dực Thú Biến Dị,PetHeader2_24,65,119,Hater,2286,1023,2286,1023,290400,1270,151,7,7,100,0,60,0,0,0,60,0,0,0,60,0,0,0,60,0,0,,0,,
3520,Monster,6625,NiaoRen5,100,Huyền Dực Thú Biến Dị,PetHeader2_24,65,119,Hater,2286,1023,2286,1023,290400,1270,151,7,7,100,0,60,0,0,0,60,0,0,0,60,0,0,0,60,0,0,,0,,
3521,Monster,6629,NiaoRen,100,Huyền Dực Thú Bảo Bảo,PetHeader2_24,65,119,Hater,2286,1023,2286,1023,290400,1270,151,7,7,100,0,60,0,0,0,60,0,0,0,60,0,0,0,60,0,0,,0,,
3522,Monster,6630,NiaoRen,100,Xuy Huyền Dực Thú Trưởng Thành,PetHeader2_24,75,1494,Hater,5272,1179,5272,1179,182590,1646,174,8,8,100,0,60,0,0,0,60,0,0,0,60,0,0,0,60,0,0,,0,,
3523,Monster,6631,NiaoRen1,100,Xuy Huyền Dực Thú Biến Dị,PetHeader2_24,75,149,Hater,2636,1179,2636,1179,365180,1646,174,8,8,100,0,60,0,0,0,60,0,0,0,60,0,0,0,60,0,0,,0,,
3524,Monster,6632,NiaoRen2,100,Xuy Huyền Dực Thú Biến Dị,PetHeader2_24,75,149,Hater,2636,1179,2636,1179,365180,1646,174,8,8,100,0,60,0,0,0,60,0,0,0,60,0,0,0,60,0,0,,0,,
3525,Monster,6633,NiaoRen3,100,Xuy Huyền Dực Thú Biến Dị,PetHeader2_24,75,149,Hater,2636,1179,2636,1179,365180,1646,174,8,8,100,0,60,0,0,0,60,0,0,0,60,0,0,0,60,0,0,,0,,
3526,Monster,6634,NiaoRen4,100,Xuy Huyền Dực Thú Biến Dị,PetHeader2_24,75,149,Hater,2636,1179,2636,1179,365180,1646,174,8,8,100,0,60,0,0,0,60,0,0,0,60,0,0,0,60,0,0,,0,,
3527,Monster,6635,NiaoRen5,100,Xuy Huyền Dực Thú Biến Dị,PetHeader2_24,75,149,Hater,2636,1179,2636,1179,365180,1646,174,8,8,100,0,60,0,0,0,60,0,0,0,60,0,0,0,60,0,0,,0,,
3528,Monster,6636,NiaoRen6,100,Xuy Huyền Dực Thú Biến Dị,PetHeader2_24,75,149,Hater,2636,1179,2636,1179,365180,1646,174,8,8,100,0,60,0,0,0,60,0,0,0,60,0,0,0,60,0,0,,0,,
3529,Monster,6639,NiaoRen,100,Xuy Huyền Dực Thú Bảo Bảo,PetHeader2_24,75,149,Hater,2636,1179,2636,1179,365180,1646,174,8,8,100,0,60,0,0,0,60,0,0,0,60,0,0,0,60,0,0,,0,,
3530,Monster,6640,YuTu,100,Ngọc Thố Trưởng Thành,PetHeader2_25,35,37,Hater,983,461,983,461,23840,395,68,3,3,100,0,60,0,0,0,60,0,0,0,60,0,0,0,60,0,0,,0,,
3531,Monster,6641,YuTu1,100,Ngọc Thố Biến Dị,PetHeader2_25,35,37,Hater,983,461,983,461,23840,395,68,3,3,100,0,60,0,0,0,60,0,0,0,60,0,0,0,60,0,0,,0,,
3532,Monster,6642,YuTu2,100,Ngọc Thố Biến Dị,PetHeader2_25,35,37,Hater,983,461,983,461,23840,395,68,3,3,100,0,60,0,0,0,60,0,0,0,60,0,0,0,60,0,0,,0,,
3533,Monster,6649,YuTu,100,Ngọc Thố Bảo Bảo,PetHeader2_25,35,37,Hater,983,461,983,461,23840,395,68,3,3,100,0,60,0,0,0,60,0,0,0,60,0,0,0,60,0,0,,0,,
3534,Monster,6650,YuTu,100,HạoNguyệt TrưởngThành,PetHeader2_25,45,52,Hater,1260,592,1260,592,34380,551,87,4,4,100,0,60,0,0,0,60,0,0,0,60,0,0,0,60,0,0,,0,,
3535,Monster,6651,YuTu1,100,Hạo Nguyệt Biến Dị,PetHeader2_25,45,52,Hater,1260,592,1260,592,34380,551,87,4,4,100,0,60,0,0,0,60,0,0,0,60,0,0,0,60,0,0,,0,,
3536,Monster,6652,YuTu2,100,Hạo Nguyệt Biến Dị,PetHeader2_25,45,52,Hater,1260,592,1260,592,34380,551,87,4,4,100,0,60,0,0,0,60,0,0,0,60,0,0,0,60,0,0,,0,,
3537,Monster,6653,YuTu3,100,Hạo Nguyệt Biến Dị,PetHeader2_25,45,52,Hater,1260,592,1260,592,34380,551,87,4,4,100,0,60,0,0,0,60,0,0,0,60,0,0,0,60,0,0,,0,,
3538,Monster,6659,YuTu,100,Hạo Nguyệt Bảo Bảo,PetHeader2_25,45,52,Hater,1260,592,1260,592,34380,551,87,4,4,100,0,60,0,0,0,60,0,0,0,60,0,0,0,60,0,0,,0,,
3539,Monster,6660,YuTu,100,ThiềmCung TrưởngThành,PetHeader2_25,55,70,Hater,1614,722,1614,722,46600,784,106,5,5,100,0,60,0,0,0,60,0,0,0,60,0,0,0,60,0,0,,0,,
3540,Monster,6661,YuTu1,100,Thiềm Cung Biến Dị,PetHeader2_25,55,70,Hater,1614,722,1614,722,46600,784,106,5,5,100,0,60,0,0,0,60,0,0,0,60,0,0,0,60,0,0,,0,,
3541,Monster,6662,YuTu2,100,Thiềm Cung Biến Dị,PetHeader2_25,55,70,Hater,1614,722,1614,722,46600,784,106,5,5,100,0,60,0,0,0,60,0,0,0,60,0,0,0,60,0,0,,0,,
3542,Monster,6663,YuTu3,100,Thiềm Cung Biến Dị,PetHeader2_25,55,70,Hater,1614,722,1614,722,46600,784,106,5,5,100,0,60,0,0,0,60,0,0,0,60,0,0,0,60,0,0,,0,,
3543,Monster,6664,YuTu4,100,Thiềm Cung Biến Dị,PetHeader2_25,55,70,Hater,1614,722,1614,722,46600,784,106,5,5,100,0,60,0,0,0,60,0,0,0,60,0,0,0,60,0,0,,0,,
3544,Monster,6669,YuTu,100,Thiềm Cung Bảo Bảo,PetHeader2_25,55,70,Hater,1614,722,1614,722,46600,784,106,5,5,100,0,60,0,0,0,60,0,0,0,60,0,0,0,60,0,0,,0,,
3545,Monster,6670,YuTu,100,ThỏHằngNgaTrưởngThành,PetHeader2_25,65,91,Hater,1905,852,1905,852,60500,1058,126,6,6,100,0,60,0,0,0,60,0,0,0,60,0,0,0,60,0,0,,0,,
3546,Monster,6671,YuTu1,100,Thỏ Hằng Nga Biến Dị,PetHeader2_25,65,91,Hater,1905,852,1905,852,60500,1058,126,6,6,100,0,60,0,0,0,60,0,0,0,60,0,0,0,60,0,0,,0,,
3547,Monster,6672,YuTu2,100,Thỏ Hằng Nga Biến Dị,PetHeader2_25,65,91,Hater,1905,852,1905,852,60500,1058,126,6,6,100,0,60,0,0,0,60,0,0,0,60,0,0,0,60,0,0,,0,,
3548,Monster,6673,YuTu3,100,Thỏ Hằng Nga Biến Dị,PetHeader2_25,65,91,Hater,1905,852,1905,852,60500,1058,126,6,6,100,0,60,0,0,0,60,0,0,0,60,0,0,0,60,0,0,,0,,
3549,Monster,6674,YuTu4,100,Thỏ Hằng Nga Biến Dị,PetHeader2_25,65,91,Hater,1905,852,1905,852,60500,1058,126,6,6,100,0,60,0,0,0,60,0,0,0,60,0,0,0,60,0,0,,0,,
3550,Monster,6675,YuTu5,100,Thỏ Hằng Nga Biến Dị,PetHeader2_25,65,91,Hater,1905,852,1905,852,60500,1058,126,6,6,100,0,60,0,0,0,60,0,0,0,60,0,0,0,60,0,0,,0,,
3551,Monster,6679,YuTu,100,Thỏ Hằng Nga Bảo Bảo,PetHeader2_25,65,91,Hater,1905,852,1905,852,60500,1058,126,6,6,100,0,60,0,0,0,60,0,0,0,60,0,0,0,60,0,0,,0,,
3552,Monster,6680,QingSeBaWangLong,100,Tiêm Nha Bạo Long Trưởng Thành,PetHeader3_10,45,52,Hater,1260,592,1260,592,34380,551,87,4,4,100,0,60,0,0,0,60,0,0,0,60,0,0,0,60,0,0,,0,,
3553,Monster,6681,HuangSeBaWangLong,100,Tiêm Nha Bạo Long Biến Dị,PetHeader3_10,45,52,Hater,1260,592,1260,592,34380,551,87,4,4,100,0,60,0,0,0,60,0,0,0,60,0,0,0,60,0,0,,0,,
3554,Monster,6682,ZiHongSeBaWangLong,100,Tiêm Nha Bạo Long Biến Dị,PetHeader3_10,45,52,Hater,1260,592,1260,592,34380,551,87,4,4,100,0,60,0,0,0,60,0,0,0,60,0,0,0,60,0,0,,0,,
3555,Monster,6683,LanSeBanDianBaWangLong,100,Tiêm Nha Bạo Long Biến Dị,PetHeader3_10,45,52,Hater,1260,592,1260,592,34380,551,87,4,4,100,0,60,0,0,0,60,0,0,0,60,0,0,0,60,0,0,,0,,
3556,Monster,6689,QingSeBaWangLong,100,Tiêm Nha Bạo Long Bảo Bảo,PetHeader3_10,45,52,Hater,1260,592,1260,592,34380,551,87,4,4,100,0,60,0,0,0,60,0,0,0,60,0,0,0,60,0,0,,0,,
3557,Monster,6690,QingSeBaWangLong,100,Lợi Nha Bạo Long Trưởng Thành,PetHeader3_10,55,70,Hater,1614,722,1614,722,46600,784,106,5,5,100,0,60,0,0,0,60,0,0,0,60,0,0,0,60,0,0,,0,,
3558,Monster,6691,HuangSeBaWangLong,100,Lợi Nha Bạo Long Biến Dị,PetHeader3_10,55,70,Hater,1614,722,1614,722,46600,784,106,5,5,100,0,60,0,0,0,60,0,0,0,60,0,0,0,60,0,0,,0,,
3559,Monster,6692,ZiHongSeBaWangLong,100,Lợi Nha Bạo Long Biến Dị,PetHeader3_10,55,70,Hater,1614,722,1614,722,46600,784,106,5,5,100,0,60,0,0,0,60,0,0,0,60,0,0,0,60,0,0,,0,,
3560,Monster,6693,LanSeBanDianBaWangLong,100,Lợi Nha Bạo Long Biến Dị,PetHeader3_10,55,70,Hater,1614,722,1614,722,46600,784,106,5,5,100,0,60,0,0,0,60,0,0,0,60,0,0,0,60,0,0,,0,,
3561,Monster,6694,HongSeBaWangLong,100,Lợi Nha Bạo Long Biến Dị,PetHeader3_10,55,70,Hater,1614,722,1614,722,46600,784,106,5,5,100,0,60,0,0,0,60,0,0,0,60,0,0,0,60,0,0,,0,,
3562,Monster,6699,QingSeBaWangLong,100,Lợi Nha Bạo Long Bảo Bảo,PetHeader3_10,55,70,Hater,1614,722,1614,722,46600,784,106,5,5,100,0,60,0,0,0,60,0,0,0,60,0,0,0,60,0,0,,0,,
3563,Monster,6700,QingSeBaWangLong,100,Cang Nha Bạo Long Trường Thành,PetHeader3_10,65,91,Hater,1905,852,1905,852,60500,1058,126,6,6,100,0,60,0,0,0,60,0,0,0,60,0,0,0,60,0,0,,0,,
3564,Monster,6701,HuangSeBaWangLong,100,Cang Nha Bạo Long Biến Dị,PetHeader3_10,65,91,Hater,1905,852,1905,852,60500,1058,126,6,6,100,0,60,0,0,0,60,0,0,0,60,0,0,0,60,0,0,,0,,
3565,Monster,6702,ZiHongSeBaWangLong,100,Cang Nha Bạo Long Biến Dị,PetHeader3_10,65,91,Hater,1905,852,1905,852,60500,1058,126,6,6,100,0,60,0,0,0,60,0,0,0,60,0,0,0,60,0,0,,0,,
3566,Monster,6703,LanSeBanDianBaWangLong,100,Cang Nha Bạo Long Biến Dị,PetHeader3_10,65,91,Hater,1905,852,1905,852,60500,1058,126,6,6,100,0,60,0,0,0,60,0,0,0,60,0,0,0,60,0,0,,0,,
3567,Monster,6704,HongSeBaWangLong,100,Cang Nha Bạo Long Biến Dị,PetHeader3_10,65,91,Hater,1905,852,1905,852,60500,1058,126,6,6,100,0,60,0,0,0,60,0,0,0,60,0,0,0,60,0,0,,0,,
3568,Monster,6705,ZiSeBanDianBaWangLong,100,Cang Nha Bạo Long Biến Dị,PetHeader3_10,65,91,Hater,1905,852,1905,852,60500,1058,126,6,6,100,0,60,0,0,0,60,0,0,0,60,0,0,0,60,0,0,,0,,
3569,Monster,6709,QingSeBaWangLong,100,Cang Nha Bạo Long Bảo Bảo,PetHeader3_10,65,91,Hater,1905,852,1905,852,60500,1058,126,6,6,100,0,60,0,0,0,60,0,0,0,60,0,0,0,60,0,0,,0,,
3570,Monster,6710,QingSeBaWangLong,100,Huyết Nha Bạo Long Trưởng Thành,PetHeader3_10,75,113,Hater,2196,982,2196,982,76080,1372,145,7,7,100,0,60,0,0,0,60,0,0,0,60,0,0,0,60,0,0,,0,,
3571,Monster,6711,HuangSeBaWangLong,100,Huyết Nha Bạo Long Biến Dị,PetHeader3_10,75,113,Hater,2196,982,2196,982,76080,1372,145,7,7,100,0,60,0,0,0,60,0,0,0,60,0,0,0,60,0,0,,0,,
3572,Monster,6712,ZiHongSeBaWangLong,100,Huyết Nha Bạo Long Biến Dị,PetHeader3_10,75,113,Hater,2196,982,2196,982,76080,1372,145,7,7,100,0,60,0,0,0,60,0,0,0,60,0,0,0,60,0,0,,0,,
3573,Monster,6713,LanSeBanDianBaWangLong,100,Huyết Nha Bạo Long Biến Dị,PetHeader3_10,75,113,Hater,2196,982,2196,982,76080,1372,145,7,7,100,0,60,0,0,0,60,0,0,0,60,0,0,0,60,0,0,,0,,
3574,Monster,6714,HongSeBaWangLong,100,Huyết Nha Bạo Long Biến Dị,PetHeader3_10,75,113,Hater,2196,982,2196,982,76080,1372,145,7,7,100,0,60,0,0,0,60,0,0,0,60,0,0,0,60,0,0,,0,,
3575,Monster,6715,ZiSeBanDianBaWangLong,100,Huyết Nha Bạo Long Biến Dị,PetHeader3_10,75,113,Hater,2196,982,2196,982,76080,1372,145,7,7,100,0,60,0,0,0,60,0,0,0,60,0,0,0,60,0,0,,0,,
3576,Monster,6716,MoLuSeBanDianBaWangLong,100,Huyết Nha Bạo Long Biến Dị,PetHeader3_10,75,113,Hater,2196,982,2196,982,76080,1372,145,7,7,100,0,60,0,0,0,60,0,0,0,60,0,0,0,60,0,0,,0,,
3577,Monster,6719,QingSeBaWangLong,100,Huyết Nha Bạo Long Bảo Bảo,PetHeader3_10,75,113,Hater,2196,982,2196,982,76080,1372,145,7,7,100,0,60,0,0,0,60,0,0,0,60,0,0,0,60,0,0,,0,,
3578,Monster,7500,YaZuiShou,100,Áp Chuỷ Thú Trưởng Thành,PetHeader4_12,35,37,Hater,983,461,983,461,23840,395,68,3,3,100,0,60,0,0,0,60,0,0,0,60,0,0,0,60,0,0,,0,,
3579,Monster,7501,YaZuiShou1,100,Áp Chuỷ Thú Biến Dị,PetHeader4_12,35,37,Hater,983,461,983,461,23840,395,68,3,3,100,0,60,0,0,0,60,0,0,0,60,0,0,0,60,0,0,,0,,
3580,Monster,7502,YaZuiShou2,100,Áp Chuỷ Thú Biến Dị,PetHeader4_12,35,37,Hater,983,461,983,461,23840,395,68,3,3,100,0,60,0,0,0,60,0,0,0,60,0,0,0,60,0,0,,0,,
3581,Monster,7509,YaZuiShou,100,Áp Chuỷ Thú Bảo Bảo,PetHeader4_12,35,37,Hater,983,461,983,461,23840,395,68,3,3,100,0,60,0,0,0,60,0,0,0,60,0,0,0,60,0,0,,0,,
3582,Monster,7510,YaZuiShou,100,Áp Chuỷ Thú Trưởng Thành,PetHeader4_12,45,52,Hater,1260,592,1260,592,34380,551,87,4,4,100,0,60,0,0,0,60,0,0,0,60,0,0,0,60,0,0,,0,,
3583,Monster,7511,YaZuiShou1,100,Áp Chuỷ Thú Biến Dị,PetHeader4_12,45,52,Hater,1260,592,1260,592,34380,551,87,4,4,100,0,60,0,0,0,60,0,0,0,60,0,0,0,60,0,0,,0,,
3584,Monster,7512,YaZuiShou2,100,Áp Chuỷ Thú Biến Dị,PetHeader4_12,45,52,Hater,1260,592,1260,592,34380,551,87,4,4,100,0,60,0,0,0,60,0,0,0,60,0,0,0,60,0,0,,0,,
3585,Monster,7513,YaZuiShou3,100,Áp Chuỷ Thú Biến Dị,PetHeader4_12,45,52,Hater,1260,592,1260,592,34380,551,87,4,4,100,0,60,0,0,0,60,0,0,0,60,0,0,0,60,0,0,,0,,
3586,Monster,7519,YaZuiShou,100,Áp Chuỷ Thú Bảo Bảo,PetHeader4_12,45,52,Hater,1260,592,1260,592,34380,551,87,4,4,100,0,60,0,0,0,60,0,0,0,60,0,0,0,60,0,0,,0,,
3587,Monster,7520,YaZuiShou,100,Áp Chuỷ Thú Trưởng Thành,PetHeader4_12,55,70,Hater,1614,722,1614,722,46600,784,106,5,5,100,0,60,0,0,0,60,0,0,0,60,0,0,0,60,0,0,,0,,
3588,Monster,7521,YaZuiShou1,100,Áp Chuỷ Thú Biến Dị,PetHeader4_12,55,70,Hater,1614,722,1614,722,46600,784,106,5,5,100,0,60,0,0,0,60,0,0,0,60,0,0,0,60,0,0,,0,,
3589,Monster,7522,YaZuiShou2,100,Áp Chuỷ Thú Biến Dị,PetHeader4_12,55,70,Hater,1614,722,1614,722,46600,784,106,5,5,100,0,60,0,0,0,60,0,0,0,60,0,0,0,60,0,0,,0,,
3590,Monster,7523,YaZuiShou3,100,Áp Chuỷ Thú Biến Dị,PetHeader4_12,55,70,Hater,1614,722,1614,722,46600,784,106,5,5,100,0,60,0,0,0,60,0,0,0,60,0,0,0,60,0,0,,0,,
3591,Monster,7524,YaZuiShou4,100,Áp Chuỷ Thú Biến Dị,PetHeader4_12,55,70,Hater,1614,722,1614,722,46600,784,106,5,5,100,0,60,0,0,0,60,0,0,0,60,0,0,0,60,0,0,,0,,
3592,Monster,7529,YaZuiShou,100,Áp Chuỷ Thú Bảo Bảo,PetHeader4_12,55,70,Hater,1614,722,1614,722,46600,784,106,5,5,100,0,60,0,0,0,60,0,0,0,60,0,0,0,60,0,0,,0,,
3593,Monster,7530,YaZuiShou,100,Áp Chuỷ Thú Trưởng Thành,PetHeader4_12,65,91,Hater,1905,852,1905,852,60500,1058,126,6,6,100,0,60,0,0,0,60,0,0,0,60,0,0,0,60,0,0,,0,,
3594,Monster,7531,YaZuiShou1,100,Áp Chuỷ Thú Biến Dị,PetHeader4_12,65,91,Hater,1905,852,1905,852,60500,1058,126,6,6,100,0,60,0,0,0,60,0,0,0,60,0,0,0,60,0,0,,0,,
3595,Monster,7532,YaZuiShou2,100,Áp Chuỷ Thú Biến Dị,PetHeader4_12,65,91,Hater,1905,852,1905,852,60500,1058,126,6,6,100,0,60,0,0,0,60,0,0,0,60,0,0,0,60,0,0,,0,,
3596,Monster,7533,YaZuiShou3,100,Áp Chuỷ Thú Biến Dị,PetHeader4_12,65,91,Hater,1905,852,1905,852,60500,1058,126,6,6,100,0,60,0,0,0,60,0,0,0,60,0,0,0,60,0,0,,0,,
3597,Monster,7534,YaZuiShou4,100,Áp Chuỷ Thú Biến Dị,PetHeader4_12,65,91,Hater,1905,852,1905,852,60500,1058,126,6,6,100,0,60,0,0,0,60,0,0,0,60,0,0,0,60,0,0,,0,,
3598,Monster,7535,YaZuiShou5,100,Áp Chuỷ Thú Biến Dị,PetHeader4_12,65,91,Hater,1905,852,1905,852,60500,1058,126,6,6,100,0,60,0,0,0,60,0,0,0,60,0,0,0,60,0,0,,0,,
3599,Monster,7539,YaZuiShou,100,Áp Chuỷ Thú Bảo Bảo,PetHeader4_12,65,91,Hater,1905,852,1905,852,60500,1058,126,6,6,100,0,60,0,0,0,60,0,0,0,60,0,0,0,60,0,0,,0,,
3600,Monster,7540,YaZuiShou,100,Áp Chuỷ Thú Trưởng Thành,PetHeader4_12,75,113,Hater,2196,982,2196,982,76080,1372,145,7,7,100,0,60,0,0,0,60,0,0,0,60,0,0,0,60,0,0,,0,,
3601,Monster,7541,YaZuiShou1,100,Áp Chuỷ Thú Biến Dị,PetHeader4_12,75,113,Hater,2196,982,2196,982,76080,1372,145,7,7,100,0,60,0,0,0,60,0,0,0,60,0,0,0,60,0,0,,0,,
3602,Monster,7542,YaZuiShou2,100,Áp Chuỷ Thú Biến Dị,PetHeader4_12,75,113,Hater,2196,982,2196,982,76080,1372,145,7,7,100,0,60,0,0,0,60,0,0,0,60,0,0,0,60,0,0,,0,,
3603,Monster,7543,YaZuiShou3,100,Áp Chuỷ Thú Biến Dị,PetHeader4_12,75,113,Hater,2196,982,2196,982,76080,1372,145,7,7,100,0,60,0,0,0,60,0,0,0,60,0,0,0,60,0,0,,0,,
3604,Monster,7544,YaZuiShou4,100,Áp Chuỷ Thú Biến Dị,PetHeader4_12,75,113,Hater,2196,982,2196,982,76080,1372,145,7,7,100,0,60,0,0,0,60,0,0,0,60,0,0,0,60,0,0,,0,,
3605,Monster,7545,YaZuiShou5,100,Áp Chuỷ Thú Biến Dị,PetHeader4_12,75,113,Hater,2196,982,2196,982,76080,1372,145,7,7,100,0,60,0,0,0,60,0,0,0,60,0,0,0,60,0,0,,0,,
3606,Monster,7546,YaZuiShou6,100,Áp Chuỷ Thú Biến Dị,PetHeader4_12,75,113,Hater,2196,982,2196,982,76080,1372,145,7,7,100,0,60,0,0,0,60,0,0,0,60,0,0,0,60,0,0,,0,,
3607,Monster,7549,YaZuiShou,100,Áp Chuỷ Thú Bảo Bảo,PetHeader4_12,75,113,Hater,2196,982,2196,982,76080,1372,145,7,7,100,0,60,0,0,0,60,0,0,0,60,0,0,0,60,0,0,,0,,
3608,Monster,7550,YaZuiShou,100,Áp Chuỷ Thú Trưởng Thành,PetHeader4_12,85,138,Hater,2487,1112,2487,1112,93340,1726,164,7,7,100,0,60,0,0,0,60,0,0,0,60,0,0,0,60,0,0,,0,,
3609,Monster,7551,YaZuiShou1,100,Áp Chuỷ Thú Biến Dị,PetHeader4_12,85,138,Hater,2487,1112,2487,1112,93340,1726,164,7,7,100,0,60,0,0,0,60,0,0,0,60,0,0,0,60,0,0,,0,,
3610,Monster,7552,YaZuiShou2,100,Áp Chuỷ Thú Biến Dị,PetHeader4_12,85,138,Hater,2487,1112,2487,1112,93340,1726,164,7,7,100,0,60,0,0,0,60,0,0,0,60,0,0,0,60,0,0,,0,,
3611,Monster,7553,YaZuiShou3,100,Áp Chuỷ Thú Biến Dị,PetHeader4_12,85,138,Hater,2487,1112,2487,1112,93340,1726,164,7,7,100,0,60,0,0,0,60,0,0,0,60,0,0,0,60,0,0,,0,,
3612,Monster,7554,YaZuiShou4,100,Áp Chuỷ Thú Biến Dị,PetHeader4_12,85,138,Hater,2487,1112,2487,1112,93340,1726,164,7,7,100,0,60,0,0,0,60,0,0,0,60,0,0,0,60,0,0,,0,,
3613,Monster,7555,YaZuiShou5,100,Áp Chuỷ Thú Biến Dị,PetHeader4_12,85,138,Hater,2487,1112,2487,1112,93340,1726,164,7,7,100,0,60,0,0,0,60,0,0,0,60,0,0,0,60,0,0,,0,,
3614,Monster,7556,YaZuiShou6,100,Áp Chuỷ Thú Biến Dị,PetHeader4_12,85,138,Hater,2487,1112,2487,1112,93340,1726,164,7,7,100,0,60,0,0,0,60,0,0,0,60,0,0,0,60,0,0,,0,,
3615,Monster,7557,YaZuiShou7,100,Áp Chuỷ Thú Biến Dị,PetHeader4_12,85,138,Hater,2487,1112,2487,1112,93340,1726,164,7,7,100,0,60,0,0,0,60,0,0,0,60,0,0,0,60,0,0,,0,,
3616,Monster,7559,YaZuiShou,100,Áp Chuỷ Thú Bảo Bảo,PetHeader4_12,85,138,Hater,2487,1112,2487,1112,93340,1726,164,7,7,100,0,60,0,0,0,60,0,0,0,60,0,0,0,60,0,0,,0,,
3617,Monster,7560,YaZuiShou,100,Áp Chuỷ Thú Trưởng Thành,PetHeader4_12,95,158,Hater,3043,1243,3043,1243,112280,1927,183,8,8,100,0,60,0,0,0,60,0,0,0,60,0,0,0,60,0,0,,0,,
3618,Monster,7561,YaZuiShou1,100,Áp Chuỷ Thú Biến Dị,PetHeader4_12,95,158,Hater,3043,1243,3043,1243,112280,1927,183,8,8,100,0,60,0,0,0,60,0,0,0,60,0,0,0,60,0,0,,0,,
3619,Monster,7562,YaZuiShou2,100,Áp Chuỷ Thú Biến Dị,PetHeader4_12,95,158,Hater,3043,1243,3043,1243,112280,1927,183,8,8,100,0,60,0,0,0,60,0,0,0,60,0,0,0,60,0,0,,0,,
3620,Monster,7563,YaZuiShou3,100,Áp Chuỷ Thú Biến Dị,PetHeader4_12,95,158,Hater,3043,1243,3043,1243,112280,1927,183,8,8,100,0,60,0,0,0,60,0,0,0,60,0,0,0,60,0,0,,0,,
3621,Monster,7564,YaZuiShou4,100,Áp Chuỷ Thú Biến Dị,PetHeader4_12,95,158,Hater,3043,1243,3043,1243,112280,1927,183,8,8,100,0,60,0,0,0,60,0,0,0,60,0,0,0,60,0,0,,0,,
3622,Monster,7565,YaZuiShou5,100,Áp Chuỷ Thú Biến Dị,PetHeader4_12,95,158,Hater,3043,1243,3043,1243,112280,1927,183,8,8,100,0,60,0,0,0,60,0,0,0,60,0,0,0,60,0,0,,0,,
3623,Monster,7566,YaZuiShou6,100,Áp Chuỷ Thú Biến Dị,PetHeader4_12,95,158,Hater,3043,1243,3043,1243,112280,1927,183,8,8,100,0,60,0,0,0,60,0,0,0,60,0,0,0,60,0,0,,0,,
3624,Monster,7567,YaZuiShou7,100,Áp Chuỷ Thú Biến Dị,PetHeader4_12,95,158,Hater,3043,1243,3043,1243,112280,1927,183,8,8,100,0,60,0,0,0,60,0,0,0,60,0,0,0,60,0,0,,0,,
3625,Monster,7568,YaZuiShou7,100,Áp Chuỷ Thú Biến Dị,PetHeader4_12,95,158,Hater,3043,1243,3043,1243,112280,1927,183,8,8,100,0,60,0,0,0,60,0,0,0,60,0,0,0,60,0,0,,0,,
3626,Monster,7569,YaZuiShou,100,Áp Chuỷ Thú Bảo Bảo,PetHeader4_12,95,158,Hater,3043,1243,3043,1243,112280,1927,183,8,8,100,0,60,0,0,0,60,0,0,0,60,0,0,0,60,0,0,,0,,
3627,Monster,7570,BaiSeBaiHu,100,Tuyết Hồ Trưởng Thành,PetHeader3_15,35,37,Hater,983,461,983,461,23840,395,68,3,3,100,0,60,0,0,0,60,0,0,0,60,0,0,0,60,0,0,,0,,
3628,Monster,7579,BaiSeBaiHu,100,Tuyết Hồ Bảo Bảo,PetHeader3_15,35,37,Hater,983,461,983,461,23840,395,68,3,3,100,0,60,0,0,0,60,0,0,0,60,0,0,0,60,0,0,,0,,
3629,Monster,7580,BaiSeBaiHu,100,Tuyết Hồ Trưởng Thành,PetHeader3_15,45,52,Hater,1260,592,1260,592,34380,551,87,4,4,100,0,60,0,0,0,60,0,0,0,60,0,0,0,60,0,0,,0,,
3630,Monster,7589,BaiSeBaiHu,100,Tuyết Hồ Bảo Bảo,PetHeader3_15,45,52,Hater,1260,592,1260,592,34380,551,87,4,4,100,0,60,0,0,0,60,0,0,0,60,0,0,0,60,0,0,,0,,
3631,Monster,7590,BaiSeBaiHu,100,Tuyết Hồ Trưởng Thành,PetHeader3_15,55,70,Hater,1614,722,1614,722,46600,784,106,5,5,100,0,60,0,0,0,60,0,0,0,60,0,0,0,60,0,0,,0,,
3632,Monster,7599,BaiSeBaiHu,100,Tuyết Hồ Bảo Bảo,PetHeader3_15,55,70,Hater,1614,722,1614,722,46600,784,106,5,5,100,0,60,0,0,0,60,0,0,0,60,0,0,0,60,0,0,,0,,
3633,Monster,7600,BaiSeBaiHu,100,Tuyết Hồ Trưởng Thành,PetHeader3_15,65,91,Hater,1905,852,1905,852,60500,1058,126,6,6,100,0,60,0,0,0,60,0,0,0,60,0,0,0,60,0,0,,0,,
3634,Monster,7609,BaiSeBaiHu,100,Tuyết Hồ Bảo Bảo,PetHeader3_15,65,91,Hater,1905,852,1905,852,60500,1058,126,6,6,100,0,60,0,0,0,60,0,0,0,60,0,0,0,60,0,0,,0,,
3635,Monster,7610,BaiSeBaiHu,100,Tuyết Hồ Trưởng Thành,PetHeader3_15,75,113,Hater,2196,982,2196,982,76080,1372,145,7,7,100,0,60,0,0,0,60,0,0,0,60,0,0,0,60,0,0,,0,,
3636,Monster,7619,BaiSeBaiHu,100,Tuyết Hồ Bảo Bảo,PetHeader3_15,75,113,Hater,2196,982,2196,982,76080,1372,145,7,7,100,0,60,0,0,0,60,0,0,0,60,0,0,0,60,0,0,,0,,
3637,Monster,7620,BaiSeBaiHu,100,Tuyết Hồ Trưởng Thành,PetHeader3_15,85,138,Hater,2487,1112,2487,1112,93340,1726,164,7,7,100,0,60,0,0,0,60,0,0,0,60,0,0,0,60,0,0,,0,,
3638,Monster,7629,BaiSeBaiHu,100,Tuyết Hồ Bảo Bảo,PetHeader3_15,85,138,Hater,2487,1112,2487,1112,93340,1726,164,7,7,100,0,60,0,0,0,60,0,0,0,60,0,0,0,60,0,0,,0,,
3639,Monster,7630,BaiSeBaiHu,100,Tuyết Hồ Trưởng Thành,PetHeader3_15,95,158,Hater,3043,1243,3043,1243,112280,1927,183,8,8,100,0,60,0,0,0,60,0,0,0,60,0,0,0,60,0,0,,0,,
3640,Monster,7633,DanHuangTiaoWenWeiBaiHu,100,Tuyết Hồ Biến Dị,PetHeader3_15,95,158,Hater,3043,1243,3043,1243,112280,1927,183,8,8,100,0,60,0,0,0,60,0,0,0,60,0,0,0,60,0,0,,0,,
3641,Monster,7639,BaiSeBaiHu,100,Tuyết Hồ Bảo Bảo,PetHeader3_15,95,158,Hater,3043,1243,3043,1243,112280,1927,183,8,8,100,0,60,0,0,0,60,0,0,0,60,0,0,0,60,0,0,,0,,
3642,Monster,7640,LongMao,100,Long Miêu Trưởng Thành,PetHeader4_5,35,37,Hater,983,461,983,461,23840,395,68,3,3,100,0,60,0,0,0,60,0,0,0,60,0,0,0,60,0,0,,0,,
3643,Monster,7641,LongMao1,100,Long Miêu Biến Dị,PetHeader4_5,35,37,Hater,983,461,983,461,23840,395,68,3,3,100,0,60,0,0,0,60,0,0,0,60,0,0,0,60,0,0,,0,,
3644,Monster,7642,LongMao2,100,Long Miêu Biến Dị,PetHeader4_5,35,37,Hater,983,461,983,461,23840,395,68,3,3,100,0,60,0,0,0,60,0,0,0,60,0,0,0,60,0,0,,0,,
3645,Monster,7649,LongMao,100,Long Miêu Bảo Bảo,PetHeader4_5,35,37,Hater,983,461,983,461,23840,395,68,3,3,100,0,60,0,0,0,60,0,0,0,60,0,0,0,60,0,0,,0,,
3646,Monster,7650,LongMao,100,Long Miêu Trưởng Thành,PetHeader4_5,45,52,Hater,1260,592,1260,592,34380,551,87,4,4,100,0,60,0,0,0,60,0,0,0,60,0,0,0,60,0,0,,0,,
3647,Monster,7651,LongMao1,100,Long Miêu Biến Dị,PetHeader4_5,45,52,Hater,1260,592,1260,592,34380,551,87,4,4,100,0,60,0,0,0,60,0,0,0,60,0,0,0,60,0,0,,0,,
3648,Monster,7652,LongMao2,100,Long Miêu Biến Dị,PetHeader4_5,45,52,Hater,1260,592,1260,592,34380,551,87,4,4,100,0,60,0,0,0,60,0,0,0,60,0,0,0,60,0,0,,0,,
3649,Monster,7653,LongMao3,100,Long Miêu Biến Dị,PetHeader4_5,45,52,Hater,1260,592,1260,592,34380,551,87,4,4,100,0,60,0,0,0,60,0,0,0,60,0,0,0,60,0,0,,0,,
3650,Monster,7659,LongMao,100,Long Miêu Bảo Bảo,PetHeader4_5,45,52,Hater,1260,592,1260,592,34380,551,87,4,4,100,0,60,0,0,0,60,0,0,0,60,0,0,0,60,0,0,,0,,
3651,Monster,7660,LongMao,100,Long Miêu Trưởng Thành,PetHeader4_5,55,70,Hater,1614,722,1614,722,46600,784,106,5,5,100,0,60,0,0,0,60,0,0,0,60,0,0,0,60,0,0,,0,,
3652,Monster,7661,LongMao1,100,Long Miêu Biến Dị,PetHeader4_5,55,70,Hater,1614,722,1614,722,46600,784,106,5,5,100,0,60,0,0,0,60,0,0,0,60,0,0,0,60,0,0,,0,,
3653,Monster,7662,LongMao2,100,Long Miêu Biến Dị,PetHeader4_5,55,70,Hater,1614,722,1614,722,46600,784,106,5,5,100,0,60,0,0,0,60,0,0,0,60,0,0,0,60,0,0,,0,,
3654,Monster,7663,LongMao3,100,Long Miêu Biến Dị,PetHeader4_5,55,70,Hater,1614,722,1614,722,46600,784,106,5,5,100,0,60,0,0,0,60,0,0,0,60,0,0,0,60,0,0,,0,,
3655,Monster,7664,LongMao4,100,Long Miêu Biến Dị,PetHeader4_5,55,70,Hater,1614,722,1614,722,46600,784,106,5,5,100,0,60,0,0,0,60,0,0,0,60,0,0,0,60,0,0,,0,,
3656,Monster,7669,LongMao,100,Long Miêu Bảo Bảo,PetHeader4_5,55,70,Hater,1614,722,1614,722,46600,784,106,5,5,100,0,60,0,0,0,60,0,0,0,60,0,0,0,60,0,0,,0,,
3657,Monster,7670,LongMao,100,Long Miêu Trưởng Thành,PetHeader4_5,65,91,Hater,1905,852,1905,852,60500,1058,126,6,6,100,0,60,0,0,0,60,0,0,0,60,0,0,0,60,0,0,,0,,
3658,Monster,7671,LongMao1,100,Long Miêu Biến Dị,PetHeader4_5,65,91,Hater,1905,852,1905,852,60500,1058,126,6,6,100,0,60,0,0,0,60,0,0,0,60,0,0,0,60,0,0,,0,,
3659,Monster,7672,LongMao2,100,Long Miêu Biến Dị,PetHeader4_5,65,91,Hater,1905,852,1905,852,60500,1058,126,6,6,100,0,60,0,0,0,60,0,0,0,60,0,0,0,60,0,0,,0,,
3660,Monster,7673,LongMao3,100,Long Miêu Biến Dị,PetHeader4_5,65,91,Hater,1905,852,1905,852,60500,1058,126,6,6,100,0,60,0,0,0,60,0,0,0,60,0,0,0,60,0,0,,0,,
3661,Monster,7674,LongMao4,100,Long Miêu Biến Dị,PetHeader4_5,65,91,Hater,1905,852,1905,852,60500,1058,126,6,6,100,0,60,0,0,0,60,0,0,0,60,0,0,0,60,0,0,,0,,
3662,Monster,7675,LongMao5,100,Long Miêu Biến Dị,PetHeader4_5,65,91,Hater,1905,852,1905,852,60500,1058,126,6,6,100,0,60,0,0,0,60,0,0,0,60,0,0,0,60,0,0,,0,,
3663,Monster,7679,LongMao,100,Long Miêu Bảo Bảo,PetHeader4_5,65,91,Hater,1905,852,1905,852,60500,1058,126,6,6,100,0,60,0,0,0,60,0,0,0,60,0,0,0,60,0,0,,0,,
3664,Monster,7680,LongMao,100,Long Miêu Trưởng Thành,PetHeader4_5,75,113,Hater,2196,982,2196,982,76080,1372,145,7,7,100,0,60,0,0,0,60,0,0,0,60,0,0,0,60,0,0,,0,,
3665,Monster,7681,LongMao1,100,Long Miêu Biến Dị,PetHeader4_5,75,113,Hater,2196,982,2196,982,76080,1372,145,7,7,100,0,60,0,0,0,60,0,0,0,60,0,0,0,60,0,0,,0,,
3666,Monster,7682,LongMao2,100,Long Miêu Biến Dị,PetHeader4_5,75,113,Hater,2196,982,2196,982,76080,1372,145,7,7,100,0,60,0,0,0,60,0,0,0,60,0,0,0,60,0,0,,0,,
3667,Monster,7683,LongMao3,100,Long Miêu Biến Dị,PetHeader4_5,75,113,Hater,2196,982,2196,982,76080,1372,145,7,7,100,0,60,0,0,0,60,0,0,0,60,0,0,0,60,0,0,,0,,
3668,Monster,7684,LongMao4,100,Long Miêu Biến Dị,PetHeader4_5,75,113,Hater,2196,982,2196,982,76080,1372,145,7,7,100,0,60,0,0,0,60,0,0,0,60,0,0,0,60,0,0,,0,,
3669,Monster,7685,LongMao5,100,Long Miêu Biến Dị,PetHeader4_5,75,113,Hater,2196,982,2196,982,76080,1372,145,7,7,100,0,60,0,0,0,60,0,0,0,60,0,0,0,60,0,0,,0,,
3670,Monster,7686,LongMao6,100,Long Miêu Biến Dị,PetHeader4_5,75,113,Hater,2196,982,2196,982,76080,1372,145,7,7,100,0,60,0,0,0,60,0,0,0,60,0,0,0,60,0,0,,0,,
3671,Monster,7689,LongMao,100,Long Miêu Bảo Bảo,PetHeader4_5,75,113,Hater,2196,982,2196,982,76080,1372,145,7,7,100,0,60,0,0,0,60,0,0,0,60,0,0,0,60,0,0,,0,,
3672,Monster,7690,LongMao,100,Long Miêu Trưởng Thành,PetHeader4_5,85,138,Hater,2487,1112,2487,1112,93340,1726,164,7,7,100,0,60,0,0,0,60,0,0,0,60,0,0,0,60,0,0,,0,,
3673,Monster,7691,LongMao1,100,Long Miêu Biến Dị,PetHeader4_5,85,138,Hater,2487,1112,2487,1112,93340,1726,164,7,7,100,0,60,0,0,0,60,0,0,0,60,0,0,0,60,0,0,,0,,
3674,Monster,7692,LongMao2,100,Long Miêu Biến Dị,PetHeader4_5,85,138,Hater,2487,1112,2487,1112,93340,1726,164,7,7,100,0,60,0,0,0,60,0,0,0,60,0,0,0,60,0,0,,0,,
3675,Monster,7693,LongMao3,100,Long Miêu Biến Dị,PetHeader4_5,85,138,Hater,2487,1112,2487,1112,93340,1726,164,7,7,100,0,60,0,0,0,60,0,0,0,60,0,0,0,60,0,0,,0,,
3676,Monster,7694,LongMao4,100,Long Miêu Biến Dị,PetHeader4_5,85,138,Hater,2487,1112,2487,1112,93340,1726,164,7,7,100,0,60,0,0,0,60,0,0,0,60,0,0,0,60,0,0,,0,,
3677,Monster,7695,LongMao5,100,Long Miêu Biến Dị,PetHeader4_5,85,138,Hater,2487,1112,2487,1112,93340,1726,164,7,7,100,0,60,0,0,0,60,0,0,0,60,0,0,0,60,0,0,,0,,
3678,Monster,7696,LongMao6,100,Long Miêu Biến Dị,PetHeader4_5,85,138,Hater,2487,1112,2487,1112,93340,1726,164,7,7,100,0,60,0,0,0,60,0,0,0,60,0,0,0,60,0,0,,0,,
3679,Monster,7697,LongMao7,100,Long Miêu Biến Dị,PetHeader4_5,85,138,Hater,2487,1112,2487,1112,93340,1726,164,7,7,100,0,60,0,0,0,60,0,0,0,60,0,0,0,60,0,0,,0,,
3680,Monster,7699,LongMao,100,Long Miêu Bảo Bảo,PetHeader4_5,85,138,Hater,2487,1112,2487,1112,93340,1726,164,7,7,100,0,60,0,0,0,60,0,0,0,60,0,0,0,60,0,0,,0,,
3681,Monster,7700,LongMao,100,Long Miêu Trưởng Thành,PetHeader4_5,95,158,Hater,3043,1243,3043,1243,112280,1927,183,8,8,100,0,60,0,0,0,60,0,0,0,60,0,0,0,60,0,0,,0,,
3682,Monster,7701,LongMao1,100,Long Miêu Biến Dị,PetHeader4_5,95,158,Hater,3043,1243,3043,1243,112280,1927,183,8,8,100,0,60,0,0,0,60,0,0,0,60,0,0,0,60,0,0,,0,,
3683,Monster,7702,LongMao2,100,Long Miêu Biến Dị,PetHeader4_5,95,158,Hater,3043,1243,3043,1243,112280,1927,183,8,8,100,0,60,0,0,0,60,0,0,0,60,0,0,0,60,0,0,,0,,
3684,Monster,7703,LongMao3,100,Long Miêu Biến Dị,PetHeader4_5,95,158,Hater,3043,1243,3043,1243,112280,1927,183,8,8,100,0,60,0,0,0,60,0,0,0,60,0,0,0,60,0,0,,0,,
3685,Monster,7704,LongMao4,100,Long Miêu Biến Dị,PetHeader4_5,95,158,Hater,3043,1243,3043,1243,112280,1927,183,8,8,100,0,60,0,0,0,60,0,0,0,60,0,0,0,60,0,0,,0,,
3686,Monster,7705,LongMao5,100,Long Miêu Biến Dị,PetHeader4_5,95,158,Hater,3043,1243,3043,1243,112280,1927,183,8,8,100,0,60,0,0,0,60,0,0,0,60,0,0,0,60,0,0,,0,,
3687,Monster,7706,LongMao6,100,Long Miêu Biến Dị,PetHeader4_5,95,158,Hater,3043,1243,3043,1243,112280,1927,183,8,8,100,0,60,0,0,0,60,0,0,0,60,0,0,0,60,0,0,,0,,
3688,Monster,7707,LongMao7,100,Long Miêu Biến Dị,PetHeader4_5,95,158,Hater,3043,1243,3043,1243,112280,1927,183,8,8,100,0,60,0,0,0,60,0,0,0,60,0,0,0,60,0,0,,0,,
3689,Monster,7708,LongMao7,100,Long Miêu Biến Dị,PetHeader4_5,95,158,Hater,3043,1243,3043,1243,112280,1927,183,8,8,100,0,60,0,0,0,60,0,0,0,60,0,0,0,60,0,0,,0,,
3690,Monster,7709,LongMao,100,Long Miêu Bảo Bảo,PetHeader4_5,95,158,Hater,3043,1243,3043,1243,112280,1927,183,8,8,100,0,60,0,0,0,60,0,0,0,60,0,0,0,60,0,0,,0,,
3691,Monster,7710,HeiSeXiNiao,100,Tê Điểu Trưởng Thành,PetHeader3_19,35,37,Hater,983,461,983,461,23840,395,68,3,3,100,0,60,0,0,0,60,0,0,0,60,0,0,0,60,0,0,,0,,
3692,Monster,7711,LuSeXiNiao,100,Tê Điểu Biến Dị,PetHeader3_19,35,37,Hater,983,461,983,461,23840,395,68,3,3,100,0,60,0,0,0,60,0,0,0,60,0,0,0,60,0,0,,0,,
3693,Monster,7712,LuSeXiNiao,100,Tê Điểu Biến Dị,PetHeader3_19,35,37,Hater,983,461,983,461,23840,395,68,3,3,100,0,60,0,0,0,60,0,0,0,60,0,0,0,60,0,0,,0,,
3694,Monster,7719,HeiSeXiNiao,100,Tê Điểu Bảo Bảo,PetHeader3_19,35,37,Hater,983,461,983,461,23840,395,68,3,3,100,0,60,0,0,0,60,0,0,0,60,0,0,0,60,0,0,,0,,
3695,Monster,7720,HeiSeXiNiao,100,Tê Điểu Trưởng Thành,PetHeader3_19,45,52,Hater,1260,592,1260,592,34380,551,87,4,4,100,0,60,0,0,0,60,0,0,0,60,0,0,0,60,0,0,,0,,
3696,Monster,7721,LuSeXiNiao,100,Tê Điểu Biến Dị,PetHeader3_19,45,52,Hater,1260,592,1260,592,34380,551,87,4,4,100,0,60,0,0,0,60,0,0,0,60,0,0,0,60,0,0,,0,,
3697,Monster,7722,LuSeXiNiao,100,Tê Điểu Biến Dị,PetHeader3_19,45,52,Hater,1260,592,1260,592,34380,551,87,4,4,100,0,60,0,0,0,60,0,0,0,60,0,0,0,60,0,0,,0,,
3698,Monster,7723,LuSeXiNiao,100,Tê Điểu Biến Dị,PetHeader3_19,45,52,Hater,1260,592,1260,592,34380,551,87,4,4,100,0,60,0,0,0,60,0,0,0,60,0,0,0,60,0,0,,0,,
3699,Monster,7729,HeiSeXiNiao,100,Tê Điểu Bảo Bảo,PetHeader3_19,45,52,Hater,1260,592,1260,592,34380,551,87,4,4,100,0,60,0,0,0,60,0,0,0,60,0,0,0,60,0,0,,0,,
3700,Monster,7730,HeiSeXiNiao,100,Tê Điểu Trưởng Thành,PetHeader3_19,55,70,Hater,1614,722,1614,722,46600,784,106,5,5,100,0,60,0,0,0,60,0,0,0,60,0,0,0,60,0,0,,0,,
3701,Monster,7731,LuSeXiNiao,100,Tê Điểu Biến Dị,PetHeader3_19,55,70,Hater,1614,722,1614,722,46600,784,106,5,5,100,0,60,0,0,0,60,0,0,0,60,0,0,0,60,0,0,,0,,
3702,Monster,7732,LuSeXiNiao,100,Tê Điểu Biến Dị,PetHeader3_19,55,70,Hater,1614,722,1614,722,46600,784,106,5,5,100,0,60,0,0,0,60,0,0,0,60,0,0,0,60,0,0,,0,,
3703,Monster,7733,LuSeXiNiao,100,Tê Điểu Biến Dị,PetHeader3_19,55,70,Hater,1614,722,1614,722,46600,784,106,5,5,100,0,60,0,0,0,60,0,0,0,60,0,0,0,60,0,0,,0,,
3704,Monster,7734,LuSeXiNiao,100,Tê Điểu Biến Dị,PetHeader3_19,55,70,Hater,1614,722,1614,722,46600,784,106,5,5,100,0,60,0,0,0,60,0,0,0,60,0,0,0,60,0,0,,0,,
3705,Monster,7739,HeiSeXiNiao,100,Tê Điểu Bảo Bảo,PetHeader3_19,55,70,Hater,1614,722,1614,722,46600,784,106,5,5,100,0,60,0,0,0,60,0,0,0,60,0,0,0,60,0,0,,0,,
3706,Monster,7740,HeiSeXiNiao,100,Tê Điểu Trưởng Thành,PetHeader3_19,65,91,Hater,1905,852,1905,852,60500,1058,126,6,6,100,0,60,0,0,0,60,0,0,0,60,0,0,0,60,0,0,,0,,
3707,Monster,7741,LuSeXiNiao,100,Tê Điểu Biến Dị,PetHeader3_19,65,91,Hater,1905,852,1905,852,60500,1058,126,6,6,100,0,60,0,0,0,60,0,0,0,60,0,0,0,60,0,0,,0,,
3708,Monster,7742,LuSeXiNiao,100,Tê Điểu Biến Dị,PetHeader3_19,65,91,Hater,1905,852,1905,852,60500,1058,126,6,6,100,0,60,0,0,0,60,0,0,0,60,0,0,0,60,0,0,,0,,
3709,Monster,7743,LuSeXiNiao,100,Tê Điểu Biến Dị,PetHeader3_19,65,91,Hater,1905,852,1905,852,60500,1058,126,6,6,100,0,60,0,0,0,60,0,0,0,60,0,0,0,60,0,0,,0,,
3710,Monster,7744,LuSeXiNiao,100,Tê Điểu Biến Dị,PetHeader3_19,65,91,Hater,1905,852,1905,852,60500,1058,126,6,6,100,0,60,0,0,0,60,0,0,0,60,0,0,0,60,0,0,,0,,
3711,Monster,7745,LuSeXiNiao,100,Tê Điểu Biến Dị,PetHeader3_19,65,91,Hater,1905,852,1905,852,60500,1058,126,6,6,100,0,60,0,0,0,60,0,0,0,60,0,0,0,60,0,0,,0,,
3712,Monster,7749,HeiSeXiNiao,100,Tê Điểu Bảo Bảo,PetHeader3_19,65,91,Hater,1905,852,1905,852,60500,1058,126,6,6,100,0,60,0,0,0,60,0,0,0,60,0,0,0,60,0,0,,0,,
3713,Monster,7750,HeiSeXiNiao,100,Tê Điểu Trưởng Thành,PetHeader3_19,75,113,Hater,2196,982,2196,982,76080,1372,145,7,7,100,0,60,0,0,0,60,0,0,0,60,0,0,0,60,0,0,,0,,
3714,Monster,7751,LuSeXiNiao,100,Tê Điểu Biến Dị,PetHeader3_19,75,113,Hater,2196,982,2196,982,76080,1372,145,7,7,100,0,60,0,0,0,60,0,0,0,60,0,0,0,60,0,0,,0,,
3715,Monster,7752,LuSeXiNiao,100,Tê Điểu Biến Dị,PetHeader3_19,75,113,Hater,2196,982,2196,982,76080,1372,145,7,7,100,0,60,0,0,0,60,0,0,0,60,0,0,0,60,0,0,,0,,
3716,Monster,7753,LuSeXiNiao,100,Tê Điểu Biến Dị,PetHeader3_19,75,113,Hater,2196,982,2196,982,76080,1372,145,7,7,100,0,60,0,0,0,60,0,0,0,60,0,0,0,60,0,0,,0,,
3717,Monster,7754,LuSeXiNiao,100,Tê Điểu Biến Dị,PetHeader3_19,75,113,Hater,2196,982,2196,982,76080,1372,145,7,7,100,0,60,0,0,0,60,0,0,0,60,0,0,0,60,0,0,,0,,
3718,Monster,7755,LuSeXiNiao,100,Tê Điểu Biến Dị,PetHeader3_19,75,113,Hater,2196,982,2196,982,76080,1372,145,7,7,100,0,60,0,0,0,60,0,0,0,60,0,0,0,60,0,0,,0,,
3719,Monster,7756,LuSeXiNiao,100,Tê Điểu Biến Dị,PetHeader3_19,75,113,Hater,2196,982,2196,982,76080,1372,145,7,7,100,0,60,0,0,0,60,0,0,0,60,0,0,0,60,0,0,,0,,
3720,Monster,7759,HeiSeXiNiao,100,Tê Điểu Bảo Bảo,PetHeader3_19,75,113,Hater,2196,982,2196,982,76080,1372,145,7,7,100,0,60,0,0,0,60,0,0,0,60,0,0,0,60,0,0,,0,,
3721,Monster,7760,HeiSeXiNiao,100,Tê Điểu Trưởng Thành,PetHeader3_19,85,138,Hater,2487,1112,2487,1112,93340,1726,164,7,7,100,0,60,0,0,0,60,0,0,0,60,0,0,0,60,0,0,,0,,
3722,Monster,7761,LuSeXiNiao,100,Tê Điểu Biến Dị,PetHeader3_19,85,138,Hater,2487,1112,2487,1112,93340,1726,164,7,7,100,0,60,0,0,0,60,0,0,0,60,0,0,0,60,0,0,,0,,
3723,Monster,7762,LuSeXiNiao,100,Tê Điểu Biến Dị,PetHeader3_19,85,138,Hater,2487,1112,2487,1112,93340,1726,164,7,7,100,0,60,0,0,0,60,0,0,0,60,0,0,0,60,0,0,,0,,
3724,Monster,7763,LuSeXiNiao,100,Tê Điểu Biến Dị,PetHeader3_19,85,138,Hater,2487,1112,2487,1112,93340,1726,164,7,7,100,0,60,0,0,0,60,0,0,0,60,0,0,0,60,0,0,,0,,
3725,Monster,7764,LuSeXiNiao,100,Tê Điểu Biến Dị,PetHeader3_19,85,138,Hater,2487,1112,2487,1112,93340,1726,164,7,7,100,0,60,0,0,0,60,0,0,0,60,0,0,0,60,0,0,,0,,
3726,Monster,7765,LuSeXiNiao,100,Tê Điểu Biến Dị,PetHeader3_19,85,138,Hater,2487,1112,2487,1112,93340,1726,164,7,7,100,0,60,0,0,0,60,0,0,0,60,0,0,0,60,0,0,,0,,
3727,Monster,7766,LuSeXiNiao,100,Tê Điểu Biến Dị,PetHeader3_19,85,138,Hater,2487,1112,2487,1112,93340,1726,164,7,7,100,0,60,0,0,0,60,0,0,0,60,0,0,0,60,0,0,,0,,
3728,Monster,7767,LuSeXiNiao,100,Tê Điểu Biến Dị,PetHeader3_19,85,138,Hater,2487,1112,2487,1112,93340,1726,164,7,7,100,0,60,0,0,0,60,0,0,0,60,0,0,0,60,0,0,,0,,
3729,Monster,7769,HeiSeXiNiao,100,Tê Điểu Bảo Bảo,PetHeader3_19,85,138,Hater,2487,1112,2487,1112,93340,1726,164,7,7,100,0,60,0,0,0,60,0,0,0,60,0,0,0,60,0,0,,0,,
3730,Monster,7770,HeiSeXiNiao,100,Tê Điểu Trưởng Thành,PetHeader3_19,95,158,Hater,3043,1243,3043,1243,112280,1927,183,8,8,100,0,60,0,0,0,60,0,0,0,60,0,0,0,60,0,0,,0,,
3731,Monster,7771,LuSeXiNiao,100,Tê Điểu Biến Dị,PetHeader3_19,95,158,Hater,3043,1243,3043,1243,112280,1927,183,8,8,100,0,60,0,0,0,60,0,0,0,60,0,0,0,60,0,0,,0,,
3732,Monster,7772,LuSeXiNiao,100,Tê Điểu Biến Dị,PetHeader3_19,95,158,Hater,3043,1243,3043,1243,112280,1927,183,8,8,100,0,60,0,0,0,60,0,0,0,60,0,0,0,60,0,0,,0,,
3733,Monster,7773,LuSeXiNiao,100,Tê Điểu Biến Dị,PetHeader3_19,95,158,Hater,3043,1243,3043,1243,112280,1927,183,8,8,100,0,60,0,0,0,60,0,0,0,60,0,0,0,60,0,0,,0,,
3734,Monster,7774,LuSeXiNiao,100,Tê Điểu Biến Dị,PetHeader3_19,95,158,Hater,3043,1243,3043,1243,112280,1927,183,8,8,100,0,60,0,0,0,60,0,0,0,60,0,0,0,60,0,0,,0,,
3735,Monster,7775,LuSeXiNiao,100,Tê Điểu Biến Dị,PetHeader3_19,95,158,Hater,3043,1243,3043,1243,112280,1927,183,8,8,100,0,60,0,0,0,60,0,0,0,60,0,0,0,60,0,0,,0,,
3736,Monster,7776,LuSeXiNiao,100,Tê Điểu Biến Dị,PetHeader3_19,95,158,Hater,3043,1243,3043,1243,112280,1927,183,8,8,100,0,60,0,0,0,60,0,0,0,60,0,0,0,60,0,0,,0,,
3737,Monster,7777,LuSeXiNiao,100,Tê Điểu Biến Dị,PetHeader3_19,95,158,Hater,3043,1243,3043,1243,112280,1927,183,8,8,100,0,60,0,0,0,60,0,0,0,60,0,0,0,60,0,0,,0,,
3738,Monster,7778,LuSeXiNiao,100,Tê Điểu Biến Dị,PetHeader3_19,95,158,Hater,3043,1243,3043,1243,112280,1927,183,8,8,100,0,60,0,0,0,60,0,0,0,60,0,0,0,60,0,0,,0,,
3739,Monster,7779,HeiSeXiNiao,100,Tê Điểu Bảo Bảo,PetHeader3_19,95,158,Hater,3043,1243,3043,1243,112280,1927,183,8,8,100,0,60,0,0,0,60,0,0,0,60,0,0,0,60,0,0,,0,,
3740,Monster,7780,XiongMao,100,Hùng Miêu Trưởng Thành,PetHeader4_4,35,37,Hater,983,461,983,461,23840,395,68,3,3,100,0,60,0,0,0,60,0,0,0,60,0,0,0,60,0,0,,0,,
3741,Monster,7781,XiongMao1,100,Hùng Miêu Biến Dị,PetHeader4_4,35,37,Hater,983,461,983,461,23840,395,68,3,3,100,0,60,0,0,0,60,0,0,0,60,0,0,0,60,0,0,,0,,
3742,Monster,7782,XiongMao2,100,Hùng Miêu Biến Dị,PetHeader4_4,35,37,Hater,983,461,983,461,23840,395,68,3,3,100,0,60,0,0,0,60,0,0,0,60,0,0,0,60,0,0,,0,,
3743,Monster,7789,XiongMao,100,Hùng Miêu Bảo Bảo,PetHeader4_4,35,37,Hater,983,461,983,461,23840,395,68,3,3,100,0,60,0,0,0,60,0,0,0,60,0,0,0,60,0,0,,0,,
3744,Monster,7790,XiongMao,100,Hùng Miêu Trưởng Thành,PetHeader4_4,45,52,Hater,1260,592,1260,592,34380,551,87,4,4,100,0,60,0,0,0,60,0,0,0,60,0,0,0,60,0,0,,0,,
3745,Monster,7791,XiongMao1,100,Hùng Miêu Biến Dị,PetHeader4_4,45,52,Hater,1260,592,1260,592,34380,551,87,4,4,100,0,60,0,0,0,60,0,0,0,60,0,0,0,60,0,0,,0,,
3746,Monster,7792,XiongMao2,100,Hùng Miêu Biến Dị,PetHeader4_4,45,52,Hater,1260,592,1260,592,34380,551,87,4,4,100,0,60,0,0,0,60,0,0,0,60,0,0,0,60,0,0,,0,,
3747,Monster,7793,XiongMao3,100,Hùng Miêu Biến Dị,PetHeader4_4,45,52,Hater,1260,592,1260,592,34380,551,87,4,4,100,0,60,0,0,0,60,0,0,0,60,0,0,0,60,0,0,,0,,
3748,Monster,7799,XiongMao,100,Hùng Miêu Bảo Bảo,PetHeader4_4,45,52,Hater,1260,592,1260,592,34380,551,87,4,4,100,0,60,0,0,0,60,0,0,0,60,0,0,0,60,0,0,,0,,
3749,Monster,7800,XiongMao,100,Hùng Miêu Trưởng Thành,PetHeader4_4,55,70,Hater,1614,722,1614,722,46600,784,106,5,5,100,0,60,0,0,0,60,0,0,0,60,0,0,0,60,0,0,,0,,
3750,Monster,7801,XiongMao1,100,Hùng Miêu Biến Dị,PetHeader4_4,55,70,Hater,1614,722,1614,722,46600,784,106,5,5,100,0,60,0,0,0,60,0,0,0,60,0,0,0,60,0,0,,0,,
3751,Monster,7802,XiongMao2,100,Hùng Miêu Biến Dị,PetHeader4_4,55,70,Hater,1614,722,1614,722,46600,784,106,5,5,100,0,60,0,0,0,60,0,0,0,60,0,0,0,60,0,0,,0,,
3752,Monster,7803,XiongMao3,100,Hùng Miêu Biến Dị,PetHeader4_4,55,70,Hater,1614,722,1614,722,46600,784,106,5,5,100,0,60,0,0,0,60,0,0,0,60,0,0,0,60,0,0,,0,,
3753,Monster,7804,XiongMao4,100,Hùng Miêu Biến Dị,PetHeader4_4,55,70,Hater,1614,722,1614,722,46600,784,106,5,5,100,0,60,0,0,0,60,0,0,0,60,0,0,0,60,0,0,,0,,
3754,Monster,7809,XiongMao,100,Hùng Miêu Bảo Bảo,PetHeader4_4,55,70,Hater,1614,722,1614,722,46600,784,106,5,5,100,0,60,0,0,0,60,0,0,0,60,0,0,0,60,0,0,,0,,
3755,Monster,7810,XiongMao,100,Hùng Miêu Trưởng Thành,PetHeader4_4,65,91,Hater,1905,852,1905,852,60500,1058,126,6,6,100,0,60,0,0,0,60,0,0,0,60,0,0,0,60,0,0,,0,,
3756,Monster,7811,XiongMao1,100,Hùng Miêu Biến Dị,PetHeader4_4,65,91,Hater,1905,852,1905,852,60500,1058,126,6,6,100,0,60,0,0,0,60,0,0,0,60,0,0,0,60,0,0,,0,,
3757,Monster,7812,XiongMao2,100,Hùng Miêu Biến Dị,PetHeader4_4,65,91,Hater,1905,852,1905,852,60500,1058,126,6,6,100,0,60,0,0,0,60,0,0,0,60,0,0,0,60,0,0,,0,,
3758,Monster,7813,XiongMao3,100,Hùng Miêu Biến Dị,PetHeader4_4,65,91,Hater,1905,852,1905,852,60500,1058,126,6,6,100,0,60,0,0,0,60,0,0,0,60,0,0,0,60,0,0,,0,,
3759,Monster,7814,XiongMao4,100,Hùng Miêu Biến Dị,PetHeader4_4,65,91,Hater,1905,852,1905,852,60500,1058,126,6,6,100,0,60,0,0,0,60,0,0,0,60,0,0,0,60,0,0,,0,,
3760,Monster,7815,XiongMao5,100,Hùng Miêu Biến Dị,PetHeader4_4,65,91,Hater,1905,852,1905,852,60500,1058,126,6,6,100,0,60,0,0,0,60,0,0,0,60,0,0,0,60,0,0,,0,,
3761,Monster,7819,XiongMao,100,Hùng Miêu Bảo Bảo,PetHeader4_4,65,91,Hater,1905,852,1905,852,60500,1058,126,6,6,100,0,60,0,0,0,60,0,0,0,60,0,0,0,60,0,0,,0,,
3762,Monster,7820,XiongMao,100,Hùng Miêu Trưởng Thành,PetHeader4_4,75,113,Hater,2196,982,2196,982,76080,1372,145,7,7,100,0,60,0,0,0,60,0,0,0,60,0,0,0,60,0,0,,0,,
3763,Monster,7821,XiongMao1,100,Hùng Miêu Biến Dị,PetHeader4_4,75,113,Hater,2196,982,2196,982,76080,1372,145,7,7,100,0,60,0,0,0,60,0,0,0,60,0,0,0,60,0,0,,0,,
3764,Monster,7822,XiongMao2,100,Hùng Miêu Biến Dị,PetHeader4_4,75,113,Hater,2196,982,2196,982,76080,1372,145,7,7,100,0,60,0,0,0,60,0,0,0,60,0,0,0,60,0,0,,0,,
3765,Monster,7823,XiongMao3,100,Hùng Miêu Biến Dị,PetHeader4_4,75,113,Hater,2196,982,2196,982,76080,1372,145,7,7,100,0,60,0,0,0,60,0,0,0,60,0,0,0,60,0,0,,0,,
3766,Monster,7824,XiongMao4,100,Hùng Miêu Biến Dị,PetHeader4_4,75,113,Hater,2196,982,2196,982,76080,1372,145,7,7,100,0,60,0,0,0,60,0,0,0,60,0,0,0,60,0,0,,0,,
3767,Monster,7825,XiongMao5,100,Hùng Miêu Biến Dị,PetHeader4_4,75,113,Hater,2196,982,2196,982,76080,1372,145,7,7,100,0,60,0,0,0,60,0,0,0,60,0,0,0,60,0,0,,0,,
3768,Monster,7826,XiongMao6,100,Hùng Miêu Biến Dị,PetHeader4_4,75,113,Hater,2196,982,2196,982,76080,1372,145,7,7,100,0,60,0,0,0,60,0,0,0,60,0,0,0,60,0,0,,0,,
3769,Monster,7829,XiongMao,100,Hùng Miêu Bảo Bảo,PetHeader4_4,75,113,Hater,2196,982,2196,982,76080,1372,145,7,7,100,0,60,0,0,0,60,0,0,0,60,0,0,0,60,0,0,,0,,
3770,Monster,7830,XiongMao,100,Hùng Miêu Trưởng Thành,PetHeader4_4,85,138,Hater,2487,1112,2487,1112,93340,1726,164,7,7,100,0,60,0,0,0,60,0,0,0,60,0,0,0,60,0,0,,0,,
3771,Monster,7831,XiongMao1,100,Hùng Miêu Biến Dị,PetHeader4_4,85,138,Hater,2487,1112,2487,1112,93340,1726,164,7,7,100,0,60,0,0,0,60,0,0,0,60,0,0,0,60,0,0,,0,,
3772,Monster,7832,XiongMao2,100,Hùng Miêu Biến Dị,PetHeader4_4,85,138,Hater,2487,1112,2487,1112,93340,1726,164,7,7,100,0,60,0,0,0,60,0,0,0,60,0,0,0,60,0,0,,0,,
3773,Monster,7833,XiongMao3,100,Hùng Miêu Biến Dị,PetHeader4_4,85,138,Hater,2487,1112,2487,1112,93340,1726,164,7,7,100,0,60,0,0,0,60,0,0,0,60,0,0,0,60,0,0,,0,,
3774,Monster,7834,XiongMao4,100,Hùng Miêu Biến Dị,PetHeader4_4,85,138,Hater,2487,1112,2487,1112,93340,1726,164,7,7,100,0,60,0,0,0,60,0,0,0,60,0,0,0,60,0,0,,0,,
3775,Monster,7835,XiongMao5,100,Hùng Miêu Biến Dị,PetHeader4_4,85,138,Hater,2487,1112,2487,1112,93340,1726,164,7,7,100,0,60,0,0,0,60,0,0,0,60,0,0,0,60,0,0,,0,,
3776,Monster,7836,XiongMao6,100,Hùng Miêu Biến Dị,PetHeader4_4,85,138,Hater,2487,1112,2487,1112,93340,1726,164,7,7,100,0,60,0,0,0,60,0,0,0,60,0,0,0,60,0,0,,0,,
3777,Monster,7837,XiongMao7,100,Hùng Miêu Biến Dị,PetHeader4_4,85,138,Hater,2487,1112,2487,1112,93340,1726,164,7,7,100,0,60,0,0,0,60,0,0,0,60,0,0,0,60,0,0,,0,,
3778,Monster,7839,XiongMao,100,Hùng Miêu Bảo Bảo,PetHeader4_4,85,138,Hater,2487,1112,2487,1112,93340,1726,164,7,7,100,0,60,0,0,0,60,0,0,0,60,0,0,0,60,0,0,,0,,
3779,Monster,7840,XiongMao,100,Hùng Miêu Trưởng Thành,PetHeader4_4,95,158,Hater,3043,1243,3043,1243,112280,1927,183,8,8,100,0,60,0,0,0,60,0,0,0,60,0,0,0,60,0,0,,0,,
3780,Monster,7841,XiongMao1,100,Hùng Miêu Biến Dị,PetHeader4_4,95,158,Hater,3043,1243,3043,1243,112280,1927,183,8,8,100,0,60,0,0,0,60,0,0,0,60,0,0,0,60,0,0,,0,,
3781,Monster,7842,XiongMao2,100,Hùng Miêu Biến Dị,PetHeader4_4,95,158,Hater,3043,1243,3043,1243,112280,1927,183,8,8,100,0,60,0,0,0,60,0,0,0,60,0,0,0,60,0,0,,0,,
3782,Monster,7843,XiongMao3,100,Hùng Miêu Biến Dị,PetHeader4_4,95,158,Hater,3043,1243,3043,1243,112280,1927,183,8,8,100,0,60,0,0,0,60,0,0,0,60,0,0,0,60,0,0,,0,,
3783,Monster,7844,XiongMao4,100,Hùng Miêu Biến Dị,PetHeader4_4,95,158,Hater,3043,1243,3043,1243,112280,1927,183,8,8,100,0,60,0,0,0,60,0,0,0,60,0,0,0,60,0,0,,0,,
3784,Monster,7845,XiongMao5,100,Hùng Miêu Biến Dị,PetHeader4_4,95,158,Hater,3043,1243,3043,1243,112280,1927,183,8,8,100,0,60,0,0,0,60,0,0,0,60,0,0,0,60,0,0,,0,,
3785,Monster,7846,XiongMao6,100,Hùng Miêu Biến Dị,PetHeader4_4,95,158,Hater,3043,1243,3043,1243,112280,1927,183,8,8,100,0,60,0,0,0,60,0,0,0,60,0,0,0,60,0,0,,0,,
3786,Monster,7847,XiongMao7,100,Hùng Miêu Biến Dị,PetHeader4_4,95,158,Hater,3043,1243,3043,1243,112280,1927,183,8,8,100,0,60,0,0,0,60,0,0,0,60,0,0,0,60,0,0,,0,,
3787,Monster,7848,XiongMao7,100,Hùng Miêu Biến Dị,PetHeader4_4,95,158,Hater,3043,1243,3043,1243,112280,1927,183,8,8,100,0,60,0,0,0,60,0,0,0,60,0,0,0,60,0,0,,0,,
3788,Monster,7849,XiongMao,100,Hùng Miêu Bảo Bảo,PetHeader4_4,95,158,Hater,3043,1243,3043,1243,112280,1927,183,8,8,100,0,60,0,0,0,60,0,0,0,60,0,0,0,60,0,0,,0,,
3789,Monster,7850,ChongWuPangXie,100,Bàng Giải Trưởng Thành,PetHeader4_7,35,37,Hater,983,461,983,461,23840,395,68,3,3,100,0,60,0,0,0,60,0,0,0,60,0,0,0,60,0,0,,0,,
3790,Monster,7851,ChongWuPangXie1,100,Bàng Giải Biến Dị,PetHeader4_7,35,37,Hater,983,461,983,461,23840,395,68,3,3,100,0,60,0,0,0,60,0,0,0,60,0,0,0,60,0,0,,0,,
3791,Monster,7852,ChongWuPangXie2,100,Bàng Giải Biến Dị,PetHeader4_7,35,37,Hater,983,461,983,461,23840,395,68,3,3,100,0,60,0,0,0,60,0,0,0,60,0,0,0,60,0,0,,0,,
3792,Monster,7859,ChongWuPangXie,100,Bàng Giải Bảo Bảo,PetHeader4_7,35,37,Hater,983,461,983,461,23840,395,68,3,3,100,0,60,0,0,0,60,0,0,0,60,0,0,0,60,0,0,,0,,
3793,Monster,7860,ChongWuPangXie,100,Bàng Giải Trưởng Thành,PetHeader4_7,45,52,Hater,1260,592,1260,592,34380,551,87,4,4,100,0,60,0,0,0,60,0,0,0,60,0,0,0,60,0,0,,0,,
3794,Monster,7861,ChongWuPangXie1,100,Bàng Giải Biến Dị,PetHeader4_7,45,52,Hater,1260,592,1260,592,34380,551,87,4,4,100,0,60,0,0,0,60,0,0,0,60,0,0,0,60,0,0,,0,,
3795,Monster,7862,ChongWuPangXie2,100,Bàng Giải Biến Dị,PetHeader4_7,45,52,Hater,1260,592,1260,592,34380,551,87,4,4,100,0,60,0,0,0,60,0,0,0,60,0,0,0,60,0,0,,0,,
3796,Monster,7863,ChongWuPangXie3,100,Bàng Giải Biến Dị,PetHeader4_7,45,52,Hater,1260,592,1260,592,34380,551,87,4,4,100,0,60,0,0,0,60,0,0,0,60,0,0,0,60,0,0,,0,,
3797,Monster,7869,ChongWuPangXie,100,Bàng Giải Bảo Bảo,PetHeader4_7,45,52,Hater,1260,592,1260,592,34380,551,87,4,4,100,0,60,0,0,0,60,0,0,0,60,0,0,0,60,0,0,,0,,
3798,Monster,7870,ChongWuPangXie,100,Bàng Giải Trưởng Thành,PetHeader4_7,55,70,Hater,1614,722,1614,722,46600,784,106,5,5,100,0,60,0,0,0,60,0,0,0,60,0,0,0,60,0,0,,0,,
3799,Monster,7871,ChongWuPangXie1,100,Bàng Giải Biến Dị,PetHeader4_7,55,70,Hater,1614,722,1614,722,46600,784,106,5,5,100,0,60,0,0,0,60,0,0,0,60,0,0,0,60,0,0,,0,,
3800,Monster,7872,ChongWuPangXie2,100,Bàng Giải Biến Dị,PetHeader4_7,55,70,Hater,1614,722,1614,722,46600,784,106,5,5,100,0,60,0,0,0,60,0,0,0,60,0,0,0,60,0,0,,0,,
3801,Monster,7873,ChongWuPangXie3,100,Bàng Giải Biến Dị,PetHeader4_7,55,70,Hater,1614,722,1614,722,46600,784,106,5,5,100,0,60,0,0,0,60,0,0,0,60,0,0,0,60,0,0,,0,,
3802,Monster,7874,ChongWuPangXie4,100,Bàng Giải Biến Dị,PetHeader4_7,55,70,Hater,1614,722,1614,722,46600,784,106,5,5,100,0,60,0,0,0,60,0,0,0,60,0,0,0,60,0,0,,0,,
3803,Monster,7879,ChongWuPangXie,100,Bàng Giải Bảo Bảo,PetHeader4_7,55,70,Hater,1614,722,1614,722,46600,784,106,5,5,100,0,60,0,0,0,60,0,0,0,60,0,0,0,60,0,0,,0,,
3804,Monster,7880,ChongWuPangXie,100,Bàng Giải Trưởng Thành,PetHeader4_7,65,91,Hater,1905,852,1905,852,60500,1058,126,6,6,100,0,60,0,0,0,60,0,0,0,60,0,0,0,60,0,0,,0,,
3805,Monster,7881,ChongWuPangXie1,100,Bàng Giải Biến Dị,PetHeader4_7,65,91,Hater,1905,852,1905,852,60500,1058,126,6,6,100,0,60,0,0,0,60,0,0,0,60,0,0,0,60,0,0,,0,,
3806,Monster,7882,ChongWuPangXie2,100,Bàng Giải Biến Dị,PetHeader4_7,65,91,Hater,1905,852,1905,852,60500,1058,126,6,6,100,0,60,0,0,0,60,0,0,0,60,0,0,0,60,0,0,,0,,
3807,Monster,7883,ChongWuPangXie3,100,Bàng Giải Biến Dị,PetHeader4_7,65,91,Hater,1905,852,1905,852,60500,1058,126,6,6,100,0,60,0,0,0,60,0,0,0,60,0,0,0,60,0,0,,0,,
3808,Monster,7884,ChongWuPangXie4,100,Bàng Giải Biến Dị,PetHeader4_7,65,91,Hater,1905,852,1905,852,60500,1058,126,6,6,100,0,60,0,0,0,60,0,0,0,60,0,0,0,60,0,0,,0,,
3809,Monster,7885,ChongWuPangXie5,100,Bàng Giải Biến Dị,PetHeader4_7,65,91,Hater,1905,852,1905,852,60500,1058,126,6,6,100,0,60,0,0,0,60,0,0,0,60,0,0,0,60,0,0,,0,,
3810,Monster,7889,ChongWuPangXie,100,Bàng Giải Bảo Bảo,PetHeader4_7,65,91,Hater,1905,852,1905,852,60500,1058,126,6,6,100,0,60,0,0,0,60,0,0,0,60,0,0,0,60,0,0,,0,,
3811,Monster,7890,ChongWuPangXie,100,Bàng Giải Trưởng Thành,PetHeader4_7,75,113,Hater,2196,982,2196,982,76080,1372,145,7,7,100,0,60,0,0,0,60,0,0,0,60,0,0,0,60,0,0,,0,,
3812,Monster,7891,ChongWuPangXie1,100,Bàng Giải Biến Dị,PetHeader4_7,75,113,Hater,2196,982,2196,982,76080,1372,145,7,7,100,0,60,0,0,0,60,0,0,0,60,0,0,0,60,0,0,,0,,
3813,Monster,7892,ChongWuPangXie2,100,Bàng Giải Biến Dị,PetHeader4_7,75,113,Hater,2196,982,2196,982,76080,1372,145,7,7,100,0,60,0,0,0,60,0,0,0,60,0,0,0,60,0,0,,0,,
3814,Monster,7893,ChongWuPangXie3,100,Bàng Giải Biến Dị,PetHeader4_7,75,113,Hater,2196,982,2196,982,76080,1372,145,7,7,100,0,60,0,0,0,60,0,0,0,60,0,0,0,60,0,0,,0,,
3815,Monster,7894,ChongWuPangXie4,100,Bàng Giải Biến Dị,PetHeader4_7,75,113,Hater,2196,982,2196,982,76080,1372,145,7,7,100,0,60,0,0,0,60,0,0,0,60,0,0,0,60,0,0,,0,,
3816,Monster,7895,ChongWuPangXie5,100,Bàng Giải Biến Dị,PetHeader4_7,75,113,Hater,2196,982,2196,982,76080,1372,145,7,7,100,0,60,0,0,0,60,0,0,0,60,0,0,0,60,0,0,,0,,
3817,Monster,7896,ChongWuPangXie6,100,Bàng Giải Biến Dị,PetHeader4_7,75,113,Hater,2196,982,2196,982,76080,1372,145,7,7,100,0,60,0,0,0,60,0,0,0,60,0,0,0,60,0,0,,0,,
3818,Monster,7899,ChongWuPangXie,100,Bàng Giải Bảo Bảo,PetHeader4_7,75,113,Hater,2196,982,2196,982,76080,1372,145,7,7,100,0,60,0,0,0,60,0,0,0,60,0,0,0,60,0,0,,0,,
3819,Monster,7900,ChongWuPangXie,100,Bàng Giải Trưởng Thành,PetHeader4_7,85,138,Hater,2487,1112,2487,1112,93340,1726,164,7,7,100,0,60,0,0,0,60,0,0,0,60,0,0,0,60,0,0,,0,,
3820,Monster,7901,ChongWuPangXie1,100,Bàng Giải Biến Dị,PetHeader4_7,85,138,Hater,2487,1112,2487,1112,93340,1726,164,7,7,100,0,60,0,0,0,60,0,0,0,60,0,0,0,60,0,0,,0,,
3821,Monster,7902,ChongWuPangXie2,100,Bàng Giải Biến Dị,PetHeader4_7,85,138,Hater,2487,1112,2487,1112,93340,1726,164,7,7,100,0,60,0,0,0,60,0,0,0,60,0,0,0,60,0,0,,0,,
3822,Monster,7903,ChongWuPangXie3,100,Bàng Giải Biến Dị,PetHeader4_7,85,138,Hater,2487,1112,2487,1112,93340,1726,164,7,7,100,0,60,0,0,0,60,0,0,0,60,0,0,0,60,0,0,,0,,
3823,Monster,7904,ChongWuPangXie4,100,Bàng Giải Biến Dị,PetHeader4_7,85,138,Hater,2487,1112,2487,1112,93340,1726,164,7,7,100,0,60,0,0,0,60,0,0,0,60,0,0,0,60,0,0,,0,,
3824,Monster,7905,ChongWuPangXie5,100,Bàng Giải Biến Dị,PetHeader4_7,85,138,Hater,2487,1112,2487,1112,93340,1726,164,7,7,100,0,60,0,0,0,60,0,0,0,60,0,0,0,60,0,0,,0,,
3825,Monster,7906,ChongWuPangXie6,100,Bàng Giải Biến Dị,PetHeader4_7,85,138,Hater,2487,1112,2487,1112,93340,1726,164,7,7,100,0,60,0,0,0,60,0,0,0,60,0,0,0,60,0,0,,0,,
3826,Monster,7907,ChongWuPangXie7,100,Bàng Giải Biến Dị,PetHeader4_7,85,138,Hater,2487,1112,2487,1112,93340,1726,164,7,7,100,0,60,0,0,0,60,0,0,0,60,0,0,0,60,0,0,,0,,
3827,Monster,7909,ChongWuPangXie,100,Bàng Giải Bảo Bảo,PetHeader4_7,85,138,Hater,2487,1112,2487,1112,93340,1726,164,7,7,100,0,60,0,0,0,60,0,0,0,60,0,0,0,60,0,0,,0,,
3828,Monster,7910,ChongWuPangXie,100,Bàng Giải Trưởng Thành,PetHeader4_7,95,158,Hater,3043,1243,3043,1243,112280,1927,183,8,8,100,0,60,0,0,0,60,0,0,0,60,0,0,0,60,0,0,,0,,
3829,Monster,7911,ChongWuPangXie1,100,Bàng Giải Biến Dị,PetHeader4_7,95,158,Hater,3043,1243,3043,1243,112280,1927,183,8,8,100,0,60,0,0,0,60,0,0,0,60,0,0,0,60,0,0,,0,,
3830,Monster,7912,ChongWuPangXie2,100,Bàng Giải Biến Dị,PetHeader4_7,95,158,Hater,3043,1243,3043,1243,112280,1927,183,8,8,100,0,60,0,0,0,60,0,0,0,60,0,0,0,60,0,0,,0,,
3831,Monster,7913,ChongWuPangXie3,100,Bàng Giải Biến Dị,PetHeader4_7,95,158,Hater,3043,1243,3043,1243,112280,1927,183,8,8,100,0,60,0,0,0,60,0,0,0,60,0,0,0,60,0,0,,0,,
3832,Monster,7914,ChongWuPangXie4,100,Bàng Giải Biến Dị,PetHeader4_7,95,158,Hater,3043,1243,3043,1243,112280,1927,183,8,8,100,0,60,0,0,0,60,0,0,0,60,0,0,0,60,0,0,,0,,
3833,Monster,7915,ChongWuPangXie5,100,Bàng Giải Biến Dị,PetHeader4_7,95,158,Hater,3043,1243,3043,1243,112280,1927,183,8,8,100,0,60,0,0,0,60,0,0,0,60,0,0,0,60,0,0,,0,,
3834,Monster,7916,ChongWuPangXie6,100,Bàng Giải Biến Dị,PetHeader4_7,95,158,Hater,3043,1243,3043,1243,112280,1927,183,8,8,100,0,60,0,0,0,60,0,0,0,60,0,0,0,60,0,0,,0,,
3835,Monster,7917,ChongWuPangXie7,100,Bàng Giải Biến Dị,PetHeader4_7,95,158,Hater,3043,1243,3043,1243,112280,1927,183,8,8,100,0,60,0,0,0,60,0,0,0,60,0,0,0,60,0,0,,0,,
3836,Monster,7918,ChongWuPangXie7,100,Bàng Giải Biến Dị,PetHeader4_7,95,158,Hater,3043,1243,3043,1243,112280,1927,183,8,8,100,0,60,0,0,0,60,0,0,0,60,0,0,0,60,0,0,,0,,
3837,Monster,7919,ChongWuPangXie,100,Bàng Giải Bảo Bảo,PetHeader4_7,95,158,Hater,3043,1243,3043,1243,112280,1927,183,8,8,100,0,60,0,0,0,60,0,0,0,60,0,0,0,60,0,0,,0,,
3838,Monster,7920,ChongWuHuDie,100,Hồ Điệp Trưởng Thành,PetHeader4_3,35,37,Hater,983,461,983,461,23840,395,68,3,3,100,0,60,0,0,0,60,0,0,0,60,0,0,0,60,0,0,,0,,
3839,Monster,7921,ChongWuHuDie1,100,Hồ Điệp Biến Dị,PetHeader4_3,35,37,Hater,983,461,983,461,23840,395,68,3,3,100,0,60,0,0,0,60,0,0,0,60,0,0,0,60,0,0,,0,,
3840,Monster,7922,ChongWuHuDie2,100,Hồ Điệp Biến Dị,PetHeader4_3,35,37,Hater,983,461,983,461,23840,395,68,3,3,100,0,60,0,0,0,60,0,0,0,60,0,0,0,60,0,0,,0,,
3841,Monster,7929,ChongWuHuDie,100,Hồ Điệp Bảo Bảo,PetHeader4_3,35,37,Hater,983,461,983,461,23840,395,68,3,3,100,0,60,0,0,0,60,0,0,0,60,0,0,0,60,0,0,,0,,
3842,Monster,7930,ChongWuHuDie,100,Hồ Điệp Trưởng Thành,PetHeader4_3,45,52,Hater,1260,592,1260,592,34380,551,87,4,4,100,0,60,0,0,0,60,0,0,0,60,0,0,0,60,0,0,,0,,
3843,Monster,7931,ChongWuHuDie1,100,Hồ Điệp Biến Dị,PetHeader4_3,45,52,Hater,1260,592,1260,592,34380,551,87,4,4,100,0,60,0,0,0,60,0,0,0,60,0,0,0,60,0,0,,0,,
3844,Monster,7932,ChongWuHuDie2,100,Hồ Điệp Biến Dị,PetHeader4_3,45,52,Hater,1260,592,1260,592,34380,551,87,4,4,100,0,60,0,0,0,60,0,0,0,60,0,0,0,60,0,0,,0,,
3845,Monster,7933,ChongWuHuDie3,100,Hồ Điệp Biến Dị,PetHeader4_3,45,52,Hater,1260,592,1260,592,34380,551,87,4,4,100,0,60,0,0,0,60,0,0,0,60,0,0,0,60,0,0,,0,,
3846,Monster,7939,ChongWuHuDie,100,Hồ Điệp Bảo Bảo,PetHeader4_3,45,52,Hater,1260,592,1260,592,34380,551,87,4,4,100,0,60,0,0,0,60,0,0,0,60,0,0,0,60,0,0,,0,,
3847,Monster,7940,ChongWuHuDie,100,Hồ Điệp Trưởng Thành,PetHeader4_3,55,70,Hater,1614,722,1614,722,46600,784,106,5,5,100,0,60,0,0,0,60,0,0,0,60,0,0,0,60,0,0,,0,,
3848,Monster,7941,ChongWuHuDie1,100,Hồ Điệp Biến Dị,PetHeader4_3,55,70,Hater,1614,722,1614,722,46600,784,106,5,5,100,0,60,0,0,0,60,0,0,0,60,0,0,0,60,0,0,,0,,
3849,Monster,7942,ChongWuHuDie2,100,Hồ Điệp Biến Dị,PetHeader4_3,55,70,Hater,1614,722,1614,722,46600,784,106,5,5,100,0,60,0,0,0,60,0,0,0,60,0,0,0,60,0,0,,0,,
3850,Monster,7943,ChongWuHuDie3,100,Hồ Điệp Biến Dị,PetHeader4_3,55,70,Hater,1614,722,1614,722,46600,784,106,5,5,100,0,60,0,0,0,60,0,0,0,60,0,0,0,60,0,0,,0,,
3851,Monster,7944,ChongWuHuDie4,100,Hồ Điệp Biến Dị,PetHeader4_3,55,70,Hater,1614,722,1614,722,46600,784,106,5,5,100,0,60,0,0,0,60,0,0,0,60,0,0,0,60,0,0,,0,,
3852,Monster,7949,ChongWuHuDie,100,Hồ Điệp Bảo Bảo,PetHeader4_3,55,70,Hater,1614,722,1614,722,46600,784,106,5,5,100,0,60,0,0,0,60,0,0,0,60,0,0,0,60,0,0,,0,,
3853,Monster,7950,ChongWuHuDie,100,Hồ Điệp Trưởng Thành,PetHeader4_3,65,91,Hater,1905,852,1905,852,60500,1058,126,6,6,100,0,60,0,0,0,60,0,0,0,60,0,0,0,60,0,0,,0,,
3854,Monster,7951,ChongWuHuDie1,100,Hồ Điệp Biến Dị,PetHeader4_3,65,91,Hater,1905,852,1905,852,60500,1058,126,6,6,100,0,60,0,0,0,60,0,0,0,60,0,0,0,60,0,0,,0,,
3855,Monster,7952,ChongWuHuDie2,100,Hồ Điệp Biến Dị,PetHeader4_3,65,91,Hater,1905,852,1905,852,60500,1058,126,6,6,100,0,60,0,0,0,60,0,0,0,60,0,0,0,60,0,0,,0,,
3856,Monster,7953,ChongWuHuDie3,100,Hồ Điệp Biến Dị,PetHeader4_3,65,91,Hater,1905,852,1905,852,60500,1058,126,6,6,100,0,60,0,0,0,60,0,0,0,60,0,0,0,60,0,0,,0,,
3857,Monster,7954,ChongWuHuDie4,100,Hồ Điệp Biến Dị,PetHeader4_3,65,91,Hater,1905,852,1905,852,60500,1058,126,6,6,100,0,60,0,0,0,60,0,0,0,60,0,0,0,60,0,0,,0,,
3858,Monster,7955,ChongWuHuDie5,100,Hồ Điệp Biến Dị,PetHeader4_3,65,91,Hater,1905,852,1905,852,60500,1058,126,6,6,100,0,60,0,0,0,60,0,0,0,60,0,0,0,60,0,0,,0,,
3859,Monster,7959,ChongWuHuDie,100,Hồ Điệp Bảo Bảo,PetHeader4_3,65,91,Hater,1905,852,1905,852,60500,1058,126,6,6,100,0,60,0,0,0,60,0,0,0,60,0,0,0,60,0,0,,0,,
3860,Monster,7960,ChongWuHuDie,100,Hồ Điệp Trưởng Thành,PetHeader4_3,75,113,Hater,2196,982,2196,982,76080,1372,145,7,7,100,0,60,0,0,0,60,0,0,0,60,0,0,0,60,0,0,,0,,
3861,Monster,7961,ChongWuHuDie1,100,Hồ Điệp Biến Dị,PetHeader4_3,75,113,Hater,2196,982,2196,982,76080,1372,145,7,7,100,0,60,0,0,0,60,0,0,0,60,0,0,0,60,0,0,,0,,
3862,Monster,7962,ChongWuHuDie2,100,Hồ Điệp Biến Dị,PetHeader4_3,75,113,Hater,2196,982,2196,982,76080,1372,145,7,7,100,0,60,0,0,0,60,0,0,0,60,0,0,0,60,0,0,,0,,
3863,Monster,7963,ChongWuHuDie3,100,Hồ Điệp Biến Dị,PetHeader4_3,75,113,Hater,2196,982,2196,982,76080,1372,145,7,7,100,0,60,0,0,0,60,0,0,0,60,0,0,0,60,0,0,,0,,
3864,Monster,7964,ChongWuHuDie4,100,Hồ Điệp Biến Dị,PetHeader4_3,75,113,Hater,2196,982,2196,982,76080,1372,145,7,7,100,0,60,0,0,0,60,0,0,0,60,0,0,0,60,0,0,,0,,
3865,Monster,7965,ChongWuHuDie5,100,Hồ Điệp Biến Dị,PetHeader4_3,75,113,Hater,2196,982,2196,982,76080,1372,145,7,7,100,0,60,0,0,0,60,0,0,0,60,0,0,0,60,0,0,,0,,
3866,Monster,7966,ChongWuHuDie6,100,Hồ Điệp Biến Dị,PetHeader4_3,75,113,Hater,2196,982,2196,982,76080,1372,145,7,7,100,0,60,0,0,0,60,0,0,0,60,0,0,0,60,0,0,,0,,
3867,Monster,7969,ChongWuHuDie,100,Hồ Điệp Bảo Bảo,PetHeader4_3,75,113,Hater,2196,982,2196,982,76080,1372,145,7,7,100,0,60,0,0,0,60,0,0,0,60,0,0,0,60,0,0,,0,,
3868,Monster,7970,ChongWuHuDie,100,Hồ Điệp Trưởng Thành,PetHeader4_3,85,138,Hater,2487,1112,2487,1112,93340,1726,164,7,7,100,0,60,0,0,0,60,0,0,0,60,0,0,0,60,0,0,,0,,
3869,Monster,7971,ChongWuHuDie1,100,Hồ Điệp Biến Dị,PetHeader4_3,85,138,Hater,2487,1112,2487,1112,93340,1726,164,7,7,100,0,60,0,0,0,60,0,0,0,60,0,0,0,60,0,0,,0,,
3870,Monster,7972,ChongWuHuDie2,100,Hồ Điệp Biến Dị,PetHeader4_3,85,138,Hater,2487,1112,2487,1112,93340,1726,164,7,7,100,0,60,0,0,0,60,0,0,0,60,0,0,0,60,0,0,,0,,
3871,Monster,7973,ChongWuHuDie3,100,Hồ Điệp Biến Dị,PetHeader4_3,85,138,Hater,2487,1112,2487,1112,93340,1726,164,7,7,100,0,60,0,0,0,60,0,0,0,60,0,0,0,60,0,0,,0,,
3872,Monster,7974,ChongWuHuDie4,100,Hồ Điệp Biến Dị,PetHeader4_3,85,138,Hater,2487,1112,2487,1112,93340,1726,164,7,7,100,0,60,0,0,0,60,0,0,0,60,0,0,0,60,0,0,,0,,
3873,Monster,7975,ChongWuHuDie5,100,Hồ Điệp Biến Dị,PetHeader4_3,85,138,Hater,2487,1112,2487,1112,93340,1726,164,7,7,100,0,60,0,0,0,60,0,0,0,60,0,0,0,60,0,0,,0,,
3874,Monster,7976,ChongWuHuDie6,100,Hồ Điệp Biến Dị,PetHeader4_3,85,138,Hater,2487,1112,2487,1112,93340,1726,164,7,7,100,0,60,0,0,0,60,0,0,0,60,0,0,0,60,0,0,,0,,
3875,Monster,7977,ChongWuHuDie7,100,Hồ Điệp Biến Dị,PetHeader4_3,85,138,Hater,2487,1112,2487,1112,93340,1726,164,7,7,100,0,60,0,0,0,60,0,0,0,60,0,0,0,60,0,0,,0,,
3876,Monster,7979,ChongWuHuDie,100,Hồ Điệp Bảo Bảo,PetHeader4_3,85,138,Hater,2487,1112,2487,1112,93340,1726,164,7,7,100,0,60,0,0,0,60,0,0,0,60,0,0,0,60,0,0,,0,,
3877,Monster,7980,ChongWuHuDie,100,Hồ Điệp Trưởng Thành,PetHeader4_3,95,158,Hater,3043,1243,3043,1243,112280,1927,183,8,8,100,0,60,0,0,0,60,0,0,0,60,0,0,0,60,0,0,,0,,
3878,Monster,7981,ChongWuHuDie1,100,Hồ Điệp Biến Dị,PetHeader4_3,95,158,Hater,3043,1243,3043,1243,112280,1927,183,8,8,100,0,60,0,0,0,60,0,0,0,60,0,0,0,60,0,0,,0,,
3879,Monster,7982,ChongWuHuDie2,100,Hồ Điệp Biến Dị,PetHeader4_3,95,158,Hater,3043,1243,3043,1243,112280,1927,183,8,8,100,0,60,0,0,0,60,0,0,0,60,0,0,0,60,0,0,,0,,
3880,Monster,7983,ChongWuHuDie3,100,Hồ Điệp Biến Dị,PetHeader4_3,95,158,Hater,3043,1243,3043,1243,112280,1927,183,8,8,100,0,60,0,0,0,60,0,0,0,60,0,0,0,60,0,0,,0,,
3881,Monster,7984,ChongWuHuDie4,100,Hồ Điệp Biến Dị,PetHeader4_3,95,158,Hater,3043,1243,3043,1243,112280,1927,183,8,8,100,0,60,0,0,0,60,0,0,0,60,0,0,0,60,0,0,,0,,
3882,Monster,7985,ChongWuHuDie5,100,Hồ Điệp Biến Dị,PetHeader4_3,95,158,Hater,3043,1243,3043,1243,112280,1927,183,8,8,100,0,60,0,0,0,60,0,0,0,60,0,0,0,60,0,0,,0,,
3883,Monster,7986,ChongWuHuDie6,100,Hồ Điệp Biến Dị,PetHeader4_3,95,158,Hater,3043,1243,3043,1243,112280,1927,183,8,8,100,0,60,0,0,0,60,0,0,0,60,0,0,0,60,0,0,,0,,
3884,Monster,7987,ChongWuHuDie7,100,Hồ Điệp Biến Dị,PetHeader4_3,95,158,Hater,3043,1243,3043,1243,112280,1927,183,8,8,100,0,60,0,0,0,60,0,0,0,60,0,0,0,60,0,0,,0,,
3885,Monster,7988,ChongWuHuDie7,100,Hồ Điệp Biến Dị,PetHeader4_3,95,158,Hater,3043,1243,3043,1243,112280,1927,183,8,8,100,0,60,0,0,0,60,0,0,0,60,0,0,0,60,0,0,,0,,
3886,Monster,7989,ChongWuHuDie,100,Hồ Điệp Bảo Bảo,PetHeader4_3,95,158,Hater,3043,1243,3043,1243,112280,1927,183,8,8,100,0,60,0,0,0,60,0,0,0,60,0,0,0,60,0,0,,0,,
3887,Monster,7990,HuangChongWuGuaNiu,100,Oa Ngưu Trưởng Thành,PetHeader3_22,35,37,Hater,983,461,983,461,23840,395,68,3,3,100,0,60,0,0,0,60,0,0,0,60,0,0,0,60,0,0,,0,,
3888,Monster,7991,LanChongWuGuaNiu,100,Oa Ngưu Biến Dị,PetHeader3_22,35,37,Hater,983,461,983,461,23840,395,68,3,3,100,0,60,0,0,0,60,0,0,0,60,0,0,0,60,0,0,,0,,
3889,Monster,7992,LanChongWuGuaNiu,100,Oa Ngưu Biến Dị,PetHeader3_22,35,37,Hater,983,461,983,461,23840,395,68,3,3,100,0,60,0,0,0,60,0,0,0,60,0,0,0,60,0,0,,0,,
3890,Monster,7999,HuangChongWuGuaNiu,100,Oa Ngưu Bảo Bảo,PetHeader3_22,35,37,Hater,983,461,983,461,23840,395,68,3,3,100,0,60,0,0,0,60,0,0,0,60,0,0,0,60,0,0,,0,,
3891,Monster,8000,HuangChongWuGuaNiu,100,Oa Ngưu Trưởng Thành,PetHeader3_22,45,52,Hater,1260,592,1260,592,34380,551,87,4,4,100,0,60,0,0,0,60,0,0,0,60,0,0,0,60,0,0,,0,,
3892,Monster,8001,LanChongWuGuaNiu,100,Oa Ngưu Biến Dị,PetHeader3_22,45,52,Hater,1260,592,1260,592,34380,551,87,4,4,100,0,60,0,0,0,60,0,0,0,60,0,0,0,60,0,0,,0,,
3893,Monster,8002,LanChongWuGuaNiu,100,Oa Ngưu Biến Dị,PetHeader3_22,45,52,Hater,1260,592,1260,592,34380,551,87,4,4,100,0,60,0,0,0,60,0,0,0,60,0,0,0,60,0,0,,0,,
3894,Monster,8003,LanChongWuGuaNiu,100,Oa Ngưu Biến Dị,PetHeader3_22,45,52,Hater,1260,592,1260,592,34380,551,87,4,4,100,0,60,0,0,0,60,0,0,0,60,0,0,0,60,0,0,,0,,
3895,Monster,8009,HuangChongWuGuaNiu,100,Oa Ngưu Bảo Bảo,PetHeader3_22,45,52,Hater,1260,592,1260,592,34380,551,87,4,4,100,0,60,0,0,0,60,0,0,0,60,0,0,0,60,0,0,,0,,
3896,Monster,8010,HuangChongWuGuaNiu,100,Oa Ngưu Trưởng Thành,PetHeader3_22,55,70,Hater,1614,722,1614,722,46600,784,106,5,5,100,0,60,0,0,0,60,0,0,0,60,0,0,0,60,0,0,,0,,
3897,Monster,8011,LanChongWuGuaNiu,100,Oa Ngưu Biến Dị,PetHeader3_22,55,70,Hater,1614,722,1614,722,46600,784,106,5,5,100,0,60,0,0,0,60,0,0,0,60,0,0,0,60,0,0,,0,,
3898,Monster,8012,LanChongWuGuaNiu,100,Oa Ngưu Biến Dị,PetHeader3_22,55,70,Hater,1614,722,1614,722,46600,784,106,5,5,100,0,60,0,0,0,60,0,0,0,60,0,0,0,60,0,0,,0,,
3899,Monster,8013,LanChongWuGuaNiu,100,Oa Ngưu Biến Dị,PetHeader3_22,55,70,Hater,1614,722,1614,722,46600,784,106,5,5,100,0,60,0,0,0,60,0,0,0,60,0,0,0,60,0,0,,0,,
3900,Monster,8014,LanChongWuGuaNiu,100,Oa Ngưu Biến Dị,PetHeader3_22,55,70,Hater,1614,722,1614,722,46600,784,106,5,5,100,0,60,0,0,0,60,0,0,0,60,0,0,0,60,0,0,,0,,
3901,Monster,8019,HuangChongWuGuaNiu,100,Oa Ngưu Bảo Bảo,PetHeader3_22,55,70,Hater,1614,722,1614,722,46600,784,106,5,5,100,0,60,0,0,0,60,0,0,0,60,0,0,0,60,0,0,,0,,
3902,Monster,8020,HuangChongWuGuaNiu,100,Oa Ngưu Trưởng Thành,PetHeader3_22,65,91,Hater,1905,852,1905,852,60500,1058,126,6,6,100,0,60,0,0,0,60,0,0,0,60,0,0,0,60,0,0,,0,,
3903,Monster,8021,LanChongWuGuaNiu,100,Oa Ngưu Biến Dị,PetHeader3_22,65,91,Hater,1905,852,1905,852,60500,1058,126,6,6,100,0,60,0,0,0,60,0,0,0,60,0,0,0,60,0,0,,0,,
3904,Monster,8022,LanChongWuGuaNiu,100,Oa Ngưu Biến Dị,PetHeader3_22,65,91,Hater,1905,852,1905,852,60500,1058,126,6,6,100,0,60,0,0,0,60,0,0,0,60,0,0,0,60,0,0,,0,,
3905,Monster,8023,LanChongWuGuaNiu,100,Oa Ngưu Biến Dị,PetHeader3_22,65,91,Hater,1905,852,1905,852,60500,1058,126,6,6,100,0,60,0,0,0,60,0,0,0,60,0,0,0,60,0,0,,0,,
3906,Monster,8024,LanChongWuGuaNiu,100,Oa Ngưu Biến Dị,PetHeader3_22,65,91,Hater,1905,852,1905,852,60500,1058,126,6,6,100,0,60,0,0,0,60,0,0,0,60,0,0,0,60,0,0,,0,,
3907,Monster,8025,LanChongWuGuaNiu,100,Oa Ngưu Biến Dị,PetHeader3_22,65,91,Hater,1905,852,1905,852,60500,1058,126,6,6,100,0,60,0,0,0,60,0,0,0,60,0,0,0,60,0,0,,0,,
3908,Monster,8029,HuangChongWuGuaNiu,100,Oa Ngưu Bảo Bảo,PetHeader3_22,65,91,Hater,1905,852,1905,852,60500,1058,126,6,6,100,0,60,0,0,0,60,0,0,0,60,0,0,0,60,0,0,,0,,
3909,Monster,8030,HuangChongWuGuaNiu,100,Oa Ngưu Trưởng Thành,PetHeader3_22,75,113,Hater,2196,982,2196,982,76080,1372,145,7,7,100,0,60,0,0,0,60,0,0,0,60,0,0,0,60,0,0,,0,,
3910,Monster,8031,LanChongWuGuaNiu,100,Oa Ngưu Biến Dị,PetHeader3_22,75,113,Hater,2196,982,2196,982,76080,1372,145,7,7,100,0,60,0,0,0,60,0,0,0,60,0,0,0,60,0,0,,0,,
3911,Monster,8032,LanChongWuGuaNiu,100,Oa Ngưu Biến Dị,PetHeader3_22,75,113,Hater,2196,982,2196,982,76080,1372,145,7,7,100,0,60,0,0,0,60,0,0,0,60,0,0,0,60,0,0,,0,,
3912,Monster,8033,LanChongWuGuaNiu,100,Oa Ngưu Biến Dị,PetHeader3_22,75,113,Hater,2196,982,2196,982,76080,1372,145,7,7,100,0,60,0,0,0,60,0,0,0,60,0,0,0,60,0,0,,0,,
3913,Monster,8034,LanChongWuGuaNiu,100,Oa Ngưu Biến Dị,PetHeader3_22,75,113,Hater,2196,982,2196,982,76080,1372,145,7,7,100,0,60,0,0,0,60,0,0,0,60,0,0,0,60,0,0,,0,,
3914,Monster,8035,LanChongWuGuaNiu,100,Oa Ngưu Biến Dị,PetHeader3_22,75,113,Hater,2196,982,2196,982,76080,1372,145,7,7,100,0,60,0,0,0,60,0,0,0,60,0,0,0,60,0,0,,0,,
3915,Monster,8036,LanChongWuGuaNiu,100,Oa Ngưu Biến Dị,PetHeader3_22,75,113,Hater,2196,982,2196,982,76080,1372,145,7,7,100,0,60,0,0,0,60,0,0,0,60,0,0,0,60,0,0,,0,,
3916,Monster,8039,HuangChongWuGuaNiu,100,Oa Ngưu Bảo Bảo,PetHeader3_22,75,113,Hater,2196,982,2196,982,76080,1372,145,7,7,100,0,60,0,0,0,60,0,0,0,60,0,0,0,60,0,0,,0,,
3917,Monster,8040,HuangChongWuGuaNiu,100,Oa Ngưu Trưởng Thành,PetHeader3_22,85,138,Hater,2487,1112,2487,1112,93340,1726,164,7,7,100,0,60,0,0,0,60,0,0,0,60,0,0,0,60,0,0,,0,,
3918,Monster,8041,LanChongWuGuaNiu,100,Oa Ngưu Biến Dị,PetHeader3_22,85,138,Hater,2487,1112,2487,1112,93340,1726,164,7,7,100,0,60,0,0,0,60,0,0,0,60,0,0,0,60,0,0,,0,,
3919,Monster,8042,LanChongWuGuaNiu,100,Oa Ngưu Biến Dị,PetHeader3_22,85,138,Hater,2487,1112,2487,1112,93340,1726,164,7,7,100,0,60,0,0,0,60,0,0,0,60,0,0,0,60,0,0,,0,,
3920,Monster,8043,LanChongWuGuaNiu,100,Oa Ngưu Biến Dị,PetHeader3_22,85,138,Hater,2487,1112,2487,1112,93340,1726,164,7,7,100,0,60,0,0,0,60,0,0,0,60,0,0,0,60,0,0,,0,,
3921,Monster,8044,LanChongWuGuaNiu,100,Oa Ngưu Biến Dị,PetHeader3_22,85,138,Hater,2487,1112,2487,1112,93340,1726,164,7,7,100,0,60,0,0,0,60,0,0,0,60,0,0,0,60,0,0,,0,,
3922,Monster,8045,LanChongWuGuaNiu,100,Oa Ngưu Biến Dị,PetHeader3_22,85,138,Hater,2487,1112,2487,1112,93340,1726,164,7,7,100,0,60,0,0,0,60,0,0,0,60,0,0,0,60,0,0,,0,,
3923,Monster,8046,LanChongWuGuaNiu,100,Oa Ngưu Biến Dị,PetHeader3_22,85,138,Hater,2487,1112,2487,1112,93340,1726,164,7,7,100,0,60,0,0,0,60,0,0,0,60,0,0,0,60,0,0,,0,,
3924,Monster,8047,LanChongWuGuaNiu,100,Oa Ngưu Biến Dị,PetHeader3_22,85,138,Hater,2487,1112,2487,1112,93340,1726,164,7,7,100,0,60,0,0,0,60,0,0,0,60,0,0,0,60,0,0,,0,,
3925,Monster,8049,HuangChongWuGuaNiu,100,Oa Ngưu Bảo Bảo,PetHeader3_22,85,138,Hater,2487,1112,2487,1112,93340,1726,164,7,7,100,0,60,0,0,0,60,0,0,0,60,0,0,0,60,0,0,,0,,
3926,Monster,8050,HuangChongWuGuaNiu,100,Oa Ngưu Trưởng Thành,PetHeader3_22,95,158,Hater,3043,1243,3043,1243,112280,1927,183,8,8,100,0,60,0,0,0,60,0,0,0,60,0,0,0,60,0,0,,0,,
3927,Monster,8051,LanChongWuGuaNiu,100,Oa Ngưu Biến Dị,PetHeader3_22,95,158,Hater,3043,1243,3043,1243,112280,1927,183,8,8,100,0,60,0,0,0,60,0,0,0,60,0,0,0,60,0,0,,0,,
3928,Monster,8052,LanChongWuGuaNiu,100,Oa Ngưu Biến Dị,PetHeader3_22,95,158,Hater,3043,1243,3043,1243,112280,1927,183,8,8,100,0,60,0,0,0,60,0,0,0,60,0,0,0,60,0,0,,0,,
3929,Monster,8053,LanChongWuGuaNiu,100,Oa Ngưu Biến Dị,PetHeader3_22,95,158,Hater,3043,1243,3043,1243,112280,1927,183,8,8,100,0,60,0,0,0,60,0,0,0,60,0,0,0,60,0,0,,0,,
3930,Monster,8054,LanChongWuGuaNiu,100,Oa Ngưu Biến Dị,PetHeader3_22,95,158,Hater,3043,1243,3043,1243,112280,1927,183,8,8,100,0,60,0,0,0,60,0,0,0,60,0,0,0,60,0,0,,0,,
3931,Monster,8055,LanChongWuGuaNiu,100,Oa Ngưu Biến Dị,PetHeader3_22,95,158,Hater,3043,1243,3043,1243,112280,1927,183,8,8,100,0,60,0,0,0,60,0,0,0,60,0,0,0,60,0,0,,0,,
3932,Monster,8056,LanChongWuGuaNiu,100,Oa Ngưu Biến Dị,PetHeader3_22,95,158,Hater,3043,1243,3043,1243,112280,1927,183,8,8,100,0,60,0,0,0,60,0,0,0,60,0,0,0,60,0,0,,0,,
3933,Monster,8057,LanChongWuGuaNiu,100,Oa Ngưu Biến Dị,PetHeader3_22,95,158,Hater,3043,1243,3043,1243,112280,1927,183,8,8,100,0,60,0,0,0,60,0,0,0,60,0,0,0,60,0,0,,0,,
3934,Monster,8058,LanChongWuGuaNiu,100,Oa Ngưu Biến Dị,PetHeader3_22,95,158,Hater,3043,1243,3043,1243,112280,1927,183,8,8,100,0,60,0,0,0,60,0,0,0,60,0,0,0,60,0,0,,0,,
3935,Monster,8059,HuangChongWuGuaNiu,100,Oa Ngưu Bảo Bảo,PetHeader3_22,95,158,Hater,3043,1243,3043,1243,112280,1927,183,8,8,100,0,60,0,0,0,60,0,0,0,60,0,0,0,60,0,0,,0,,
3936,Monster,8060,HuangSeChongWuHeZi,100,Hạt Tử Trưởng Thành,PetHeader3_21,35,37,Hater,983,461,983,461,23840,395,68,3,3,100,0,60,0,0,0,60,0,0,0,60,0,0,0,60,0,0,,0,,
3937,Monster,8061,ZiSeChongWuHeZi,100,Hạt Tử Biến Dị,PetHeader3_21,35,37,Hater,983,461,983,461,23840,395,68,3,3,100,0,60,0,0,0,60,0,0,0,60,0,0,0,60,0,0,,0,,
3938,Monster,8062,ZiSeChongWuHeZi,100,Hạt Tử Biến Dị,PetHeader3_21,35,37,Hater,983,461,983,461,23840,395,68,3,3,100,0,60,0,0,0,60,0,0,0,60,0,0,0,60,0,0,,0,,
3939,Monster,8069,HuangSeChongWuHeZi,100,Hạt Tử Bảo Bảo,PetHeader3_21,35,37,Hater,983,461,983,461,23840,395,68,3,3,100,0,60,0,0,0,60,0,0,0,60,0,0,0,60,0,0,,0,,
3940,Monster,8070,HuangSeChongWuHeZi,100,Hạt Tử Trưởng Thành,PetHeader3_21,45,52,Hater,1260,592,1260,592,34380,551,87,4,4,100,0,60,0,0,0,60,0,0,0,60,0,0,0,60,0,0,,0,,
3941,Monster,8071,ZiSeChongWuHeZi,100,Hạt Tử Biến Dị,PetHeader3_21,45,52,Hater,1260,592,1260,592,34380,551,87,4,4,100,0,60,0,0,0,60,0,0,0,60,0,0,0,60,0,0,,0,,
3942,Monster,8072,ZiSeChongWuHeZi,100,Hạt Tử Biến Dị,PetHeader3_21,45,52,Hater,1260,592,1260,592,34380,551,87,4,4,100,0,60,0,0,0,60,0,0,0,60,0,0,0,60,0,0,,0,,
3943,Monster,8073,ZiSeChongWuHeZi,100,Hạt Tử Biến Dị,PetHeader3_21,45,52,Hater,1260,592,1260,592,34380,551,87,4,4,100,0,60,0,0,0,60,0,0,0,60,0,0,0,60,0,0,,0,,
3944,Monster,8079,HuangSeChongWuHeZi,100,Hạt Tử Bảo Bảo,PetHeader3_21,45,52,Hater,1260,592,1260,592,34380,551,87,4,4,100,0,60,0,0,0,60,0,0,0,60,0,0,0,60,0,0,,0,,
3945,Monster,8080,HuangSeChongWuHeZi,100,Hạt Tử Trưởng Thành,PetHeader3_21,55,70,Hater,1614,722,1614,722,46600,784,106,5,5,100,0,60,0,0,0,60,0,0,0,60,0,0,0,60,0,0,,0,,
3946,Monster,8081,ZiSeChongWuHeZi,100,Hạt Tử Biến Dị,PetHeader3_21,55,70,Hater,1614,722,1614,722,46600,784,106,5,5,100,0,60,0,0,0,60,0,0,0,60,0,0,0,60,0,0,,0,,
3947,Monster,8082,ZiSeChongWuHeZi,100,Hạt Tử Biến Dị,PetHeader3_21,55,70,Hater,1614,722,1614,722,46600,784,106,5,5,100,0,60,0,0,0,60,0,0,0,60,0,0,0,60,0,0,,0,,
3948,Monster,8083,ZiSeChongWuHeZi,100,Hạt Tử Biến Dị,PetHeader3_21,55,70,Hater,1614,722,1614,722,46600,784,106,5,5,100,0,60,0,0,0,60,0,0,0,60,0,0,0,60,0,0,,0,,
3949,Monster,8084,ZiSeChongWuHeZi,100,Hạt Tử Biến Dị,PetHeader3_21,55,70,Hater,1614,722,1614,722,46600,784,106,5,5,100,0,60,0,0,0,60,0,0,0,60,0,0,0,60,0,0,,0,,
3950,Monster,8089,HuangSeChongWuHeZi,100,Hạt Tử Bảo Bảo,PetHeader3_21,55,70,Hater,1614,722,1614,722,46600,784,106,5,5,100,0,60,0,0,0,60,0,0,0,60,0,0,0,60,0,0,,0,,
3951,Monster,8090,HuangSeChongWuHeZi,100,Hạt Tử Trưởng Thành,PetHeader3_21,65,91,Hater,1905,852,1905,852,60500,1058,126,6,6,100,0,60,0,0,0,60,0,0,0,60,0,0,0,60,0,0,,0,,
3952,Monster,8091,ZiSeChongWuHeZi,100,Hạt Tử Biến Dị,PetHeader3_21,65,91,Hater,1905,852,1905,852,60500,1058,126,6,6,100,0,60,0,0,0,60,0,0,0,60,0,0,0,60,0,0,,0,,
3953,Monster,8092,ZiSeChongWuHeZi,100,Hạt Tử Biến Dị,PetHeader3_21,65,91,Hater,1905,852,1905,852,60500,1058,126,6,6,100,0,60,0,0,0,60,0,0,0,60,0,0,0,60,0,0,,0,,
3954,Monster,8093,ZiSeChongWuHeZi,100,Hạt Tử Biến Dị,PetHeader3_21,65,91,Hater,1905,852,1905,852,60500,1058,126,6,6,100,0,60,0,0,0,60,0,0,0,60,0,0,0,60,0,0,,0,,
3955,Monster,8094,ZiSeChongWuHeZi,100,Hạt Tử Biến Dị,PetHeader3_21,65,91,Hater,1905,852,1905,852,60500,1058,126,6,6,100,0,60,0,0,0,60,0,0,0,60,0,0,0,60,0,0,,0,,
3956,Monster,8095,ZiSeChongWuHeZi,100,Hạt Tử Biến Dị,PetHeader3_21,65,91,Hater,1905,852,1905,852,60500,1058,126,6,6,100,0,60,0,0,0,60,0,0,0,60,0,0,0,60,0,0,,0,,
3957,Monster,8099,HuangSeChongWuHeZi,100,Hạt Tử Bảo Bảo,PetHeader3_21,65,91,Hater,1905,852,1905,852,60500,1058,126,6,6,100,0,60,0,0,0,60,0,0,0,60,0,0,0,60,0,0,,0,,
3958,Monster,8100,HuangSeChongWuHeZi,100,Hạt Tử Trưởng Thành,PetHeader3_21,75,113,Hater,2196,982,2196,982,76080,1372,145,7,7,100,0,60,0,0,0,60,0,0,0,60,0,0,0,60,0,0,,0,,
3959,Monster,8101,ZiSeChongWuHeZi,100,Hạt Tử Biến Dị,PetHeader3_21,75,113,Hater,2196,982,2196,982,76080,1372,145,7,7,100,0,60,0,0,0,60,0,0,0,60,0,0,0,60,0,0,,0,,
3960,Monster,8102,ZiSeChongWuHeZi,100,Hạt Tử Biến Dị,PetHeader3_21,75,113,Hater,2196,982,2196,982,76080,1372,145,7,7,100,0,60,0,0,0,60,0,0,0,60,0,0,0,60,0,0,,0,,
3961,Monster,8103,ZiSeChongWuHeZi,100,Hạt Tử Biến Dị,PetHeader3_21,75,113,Hater,2196,982,2196,982,76080,1372,145,7,7,100,0,60,0,0,0,60,0,0,0,60,0,0,0,60,0,0,,0,,
3962,Monster,8104,ZiSeChongWuHeZi,100,Hạt Tử Biến Dị,PetHeader3_21,75,113,Hater,2196,982,2196,982,76080,1372,145,7,7,100,0,60,0,0,0,60,0,0,0,60,0,0,0,60,0,0,,0,,
3963,Monster,8105,ZiSeChongWuHeZi,100,Hạt Tử Biến Dị,PetHeader3_21,75,113,Hater,2196,982,2196,982,76080,1372,145,7,7,100,0,60,0,0,0,60,0,0,0,60,0,0,0,60,0,0,,0,,
3964,Monster,8106,ZiSeChongWuHeZi,100,Hạt Tử Biến Dị,PetHeader3_21,75,113,Hater,2196,982,2196,982,76080,1372,145,7,7,100,0,60,0,0,0,60,0,0,0,60,0,0,0,60,0,0,,0,,
3965,Monster,8109,HuangSeChongWuHeZi,100,Hạt Tử Bảo Bảo,PetHeader3_21,75,113,Hater,2196,982,2196,982,76080,1372,145,7,7,100,0,60,0,0,0,60,0,0,0,60,0,0,0,60,0,0,,0,,
3966,Monster,8110,HuangSeChongWuHeZi,100,Hạt Tử Trưởng Thành,PetHeader3_21,85,138,Hater,2487,1112,2487,1112,93340,1726,164,7,7,100,0,60,0,0,0,60,0,0,0,60,0,0,0,60,0,0,,0,,
3967,Monster,8111,ZiSeChongWuHeZi,100,Hạt Tử Biến Dị,PetHeader3_21,85,138,Hater,2487,1112,2487,1112,93340,1726,164,7,7,100,0,60,0,0,0,60,0,0,0,60,0,0,0,60,0,0,,0,,
3968,Monster,8112,ZiSeChongWuHeZi,100,Hạt Tử Biến Dị,PetHeader3_21,85,138,Hater,2487,1112,2487,1112,93340,1726,164,7,7,100,0,60,0,0,0,60,0,0,0,60,0,0,0,60,0,0,,0,,
3969,Monster,8113,ZiSeChongWuHeZi,100,Hạt Tử Biến Dị,PetHeader3_21,85,138,Hater,2487,1112,2487,1112,93340,1726,164,7,7,100,0,60,0,0,0,60,0,0,0,60,0,0,0,60,0,0,,0,,
3970,Monster,8114,ZiSeChongWuHeZi,100,Hạt Tử Biến Dị,PetHeader3_21,85,138,Hater,2487,1112,2487,1112,93340,1726,164,7,7,100,0,60,0,0,0,60,0,0,0,60,0,0,0,60,0,0,,0,,
3971,Monster,8115,ZiSeChongWuHeZi,100,Hạt Tử Biến Dị,PetHeader3_21,85,138,Hater,2487,1112,2487,1112,93340,1726,164,7,7,100,0,60,0,0,0,60,0,0,0,60,0,0,0,60,0,0,,0,,
3972,Monster,8116,ZiSeChongWuHeZi,100,Hạt Tử Biến Dị,PetHeader3_21,85,138,Hater,2487,1112,2487,1112,93340,1726,164,7,7,100,0,60,0,0,0,60,0,0,0,60,0,0,0,60,0,0,,0,,
3973,Monster,8117,ZiSeChongWuHeZi,100,Hạt Tử Biến Dị,PetHeader3_21,85,138,Hater,2487,1112,2487,1112,93340,1726,164,7,7,100,0,60,0,0,0,60,0,0,0,60,0,0,0,60,0,0,,0,,
3974,Monster,8119,HuangSeChongWuHeZi,100,Hạt Tử Bảo Bảo,PetHeader3_21,85,138,Hater,2487,1112,2487,1112,93340,1726,164,7,7,100,0,60,0,0,0,60,0,0,0,60,0,0,0,60,0,0,,0,,
3975,Monster,8120,HuangSeChongWuHeZi,100,Hạt Tử Trưởng Thành,PetHeader3_21,95,158,Hater,3043,1243,3043,1243,112280,1927,183,8,8,100,0,60,0,0,0,60,0,0,0,60,0,0,0,60,0,0,,0,,
3976,Monster,8121,ZiSeChongWuHeZi,100,Hạt Tử Biến Dị,PetHeader3_21,95,158,Hater,3043,1243,3043,1243,112280,1927,183,8,8,100,0,60,0,0,0,60,0,0,0,60,0,0,0,60,0,0,,0,,
3977,Monster,8122,ZiSeChongWuHeZi,100,Hạt Tử Biến Dị,PetHeader3_21,95,158,Hater,3043,1243,3043,1243,112280,1927,183,8,8,100,0,60,0,0,0,60,0,0,0,60,0,0,0,60,0,0,,0,,
3978,Monster,8123,ZiSeChongWuHeZi,100,Hạt Tử Biến Dị,PetHeader3_21,95,158,Hater,3043,1243,3043,1243,112280,1927,183,8,8,100,0,60,0,0,0,60,0,0,0,60,0,0,0,60,0,0,,0,,
3979,Monster,8124,ZiSeChongWuHeZi,100,Hạt Tử Biến Dị,PetHeader3_21,95,158,Hater,3043,1243,3043,1243,112280,1927,183,8,8,100,0,60,0,0,0,60,0,0,0,60,0,0,0,60,0,0,,0,,
3980,Monster,8125,ZiSeChongWuHeZi,100,Hạt Tử Biến Dị,PetHeader3_21,95,158,Hater,3043,1243,3043,1243,112280,1927,183,8,8,100,0,60,0,0,0,60,0,0,0,60,0,0,0,60,0,0,,0,,
3981,Monster,8126,ZiSeChongWuHeZi,100,Hạt Tử Biến Dị,PetHeader3_21,95,158,Hater,3043,1243,3043,1243,112280,1927,183,8,8,100,0,60,0,0,0,60,0,0,0,60,0,0,0,60,0,0,,0,,
3982,Monster,8127,ZiSeChongWuHeZi,100,Hạt Tử Biến Dị,PetHeader3_21,95,158,Hater,3043,1243,3043,1243,112280,1927,183,8,8,100,0,60,0,0,0,60,0,0,0,60,0,0,0,60,0,0,,0,,
3983,Monster,8128,ZiSeChongWuHeZi,100,Hạt Tử Biến Dị,PetHeader3_21,95,158,Hater,3043,1243,3043,1243,112280,1927,183,8,8,100,0,60,0,0,0,60,0,0,0,60,0,0,0,60,0,0,,0,,
3984,Monster,8129,HuangSeChongWuHeZi,100,Hạt Tử Bảo Bảo,PetHeader3_21,95,158,Hater,3043,1243,3043,1243,112280,1927,183,8,8,100,0,60,0,0,0,60,0,0,0,60,0,0,0,60,0,0,,0,,
3985,Monster,8130,HeSeChongWuChuanShanJia,100,Xuyên Sơn Giáp Trưởng Thành,PetHeader3_18,35,37,Hater,983,461,983,461,23840,395,68,3,3,100,0,60,0,0,0,60,0,0,0,60,0,0,0,60,0,0,,0,,
3986,Monster,8131,ZiSeChongWuChuanShanJia,100,Xuyên Sơn Giáp Biến Dị,PetHeader3_18,35,37,Hater,983,461,983,461,23840,395,68,3,3,100,0,60,0,0,0,60,0,0,0,60,0,0,0,60,0,0,,0,,
3987,Monster,8132,ZiSeChongWuChuanShanJia,100,Xuyên Sơn Giáp Biến Dị,PetHeader3_18,35,37,Hater,983,461,983,461,23840,395,68,3,3,100,0,60,0,0,0,60,0,0,0,60,0,0,0,60,0,0,,0,,
3988,Monster,8139,HeSeChongWuChuanShanJia,100,Xuyên Sơn Giáp Bảo Bảo,PetHeader3_18,35,37,Hater,983,461,983,461,23840,395,68,3,3,100,0,60,0,0,0,60,0,0,0,60,0,0,0,60,0,0,,0,,
3989,Monster,8140,HeSeChongWuChuanShanJia,100,Xuyên Sơn Giáp Trưởng Thành,PetHeader3_18,45,52,Hater,1260,592,1260,592,34380,551,87,4,4,100,0,60,0,0,0,60,0,0,0,60,0,0,0,60,0,0,,0,,
3990,Monster,8141,ZiSeChongWuChuanShanJia,100,Xuyên Sơn Giáp Biến Dị,PetHeader3_18,45,52,Hater,1260,592,1260,592,34380,551,87,4,4,100,0,60,0,0,0,60,0,0,0,60,0,0,0,60,0,0,,0,,
3991,Monster,8142,ZiSeChongWuChuanShanJia,100,Xuyên Sơn Giáp Biến Dị,PetHeader3_18,45,52,Hater,1260,592,1260,592,34380,551,87,4,4,100,0,60,0,0,0,60,0,0,0,60,0,0,0,60,0,0,,0,,
3992,Monster,8143,ZiSeChongWuChuanShanJia,100,Xuyên Sơn Giáp Biến Dị,PetHeader3_18,45,52,Hater,1260,592,1260,592,34380,551,87,4,4,100,0,60,0,0,0,60,0,0,0,60,0,0,0,60,0,0,,0,,
3993,Monster,8149,HeSeChongWuChuanShanJia,100,Xuyên Sơn Giáp Bảo Bảo,PetHeader3_18,45,52,Hater,1260,592,1260,592,34380,551,87,4,4,100,0,60,0,0,0,60,0,0,0,60,0,0,0,60,0,0,,0,,
3994,Monster,8150,HeSeChongWuChuanShanJia,100,Xuyên Sơn Giáp Trưởng Thành,PetHeader3_18,55,70,Hater,1614,722,1614,722,46600,784,106,5,5,100,0,60,0,0,0,60,0,0,0,60,0,0,0,60,0,0,,0,,
3995,Monster,8151,ZiSeChongWuChuanShanJia,100,Xuyên Sơn Giáp Biến Dị,PetHeader3_18,55,70,Hater,1614,722,1614,722,46600,784,106,5,5,100,0,60,0,0,0,60,0,0,0,60,0,0,0,60,0,0,,0,,
3996,Monster,8152,ZiSeChongWuChuanShanJia,100,Xuyên Sơn Giáp Biến Dị,PetHeader3_18,55,70,Hater,1614,722,1614,722,46600,784,106,5,5,100,0,60,0,0,0,60,0,0,0,60,0,0,0,60,0,0,,0,,
3997,Monster,8153,ZiSeChongWuChuanShanJia,100,Xuyên Sơn Giáp Biến Dị,PetHeader3_18,55,70,Hater,1614,722,1614,722,46600,784,106,5,5,100,0,60,0,0,0,60,0,0,0,60,0,0,0,60,0,0,,0,,
3998,Monster,8154,ZiSeChongWuChuanShanJia,100,Xuyên Sơn Giáp Biến Dị,PetHeader3_18,55,70,Hater,1614,722,1614,722,46600,784,106,5,5,100,0,60,0,0,0,60,0,0,0,60,0,0,0,60,0,0,,0,,
3999,Monster,8159,HeSeChongWuChuanShanJia,100,Xuyên Sơn Giáp Bảo Bảo,PetHeader3_18,55,70,Hater,1614,722,1614,722,46600,784,106,5,5,100,0,60,0,0,0,60,0,0,0,60,0,0,0,60,0,0,,0,,
4000,Monster,8160,HeSeChongWuChuanShanJia,100,Xuyên Sơn Giáp Trưởng Thành,PetHeader3_18,65,91,Hater,1905,852,1905,852,60500,1058,126,6,6,100,0,60,0,0,0,60,0,0,0,60,0,0,0,60,0,0,,0,,
4001,Monster,8161,ZiSeChongWuChuanShanJia,100,Xuyên Sơn Giáp Biến Dị,PetHeader3_18,65,91,Hater,1905,852,1905,852,60500,1058,126,6,6,100,0,60,0,0,0,60,0,0,0,60,0,0,0,60,0,0,,0,,
4002,Monster,8162,ZiSeChongWuChuanShanJia,100,Xuyên Sơn Giáp Biến Dị,PetHeader3_18,65,91,Hater,1905,852,1905,852,60500,1058,126,6,6,100,0,60,0,0,0,60,0,0,0,60,0,0,0,60,0,0,,0,,
4003,Monster,8163,ZiSeChongWuChuanShanJia,100,Xuyên Sơn Giáp Biến Dị,PetHeader3_18,65,91,Hater,1905,852,1905,852,60500,1058,126,6,6,100,0,60,0,0,0,60,0,0,0,60,0,0,0,60,0,0,,0,,
4004,Monster,8164,ZiSeChongWuChuanShanJia,100,Xuyên Sơn Giáp Biến Dị,PetHeader3_18,65,91,Hater,1905,852,1905,852,60500,1058,126,6,6,100,0,60,0,0,0,60,0,0,0,60,0,0,0,60,0,0,,0,,
4005,Monster,8165,ZiSeChongWuChuanShanJia,100,Xuyên Sơn Giáp Biến Dị,PetHeader3_18,65,91,Hater,1905,852,1905,852,60500,1058,126,6,6,100,0,60,0,0,0,60,0,0,0,60,0,0,0,60,0,0,,0,,
4006,Monster,8169,HeSeChongWuChuanShanJia,100,Xuyên Sơn Giáp Bảo Bảo,PetHeader3_18,65,91,Hater,1905,852,1905,852,60500,1058,126,6,6,100,0,60,0,0,0,60,0,0,0,60,0,0,0,60,0,0,,0,,
4007,Monster,8170,HeSeChongWuChuanShanJia,100,Xuyên Sơn Giáp Trưởng Thành,PetHeader3_18,75,113,Hater,2196,982,2196,982,76080,1372,145,7,7,100,0,60,0,0,0,60,0,0,0,60,0,0,0,60,0,0,,0,,
4008,Monster,8171,ZiSeChongWuChuanShanJia,100,Xuyên Sơn Giáp Biến Dị,PetHeader3_18,75,113,Hater,2196,982,2196,982,76080,1372,145,7,7,100,0,60,0,0,0,60,0,0,0,60,0,0,0,60,0,0,,0,,
4009,Monster,8172,ZiSeChongWuChuanShanJia,100,Xuyên Sơn Giáp Biến Dị,PetHeader3_18,75,113,Hater,2196,982,2196,982,76080,1372,145,7,7,100,0,60,0,0,0,60,0,0,0,60,0,0,0,60,0,0,,0,,
4010,Monster,8173,ZiSeChongWuChuanShanJia,100,Xuyên Sơn Giáp Biến Dị,PetHeader3_18,75,113,Hater,2196,982,2196,982,76080,1372,145,7,7,100,0,60,0,0,0,60,0,0,0,60,0,0,0,60,0,0,,0,,
4011,Monster,8174,ZiSeChongWuChuanShanJia,100,Xuyên Sơn Giáp Biến Dị,PetHeader3_18,75,113,Hater,2196,982,2196,982,76080,1372,145,7,7,100,0,60,0,0,0,60,0,0,0,60,0,0,0,60,0,0,,0,,
4012,Monster,8175,ZiSeChongWuChuanShanJia,100,Xuyên Sơn Giáp Biến Dị,PetHeader3_18,75,113,Hater,2196,982,2196,982,76080,1372,145,7,7,100,0,60,0,0,0,60,0,0,0,60,0,0,0,60,0,0,,0,,
4013,Monster,8176,ZiSeChongWuChuanShanJia,100,Xuyên Sơn Giáp Biến Dị,PetHeader3_18,75,113,Hater,2196,982,2196,982,76080,1372,145,7,7,100,0,60,0,0,0,60,0,0,0,60,0,0,0,60,0,0,,0,,
4014,Monster,8179,HeSeChongWuChuanShanJia,100,Xuyên Sơn Giáp Bảo Bảo,PetHeader3_18,75,113,Hater,2196,982,2196,982,76080,1372,145,7,7,100,0,60,0,0,0,60,0,0,0,60,0,0,0,60,0,0,,0,,
4015,Monster,8180,ChongWuChuanShanJia,100,Lôi Lân Trưởng Thành,PetHeader3_18,85,138,Hater,2487,1112,2487,1112,93340,1726,164,7,7,100,0,60,0,0,0,60,0,0,0,60,0,0,0,60,0,0,,0,,
4016,Monster,8181,ChongWuChuanShanJia1,100,Lôi Lân Biến Dị,PetHeader3_18,85,138,Hater,2487,1112,2487,1112,93340,1726,164,7,7,100,0,60,0,0,0,60,0,0,0,60,0,0,0,60,0,0,,0,,
4017,Monster,8182,ChongWuChuanShanJia2,100,Lôi Lân Biến Dị,PetHeader3_18,85,138,Hater,2487,1112,2487,1112,93340,1726,164,7,7,100,0,60,0,0,0,60,0,0,0,60,0,0,0,60,0,0,,0,,
4018,Monster,8183,ChongWuChuanShanJia3,100,Lôi Lân Biến Dị,PetHeader3_18,85,138,Hater,2487,1112,2487,1112,93340,1726,164,7,7,100,0,60,0,0,0,60,0,0,0,60,0,0,0,60,0,0,,0,,
4019,Monster,8184,ChongWuChuanShanJia4,100,Lôi Lân Biến Dị,PetHeader3_18,85,138,Hater,2487,1112,2487,1112,93340,1726,164,7,7,100,0,60,0,0,0,60,0,0,0,60,0,0,0,60,0,0,,0,,
4020,Monster,8185,ChongWuChuanShanJia5,100,Lôi Lân Biến Dị,PetHeader3_18,85,138,Hater,2487,1112,2487,1112,93340,1726,164,7,7,100,0,60,0,0,0,60,0,0,0,60,0,0,0,60,0,0,,0,,
4021,Monster,8186,ChongWuChuanShanJia6,100,Lôi Lân Biến Dị,PetHeader3_18,85,138,Hater,2487,1112,2487,1112,93340,1726,164,7,7,100,0,60,0,0,0,60,0,0,0,60,0,0,0,60,0,0,,0,,
4022,Monster,8187,ChongWuChuanShanJia7,100,Lôi Lân Biến Dị,PetHeader3_18,85,138,Hater,2487,1112,2487,1112,93340,1726,164,7,7,100,0,60,0,0,0,60,0,0,0,60,0,0,0,60,0,0,,0,,
4023,Monster,8189,ChongWuChuanShanJia,100,Lôi Lân Bảo Bảo,PetHeader3_18,85,138,Hater,2487,1112,2487,1112,93340,1726,164,7,7,100,0,60,0,0,0,60,0,0,0,60,0,0,0,60,0,0,,0,,
4024,Monster,8190,HeSeChongWuChuanShanJia,100,Xuyên Sơn Giáp Trưởng Thành,PetHeader3_18,95,158,Hater,3043,1243,3043,1243,112280,1927,183,8,8,100,0,60,0,0,0,60,0,0,0,60,0,0,0,60,0,0,,0,,
4025,Monster,8191,ZiSeChongWuChuanShanJia,100,Xuyên Sơn Giáp Biến Dị,PetHeader3_18,95,158,Hater,3043,1243,3043,1243,112280,1927,183,8,8,100,0,60,0,0,0,60,0,0,0,60,0,0,0,60,0,0,,0,,
4026,Monster,8192,ZiSeChongWuChuanShanJia,100,Xuyên Sơn Giáp Biến Dị,PetHeader3_18,95,158,Hater,3043,1243,3043,1243,112280,1927,183,8,8,100,0,60,0,0,0,60,0,0,0,60,0,0,0,60,0,0,,0,,
4027,Monster,8193,ZiSeChongWuChuanShanJia,100,Xuyên Sơn Giáp Biến Dị,PetHeader3_18,95,158,Hater,3043,1243,3043,1243,112280,1927,183,8,8,100,0,60,0,0,0,60,0,0,0,60,0,0,0,60,0,0,,0,,
4028,Monster,8194,ZiSeChongWuChuanShanJia,100,Xuyên Sơn Giáp Biến Dị,PetHeader3_18,95,158,Hater,3043,1243,3043,1243,112280,1927,183,8,8,100,0,60,0,0,0,60,0,0,0,60,0,0,0,60,0,0,,0,,
4029,Monster,8195,ZiSeChongWuChuanShanJia,100,Xuyên Sơn Giáp Biến Dị,PetHeader3_18,95,158,Hater,3043,1243,3043,1243,112280,1927,183,8,8,100,0,60,0,0,0,60,0,0,0,60,0,0,0,60,0,0,,0,,
4030,Monster,8196,ZiSeChongWuChuanShanJia,100,Xuyên Sơn Giáp Biến Dị,PetHeader3_18,95,158,Hater,3043,1243,3043,1243,112280,1927,183,8,8,100,0,60,0,0,0,60,0,0,0,60,0,0,0,60,0,0,,0,,
4031,Monster,8197,ZiSeChongWuChuanShanJia,100,Xuyên Sơn Giáp Biến Dị,PetHeader3_18,95,158,Hater,3043,1243,3043,1243,112280,1927,183,8,8,100,0,60,0,0,0,60,0,0,0,60,0,0,0,60,0,0,,0,,
4032,Monster,8198,ZiSeChongWuChuanShanJia,100,Xuyên Sơn Giáp Biến Dị,PetHeader3_18,95,158,Hater,3043,1243,3043,1243,112280,1927,183,8,8,100,0,60,0,0,0,60,0,0,0,60,0,0,0,60,0,0,,0,,
4033,Monster,8199,HeSeChongWuChuanShanJia,100,Xuyên Sơn Giáp Bảo Bảo,PetHeader3_18,95,158,Hater,3043,1243,3043,1243,112280,1927,183,8,8,100,0,60,0,0,0,60,0,0,0,60,0,0,0,60,0,0,,0,,
4034,Monster,8200,ChongWuDaJiaChong,100,Trưởng thành Huyền Giáp Lôi Xà,PetHeader4_6,35,37,Hater,983,461,983,461,23840,395,68,3,3,100,0,60,0,0,0,60,0,0,0,60,0,0,0,60,0,0,,0,,
4035,Monster,8201,ChongWuDaJiaChong1,100,Biến Di Huyền Giáp Lôi Xà,PetHeader4_6,35,37,Hater,983,461,983,461,23840,395,68,3,3,100,0,60,0,0,0,60,0,0,0,60,0,0,0,60,0,0,,0,,
4036,Monster,8202,ChongWuDaJiaChong2,100,Biến Di Huyền Giáp Lôi Xà,PetHeader4_6,35,37,Hater,983,461,983,461,23840,395,68,3,3,100,0,60,0,0,0,60,0,0,0,60,0,0,0,60,0,0,,0,,
4037,Monster,8209,ChongWuDaJiaChong,100,Huyền Giáp Lôi Xà Bảo Bảo,PetHeader4_6,35,37,Hater,983,461,983,461,23840,395,68,3,3,100,0,60,0,0,0,60,0,0,0,60,0,0,0,60,0,0,,0,,
4038,Monster,8210,ChongWuDaJiaChong,100,Trưởng thành Huyền Giáp Lôi Xà,PetHeader4_6,45,52,Hater,1260,592,1260,592,34380,551,87,4,4,100,0,60,0,0,0,60,0,0,0,60,0,0,0,60,0,0,,0,,
4039,Monster,8211,ChongWuDaJiaChong1,100,Biến Di Huyền Giáp Lôi Xà,PetHeader4_6,45,52,Hater,1260,592,1260,592,34380,551,87,4,4,100,0,60,0,0,0,60,0,0,0,60,0,0,0,60,0,0,,0,,
4040,Monster,8212,ChongWuDaJiaChong2,100,Biến Di Huyền Giáp Lôi Xà,PetHeader4_6,45,52,Hater,1260,592,1260,592,34380,551,87,4,4,100,0,60,0,0,0,60,0,0,0,60,0,0,0,60,0,0,,0,,
4041,Monster,8213,ChongWuDaJiaChong3,100,Biến Di Huyền Giáp Lôi Xà,PetHeader4_6,45,52,Hater,1260,592,1260,592,34380,551,87,4,4,100,0,60,0,0,0,60,0,0,0,60,0,0,0,60,0,0,,0,,
4042,Monster,8219,ChongWuDaJiaChong,100,Huyền Giáp Lôi Xà Bảo Bảo,PetHeader4_6,45,52,Hater,1260,592,1260,592,34380,551,87,4,4,100,0,60,0,0,0,60,0,0,0,60,0,0,0,60,0,0,,0,,
4043,Monster,8220,ChongWuDaJiaChong,100,Trưởng thành Huyền Giáp Lôi Xà,PetHeader4_6,55,70,Hater,1614,722,1614,722,46600,784,106,5,5,100,0,60,0,0,0,60,0,0,0,60,0,0,0,60,0,0,,0,,
4044,Monster,8221,ChongWuDaJiaChong1,100,Biến Di Huyền Giáp Lôi Xà,PetHeader4_6,55,70,Hater,1614,722,1614,722,46600,784,106,5,5,100,0,60,0,0,0,60,0,0,0,60,0,0,0,60,0,0,,0,,
4045,Monster,8222,ChongWuDaJiaChong2,100,Biến Di Huyền Giáp Lôi Xà,PetHeader4_6,55,70,Hater,1614,722,1614,722,46600,784,106,5,5,100,0,60,0,0,0,60,0,0,0,60,0,0,0,60,0,0,,0,,
4046,Monster,8223,ChongWuDaJiaChong3,100,Biến Di Huyền Giáp Lôi Xà,PetHeader4_6,55,70,Hater,1614,722,1614,722,46600,784,106,5,5,100,0,60,0,0,0,60,0,0,0,60,0,0,0,60,0,0,,0,,
4047,Monster,8224,ChongWuDaJiaChong4,100,Biến Di Huyền Giáp Lôi Xà,PetHeader4_6,55,70,Hater,1614,722,1614,722,46600,784,106,5,5,100,0,60,0,0,0,60,0,0,0,60,0,0,0,60,0,0,,0,,
4048,Monster,8229,ChongWuDaJiaChong,100,Huyền Giáp Lôi Xà Bảo Bảo,PetHeader4_6,55,70,Hater,1614,722,1614,722,46600,784,106,5,5,100,0,60,0,0,0,60,0,0,0,60,0,0,0,60,0,0,,0,,
4049,Monster,8230,ChongWuDaJiaChong,100,Trưởng thành Huyền Giáp Lôi Xà,PetHeader4_6,65,91,Hater,1905,852,1905,852,60500,1058,126,6,6,100,0,60,0,0,0,60,0,0,0,60,0,0,0,60,0,0,,0,,
4050,Monster,8231,ChongWuDaJiaChong1,100,Biến Di Huyền Giáp Lôi Xà,PetHeader4_6,65,91,Hater,1905,852,1905,852,60500,1058,126,6,6,100,0,60,0,0,0,60,0,0,0,60,0,0,0,60,0,0,,0,,
4051,Monster,8232,ChongWuDaJiaChong2,100,Biến Di Huyền Giáp Lôi Xà,PetHeader4_6,65,91,Hater,1905,852,1905,852,60500,1058,126,6,6,100,0,60,0,0,0,60,0,0,0,60,0,0,0,60,0,0,,0,,
4052,Monster,8233,ChongWuDaJiaChong3,100,Biến Di Huyền Giáp Lôi Xà,PetHeader4_6,65,91,Hater,1905,852,1905,852,60500,1058,126,6,6,100,0,60,0,0,0,60,0,0,0,60,0,0,0,60,0,0,,0,,
4053,Monster,8234,ChongWuDaJiaChong4,100,Biến Di Huyền Giáp Lôi Xà,PetHeader4_6,65,91,Hater,1905,852,1905,852,60500,1058,126,6,6,100,0,60,0,0,0,60,0,0,0,60,0,0,0,60,0,0,,0,,
4054,Monster,8235,ChongWuDaJiaChong5,100,Biến Di Huyền Giáp Lôi Xà,PetHeader4_6,65,91,Hater,1905,852,1905,852,60500,1058,126,6,6,100,0,60,0,0,0,60,0,0,0,60,0,0,0,60,0,0,,0,,
4055,Monster,8239,ChongWuDaJiaChong,100,Huyền Giáp Lôi Xà Bảo Bảo,PetHeader4_6,65,91,Hater,1905,852,1905,852,60500,1058,126,6,6,100,0,60,0,0,0,60,0,0,0,60,0,0,0,60,0,0,,0,,
4056,Monster,8240,ChongWuDaJiaChong,100,Trưởng thành Huyền Giáp Lôi Xà,PetHeader4_6,75,113,Hater,2196,982,2196,982,76080,1372,145,7,7,100,0,60,0,0,0,60,0,0,0,60,0,0,0,60,0,0,,0,,
4057,Monster,8241,ChongWuDaJiaChong1,100,Biến Di Huyền Giáp Lôi Xà,PetHeader4_6,75,113,Hater,2196,982,2196,982,76080,1372,145,7,7,100,0,60,0,0,0,60,0,0,0,60,0,0,0,60,0,0,,0,,
4058,Monster,8242,ChongWuDaJiaChong2,100,Biến Di Huyền Giáp Lôi Xà,PetHeader4_6,75,113,Hater,2196,982,2196,982,76080,1372,145,7,7,100,0,60,0,0,0,60,0,0,0,60,0,0,0,60,0,0,,0,,
4059,Monster,8243,ChongWuDaJiaChong3,100,Biến Di Huyền Giáp Lôi Xà,PetHeader4_6,75,113,Hater,2196,982,2196,982,76080,1372,145,7,7,100,0,60,0,0,0,60,0,0,0,60,0,0,0,60,0,0,,0,,
4060,Monster,8244,ChongWuDaJiaChong4,100,Biến Di Huyền Giáp Lôi Xà,PetHeader4_6,75,113,Hater,2196,982,2196,982,76080,1372,145,7,7,100,0,60,0,0,0,60,0,0,0,60,0,0,0,60,0,0,,0,,
4061,Monster,8245,ChongWuDaJiaChong5,100,Biến Di Huyền Giáp Lôi Xà,PetHeader4_6,75,113,Hater,2196,982,2196,982,76080,1372,145,7,7,100,0,60,0,0,0,60,0,0,0,60,0,0,0,60,0,0,,0,,
4062,Monster,8246,ChongWuDaJiaChong6,100,Biến Di Huyền Giáp Lôi Xà,PetHeader4_6,75,113,Hater,2196,982,2196,982,76080,1372,145,7,7,100,0,60,0,0,0,60,0,0,0,60,0,0,0,60,0,0,,0,,
4063,Monster,8249,ChongWuDaJiaChong,100,Huyền Giáp Lôi Xà Bảo Bảo,PetHeader4_6,75,113,Hater,2196,982,2196,982,76080,1372,145,7,7,100,0,60,0,0,0,60,0,0,0,60,0,0,0,60,0,0,,0,,
4064,Monster,8250,ChongWuDaJiaChong,100,Trưởng thành Huyền Giáp Lôi Xà,PetHeader4_6,85,138,Hater,2487,1112,2487,1112,93340,1726,164,7,7,100,0,60,0,0,0,60,0,0,0,60,0,0,0,60,0,0,,0,,
4065,Monster,8251,ChongWuDaJiaChong1,100,Biến Di Huyền Giáp Lôi Xà,PetHeader4_6,85,138,Hater,2487,1112,2487,1112,93340,1726,164,7,7,100,0,60,0,0,0,60,0,0,0,60,0,0,0,60,0,0,,0,,
4066,Monster,8252,ChongWuDaJiaChong2,100,Biến Di Huyền Giáp Lôi Xà,PetHeader4_6,85,138,Hater,2487,1112,2487,1112,93340,1726,164,7,7,100,0,60,0,0,0,60,0,0,0,60,0,0,0,60,0,0,,0,,
4067,Monster,8253,ChongWuDaJiaChong3,100,Biến Di Huyền Giáp Lôi Xà,PetHeader4_6,85,138,Hater,2487,1112,2487,1112,93340,1726,164,7,7,100,0,60,0,0,0,60,0,0,0,60,0,0,0,60,0,0,,0,,
4068,Monster,8254,ChongWuDaJiaChong4,100,Biến Di Huyền Giáp Lôi Xà,PetHeader4_6,85,138,Hater,2487,1112,2487,1112,93340,1726,164,7,7,100,0,60,0,0,0,60,0,0,0,60,0,0,0,60,0,0,,0,,
4069,Monster,8255,ChongWuDaJiaChong5,100,Biến Di Huyền Giáp Lôi Xà,PetHeader4_6,85,138,Hater,2487,1112,2487,1112,93340,1726,164,7,7,100,0,60,0,0,0,60,0,0,0,60,0,0,0,60,0,0,,0,,
4070,Monster,8256,ChongWuDaJiaChong6,100,Biến Di Huyền Giáp Lôi Xà,PetHeader4_6,85,138,Hater,2487,1112,2487,1112,93340,1726,164,7,7,100,0,60,0,0,0,60,0,0,0,60,0,0,0,60,0,0,,0,,
4071,Monster,8257,ChongWuDaJiaChong7,100,Biến Di Huyền Giáp Lôi Xà,PetHeader4_6,85,138,Hater,2487,1112,2487,1112,93340,1726,164,7,7,100,0,60,0,0,0,60,0,0,0,60,0,0,0,60,0,0,,0,,
4072,Monster,8259,ChongWuDaJiaChong,100,Huyền Giáp Lôi Xà Bảo Bảo,PetHeader4_6,85,138,Hater,2487,1112,2487,1112,93340,1726,164,7,7,100,0,60,0,0,0,60,0,0,0,60,0,0,0,60,0,0,,0,,
4073,Monster,8260,ChongWuDaJiaChong,100,Trưởng thành Huyền Giáp Lôi Xà,PetHeader4_6,95,158,Hater,3043,1243,3043,1243,112280,1927,183,8,8,100,0,60,0,0,0,60,0,0,0,60,0,0,0,60,0,0,,0,,
4074,Monster,8261,ChongWuDaJiaChong1,100,Biến Di Huyền Giáp Lôi Xà,PetHeader4_6,95,158,Hater,3043,1243,3043,1243,112280,1927,183,8,8,100,0,60,0,0,0,60,0,0,0,60,0,0,0,60,0,0,,0,,
4075,Monster,8262,ChongWuDaJiaChong2,100,Biến Di Huyền Giáp Lôi Xà,PetHeader4_6,95,158,Hater,3043,1243,3043,1243,112280,1927,183,8,8,100,0,60,0,0,0,60,0,0,0,60,0,0,0,60,0,0,,0,,
4076,Monster,8263,ChongWuDaJiaChong3,100,Biến Di Huyền Giáp Lôi Xà,PetHeader4_6,95,158,Hater,3043,1243,3043,1243,112280,1927,183,8,8,100,0,60,0,0,0,60,0,0,0,60,0,0,0,60,0,0,,0,,
4077,Monster,8264,ChongWuDaJiaChong4,100,Biến Di Huyền Giáp Lôi Xà,PetHeader4_6,95,158,Hater,3043,1243,3043,1243,112280,1927,183,8,8,100,0,60,0,0,0,60,0,0,0,60,0,0,0,60,0,0,,0,,
4078,Monster,8265,ChongWuDaJiaChong5,100,Biến Di Huyền Giáp Lôi Xà,PetHeader4_6,95,158,Hater,3043,1243,3043,1243,112280,1927,183,8,8,100,0,60,0,0,0,60,0,0,0,60,0,0,0,60,0,0,,0,,
4079,Monster,8266,ChongWuDaJiaChong6,100,Biến Di Huyền Giáp Lôi Xà,PetHeader4_6,95,158,Hater,3043,1243,3043,1243,112280,1927,183,8,8,100,0,60,0,0,0,60,0,0,0,60,0,0,0,60,0,0,,0,,
4080,Monster,8267,ChongWuDaJiaChong7,100,Biến Di Huyền Giáp Lôi Xà,PetHeader4_6,95,158,Hater,3043,1243,3043,1243,112280,1927,183,8,8,100,0,60,0,0,0,60,0,0,0,60,0,0,0,60,0,0,,0,,
4081,Monster,8268,ChongWuDaJiaChong7,100,Biến Di Huyền Giáp Lôi Xà,PetHeader4_6,95,158,Hater,3043,1243,3043,1243,112280,1927,183,8,8,100,0,60,0,0,0,60,0,0,0,60,0,0,0,60,0,0,,0,,
4082,Monster,8269,ChongWuDaJiaChong,100,Huyền Giáp Lôi Xà Bảo Bảo,PetHeader4_6,95,158,Hater,3043,1243,3043,1243,112280,1927,183,8,8,100,0,60,0,0,0,60,0,0,0,60,0,0,0,60,0,0,,0,,
4083,Monster,8270,DangHu,100,Đương Hổ Trưởng Thành,PetHeader3_16,35,37,Hater,983,461,983,461,23840,395,68,3,3,100,0,60,0,0,0,60,0,0,0,60,0,0,0,60,0,0,,0,,
4084,Monster,8271,DangHu1,100,Đương Hổ Biến Dị,PetHeader3_16,35,37,Hater,983,461,983,461,23840,395,68,3,3,100,0,60,0,0,0,60,0,0,0,60,0,0,0,60,0,0,,0,,
4085,Monster,8272,DangHu2,100,Đương Hổ Biến Dị,PetHeader3_16,35,37,Hater,983,461,983,461,23840,395,68,3,3,100,0,60,0,0,0,60,0,0,0,60,0,0,0,60,0,0,,0,,
4086,Monster,8279,DangHu,100,Đương Hổ Bảo Bảo,PetHeader3_16,35,37,Hater,983,461,983,461,23840,395,68,3,3,100,0,60,0,0,0,60,0,0,0,60,0,0,0,60,0,0,,0,,
4087,Monster,8280,DangHu,100,Đương Hổ Trưởng Thành,PetHeader3_16,45,52,Hater,1260,592,1260,592,34380,551,87,4,4,100,0,60,0,0,0,60,0,0,0,60,0,0,0,60,0,0,,0,,
4088,Monster,8281,DangHu1,100,Đương Hổ Biến Dị,PetHeader3_16,45,52,Hater,1260,592,1260,592,34380,551,87,4,4,100,0,60,0,0,0,60,0,0,0,60,0,0,0,60,0,0,,0,,
4089,Monster,8282,DangHu2,100,Đương Hổ Biến Dị,PetHeader3_16,45,52,Hater,1260,592,1260,592,34380,551,87,4,4,100,0,60,0,0,0,60,0,0,0,60,0,0,0,60,0,0,,0,,
4090,Monster,8283,DangHu3,100,Đương Hổ Biến Dị,PetHeader3_16,45,52,Hater,1260,592,1260,592,34380,551,87,4,4,100,0,60,0,0,0,60,0,0,0,60,0,0,0,60,0,0,,0,,
4091,Monster,8289,DangHu,100,Đương Hổ Bảo Bảo,PetHeader3_16,45,52,Hater,1260,592,1260,592,34380,551,87,4,4,100,0,60,0,0,0,60,0,0,0,60,0,0,0,60,0,0,,0,,
4092,Monster,8290,DangHu,100,Đương Hổ Trưởng Thành,PetHeader3_16,55,70,Hater,1614,722,1614,722,46600,784,106,5,5,100,0,60,0,0,0,60,0,0,0,60,0,0,0,60,0,0,,0,,
4093,Monster,8291,DangHu1,100,Đương Hổ Biến Dị,PetHeader3_16,55,70,Hater,1614,722,1614,722,46600,784,106,5,5,100,0,60,0,0,0,60,0,0,0,60,0,0,0,60,0,0,,0,,
4094,Monster,8292,DangHu2,100,Đương Hổ Biến Dị,PetHeader3_16,55,70,Hater,1614,722,1614,722,46600,784,106,5,5,100,0,60,0,0,0,60,0,0,0,60,0,0,0,60,0,0,,0,,
4095,Monster,8293,DangHu3,100,Đương Hổ Biến Dị,PetHeader3_16,55,70,Hater,1614,722,1614,722,46600,784,106,5,5,100,0,60,0,0,0,60,0,0,0,60,0,0,0,60,0,0,,0,,
4096,Monster,8294,DangHu4,100,Đương Hổ Biến Dị,PetHeader3_16,55,70,Hater,1614,722,1614,722,46600,784,106,5,5,100,0,60,0,0,0,60,0,0,0,60,0,0,0,60,0,0,,0,,
4097,Monster,8299,DangHu,100,Đương Hổ Bảo Bảo,PetHeader3_16,55,70,Hater,1614,722,1614,722,46600,784,106,5,5,100,0,60,0,0,0,60,0,0,0,60,0,0,0,60,0,0,,0,,
4098,Monster,8300,DangHu,100,Đương Hổ Trưởng Thành,PetHeader3_16,65,91,Hater,1905,852,1905,852,60500,1058,126,6,6,100,0,60,0,0,0,60,0,0,0,60,0,0,0,60,0,0,,0,,
4099,Monster,8301,DangHu1,100,Đương Hổ Biến Dị,PetHeader3_16,65,91,Hater,1905,852,1905,852,60500,1058,126,6,6,100,0,60,0,0,0,60,0,0,0,60,0,0,0,60,0,0,,0,,
4100,Monster,8302,DangHu2,100,Đương Hổ Biến Dị,PetHeader3_16,65,91,Hater,1905,852,1905,852,60500,1058,126,6,6,100,0,60,0,0,0,60,0,0,0,60,0,0,0,60,0,0,,0,,
4101,Monster,8303,DangHu3,100,Đương Hổ Biến Dị,PetHeader3_16,65,91,Hater,1905,852,1905,852,60500,1058,126,6,6,100,0,60,0,0,0,60,0,0,0,60,0,0,0,60,0,0,,0,,
4102,Monster,8304,DangHu4,100,Đương Hổ Biến Dị,PetHeader3_16,65,91,Hater,1905,852,1905,852,60500,1058,126,6,6,100,0,60,0,0,0,60,0,0,0,60,0,0,0,60,0,0,,0,,
4103,Monster,8305,DangHu4,100,Đương Hổ Biến Dị,PetHeader3_16,65,91,Hater,1905,852,1905,852,60500,1058,126,6,6,100,0,60,0,0,0,60,0,0,0,60,0,0,0,60,0,0,,0,,
4104,Monster,8309,DangHu,100,Đương Hổ Bảo Bảo,PetHeader3_16,65,91,Hater,1905,852,1905,852,60500,1058,126,6,6,100,0,60,0,0,0,60,0,0,0,60,0,0,0,60,0,0,,0,,
4105,Monster,8310,DangHu,100,Đương Hổ Trưởng Thành,PetHeader3_16,75,113,Hater,2196,982,2196,982,76080,1372,145,7,7,100,0,60,0,0,0,60,0,0,0,60,0,0,0,60,0,0,,0,,
4106,Monster,8311,DangHu1,100,Đương Hổ Biến Dị,PetHeader3_16,75,113,Hater,2196,982,2196,982,76080,1372,145,7,7,100,0,60,0,0,0,60,0,0,0,60,0,0,0,60,0,0,,0,,
4107,Monster,8312,DangHu2,100,Đương Hổ Biến Dị,PetHeader3_16,75,113,Hater,2196,982,2196,982,76080,1372,145,7,7,100,0,60,0,0,0,60,0,0,0,60,0,0,0,60,0,0,,0,,
4108,Monster,8313,DangHu3,100,Đương Hổ Biến Dị,PetHeader3_16,75,113,Hater,2196,982,2196,982,76080,1372,145,7,7,100,0,60,0,0,0,60,0,0,0,60,0,0,0,60,0,0,,0,,
4109,Monster,8314,DangHu4,100,Đương Hổ Biến Dị,PetHeader3_16,75,113,Hater,2196,982,2196,982,76080,1372,145,7,7,100,0,60,0,0,0,60,0,0,0,60,0,0,0,60,0,0,,0,,
4110,Monster,8315,DangHu4,100,Đương Hổ Biến Dị,PetHeader3_16,75,113,Hater,2196,982,2196,982,76080,1372,145,7,7,100,0,60,0,0,0,60,0,0,0,60,0,0,0,60,0,0,,0,,
4111,Monster,8316,DangHu5,100,Đương Hổ Biến Dị,PetHeader3_16,75,113,Hater,2196,982,2196,982,76080,1372,145,7,7,100,0,60,0,0,0,60,0,0,0,60,0,0,0,60,0,0,,0,,
4112,Monster,8319,DangHu,100,Đương Hổ Bảo Bảo,PetHeader3_16,75,113,Hater,2196,982,2196,982,76080,1372,145,7,7,100,0,60,0,0,0,60,0,0,0,60,0,0,0,60,0,0,,0,,
4113,Monster,8320,DangHu,100,Đương Hổ Trưởng Thành,PetHeader3_16,85,138,Hater,2487,1112,2487,1112,93340,1726,164,7,7,100,0,60,0,0,0,60,0,0,0,60,0,0,0,60,0,0,,0,,
4114,Monster,8321,DangHu1,100,Đương Hổ Biến Dị,PetHeader3_16,85,138,Hater,2487,1112,2487,1112,93340,1726,164,7,7,100,0,60,0,0,0,60,0,0,0,60,0,0,0,60,0,0,,0,,
4115,Monster,8322,DangHu2,100,Đương Hổ Biến Dị,PetHeader3_16,85,138,Hater,2487,1112,2487,1112,93340,1726,164,7,7,100,0,60,0,0,0,60,0,0,0,60,0,0,0,60,0,0,,0,,
4116,Monster,8323,DangHu3,100,Đương Hổ Biến Dị,PetHeader3_16,85,138,Hater,2487,1112,2487,1112,93340,1726,164,7,7,100,0,60,0,0,0,60,0,0,0,60,0,0,0,60,0,0,,0,,
4117,Monster,8324,DangHu4,100,Đương Hổ Biến Dị,PetHeader3_16,85,138,Hater,2487,1112,2487,1112,93340,1726,164,7,7,100,0,60,0,0,0,60,0,0,0,60,0,0,0,60,0,0,,0,,
4118,Monster,8325,DangHu4,100,Đương Hổ Biến Dị,PetHeader3_16,85,138,Hater,2487,1112,2487,1112,93340,1726,164,7,7,100,0,60,0,0,0,60,0,0,0,60,0,0,0,60,0,0,,0,,
4119,Monster,8326,DangHu5,100,Đương Hổ Biến Dị,PetHeader3_16,85,138,Hater,2487,1112,2487,1112,93340,1726,164,7,7,100,0,60,0,0,0,60,0,0,0,60,0,0,0,60,0,0,,0,,
4120,Monster,8327,DangHu6,100,Đương Hổ Biến Dị,PetHeader3_16,85,138,Hater,2487,1112,2487,1112,93340,1726,164,7,7,100,0,60,0,0,0,60,0,0,0,60,0,0,0,60,0,0,,0,,
4121,Monster,8329,DangHu,100,Đương Hổ Bảo Bảo,PetHeader3_16,85,138,Hater,2487,1112,2487,1112,93340,1726,164,7,7,100,0,60,0,0,0,60,0,0,0,60,0,0,0,60,0,0,,0,,
4122,Monster,8330,DangHu,100,Đương Hổ Trưởng Thành,PetHeader3_16,95,158,Hater,3043,1243,3043,1243,112280,1927,183,8,8,100,0,60,0,0,0,60,0,0,0,60,0,0,0,60,0,0,,0,,
4123,Monster,8331,DangHu1,100,Đương Hổ Biến Dị,PetHeader3_16,95,158,Hater,3043,1243,3043,1243,112280,1927,183,8,8,100,0,60,0,0,0,60,0,0,0,60,0,0,0,60,0,0,,0,,
4124,Monster,8332,DangHu2,100,Đương Hổ Biến Dị,PetHeader3_16,95,158,Hater,3043,1243,3043,1243,112280,1927,183,8,8,100,0,60,0,0,0,60,0,0,0,60,0,0,0,60,0,0,,0,,
4125,Monster,8333,DangHu3,100,Đương Hổ Biến Dị,PetHeader3_16,95,158,Hater,3043,1243,3043,1243,112280,1927,183,8,8,100,0,60,0,0,0,60,0,0,0,60,0,0,0,60,0,0,,0,,
4126,Monster,8334,DangHu4,100,Đương Hổ Biến Dị,PetHeader3_16,95,158,Hater,3043,1243,3043,1243,112280,1927,183,8,8,100,0,60,0,0,0,60,0,0,0,60,0,0,0,60,0,0,,0,,
4127,Monster,8335,DangHu4,100,Đương Hổ Biến Dị,PetHeader3_16,95,158,Hater,3043,1243,3043,1243,112280,1927,183,8,8,100,0,60,0,0,0,60,0,0,0,60,0,0,0,60,0,0,,0,,
4128,Monster,8336,DangHu5,100,Đương Hổ Biến Dị,PetHeader3_16,95,158,Hater,3043,1243,3043,1243,112280,1927,183,8,8,100,0,60,0,0,0,60,0,0,0,60,0,0,0,60,0,0,,0,,
4129,Monster,8337,DangHu6,100,Đương Hổ Biến Dị,PetHeader3_16,95,158,Hater,3043,1243,3043,1243,112280,1927,183,8,8,100,0,60,0,0,0,60,0,0,0,60,0,0,0,60,0,0,,0,,
4130,Monster,8338,DangHu7,100,Đương Hổ Biến Dị,PetHeader3_16,95,158,Hater,3043,1243,3043,1243,112280,1927,183,8,8,100,0,60,0,0,0,60,0,0,0,60,0,0,0,60,0,0,,0,,
4131,Monster,8339,DangHu,100,Đương Hổ Bảo Bảo,PetHeader3_16,95,158,Hater,3043,1243,3043,1243,112280,1927,183,8,8,100,0,60,0,0,0,60,0,0,0,60,0,0,0,60,0,0,,0,,
4132,Monster,8340,HaiDaoShu,100,Hải Tặc Thử Trưởng Thành,PetHeader3_25,35,37,Hater,983,461,983,461,23840,395,68,3,3,100,0,60,0,0,0,60,0,0,0,60,0,0,0,60,0,0,,0,,
4133,Monster,8341,HaiDaoShuLu,100,Hải Tặc Thử Biến Dị,PetHeader3_25,35,37,Hater,983,461,983,461,23840,395,68,3,3,100,0,60,0,0,0,60,0,0,0,60,0,0,0,60,0,0,,0,,
4134,Monster,8342,HaiDaoShuHuLan,100,Hải Tặc Thử Biến Dị,PetHeader3_25,35,37,Hater,983,461,983,461,23840,395,68,3,3,100,0,60,0,0,0,60,0,0,0,60,0,0,0,60,0,0,,0,,
4135,Monster,8349,HaiDaoShu,100,Hải Tặc Thử Bảo Bảo,PetHeader3_25,35,37,Hater,983,461,983,461,23840,395,68,3,3,100,0,60,0,0,0,60,0,0,0,60,0,0,0,60,0,0,,0,,
4136,Monster,8350,HaiDaoShu,100,Hải Tặc Thử Trưởng Thành,PetHeader3_25,45,52,Hater,1260,592,1260,592,34380,551,87,4,4,100,0,60,0,0,0,60,0,0,0,60,0,0,0,60,0,0,,0,,
4137,Monster,8351,HaiDaoShuLu,100,Hải Tặc Thử Biến Dị,PetHeader3_25,45,52,Hater,1260,592,1260,592,34380,551,87,4,4,100,0,60,0,0,0,60,0,0,0,60,0,0,0,60,0,0,,0,,
4138,Monster,8352,HaiDaoShuHuLan,100,Hải Tặc Thử Biến Dị,PetHeader3_25,45,52,Hater,1260,592,1260,592,34380,551,87,4,4,100,0,60,0,0,0,60,0,0,0,60,0,0,0,60,0,0,,0,,
4139,Monster,8353,HaiDaoShuGuLan,100,Hải Tặc Thử Biến Dị,PetHeader3_25,45,52,Hater,1260,592,1260,592,34380,551,87,4,4,100,0,60,0,0,0,60,0,0,0,60,0,0,0,60,0,0,,0,,
4140,Monster,8359,HaiDaoShu,100,Hải Tặc Thử Bảo Bảo,PetHeader3_25,45,52,Hater,1260,592,1260,592,34380,551,87,4,4,100,0,60,0,0,0,60,0,0,0,60,0,0,0,60,0,0,,0,,
4141,Monster,8360,HaiDaoShu,100,Hải Tặc Thử Trưởng Thành,PetHeader3_25,55,70,Hater,1614,722,1614,722,46600,784,106,5,5,100,0,60,0,0,0,60,0,0,0,60,0,0,0,60,0,0,,0,,
4142,Monster,8361,HaiDaoShuLu,100,Hải Tặc Thử Biến Dị,PetHeader3_25,55,70,Hater,1614,722,1614,722,46600,784,106,5,5,100,0,60,0,0,0,60,0,0,0,60,0,0,0,60,0,0,,0,,
4143,Monster,8362,HaiDaoShuHuLan,100,Hải Tặc Thử Biến Dị,PetHeader3_25,55,70,Hater,1614,722,1614,722,46600,784,106,5,5,100,0,60,0,0,0,60,0,0,0,60,0,0,0,60,0,0,,0,,
4144,Monster,8363,HaiDaoShuGuLan,100,Hải Tặc Thử Biến Dị,PetHeader3_25,55,70,Hater,1614,722,1614,722,46600,784,106,5,5,100,0,60,0,0,0,60,0,0,0,60,0,0,0,60,0,0,,0,,
4145,Monster,8364,HaiDaoShuZi,100,Hải Tặc Thử Biến Dị,PetHeader3_25,55,70,Hater,1614,722,1614,722,46600,784,106,5,5,100,0,60,0,0,0,60,0,0,0,60,0,0,0,60,0,0,,0,,
4146,Monster,8369,HaiDaoShu,100,Hải Tặc Thử Bảo Bảo,PetHeader3_25,55,70,Hater,1614,722,1614,722,46600,784,106,5,5,100,0,60,0,0,0,60,0,0,0,60,0,0,0,60,0,0,,0,,
4147,Monster,8370,HaiDaoShu,100,Hải Tặc Thử Trưởng Thành,PetHeader3_25,65,91,Hater,1905,852,1905,852,60500,1058,126,6,6,100,0,60,0,0,0,60,0,0,0,60,0,0,0,60,0,0,,0,,
4148,Monster,8371,HaiDaoShuLu,100,Hải Tặc Thử Biến Dị,PetHeader3_25,65,91,Hater,1905,852,1905,852,60500,1058,126,6,6,100,0,60,0,0,0,60,0,0,0,60,0,0,0,60,0,0,,0,,
4149,Monster,8372,HaiDaoShuHuLan,100,Hải Tặc Thử Biến Dị,PetHeader3_25,65,91,Hater,1905,852,1905,852,60500,1058,126,6,6,100,0,60,0,0,0,60,0,0,0,60,0,0,0,60,0,0,,0,,
4150,Monster,8373,HaiDaoShuGuLan,100,Hải Tặc Thử Biến Dị,PetHeader3_25,65,91,Hater,1905,852,1905,852,60500,1058,126,6,6,100,0,60,0,0,0,60,0,0,0,60,0,0,0,60,0,0,,0,,
4151,Monster,8374,HaiDaoShuZi,100,Hải Tặc Thử Biến Dị,PetHeader3_25,65,91,Hater,1905,852,1905,852,60500,1058,126,6,6,100,0,60,0,0,0,60,0,0,0,60,0,0,0,60,0,0,,0,,
4152,Monster,8375,HaiDaoShuTanHei,100,Hải Tặc Thử Biến Dị,PetHeader3_25,65,91,Hater,1905,852,1905,852,60500,1058,126,6,6,100,0,60,0,0,0,60,0,0,0,60,0,0,0,60,0,0,,0,,
4153,Monster,8379,HaiDaoShu,100,Hải Tặc Thử Bảo Bảo,PetHeader3_25,65,91,Hater,1905,852,1905,852,60500,1058,126,6,6,100,0,60,0,0,0,60,0,0,0,60,0,0,0,60,0,0,,0,,
4154,Monster,8380,HaiDaoShu,100,Hải Tặc Thử Trưởng Thành,PetHeader3_25,75,113,Hater,2196,982,2196,982,76080,1372,145,7,7,100,0,60,0,0,0,60,0,0,0,60,0,0,0,60,0,0,,0,,
4155,Monster,8381,HaiDaoShuLu,100,Hải Tặc Thử Biến Dị,PetHeader3_25,75,113,Hater,2196,982,2196,982,76080,1372,145,7,7,100,0,60,0,0,0,60,0,0,0,60,0,0,0,60,0,0,,0,,
4156,Monster,8382,HaiDaoShuHuLan,100,Hải Tặc Thử Biến Dị,PetHeader3_25,75,113,Hater,2196,982,2196,982,76080,1372,145,7,7,100,0,60,0,0,0,60,0,0,0,60,0,0,0,60,0,0,,0,,
4157,Monster,8383,HaiDaoShuGuLan,100,Hải Tặc Thử Biến Dị,PetHeader3_25,75,113,Hater,2196,982,2196,982,76080,1372,145,7,7,100,0,60,0,0,0,60,0,0,0,60,0,0,0,60,0,0,,0,,
4158,Monster,8384,HaiDaoShuZi,100,Hải Tặc Thử Biến Dị,PetHeader3_25,75,113,Hater,2196,982,2196,982,76080,1372,145,7,7,100,0,60,0,0,0,60,0,0,0,60,0,0,0,60,0,0,,0,,
4159,Monster,8385,HaiDaoShuTanHei,100,Hải Tặc Thử Biến Dị,PetHeader3_25,75,113,Hater,2196,982,2196,982,76080,1372,145,7,7,100,0,60,0,0,0,60,0,0,0,60,0,0,0,60,0,0,,0,,
4160,Monster,8386,HaiDaoShuDaHong,100,Hải Tặc Thử Biến Dị,PetHeader3_25,75,113,Hater,2196,982,2196,982,76080,1372,145,7,7,100,0,60,0,0,0,60,0,0,0,60,0,0,0,60,0,0,,0,,
4161,Monster,8389,HaiDaoShu,100,Hải Tặc Thử Bảo Bảo,PetHeader3_25,75,113,Hater,2196,982,2196,982,76080,1372,145,7,7,100,0,60,0,0,0,60,0,0,0,60,0,0,0,60,0,0,,0,,
4162,Monster,8390,HaiDaoShu,100,Hải Tặc Thử Trưởng Thành,PetHeader3_25,85,138,Hater,2487,1112,2487,1112,93340,1726,164,7,7,100,0,60,0,0,0,60,0,0,0,60,0,0,0,60,0,0,,0,,
4163,Monster,8391,HaiDaoShuLu,100,Hải Tặc Thử Biến Dị,PetHeader3_25,85,138,Hater,2487,1112,2487,1112,93340,1726,164,7,7,100,0,60,0,0,0,60,0,0,0,60,0,0,0,60,0,0,,0,,
4164,Monster,8392,HaiDaoShuHuLan,100,Hải Tặc Thử Biến Dị,PetHeader3_25,85,138,Hater,2487,1112,2487,1112,93340,1726,164,7,7,100,0,60,0,0,0,60,0,0,0,60,0,0,0,60,0,0,,0,,
4165,Monster,8393,HaiDaoShuGuLan,100,Hải Tặc Thử Biến Dị,PetHeader3_25,85,138,Hater,2487,1112,2487,1112,93340,1726,164,7,7,100,0,60,0,0,0,60,0,0,0,60,0,0,0,60,0,0,,0,,
4166,Monster,8394,HaiDaoShuZi,100,Hải Tặc Thử Biến Dị,PetHeader3_25,85,138,Hater,2487,1112,2487,1112,93340,1726,164,7,7,100,0,60,0,0,0,60,0,0,0,60,0,0,0,60,0,0,,0,,
4167,Monster,8395,HaiDaoShuTanHei,100,Hải Tặc Thử Biến Dị,PetHeader3_25,85,138,Hater,2487,1112,2487,1112,93340,1726,164,7,7,100,0,60,0,0,0,60,0,0,0,60,0,0,0,60,0,0,,0,,
4168,Monster,8396,HaiDaoShuDaHong,100,Hải Tặc Thử Biến Dị,PetHeader3_25,85,138,Hater,2487,1112,2487,1112,93340,1726,164,7,7,100,0,60,0,0,0,60,0,0,0,60,0,0,0,60,0,0,,0,,
4169,Monster,8397,HaiDaoShuShenHong,100,Hải Tặc Thử Biến Dị,PetHeader3_25,85,138,Hater,2487,1112,2487,1112,93340,1726,164,7,7,100,0,60,0,0,0,60,0,0,0,60,0,0,0,60,0,0,,0,,
4170,Monster,8399,HaiDaoShu,100,Hải Tặc Thử Bảo Bảo,PetHeader3_25,85,138,Hater,2487,1112,2487,1112,93340,1726,164,7,7,100,0,60,0,0,0,60,0,0,0,60,0,0,0,60,0,0,,0,,
4171,Monster,8400,HaiDaoShu,100,Hải Tặc Thử Trưởng Thành,PetHeader3_25,95,158,Hater,3043,1243,3043,1243,112280,1927,183,8,8,100,0,60,0,0,0,60,0,0,0,60,0,0,0,60,0,0,,0,,
4172,Monster,8401,HaiDaoShuLu,100,Hải Tặc Thử Biến Dị,PetHeader3_25,95,158,Hater,3043,1243,3043,1243,112280,1927,183,8,8,100,0,60,0,0,0,60,0,0,0,60,0,0,0,60,0,0,,0,,
4173,Monster,8402,HaiDaoShuHuLan,100,Hải Tặc Thử Biến Dị,PetHeader3_25,95,158,Hater,3043,1243,3043,1243,112280,1927,183,8,8,100,0,60,0,0,0,60,0,0,0,60,0,0,0,60,0,0,,0,,
4174,Monster,8403,HaiDaoShuGuLan,100,Hải Tặc Thử Biến Dị,PetHeader3_25,95,158,Hater,3043,1243,3043,1243,112280,1927,183,8,8,100,0,60,0,0,0,60,0,0,0,60,0,0,0,60,0,0,,0,,
4175,Monster,8404,HaiDaoShuZi,100,Hải Tặc Thử Biến Dị,PetHeader3_25,95,158,Hater,3043,1243,3043,1243,112280,1927,183,8,8,100,0,60,0,0,0,60,0,0,0,60,0,0,0,60,0,0,,0,,
4176,Monster,8405,HaiDaoShuTanHei,100,Hải Tặc Thử Biến Dị,PetHeader3_25,95,158,Hater,3043,1243,3043,1243,112280,1927,183,8,8,100,0,60,0,0,0,60,0,0,0,60,0,0,0,60,0,0,,0,,
4177,Monster,8406,HaiDaoShuDaHong,100,Hải Tặc Thử Biến Dị,PetHeader3_25,95,158,Hater,3043,1243,3043,1243,112280,1927,183,8,8,100,0,60,0,0,0,60,0,0,0,60,0,0,0,60,0,0,,0,,
4178,Monster,8407,HaiDaoShuShenHong,100,Hải Tặc Thử Biến Dị,PetHeader3_25,95,158,Hater,3043,1243,3043,1243,112280,1927,183,8,8,100,0,60,0,0,0,60,0,0,0,60,0,0,0,60,0,0,,0,,
4179,Monster,8408,HaiDaoShuShenHong,100,Hải Tặc Thử Biến Dị,PetHeader3_25,95,158,Hater,3043,1243,3043,1243,112280,1927,183,8,8,100,0,60,0,0,0,60,0,0,0,60,0,0,0,60,0,0,,0,,
4180,Monster,8409,HaiDaoShu,100,Hải Tặc Thử Bảo Bảo,PetHeader3_25,95,158,Hater,3043,1243,3043,1243,112280,1927,183,8,8,100,0,60,0,0,0,60,0,0,0,60,0,0,0,60,0,0,,0,,
4181,Monster,8410,BaoXiangTongZi,100,Bảo Sương Đồng Tử Trưởng Thành,PetHeader4_1,35,37,Hater,983,461,983,461,23840,395,68,3,3,100,0,60,0,0,0,60,0,0,0,60,0,0,0,60,0,0,,0,,
4182,Monster,8411,BaoXiangTongZi1,100,Bảo Sương Đồng Tử Biến Dị,PetHeader4_1,35,37,Hater,983,461,983,461,23840,395,68,3,3,100,0,60,0,0,0,60,0,0,0,60,0,0,0,60,0,0,,0,,
4183,Monster,8412,BaoXiangTongZi2,100,Bảo Sương Đồng Tử Biến Dị,PetHeader4_1,35,37,Hater,983,461,983,461,23840,395,68,3,3,100,0,60,0,0,0,60,0,0,0,60,0,0,0,60,0,0,,0,,
4184,Monster,8419,BaoXiangTongZi,100,Bảo Sương Đồng Tử Bảo Bảo,PetHeader4_1,35,37,Hater,983,461,983,461,23840,395,68,3,3,100,0,60,0,0,0,60,0,0,0,60,0,0,0,60,0,0,,0,,
4185,Monster,8420,BaoXiangTongZi,100,Bảo Sương Đồng Tử Trưởng Thành,PetHeader4_1,45,52,Hater,1260,592,1260,592,34380,551,87,4,4,100,0,60,0,0,0,60,0,0,0,60,0,0,0,60,0,0,,0,,
4186,Monster,8421,BaoXiangTongZi1,100,Bảo Sương Đồng Tử Biến Dị,PetHeader4_1,45,52,Hater,1260,592,1260,592,34380,551,87,4,4,100,0,60,0,0,0,60,0,0,0,60,0,0,0,60,0,0,,0,,
4187,Monster,8422,BaoXiangTongZi2,100,Bảo Sương Đồng Tử Biến Dị,PetHeader4_1,45,52,Hater,1260,592,1260,592,34380,551,87,4,4,100,0,60,0,0,0,60,0,0,0,60,0,0,0,60,0,0,,0,,
4188,Monster,8423,BaoXiangTongZi3,100,Bảo Sương Đồng Tử Biến Dị,PetHeader4_1,45,52,Hater,1260,592,1260,592,34380,551,87,4,4,100,0,60,0,0,0,60,0,0,0,60,0,0,0,60,0,0,,0,,
4189,Monster,8429,BaoXiangTongZi,100,Bảo Sương Đồng Tử Bảo Bảo,PetHeader4_1,45,52,Hater,1260,592,1260,592,34380,551,87,4,4,100,0,60,0,0,0,60,0,0,0,60,0,0,0,60,0,0,,0,,
4190,Monster,8430,BaoXiangTongZi,100,Bảo Sương Đồng Tử Trưởng Thành,PetHeader4_1,55,70,Hater,1614,722,1614,722,46600,784,106,5,5,100,0,60,0,0,0,60,0,0,0,60,0,0,0,60,0,0,,0,,
4191,Monster,8431,BaoXiangTongZi1,100,Bảo Sương Đồng Tử Biến Dị,PetHeader4_1,55,70,Hater,1614,722,1614,722,46600,784,106,5,5,100,0,60,0,0,0,60,0,0,0,60,0,0,0,60,0,0,,0,,
4192,Monster,8432,BaoXiangTongZi2,100,Bảo Sương Đồng Tử Biến Dị,PetHeader4_1,55,70,Hater,1614,722,1614,722,46600,784,106,5,5,100,0,60,0,0,0,60,0,0,0,60,0,0,0,60,0,0,,0,,
4193,Monster,8433,BaoXiangTongZi3,100,Bảo Sương Đồng Tử Biến Dị,PetHeader4_1,55,70,Hater,1614,722,1614,722,46600,784,106,5,5,100,0,60,0,0,0,60,0,0,0,60,0,0,0,60,0,0,,0,,
4194,Monster,8434,BaoXiangTongZi4,100,Bảo Sương Đồng Tử Biến Dị,PetHeader4_1,55,70,Hater,1614,722,1614,722,46600,784,106,5,5,100,0,60,0,0,0,60,0,0,0,60,0,0,0,60,0,0,,0,,
4195,Monster,8439,BaoXiangTongZi,100,Bảo Sương Đồng Tử Bảo Bảo,PetHeader4_1,55,70,Hater,1614,722,1614,722,46600,784,106,5,5,100,0,60,0,0,0,60,0,0,0,60,0,0,0,60,0,0,,0,,
4196,Monster,8440,BaoXiangTongZi,100,Bảo Sương Đồng Tử Trưởng Thành,PetHeader4_1,65,91,Hater,1905,852,1905,852,60500,1058,126,6,6,100,0,60,0,0,0,60,0,0,0,60,0,0,0,60,0,0,,0,,
4197,Monster,8441,BaoXiangTongZi1,100,Bảo Sương Đồng Tử Biến Dị,PetHeader4_1,65,91,Hater,1905,852,1905,852,60500,1058,126,6,6,100,0,60,0,0,0,60,0,0,0,60,0,0,0,60,0,0,,0,,
4198,Monster,8442,BaoXiangTongZi2,100,Bảo Sương Đồng Tử Biến Dị,PetHeader4_1,65,91,Hater,1905,852,1905,852,60500,1058,126,6,6,100,0,60,0,0,0,60,0,0,0,60,0,0,0,60,0,0,,0,,
4199,Monster,8443,BaoXiangTongZi3,100,Bảo Sương Đồng Tử Biến Dị,PetHeader4_1,65,91,Hater,1905,852,1905,852,60500,1058,126,6,6,100,0,60,0,0,0,60,0,0,0,60,0,0,0,60,0,0,,0,,
4200,Monster,8444,BaoXiangTongZi4,100,Bảo Sương Đồng Tử Biến Dị,PetHeader4_1,65,91,Hater,1905,852,1905,852,60500,1058,126,6,6,100,0,60,0,0,0,60,0,0,0,60,0,0,0,60,0,0,,0,,
4201,Monster,8445,BaoXiangTongZi5,100,Bảo Sương Đồng Tử Biến Dị,PetHeader4_1,65,91,Hater,1905,852,1905,852,60500,1058,126,6,6,100,0,60,0,0,0,60,0,0,0,60,0,0,0,60,0,0,,0,,
4202,Monster,8449,BaoXiangTongZi,100,Bảo Sương Đồng Tử Bảo Bảo,PetHeader4_1,65,91,Hater,1905,852,1905,852,60500,1058,126,6,6,100,0,60,0,0,0,60,0,0,0,60,0,0,0,60,0,0,,0,,
4203,Monster,8450,BaoXiangTongZi,100,Bảo Sương Đồng Tử Trưởng Thành,PetHeader4_1,75,113,Hater,2196,982,2196,982,76080,1372,145,7,7,100,0,60,0,0,0,60,0,0,0,60,0,0,0,60,0,0,,0,,
4204,Monster,8451,BaoXiangTongZi1,100,Bảo Sương Đồng Tử Biến Dị,PetHeader4_1,75,113,Hater,2196,982,2196,982,76080,1372,145,7,7,100,0,60,0,0,0,60,0,0,0,60,0,0,0,60,0,0,,0,,
4205,Monster,8452,BaoXiangTongZi2,100,Bảo Sương Đồng Tử Biến Dị,PetHeader4_1,75,113,Hater,2196,982,2196,982,76080,1372,145,7,7,100,0,60,0,0,0,60,0,0,0,60,0,0,0,60,0,0,,0,,
4206,Monster,8453,BaoXiangTongZi3,100,Bảo Sương Đồng Tử Biến Dị,PetHeader4_1,75,113,Hater,2196,982,2196,982,76080,1372,145,7,7,100,0,60,0,0,0,60,0,0,0,60,0,0,0,60,0,0,,0,,
4207,Monster,8454,BaoXiangTongZi4,100,Bảo Sương Đồng Tử Biến Dị,PetHeader4_1,75,113,Hater,2196,982,2196,982,76080,1372,145,7,7,100,0,60,0,0,0,60,0,0,0,60,0,0,0,60,0,0,,0,,
4208,Monster,8455,BaoXiangTongZi5,100,Bảo Sương Đồng Tử Biến Dị,PetHeader4_1,75,113,Hater,2196,982,2196,982,76080,1372,145,7,7,100,0,60,0,0,0,60,0,0,0,60,0,0,0,60,0,0,,0,,
4209,Monster,8456,BaoXiangTongZi6,100,Bảo Sương Đồng Tử Biến Dị,PetHeader4_1,75,113,Hater,2196,982,2196,982,76080,1372,145,7,7,100,0,60,0,0,0,60,0,0,0,60,0,0,0,60,0,0,,0,,
4210,Monster,8459,BaoXiangTongZi,100,Bảo Sương Đồng Tử Bảo Bảo,PetHeader4_1,75,113,Hater,2196,982,2196,982,76080,1372,145,7,7,100,0,60,0,0,0,60,0,0,0,60,0,0,0,60,0,0,,0,,
4211,Monster,8460,BaoXiangTongZi,100,Bảo Sương Đồng Tử Trưởng Thành,PetHeader4_1,85,138,Hater,2487,1112,2487,1112,93340,1726,164,7,7,100,0,60,0,0,0,60,0,0,0,60,0,0,0,60,0,0,,0,,
4212,Monster,8461,BaoXiangTongZi1,100,Bảo Sương Đồng Tử Biến Dị,PetHeader4_1,85,138,Hater,2487,1112,2487,1112,93340,1726,164,7,7,100,0,60,0,0,0,60,0,0,0,60,0,0,0,60,0,0,,0,,
4213,Monster,8462,BaoXiangTongZi2,100,Bảo Sương Đồng Tử Biến Dị,PetHeader4_1,85,138,Hater,2487,1112,2487,1112,93340,1726,164,7,7,100,0,60,0,0,0,60,0,0,0,60,0,0,0,60,0,0,,0,,
4214,Monster,8463,BaoXiangTongZi3,100,Bảo Sương Đồng Tử Biến Dị,PetHeader4_1,85,138,Hater,2487,1112,2487,1112,93340,1726,164,7,7,100,0,60,0,0,0,60,0,0,0,60,0,0,0,60,0,0,,0,,
4215,Monster,8464,BaoXiangTongZi4,100,Bảo Sương Đồng Tử Biến Dị,PetHeader4_1,85,138,Hater,2487,1112,2487,1112,93340,1726,164,7,7,100,0,60,0,0,0,60,0,0,0,60,0,0,0,60,0,0,,0,,
4216,Monster,8465,BaoXiangTongZi5,100,Bảo Sương Đồng Tử Biến Dị,PetHeader4_1,85,138,Hater,2487,1112,2487,1112,93340,1726,164,7,7,100,0,60,0,0,0,60,0,0,0,60,0,0,0,60,0,0,,0,,
4217,Monster,8466,BaoXiangTongZi6,100,Bảo Sương Đồng Tử Biến Dị,PetHeader4_1,85,138,Hater,2487,1112,2487,1112,93340,1726,164,7,7,100,0,60,0,0,0,60,0,0,0,60,0,0,0,60,0,0,,0,,
4218,Monster,8467,BaoXiangTongZi7,100,Bảo Sương Đồng Tử Biến Dị,PetHeader4_1,85,138,Hater,2487,1112,2487,1112,93340,1726,164,7,7,100,0,60,0,0,0,60,0,0,0,60,0,0,0,60,0,0,,0,,
4219,Monster,8469,BaoXiangTongZi,100,Bảo Sương Đồng Tử Bảo Bảo,PetHeader4_1,85,138,Hater,2487,1112,2487,1112,93340,1726,164,7,7,100,0,60,0,0,0,60,0,0,0,60,0,0,0,60,0,0,,0,,
4220,Monster,8470,BaoXiangTongZi,100,Bảo Sương Đồng Tử Trưởng Thành,PetHeader4_1,95,158,Hater,3043,1243,3043,1243,112280,1927,183,8,8,100,0,60,0,0,0,60,0,0,0,60,0,0,0,60,0,0,,0,,
4221,Monster,8471,BaoXiangTongZi1,100,Bảo Sương Đồng Tử Biến Dị,PetHeader4_1,95,158,Hater,3043,1243,3043,1243,112280,1927,183,8,8,100,0,60,0,0,0,60,0,0,0,60,0,0,0,60,0,0,,0,,
4222,Monster,8472,BaoXiangTongZi2,100,Bảo Sương Đồng Tử Biến Dị,PetHeader4_1,95,158,Hater,3043,1243,3043,1243,112280,1927,183,8,8,100,0,60,0,0,0,60,0,0,0,60,0,0,0,60,0,0,,0,,
4223,Monster,8473,BaoXiangTongZi3,100,Bảo Sương Đồng Tử Biến Dị,PetHeader4_1,95,158,Hater,3043,1243,3043,1243,112280,1927,183,8,8,100,0,60,0,0,0,60,0,0,0,60,0,0,0,60,0,0,,0,,
4224,Monster,8474,BaoXiangTongZi4,100,Bảo Sương Đồng Tử Biến Dị,PetHeader4_1,95,158,Hater,3043,1243,3043,1243,112280,1927,183,8,8,100,0,60,0,0,0,60,0,0,0,60,0,0,0,60,0,0,,0,,
4225,Monster,8475,BaoXiangTongZi5,100,Bảo Sương Đồng Tử Biến Dị,PetHeader4_1,95,158,Hater,3043,1243,3043,1243,112280,1927,183,8,8,100,0,60,0,0,0,60,0,0,0,60,0,0,0,60,0,0,,0,,
4226,Monster,8476,BaoXiangTongZi6,100,Bảo Sương Đồng Tử Biến Dị,PetHeader4_1,95,158,Hater,3043,1243,3043,1243,112280,1927,183,8,8,100,0,60,0,0,0,60,0,0,0,60,0,0,0,60,0,0,,0,,
4227,Monster,8477,BaoXiangTongZi7,100,Bảo Sương Đồng Tử Biến Dị,PetHeader4_1,95,158,Hater,3043,1243,3043,1243,112280,1927,183,8,8,100,0,60,0,0,0,60,0,0,0,60,0,0,0,60,0,0,,0,,
4228,Monster,8478,BaoXiangTongZi7,100,Bảo Sương Đồng Tử Biến Dị,PetHeader4_1,95,158,Hater,3043,1243,3043,1243,112280,1927,183,8,8,100,0,60,0,0,0,60,0,0,0,60,0,0,0,60,0,0,,0,,
4229,Monster,8479,BaoXiangTongZi,100,Bảo Sương Đồng Tử Bảo Bảo,PetHeader4_1,95,158,Hater,3043,1243,3043,1243,112280,1927,183,8,8,100,0,60,0,0,0,60,0,0,0,60,0,0,0,60,0,0,,0,,
4230,Monster,8480,ShuDaiXiong,100,Thụ Đại Hùng Trưởng Thành,PetHeader4_2,35,37,Hater,983,461,983,461,23840,395,68,3,3,100,0,60,0,0,0,60,0,0,0,60,0,0,0,60,0,0,,0,,
4231,Monster,8481,ShuDaiXiong1,100,Thụ Đại Hùng Biến Dị,PetHeader4_2,35,37,Hater,983,461,983,461,23840,395,68,3,3,100,0,60,0,0,0,60,0,0,0,60,0,0,0,60,0,0,,0,,
4232,Monster,8482,ShuDaiXiong2,100,Thụ Đại Hùng Biến Dị,PetHeader4_2,35,37,Hater,983,461,983,461,23840,395,68,3,3,100,0,60,0,0,0,60,0,0,0,60,0,0,0,60,0,0,,0,,
4233,Monster,8489,ShuDaiXiong,100,Thụ Đại Hùng Bảo Bảo,PetHeader4_2,35,37,Hater,983,461,983,461,23840,395,68,3,3,100,0,60,0,0,0,60,0,0,0,60,0,0,0,60,0,0,,0,,
4234,Monster,8490,ShuDaiXiong,100,Thụ Đại Hùng Trưởng Thành,PetHeader4_2,45,52,Hater,1260,592,1260,592,34380,551,87,4,4,100,0,60,0,0,0,60,0,0,0,60,0,0,0,60,0,0,,0,,
4235,Monster,8491,ShuDaiXiong1,100,Thụ Đại Hùng Biến Dị,PetHeader4_2,45,52,Hater,1260,592,1260,592,34380,551,87,4,4,100,0,60,0,0,0,60,0,0,0,60,0,0,0,60,0,0,,0,,
4236,Monster,8492,ShuDaiXiong2,100,Thụ Đại Hùng Biến Dị,PetHeader4_2,45,52,Hater,1260,592,1260,592,34380,551,87,4,4,100,0,60,0,0,0,60,0,0,0,60,0,0,0,60,0,0,,0,,
4237,Monster,8493,ShuDaiXiong3,100,Thụ Đại Hùng Biến Dị,PetHeader4_2,45,52,Hater,1260,592,1260,592,34380,551,87,4,4,100,0,60,0,0,0,60,0,0,0,60,0,0,0,60,0,0,,0,,
4238,Monster,8499,ShuDaiXiong,100,Thụ Đại Hùng Bảo Bảo,PetHeader4_2,45,52,Hater,1260,592,1260,592,34380,551,87,4,4,100,0,60,0,0,0,60,0,0,0,60,0,0,0,60,0,0,,0,,
4239,Monster,8500,ShuDaiXiong,100,Thụ Đại Hùng Trưởng Thành,PetHeader4_2,55,70,Hater,1614,722,1614,722,46600,784,106,5,5,100,0,60,0,0,0,60,0,0,0,60,0,0,0,60,0,0,,0,,
4240,Monster,8501,ShuDaiXiong1,100,Thụ Đại Hùng Biến Dị,PetHeader4_2,55,70,Hater,1614,722,1614,722,46600,784,106,5,5,100,0,60,0,0,0,60,0,0,0,60,0,0,0,60,0,0,,0,,
4241,Monster,8502,ShuDaiXiong2,100,Thụ Đại Hùng Biến Dị,PetHeader4_2,55,70,Hater,1614,722,1614,722,46600,784,106,5,5,100,0,60,0,0,0,60,0,0,0,60,0,0,0,60,0,0,,0,,
4242,Monster,8503,ShuDaiXiong3,100,Thụ Đại Hùng Biến Dị,PetHeader4_2,55,70,Hater,1614,722,1614,722,46600,784,106,5,5,100,0,60,0,0,0,60,0,0,0,60,0,0,0,60,0,0,,0,,
4243,Monster,8504,ShuDaiXiong4,100,Thụ Đại Hùng Biến Dị,PetHeader4_2,55,70,Hater,1614,722,1614,722,46600,784,106,5,5,100,0,60,0,0,0,60,0,0,0,60,0,0,0,60,0,0,,0,,
4244,Monster,8509,ShuDaiXiong,100,Thụ Đại Hùng Bảo Bảo,PetHeader4_2,55,70,Hater,1614,722,1614,722,46600,784,106,5,5,100,0,60,0,0,0,60,0,0,0,60,0,0,0,60,0,0,,0,,
4245,Monster,8510,ShuDaiXiong,100,Thụ Đại Hùng Trưởng Thành,PetHeader4_2,65,91,Hater,1905,852,1905,852,60500,1058,126,6,6,100,0,60,0,0,0,60,0,0,0,60,0,0,0,60,0,0,,0,,
4246,Monster,8511,ShuDaiXiong1,100,Thụ Đại Hùng Biến Dị,PetHeader4_2,65,91,Hater,1905,852,1905,852,60500,1058,126,6,6,100,0,60,0,0,0,60,0,0,0,60,0,0,0,60,0,0,,0,,
4247,Monster,8512,ShuDaiXiong2,100,Thụ Đại Hùng Biến Dị,PetHeader4_2,65,91,Hater,1905,852,1905,852,60500,1058,126,6,6,100,0,60,0,0,0,60,0,0,0,60,0,0,0,60,0,0,,0,,
4248,Monster,8513,ShuDaiXiong3,100,Thụ Đại Hùng Biến Dị,PetHeader4_2,65,91,Hater,1905,852,1905,852,60500,1058,126,6,6,100,0,60,0,0,0,60,0,0,0,60,0,0,0,60,0,0,,0,,
4249,Monster,8514,ShuDaiXiong4,100,Thụ Đại Hùng Biến Dị,PetHeader4_2,65,91,Hater,1905,852,1905,852,60500,1058,126,6,6,100,0,60,0,0,0,60,0,0,0,60,0,0,0,60,0,0,,0,,
4250,Monster,8515,ShuDaiXiong5,100,Thụ Đại Hùng Biến Dị,PetHeader4_2,65,91,Hater,1905,852,1905,852,60500,1058,126,6,6,100,0,60,0,0,0,60,0,0,0,60,0,0,0,60,0,0,,0,,
4251,Monster,8519,ShuDaiXiong,100,Thụ Đại Hùng Bảo Bảo,PetHeader4_2,65,91,Hater,1905,852,1905,852,60500,1058,126,6,6,100,0,60,0,0,0,60,0,0,0,60,0,0,0,60,0,0,,0,,
4252,Monster,8520,ShuDaiXiong,100,Thụ Đại Hùng Trưởng Thành,PetHeader4_2,75,113,Hater,2196,982,2196,982,76080,1372,145,7,7,100,0,60,0,0,0,60,0,0,0,60,0,0,0,60,0,0,,0,,
4253,Monster,8521,ShuDaiXiong1,100,Thụ Đại Hùng Biến Dị,PetHeader4_2,75,113,Hater,2196,982,2196,982,76080,1372,145,7,7,100,0,60,0,0,0,60,0,0,0,60,0,0,0,60,0,0,,0,,
4254,Monster,8522,ShuDaiXiong2,100,Thụ Đại Hùng Biến Dị,PetHeader4_2,75,113,Hater,2196,982,2196,982,76080,1372,145,7,7,100,0,60,0,0,0,60,0,0,0,60,0,0,0,60,0,0,,0,,
4255,Monster,8523,ShuDaiXiong3,100,Thụ Đại Hùng Biến Dị,PetHeader4_2,75,113,Hater,2196,982,2196,982,76080,1372,145,7,7,100,0,60,0,0,0,60,0,0,0,60,0,0,0,60,0,0,,0,,
4256,Monster,8524,ShuDaiXiong4,100,Thụ Đại Hùng Biến Dị,PetHeader4_2,75,113,Hater,2196,982,2196,982,76080,1372,145,7,7,100,0,60,0,0,0,60,0,0,0,60,0,0,0,60,0,0,,0,,
4257,Monster,8525,ShuDaiXiong5,100,Thụ Đại Hùng Biến Dị,PetHeader4_2,75,113,Hater,2196,982,2196,982,76080,1372,145,7,7,100,0,60,0,0,0,60,0,0,0,60,0,0,0,60,0,0,,0,,
4258,Monster,8526,ShuDaiXiong6,100,Thụ Đại Hùng Biến Dị,PetHeader4_2,75,113,Hater,2196,982,2196,982,76080,1372,145,7,7,100,0,60,0,0,0,60,0,0,0,60,0,0,0,60,0,0,,0,,
4259,Monster,8529,ShuDaiXiong,100,Thụ Đại Hùng Bảo Bảo,PetHeader4_2,75,113,Hater,2196,982,2196,982,76080,1372,145,7,7,100,0,60,0,0,0,60,0,0,0,60,0,0,0,60,0,0,,0,,
4260,Monster,8530,ShuDaiXiong,100,Thụ Đại Hùng Trưởng Thành,PetHeader4_2,85,138,Hater,2487,1112,2487,1112,93340,1726,164,7,7,100,0,60,0,0,0,60,0,0,0,60,0,0,0,60,0,0,,0,,
4261,Monster,8531,ShuDaiXiong1,100,Thụ Đại Hùng Biến Dị,PetHeader4_2,85,138,Hater,2487,1112,2487,1112,93340,1726,164,7,7,100,0,60,0,0,0,60,0,0,0,60,0,0,0,60,0,0,,0,,
4262,Monster,8532,ShuDaiXiong2,100,Thụ Đại Hùng Biến Dị,PetHeader4_2,85,138,Hater,2487,1112,2487,1112,93340,1726,164,7,7,100,0,60,0,0,0,60,0,0,0,60,0,0,0,60,0,0,,0,,
4263,Monster,8533,ShuDaiXiong3,100,Thụ Đại Hùng Biến Dị,PetHeader4_2,85,138,Hater,2487,1112,2487,1112,93340,1726,164,7,7,100,0,60,0,0,0,60,0,0,0,60,0,0,0,60,0,0,,0,,
4264,Monster,8534,ShuDaiXiong4,100,Thụ Đại Hùng Biến Dị,PetHeader4_2,85,138,Hater,2487,1112,2487,1112,93340,1726,164,7,7,100,0,60,0,0,0,60,0,0,0,60,0,0,0,60,0,0,,0,,
4265,Monster,8535,ShuDaiXiong5,100,Thụ Đại Hùng Biến Dị,PetHeader4_2,85,138,Hater,2487,1112,2487,1112,93340,1726,164,7,7,100,0,60,0,0,0,60,0,0,0,60,0,0,0,60,0,0,,0,,
4266,Monster,8536,ShuDaiXiong6,100,Thụ Đại Hùng Biến Dị,PetHeader4_2,85,138,Hater,2487,1112,2487,1112,93340,1726,164,7,7,100,0,60,0,0,0,60,0,0,0,60,0,0,0,60,0,0,,0,,
4267,Monster,8537,ShuDaiXiong7,100,Thụ Đại Hùng Biến Dị,PetHeader4_2,85,138,Hater,2487,1112,2487,1112,93340,1726,164,7,7,100,0,60,0,0,0,60,0,0,0,60,0,0,0,60,0,0,,0,,
4268,Monster,8539,ShuDaiXiong,100,Thụ Đại Hùng Bảo Bảo,PetHeader4_2,85,138,Hater,2487,1112,2487,1112,93340,1726,164,7,7,100,0,60,0,0,0,60,0,0,0,60,0,0,0,60,0,0,,0,,
4269,Monster,8540,ShuDaiXiong,100,Thụ Đại Hùng Trưởng Thành,PetHeader4_2,95,158,Hater,3043,1243,3043,1243,112280,1927,183,8,8,100,0,60,0,0,0,60,0,0,0,60,0,0,0,60,0,0,,0,,
4270,Monster,8541,ShuDaiXiong1,100,Thụ Đại Hùng Biến Dị,PetHeader4_2,95,158,Hater,3043,1243,3043,1243,112280,1927,183,8,8,100,0,60,0,0,0,60,0,0,0,60,0,0,0,60,0,0,,0,,
4271,Monster,8542,ShuDaiXiong2,100,Thụ Đại Hùng Biến Dị,PetHeader4_2,95,158,Hater,3043,1243,3043,1243,112280,1927,183,8,8,100,0,60,0,0,0,60,0,0,0,60,0,0,0,60,0,0,,0,,
4272,Monster,8543,ShuDaiXiong3,100,Thụ Đại Hùng Biến Dị,PetHeader4_2,95,158,Hater,3043,1243,3043,1243,112280,1927,183,8,8,100,0,60,0,0,0,60,0,0,0,60,0,0,0,60,0,0,,0,,
4273,Monster,8544,ShuDaiXiong4,100,Thụ Đại Hùng Biến Dị,PetHeader4_2,95,158,Hater,3043,1243,3043,1243,112280,1927,183,8,8,100,0,60,0,0,0,60,0,0,0,60,0,0,0,60,0,0,,0,,
4274,Monster,8545,ShuDaiXiong5,100,Thụ Đại Hùng Biến Dị,PetHeader4_2,95,158,Hater,3043,1243,3043,1243,112280,1927,183,8,8,100,0,60,0,0,0,60,0,0,0,60,0,0,0,60,0,0,,0,,
4275,Monster,8546,ShuDaiXiong6,100,Thụ Đại Hùng Biến Dị,PetHeader4_2,95,158,Hater,3043,1243,3043,1243,112280,1927,183,8,8,100,0,60,0,0,0,60,0,0,0,60,0,0,0,60,0,0,,0,,
4276,Monster,8547,ShuDaiXiong7,100,Thụ Đại Hùng Biến Dị,PetHeader4_2,95,158,Hater,3043,1243,3043,1243,112280,1927,183,8,8,100,0,60,0,0,0,60,0,0,0,60,0,0,0,60,0,0,,0,,
4277,Monster,8548,ShuDaiXiong7,100,Thụ Đại Hùng Biến Dị,PetHeader4_2,95,158,Hater,3043,1243,3043,1243,112280,1927,183,8,8,100,0,60,0,0,0,60,0,0,0,60,0,0,0,60,0,0,,0,,
4278,Monster,8549,ShuDaiXiong,100,Thụ Đại Hùng Bảo Bảo,PetHeader4_2,95,158,Hater,3043,1243,3043,1243,112280,1927,183,8,8,100,0,60,0,0,0,60,0,0,0,60,0,0,0,60,0,0,,0,,
4279,Monster,8550,DaJiaoLangShou,100,Hoả Tông Thử Trưởng Thành,PetHeader2_23,55,930,Hater,3875,866,3875,866,111840,941,128,6,6,100,0,60,0,0,0,60,0,0,0,60,0,0,0,60,0,0,,0,,
4280,Monster,8551,DaJiaoLangShou,100,Viêm Hoả Tông Thử Trưởng Thành,PetHeader2_23,75,1494,Hater,5272,1179,5272,1179,182590,1646,174,8,8,100,0,60,0,0,0,60,0,0,0,60,0,0,0,60,0,0,,0,,
4281,Monster,8553,NiaoRen,100,Xuy Huyền Dực Thú Trưởng Thành,PetHeader2_24,75,1494,Hater,5272,1179,5272,1179,182590,1646,174,8,8,100,0,60,0,0,0,60,0,0,0,60,0,0,0,60,0,0,,0,,
4282,Monster,8560,ZhenShouHuanLeZhu,100,Hoan Lạc Trư Trưởng Thành,PetHeader4_8,35,37,Hater,983,461,983,461,23840,395,68,3,3,100,0,60,0,0,0,60,0,0,0,60,0,0,0,60,0,0,,0,,
4283,Monster,8561,ZhenShouHuanLeZhu1,100,Hoan Lạc Trư Biến Dị,PetHeader4_8,35,37,Hater,983,461,983,461,23840,395,68,3,3,100,0,60,0,0,0,60,0,0,0,60,0,0,0,60,0,0,,0,,
4284,Monster,8562,ZhenShouHuanLeZhu2,100,Hoan Lạc Trư Biến Dị,PetHeader4_8,35,37,Hater,983,461,983,461,23840,395,68,3,3,100,0,60,0,0,0,60,0,0,0,60,0,0,0,60,0,0,,0,,
4285,Monster,8569,ZhenShouHuanLeZhu,100,Hoan Lạc Trư Bảo Bảo,PetHeader4_8,35,37,Hater,983,461,983,461,23840,395,68,3,3,100,0,60,0,0,0,60,0,0,0,60,0,0,0,60,0,0,,0,,
4286,Monster,8570,ZhenShouHuanLeZhu,100,Hoan Lạc Trư Trưởng Thành,PetHeader4_8,45,52,Hater,1260,592,1260,592,34380,551,87,4,4,100,0,60,0,0,0,60,0,0,0,60,0,0,0,60,0,0,,0,,
4287,Monster,8571,ZhenShouHuanLeZhu1,100,Hoan Lạc Trư Biến Dị,PetHeader4_8,45,52,Hater,1260,592,1260,592,34380,551,87,4,4,100,0,60,0,0,0,60,0,0,0,60,0,0,0,60,0,0,,0,,
4288,Monster,8572,ZhenShouHuanLeZhu2,100,Hoan Lạc Trư Biến Dị,PetHeader4_8,45,52,Hater,1260,592,1260,592,34380,551,87,4,4,100,0,60,0,0,0,60,0,0,0,60,0,0,0,60,0,0,,0,,
4289,Monster,8573,ZhenShouHuanLeZhu3,100,Hoan Lạc Trư Biến Dị,PetHeader4_8,45,52,Hater,1260,592,1260,592,34380,551,87,4,4,100,0,60,0,0,0,60,0,0,0,60,0,0,0,60,0,0,,0,,
4290,Monster,8579,ZhenShouHuanLeZhu,100,Hoan Lạc Trư Bảo Bảo,PetHeader4_8,45,52,Hater,1260,592,1260,592,34380,551,87,4,4,100,0,60,0,0,0,60,0,0,0,60,0,0,0,60,0,0,,0,,
4291,Monster,8580,ZhenShouHuanLeZhu,100,Hoan Lạc Trư Trưởng Thành,PetHeader4_8,55,70,Hater,1614,722,1614,722,46600,784,106,5,5,100,0,60,0,0,0,60,0,0,0,60,0,0,0,60,0,0,,0,,
4292,Monster,8581,ZhenShouHuanLeZhu1,100,Hoan Lạc Trư Biến Dị,PetHeader4_8,55,70,Hater,1614,722,1614,722,46600,784,106,5,5,100,0,60,0,0,0,60,0,0,0,60,0,0,0,60,0,0,,0,,
4293,Monster,8582,ZhenShouHuanLeZhu2,100,Hoan Lạc Trư Biến Dị,PetHeader4_8,55,70,Hater,1614,722,1614,722,46600,784,106,5,5,100,0,60,0,0,0,60,0,0,0,60,0,0,0,60,0,0,,0,,
4294,Monster,8583,ZhenShouHuanLeZhu3,100,Hoan Lạc Trư Biến Dị,PetHeader4_8,55,70,Hater,1614,722,1614,722,46600,784,106,5,5,100,0,60,0,0,0,60,0,0,0,60,0,0,0,60,0,0,,0,,
4295,Monster,8584,ZhenShouHuanLeZhu4,100,Hoan Lạc Trư Biến Dị,PetHeader4_8,55,70,Hater,1614,722,1614,722,46600,784,106,5,5,100,0,60,0,0,0,60,0,0,0,60,0,0,0,60,0,0,,0,,
4296,Monster,8589,ZhenShouHuanLeZhu,100,Hoan Lạc Trư Bảo Bảo,PetHeader4_8,55,70,Hater,1614,722,1614,722,46600,784,106,5,5,100,0,60,0,0,0,60,0,0,0,60,0,0,0,60,0,0,,0,,
4297,Monster,8590,ZhenShouHuanLeZhu,100,Hoan Lạc Trư Trưởng Thành,PetHeader4_8,65,91,Hater,1905,852,1905,852,60500,1058,126,6,6,100,0,60,0,0,0,60,0,0,0,60,0,0,0,60,0,0,,0,,
4298,Monster,8591,ZhenShouHuanLeZhu1,100,Hoan Lạc Trư Biến Dị,PetHeader4_8,65,91,Hater,1905,852,1905,852,60500,1058,126,6,6,100,0,60,0,0,0,60,0,0,0,60,0,0,0,60,0,0,,0,,
4299,Monster,8592,ZhenShouHuanLeZhu2,100,Hoan Lạc Trư Biến Dị,PetHeader4_8,65,91,Hater,1905,852,1905,852,60500,1058,126,6,6,100,0,60,0,0,0,60,0,0,0,60,0,0,0,60,0,0,,0,,
4300,Monster,8593,ZhenShouHuanLeZhu3,100,Hoan Lạc Trư Biến Dị,PetHeader4_8,65,91,Hater,1905,852,1905,852,60500,1058,126,6,6,100,0,60,0,0,0,60,0,0,0,60,0,0,0,60,0,0,,0,,
4301,Monster,8594,ZhenShouHuanLeZhu4,100,Hoan Lạc Trư Biến Dị,PetHeader4_8,65,91,Hater,1905,852,1905,852,60500,1058,126,6,6,100,0,60,0,0,0,60,0,0,0,60,0,0,0,60,0,0,,0,,
4302,Monster,8595,ZhenShouHuanLeZhu5,100,Hoan Lạc Trư Biến Dị,PetHeader4_8,65,91,Hater,1905,852,1905,852,60500,1058,126,6,6,100,0,60,0,0,0,60,0,0,0,60,0,0,0,60,0,0,,0,,
4303,Monster,8599,ZhenShouHuanLeZhu,100,Hoan Lạc Trư Bảo Bảo,PetHeader4_8,65,91,Hater,1905,852,1905,852,60500,1058,126,6,6,100,0,60,0,0,0,60,0,0,0,60,0,0,0,60,0,0,,0,,
4304,Monster,8600,ZhenShouHuanLeZhu,100,Hoan Lạc Trư Trưởng Thành,PetHeader4_8,75,113,Hater,2196,982,2196,982,76080,1372,145,7,7,100,0,60,0,0,0,60,0,0,0,60,0,0,0,60,0,0,,0,,
4305,Monster,8601,ZhenShouHuanLeZhu1,100,Hoan Lạc Trư Biến Dị,PetHeader4_8,75,113,Hater,2196,982,2196,982,76080,1372,145,7,7,100,0,60,0,0,0,60,0,0,0,60,0,0,0,60,0,0,,0,,
4306,Monster,8602,ZhenShouHuanLeZhu2,100,Hoan Lạc Trư Biến Dị,PetHeader4_8,75,113,Hater,2196,982,2196,982,76080,1372,145,7,7,100,0,60,0,0,0,60,0,0,0,60,0,0,0,60,0,0,,0,,
4307,Monster,8603,ZhenShouHuanLeZhu3,100,Hoan Lạc Trư Biến Dị,PetHeader4_8,75,113,Hater,2196,982,2196,982,76080,1372,145,7,7,100,0,60,0,0,0,60,0,0,0,60,0,0,0,60,0,0,,0,,
4308,Monster,8604,ZhenShouHuanLeZhu4,100,Hoan Lạc Trư Biến Dị,PetHeader4_8,75,113,Hater,2196,982,2196,982,76080,1372,145,7,7,100,0,60,0,0,0,60,0,0,0,60,0,0,0,60,0,0,,0,,
4309,Monster,8605,ZhenShouHuanLeZhu5,100,Hoan Lạc Trư Biến Dị,PetHeader4_8,75,113,Hater,2196,982,2196,982,76080,1372,145,7,7,100,0,60,0,0,0,60,0,0,0,60,0,0,0,60,0,0,,0,,
4310,Monster,8606,ZhenShouHuanLeZhu6,100,Hoan Lạc Trư Biến Dị,PetHeader4_8,75,113,Hater,2196,982,2196,982,76080,1372,145,7,7,100,0,60,0,0,0,60,0,0,0,60,0,0,0,60,0,0,,0,,
4311,Monster,8609,ZhenShouHuanLeZhu,100,Hoan Lạc Trư Bảo Bảo,PetHeader4_8,75,113,Hater,2196,982,2196,982,76080,1372,145,7,7,100,0,60,0,0,0,60,0,0,0,60,0,0,0,60,0,0,,0,,
4312,Monster,8610,ZhenShouHuanLeZhu,100,Hoan Lạc Trư Trưởng Thành,PetHeader4_8,85,138,Hater,2487,1112,2487,1112,93340,1726,164,7,7,100,0,60,0,0,0,60,0,0,0,60,0,0,0,60,0,0,,0,,
4313,Monster,8611,ZhenShouHuanLeZhu1,100,Hoan Lạc Trư Biến Dị,PetHeader4_8,85,138,Hater,2487,1112,2487,1112,93340,1726,164,7,7,100,0,60,0,0,0,60,0,0,0,60,0,0,0,60,0,0,,0,,
4314,Monster,8612,ZhenShouHuanLeZhu2,100,Hoan Lạc Trư Biến Dị,PetHeader4_8,85,138,Hater,2487,1112,2487,1112,93340,1726,164,7,7,100,0,60,0,0,0,60,0,0,0,60,0,0,0,60,0,0,,0,,
4315,Monster,8613,ZhenShouHuanLeZhu3,100,Hoan Lạc Trư Biến Dị,PetHeader4_8,85,138,Hater,2487,1112,2487,1112,93340,1726,164,7,7,100,0,60,0,0,0,60,0,0,0,60,0,0,0,60,0,0,,0,,
4316,Monster,8614,ZhenShouHuanLeZhu4,100,Hoan Lạc Trư Biến Dị,PetHeader4_8,85,138,Hater,2487,1112,2487,1112,93340,1726,164,7,7,100,0,60,0,0,0,60,0,0,0,60,0,0,0,60,0,0,,0,,
4317,Monster,8615,ZhenShouHuanLeZhu5,100,Hoan Lạc Trư Biến Dị,PetHeader4_8,85,138,Hater,2487,1112,2487,1112,93340,1726,164,7,7,100,0,60,0,0,0,60,0,0,0,60,0,0,0,60,0,0,,0,,
4318,Monster,8616,ZhenShouHuanLeZhu6,100,Hoan Lạc Trư Biến Dị,PetHeader4_8,85,138,Hater,2487,1112,2487,1112,93340,1726,164,7,7,100,0,60,0,0,0,60,0,0,0,60,0,0,0,60,0,0,,0,,
4319,Monster,8617,ZhenShouHuanLeZhu7,100,Hoan Lạc Trư Biến Dị,PetHeader4_8,85,138,Hater,2487,1112,2487,1112,93340,1726,164,7,7,100,0,60,0,0,0,60,0,0,0,60,0,0,0,60,0,0,,0,,
4320,Monster,8619,ZhenShouHuanLeZhu,100,Hoan Lạc Trư Bảo Bảo,PetHeader4_8,85,138,Hater,2487,1112,2487,1112,93340,1726,164,7,7,100,0,60,0,0,0,60,0,0,0,60,0,0,0,60,0,0,,0,,
4321,Monster,8620,ZhenShouHuanLeZhu,100,Hoan Lạc Trư Trưởng Thành,PetHeader4_8,95,158,Hater,3043,1243,3043,1243,112280,1927,183,8,8,100,0,60,0,0,0,60,0,0,0,60,0,0,0,60,0,0,,0,,
4322,Monster,8621,ZhenShouHuanLeZhu1,100,Hoan Lạc Trư Biến Dị,PetHeader4_8,95,158,Hater,3043,1243,3043,1243,112280,1927,183,8,8,100,0,60,0,0,0,60,0,0,0,60,0,0,0,60,0,0,,0,,
4323,Monster,8622,ZhenShouHuanLeZhu2,100,Hoan Lạc Trư Biến Dị,PetHeader4_8,95,158,Hater,3043,1243,3043,1243,112280,1927,183,8,8,100,0,60,0,0,0,60,0,0,0,60,0,0,0,60,0,0,,0,,
4324,Monster,8623,ZhenShouHuanLeZhu3,100,Hoan Lạc Trư Biến Dị,PetHeader4_8,95,158,Hater,3043,1243,3043,1243,112280,1927,183,8,8,100,0,60,0,0,0,60,0,0,0,60,0,0,0,60,0,0,,0,,
4325,Monster,8624,ZhenShouHuanLeZhu4,100,Hoan Lạc Trư Biến Dị,PetHeader4_8,95,158,Hater,3043,1243,3043,1243,112280,1927,183,8,8,100,0,60,0,0,0,60,0,0,0,60,0,0,0,60,0,0,,0,,
4326,Monster,8625,ZhenShouHuanLeZhu5,100,Hoan Lạc Trư Biến Dị,PetHeader4_8,95,158,Hater,3043,1243,3043,1243,112280,1927,183,8,8,100,0,60,0,0,0,60,0,0,0,60,0,0,0,60,0,0,,0,,
4327,Monster,8626,ZhenShouHuanLeZhu6,100,Hoan Lạc Trư Biến Dị,PetHeader4_8,95,158,Hater,3043,1243,3043,1243,112280,1927,183,8,8,100,0,60,0,0,0,60,0,0,0,60,0,0,0,60,0,0,,0,,
4328,Monster,8627,ZhenShouHuanLeZhu7,100,Hoan Lạc Trư Biến Dị,PetHeader4_8,95,158,Hater,3043,1243,3043,1243,112280,1927,183,8,8,100,0,60,0,0,0,60,0,0,0,60,0,0,0,60,0,0,,0,,
4329,Monster,8628,ZhenShouHuanLeZhu8,100,Hoan Lạc Trư Biến Dị,PetHeader4_8,95,158,Hater,3043,1243,3043,1243,112280,1927,183,8,8,100,0,60,0,0,0,60,0,0,0,60,0,0,0,60,0,0,,0,,
4330,Monster,8629,ZhenShouHuanLeZhu,100,Hoan Lạc Trư Bảo Bảo,PetHeader4_8,95,158,Hater,3043,1243,3043,1243,112280,1927,183,8,8,100,0,60,0,0,0,60,0,0,0,60,0,0,0,60,0,0,,0,,
4331,Monster,8630,DaJiaoLangShou,100,Hỏa Tông Yêu Thử Trưởng Thành,PetHeader2_23,55,930,Hater,3875,866,3875,866,111840,941,128,6,6,100,0,60,0,0,0,60,0,0,0,60,0,0,0,60,0,0,,0,,
4332,Monster,8631,DaJiaoLangShouShen1,100,Hỏa Tông Yêu Thử Biến Dị,PetHeader2_23,55,93,Hater,1937,866,1937,866,55920,941,128,6,6,100,0,60,0,0,0,60,0,0,0,60,0,0,0,60,0,0,,0,,
4333,Monster,8632,DaJiaoLangShouShen2,100,Hỏa Tông Yêu Thử Biến Dị,PetHeader2_23,55,93,Hater,1937,866,1937,866,55920,941,128,6,6,100,0,60,0,0,0,60,0,0,0,60,0,0,0,60,0,0,,0,,
4334,Monster,8633,DaJiaoLangShouShen3,100,Hỏa Tông Yêu Thử Biến Dị,PetHeader2_23,55,93,Hater,1937,866,1937,866,55920,941,128,6,6,100,0,60,0,0,0,60,0,0,0,60,0,0,0,60,0,0,,0,,
4335,Monster,8634,DaJiaoLangShouShen4,100,Hỏa Tông Yêu Thử Biến Dị,PetHeader2_23,55,93,Hater,1937,866,1937,866,55920,941,128,6,6,100,0,60,0,0,0,60,0,0,0,60,0,0,0,60,0,0,,0,,
4336,Monster,8639,DaJiaoLangShou,100,Hỏa Tông Yêu Thử Bảo Bảo,PetHeader2_23,55,93,Hater,1937,866,1937,866,55920,941,128,6,6,100,0,60,0,0,0,60,0,0,0,60,0,0,0,60,0,0,,0,,
4337,Monster,8640,DaJiaoLangShou,100,Viêm Hỏa Yêu Thử Trưởng Thành,PetHeader2_23,75,1494,Hater,5272,1179,5272,1179,182590,1646,174,8,8,100,0,60,0,0,0,60,0,0,0,60,0,0,0,60,0,0,,0,,
4338,Monster,8641,DaJiaoLangShouShen1,100,Viêm Hỏa Yêu Thử Biến Dị,PetHeader2_23,75,149,Hater,2636,1179,2636,1179,91295,1646,174,8,8,100,0,60,0,0,0,60,0,0,0,60,0,0,0,60,0,0,,0,,
4339,Monster,8642,DaJiaoLangShouShen2,100,Viêm Hỏa Yêu Thử Biến Dị,PetHeader2_23,75,149,Hater,2636,1179,2636,1179,91295,1646,174,8,8,100,0,60,0,0,0,60,0,0,0,60,0,0,0,60,0,0,,0,,
4340,Monster,8643,DaJiaoLangShouShen3,100,Viêm Hỏa Yêu Thử Biến Dị,PetHeader2_23,75,149,Hater,2636,1179,2636,1179,91295,1646,174,8,8,100,0,60,0,0,0,60,0,0,0,60,0,0,0,60,0,0,,0,,
4341,Monster,8644,DaJiaoLangShouShen4,100,Viêm Hỏa Yêu Thử Biến Dị,PetHeader2_23,75,149,Hater,2636,1179,2636,1179,91295,1646,174,8,8,100,0,60,0,0,0,60,0,0,0,60,0,0,0,60,0,0,,0,,
4342,Monster,8645,DaJiaoLangShouShen5,100,Viêm Hỏa Yêu Thử Biến Dị,PetHeader2_23,75,149,Hater,2636,1179,2636,1179,91295,1646,174,8,8,100,0,60,0,0,0,60,0,0,0,60,0,0,0,60,0,0,,0,,
4343,Monster,8646,DaJiaoLangShouShen6,100,Viêm Hỏa Yêu Thử Biến Dị,PetHeader2_23,75,149,Hater,2636,1179,2636,1179,91295,1646,174,8,8,100,0,60,0,0,0,60,0,0,0,60,0,0,0,60,0,0,,0,,
4344,Monster,8649,DaJiaoLangShou,100,Viêm Hỏa Yêu Thử Bảo Bảo,PetHeader2_23,75,149,Hater,2636,1179,2636,1179,91295,1646,174,8,8,100,0,60,0,0,0,60,0,0,0,60,0,0,0,60,0,0,,0,,
4345,Monster,8650,NiaoRen,100,Huyền Dực Ma Thú Trưởng Thành,PetHeader2_24,65,1196,Hater,4573,1023,4573,1023,145200,1270,151,7,7,100,0,60,0,0,0,60,0,0,0,60,0,0,0,60,0,0,,0,,
4346,Monster,8651,NiaoRen1,100,Huyền Dực Ma Thú Biến Dị,PetHeader2_24,65,119,Hater,2286,1023,2286,1023,72600,1270,151,7,7,100,0,60,0,0,0,60,0,0,0,60,0,0,0,60,0,0,,0,,
4347,Monster,8652,NiaoRen2,100,Huyền Dực Ma Thú Biến Dị,PetHeader2_24,65,119,Hater,2286,1023,2286,1023,72600,1270,151,7,7,100,0,60,0,0,0,60,0,0,0,60,0,0,0,60,0,0,,0,,
4348,Monster,8653,NiaoRen3,100,Huyền Dực Ma Thú Biến Dị,PetHeader2_24,65,119,Hater,2286,1023,2286,1023,72600,1270,151,7,7,100,0,60,0,0,0,60,0,0,0,60,0,0,0,60,0,0,,0,,
4349,Monster,8654,NiaoRen4,100,Huyền Dực Ma Thú Biến Dị,PetHeader2_24,65,119,Hater,2286,1023,2286,1023,72600,1270,151,7,7,100,0,60,0,0,0,60,0,0,0,60,0,0,0,60,0,0,,0,,
4350,Monster,8655,NiaoRen5,100,Huyền Dực Ma Thú Biến Dị,PetHeader2_24,65,119,Hater,2286,1023,2286,1023,72600,1270,151,7,7,100,0,60,0,0,0,60,0,0,0,60,0,0,0,60,0,0,,0,,
4351,Monster,8659,NiaoRen,100,Huyền Dực Ma Thú Bảo Bảo,PetHeader2_24,65,119,Hater,2286,1023,2286,1023,72600,1270,151,7,7,100,0,60,0,0,0,60,0,0,0,60,0,0,0,60,0,0,,0,,
4352,Monster,8660,NiaoRen,100,Xuy Huyền Ma Thú Trưởng Thành,PetHeader2_24,75,1494,Hater,5272,1179,5272,1179,182590,1646,174,8,8,100,0,60,0,0,0,60,0,0,0,60,0,0,0,60,0,0,,0,,
4353,Monster,8661,NiaoRen1,100,Xuy Huyền Ma Thú Biến Dị,PetHeader2_24,75,149,Hater,2636,1179,2636,1179,91295,1646,174,8,8,100,0,60,0,0,0,60,0,0,0,60,0,0,0,60,0,0,,0,,
4354,Monster,8662,NiaoRen2,100,Xuy Huyền Ma Thú Biến Dị,PetHeader2_24,75,149,Hater,2636,1179,2636,1179,91295,1646,174,8,8,100,0,60,0,0,0,60,0,0,0,60,0,0,0,60,0,0,,0,,
4355,Monster,8663,NiaoRen3,100,Xuy Huyền Ma Thú Biến Dị,PetHeader2_24,75,149,Hater,2636,1179,2636,1179,91295,1646,174,8,8,100,0,60,0,0,0,60,0,0,0,60,0,0,0,60,0,0,,0,,
4356,Monster,8664,NiaoRen4,100,Xuy Huyền Ma Thú Biến Dị,PetHeader2_24,75,149,Hater,2636,1179,2636,1179,91295,1646,174,8,8,100,0,60,0,0,0,60,0,0,0,60,0,0,0,60,0,0,,0,,
4357,Monster,8665,NiaoRen5,100,Xuy Huyền Ma Thú Biến Dị,PetHeader2_24,75,149,Hater,2636,1179,2636,1179,91295,1646,174,8,8,100,0,60,0,0,0,60,0,0,0,60,0,0,0,60,0,0,,0,,
4358,Monster,8666,NiaoRen6,100,Xuy Huyền Ma Thú Biến Dị,PetHeader2_24,75,149,Hater,2636,1179,2636,1179,91295,1646,174,8,8,100,0,60,0,0,0,60,0,0,0,60,0,0,0,60,0,0,,0,,
4359,Monster,8669,NiaoRen,100,Xuy Huyền Ma Thú Bảo Bảo,PetHeader2_24,75,149,Hater,2636,1179,2636,1179,91295,1646,174,8,8,100,0,60,0,0,0,60,0,0,0,60,0,0,0,60,0,0,,0,,
4360,Monster,8670,HaiDaoShu,100,Trân Kỳ Thử Trưởng Thành,PetHeader3_25,75,113,Hater,2196,982,2196,982,76080,1372,145,7,7,100,0,60,0,0,0,60,0,0,0,60,0,0,0,60,0,0,,0,,
4361,Monster,8671,HaiDaoShuLu,100,Trân Kỳ Thử Biến Dị,PetHeader3_25,75,113,Hater,2196,982,2196,982,76080,1372,145,7,7,100,0,60,0,0,0,60,0,0,0,60,0,0,0,60,0,0,,0,,
4362,Monster,8672,HaiDaoShuHuLan,100,Trân Kỳ Thử Biến Dị,PetHeader3_25,75,113,Hater,2196,982,2196,982,76080,1372,145,7,7,100,0,60,0,0,0,60,0,0,0,60,0,0,0,60,0,0,,0,,
4363,Monster,8673,HaiDaoShuGuLan,100,Trân Kỳ Thử Biến Dị,PetHeader3_25,75,113,Hater,2196,982,2196,982,76080,1372,145,7,7,100,0,60,0,0,0,60,0,0,0,60,0,0,0,60,0,0,,0,,
4364,Monster,8674,HaiDaoShuZi,100,Trân Kỳ Thử Biến Dị,PetHeader3_25,75,113,Hater,2196,982,2196,982,76080,1372,145,7,7,100,0,60,0,0,0,60,0,0,0,60,0,0,0,60,0,0,,0,,
4365,Monster,8675,HaiDaoShuTanHei,100,Trân Kỳ Thử Biến Dị,PetHeader3_25,75,113,Hater,2196,982,2196,982,76080,1372,145,7,7,100,0,60,0,0,0,60,0,0,0,60,0,0,0,60,0,0,,0,,
4366,Monster,8679,HaiDaoShu,100,Trân Kỳ Thử Bảo Bảo,PetHeader3_25,75,113,Hater,2196,982,2196,982,76080,1372,145,7,7,100,0,60,0,0,0,60,0,0,0,60,0,0,0,60,0,0,,0,,
4367,Monster,8680,HeiSeQiLin,100,Kỳ Lân Trưởng Thành,PetHeader2_3,75,113,Hater,2196,982,2196,982,76080,1372,145,7,7,100,0,60,0,0,0,60,0,0,0,60,0,0,0,60,0,0,,0,,
4368,Monster,8681,HuangSeQiLin,100,Kỳ Lân Biến Dị,PetHeader2_3,75,113,Hater,2196,982,2196,982,76080,1372,145,7,7,100,0,60,0,0,0,60,0,0,0,60,0,0,0,60,0,0,,0,,
4369,Monster,8682,YuSeQiLin,100,Kỳ Lân Biến Dị,PetHeader2_3,75,113,Hater,2196,982,2196,982,76080,1372,145,7,7,100,0,60,0,0,0,60,0,0,0,60,0,0,0,60,0,0,,0,,
4370,Monster,8683,HongQiLin,100,Kỳ Lân Biến Dị,PetHeader2_3,75,113,Hater,2196,982,2196,982,76080,1372,145,7,7,100,0,60,0,0,0,60,0,0,0,60,0,0,0,60,0,0,,0,,
4371,Monster,8684,BaiQiLin,100,Kỳ Lân Biến Dị,PetHeader2_3,75,113,Hater,2196,982,2196,982,76080,1372,145,7,7,100,0,60,0,0,0,60,0,0,0,60,0,0,0,60,0,0,,0,,
4372,Monster,8685,JinEJinJiaoBaiQiLin,100,Kỳ Lân Biến Dị,PetHeader2_3,75,113,Hater,2196,982,2196,982,76080,1372,145,7,7,100,0,60,0,0,0,60,0,0,0,60,0,0,0,60,0,0,,0,,
4373,Monster,8686,JinEJinJiaoHuoZhuaBaiQiLin,100,Kỳ Lân Biến Dị,PetHeader2_3,75,113,Hater,2196,982,2196,982,76080,1372,145,7,7,100,0,60,0,0,0,60,0,0,0,60,0,0,0,60,0,0,,0,,
4374,Monster,8689,HeiSeQiLin,100,Kỳ Lân Bảo Bảo,PetHeader2_3,75,113,Hater,2196,982,2196,982,76080,1372,145,7,7,100,0,60,0,0,0,60,0,0,0,60,0,0,0,60,0,0,,0,,
4375,Monster,8690,MoJingMao1,100,Cát Tường Miêu Trưởng Thành,PetHeader2_21,85,138,Hater,2487,1112,2487,1112,93340,1726,164,7,7,100,0,60,0,0,0,60,0,0,0,60,0,0,0,60,0,0,,0,,
4376,Monster,8691,MoJingMao2,100,Cát Tường Miêu Biến Dị,PetHeader2_21,85,138,Hater,2487,1112,2487,1112,93340,1726,164,7,7,100,0,60,0,0,0,60,0,0,0,60,0,0,0,60,0,0,,0,,
4377,Monster,8692,MoJingMao3,100,Cát Tường Miêu Biến Dị,PetHeader2_21,85,138,Hater,2487,1112,2487,1112,93340,1726,164,7,7,100,0,60,0,0,0,60,0,0,0,60,0,0,0,60,0,0,,0,,
4378,Monster,8693,MoJingMao4,100,Cát Tường Miêu Biến Dị,PetHeader2_21,85,138,Hater,2487,1112,2487,1112,93340,1726,164,7,7,100,0,60,0,0,0,60,0,0,0,60,0,0,0,60,0,0,,0,,
4379,Monster,8694,MoJingMao5,100,Cát Tường Miêu Biến Dị,PetHeader2_21,85,138,Hater,2487,1112,2487,1112,93340,1726,164,7,7,100,0,60,0,0,0,60,0,0,0,60,0,0,0,60,0,0,,0,,
4380,Monster,8695,MoJingMao6,100,Cát Tường Miêu Biến Dị,PetHeader2_21,85,138,Hater,2487,1112,2487,1112,93340,1726,164,7,7,100,0,60,0,0,0,60,0,0,0,60,0,0,0,60,0,0,,0,,
4381,Monster,8696,MoJingMao7,100,Cát Tường Miêu Biến Dị,PetHeader2_21,85,138,Hater,2487,1112,2487,1112,93340,1726,164,7,7,100,0,60,0,0,0,60,0,0,0,60,0,0,0,60,0,0,,0,,
4382,Monster,8697,MoJingMao8,100,Cát Tường Miêu Biến Dị,PetHeader2_21,85,138,Hater,2487,1112,2487,1112,93340,1726,164,7,7,100,0,60,0,0,0,60,0,0,0,60,0,0,0,60,0,0,,0,,
4383,Monster,8699,MoJingMao1,100,Cát Tường Miêu Bảo Bảo,PetHeader2_21,85,138,Hater,2487,1112,2487,1112,93340,1726,164,7,7,100,0,60,0,0,0,60,0,0,0,60,0,0,0,60,0,0,,0,,
4384,Monster,8700,HaiDaoShu,100,Trân Kỳ Thử Trưởng Thành,PetHeader3_25,5,5,Normal,151,71,151,71,495,54,10,1,1,100,0,60,0,0,0,60,0,0,0,60,0,0,0,60,0,0,,0,,
4385,Monster,8701,HaiDaoShuLu,100,Trân Kỳ Thử Biến Dị,PetHeader3_25,5,5,Normal,151,71,151,71,495,54,10,1,1,100,0,60,0,0,0,60,0,0,0,60,0,0,0,60,0,0,,0,,
4386,Monster,8702,HaiDaoShuHuLan,100,Trân Kỳ Thử Biến Dị,PetHeader3_25,5,5,Normal,151,71,151,71,495,54,10,1,1,100,0,60,0,0,0,60,0,0,0,60,0,0,0,60,0,0,,0,,
4387,Monster,8709,HaiDaoShu,100,Trân Kỳ Thử Bảo Bảo,PetHeader3_25,5,5,Normal,151,71,151,71,495,54,10,1,1,100,0,60,0,0,0,60,0,0,0,60,0,0,0,60,0,0,,0,,
4388,Monster,8710,HaiDaoShu,100,Trân Kỳ Thử Trưởng Thành,PetHeader3_25,45,52,Hater,1260,592,1260,592,34380,551,87,4,4,100,0,60,0,0,0,60,0,0,0,60,0,0,0,60,0,0,,0,,
4389,Monster,8711,HaiDaoShuLu,100,Trân Kỳ Thử Biến Dị,PetHeader3_25,45,52,Hater,1260,592,1260,592,34380,551,87,4,4,100,0,60,0,0,0,60,0,0,0,60,0,0,0,60,0,0,,0,,
4390,Monster,8712,HaiDaoShuHuLan,100,Trân Kỳ Thử Biến Dị,PetHeader3_25,45,52,Hater,1260,592,1260,592,34380,551,87,4,4,100,0,60,0,0,0,60,0,0,0,60,0,0,0,60,0,0,,0,,
4391,Monster,8713,HaiDaoShuGuLan,100,Trân Kỳ Thử Biến Dị,PetHeader3_25,45,52,Hater,1260,592,1260,592,34380,551,87,4,4,100,0,60,0,0,0,60,0,0,0,60,0,0,0,60,0,0,,0,,
4392,Monster,8719,HaiDaoShu,100,Trân Kỳ Thử Bảo Bảo,PetHeader3_25,45,52,Hater,1260,592,1260,592,34380,551,87,4,4,100,0,60,0,0,0,60,0,0,0,60,0,0,0,60,0,0,,0,,
4393,Monster,8720,HaiDaoShu,100,Trân Kỳ Thử Trưởng Thành,PetHeader3_25,55,70,Hater,1614,722,1614,722,46600,784,106,5,5,100,0,60,0,0,0,60,0,0,0,60,0,0,0,60,0,0,,0,,
4394,Monster,8721,HaiDaoShuLu,100,Trân Kỳ Thử Biến Dị,PetHeader3_25,55,70,Hater,1614,722,1614,722,46600,784,106,5,5,100,0,60,0,0,0,60,0,0,0,60,0,0,0,60,0,0,,0,,
4395,Monster,8722,HaiDaoShuHuLan,100,Trân Kỳ Thử Biến Dị,PetHeader3_25,55,70,Hater,1614,722,1614,722,46600,784,106,5,5,100,0,60,0,0,0,60,0,0,0,60,0,0,0,60,0,0,,0,,
4396,Monster,8723,HaiDaoShuGuLan,100,Trân Kỳ Thử Biến Dị,PetHeader3_25,55,70,Hater,1614,722,1614,722,46600,784,106,5,5,100,0,60,0,0,0,60,0,0,0,60,0,0,0,60,0,0,,0,,
4397,Monster,8724,HaiDaoShuZi,100,Trân Kỳ Thử Biến Dị,PetHeader3_25,55,70,Hater,1614,722,1614,722,46600,784,106,5,5,100,0,60,0,0,0,60,0,0,0,60,0,0,0,60,0,0,,0,,
4398,Monster,8729,HaiDaoShu,100,Trân Kỳ Thử Bảo Bảo,PetHeader3_25,55,70,Hater,1614,722,1614,722,46600,784,106,5,5,100,0,60,0,0,0,60,0,0,0,60,0,0,0,60,0,0,,0,,
4399,Monster,8730,QingSeBaWangLong,100,Ma Nha Bạo Long Trưởng Thành,PetHeader3_10,85,138,Hater,2487,1112,2487,1112,93340,1726,164,7,7,100,0,60,0,0,0,60,0,0,0,60,0,0,0,60,0,0,,0,,
4400,Monster,8731,HuangSeBaWangLong,100,Ma Nha Bạo Long Biến Dị,PetHeader3_10,85,138,Hater,2487,1112,2487,1112,93340,1726,164,7,7,100,0,60,0,0,0,60,0,0,0,60,0,0,0,60,0,0,,0,,
4401,Monster,8732,ZiHongSeBaWangLong,100,Ma Nha Bạo Long Biến Dị,PetHeader3_10,85,138,Hater,2487,1112,2487,1112,93340,1726,164,7,7,100,0,60,0,0,0,60,0,0,0,60,0,0,0,60,0,0,,0,,
4402,Monster,8733,LanSeBanDianBaWangLong,100,Ma Nha Bạo Long Biến Dị,PetHeader3_10,85,138,Hater,2487,1112,2487,1112,93340,1726,164,7,7,100,0,60,0,0,0,60,0,0,0,60,0,0,0,60,0,0,,0,,
4403,Monster,8734,HongSeBaWangLong,100,Ma Nha Bạo Long Biến Dị,PetHeader3_10,85,138,Hater,2487,1112,2487,1112,93340,1726,164,7,7,100,0,60,0,0,0,60,0,0,0,60,0,0,0,60,0,0,,0,,
4404,Monster,8735,ZiSeBanDianBaWangLong,100,Ma Nha Bạo Long Biến Dị,PetHeader3_10,85,138,Hater,2487,1112,2487,1112,93340,1726,164,7,7,100,0,60,0,0,0,60,0,0,0,60,0,0,0,60,0,0,,0,,
4405,Monster,8736,MoLuSeBanDianBaWangLong,100,Ma Nha Bạo Long Biến Dị,PetHeader3_10,85,138,Hater,2487,1112,2487,1112,93340,1726,164,7,7,100,0,60,0,0,0,60,0,0,0,60,0,0,0,60,0,0,,0,,
4406,Monster,8737,HeiSeBanDianBaWangLong,100,Ma Nha Bạo Long Biến Dị,PetHeader3_10,85,138,Hater,2487,1112,2487,1112,93340,1726,164,7,7,100,0,60,0,0,0,60,0,0,0,60,0,0,0,60,0,0,,0,,
4407,Monster,8739,QingSeBaWangLong,100,Ma Nha Bạo Long Bảo Bảo,PetHeader3_10,85,138,Hater,2487,1112,2487,1112,93340,1726,164,7,7,100,0,60,0,0,0,60,0,0,0,60,0,0,0,60,0,0,,0,,
4408,Monster,8740,ZhenShouTangZhuangShu1,100,Đường Trang Thử trưởng thành,PetHeader4_9,35,37,Hater,983,461,983,461,23840,395,68,3,3,100,0,60,0,0,0,60,0,0,0,60,0,0,0,60,0,0,,0,,
4409,Monster,8741,ZhenShouTangZhuangShu,100,Đường Trang Thử Biến Dị,PetHeader4_9,35,37,Hater,983,461,983,461,23840,395,68,3,3,100,0,60,0,0,0,60,0,0,0,60,0,0,0,60,0,0,,0,,
4410,Monster,8742,ZhenShouTangZhuangShu2,100,Đường Trang Thử Biến Dị,PetHeader4_9,35,37,Hater,983,461,983,461,23840,395,68,3,3,100,0,60,0,0,0,60,0,0,0,60,0,0,0,60,0,0,,0,,
4411,Monster,8749,ZhenShouTangZhuangShu1,100,Đường Trang Thử Bảo Bảo,PetHeader4_9,35,37,Hater,983,461,983,461,23840,395,68,3,3,100,0,60,0,0,0,60,0,0,0,60,0,0,0,60,0,0,,0,,
4412,Monster,8750,ZhenShouTangZhuangShu1,100,Đường Trang Thử trưởng thành,PetHeader4_9,45,52,Hater,1260,592,1260,592,34380,551,87,4,4,100,0,60,0,0,0,60,0,0,0,60,0,0,0,60,0,0,,0,,
4413,Monster,8751,ZhenShouTangZhuangShu,100,Đường Trang Thử Biến Dị,PetHeader4_9,45,52,Hater,1260,592,1260,592,34380,551,87,4,4,100,0,60,0,0,0,60,0,0,0,60,0,0,0,60,0,0,,0,,
4414,Monster,8752,ZhenShouTangZhuangShu2,100,Đường Trang Thử Biến Dị,PetHeader4_9,45,52,Hater,1260,592,1260,592,34380,551,87,4,4,100,0,60,0,0,0,60,0,0,0,60,0,0,0,60,0,0,,0,,
4415,Monster,8753,ZhenShouTangZhuangShu3,100,Đường Trang Thử Biến Dị,PetHeader4_9,45,52,Hater,1260,592,1260,592,34380,551,87,4,4,100,0,60,0,0,0,60,0,0,0,60,0,0,0,60,0,0,,0,,
4416,Monster,8759,ZhenShouTangZhuangShu1,100,Đường Trang Thử Bảo Bảo,PetHeader4_9,45,52,Hater,1260,592,1260,592,34380,551,87,4,4,100,0,60,0,0,0,60,0,0,0,60,0,0,0,60,0,0,,0,,
4417,Monster,8760,ZhenShouTangZhuangShu1,100,Đường Trang Thử trưởng thành,PetHeader4_9,55,70,Hater,1614,722,1614,722,46600,784,106,5,5,100,0,60,0,0,0,60,0,0,0,60,0,0,0,60,0,0,,0,,
4418,Monster,8761,ZhenShouTangZhuangShu,100,Đường Trang Thử Biến Dị,PetHeader4_9,55,70,Hater,1614,722,1614,722,46600,784,106,5,5,100,0,60,0,0,0,60,0,0,0,60,0,0,0,60,0,0,,0,,
4419,Monster,8762,ZhenShouTangZhuangShu2,100,Đường Trang Thử Biến Dị,PetHeader4_9,55,70,Hater,1614,722,1614,722,46600,784,106,5,5,100,0,60,0,0,0,60,0,0,0,60,0,0,0,60,0,0,,0,,
4420,Monster,8763,ZhenShouTangZhuangShu3,100,Đường Trang Thử Biến Dị,PetHeader4_9,55,70,Hater,1614,722,1614,722,46600,784,106,5,5,100,0,60,0,0,0,60,0,0,0,60,0,0,0,60,0,0,,0,,
4421,Monster,8764,ZhenShouTangZhuangShu4,100,Đường Trang Thử Biến Dị,PetHeader4_9,55,70,Hater,1614,722,1614,722,46600,784,106,5,5,100,0,60,0,0,0,60,0,0,0,60,0,0,0,60,0,0,,0,,
4422,Monster,8769,ZhenShouTangZhuangShu1,100,Đường Trang Thử Bảo Bảo,PetHeader4_9,55,70,Hater,1614,722,1614,722,46600,784,106,5,5,100,0,60,0,0,0,60,0,0,0,60,0,0,0,60,0,0,,0,,
4423,Monster,8770,ZhenShouTangZhuangShu1,100,Đường Trang Thử trưởng thành,PetHeader4_9,65,91,Hater,1905,852,1905,852,60500,1058,126,6,6,100,0,60,0,0,0,60,0,0,0,60,0,0,0,60,0,0,,0,,
4424,Monster,8771,ZhenShouTangZhuangShu,100,Đường Trang Thử Biến Dị,PetHeader4_9,65,91,Hater,1905,852,1905,852,60500,1058,126,6,6,100,0,60,0,0,0,60,0,0,0,60,0,0,0,60,0,0,,0,,
4425,Monster,8772,ZhenShouTangZhuangShu2,100,Đường Trang Thử Biến Dị,PetHeader4_9,65,91,Hater,1905,852,1905,852,60500,1058,126,6,6,100,0,60,0,0,0,60,0,0,0,60,0,0,0,60,0,0,,0,,
4426,Monster,8773,ZhenShouTangZhuangShu3,100,Đường Trang Thử Biến Dị,PetHeader4_9,65,91,Hater,1905,852,1905,852,60500,1058,126,6,6,100,0,60,0,0,0,60,0,0,0,60,0,0,0,60,0,0,,0,,
4427,Monster,8774,ZhenShouTangZhuangShu4,100,Đường Trang Thử Biến Dị,PetHeader4_9,65,91,Hater,1905,852,1905,852,60500,1058,126,6,6,100,0,60,0,0,0,60,0,0,0,60,0,0,0,60,0,0,,0,,
4428,Monster,8775,ZhenShouTangZhuangShu5,100,Đường Trang Thử Biến Dị,PetHeader4_9,65,91,Hater,1905,852,1905,852,60500,1058,126,6,6,100,0,60,0,0,0,60,0,0,0,60,0,0,0,60,0,0,,0,,
4429,Monster,8779,ZhenShouTangZhuangShu1,100,Đường Trang Thử Bảo Bảo,PetHeader4_9,65,91,Hater,1905,852,1905,852,60500,1058,126,6,6,100,0,60,0,0,0,60,0,0,0,60,0,0,0,60,0,0,,0,,
4430,Monster,8780,ZhenShouTangZhuangShu1,100,Đường Trang Thử trưởng thành,PetHeader4_9,75,113,Hater,2196,982,2196,982,76080,1372,145,7,7,100,0,60,0,0,0,60,0,0,0,60,0,0,0,60,0,0,,0,,
4431,Monster,8781,ZhenShouTangZhuangShu,100,Đường Trang Thử Biến Dị,PetHeader4_9,75,113,Hater,2196,982,2196,982,76080,1372,145,7,7,100,0,60,0,0,0,60,0,0,0,60,0,0,0,60,0,0,,0,,
4432,Monster,8782,ZhenShouTangZhuangShu2,100,Đường Trang Thử Biến Dị,PetHeader4_9,75,113,Hater,2196,982,2196,982,76080,1372,145,7,7,100,0,60,0,0,0,60,0,0,0,60,0,0,0,60,0,0,,0,,
4433,Monster,8783,ZhenShouTangZhuangShu3,100,Đường Trang Thử Biến Dị,PetHeader4_9,75,113,Hater,2196,982,2196,982,76080,1372,145,7,7,100,0,60,0,0,0,60,0,0,0,60,0,0,0,60,0,0,,0,,
4434,Monster,8784,ZhenShouTangZhuangShu4,100,Đường Trang Thử Biến Dị,PetHeader4_9,75,113,Hater,2196,982,2196,982,76080,1372,145,7,7,100,0,60,0,0,0,60,0,0,0,60,0,0,0,60,0,0,,0,,
4435,Monster,8785,ZhenShouTangZhuangShu5,100,Đường Trang Thử Biến Dị,PetHeader4_9,75,113,Hater,2196,982,2196,982,76080,1372,145,7,7,100,0,60,0,0,0,60,0,0,0,60,0,0,0,60,0,0,,0,,
4436,Monster,8786,ZhenShouTangZhuangShu6,100,Đường Trang Thử Biến Dị,PetHeader4_9,75,113,Hater,2196,982,2196,982,76080,1372,145,7,7,100,0,60,0,0,0,60,0,0,0,60,0,0,0,60,0,0,,0,,
4437,Monster,8789,ZhenShouTangZhuangShu1,100,Đường Trang Thử Bảo Bảo,PetHeader4_9,75,113,Hater,2196,982,2196,982,76080,1372,145,7,7,100,0,60,0,0,0,60,0,0,0,60,0,0,0,60,0,0,,0,,
4438,Monster,8790,ZhenShouTangZhuangShu1,100,Đường Trang Thử trưởng thành,PetHeader4_9,85,138,Hater,2487,1112,2487,1112,93340,1726,164,7,7,100,0,60,0,0,0,60,0,0,0,60,0,0,0,60,0,0,,0,,
4439,Monster,8791,ZhenShouTangZhuangShu,100,Đường Trang Thử Biến Dị,PetHeader4_9,85,138,Hater,2487,1112,2487,1112,93340,1726,164,7,7,100,0,60,0,0,0,60,0,0,0,60,0,0,0,60,0,0,,0,,
4440,Monster,8792,ZhenShouTangZhuangShu2,100,Đường Trang Thử Biến Dị,PetHeader4_9,85,138,Hater,2487,1112,2487,1112,93340,1726,164,7,7,100,0,60,0,0,0,60,0,0,0,60,0,0,0,60,0,0,,0,,
4441,Monster,8793,ZhenShouTangZhuangShu3,100,Đường Trang Thử Biến Dị,PetHeader4_9,85,138,Hater,2487,1112,2487,1112,93340,1726,164,7,7,100,0,60,0,0,0,60,0,0,0,60,0,0,0,60,0,0,,0,,
4442,Monster,8794,ZhenShouTangZhuangShu4,100,Đường Trang Thử Biến Dị,PetHeader4_9,85,138,Hater,2487,1112,2487,1112,93340,1726,164,7,7,100,0,60,0,0,0,60,0,0,0,60,0,0,0,60,0,0,,0,,
4443,Monster,8795,ZhenShouTangZhuangShu5,100,Đường Trang Thử Biến Dị,PetHeader4_9,85,138,Hater,2487,1112,2487,1112,93340,1726,164,7,7,100,0,60,0,0,0,60,0,0,0,60,0,0,0,60,0,0,,0,,
4444,Monster,8796,ZhenShouTangZhuangShu6,100,Đường Trang Thử Biến Dị,PetHeader4_9,85,138,Hater,2487,1112,2487,1112,93340,1726,164,7,7,100,0,60,0,0,0,60,0,0,0,60,0,0,0,60,0,0,,0,,
4445,Monster,8797,ZhenShouTangZhuangShu7,100,Đường Trang Thử Biến Dị,PetHeader4_9,85,138,Hater,2487,1112,2487,1112,93340,1726,164,7,7,100,0,60,0,0,0,60,0,0,0,60,0,0,0,60,0,0,,0,,
4446,Monster,8799,ZhenShouTangZhuangShu1,100,Đường Trang Thử Bảo Bảo,PetHeader4_9,85,138,Hater,2487,1112,2487,1112,93340,1726,164,7,7,100,0,60,0,0,0,60,0,0,0,60,0,0,0,60,0,0,,0,,
4447,Monster,8800,ZhenShouTangZhuangShu1,100,Đường Trang Thử trưởng thành,PetHeader4_9,95,158,Hater,3043,1243,3043,1243,112280,1927,183,8,8,100,0,60,0,0,0,60,0,0,0,60,0,0,0,60,0,0,,0,,
4448,Monster,8801,ZhenShouTangZhuangShu,100,Đường Trang Thử Biến Dị,PetHeader4_9,95,158,Hater,3043,1243,3043,1243,112280,1927,183,8,8,100,0,60,0,0,0,60,0,0,0,60,0,0,0,60,0,0,,0,,
4449,Monster,8802,ZhenShouTangZhuangShu2,100,Đường Trang Thử Biến Dị,PetHeader4_9,95,158,Hater,3043,1243,3043,1243,112280,1927,183,8,8,100,0,60,0,0,0,60,0,0,0,60,0,0,0,60,0,0,,0,,
4450,Monster,8803,ZhenShouTangZhuangShu3,100,Đường Trang Thử Biến Dị,PetHeader4_9,95,158,Hater,3043,1243,3043,1243,112280,1927,183,8,8,100,0,60,0,0,0,60,0,0,0,60,0,0,0,60,0,0,,0,,
4451,Monster,8804,ZhenShouTangZhuangShu4,100,Đường Trang Thử Biến Dị,PetHeader4_9,95,158,Hater,3043,1243,3043,1243,112280,1927,183,8,8,100,0,60,0,0,0,60,0,0,0,60,0,0,0,60,0,0,,0,,
4452,Monster,8805,ZhenShouTangZhuangShu5,100,Đường Trang Thử Biến Dị,PetHeader4_9,95,158,Hater,3043,1243,3043,1243,112280,1927,183,8,8,100,0,60,0,0,0,60,0,0,0,60,0,0,0,60,0,0,,0,,
4453,Monster,8806,ZhenShouTangZhuangShu6,100,Đường Trang Thử Biến Dị,PetHeader4_9,95,158,Hater,3043,1243,3043,1243,112280,1927,183,8,8,100,0,60,0,0,0,60,0,0,0,60,0,0,0,60,0,0,,0,,
4454,Monster,8807,ZhenShouTangZhuangShu7,100,Đường Trang Thử Biến Dị,PetHeader4_9,95,158,Hater,3043,1243,3043,1243,112280,1927,183,8,8,100,0,60,0,0,0,60,0,0,0,60,0,0,0,60,0,0,,0,,
4455,Monster,8808,ZhenShouTangZhuangShu7,100,Đường Trang Thử Biến Dị,PetHeader4_9,95,158,Hater,3043,1243,3043,1243,112280,1927,183,8,8,100,0,60,0,0,0,60,0,0,0,60,0,0,0,60,0,0,,0,,
4456,Monster,8809,ZhenShouTangZhuangShu1,100,Đường Trang Thử Bảo Bảo,PetHeader4_9,95,158,Hater,3043,1243,3043,1243,112280,1927,183,8,8,100,0,60,0,0,0,60,0,0,0,60,0,0,0,60,0,0,,0,,
4457,Monster,8810,ZhenShouNianShou1,100,Niên Thú Trưởng Thành,PetHeader4_10,35,37,Hater,983,461,983,461,23840,395,68,3,3,100,0,60,0,0,0,60,0,0,0,60,0,0,0,60,0,0,,0,,
4458,Monster,8811,ZhenShouNianShou2,100,Niên Thú Biến Dị,PetHeader4_10,35,37,Hater,983,461,983,461,23840,395,68,3,3,100,0,60,0,0,0,60,0,0,0,60,0,0,0,60,0,0,,0,,
4459,Monster,8812,ZhenShouNianShou3,100,Niên Thú Biến Dị,PetHeader4_10,35,37,Hater,983,461,983,461,23840,395,68,3,3,100,0,60,0,0,0,60,0,0,0,60,0,0,0,60,0,0,,0,,
4460,Monster,8819,ZhenShouNianShou1,100,Niên Thú Bảo Bảo,PetHeader4_10,35,37,Hater,983,461,983,461,23840,395,68,3,3,100,0,60,0,0,0,60,0,0,0,60,0,0,0,60,0,0,,0,,
4461,Monster,8820,ZhenShouNianShou1,100,Niên Thú Trưởng Thành,PetHeader4_10,45,52,Hater,1260,592,1260,592,34380,551,87,4,4,100,0,60,0,0,0,60,0,0,0,60,0,0,0,60,0,0,,0,,
4462,Monster,8821,ZhenShouNianShou2,100,Niên Thú Biến Dị,PetHeader4_10,45,52,Hater,1260,592,1260,592,34380,551,87,4,4,100,0,60,0,0,0,60,0,0,0,60,0,0,0,60,0,0,,0,,
4463,Monster,8822,ZhenShouNianShou3,100,Niên Thú Biến Dị,PetHeader4_10,45,52,Hater,1260,592,1260,592,34380,551,87,4,4,100,0,60,0,0,0,60,0,0,0,60,0,0,0,60,0,0,,0,,
4464,Monster,8823,ZhenShouNianShou4,100,Niên Thú Biến Dị,PetHeader4_10,45,52,Hater,1260,592,1260,592,34380,551,87,4,4,100,0,60,0,0,0,60,0,0,0,60,0,0,0,60,0,0,,0,,
4465,Monster,8829,ZhenShouNianShou1,100,Niên Thú Bảo Bảo,PetHeader4_10,45,52,Hater,1260,592,1260,592,34380,551,87,4,4,100,0,60,0,0,0,60,0,0,0,60,0,0,0,60,0,0,,0,,
4466,Monster,8830,ZhenShouNianShou1,100,Niên Thú Trưởng Thành,PetHeader4_10,55,70,Hater,1614,722,1614,722,46600,784,106,5,5,100,0,60,0,0,0,60,0,0,0,60,0,0,0,60,0,0,,0,,
4467,Monster,8831,ZhenShouNianShou2,100,Niên Thú Biến Dị,PetHeader4_10,55,70,Hater,1614,722,1614,722,46600,784,106,5,5,100,0,60,0,0,0,60,0,0,0,60,0,0,0,60,0,0,,0,,
4468,Monster,8832,ZhenShouNianShou3,100,Niên Thú Biến Dị,PetHeader4_10,55,70,Hater,1614,722,1614,722,46600,784,106,5,5,100,0,60,0,0,0,60,0,0,0,60,0,0,0,60,0,0,,0,,
4469,Monster,8833,ZhenShouNianShou4,100,Niên Thú Biến Dị,PetHeader4_10,55,70,Hater,1614,722,1614,722,46600,784,106,5,5,100,0,60,0,0,0,60,0,0,0,60,0,0,0,60,0,0,,0,,
4470,Monster,8834,ZhenShouNianShou5,100,Niên Thú Biến Dị,PetHeader4_10,55,70,Hater,1614,722,1614,722,46600,784,106,5,5,100,0,60,0,0,0,60,0,0,0,60,0,0,0,60,0,0,,0,,
4471,Monster,8839,ZhenShouNianShou1,100,Niên Thú Bảo Bảo,PetHeader4_10,55,70,Hater,1614,722,1614,722,46600,784,106,5,5,100,0,60,0,0,0,60,0,0,0,60,0,0,0,60,0,0,,0,,
4472,Monster,8840,ZhenShouNianShou1,100,Niên Thú Trưởng Thành,PetHeader4_10,65,91,Hater,1905,852,1905,852,60500,1058,126,6,6,100,0,60,0,0,0,60,0,0,0,60,0,0,0,60,0,0,,0,,
4473,Monster,8841,ZhenShouNianShou2,100,Niên Thú Biến Dị,PetHeader4_10,65,91,Hater,1905,852,1905,852,60500,1058,126,6,6,100,0,60,0,0,0,60,0,0,0,60,0,0,0,60,0,0,,0,,
4474,Monster,8842,ZhenShouNianShou3,100,Niên Thú Biến Dị,PetHeader4_10,65,91,Hater,1905,852,1905,852,60500,1058,126,6,6,100,0,60,0,0,0,60,0,0,0,60,0,0,0,60,0,0,,0,,
4475,Monster,8843,ZhenShouNianShou4,100,Niên Thú Biến Dị,PetHeader4_10,65,91,Hater,1905,852,1905,852,60500,1058,126,6,6,100,0,60,0,0,0,60,0,0,0,60,0,0,0,60,0,0,,0,,
4476,Monster,8844,ZhenShouNianShou5,100,Niên Thú Biến Dị,PetHeader4_10,65,91,Hater,1905,852,1905,852,60500,1058,126,6,6,100,0,60,0,0,0,60,0,0,0,60,0,0,0,60,0,0,,0,,
4477,Monster,8845,ZhenShouNianShou6,100,Niên Thú Biến Dị,PetHeader4_10,65,91,Hater,1905,852,1905,852,60500,1058,126,6,6,100,0,60,0,0,0,60,0,0,0,60,0,0,0,60,0,0,,0,,
4478,Monster,8849,ZhenShouNianShou1,100,Niên Thú Bảo Bảo,PetHeader4_10,65,91,Hater,1905,852,1905,852,60500,1058,126,6,6,100,0,60,0,0,0,60,0,0,0,60,0,0,0,60,0,0,,0,,
4479,Monster,8850,ZhenShouNianShou1,100,Niên Thú Trưởng Thành,PetHeader4_10,75,113,Hater,2196,982,2196,982,76080,1372,145,7,7,100,0,60,0,0,0,60,0,0,0,60,0,0,0,60,0,0,,0,,
4480,Monster,8851,ZhenShouNianShou2,100,Niên Thú Biến Dị,PetHeader4_10,75,113,Hater,2196,982,2196,982,76080,1372,145,7,7,100,0,60,0,0,0,60,0,0,0,60,0,0,0,60,0,0,,0,,
4481,Monster,8852,ZhenShouNianShou3,100,Niên Thú Biến Dị,PetHeader4_10,75,113,Hater,2196,982,2196,982,76080,1372,145,7,7,100,0,60,0,0,0,60,0,0,0,60,0,0,0,60,0,0,,0,,
4482,Monster,8853,ZhenShouNianShou4,100,Niên Thú Biến Dị,PetHeader4_10,75,113,Hater,2196,982,2196,982,76080,1372,145,7,7,100,0,60,0,0,0,60,0,0,0,60,0,0,0,60,0,0,,0,,
4483,Monster,8854,ZhenShouNianShou5,100,Niên Thú Biến Dị,PetHeader4_10,75,113,Hater,2196,982,2196,982,76080,1372,145,7,7,100,0,60,0,0,0,60,0,0,0,60,0,0,0,60,0,0,,0,,
4484,Monster,8855,ZhenShouNianShou6,100,Niên Thú Biến Dị,PetHeader4_10,75,113,Hater,2196,982,2196,982,76080,1372,145,7,7,100,0,60,0,0,0,60,0,0,0,60,0,0,0,60,0,0,,0,,
4485,Monster,8856,ZhenShouNianShou0,100,Niên Thú Biến Dị,PetHeader4_10,75,113,Hater,2196,982,2196,982,76080,1372,145,7,7,100,0,60,0,0,0,60,0,0,0,60,0,0,0,60,0,0,,0,,
4486,Monster,8859,ZhenShouNianShou1,100,Niên Thú Bảo Bảo,PetHeader4_10,75,113,Hater,2196,982,2196,982,76080,1372,145,7,7,100,0,60,0,0,0,60,0,0,0,60,0,0,0,60,0,0,,0,,
4487,Monster,8860,ZhenShouNianShou1,100,Niên Thú Trưởng Thành,PetHeader4_10,85,138,Hater,2487,1112,2487,1112,93340,1726,164,7,7,100,0,60,0,0,0,60,0,0,0,60,0,0,0,60,0,0,,0,,
4488,Monster,8861,ZhenShouNianShou2,100,Niên Thú Biến Dị,PetHeader4_10,85,138,Hater,2487,1112,2487,1112,93340,1726,164,7,7,100,0,60,0,0,0,60,0,0,0,60,0,0,0,60,0,0,,0,,
4489,Monster,8862,ZhenShouNianShou3,100,Niên Thú Biến Dị,PetHeader4_10,85,138,Hater,2487,1112,2487,1112,93340,1726,164,7,7,100,0,60,0,0,0,60,0,0,0,60,0,0,0,60,0,0,,0,,
4490,Monster,8863,ZhenShouNianShou4,100,Niên Thú Biến Dị,PetHeader4_10,85,138,Hater,2487,1112,2487,1112,93340,1726,164,7,7,100,0,60,0,0,0,60,0,0,0,60,0,0,0,60,0,0,,0,,
4491,Monster,8864,ZhenShouNianShou5,100,Niên Thú Biến Dị,PetHeader4_10,85,138,Hater,2487,1112,2487,1112,93340,1726,164,7,7,100,0,60,0,0,0,60,0,0,0,60,0,0,0,60,0,0,,0,,
4492,Monster,8865,ZhenShouNianShou6,100,Niên Thú Biến Dị,PetHeader4_10,85,138,Hater,2487,1112,2487,1112,93340,1726,164,7,7,100,0,60,0,0,0,60,0,0,0,60,0,0,0,60,0,0,,0,,
4493,Monster,8866,ZhenShouNianShou0,100,Niên Thú Biến Dị,PetHeader4_10,85,138,Hater,2487,1112,2487,1112,93340,1726,164,7,7,100,0,60,0,0,0,60,0,0,0,60,0,0,0,60,0,0,,0,,
4494,Monster,8867,ZhenShouNianShou7,100,Niên Thú Biến Dị,PetHeader4_10,85,138,Hater,2487,1112,2487,1112,93340,1726,164,7,7,100,0,60,0,0,0,60,0,0,0,60,0,0,0,60,0,0,,0,,
4495,Monster,8869,ZhenShouNianShou1,100,Niên Thú Bảo Bảo,PetHeader4_10,85,138,Hater,2487,1112,2487,1112,93340,1726,164,7,7,100,0,60,0,0,0,60,0,0,0,60,0,0,0,60,0,0,,0,,
4496,Monster,8870,ZhenShouNianShou1,100,Niên Thú Trưởng Thành,PetHeader4_10,95,158,Hater,3043,1243,3043,1243,112280,1927,183,8,8,100,0,60,0,0,0,60,0,0,0,60,0,0,0,60,0,0,,0,,
4497,Monster,8871,ZhenShouNianShou2,100,Niên Thú Biến Dị,PetHeader4_10,95,158,Hater,3043,1243,3043,1243,112280,1927,183,8,8,100,0,60,0,0,0,60,0,0,0,60,0,0,0,60,0,0,,0,,
4498,Monster,8872,ZhenShouNianShou3,100,Niên Thú Biến Dị,PetHeader4_10,95,158,Hater,3043,1243,3043,1243,112280,1927,183,8,8,100,0,60,0,0,0,60,0,0,0,60,0,0,0,60,0,0,,0,,
4499,Monster,8873,ZhenShouNianShou4,100,Niên Thú Biến Dị,PetHeader4_10,95,158,Hater,3043,1243,3043,1243,112280,1927,183,8,8,100,0,60,0,0,0,60,0,0,0,60,0,0,0,60,0,0,,0,,
4500,Monster,8874,ZhenShouNianShou5,100,Niên Thú Biến Dị,PetHeader4_10,95,158,Hater,3043,1243,3043,1243,112280,1927,183,8,8,100,0,60,0,0,0,60,0,0,0,60,0,0,0,60,0,0,,0,,
