RowIndex,Tag,ResName,Text,ChildrenJSON
1501,Weapon,WuQi190805TaoHuaDao102JiShenQiJianQiao_PoZhan,,"[{""Tag"":""Fx"",""Attributes"":{""Type"":""Normal"",""LifeTime"":""2"",""Position"":""0,-20,0"",""Rotation"":""0,0,0""}},{""Tag"":""Trail"",""Attributes"":{""LowerPosition"":""0,-20,0"",""UpperPosition"":""0,60,0""}},{""Tag"":""Fx"",""Attributes"":{""Type"":""Bright"",""LifeTime"":""2"",""Position"":""0,-20,0"",""Rotation"":""0,0,0"",""Radius"":""5""}}]"
1502,Weapon,WuQi190805TaoHuaDao102JiShenQiJianXiao_PoZhan,,"[{""Tag"":""Fx"",""Attributes"":{""Type"":""Normal"",""LifeTime"":""2.5"",""Position"":""0,-50,0"",""Rotation"":""0,0,0""}},{""Tag"":""Trail"",""Attributes"":{""LowerPosition"":""0,-50,0"",""UpperPosition"":""0,75,0""}},{""Tag"":""Fx"",""Attributes"":{""Type"":""Bright"",""LifeTime"":""2.5"",""Position"":""0,-50,0"",""Rotation"":""0,0,0"",""Radius"":""5""}}]"
1503,Weapon,WuQi190805TaoHuaDao102JiShengXingShenQiJian,,"[{""Tag"":""Fx"",""Attributes"":{""Type"":""Normal"",""LifeTime"":""2"",""Position"":""0,20,0"",""Rotation"":""0,0,0""}},{""Tag"":""Trail"",""Attributes"":{""LowerPosition"":""0,20,0"",""UpperPosition"":""0,100,0""}},{""Tag"":""Fx"",""Attributes"":{""Type"":""Bright"",""LifeTime"":""2"",""Position"":""0,20,0"",""Rotation"":""0,0,0"",""Radius"":""5""}}]"
1504,Weapon,WuQi190805TaoHuaDao102JiShengXingJianQiaoJianSu,,"[{""Tag"":""Fx"",""Attributes"":{""Type"":""Normal"",""LifeTime"":""2"",""Position"":""0,-20,0"",""Rotation"":""0,0,0""}},{""Tag"":""Trail"",""Attributes"":{""LowerPosition"":""0,-20,0"",""UpperPosition"":""0,60,0""}},{""Tag"":""Fx"",""Attributes"":{""Type"":""Bright"",""LifeTime"":""2"",""Position"":""0,-20,0"",""Rotation"":""0,0,0"",""Radius"":""5""}}]"
1505,Weapon,WuQi190805TaoHuaDao102JiShengXingShenQiJianXiaoJianSu,,"[{""Tag"":""Fx"",""Attributes"":{""Type"":""Normal"",""LifeTime"":""2.5"",""Position"":""0,-50,0"",""Rotation"":""0,0,0""}},{""Tag"":""Trail"",""Attributes"":{""LowerPosition"":""0,-50,0"",""UpperPosition"":""0,75,0""}},{""Tag"":""Fx"",""Attributes"":{""Type"":""Bright"",""LifeTime"":""2.5"",""Position"":""0,-50,0"",""Rotation"":""0,0,0"",""Radius"":""5""}}]"
1506,Weapon,WuQi190805TaoHuaDao102JiShengXingJianQiaoXiXie,,"[{""Tag"":""Fx"",""Attributes"":{""Type"":""Normal"",""LifeTime"":""2"",""Position"":""0,-20,0"",""Rotation"":""0,0,0""}},{""Tag"":""Trail"",""Attributes"":{""LowerPosition"":""0,-20,0"",""UpperPosition"":""0,60,0""}},{""Tag"":""Fx"",""Attributes"":{""Type"":""Bright"",""LifeTime"":""2"",""Position"":""0,-20,0"",""Rotation"":""0,0,0"",""Radius"":""5""}}]"
1507,Weapon,WuQi190805TaoHuaDao102JiShengXingShenQiJianXiaoXiXie,,"[{""Tag"":""Fx"",""Attributes"":{""Type"":""Normal"",""LifeTime"":""2.5"",""Position"":""0,-50,0"",""Rotation"":""0,0,0""}},{""Tag"":""Trail"",""Attributes"":{""LowerPosition"":""0,-50,0"",""UpperPosition"":""0,75,0""}},{""Tag"":""Fx"",""Attributes"":{""Type"":""Bright"",""LifeTime"":""2.5"",""Position"":""0,-50,0"",""Rotation"":""0,0,0"",""Radius"":""5""}}]"
1508,Weapon,WuQi190805TaoHuaDao102JiShengXingJianQiaoPoZhan,,"[{""Tag"":""Fx"",""Attributes"":{""Type"":""Normal"",""LifeTime"":""2"",""Position"":""0,-20,0"",""Rotation"":""0,0,0""}},{""Tag"":""Trail"",""Attributes"":{""LowerPosition"":""0,-20,0"",""UpperPosition"":""0,60,0""}},{""Tag"":""Fx"",""Attributes"":{""Type"":""Bright"",""LifeTime"":""2"",""Position"":""0,-20,0"",""Rotation"":""0,0,0"",""Radius"":""5""}}]"
1509,Weapon,WuQi190805TaoHuaDao102JiShengXingShenQiJianXiaoPoZhan,,"[{""Tag"":""Fx"",""Attributes"":{""Type"":""Normal"",""LifeTime"":""2.5"",""Position"":""0,-50,0"",""Rotation"":""0,0,0""}},{""Tag"":""Trail"",""Attributes"":{""LowerPosition"":""0,-50,0"",""UpperPosition"":""0,75,0""}},{""Tag"":""Fx"",""Attributes"":{""Type"":""Bright"",""LifeTime"":""2.5"",""Position"":""0,-50,0"",""Rotation"":""0,0,0"",""Radius"":""5""}}]"
1510,Weapon,WuQi190810TaoHuaDao9XingShenQiJian,,"[{""Tag"":""Fx"",""Attributes"":{""Type"":""Normal"",""LifeTime"":""2"",""Position"":""0,20,0"",""Rotation"":""0,0,0""}},{""Tag"":""Trail"",""Attributes"":{""LowerPosition"":""0,20,0"",""UpperPosition"":""0,100,0""}},{""Tag"":""Fx"",""Attributes"":{""Type"":""Bright"",""LifeTime"":""2"",""Position"":""0,20,0"",""Rotation"":""0,0,0"",""Radius"":""5""}}]"
1511,Weapon,WuQi190810TaoHuaDao9XingShenQiJianQiao_JianSu,,"[{""Tag"":""Fx"",""Attributes"":{""Type"":""Normal"",""LifeTime"":""2"",""Position"":""0,-20,0"",""Rotation"":""0,0,0""}},{""Tag"":""Trail"",""Attributes"":{""LowerPosition"":""0,-20,0"",""UpperPosition"":""0,60,0""}},{""Tag"":""Fx"",""Attributes"":{""Type"":""Bright"",""LifeTime"":""2"",""Position"":""0,-20,0"",""Rotation"":""0,0,0"",""Radius"":""5""}}]"
1512,Weapon,WuQi190810TaoHuaDao9XingShenQiJianXiao_JianSu,,"[{""Tag"":""Fx"",""Attributes"":{""Type"":""Normal"",""LifeTime"":""2.5"",""Position"":""0,-50,0"",""Rotation"":""0,0,0""}},{""Tag"":""Trail"",""Attributes"":{""LowerPosition"":""0,-50,0"",""UpperPosition"":""0,75,0""}},{""Tag"":""Fx"",""Attributes"":{""Type"":""Bright"",""LifeTime"":""2.5"",""Position"":""0,-50,0"",""Rotation"":""0,0,0"",""Radius"":""5""}}]"
1513,Weapon,WuQi191017TaoHuaDao30JiTaoJian,,"[{""Tag"":""Fx"",""Attributes"":{""Type"":""Normal"",""LifeTime"":""2"",""Position"":""0,20,0"",""Rotation"":""0,0,0""}},{""Tag"":""Trail"",""Attributes"":{""LowerPosition"":""0,20,0"",""UpperPosition"":""0,100,0""}},{""Tag"":""Fx"",""Attributes"":{""Type"":""Bright"",""LifeTime"":""2"",""Position"":""0,20,0"",""Rotation"":""0,0,0"",""Radius"":""5""}}]"
1514,Weapon,WuQi191017TaoHuaDao30JiTaoJianQiao,,"[{""Tag"":""Fx"",""Attributes"":{""Type"":""Normal"",""LifeTime"":""2"",""Position"":""0,-20,0"",""Rotation"":""0,0,0""}},{""Tag"":""Trail"",""Attributes"":{""LowerPosition"":""0,-20,0"",""UpperPosition"":""0,60,0""}},{""Tag"":""Fx"",""Attributes"":{""Type"":""Bright"",""LifeTime"":""2"",""Position"":""0,-20,0"",""Rotation"":""0,0,0"",""Radius"":""5""}}]"
1515,Weapon,WuQi191017TaoHuaDao30JiTaoJianXiao,,"[{""Tag"":""Fx"",""Attributes"":{""Type"":""Normal"",""LifeTime"":""2.5"",""Position"":""0,-50,0"",""Rotation"":""0,0,0""}},{""Tag"":""Trail"",""Attributes"":{""LowerPosition"":""0,-50,0"",""UpperPosition"":""0,75,0""}},{""Tag"":""Fx"",""Attributes"":{""Type"":""Bright"",""LifeTime"":""2.5"",""Position"":""0,-50,0"",""Rotation"":""0,0,0"",""Radius"":""5""}}]"
1516,Weapon,WuQi191007TaoHuaDao60JiTaoZhuangJian,,"[{""Tag"":""Fx"",""Attributes"":{""Type"":""Normal"",""LifeTime"":""1.5"",""Position"":""0,20,0"",""Rotation"":""0,0,0""}},{""Tag"":""Trail"",""Attributes"":{""LowerPosition"":""0,20,0"",""UpperPosition"":""0,100,0""}},{""Tag"":""Fx"",""Attributes"":{""Type"":""Bright"",""LifeTime"":""1.5"",""Position"":""0,20,0"",""Rotation"":""0,0,0"",""Radius"":""5""}}]"
1517,Weapon,WuQi191007TaoHuaDao60JiTaoZhuangQiao,,"[{""Tag"":""Fx"",""Attributes"":{""Type"":""Normal"",""LifeTime"":""1.5"",""Position"":""0,-15,-5"",""Rotation"":""35,0,0""}},{""Tag"":""Trail"",""Attributes"":{""LowerPosition"":""0,-15,-5"",""UpperPosition"":""0,50,35""}},{""Tag"":""Fx"",""Attributes"":{""Type"":""Bright"",""LifeTime"":""1.5"",""Position"":""0,-15,-5"",""Rotation"":""35,0,0"",""Radius"":""5""}}]"
1518,Weapon,WuQi191007TaoHuaDao60JiTaoZhuangXiao,,"[{""Tag"":""Fx"",""Attributes"":{""Type"":""Normal"",""LifeTime"":""2.5"",""Position"":""0,-50,0"",""Rotation"":""0,0,0""}},{""Tag"":""Trail"",""Attributes"":{""LowerPosition"":""0,-50,0"",""UpperPosition"":""0,75,0""}},{""Tag"":""Fx"",""Attributes"":{""Type"":""Bright"",""LifeTime"":""2.5"",""Position"":""0,-50,0"",""Rotation"":""0,0,0"",""Radius"":""5""}}]"
1519,Weapon,WuQi191009TaoHuaDao90JiTaoZhuangJian,,"[{""Tag"":""Fx"",""Attributes"":{""Type"":""Normal"",""LifeTime"":""1.5"",""Position"":""0,20,0"",""Rotation"":""0,0,0""}},{""Tag"":""Trail"",""Attributes"":{""LowerPosition"":""0,20,0"",""UpperPosition"":""0,100,0""}},{""Tag"":""Fx"",""Attributes"":{""Type"":""Bright"",""LifeTime"":""1.5"",""Position"":""0,20,0"",""Rotation"":""0,0,0"",""Radius"":""5""}}]"
1520,Weapon,WuQi191009TaoHuaDao90JiTaoZhuangQiao,,"[{""Tag"":""Fx"",""Attributes"":{""Type"":""Normal"",""LifeTime"":""1.5"",""Position"":""0,-20,0"",""Rotation"":""0,0,0""}},{""Tag"":""Trail"",""Attributes"":{""LowerPosition"":""0,-20,0"",""UpperPosition"":""0,55,0""}},{""Tag"":""Fx"",""Attributes"":{""Type"":""Bright"",""LifeTime"":""1.5"",""Position"":""0,-20,0"",""Rotation"":""0,0,0"",""Radius"":""5""}}]"
1521,Weapon,WuQi191009TaoHuaDao90JiTaoZhuangXiao,,"[{""Tag"":""Fx"",""Attributes"":{""Type"":""Normal"",""LifeTime"":""2.5"",""Position"":""0,-50,0"",""Rotation"":""0,0,0""}},{""Tag"":""Trail"",""Attributes"":{""LowerPosition"":""0,-50,0"",""UpperPosition"":""0,75,0""}},{""Tag"":""Fx"",""Attributes"":{""Type"":""Bright"",""LifeTime"":""2.5"",""Position"":""0,-50,0"",""Rotation"":""0,0,0"",""Radius"":""5""}}]"
1522,Weapon,WuQi191009TaoHuaDao100JiTaoZhuangJian,,"[{""Tag"":""Fx"",""Attributes"":{""Type"":""Normal"",""LifeTime"":""1.5"",""Position"":""0,-20,0"",""Rotation"":""0,0,0""}},{""Tag"":""Trail"",""Attributes"":{""LowerPosition"":""0,-20,0"",""UpperPosition"":""0,55,0""}},{""Tag"":""Fx"",""Attributes"":{""Type"":""Bright"",""LifeTime"":""1.5"",""Position"":""0,-20,0"",""Rotation"":""0,0,0"",""Radius"":""5""}}]"
1523,Weapon,WuQi191009TaoHuaDao100JiTaoZhuangQiao,,"[{""Tag"":""Fx"",""Attributes"":{""Type"":""Normal"",""LifeTime"":""1.5"",""Position"":""0,-20,0"",""Rotation"":""0,0,0""}},{""Tag"":""Trail"",""Attributes"":{""LowerPosition"":""0,-20,0"",""UpperPosition"":""0,55,0""}},{""Tag"":""Fx"",""Attributes"":{""Type"":""Bright"",""LifeTime"":""1.5"",""Position"":""0,-20,0"",""Rotation"":""0,0,0"",""Radius"":""5""}}]"
1524,Weapon,WuQi191009TaoHuaDao100JiTaoZhuangXiao,,"[{""Tag"":""Fx"",""Attributes"":{""Type"":""Normal"",""LifeTime"":""2.5"",""Position"":""0,-50,0"",""Rotation"":""0,0,0""}},{""Tag"":""Trail"",""Attributes"":{""LowerPosition"":""0,-50,0"",""UpperPosition"":""0,75,0""}},{""Tag"":""Fx"",""Attributes"":{""Type"":""Bright"",""LifeTime"":""2.5"",""Position"":""0,-50,0"",""Rotation"":""0,0,0"",""Radius"":""5""}}]"
1525,Weapon,WuQi190930TaoHuaDaoYanHouTaoJian,,"[{""Tag"":""Fx"",""Attributes"":{""Type"":""Normal"",""LifeTime"":""1.5"",""Position"":""0,20,0"",""Rotation"":""0,0,0""}},{""Tag"":""Trail"",""Attributes"":{""LowerPosition"":""0,20,0"",""UpperPosition"":""0,100,0""}},{""Tag"":""Fx"",""Attributes"":{""Type"":""Bright"",""LifeTime"":""1.5"",""Position"":""0,20,0"",""Rotation"":""0,0,0"",""Radius"":""5""}}]"
1526,Weapon,WuQi190930TaoHuaDaoYanHouTaoJianQiao,,"[{""Tag"":""Fx"",""Attributes"":{""Type"":""Normal"",""LifeTime"":""1.5"",""Position"":""0,-20,0"",""Rotation"":""0,0,0""}},{""Tag"":""Trail"",""Attributes"":{""LowerPosition"":""0,-20,0"",""UpperPosition"":""0,55,0""}},{""Tag"":""Fx"",""Attributes"":{""Type"":""Bright"",""LifeTime"":""1.5"",""Position"":""0,-20,0"",""Rotation"":""0,0,0"",""Radius"":""5""}}]"
1527,Weapon,WuQi190930TaoHuaDaoYanHouTaoJianXiao,,"[{""Tag"":""Fx"",""Attributes"":{""Type"":""Normal"",""LifeTime"":""2.5"",""Position"":""0,-50,0"",""Rotation"":""0,0,0""}},{""Tag"":""Trail"",""Attributes"":{""LowerPosition"":""0,-50,0"",""UpperPosition"":""0,75,0""}},{""Tag"":""Fx"",""Attributes"":{""Type"":""Bright"",""LifeTime"":""2.5"",""Position"":""0,-50,0"",""Rotation"":""0,0,0"",""Radius"":""5""}}]"
1528,Weapon,WuQi191011TaoHuaDaoPuTongWuQiHaoLingTaoJian,,"[{""Tag"":""Fx"",""Attributes"":{""Type"":""Normal"",""LifeTime"":""1.5"",""Position"":""0,20,0"",""Rotation"":""0,0,0""}},{""Tag"":""Trail"",""Attributes"":{""LowerPosition"":""0,20,0"",""UpperPosition"":""0,100,0""}},{""Tag"":""Fx"",""Attributes"":{""Type"":""Bright"",""LifeTime"":""1.5"",""Position"":""0,20,0"",""Rotation"":""0,0,0"",""Radius"":""5""}}]"
1529,Weapon,WuQi191011TaoHuaDaoPuTongWuQiHaoLingTaoJianQiao,,"[{""Tag"":""Fx"",""Attributes"":{""Type"":""Normal"",""LifeTime"":""1.5"",""Position"":""0,-20,0"",""Rotation"":""0,0,0""}},{""Tag"":""Trail"",""Attributes"":{""LowerPosition"":""0,-20,0"",""UpperPosition"":""0,55,0""}},{""Tag"":""Fx"",""Attributes"":{""Type"":""Bright"",""LifeTime"":""1.5"",""Position"":""0,-20,0"",""Rotation"":""0,0,0"",""Radius"":""5""}}]"
1530,Weapon,WuQi191011TaoHuaDaoPuTongWuQiHaoLingTaoJianXiao,,"[{""Tag"":""Fx"",""Attributes"":{""Type"":""Normal"",""LifeTime"":""2.5"",""Position"":""0,-50,0"",""Rotation"":""0,0,0""}},{""Tag"":""Trail"",""Attributes"":{""LowerPosition"":""0,-50,0"",""UpperPosition"":""0,75,0""}},{""Tag"":""Fx"",""Attributes"":{""Type"":""Bright"",""LifeTime"":""2.5"",""Position"":""0,-50,0"",""Rotation"":""0,0,0"",""Radius"":""5""}}]"
1531,Weapon,WuQi191002TaoHuaDaoChiLianTaoJian,,"[{""Tag"":""Fx"",""Attributes"":{""Type"":""Normal"",""LifeTime"":""1.5"",""Position"":""0,20,0"",""Rotation"":""0,0,0""}},{""Tag"":""Trail"",""Attributes"":{""LowerPosition"":""0,20,0"",""UpperPosition"":""0,100,0""}},{""Tag"":""Fx"",""Attributes"":{""Type"":""Bright"",""LifeTime"":""1.5"",""Position"":""0,20,0"",""Rotation"":""0,0,0"",""Radius"":""5""}}]"
1532,Weapon,WuQi191002TaoHuaDaoChiLianTaoQiao,,"[{""Tag"":""Fx"",""Attributes"":{""Type"":""Normal"",""LifeTime"":""1.5"",""Position"":""0,-20,0"",""Rotation"":""0,0,0""}},{""Tag"":""Trail"",""Attributes"":{""LowerPosition"":""0,-20,0"",""UpperPosition"":""0,55,0""}},{""Tag"":""Fx"",""Attributes"":{""Type"":""Bright"",""LifeTime"":""1.5"",""Position"":""0,-20,0"",""Rotation"":""0,0,0"",""Radius"":""5""}}]"
1533,Weapon,WuQi191002TaoHuaDaoChiLianTaoXiao,,"[{""Tag"":""Fx"",""Attributes"":{""Type"":""Normal"",""LifeTime"":""2.5"",""Position"":""0,-50,0"",""Rotation"":""0,0,0""}},{""Tag"":""Trail"",""Attributes"":{""LowerPosition"":""0,-50,0"",""UpperPosition"":""0,75,0""}},{""Tag"":""Fx"",""Attributes"":{""Type"":""Bright"",""LifeTime"":""2.5"",""Position"":""0,-50,0"",""Rotation"":""0,0,0"",""Radius"":""5""}}]"
1534,Weapon,WuQi191001TaoHuaDaoQinWuWaiGongTaoJian,,"[{""Tag"":""Fx"",""Attributes"":{""Type"":""Normal"",""LifeTime"":""1.5"",""Position"":""0,20,0"",""Rotation"":""0,0,0""}},{""Tag"":""Trail"",""Attributes"":{""LowerPosition"":""0,20,0"",""UpperPosition"":""0,100,0""}},{""Tag"":""Fx"",""Attributes"":{""Type"":""Bright"",""LifeTime"":""1.5"",""Position"":""0,20,0"",""Rotation"":""0,0,0"",""Radius"":""5""}}]"
1535,Weapon,WuQi191001TaoHuaDaoQinWuWaiGongTaoQiao,,"[{""Tag"":""Fx"",""Attributes"":{""Type"":""Normal"",""LifeTime"":""1.5"",""Position"":""0,-20,0"",""Rotation"":""0,0,0""}},{""Tag"":""Trail"",""Attributes"":{""LowerPosition"":""0,-20,0"",""UpperPosition"":""0,55,0""}},{""Tag"":""Fx"",""Attributes"":{""Type"":""Bright"",""LifeTime"":""1.5"",""Position"":""0,-20,0"",""Rotation"":""0,0,0"",""Radius"":""5""}}]"
1536,Weapon,WuQi191001TaoHuaDaoQinWuWaiGongTaoXiao,,"[{""Tag"":""Fx"",""Attributes"":{""Type"":""Normal"",""LifeTime"":""2.5"",""Position"":""0,-50,0"",""Rotation"":""0,0,0""}},{""Tag"":""Trail"",""Attributes"":{""LowerPosition"":""0,-50,0"",""UpperPosition"":""0,75,0""}},{""Tag"":""Fx"",""Attributes"":{""Type"":""Bright"",""LifeTime"":""2.5"",""Position"":""0,-50,0"",""Rotation"":""0,0,0"",""Radius"":""5""}}]"
1537,Weapon,WuQi191001TaoHuaDaoQinWuNeiGongTaoJian,,"[{""Tag"":""Fx"",""Attributes"":{""Type"":""Normal"",""LifeTime"":""1.5"",""Position"":""0,20,0"",""Rotation"":""0,0,0""}},{""Tag"":""Trail"",""Attributes"":{""LowerPosition"":""0,20,0"",""UpperPosition"":""0,100,0""}},{""Tag"":""Fx"",""Attributes"":{""Type"":""Bright"",""LifeTime"":""1.5"",""Position"":""0,20,0"",""Rotation"":""0,0,0"",""Radius"":""5""}}]"
1538,Weapon,WuQi191001TaoHuaDaoQinWuNeiGongTaoJianQiao,,"[{""Tag"":""Fx"",""Attributes"":{""Type"":""Normal"",""LifeTime"":""1.5"",""Position"":""0,-20,0"",""Rotation"":""0,0,0""}},{""Tag"":""Trail"",""Attributes"":{""LowerPosition"":""0,-20,0"",""UpperPosition"":""0,55,0""}},{""Tag"":""Fx"",""Attributes"":{""Type"":""Bright"",""LifeTime"":""1.5"",""Position"":""0,-20,0"",""Rotation"":""0,0,0"",""Radius"":""5""}}]"
1539,Weapon,WuQi191001TaoHuaDaoQinWuNeiGongTaoJianXiao,,"[{""Tag"":""Fx"",""Attributes"":{""Type"":""Normal"",""LifeTime"":""2.5"",""Position"":""0,-50,0"",""Rotation"":""0,0,0""}},{""Tag"":""Trail"",""Attributes"":{""LowerPosition"":""0,-50,0"",""UpperPosition"":""0,75,0""}},{""Tag"":""Fx"",""Attributes"":{""Type"":""Bright"",""LifeTime"":""2.5"",""Position"":""0,-50,0"",""Rotation"":""0,0,0"",""Radius"":""5""}}]"
1540,Weapon,WuQi190928TaoHuaDaoJiaChuanWuQi01Jian,,"[{""Tag"":""Fx"",""Attributes"":{""Type"":""Normal"",""LifeTime"":""1.5"",""Position"":""0,20,0"",""Rotation"":""0,0,0""}},{""Tag"":""Trail"",""Attributes"":{""LowerPosition"":""0,20,0"",""UpperPosition"":""0,100,0""}},{""Tag"":""Fx"",""Attributes"":{""Type"":""Bright"",""LifeTime"":""1.5"",""Position"":""0,20,0"",""Rotation"":""0,0,0"",""Radius"":""5""}}]"
1541,Weapon,WuQi190928TaoHuaDaoJiaChuanWuQi01JianQiao,,"[{""Tag"":""Fx"",""Attributes"":{""Type"":""Normal"",""LifeTime"":""1.5"",""Position"":""0,-20,0"",""Rotation"":""0,0,0""}},{""Tag"":""Trail"",""Attributes"":{""LowerPosition"":""0,-20,0"",""UpperPosition"":""0,55,0""}},{""Tag"":""Fx"",""Attributes"":{""Type"":""Bright"",""LifeTime"":""1.5"",""Position"":""0,-20,0"",""Rotation"":""0,0,0"",""Radius"":""5""}}]"
1542,Weapon,WuQi190928TaoHuaDaoJiaChuanWuQi01JianXiao,,"[{""Tag"":""Fx"",""Attributes"":{""Type"":""Normal"",""LifeTime"":""2.5"",""Position"":""0,-50,0"",""Rotation"":""0,0,0""}},{""Tag"":""Trail"",""Attributes"":{""LowerPosition"":""0,-50,0"",""UpperPosition"":""0,75,0""}},{""Tag"":""Fx"",""Attributes"":{""Type"":""Bright"",""LifeTime"":""2.5"",""Position"":""0,-50,0"",""Rotation"":""0,0,0"",""Radius"":""5""}}]"
1543,Weapon,WuQi190928TaoHuaDaoPuTongWuQi01Jian,,"[{""Tag"":""Fx"",""Attributes"":{""Type"":""Normal"",""LifeTime"":""1.5"",""Position"":""0,20,0"",""Rotation"":""0,0,0""}},{""Tag"":""Trail"",""Attributes"":{""LowerPosition"":""0,20,0"",""UpperPosition"":""0,100,0""}},{""Tag"":""Fx"",""Attributes"":{""Type"":""Bright"",""LifeTime"":""1.5"",""Position"":""0,20,0"",""Rotation"":""0,0,0"",""Radius"":""5""}}]"
1544,Weapon,WuQi190928TaoHuaDaoPuTongWuQi01JianQiao,,"[{""Tag"":""Fx"",""Attributes"":{""Type"":""Normal"",""LifeTime"":""1.5"",""Position"":""0,-20,0"",""Rotation"":""0,0,0""}},{""Tag"":""Trail"",""Attributes"":{""LowerPosition"":""0,-20,0"",""UpperPosition"":""0,55,0""}},{""Tag"":""Fx"",""Attributes"":{""Type"":""Bright"",""LifeTime"":""1.5"",""Position"":""0,-20,0"",""Rotation"":""0,0,0"",""Radius"":""5""}}]"
1545,Weapon,WuQi190928TaoHuaDaoPuTongWuQi01JianXiao,,"[{""Tag"":""Fx"",""Attributes"":{""Type"":""Normal"",""LifeTime"":""2.5"",""Position"":""0,-50,0"",""Rotation"":""0,0,0""}},{""Tag"":""Trail"",""Attributes"":{""LowerPosition"":""0,-50,0"",""UpperPosition"":""0,75,0""}},{""Tag"":""Fx"",""Attributes"":{""Type"":""Bright"",""LifeTime"":""2.5"",""Position"":""0,-50,0"",""Rotation"":""0,0,0"",""Radius"":""5""}}]"
1546,Weapon,WuQi190928TaoHuaDaoPuTongWuQi01_01Jian,,"[{""Tag"":""Fx"",""Attributes"":{""Type"":""Normal"",""LifeTime"":""1.5"",""Position"":""0,20,0"",""Rotation"":""0,0,0""}},{""Tag"":""Trail"",""Attributes"":{""LowerPosition"":""0,20,0"",""UpperPosition"":""0,100,0""}},{""Tag"":""Fx"",""Attributes"":{""Type"":""Bright"",""LifeTime"":""1.5"",""Position"":""0,20,0"",""Rotation"":""0,0,0"",""Radius"":""5""}}]"
1547,Weapon,WuQi190928TaoHuaDaoPuTongWuQi01_01JianQiao,,"[{""Tag"":""Fx"",""Attributes"":{""Type"":""Normal"",""LifeTime"":""1.5"",""Position"":""0,-20,0"",""Rotation"":""0,0,0""}},{""Tag"":""Trail"",""Attributes"":{""LowerPosition"":""0,-20,0"",""UpperPosition"":""0,55,0""}},{""Tag"":""Fx"",""Attributes"":{""Type"":""Bright"",""LifeTime"":""1.5"",""Position"":""0,-20,0"",""Rotation"":""0,0,0"",""Radius"":""5""}}]"
1548,Weapon,WuQi190928TaoHuaDaoPuTongWuQi01_01JianXiao,,"[{""Tag"":""Fx"",""Attributes"":{""Type"":""Normal"",""LifeTime"":""2.5"",""Position"":""0,-50,0"",""Rotation"":""0,0,0""}},{""Tag"":""Trail"",""Attributes"":{""LowerPosition"":""0,-50,0"",""UpperPosition"":""0,75,0""}},{""Tag"":""Fx"",""Attributes"":{""Type"":""Bright"",""LifeTime"":""2.5"",""Position"":""0,-50,0"",""Rotation"":""0,0,0"",""Radius"":""5""}}]"
1549,Weapon,WuQi190928TaoHuaDaoPuTongWuQi01_02Jian,,"[{""Tag"":""Fx"",""Attributes"":{""Type"":""Normal"",""LifeTime"":""1.5"",""Position"":""0,20,0"",""Rotation"":""0,0,0""}},{""Tag"":""Trail"",""Attributes"":{""LowerPosition"":""0,20,0"",""UpperPosition"":""0,100,0""}},{""Tag"":""Fx"",""Attributes"":{""Type"":""Bright"",""LifeTime"":""1.5"",""Position"":""0,20,0"",""Rotation"":""0,0,0"",""Radius"":""5""}}]"
1550,Weapon,WuQi190928TaoHuaDaoPuTongWuQi01_02JianQiao,,"[{""Tag"":""Fx"",""Attributes"":{""Type"":""Normal"",""LifeTime"":""1.5"",""Position"":""0,-20,0"",""Rotation"":""0,0,0""}},{""Tag"":""Trail"",""Attributes"":{""LowerPosition"":""0,-20,0"",""UpperPosition"":""0,55,0""}},{""Tag"":""Fx"",""Attributes"":{""Type"":""Bright"",""LifeTime"":""1.5"",""Position"":""0,-20,0"",""Rotation"":""0,0,0"",""Radius"":""5""}}]"
1551,Weapon,WuQi190928TaoHuaDaoPuTongWuQi01_02JianXiao,,"[{""Tag"":""Fx"",""Attributes"":{""Type"":""Normal"",""LifeTime"":""2.5"",""Position"":""0,-50,0"",""Rotation"":""0,0,0""}},{""Tag"":""Trail"",""Attributes"":{""LowerPosition"":""0,-50,0"",""UpperPosition"":""0,75,0""}},{""Tag"":""Fx"",""Attributes"":{""Type"":""Bright"",""LifeTime"":""2.5"",""Position"":""0,-50,0"",""Rotation"":""0,0,0"",""Radius"":""5""}}]"
1552,Weapon,WuQi190928TaoHuaDaoPuTongWuQi01_03Jian,,"[{""Tag"":""Fx"",""Attributes"":{""Type"":""Normal"",""LifeTime"":""1.5"",""Position"":""0,20,0"",""Rotation"":""0,0,0""}},{""Tag"":""Trail"",""Attributes"":{""LowerPosition"":""0,20,0"",""UpperPosition"":""0,100,0""}},{""Tag"":""Fx"",""Attributes"":{""Type"":""Bright"",""LifeTime"":""1.5"",""Position"":""0,20,0"",""Rotation"":""0,0,0"",""Radius"":""5""}}]"
1553,Weapon,WuQi190928TaoHuaDaoPuTongWuQi01_03JianQiao,,"[{""Tag"":""Fx"",""Attributes"":{""Type"":""Normal"",""LifeTime"":""1.5"",""Position"":""0,-20,0"",""Rotation"":""0,0,0""}},{""Tag"":""Trail"",""Attributes"":{""LowerPosition"":""0,-20,0"",""UpperPosition"":""0,55,0""}},{""Tag"":""Fx"",""Attributes"":{""Type"":""Bright"",""LifeTime"":""1.5"",""Position"":""0,-20,0"",""Rotation"":""0,0,0"",""Radius"":""5""}}]"
1554,Weapon,WuQi190928TaoHuaDaoPuTongWuQi01_03JianXiao,,"[{""Tag"":""Fx"",""Attributes"":{""Type"":""Normal"",""LifeTime"":""2.5"",""Position"":""0,-50,0"",""Rotation"":""0,0,0""}},{""Tag"":""Trail"",""Attributes"":{""LowerPosition"":""0,-50,0"",""UpperPosition"":""0,75,0""}},{""Tag"":""Fx"",""Attributes"":{""Type"":""Bright"",""LifeTime"":""2.5"",""Position"":""0,-50,0"",""Rotation"":""0,0,0"",""Radius"":""5""}}]"
1555,Weapon,WuQi190928TaoHuaDaoPuTongWuQi01_04Jian,,"[{""Tag"":""Fx"",""Attributes"":{""Type"":""Normal"",""LifeTime"":""1.5"",""Position"":""0,20,0"",""Rotation"":""0,0,0""}},{""Tag"":""Trail"",""Attributes"":{""LowerPosition"":""0,20,0"",""UpperPosition"":""0,100,0""}},{""Tag"":""Fx"",""Attributes"":{""Type"":""Bright"",""LifeTime"":""1.5"",""Position"":""0,20,0"",""Rotation"":""0,0,0"",""Radius"":""5""}}]"
1556,Weapon,WuQi190928TaoHuaDaoPuTongWuQi01_04JianQiao,,"[{""Tag"":""Fx"",""Attributes"":{""Type"":""Normal"",""LifeTime"":""1.5"",""Position"":""0,-20,0"",""Rotation"":""0,0,0""}},{""Tag"":""Trail"",""Attributes"":{""LowerPosition"":""0,-20,0"",""UpperPosition"":""0,55,0""}},{""Tag"":""Fx"",""Attributes"":{""Type"":""Bright"",""LifeTime"":""1.5"",""Position"":""0,-20,0"",""Rotation"":""0,0,0"",""Radius"":""5""}}]"
1557,Weapon,WuQi190928TaoHuaDaoPuTongWuQi01_04JianXiao,,"[{""Tag"":""Fx"",""Attributes"":{""Type"":""Normal"",""LifeTime"":""2.5"",""Position"":""0,-50,0"",""Rotation"":""0,0,0""}},{""Tag"":""Trail"",""Attributes"":{""LowerPosition"":""0,-50,0"",""UpperPosition"":""0,75,0""}},{""Tag"":""Fx"",""Attributes"":{""Type"":""Bright"",""LifeTime"":""2.5"",""Position"":""0,-50,0"",""Rotation"":""0,0,0"",""Radius"":""5""}}]"
1558,Weapon,WuQi190928TaoHuaDaoPuTongWuQi02Jian,,"[{""Tag"":""Fx"",""Attributes"":{""Type"":""Normal"",""LifeTime"":""1.5"",""Position"":""0,20,0"",""Rotation"":""0,0,0""}},{""Tag"":""Trail"",""Attributes"":{""LowerPosition"":""0,20,0"",""UpperPosition"":""0,100,0""}},{""Tag"":""Fx"",""Attributes"":{""Type"":""Bright"",""LifeTime"":""1.5"",""Position"":""0,20,0"",""Rotation"":""0,0,0"",""Radius"":""5""}}]"
1559,Weapon,WuQi190928TaoHuaDaoPuTongWuQi02JianQiao,,"[{""Tag"":""Fx"",""Attributes"":{""Type"":""Normal"",""LifeTime"":""1.5"",""Position"":""0,-20,0"",""Rotation"":""0,0,0""}},{""Tag"":""Trail"",""Attributes"":{""LowerPosition"":""0,-20,0"",""UpperPosition"":""0,55,0""}},{""Tag"":""Fx"",""Attributes"":{""Type"":""Bright"",""LifeTime"":""1.5"",""Position"":""0,-20,0"",""Rotation"":""0,0,0"",""Radius"":""5""}}]"
1560,Weapon,WuQi190928TaoHuaDaoPuTongWuQi02JianXiao,,"[{""Tag"":""Fx"",""Attributes"":{""Type"":""Normal"",""LifeTime"":""2.5"",""Position"":""0,-50,0"",""Rotation"":""0,0,0""}},{""Tag"":""Trail"",""Attributes"":{""LowerPosition"":""0,-50,0"",""UpperPosition"":""0,75,0""}},{""Tag"":""Fx"",""Attributes"":{""Type"":""Bright"",""LifeTime"":""2.5"",""Position"":""0,-50,0"",""Rotation"":""0,0,0"",""Radius"":""5""}}]"
1561,Weapon,WuQi190928TaoHuaDaoPuTongWuQi02_01Jian,,"[{""Tag"":""Fx"",""Attributes"":{""Type"":""Normal"",""LifeTime"":""1.5"",""Position"":""0,20,0"",""Rotation"":""0,0,0""}},{""Tag"":""Trail"",""Attributes"":{""LowerPosition"":""0,20,0"",""UpperPosition"":""0,100,0""}},{""Tag"":""Fx"",""Attributes"":{""Type"":""Bright"",""LifeTime"":""1.5"",""Position"":""0,20,0"",""Rotation"":""0,0,0"",""Radius"":""5""}}]"
1562,Weapon,WuQi190928TaoHuaDaoPuTongWuQi02_01JianQiao,,"[{""Tag"":""Fx"",""Attributes"":{""Type"":""Normal"",""LifeTime"":""1.5"",""Position"":""0,-20,0"",""Rotation"":""0,0,0""}},{""Tag"":""Trail"",""Attributes"":{""LowerPosition"":""0,-20,0"",""UpperPosition"":""0,55,0""}},{""Tag"":""Fx"",""Attributes"":{""Type"":""Bright"",""LifeTime"":""1.5"",""Position"":""0,-20,0"",""Rotation"":""0,0,0"",""Radius"":""5""}}]"
1563,Weapon,WuQi190928TaoHuaDaoPuTongWuQi02_01JianXiao,,"[{""Tag"":""Fx"",""Attributes"":{""Type"":""Normal"",""LifeTime"":""2.5"",""Position"":""0,-50,0"",""Rotation"":""0,0,0""}},{""Tag"":""Trail"",""Attributes"":{""LowerPosition"":""0,-50,0"",""UpperPosition"":""0,75,0""}},{""Tag"":""Fx"",""Attributes"":{""Type"":""Bright"",""LifeTime"":""2.5"",""Position"":""0,-50,0"",""Rotation"":""0,0,0"",""Radius"":""5""}}]"
1564,Weapon,WuQi190928TaoHuaDaoPuTongWuQi02_02Jian,,"[{""Tag"":""Fx"",""Attributes"":{""Type"":""Normal"",""LifeTime"":""1.5"",""Position"":""0,20,0"",""Rotation"":""0,0,0""}},{""Tag"":""Trail"",""Attributes"":{""LowerPosition"":""0,20,0"",""UpperPosition"":""0,100,0""}},{""Tag"":""Fx"",""Attributes"":{""Type"":""Bright"",""LifeTime"":""1.5"",""Position"":""0,20,0"",""Rotation"":""0,0,0"",""Radius"":""5""}}]"
1565,Weapon,WuQi190928TaoHuaDaoPuTongWuQi02_02JianQiao,,"[{""Tag"":""Fx"",""Attributes"":{""Type"":""Normal"",""LifeTime"":""1.5"",""Position"":""0,-20,0"",""Rotation"":""0,0,0""}},{""Tag"":""Trail"",""Attributes"":{""LowerPosition"":""0,-20,0"",""UpperPosition"":""0,55,0""}},{""Tag"":""Fx"",""Attributes"":{""Type"":""Bright"",""LifeTime"":""1.5"",""Position"":""0,-20,0"",""Rotation"":""0,0,0"",""Radius"":""5""}}]"
1566,Weapon,WuQi190928TaoHuaDaoPuTongWuQi02_02JianXiao,,"[{""Tag"":""Fx"",""Attributes"":{""Type"":""Normal"",""LifeTime"":""2.5"",""Position"":""0,-50,0"",""Rotation"":""0,0,0""}},{""Tag"":""Trail"",""Attributes"":{""LowerPosition"":""0,-50,0"",""UpperPosition"":""0,75,0""}},{""Tag"":""Fx"",""Attributes"":{""Type"":""Bright"",""LifeTime"":""2.5"",""Position"":""0,-50,0"",""Rotation"":""0,0,0"",""Radius"":""5""}}]"
1567,Weapon,WuQi190928TaoHuaDaoPuTongWuQi02_03Jian,,"[{""Tag"":""Fx"",""Attributes"":{""Type"":""Normal"",""LifeTime"":""1.5"",""Position"":""0,20,0"",""Rotation"":""0,0,0""}},{""Tag"":""Trail"",""Attributes"":{""LowerPosition"":""0,20,0"",""UpperPosition"":""0,100,0""}},{""Tag"":""Fx"",""Attributes"":{""Type"":""Bright"",""LifeTime"":""1.5"",""Position"":""0,20,0"",""Rotation"":""0,0,0"",""Radius"":""5""}}]"
1568,Weapon,WuQi190928TaoHuaDaoPuTongWuQi02_03JianQiao,,"[{""Tag"":""Fx"",""Attributes"":{""Type"":""Normal"",""LifeTime"":""1.5"",""Position"":""0,-20,0"",""Rotation"":""0,0,0""}},{""Tag"":""Trail"",""Attributes"":{""LowerPosition"":""0,-20,0"",""UpperPosition"":""0,55,0""}},{""Tag"":""Fx"",""Attributes"":{""Type"":""Bright"",""LifeTime"":""1.5"",""Position"":""0,-20,0"",""Rotation"":""0,0,0"",""Radius"":""5""}}]"
1569,Weapon,WuQi190928TaoHuaDaoPuTongWuQi02_03JianXiao,,"[{""Tag"":""Fx"",""Attributes"":{""Type"":""Normal"",""LifeTime"":""2.5"",""Position"":""0,-50,0"",""Rotation"":""0,0,0""}},{""Tag"":""Trail"",""Attributes"":{""LowerPosition"":""0,-50,0"",""UpperPosition"":""0,75,0""}},{""Tag"":""Fx"",""Attributes"":{""Type"":""Bright"",""LifeTime"":""2.5"",""Position"":""0,-50,0"",""Rotation"":""0,0,0"",""Radius"":""5""}}]"
1570,Weapon,WuQi190928TaoHuaDaoPuTongWuQi02_04Jian,,"[{""Tag"":""Fx"",""Attributes"":{""Type"":""Normal"",""LifeTime"":""1.5"",""Position"":""0,20,0"",""Rotation"":""0,0,0""}},{""Tag"":""Trail"",""Attributes"":{""LowerPosition"":""0,20,0"",""UpperPosition"":""0,100,0""}},{""Tag"":""Fx"",""Attributes"":{""Type"":""Bright"",""LifeTime"":""1.5"",""Position"":""0,20,0"",""Rotation"":""0,0,0"",""Radius"":""5""}}]"
1571,Weapon,WuQi190928TaoHuaDaoPuTongWuQi02_04JianQiao,,"[{""Tag"":""Fx"",""Attributes"":{""Type"":""Normal"",""LifeTime"":""1.5"",""Position"":""0,-20,0"",""Rotation"":""0,0,0""}},{""Tag"":""Trail"",""Attributes"":{""LowerPosition"":""0,-20,0"",""UpperPosition"":""0,55,0""}},{""Tag"":""Fx"",""Attributes"":{""Type"":""Bright"",""LifeTime"":""1.5"",""Position"":""0,-20,0"",""Rotation"":""0,0,0"",""Radius"":""5""}}]"
1572,Weapon,WuQi190928TaoHuaDaoPuTongWuQi02_04JianXiao,,"[{""Tag"":""Fx"",""Attributes"":{""Type"":""Normal"",""LifeTime"":""2.5"",""Position"":""0,-50,0"",""Rotation"":""0,0,0""}},{""Tag"":""Trail"",""Attributes"":{""LowerPosition"":""0,-50,0"",""UpperPosition"":""0,75,0""}},{""Tag"":""Fx"",""Attributes"":{""Type"":""Bright"",""LifeTime"":""2.5"",""Position"":""0,-50,0"",""Rotation"":""0,0,0"",""Radius"":""5""}}]"
1573,Weapon,WuQi190928TaoHuaDaoPuTongWuQi03Jian,,"[{""Tag"":""Fx"",""Attributes"":{""Type"":""Normal"",""LifeTime"":""1.5"",""Position"":""0,20,0"",""Rotation"":""0,0,0""}},{""Tag"":""Trail"",""Attributes"":{""LowerPosition"":""0,20,0"",""UpperPosition"":""0,100,0""}},{""Tag"":""Fx"",""Attributes"":{""Type"":""Bright"",""LifeTime"":""1.5"",""Position"":""0,20,0"",""Rotation"":""0,0,0"",""Radius"":""5""}}]"
1574,Weapon,WuQi190928TaoHuaDaoPuTongWuQi03JianQiao,,"[{""Tag"":""Fx"",""Attributes"":{""Type"":""Normal"",""LifeTime"":""1.5"",""Position"":""0,-20,0"",""Rotation"":""0,0,0""}},{""Tag"":""Trail"",""Attributes"":{""LowerPosition"":""0,-20,0"",""UpperPosition"":""0,55,0""}},{""Tag"":""Fx"",""Attributes"":{""Type"":""Bright"",""LifeTime"":""1.5"",""Position"":""0,-20,0"",""Rotation"":""0,0,0"",""Radius"":""5""}}]"
1575,Weapon,WuQi190928TaoHuaDaoPuTongWuQi03JianXiao,,"[{""Tag"":""Fx"",""Attributes"":{""Type"":""Normal"",""LifeTime"":""2.5"",""Position"":""0,-50,0"",""Rotation"":""0,0,0""}},{""Tag"":""Trail"",""Attributes"":{""LowerPosition"":""0,-50,0"",""UpperPosition"":""0,75,0""}},{""Tag"":""Fx"",""Attributes"":{""Type"":""Bright"",""LifeTime"":""2.5"",""Position"":""0,-50,0"",""Rotation"":""0,0,0"",""Radius"":""5""}}]"
1576,Weapon,WuQi190928TaoHuaDaoPuTongWuQi03_01Jian,,"[{""Tag"":""Fx"",""Attributes"":{""Type"":""Normal"",""LifeTime"":""1.5"",""Position"":""0,20,0"",""Rotation"":""0,0,0""}},{""Tag"":""Trail"",""Attributes"":{""LowerPosition"":""0,20,0"",""UpperPosition"":""0,100,0""}},{""Tag"":""Fx"",""Attributes"":{""Type"":""Bright"",""LifeTime"":""1.5"",""Position"":""0,20,0"",""Rotation"":""0,0,0"",""Radius"":""5""}}]"
1577,Weapon,WuQi190928TaoHuaDaoPuTongWuQi03_01JianQiao,,"[{""Tag"":""Fx"",""Attributes"":{""Type"":""Normal"",""LifeTime"":""1.5"",""Position"":""0,-20,0"",""Rotation"":""0,0,0""}},{""Tag"":""Trail"",""Attributes"":{""LowerPosition"":""0,-20,0"",""UpperPosition"":""0,55,0""}},{""Tag"":""Fx"",""Attributes"":{""Type"":""Bright"",""LifeTime"":""1.5"",""Position"":""0,-20,0"",""Rotation"":""0,0,0"",""Radius"":""5""}}]"
1578,Weapon,WuQi190928TaoHuaDaoPuTongWuQi03_01JianXiao,,"[{""Tag"":""Fx"",""Attributes"":{""Type"":""Normal"",""LifeTime"":""2.5"",""Position"":""0,-50,0"",""Rotation"":""0,0,0""}},{""Tag"":""Trail"",""Attributes"":{""LowerPosition"":""0,-50,0"",""UpperPosition"":""0,75,0""}},{""Tag"":""Fx"",""Attributes"":{""Type"":""Bright"",""LifeTime"":""2.5"",""Position"":""0,-50,0"",""Rotation"":""0,0,0"",""Radius"":""5""}}]"
1579,Weapon,WuQi190928TaoHuaDaoPuTongWuQi03_02Jian,,"[{""Tag"":""Fx"",""Attributes"":{""Type"":""Normal"",""LifeTime"":""1.5"",""Position"":""0,20,0"",""Rotation"":""0,0,0""}},{""Tag"":""Trail"",""Attributes"":{""LowerPosition"":""0,20,0"",""UpperPosition"":""0,100,0""}},{""Tag"":""Fx"",""Attributes"":{""Type"":""Bright"",""LifeTime"":""1.5"",""Position"":""0,20,0"",""Rotation"":""0,0,0"",""Radius"":""5""}}]"
1580,Weapon,WuQi190928TaoHuaDaoPuTongWuQi03_02JianQiao,,"[{""Tag"":""Fx"",""Attributes"":{""Type"":""Normal"",""LifeTime"":""1.5"",""Position"":""0,-20,0"",""Rotation"":""0,0,0""}},{""Tag"":""Trail"",""Attributes"":{""LowerPosition"":""0,-20,0"",""UpperPosition"":""0,55,0""}},{""Tag"":""Fx"",""Attributes"":{""Type"":""Bright"",""LifeTime"":""1.5"",""Position"":""0,-20,0"",""Rotation"":""0,0,0"",""Radius"":""5""}}]"
1581,Weapon,WuQi190928TaoHuaDaoPuTongWuQi03_02JianXiao,,"[{""Tag"":""Fx"",""Attributes"":{""Type"":""Normal"",""LifeTime"":""2.5"",""Position"":""0,-50,0"",""Rotation"":""0,0,0""}},{""Tag"":""Trail"",""Attributes"":{""LowerPosition"":""0,-50,0"",""UpperPosition"":""0,75,0""}},{""Tag"":""Fx"",""Attributes"":{""Type"":""Bright"",""LifeTime"":""2.5"",""Position"":""0,-50,0"",""Rotation"":""0,0,0"",""Radius"":""5""}}]"
1582,Weapon,WuQi190928TaoHuaDaoPuTongWuQi03_03Jian,,"[{""Tag"":""Fx"",""Attributes"":{""Type"":""Normal"",""LifeTime"":""1.5"",""Position"":""0,20,0"",""Rotation"":""0,0,0""}},{""Tag"":""Trail"",""Attributes"":{""LowerPosition"":""0,20,0"",""UpperPosition"":""0,100,0""}},{""Tag"":""Fx"",""Attributes"":{""Type"":""Bright"",""LifeTime"":""1.5"",""Position"":""0,20,0"",""Rotation"":""0,0,0"",""Radius"":""5""}}]"
1583,Weapon,WuQi190928TaoHuaDaoPuTongWuQi03_03JianQiao,,"[{""Tag"":""Fx"",""Attributes"":{""Type"":""Normal"",""LifeTime"":""1.5"",""Position"":""0,-20,0"",""Rotation"":""0,0,0""}},{""Tag"":""Trail"",""Attributes"":{""LowerPosition"":""0,-20,0"",""UpperPosition"":""0,55,0""}},{""Tag"":""Fx"",""Attributes"":{""Type"":""Bright"",""LifeTime"":""1.5"",""Position"":""0,-20,0"",""Rotation"":""0,0,0"",""Radius"":""5""}}]"
1584,Weapon,WuQi190928TaoHuaDaoPuTongWuQi03_03JianXiao,,"[{""Tag"":""Fx"",""Attributes"":{""Type"":""Normal"",""LifeTime"":""2.5"",""Position"":""0,-50,0"",""Rotation"":""0,0,0""}},{""Tag"":""Trail"",""Attributes"":{""LowerPosition"":""0,-50,0"",""UpperPosition"":""0,75,0""}},{""Tag"":""Fx"",""Attributes"":{""Type"":""Bright"",""LifeTime"":""2.5"",""Position"":""0,-50,0"",""Rotation"":""0,0,0"",""Radius"":""5""}}]"
1585,Weapon,WuQi190928TaoHuaDaoPuTongWuQi03_04Jian,,"[{""Tag"":""Fx"",""Attributes"":{""Type"":""Normal"",""LifeTime"":""1.5"",""Position"":""0,20,0"",""Rotation"":""0,0,0""}},{""Tag"":""Trail"",""Attributes"":{""LowerPosition"":""0,20,0"",""UpperPosition"":""0,100,0""}},{""Tag"":""Fx"",""Attributes"":{""Type"":""Bright"",""LifeTime"":""1.5"",""Position"":""0,20,0"",""Rotation"":""0,0,0"",""Radius"":""5""}}]"
1586,Weapon,WuQi190928TaoHuaDaoPuTongWuQi03_04JianQiao,,"[{""Tag"":""Fx"",""Attributes"":{""Type"":""Normal"",""LifeTime"":""1.5"",""Position"":""0,-20,0"",""Rotation"":""0,0,0""}},{""Tag"":""Trail"",""Attributes"":{""LowerPosition"":""0,-20,0"",""UpperPosition"":""0,55,0""}},{""Tag"":""Fx"",""Attributes"":{""Type"":""Bright"",""LifeTime"":""1.5"",""Position"":""0,-20,0"",""Rotation"":""0,0,0"",""Radius"":""5""}}]"
1587,Weapon,WuQi190928TaoHuaDaoPuTongWuQi03_04JianXiao,,"[{""Tag"":""Fx"",""Attributes"":{""Type"":""Normal"",""LifeTime"":""2.5"",""Position"":""0,-50,0"",""Rotation"":""0,0,0""}},{""Tag"":""Trail"",""Attributes"":{""LowerPosition"":""0,-50,0"",""UpperPosition"":""0,75,0""}},{""Tag"":""Fx"",""Attributes"":{""Type"":""Bright"",""LifeTime"":""2.5"",""Position"":""0,-50,0"",""Rotation"":""0,0,0"",""Radius"":""5""}}]"
1588,Weapon,WuQi190928TaoHuaDaoPuTongWuQi04Jian,,"[{""Tag"":""Fx"",""Attributes"":{""Type"":""Normal"",""LifeTime"":""1.5"",""Position"":""0,20,0"",""Rotation"":""0,0,0""}},{""Tag"":""Trail"",""Attributes"":{""LowerPosition"":""0,20,0"",""UpperPosition"":""0,100,0""}},{""Tag"":""Fx"",""Attributes"":{""Type"":""Bright"",""LifeTime"":""1.5"",""Position"":""0,20,0"",""Rotation"":""0,0,0"",""Radius"":""5""}}]"
1589,Weapon,WuQi190928TaoHuaDaoPuTongWuQi04JianQiao,,"[{""Tag"":""Fx"",""Attributes"":{""Type"":""Normal"",""LifeTime"":""1.5"",""Position"":""0,-20,0"",""Rotation"":""0,0,0""}},{""Tag"":""Trail"",""Attributes"":{""LowerPosition"":""0,-20,0"",""UpperPosition"":""0,55,0""}},{""Tag"":""Fx"",""Attributes"":{""Type"":""Bright"",""LifeTime"":""1.5"",""Position"":""0,-20,0"",""Rotation"":""0,0,0"",""Radius"":""5""}}]"
1590,Weapon,WuQi190928TaoHuaDaoPuTongWuQi04JianXiao,,"[{""Tag"":""Fx"",""Attributes"":{""Type"":""Normal"",""LifeTime"":""2.5"",""Position"":""0,-50,0"",""Rotation"":""0,0,0""}},{""Tag"":""Trail"",""Attributes"":{""LowerPosition"":""0,-50,0"",""UpperPosition"":""0,75,0""}},{""Tag"":""Fx"",""Attributes"":{""Type"":""Bright"",""LifeTime"":""2.5"",""Position"":""0,-50,0"",""Rotation"":""0,0,0"",""Radius"":""5""}}]"
1591,Weapon,WuQi190928TaoHuaDaoPuTongWuQi04_01Jian,,"[{""Tag"":""Fx"",""Attributes"":{""Type"":""Normal"",""LifeTime"":""1.5"",""Position"":""0,20,0"",""Rotation"":""0,0,0""}},{""Tag"":""Trail"",""Attributes"":{""LowerPosition"":""0,20,0"",""UpperPosition"":""0,100,0""}},{""Tag"":""Fx"",""Attributes"":{""Type"":""Bright"",""LifeTime"":""1.5"",""Position"":""0,20,0"",""Rotation"":""0,0,0"",""Radius"":""5""}}]"
1592,Weapon,WuQi190928TaoHuaDaoPuTongWuQi04_01JianQiao,,"[{""Tag"":""Fx"",""Attributes"":{""Type"":""Normal"",""LifeTime"":""1.5"",""Position"":""0,-20,0"",""Rotation"":""0,0,0""}},{""Tag"":""Trail"",""Attributes"":{""LowerPosition"":""0,-20,0"",""UpperPosition"":""0,55,0""}},{""Tag"":""Fx"",""Attributes"":{""Type"":""Bright"",""LifeTime"":""1.5"",""Position"":""0,-20,0"",""Rotation"":""0,0,0"",""Radius"":""5""}}]"
1593,Weapon,WuQi190928TaoHuaDaoPuTongWuQi04_01JianXiao,,"[{""Tag"":""Fx"",""Attributes"":{""Type"":""Normal"",""LifeTime"":""2.5"",""Position"":""0,-50,0"",""Rotation"":""0,0,0""}},{""Tag"":""Trail"",""Attributes"":{""LowerPosition"":""0,-50,0"",""UpperPosition"":""0,75,0""}},{""Tag"":""Fx"",""Attributes"":{""Type"":""Bright"",""LifeTime"":""2.5"",""Position"":""0,-50,0"",""Rotation"":""0,0,0"",""Radius"":""5""}}]"
1594,Weapon,WuQi190928TaoHuaDaoPuTongWuQi04_02Jian,,"[{""Tag"":""Fx"",""Attributes"":{""Type"":""Normal"",""LifeTime"":""1.5"",""Position"":""0,20,0"",""Rotation"":""0,0,0""}},{""Tag"":""Trail"",""Attributes"":{""LowerPosition"":""0,20,0"",""UpperPosition"":""0,100,0""}},{""Tag"":""Fx"",""Attributes"":{""Type"":""Bright"",""LifeTime"":""1.5"",""Position"":""0,20,0"",""Rotation"":""0,0,0"",""Radius"":""5""}}]"
1595,Weapon,WuQi190928TaoHuaDaoPuTongWuQi04_02JianQiao,,"[{""Tag"":""Fx"",""Attributes"":{""Type"":""Normal"",""LifeTime"":""1.5"",""Position"":""0,-20,0"",""Rotation"":""0,0,0""}},{""Tag"":""Trail"",""Attributes"":{""LowerPosition"":""0,-20,0"",""UpperPosition"":""0,55,0""}},{""Tag"":""Fx"",""Attributes"":{""Type"":""Bright"",""LifeTime"":""1.5"",""Position"":""0,-20,0"",""Rotation"":""0,0,0"",""Radius"":""5""}}]"
1596,Weapon,WuQi190928TaoHuaDaoPuTongWuQi04_02JianXiao,,"[{""Tag"":""Fx"",""Attributes"":{""Type"":""Normal"",""LifeTime"":""2.5"",""Position"":""0,-50,0"",""Rotation"":""0,0,0""}},{""Tag"":""Trail"",""Attributes"":{""LowerPosition"":""0,-50,0"",""UpperPosition"":""0,75,0""}},{""Tag"":""Fx"",""Attributes"":{""Type"":""Bright"",""LifeTime"":""2.5"",""Position"":""0,-50,0"",""Rotation"":""0,0,0"",""Radius"":""5""}}]"
1597,Weapon,WuQi190928TaoHuaDaoPuTongWuQi04_03Jian,,"[{""Tag"":""Fx"",""Attributes"":{""Type"":""Normal"",""LifeTime"":""1.5"",""Position"":""0,20,0"",""Rotation"":""0,0,0""}},{""Tag"":""Trail"",""Attributes"":{""LowerPosition"":""0,20,0"",""UpperPosition"":""0,100,0""}},{""Tag"":""Fx"",""Attributes"":{""Type"":""Bright"",""LifeTime"":""1.5"",""Position"":""0,20,0"",""Rotation"":""0,0,0"",""Radius"":""5""}}]"
1598,Weapon,WuQi190928TaoHuaDaoPuTongWuQi04_03JianQiao,,"[{""Tag"":""Fx"",""Attributes"":{""Type"":""Normal"",""LifeTime"":""1.5"",""Position"":""0,-20,0"",""Rotation"":""0,0,0""}},{""Tag"":""Trail"",""Attributes"":{""LowerPosition"":""0,-20,0"",""UpperPosition"":""0,55,0""}},{""Tag"":""Fx"",""Attributes"":{""Type"":""Bright"",""LifeTime"":""1.5"",""Position"":""0,-20,0"",""Rotation"":""0,0,0"",""Radius"":""5""}}]"
1599,Weapon,WuQi190928TaoHuaDaoPuTongWuQi04_03JianXiao,,"[{""Tag"":""Fx"",""Attributes"":{""Type"":""Normal"",""LifeTime"":""2.5"",""Position"":""0,-50,0"",""Rotation"":""0,0,0""}},{""Tag"":""Trail"",""Attributes"":{""LowerPosition"":""0,-50,0"",""UpperPosition"":""0,75,0""}},{""Tag"":""Fx"",""Attributes"":{""Type"":""Bright"",""LifeTime"":""2.5"",""Position"":""0,-50,0"",""Rotation"":""0,0,0"",""Radius"":""5""}}]"
1600,Weapon,WuQi190928TaoHuaDaoPuTongWuQi04_04Jian,,"[{""Tag"":""Fx"",""Attributes"":{""Type"":""Normal"",""LifeTime"":""1.5"",""Position"":""0,20,0"",""Rotation"":""0,0,0""}},{""Tag"":""Trail"",""Attributes"":{""LowerPosition"":""0,20,0"",""UpperPosition"":""0,100,0""}},{""Tag"":""Fx"",""Attributes"":{""Type"":""Bright"",""LifeTime"":""1.5"",""Position"":""0,20,0"",""Rotation"":""0,0,0"",""Radius"":""5""}}]"
1601,Weapon,WuQi190928TaoHuaDaoPuTongWuQi04_04JianQiao,,"[{""Tag"":""Fx"",""Attributes"":{""Type"":""Normal"",""LifeTime"":""1.5"",""Position"":""0,-20,0"",""Rotation"":""0,0,0""}},{""Tag"":""Trail"",""Attributes"":{""LowerPosition"":""0,-20,0"",""UpperPosition"":""0,55,0""}},{""Tag"":""Fx"",""Attributes"":{""Type"":""Bright"",""LifeTime"":""1.5"",""Position"":""0,-20,0"",""Rotation"":""0,0,0"",""Radius"":""5""}}]"
1602,Weapon,WuQi190928TaoHuaDaoPuTongWuQi04_04JianXiao,,"[{""Tag"":""Fx"",""Attributes"":{""Type"":""Normal"",""LifeTime"":""2.5"",""Position"":""0,-50,0"",""Rotation"":""0,0,0""}},{""Tag"":""Trail"",""Attributes"":{""LowerPosition"":""0,-50,0"",""UpperPosition"":""0,75,0""}},{""Tag"":""Fx"",""Attributes"":{""Type"":""Bright"",""LifeTime"":""2.5"",""Position"":""0,-50,0"",""Rotation"":""0,0,0"",""Radius"":""5""}}]"
1603,Weapon,WuQi190928TaoHuaDaoPuTongWuQi05Jian,,"[{""Tag"":""Fx"",""Attributes"":{""Type"":""Normal"",""LifeTime"":""1.5"",""Position"":""0,20,0"",""Rotation"":""0,0,0""}},{""Tag"":""Trail"",""Attributes"":{""LowerPosition"":""0,20,0"",""UpperPosition"":""0,100,0""}},{""Tag"":""Fx"",""Attributes"":{""Type"":""Bright"",""LifeTime"":""1.5"",""Position"":""0,20,0"",""Rotation"":""0,0,0"",""Radius"":""5""}}]"
1604,Weapon,WuQi190928TaoHuaDaoPuTongWuQi05JianQiao,,"[{""Tag"":""Fx"",""Attributes"":{""Type"":""Normal"",""LifeTime"":""1.5"",""Position"":""0,-20,0"",""Rotation"":""0,0,0""}},{""Tag"":""Trail"",""Attributes"":{""LowerPosition"":""0,-20,0"",""UpperPosition"":""0,55,0""}},{""Tag"":""Fx"",""Attributes"":{""Type"":""Bright"",""LifeTime"":""1.5"",""Position"":""0,-20,0"",""Rotation"":""0,0,0"",""Radius"":""5""}}]"
1605,Weapon,WuQi190928TaoHuaDaoPuTongWuQi05JianXiao,,"[{""Tag"":""Fx"",""Attributes"":{""Type"":""Normal"",""LifeTime"":""2.5"",""Position"":""0,-50,0"",""Rotation"":""0,0,0""}},{""Tag"":""Trail"",""Attributes"":{""LowerPosition"":""0,-50,0"",""UpperPosition"":""0,75,0""}},{""Tag"":""Fx"",""Attributes"":{""Type"":""Bright"",""LifeTime"":""2.5"",""Position"":""0,-50,0"",""Rotation"":""0,0,0"",""Radius"":""5""}}]"
1606,Weapon,WuQi190928TaoHuaDaoPuTongWuQi05_01Jian,,"[{""Tag"":""Fx"",""Attributes"":{""Type"":""Normal"",""LifeTime"":""1.5"",""Position"":""0,20,0"",""Rotation"":""0,0,0""}},{""Tag"":""Trail"",""Attributes"":{""LowerPosition"":""0,20,0"",""UpperPosition"":""0,100,0""}},{""Tag"":""Fx"",""Attributes"":{""Type"":""Bright"",""LifeTime"":""1.5"",""Position"":""0,20,0"",""Rotation"":""0,0,0"",""Radius"":""5""}}]"
1607,Weapon,WuQi190928TaoHuaDaoPuTongWuQi05_01JianQiao,,"[{""Tag"":""Fx"",""Attributes"":{""Type"":""Normal"",""LifeTime"":""1.5"",""Position"":""0,-20,0"",""Rotation"":""0,0,0""}},{""Tag"":""Trail"",""Attributes"":{""LowerPosition"":""0,-20,0"",""UpperPosition"":""0,55,0""}},{""Tag"":""Fx"",""Attributes"":{""Type"":""Bright"",""LifeTime"":""1.5"",""Position"":""0,-20,0"",""Rotation"":""0,0,0"",""Radius"":""5""}}]"
1608,Weapon,WuQi190928TaoHuaDaoPuTongWuQi05_01JianXiao,,"[{""Tag"":""Fx"",""Attributes"":{""Type"":""Normal"",""LifeTime"":""2.5"",""Position"":""0,-50,0"",""Rotation"":""0,0,0""}},{""Tag"":""Trail"",""Attributes"":{""LowerPosition"":""0,-50,0"",""UpperPosition"":""0,75,0""}},{""Tag"":""Fx"",""Attributes"":{""Type"":""Bright"",""LifeTime"":""2.5"",""Position"":""0,-50,0"",""Rotation"":""0,0,0"",""Radius"":""5""}}]"
1609,Weapon,WuQi190928TaoHuaDaoPuTongWuQi05_02Jian,,"[{""Tag"":""Fx"",""Attributes"":{""Type"":""Normal"",""LifeTime"":""1.5"",""Position"":""0,20,0"",""Rotation"":""0,0,0""}},{""Tag"":""Trail"",""Attributes"":{""LowerPosition"":""0,20,0"",""UpperPosition"":""0,100,0""}},{""Tag"":""Fx"",""Attributes"":{""Type"":""Bright"",""LifeTime"":""1.5"",""Position"":""0,20,0"",""Rotation"":""0,0,0"",""Radius"":""5""}}]"
1610,Weapon,WuQi190928TaoHuaDaoPuTongWuQi05_02JianQiao,,"[{""Tag"":""Fx"",""Attributes"":{""Type"":""Normal"",""LifeTime"":""1.5"",""Position"":""0,-20,0"",""Rotation"":""0,0,0""}},{""Tag"":""Trail"",""Attributes"":{""LowerPosition"":""0,-20,0"",""UpperPosition"":""0,55,0""}},{""Tag"":""Fx"",""Attributes"":{""Type"":""Bright"",""LifeTime"":""1.5"",""Position"":""0,-20,0"",""Rotation"":""0,0,0"",""Radius"":""5""}}]"
1611,Weapon,WuQi190928TaoHuaDaoPuTongWuQi05_02JianXiao,,"[{""Tag"":""Fx"",""Attributes"":{""Type"":""Normal"",""LifeTime"":""2.5"",""Position"":""0,-50,0"",""Rotation"":""0,0,0""}},{""Tag"":""Trail"",""Attributes"":{""LowerPosition"":""0,-50,0"",""UpperPosition"":""0,75,0""}},{""Tag"":""Fx"",""Attributes"":{""Type"":""Bright"",""LifeTime"":""2.5"",""Position"":""0,-50,0"",""Rotation"":""0,0,0"",""Radius"":""5""}}]"
1612,Weapon,WuQi190928TaoHuaDaoPuTongWuQi05_03Jian,,"[{""Tag"":""Fx"",""Attributes"":{""Type"":""Normal"",""LifeTime"":""1.5"",""Position"":""0,20,0"",""Rotation"":""0,0,0""}},{""Tag"":""Trail"",""Attributes"":{""LowerPosition"":""0,20,0"",""UpperPosition"":""0,100,0""}},{""Tag"":""Fx"",""Attributes"":{""Type"":""Bright"",""LifeTime"":""1.5"",""Position"":""0,20,0"",""Rotation"":""0,0,0"",""Radius"":""5""}}]"
1613,Weapon,WuQi190928TaoHuaDaoPuTongWuQi05_03JianQiao,,"[{""Tag"":""Fx"",""Attributes"":{""Type"":""Normal"",""LifeTime"":""1.5"",""Position"":""0,-20,0"",""Rotation"":""0,0,0""}},{""Tag"":""Trail"",""Attributes"":{""LowerPosition"":""0,-20,0"",""UpperPosition"":""0,55,0""}},{""Tag"":""Fx"",""Attributes"":{""Type"":""Bright"",""LifeTime"":""1.5"",""Position"":""0,-20,0"",""Rotation"":""0,0,0"",""Radius"":""5""}}]"
1614,Weapon,WuQi190928TaoHuaDaoPuTongWuQi05_03JianXiao,,"[{""Tag"":""Fx"",""Attributes"":{""Type"":""Normal"",""LifeTime"":""2.5"",""Position"":""0,-50,0"",""Rotation"":""0,0,0""}},{""Tag"":""Trail"",""Attributes"":{""LowerPosition"":""0,-50,0"",""UpperPosition"":""0,75,0""}},{""Tag"":""Fx"",""Attributes"":{""Type"":""Bright"",""LifeTime"":""2.5"",""Position"":""0,-50,0"",""Rotation"":""0,0,0"",""Radius"":""5""}}]"
1615,Weapon,WuQi190928TaoHuaDaoPuTongWuQi05_04Jian,,"[{""Tag"":""Fx"",""Attributes"":{""Type"":""Normal"",""LifeTime"":""1.5"",""Position"":""0,20,0"",""Rotation"":""0,0,0""}},{""Tag"":""Trail"",""Attributes"":{""LowerPosition"":""0,20,0"",""UpperPosition"":""0,100,0""}},{""Tag"":""Fx"",""Attributes"":{""Type"":""Bright"",""LifeTime"":""1.5"",""Position"":""0,20,0"",""Rotation"":""0,0,0"",""Radius"":""5""}}]"
1616,Weapon,WuQi190928TaoHuaDaoPuTongWuQi05_04JianQiao,,"[{""Tag"":""Fx"",""Attributes"":{""Type"":""Normal"",""LifeTime"":""1.5"",""Position"":""0,-20,0"",""Rotation"":""0,0,0""}},{""Tag"":""Trail"",""Attributes"":{""LowerPosition"":""0,-20,0"",""UpperPosition"":""0,55,0""}},{""Tag"":""Fx"",""Attributes"":{""Type"":""Bright"",""LifeTime"":""1.5"",""Position"":""0,-20,0"",""Rotation"":""0,0,0"",""Radius"":""5""}}]"
1617,Weapon,WuQi190928TaoHuaDaoPuTongWuQi05_04JianXiao,,"[{""Tag"":""Fx"",""Attributes"":{""Type"":""Normal"",""LifeTime"":""2.5"",""Position"":""0,-50,0"",""Rotation"":""0,0,0""}},{""Tag"":""Trail"",""Attributes"":{""LowerPosition"":""0,-50,0"",""UpperPosition"":""0,75,0""}},{""Tag"":""Fx"",""Attributes"":{""Type"":""Bright"",""LifeTime"":""2.5"",""Position"":""0,-50,0"",""Rotation"":""0,0,0"",""Radius"":""5""}}]"
1618,Weapon,WuQi190928TaoHuaDaoPuTongWuQi06Jian,,"[{""Tag"":""Fx"",""Attributes"":{""Type"":""Normal"",""LifeTime"":""1.5"",""Position"":""0,20,0"",""Rotation"":""0,0,0""}},{""Tag"":""Trail"",""Attributes"":{""LowerPosition"":""0,20,0"",""UpperPosition"":""0,100,0""}},{""Tag"":""Fx"",""Attributes"":{""Type"":""Bright"",""LifeTime"":""1.5"",""Position"":""0,20,0"",""Rotation"":""0,0,0"",""Radius"":""5""}}]"
1619,Weapon,WuQi190928TaoHuaDaoPuTongWuQi06JianQiao,,"[{""Tag"":""Fx"",""Attributes"":{""Type"":""Normal"",""LifeTime"":""1.5"",""Position"":""0,-20,0"",""Rotation"":""0,0,0""}},{""Tag"":""Trail"",""Attributes"":{""LowerPosition"":""0,-20,0"",""UpperPosition"":""0,55,0""}},{""Tag"":""Fx"",""Attributes"":{""Type"":""Bright"",""LifeTime"":""1.5"",""Position"":""0,-20,0"",""Rotation"":""0,0,0"",""Radius"":""5""}}]"
1620,Weapon,WuQi190928TaoHuaDaoPuTongWuQi06JianXiao,,"[{""Tag"":""Fx"",""Attributes"":{""Type"":""Normal"",""LifeTime"":""2.5"",""Position"":""0,-50,0"",""Rotation"":""0,0,0""}},{""Tag"":""Trail"",""Attributes"":{""LowerPosition"":""0,-50,0"",""UpperPosition"":""0,75,0""}},{""Tag"":""Fx"",""Attributes"":{""Type"":""Bright"",""LifeTime"":""2.5"",""Position"":""0,-50,0"",""Rotation"":""0,0,0"",""Radius"":""5""}}]"
1621,Weapon,WuQi190928TaoHuaDaoPuTongWuQi06_01Jian,,"[{""Tag"":""Fx"",""Attributes"":{""Type"":""Normal"",""LifeTime"":""1.5"",""Position"":""0,20,0"",""Rotation"":""0,0,0""}},{""Tag"":""Trail"",""Attributes"":{""LowerPosition"":""0,20,0"",""UpperPosition"":""0,100,0""}},{""Tag"":""Fx"",""Attributes"":{""Type"":""Bright"",""LifeTime"":""1.5"",""Position"":""0,20,0"",""Rotation"":""0,0,0"",""Radius"":""5""}}]"
1622,Weapon,WuQi190928TaoHuaDaoPuTongWuQi06_01JianQiao,,"[{""Tag"":""Fx"",""Attributes"":{""Type"":""Normal"",""LifeTime"":""1.5"",""Position"":""0,-20,0"",""Rotation"":""0,0,0""}},{""Tag"":""Trail"",""Attributes"":{""LowerPosition"":""0,-20,0"",""UpperPosition"":""0,55,0""}},{""Tag"":""Fx"",""Attributes"":{""Type"":""Bright"",""LifeTime"":""1.5"",""Position"":""0,-20,0"",""Rotation"":""0,0,0"",""Radius"":""5""}}]"
1623,Weapon,WuQi190928TaoHuaDaoPuTongWuQi06_01JianXiao,,"[{""Tag"":""Fx"",""Attributes"":{""Type"":""Normal"",""LifeTime"":""2.5"",""Position"":""0,-50,0"",""Rotation"":""0,0,0""}},{""Tag"":""Trail"",""Attributes"":{""LowerPosition"":""0,-50,0"",""UpperPosition"":""0,75,0""}},{""Tag"":""Fx"",""Attributes"":{""Type"":""Bright"",""LifeTime"":""2.5"",""Position"":""0,-50,0"",""Rotation"":""0,0,0"",""Radius"":""5""}}]"
1624,Weapon,WuQi190928TaoHuaDaoPuTongWuQi06_02Jian,,"[{""Tag"":""Fx"",""Attributes"":{""Type"":""Normal"",""LifeTime"":""1.5"",""Position"":""0,20,0"",""Rotation"":""0,0,0""}},{""Tag"":""Trail"",""Attributes"":{""LowerPosition"":""0,20,0"",""UpperPosition"":""0,100,0""}},{""Tag"":""Fx"",""Attributes"":{""Type"":""Bright"",""LifeTime"":""1.5"",""Position"":""0,20,0"",""Rotation"":""0,0,0"",""Radius"":""5""}}]"
1625,Weapon,WuQi190928TaoHuaDaoPuTongWuQi06_02JianQiao,,"[{""Tag"":""Fx"",""Attributes"":{""Type"":""Normal"",""LifeTime"":""1.5"",""Position"":""0,-20,0"",""Rotation"":""0,0,0""}},{""Tag"":""Trail"",""Attributes"":{""LowerPosition"":""0,-20,0"",""UpperPosition"":""0,55,0""}},{""Tag"":""Fx"",""Attributes"":{""Type"":""Bright"",""LifeTime"":""1.5"",""Position"":""0,-20,0"",""Rotation"":""0,0,0"",""Radius"":""5""}}]"
1626,Weapon,WuQi190928TaoHuaDaoPuTongWuQi06_02JianXiao,,"[{""Tag"":""Fx"",""Attributes"":{""Type"":""Normal"",""LifeTime"":""2.5"",""Position"":""0,-50,0"",""Rotation"":""0,0,0""}},{""Tag"":""Trail"",""Attributes"":{""LowerPosition"":""0,-50,0"",""UpperPosition"":""0,75,0""}},{""Tag"":""Fx"",""Attributes"":{""Type"":""Bright"",""LifeTime"":""2.5"",""Position"":""0,-50,0"",""Rotation"":""0,0,0"",""Radius"":""5""}}]"
1627,Weapon,WuQi190928TaoHuaDaoPuTongWuQi06_03Jian,,"[{""Tag"":""Fx"",""Attributes"":{""Type"":""Normal"",""LifeTime"":""1.5"",""Position"":""0,20,0"",""Rotation"":""0,0,0""}},{""Tag"":""Trail"",""Attributes"":{""LowerPosition"":""0,20,0"",""UpperPosition"":""0,100,0""}},{""Tag"":""Fx"",""Attributes"":{""Type"":""Bright"",""LifeTime"":""1.5"",""Position"":""0,20,0"",""Rotation"":""0,0,0"",""Radius"":""5""}}]"
1628,Weapon,WuQi190928TaoHuaDaoPuTongWuQi06_03JianQiao,,"[{""Tag"":""Fx"",""Attributes"":{""Type"":""Normal"",""LifeTime"":""1.5"",""Position"":""0,-20,0"",""Rotation"":""0,0,0""}},{""Tag"":""Trail"",""Attributes"":{""LowerPosition"":""0,-20,0"",""UpperPosition"":""0,55,0""}},{""Tag"":""Fx"",""Attributes"":{""Type"":""Bright"",""LifeTime"":""1.5"",""Position"":""0,-20,0"",""Rotation"":""0,0,0"",""Radius"":""5""}}]"
1629,Weapon,WuQi190928TaoHuaDaoPuTongWuQi06_03JianXiao,,"[{""Tag"":""Fx"",""Attributes"":{""Type"":""Normal"",""LifeTime"":""2.5"",""Position"":""0,-50,0"",""Rotation"":""0,0,0""}},{""Tag"":""Trail"",""Attributes"":{""LowerPosition"":""0,-50,0"",""UpperPosition"":""0,75,0""}},{""Tag"":""Fx"",""Attributes"":{""Type"":""Bright"",""LifeTime"":""2.5"",""Position"":""0,-50,0"",""Rotation"":""0,0,0"",""Radius"":""5""}}]"
1630,Weapon,WuQi190928TaoHuaDaoPuTongWuQi06_04Jian,,"[{""Tag"":""Fx"",""Attributes"":{""Type"":""Normal"",""LifeTime"":""1.5"",""Position"":""0,20,0"",""Rotation"":""0,0,0""}},{""Tag"":""Trail"",""Attributes"":{""LowerPosition"":""0,20,0"",""UpperPosition"":""0,100,0""}},{""Tag"":""Fx"",""Attributes"":{""Type"":""Bright"",""LifeTime"":""1.5"",""Position"":""0,20,0"",""Rotation"":""0,0,0"",""Radius"":""5""}}]"
1631,Weapon,WuQi190928TaoHuaDaoPuTongWuQi06_04JianQiao,,"[{""Tag"":""Fx"",""Attributes"":{""Type"":""Normal"",""LifeTime"":""1.5"",""Position"":""0,-20,0"",""Rotation"":""0,0,0""}},{""Tag"":""Trail"",""Attributes"":{""LowerPosition"":""0,-20,0"",""UpperPosition"":""0,55,0""}},{""Tag"":""Fx"",""Attributes"":{""Type"":""Bright"",""LifeTime"":""1.5"",""Position"":""0,-20,0"",""Rotation"":""0,0,0"",""Radius"":""5""}}]"
1632,Weapon,WuQi190928TaoHuaDaoPuTongWuQi06_04JianXiao,,"[{""Tag"":""Fx"",""Attributes"":{""Type"":""Normal"",""LifeTime"":""2.5"",""Position"":""0,-50,0"",""Rotation"":""0,0,0""}},{""Tag"":""Trail"",""Attributes"":{""LowerPosition"":""0,-50,0"",""UpperPosition"":""0,75,0""}},{""Tag"":""Fx"",""Attributes"":{""Type"":""Bright"",""LifeTime"":""2.5"",""Position"":""0,-50,0"",""Rotation"":""0,0,0"",""Radius"":""5""}}]"
1633,Weapon,WuQi190928TaoHuaDaoPuTongWuQi07Jian,,"[{""Tag"":""Fx"",""Attributes"":{""Type"":""Normal"",""LifeTime"":""1.5"",""Position"":""0,20,0"",""Rotation"":""0,0,0""}},{""Tag"":""Trail"",""Attributes"":{""LowerPosition"":""0,20,0"",""UpperPosition"":""0,100,0""}},{""Tag"":""Fx"",""Attributes"":{""Type"":""Bright"",""LifeTime"":""1.5"",""Position"":""0,20,0"",""Rotation"":""0,0,0"",""Radius"":""5""}}]"
1634,Weapon,WuQi190928TaoHuaDaoPuTongWuQi07JianQiao,,"[{""Tag"":""Fx"",""Attributes"":{""Type"":""Normal"",""LifeTime"":""1.5"",""Position"":""0,-20,0"",""Rotation"":""0,0,0""}},{""Tag"":""Trail"",""Attributes"":{""LowerPosition"":""0,-20,0"",""UpperPosition"":""0,55,0""}},{""Tag"":""Fx"",""Attributes"":{""Type"":""Bright"",""LifeTime"":""1.5"",""Position"":""0,-20,0"",""Rotation"":""0,0,0"",""Radius"":""5""}}]"
1635,Weapon,WuQi190928TaoHuaDaoPuTongWuQi07JianXiao,,"[{""Tag"":""Fx"",""Attributes"":{""Type"":""Normal"",""LifeTime"":""2.5"",""Position"":""0,-50,0"",""Rotation"":""0,0,0""}},{""Tag"":""Trail"",""Attributes"":{""LowerPosition"":""0,-50,0"",""UpperPosition"":""0,75,0""}},{""Tag"":""Fx"",""Attributes"":{""Type"":""Bright"",""LifeTime"":""2.5"",""Position"":""0,-50,0"",""Rotation"":""0,0,0"",""Radius"":""5""}}]"
1636,Weapon,WuQi190928TaoHuaDaoPuTongWuQi07_01Jian,,"[{""Tag"":""Fx"",""Attributes"":{""Type"":""Normal"",""LifeTime"":""1.5"",""Position"":""0,20,0"",""Rotation"":""0,0,0""}},{""Tag"":""Trail"",""Attributes"":{""LowerPosition"":""0,20,0"",""UpperPosition"":""0,100,0""}},{""Tag"":""Fx"",""Attributes"":{""Type"":""Bright"",""LifeTime"":""1.5"",""Position"":""0,20,0"",""Rotation"":""0,0,0"",""Radius"":""5""}}]"
1637,Weapon,WuQi190928TaoHuaDaoPuTongWuQi07_01JianQiao,,"[{""Tag"":""Fx"",""Attributes"":{""Type"":""Normal"",""LifeTime"":""1.5"",""Position"":""0,-20,0"",""Rotation"":""0,0,0""}},{""Tag"":""Trail"",""Attributes"":{""LowerPosition"":""0,-20,0"",""UpperPosition"":""0,55,0""}},{""Tag"":""Fx"",""Attributes"":{""Type"":""Bright"",""LifeTime"":""1.5"",""Position"":""0,-20,0"",""Rotation"":""0,0,0"",""Radius"":""5""}}]"
1638,Weapon,WuQi190928TaoHuaDaoPuTongWuQi07_01JianXiao,,"[{""Tag"":""Fx"",""Attributes"":{""Type"":""Normal"",""LifeTime"":""2.5"",""Position"":""0,-50,0"",""Rotation"":""0,0,0""}},{""Tag"":""Trail"",""Attributes"":{""LowerPosition"":""0,-50,0"",""UpperPosition"":""0,75,0""}},{""Tag"":""Fx"",""Attributes"":{""Type"":""Bright"",""LifeTime"":""2.5"",""Position"":""0,-50,0"",""Rotation"":""0,0,0"",""Radius"":""5""}}]"
1639,Weapon,WuQi190928TaoHuaDaoPuTongWuQi07_02Jian,,"[{""Tag"":""Fx"",""Attributes"":{""Type"":""Normal"",""LifeTime"":""1.5"",""Position"":""0,20,0"",""Rotation"":""0,0,0""}},{""Tag"":""Trail"",""Attributes"":{""LowerPosition"":""0,20,0"",""UpperPosition"":""0,100,0""}},{""Tag"":""Fx"",""Attributes"":{""Type"":""Bright"",""LifeTime"":""1.5"",""Position"":""0,20,0"",""Rotation"":""0,0,0"",""Radius"":""5""}}]"
1640,Weapon,WuQi190928TaoHuaDaoPuTongWuQi07_02JianQiao,,"[{""Tag"":""Fx"",""Attributes"":{""Type"":""Normal"",""LifeTime"":""1.5"",""Position"":""0,-20,0"",""Rotation"":""0,0,0""}},{""Tag"":""Trail"",""Attributes"":{""LowerPosition"":""0,-20,0"",""UpperPosition"":""0,55,0""}},{""Tag"":""Fx"",""Attributes"":{""Type"":""Bright"",""LifeTime"":""1.5"",""Position"":""0,-20,0"",""Rotation"":""0,0,0"",""Radius"":""5""}}]"
1641,Weapon,WuQi190928TaoHuaDaoPuTongWuQi07_02JianXiao,,"[{""Tag"":""Fx"",""Attributes"":{""Type"":""Normal"",""LifeTime"":""2.5"",""Position"":""0,-50,0"",""Rotation"":""0,0,0""}},{""Tag"":""Trail"",""Attributes"":{""LowerPosition"":""0,-50,0"",""UpperPosition"":""0,75,0""}},{""Tag"":""Fx"",""Attributes"":{""Type"":""Bright"",""LifeTime"":""2.5"",""Position"":""0,-50,0"",""Rotation"":""0,0,0"",""Radius"":""5""}}]"
1642,Weapon,WuQi190928TaoHuaDaoPuTongWuQi07_03Jian,,"[{""Tag"":""Fx"",""Attributes"":{""Type"":""Normal"",""LifeTime"":""1.5"",""Position"":""0,20,0"",""Rotation"":""0,0,0""}},{""Tag"":""Trail"",""Attributes"":{""LowerPosition"":""0,20,0"",""UpperPosition"":""0,100,0""}},{""Tag"":""Fx"",""Attributes"":{""Type"":""Bright"",""LifeTime"":""1.5"",""Position"":""0,20,0"",""Rotation"":""0,0,0"",""Radius"":""5""}}]"
1643,Weapon,WuQi190928TaoHuaDaoPuTongWuQi07_03JianQiao,,"[{""Tag"":""Fx"",""Attributes"":{""Type"":""Normal"",""LifeTime"":""1.5"",""Position"":""0,-20,0"",""Rotation"":""0,0,0""}},{""Tag"":""Trail"",""Attributes"":{""LowerPosition"":""0,-20,0"",""UpperPosition"":""0,55,0""}},{""Tag"":""Fx"",""Attributes"":{""Type"":""Bright"",""LifeTime"":""1.5"",""Position"":""0,-20,0"",""Rotation"":""0,0,0"",""Radius"":""5""}}]"
1644,Weapon,WuQi190928TaoHuaDaoPuTongWuQi07_03JianXiao,,"[{""Tag"":""Fx"",""Attributes"":{""Type"":""Normal"",""LifeTime"":""2.5"",""Position"":""0,-50,0"",""Rotation"":""0,0,0""}},{""Tag"":""Trail"",""Attributes"":{""LowerPosition"":""0,-50,0"",""UpperPosition"":""0,75,0""}},{""Tag"":""Fx"",""Attributes"":{""Type"":""Bright"",""LifeTime"":""2.5"",""Position"":""0,-50,0"",""Rotation"":""0,0,0"",""Radius"":""5""}}]"
1645,Weapon,WuQi190928TaoHuaDaoPuTongWuQi07_04Jian,,"[{""Tag"":""Fx"",""Attributes"":{""Type"":""Normal"",""LifeTime"":""1.5"",""Position"":""0,20,0"",""Rotation"":""0,0,0""}},{""Tag"":""Trail"",""Attributes"":{""LowerPosition"":""0,20,0"",""UpperPosition"":""0,100,0""}},{""Tag"":""Fx"",""Attributes"":{""Type"":""Bright"",""LifeTime"":""1.5"",""Position"":""0,20,0"",""Rotation"":""0,0,0"",""Radius"":""5""}}]"
1646,Weapon,WuQi190928TaoHuaDaoPuTongWuQi07_04JianQiao,,"[{""Tag"":""Fx"",""Attributes"":{""Type"":""Normal"",""LifeTime"":""1.5"",""Position"":""0,-20,0"",""Rotation"":""0,0,0""}},{""Tag"":""Trail"",""Attributes"":{""LowerPosition"":""0,-20,0"",""UpperPosition"":""0,55,0""}},{""Tag"":""Fx"",""Attributes"":{""Type"":""Bright"",""LifeTime"":""1.5"",""Position"":""0,-20,0"",""Rotation"":""0,0,0"",""Radius"":""5""}}]"
1647,Weapon,WuQi190928TaoHuaDaoPuTongWuQi07_04JianXiao,,"[{""Tag"":""Fx"",""Attributes"":{""Type"":""Normal"",""LifeTime"":""2.5"",""Position"":""0,-50,0"",""Rotation"":""0,0,0""}},{""Tag"":""Trail"",""Attributes"":{""LowerPosition"":""0,-50,0"",""UpperPosition"":""0,75,0""}},{""Tag"":""Fx"",""Attributes"":{""Type"":""Bright"",""LifeTime"":""2.5"",""Position"":""0,-50,0"",""Rotation"":""0,0,0"",""Radius"":""5""}}]"
1648,Weapon,WuQi190929TaoHuaDaoPuTongWuQi08Jian,,"[{""Tag"":""Fx"",""Attributes"":{""Type"":""Normal"",""LifeTime"":""1.5"",""Position"":""0,20,0"",""Rotation"":""0,0,0""}},{""Tag"":""Trail"",""Attributes"":{""LowerPosition"":""0,20,0"",""UpperPosition"":""0,100,0""}},{""Tag"":""Fx"",""Attributes"":{""Type"":""Bright"",""LifeTime"":""1.5"",""Position"":""0,20,0"",""Rotation"":""0,0,0"",""Radius"":""5""}}]"
1649,Weapon,WuQi190929TaoHuaDaoPuTongWuQi08JianQiao,,"[{""Tag"":""Fx"",""Attributes"":{""Type"":""Normal"",""LifeTime"":""1.5"",""Position"":""0,-20,0"",""Rotation"":""0,0,0""}},{""Tag"":""Trail"",""Attributes"":{""LowerPosition"":""0,-20,0"",""UpperPosition"":""0,55,0""}},{""Tag"":""Fx"",""Attributes"":{""Type"":""Bright"",""LifeTime"":""1.5"",""Position"":""0,-20,0"",""Rotation"":""0,0,0"",""Radius"":""5""}}]"
1650,Weapon,WuQi190929TaoHuaDaoPuTongWuQi08JianXiao,,"[{""Tag"":""Fx"",""Attributes"":{""Type"":""Normal"",""LifeTime"":""2.5"",""Position"":""0,-50,0"",""Rotation"":""0,0,0""}},{""Tag"":""Trail"",""Attributes"":{""LowerPosition"":""0,-50,0"",""UpperPosition"":""0,75,0""}},{""Tag"":""Fx"",""Attributes"":{""Type"":""Bright"",""LifeTime"":""2.5"",""Position"":""0,-50,0"",""Rotation"":""0,0,0"",""Radius"":""5""}}]"
1651,Weapon,WuQi190929TaoHuaDaoPuTongWuQi08_01Jian,,"[{""Tag"":""Fx"",""Attributes"":{""Type"":""Normal"",""LifeTime"":""1.5"",""Position"":""0,20,0"",""Rotation"":""0,0,0""}},{""Tag"":""Trail"",""Attributes"":{""LowerPosition"":""0,20,0"",""UpperPosition"":""0,100,0""}},{""Tag"":""Fx"",""Attributes"":{""Type"":""Bright"",""LifeTime"":""1.5"",""Position"":""0,20,0"",""Rotation"":""0,0,0"",""Radius"":""5""}}]"
1652,Weapon,WuQi190929TaoHuaDaoPuTongWuQi08_01JianQiao,,"[{""Tag"":""Fx"",""Attributes"":{""Type"":""Normal"",""LifeTime"":""1.5"",""Position"":""0,-20,0"",""Rotation"":""0,0,0""}},{""Tag"":""Trail"",""Attributes"":{""LowerPosition"":""0,-20,0"",""UpperPosition"":""0,55,0""}},{""Tag"":""Fx"",""Attributes"":{""Type"":""Bright"",""LifeTime"":""1.5"",""Position"":""0,-20,0"",""Rotation"":""0,0,0"",""Radius"":""5""}}]"
1653,Weapon,WuQi190929TaoHuaDaoPuTongWuQi08_01JianXiao,,"[{""Tag"":""Fx"",""Attributes"":{""Type"":""Normal"",""LifeTime"":""2.5"",""Position"":""0,-50,0"",""Rotation"":""0,0,0""}},{""Tag"":""Trail"",""Attributes"":{""LowerPosition"":""0,-50,0"",""UpperPosition"":""0,75,0""}},{""Tag"":""Fx"",""Attributes"":{""Type"":""Bright"",""LifeTime"":""2.5"",""Position"":""0,-50,0"",""Rotation"":""0,0,0"",""Radius"":""5""}}]"
1654,Weapon,WuQi190929TaoHuaDaoPuTongWuQi08_02Jian,,"[{""Tag"":""Fx"",""Attributes"":{""Type"":""Normal"",""LifeTime"":""1.5"",""Position"":""0,20,0"",""Rotation"":""0,0,0""}},{""Tag"":""Trail"",""Attributes"":{""LowerPosition"":""0,20,0"",""UpperPosition"":""0,100,0""}},{""Tag"":""Fx"",""Attributes"":{""Type"":""Bright"",""LifeTime"":""1.5"",""Position"":""0,20,0"",""Rotation"":""0,0,0"",""Radius"":""5""}}]"
1655,Weapon,WuQi190929TaoHuaDaoPuTongWuQi08_02JianQiao,,"[{""Tag"":""Fx"",""Attributes"":{""Type"":""Normal"",""LifeTime"":""1.5"",""Position"":""0,-20,0"",""Rotation"":""0,0,0""}},{""Tag"":""Trail"",""Attributes"":{""LowerPosition"":""0,-20,0"",""UpperPosition"":""0,55,0""}},{""Tag"":""Fx"",""Attributes"":{""Type"":""Bright"",""LifeTime"":""1.5"",""Position"":""0,-20,0"",""Rotation"":""0,0,0"",""Radius"":""5""}}]"
1656,Weapon,WuQi190929TaoHuaDaoPuTongWuQi08_02JianXiao,,"[{""Tag"":""Fx"",""Attributes"":{""Type"":""Normal"",""LifeTime"":""2.5"",""Position"":""0,-50,0"",""Rotation"":""0,0,0""}},{""Tag"":""Trail"",""Attributes"":{""LowerPosition"":""0,-50,0"",""UpperPosition"":""0,75,0""}},{""Tag"":""Fx"",""Attributes"":{""Type"":""Bright"",""LifeTime"":""2.5"",""Position"":""0,-50,0"",""Rotation"":""0,0,0"",""Radius"":""5""}}]"
1657,Weapon,WuQi190810TaoHuaDao9XingShenQiJianQiao_XiXie,,"[{""Tag"":""Fx"",""Attributes"":{""Type"":""Normal"",""LifeTime"":""1.5"",""Position"":""0,20,0"",""Rotation"":""0,0,0""}},{""Tag"":""Trail"",""Attributes"":{""LowerPosition"":""0,20,0"",""UpperPosition"":""0,100,0""}},{""Tag"":""Fx"",""Attributes"":{""Type"":""Bright"",""LifeTime"":""1.5"",""Position"":""0,20,0"",""Rotation"":""0,0,0"",""Radius"":""5""}}]"
1658,Weapon,WuQi190810TaoHuaDao9XingShenQiJianXiao_XiXie,,"[{""Tag"":""Fx"",""Attributes"":{""Type"":""Normal"",""LifeTime"":""1.5"",""Position"":""0,-20,0"",""Rotation"":""0,0,0""}},{""Tag"":""Trail"",""Attributes"":{""LowerPosition"":""0,-20,0"",""UpperPosition"":""0,55,0""}},{""Tag"":""Fx"",""Attributes"":{""Type"":""Bright"",""LifeTime"":""1.5"",""Position"":""0,-20,0"",""Rotation"":""0,0,0"",""Radius"":""5""}}]"
1659,Weapon,WuQi190810TaoHuaDao9XingShenQiJianQiao_PoZhan,,"[{""Tag"":""Fx"",""Attributes"":{""Type"":""Normal"",""LifeTime"":""2.5"",""Position"":""0,-20,0"",""Rotation"":""0,0,0""}},{""Tag"":""Trail"",""Attributes"":{""LowerPosition"":""0,-20,0"",""UpperPosition"":""0,75,0""}},{""Tag"":""Fx"",""Attributes"":{""Type"":""Bright"",""LifeTime"":""2.5"",""Position"":""0,-20,0"",""Rotation"":""0,0,0"",""Radius"":""5""}}]"
1660,Weapon,WuQi190810TaoHuaDao9XingShenQiJianXiao_PoZhan,,"[{""Tag"":""Fx"",""Attributes"":{""Type"":""Normal"",""LifeTime"":""2.5"",""Position"":""0,-50,0"",""Rotation"":""0,0,0""}},{""Tag"":""Trail"",""Attributes"":{""LowerPosition"":""0,-50,0"",""UpperPosition"":""0,75,0""}},{""Tag"":""Fx"",""Attributes"":{""Type"":""Bright"",""LifeTime"":""2.5"",""Position"":""0,-50,0"",""Rotation"":""0,0,0"",""Radius"":""5""}}]"
1661,Weapon,TaoZhouChengGan,,"[{""Tag"":""Fx"",""Attributes"":{""Type"":""Normal"",""LifeTime"":""11"",""Position"":""0,-440,0"",""Rotation"":""0,0,0""}},{""Tag"":""Trail"",""Attributes"":{""LowerPosition"":""0,-440,0"",""UpperPosition"":""0,120,0""}},{""Tag"":""Fx"",""Attributes"":{""Type"":""Bright"",""LifeTime"":""11"",""Position"":""0,-440,0"",""Rotation"":""0,0,0"",""Radius"":""5""}}]"
1662,Weapon,WuQi190926TaoHuaDaoDiJiJianQiao,,"[{""Tag"":""Fx"",""Attributes"":{""Type"":""Normal"",""LifeTime"":""1.5"",""Position"":""0,-20,0"",""Rotation"":""0,0,0""}},{""Tag"":""Trail"",""Attributes"":{""LowerPosition"":""0,-20,0"",""UpperPosition"":""0,55,0""}},{""Tag"":""Fx"",""Attributes"":{""Type"":""Bright"",""LifeTime"":""1.5"",""Position"":""0,-20,0"",""Rotation"":""0,0,0"",""Radius"":""5""}}]"
1663,Weapon,QuanGuoSaiWuQiZhuWeiHuoChong20191204,,"[{""Tag"":""Fx"",""Attributes"":{""Type"":""Normal"",""LifeTime"":""2"",""Position"":""0,-15,-10"",""Rotation"":""30,0,0""}},{""Tag"":""Trail"",""Attributes"":{""LowerPosition"":""0,-15,-10"",""UpperPosition"":""0,75,0""}},{""Tag"":""Fx"",""Attributes"":{""Type"":""Bright"",""LifeTime"":""2"",""Position"":""0,-15,-10"",""Rotation"":""30,0,0"",""Radius"":""5""}}]"
1664,Weapon,WuQi191217XuanYaoFenSe01,,"[{""Tag"":""Fx"",""Attributes"":{""Type"":""Normal"",""LifeTime"":""1"",""Position"":""0,0,0"",""Rotation"":""0,0,0""}},{""Tag"":""Trail"",""Attributes"":{""LowerPosition"":""0,0,0"",""UpperPosition"":""0,65,0""}},{""Tag"":""Fx"",""Attributes"":{""Type"":""Bright"",""LifeTime"":""1"",""Position"":""0,0,0"",""Rotation"":""0,0,0"",""Radius"":""5""}}]"
1665,Weapon,WuQi191217XuanYaoTiDeng03,,"[{""Tag"":""Fx"",""Attributes"":{""Type"":""Normal"",""LifeTime"":""1.5"",""Position"":""0,-15,0"",""Rotation"":""0,0,0""}},{""Tag"":""Trail"",""Attributes"":{""LowerPosition"":""0,-50,0"",""UpperPosition"":""0,50,-20""}},{""Tag"":""Fx"",""Attributes"":{""Type"":""Bright"",""LifeTime"":""1.5"",""Position"":""0,-15,0"",""Rotation"":""0,0,0"",""Radius"":""5""}}]"
1666,Weapon,ShangYuanJieHuanShiWuQi20191216,,"[{""Tag"":""Fx"",""Attributes"":{""Type"":""Normal"",""LifeTime"":""1.5"",""Position"":""0,-15,0"",""Rotation"":""-30,0,0""}},{""Tag"":""Trail"",""Attributes"":{""LowerPosition"":""0,-15,0"",""UpperPosition"":""0,65,0""}},{""Tag"":""Fx"",""Attributes"":{""Type"":""Bright"",""LifeTime"":""1.5"",""Position"":""0,-15,0"",""Rotation"":""-30,0,0"",""Radius"":""5""}}]"
1667,Weapon,ShangYuanJieHuanShiWuQi20191216Er,,"[{""Tag"":""Fx"",""Attributes"":{""Type"":""Normal"",""LifeTime"":""1.5"",""Position"":""0,-15,0"",""Rotation"":""-30,0,0""}},{""Tag"":""Trail"",""Attributes"":{""LowerPosition"":""0,-15,0"",""UpperPosition"":""0,65,0""}},{""Tag"":""Fx"",""Attributes"":{""Type"":""Bright"",""LifeTime"":""1.5"",""Position"":""0,-15,0"",""Rotation"":""-30,0,0"",""Radius"":""5""}}]"
1668,Weapon,ShangYuanJieHuanShiWuQi20191216San,,"[{""Tag"":""Fx"",""Attributes"":{""Type"":""Normal"",""LifeTime"":""1.5"",""Position"":""0,-15,0"",""Rotation"":""-30,0,0""}},{""Tag"":""Trail"",""Attributes"":{""LowerPosition"":""0,-15,0"",""UpperPosition"":""0,65,0""}},{""Tag"":""Fx"",""Attributes"":{""Type"":""Bright"",""LifeTime"":""1.5"",""Position"":""0,-15,0"",""Rotation"":""-30,0,0"",""Radius"":""5""}}]"
1669,Weapon,ShangYuanJieHuanShiWuQi20191216Si,,"[{""Tag"":""Fx"",""Attributes"":{""Type"":""Normal"",""LifeTime"":""1.5"",""Position"":""0,-15,0"",""Rotation"":""-30,0,0""}},{""Tag"":""Trail"",""Attributes"":{""LowerPosition"":""0,-15,0"",""UpperPosition"":""0,65,0""}},{""Tag"":""Fx"",""Attributes"":{""Type"":""Bright"",""LifeTime"":""1.5"",""Position"":""0,-15,0"",""Rotation"":""-30,0,0"",""Radius"":""5""}}]"
1670,Weapon,ShangYuanJieHuanShiWuQi20191216Wu,,"[{""Tag"":""Fx"",""Attributes"":{""Type"":""Normal"",""LifeTime"":""1.5"",""Position"":""0,-15,0"",""Rotation"":""-30,0,0""}},{""Tag"":""Trail"",""Attributes"":{""LowerPosition"":""0,-15,0"",""UpperPosition"":""0,65,0""}},{""Tag"":""Fx"",""Attributes"":{""Type"":""Bright"",""LifeTime"":""1.5"",""Position"":""0,-15,0"",""Rotation"":""-30,0,0"",""Radius"":""5""}}]"
1671,Weapon,WuQiZhouNianQingHuanShi20200414LiYuDaoJi,,"[{""Tag"":""Fx"",""Attributes"":{""Type"":""Normal"",""LifeTime"":""2.5"",""Position"":""0,20,0"",""Rotation"":""0,0,0""}},{""Tag"":""Trail"",""Attributes"":{""LowerPosition"":""0,20,0"",""UpperPosition"":""0,140,0""}},{""Tag"":""Fx"",""Attributes"":{""Type"":""Bright"",""LifeTime"":""2.5"",""Position"":""0,20,0"",""Rotation"":""0,0,0"",""Radius"":""5""}}]"
1672,Weapon,WuQiZhouNianQingHuanShi20200414LiYuDaoErJi,,"[{""Tag"":""Fx"",""Attributes"":{""Type"":""Normal"",""LifeTime"":""2.5"",""Position"":""0,20,0"",""Rotation"":""0,0,0""}},{""Tag"":""Trail"",""Attributes"":{""LowerPosition"":""0,20,0"",""UpperPosition"":""0,140,0""}},{""Tag"":""Fx"",""Attributes"":{""Type"":""Bright"",""LifeTime"":""2.5"",""Position"":""0,20,0"",""Rotation"":""0,0,0"",""Radius"":""5""}}]"
1673,Weapon,WuQiZhouNianQingHuanShi20200414LiYuDaoSanJi,,"[{""Tag"":""Fx"",""Attributes"":{""Type"":""Normal"",""LifeTime"":""2.5"",""Position"":""0,20,0"",""Rotation"":""0,0,0""}},{""Tag"":""Trail"",""Attributes"":{""LowerPosition"":""0,20,0"",""UpperPosition"":""0,140,0""}},{""Tag"":""Fx"",""Attributes"":{""Type"":""Bright"",""LifeTime"":""2.5"",""Position"":""0,20,0"",""Rotation"":""0,0,0"",""Radius"":""5""}}]"
1674,Weapon,WuQiZhouNianQingHuanShi20200414LiYuDaoSiJi,,"[{""Tag"":""Fx"",""Attributes"":{""Type"":""Normal"",""LifeTime"":""2.5"",""Position"":""0,20,0"",""Rotation"":""0,0,0""}},{""Tag"":""Trail"",""Attributes"":{""LowerPosition"":""0,20,0"",""UpperPosition"":""0,140,0""}},{""Tag"":""Fx"",""Attributes"":{""Type"":""Bright"",""LifeTime"":""2.5"",""Position"":""0,20,0"",""Rotation"":""0,0,0"",""Radius"":""5""}}]"
1675,Weapon,WuQiZhouNianQingHuanShi20200414LiYuDaoWuJi,,"[{""Tag"":""Fx"",""Attributes"":{""Type"":""Normal"",""LifeTime"":""2.5"",""Position"":""0,20,0"",""Rotation"":""0,0,0""}},{""Tag"":""Trail"",""Attributes"":{""LowerPosition"":""0,20,0"",""UpperPosition"":""0,140,0""}},{""Tag"":""Fx"",""Attributes"":{""Type"":""Bright"",""LifeTime"":""2.5"",""Position"":""0,20,0"",""Rotation"":""0,0,0"",""Radius"":""5""}}]"
1676,Weapon,npcGaiBangJiuTan,,"[{""Tag"":""Fx"",""Attributes"":{""Type"":""Normal"",""LifeTime"":""1"",""Position"":""0,-25,0"",""Rotation"":""0,0,0""}},{""Tag"":""Trail"",""Attributes"":{""LowerPosition"":""0,-25,0"",""UpperPosition"":""0,25,0""}},{""Tag"":""Fx"",""Attributes"":{""Type"":""Bright"",""LifeTime"":""1"",""Position"":""0,25,0"",""Rotation"":""0,0,0"",""Radius"":""5""}}]"
1677,Weapon,npcShaoLinMuYuBang,,"[{""Tag"":""Fx"",""Attributes"":{""Type"":""Normal"",""LifeTime"":""2.5"",""Position"":""0,-20,0"",""Rotation"":""0,0,0""}},{""Tag"":""Trail"",""Attributes"":{""LowerPosition"":""0,-20,0"",""UpperPosition"":""0,120,0""}},{""Tag"":""Fx"",""Attributes"":{""Type"":""Bright"",""LifeTime"":""2.5"",""Position"":""0,-20,0"",""Rotation"":""0,0,0"",""Radius"":""5""}}]"
1678,Weapon,ZiSeChunJiHuanShiWuQi20200410,,"[{""Tag"":""Fx"",""Attributes"":{""Type"":""Normal"",""LifeTime"":""2.5"",""Position"":""0,-5,0"",""Rotation"":""0,0,0""}},{""Tag"":""Trail"",""Attributes"":{""LowerPosition"":""0,-5,0"",""UpperPosition"":""0,100,0""}},{""Tag"":""Fx"",""Attributes"":{""Type"":""Bright"",""LifeTime"":""2.5"",""Position"":""0,-5,0"",""Rotation"":""0,0,0"",""Radius"":""5""}}]"
1679,Weapon,ZiSeChunJiHuanShiWuQi20200410ErJi,,"[{""Tag"":""Fx"",""Attributes"":{""Type"":""Normal"",""LifeTime"":""2.5"",""Position"":""0,-5,0"",""Rotation"":""0,0,0""}},{""Tag"":""Trail"",""Attributes"":{""LowerPosition"":""0,-5,0"",""UpperPosition"":""0,100,0""}},{""Tag"":""Fx"",""Attributes"":{""Type"":""Bright"",""LifeTime"":""2.5"",""Position"":""0,-5,0"",""Rotation"":""0,0,0"",""Radius"":""5""}}]"
1680,Weapon,ZiSeChunJiHuanShiWuQi20200410SanJi,,"[{""Tag"":""Fx"",""Attributes"":{""Type"":""Normal"",""LifeTime"":""2.5"",""Position"":""0,-5,0"",""Rotation"":""0,0,0""}},{""Tag"":""Trail"",""Attributes"":{""LowerPosition"":""0,-5,0"",""UpperPosition"":""0,100,0""}},{""Tag"":""Fx"",""Attributes"":{""Type"":""Bright"",""LifeTime"":""2.5"",""Position"":""0,-5,0"",""Rotation"":""0,0,0"",""Radius"":""5""}}]"
1681,Weapon,ZiSeChunJiHuanShiWuQi20200410SiJi,,"[{""Tag"":""Fx"",""Attributes"":{""Type"":""Normal"",""LifeTime"":""2.5"",""Position"":""0,-5,0"",""Rotation"":""0,0,0""}},{""Tag"":""Trail"",""Attributes"":{""LowerPosition"":""0,-5,0"",""UpperPosition"":""0,100,0""}},{""Tag"":""Fx"",""Attributes"":{""Type"":""Bright"",""LifeTime"":""2.5"",""Position"":""0,-5,0"",""Rotation"":""0,0,0"",""Radius"":""5""}}]"
1682,Weapon,ZiSeChunJiHuanShiWuQi20200410WuJi,,"[{""Tag"":""Fx"",""Attributes"":{""Type"":""Normal"",""LifeTime"":""2.5"",""Position"":""0,-5,0"",""Rotation"":""0,0,0""}},{""Tag"":""Trail"",""Attributes"":{""LowerPosition"":""0,-5,0"",""UpperPosition"":""0,100,0""}},{""Tag"":""Fx"",""Attributes"":{""Type"":""Bright"",""LifeTime"":""2.5"",""Position"":""0,-5,0"",""Rotation"":""0,0,0"",""Radius"":""5""}}]"
1683,Weapon,ZiSeChunJiHuanShiWuQi20200410NanZhuJiao,,"[{""Tag"":""Fx"",""Attributes"":{""Type"":""Normal"",""LifeTime"":""2.5"",""Position"":""0,-5,0"",""Rotation"":""0,0,0""}},{""Tag"":""Trail"",""Attributes"":{""LowerPosition"":""0,-5,0"",""UpperPosition"":""0,100,0""}},{""Tag"":""Fx"",""Attributes"":{""Type"":""Bright"",""LifeTime"":""2.5"",""Position"":""0,-5,0"",""Rotation"":""0,0,0"",""Radius"":""5""}}]"
1684,Weapon,ZiSeChunJiHuanShiWuQi20200410ErJiNanZhuJiaoEr,,"[{""Tag"":""Fx"",""Attributes"":{""Type"":""Normal"",""LifeTime"":""2.5"",""Position"":""0,-5,0"",""Rotation"":""0,0,0""}},{""Tag"":""Trail"",""Attributes"":{""LowerPosition"":""0,-5,0"",""UpperPosition"":""0,100,0""}},{""Tag"":""Fx"",""Attributes"":{""Type"":""Bright"",""LifeTime"":""2.5"",""Position"":""0,-5,0"",""Rotation"":""0,0,0"",""Radius"":""5""}}]"
1685,Weapon,ZiSeChunJiHuanShiWuQi20200410SanJiNanZhuJiaoSan,,"[{""Tag"":""Fx"",""Attributes"":{""Type"":""Normal"",""LifeTime"":""2.5"",""Position"":""0,-5,0"",""Rotation"":""0,0,0""}},{""Tag"":""Trail"",""Attributes"":{""LowerPosition"":""0,-5,0"",""UpperPosition"":""0,100,0""}},{""Tag"":""Fx"",""Attributes"":{""Type"":""Bright"",""LifeTime"":""2.5"",""Position"":""0,-5,0"",""Rotation"":""0,0,0"",""Radius"":""5""}}]"
1686,Weapon,ZiSeChunJiHuanShiWuQi20200410SiJiNanZhuJiaoSi,,"[{""Tag"":""Fx"",""Attributes"":{""Type"":""Normal"",""LifeTime"":""2.5"",""Position"":""0,-5,0"",""Rotation"":""0,0,0""}},{""Tag"":""Trail"",""Attributes"":{""LowerPosition"":""0,-5,0"",""UpperPosition"":""0,100,0""}},{""Tag"":""Fx"",""Attributes"":{""Type"":""Bright"",""LifeTime"":""2.5"",""Position"":""0,-5,0"",""Rotation"":""0,0,0"",""Radius"":""5""}}]"
1687,Weapon,ZiSeChunJiHuanShiWuQi20200410WuJiNanZhuJiaoWu,,"[{""Tag"":""Fx"",""Attributes"":{""Type"":""Normal"",""LifeTime"":""2.5"",""Position"":""0,-5,0"",""Rotation"":""0,0,0""}},{""Tag"":""Trail"",""Attributes"":{""LowerPosition"":""0,-5,0"",""UpperPosition"":""0,100,0""}},{""Tag"":""Fx"",""Attributes"":{""Type"":""Bright"",""LifeTime"":""2.5"",""Position"":""0,-5,0"",""Rotation"":""0,0,0"",""Radius"":""5""}}]"
1688,Weapon,ZiSeChunJiHuanShiWuQi20200410NuZhuJiao,,"[{""Tag"":""Fx"",""Attributes"":{""Type"":""Normal"",""LifeTime"":""2.5"",""Position"":""0,-5,0"",""Rotation"":""0,0,0""}},{""Tag"":""Trail"",""Attributes"":{""LowerPosition"":""0,-5,0"",""UpperPosition"":""0,100,0""}},{""Tag"":""Fx"",""Attributes"":{""Type"":""Bright"",""LifeTime"":""2.5"",""Position"":""0,-5,0"",""Rotation"":""0,0,0"",""Radius"":""5""}}]"
1689,Weapon,ZiSeChunJiHuanShiWuQi20200410ErJiNuZhuJiaoEr,,"[{""Tag"":""Fx"",""Attributes"":{""Type"":""Normal"",""LifeTime"":""2.5"",""Position"":""0,-5,0"",""Rotation"":""0,0,0""}},{""Tag"":""Trail"",""Attributes"":{""LowerPosition"":""0,-5,0"",""UpperPosition"":""0,100,0""}},{""Tag"":""Fx"",""Attributes"":{""Type"":""Bright"",""LifeTime"":""2.5"",""Position"":""0,-5,0"",""Rotation"":""0,0,0"",""Radius"":""5""}}]"
1690,Weapon,ZiSeChunJiHuanShiWuQi20200410SanJiNuZhuJiaoSan,,"[{""Tag"":""Fx"",""Attributes"":{""Type"":""Normal"",""LifeTime"":""2.5"",""Position"":""0,-5,0"",""Rotation"":""0,0,0""}},{""Tag"":""Trail"",""Attributes"":{""LowerPosition"":""0,-5,0"",""UpperPosition"":""0,100,0""}},{""Tag"":""Fx"",""Attributes"":{""Type"":""Bright"",""LifeTime"":""2.5"",""Position"":""0,-5,0"",""Rotation"":""0,0,0"",""Radius"":""5""}}]"
1691,Weapon,ZiSeChunJiHuanShiWuQi20200410SiJiNuZhuJiaoSi,,"[{""Tag"":""Fx"",""Attributes"":{""Type"":""Normal"",""LifeTime"":""2.5"",""Position"":""0,-5,0"",""Rotation"":""0,0,0""}},{""Tag"":""Trail"",""Attributes"":{""LowerPosition"":""0,-5,0"",""UpperPosition"":""0,100,0""}},{""Tag"":""Fx"",""Attributes"":{""Type"":""Bright"",""LifeTime"":""2.5"",""Position"":""0,-5,0"",""Rotation"":""0,0,0"",""Radius"":""5""}}]"
1692,Weapon,ZiSeChunJiHuanShiWuQi20200410WuJiNuZhuJiaoWu,,"[{""Tag"":""Fx"",""Attributes"":{""Type"":""Normal"",""LifeTime"":""2.5"",""Position"":""0,-5,0"",""Rotation"":""0,0,0""}},{""Tag"":""Trail"",""Attributes"":{""LowerPosition"":""0,-5,0"",""UpperPosition"":""0,100,0""}},{""Tag"":""Fx"",""Attributes"":{""Type"":""Bright"",""LifeTime"":""2.5"",""Position"":""0,-5,0"",""Rotation"":""0,0,0"",""Radius"":""5""}}]"
1693,Weapon,GaiBangMenPaiGaoShouWuQi,,"[{""Tag"":""Fx"",""Attributes"":{""Type"":""Normal"",""LifeTime"":""1.5"",""Position"":""0,-50,0"",""Rotation"":""0,0,180""}},{""Tag"":""Fx"",""Attributes"":{""Type"":""Normal"",""LifeTime"":""1.5"",""Position"":""0,80,0"",""Rotation"":""0,0,0""}},{""Tag"":""Trail"",""Attributes"":{""LowerPosition"":""0,80,0"",""UpperPosition"":""0,140,0""}},{""Tag"":""Fx"",""Attributes"":{""Type"":""Bright"",""LifeTime"":""1.5"",""Position"":""0,-50,0"",""Rotation"":""0,0,180"",""Radius"":""5""}},{""Tag"":""Fx"",""Attributes"":{""Type"":""Bright"",""LifeTime"":""1.5"",""Position"":""0,80,0"",""Rotation"":""0,0,0"",""Radius"":""5""}}]"
1694,Weapon,GaiBangMenPaiGaoShouWuQiErJi,,"[{""Tag"":""Fx"",""Attributes"":{""Type"":""Normal"",""LifeTime"":""1.5"",""Position"":""0,-50,0"",""Rotation"":""0,0,180""}},{""Tag"":""Fx"",""Attributes"":{""Type"":""Normal"",""LifeTime"":""1.5"",""Position"":""0,80,0"",""Rotation"":""0,0,0""}},{""Tag"":""Trail"",""Attributes"":{""LowerPosition"":""0,80,0"",""UpperPosition"":""0,140,0""}},{""Tag"":""Fx"",""Attributes"":{""Type"":""Bright"",""LifeTime"":""1.5"",""Position"":""0,-50,0"",""Rotation"":""0,0,180"",""Radius"":""5""}},{""Tag"":""Fx"",""Attributes"":{""Type"":""Bright"",""LifeTime"":""1.5"",""Position"":""0,80,0"",""Rotation"":""0,0,0"",""Radius"":""5""}}]"
1695,Weapon,GaiBangMenPaiGaoShouWuQiSanJi,,"[{""Tag"":""Fx"",""Attributes"":{""Type"":""Normal"",""LifeTime"":""1.5"",""Position"":""0,-50,0"",""Rotation"":""0,0,180""}},{""Tag"":""Fx"",""Attributes"":{""Type"":""Normal"",""LifeTime"":""1.5"",""Position"":""0,80,0"",""Rotation"":""0,0,0""}},{""Tag"":""Trail"",""Attributes"":{""LowerPosition"":""0,80,0"",""UpperPosition"":""0,140,0""}},{""Tag"":""Fx"",""Attributes"":{""Type"":""Bright"",""LifeTime"":""1.5"",""Position"":""0,-50,0"",""Rotation"":""0,0,180"",""Radius"":""5""}},{""Tag"":""Fx"",""Attributes"":{""Type"":""Bright"",""LifeTime"":""1.5"",""Position"":""0,80,0"",""Rotation"":""0,0,0"",""Radius"":""5""}}]"
1696,Weapon,GaiBangMenPaiGaoShouWuQiSiJi,,"[{""Tag"":""Fx"",""Attributes"":{""Type"":""Normal"",""LifeTime"":""1.5"",""Position"":""0,-50,0"",""Rotation"":""0,0,180""}},{""Tag"":""Fx"",""Attributes"":{""Type"":""Normal"",""LifeTime"":""1.5"",""Position"":""0,80,0"",""Rotation"":""0,0,0""}},{""Tag"":""Trail"",""Attributes"":{""LowerPosition"":""0,80,0"",""UpperPosition"":""0,140,0""}},{""Tag"":""Fx"",""Attributes"":{""Type"":""Bright"",""LifeTime"":""1.5"",""Position"":""0,-50,0"",""Rotation"":""0,0,180"",""Radius"":""5""}},{""Tag"":""Fx"",""Attributes"":{""Type"":""Bright"",""LifeTime"":""1.5"",""Position"":""0,80,0"",""Rotation"":""0,0,0"",""Radius"":""5""}}]"
1697,Weapon,GaiBangMenPaiGaoShouWuQiWuJi,,"[{""Tag"":""Fx"",""Attributes"":{""Type"":""Normal"",""LifeTime"":""1.5"",""Position"":""0,-50,0"",""Rotation"":""0,0,180""}},{""Tag"":""Fx"",""Attributes"":{""Type"":""Normal"",""LifeTime"":""1.5"",""Position"":""0,80,0"",""Rotation"":""0,0,0""}},{""Tag"":""Trail"",""Attributes"":{""LowerPosition"":""0,80,0"",""UpperPosition"":""0,140,0""}},{""Tag"":""Fx"",""Attributes"":{""Type"":""Bright"",""LifeTime"":""1.5"",""Position"":""0,-50,0"",""Rotation"":""0,0,180"",""Radius"":""5""}},{""Tag"":""Fx"",""Attributes"":{""Type"":""Bright"",""LifeTime"":""1.5"",""Position"":""0,80,0"",""Rotation"":""0,0,0"",""Radius"":""5""}}]"
1698,Weapon,ShaoLinMenPaiGaoShouWuQi,,"[{""Tag"":""Fx"",""Attributes"":{""Type"":""Normal"",""LifeTime"":""1"",""Position"":""0,-90,0"",""Rotation"":""0,0,180""}},{""Tag"":""Fx"",""Attributes"":{""Type"":""Normal"",""LifeTime"":""1.5"",""Position"":""0,70,0"",""Rotation"":""0,0,0""}},{""Tag"":""Trail"",""Attributes"":{""LowerPosition"":""0,70,0"",""UpperPosition"":""0,140,0""}},{""Tag"":""Fx"",""Attributes"":{""Type"":""Bright"",""LifeTime"":""1"",""Position"":""0,-90,0"",""Rotation"":""0,0,180"",""Radius"":""5""}},{""Tag"":""Fx"",""Attributes"":{""Type"":""Bright"",""LifeTime"":""1.5"",""Position"":""0,70,0"",""Rotation"":""0,0,0"",""Radius"":""5""}}]"
1699,Weapon,ShaoLinMenPaiGaoShouWuQiErJi,,"[{""Tag"":""Fx"",""Attributes"":{""Type"":""Normal"",""LifeTime"":""1"",""Position"":""0,-90,0"",""Rotation"":""0,0,180""}},{""Tag"":""Fx"",""Attributes"":{""Type"":""Normal"",""LifeTime"":""1.5"",""Position"":""0,70,0"",""Rotation"":""0,0,0""}},{""Tag"":""Trail"",""Attributes"":{""LowerPosition"":""0,70,0"",""UpperPosition"":""0,140,0""}},{""Tag"":""Fx"",""Attributes"":{""Type"":""Bright"",""LifeTime"":""1"",""Position"":""0,-90,0"",""Rotation"":""0,0,180"",""Radius"":""5""}},{""Tag"":""Fx"",""Attributes"":{""Type"":""Bright"",""LifeTime"":""1.5"",""Position"":""0,70,0"",""Rotation"":""0,0,0"",""Radius"":""5""}}]"
1700,Weapon,ShaoLinMenPaiGaoShouWuQiSanJi,,"[{""Tag"":""Fx"",""Attributes"":{""Type"":""Normal"",""LifeTime"":""1"",""Position"":""0,-90,0"",""Rotation"":""0,0,180""}},{""Tag"":""Fx"",""Attributes"":{""Type"":""Normal"",""LifeTime"":""1.5"",""Position"":""0,70,0"",""Rotation"":""0,0,0""}},{""Tag"":""Trail"",""Attributes"":{""LowerPosition"":""0,70,0"",""UpperPosition"":""0,140,0""}},{""Tag"":""Fx"",""Attributes"":{""Type"":""Bright"",""LifeTime"":""1"",""Position"":""0,-90,0"",""Rotation"":""0,0,180"",""Radius"":""5""}},{""Tag"":""Fx"",""Attributes"":{""Type"":""Bright"",""LifeTime"":""1.5"",""Position"":""0,70,0"",""Rotation"":""0,0,0"",""Radius"":""5""}}]"
1701,Weapon,ShaoLinMenPaiGaoShouWuQiSiJi,,"[{""Tag"":""Fx"",""Attributes"":{""Type"":""Normal"",""LifeTime"":""1"",""Position"":""0,-90,0"",""Rotation"":""0,0,180""}},{""Tag"":""Fx"",""Attributes"":{""Type"":""Normal"",""LifeTime"":""1.5"",""Position"":""0,70,0"",""Rotation"":""0,0,0""}},{""Tag"":""Trail"",""Attributes"":{""LowerPosition"":""0,70,0"",""UpperPosition"":""0,140,0""}},{""Tag"":""Fx"",""Attributes"":{""Type"":""Bright"",""LifeTime"":""1"",""Position"":""0,-90,0"",""Rotation"":""0,0,180"",""Radius"":""5""}},{""Tag"":""Fx"",""Attributes"":{""Type"":""Bright"",""LifeTime"":""1.5"",""Position"":""0,70,0"",""Rotation"":""0,0,0"",""Radius"":""5""}}]"
1702,Weapon,ShaoLinMenPaiGaoShouWuQiWuJi,,"[{""Tag"":""Fx"",""Attributes"":{""Type"":""Normal"",""LifeTime"":""1"",""Position"":""0,-90,0"",""Rotation"":""0,0,180""}},{""Tag"":""Fx"",""Attributes"":{""Type"":""Normal"",""LifeTime"":""1.5"",""Position"":""0,70,0"",""Rotation"":""0,0,0""}},{""Tag"":""Trail"",""Attributes"":{""LowerPosition"":""0,70,0"",""UpperPosition"":""0,140,0""}},{""Tag"":""Fx"",""Attributes"":{""Type"":""Bright"",""LifeTime"":""1"",""Position"":""0,-90,0"",""Rotation"":""0,0,180"",""Radius"":""5""}},{""Tag"":""Fx"",""Attributes"":{""Type"":""Bright"",""LifeTime"":""1.5"",""Position"":""0,70,0"",""Rotation"":""0,0,0"",""Radius"":""5""}}]"
1703,Weapon,XiaoYaoMenPaiGaoShouWuQi,,"[{""Tag"":""Fx"",""Attributes"":{""Type"":""Normal"",""LifeTime"":""1.2"",""Position"":""0,0,0"",""Rotation"":""30,0,0""}},{""Tag"":""Fx"",""Attributes"":{""Type"":""Normal"",""LifeTime"":""1.2"",""Position"":""0,0,0"",""Rotation"":""60,0,0""}},{""Tag"":""Fx"",""Attributes"":{""Type"":""Normal"",""LifeTime"":""1.2"",""Position"":""0,0,0"",""Rotation"":""90,0,0""}},{""Tag"":""Fx"",""Attributes"":{""Type"":""Normal"",""LifeTime"":""1.2"",""Position"":""0,0,0"",""Rotation"":""125,0,0""}},{""Tag"":""Fx"",""Attributes"":{""Type"":""Normal"",""LifeTime"":""1.2"",""Position"":""0,0,0"",""Rotation"":""150,0,0""}},{""Tag"":""Trail"",""Attributes"":{""LowerPosition"":""0,-40,0"",""UpperPosition"":""0,40,0""}},{""Tag"":""Fx"",""Attributes"":{""Type"":""Bright"",""LifeTime"":""1.2"",""Position"":""0,0,0"",""Rotation"":""90,0,0"",""Radius"":""5""}}]"
1704,Weapon,XiaoYaoMenPaiGaoShouWuQiErJi,,"[{""Tag"":""Fx"",""Attributes"":{""Type"":""Normal"",""LifeTime"":""1.2"",""Position"":""0,0,0"",""Rotation"":""30,0,0""}},{""Tag"":""Fx"",""Attributes"":{""Type"":""Normal"",""LifeTime"":""1.2"",""Position"":""0,0,0"",""Rotation"":""60,0,0""}},{""Tag"":""Fx"",""Attributes"":{""Type"":""Normal"",""LifeTime"":""1.2"",""Position"":""0,0,0"",""Rotation"":""90,0,0""}},{""Tag"":""Fx"",""Attributes"":{""Type"":""Normal"",""LifeTime"":""1.2"",""Position"":""0,0,0"",""Rotation"":""125,0,0""}},{""Tag"":""Fx"",""Attributes"":{""Type"":""Normal"",""LifeTime"":""1.2"",""Position"":""0,0,0"",""Rotation"":""150,0,0""}},{""Tag"":""Trail"",""Attributes"":{""LowerPosition"":""0,-40,0"",""UpperPosition"":""0,40,0""}},{""Tag"":""Fx"",""Attributes"":{""Type"":""Bright"",""LifeTime"":""1.2"",""Position"":""0,0,0"",""Rotation"":""90,0,0"",""Radius"":""5""}}]"
1705,Weapon,XiaoYaoMenPaiGaoShouWuQiSanJi,,"[{""Tag"":""Fx"",""Attributes"":{""Type"":""Normal"",""LifeTime"":""1.2"",""Position"":""0,0,0"",""Rotation"":""30,0,0""}},{""Tag"":""Fx"",""Attributes"":{""Type"":""Normal"",""LifeTime"":""1.2"",""Position"":""0,0,0"",""Rotation"":""60,0,0""}},{""Tag"":""Fx"",""Attributes"":{""Type"":""Normal"",""LifeTime"":""1.2"",""Position"":""0,0,0"",""Rotation"":""90,0,0""}},{""Tag"":""Fx"",""Attributes"":{""Type"":""Normal"",""LifeTime"":""1.2"",""Position"":""0,0,0"",""Rotation"":""125,0,0""}},{""Tag"":""Fx"",""Attributes"":{""Type"":""Normal"",""LifeTime"":""1.2"",""Position"":""0,0,0"",""Rotation"":""150,0,0""}},{""Tag"":""Trail"",""Attributes"":{""LowerPosition"":""0,-40,0"",""UpperPosition"":""0,40,0""}},{""Tag"":""Fx"",""Attributes"":{""Type"":""Bright"",""LifeTime"":""1.2"",""Position"":""0,0,0"",""Rotation"":""90,0,0"",""Radius"":""5""}}]"
1706,Weapon,XiaoYaoMenPaiGaoShouWuQiSiJi,,"[{""Tag"":""Fx"",""Attributes"":{""Type"":""Normal"",""LifeTime"":""1.2"",""Position"":""0,0,0"",""Rotation"":""30,0,0""}},{""Tag"":""Fx"",""Attributes"":{""Type"":""Normal"",""LifeTime"":""1.2"",""Position"":""0,0,0"",""Rotation"":""60,0,0""}},{""Tag"":""Fx"",""Attributes"":{""Type"":""Normal"",""LifeTime"":""1.2"",""Position"":""0,0,0"",""Rotation"":""90,0,0""}},{""Tag"":""Fx"",""Attributes"":{""Type"":""Normal"",""LifeTime"":""1.2"",""Position"":""0,0,0"",""Rotation"":""125,0,0""}},{""Tag"":""Fx"",""Attributes"":{""Type"":""Normal"",""LifeTime"":""1.2"",""Position"":""0,0,0"",""Rotation"":""150,0,0""}},{""Tag"":""Trail"",""Attributes"":{""LowerPosition"":""0,-40,0"",""UpperPosition"":""0,40,0""}},{""Tag"":""Fx"",""Attributes"":{""Type"":""Bright"",""LifeTime"":""1.2"",""Position"":""0,0,0"",""Rotation"":""90,0,0"",""Radius"":""5""}}]"
1707,Weapon,XiaoYaoMenPaiGaoShouWuQiWuJi,,"[{""Tag"":""Fx"",""Attributes"":{""Type"":""Normal"",""LifeTime"":""1.2"",""Position"":""0,0,0"",""Rotation"":""30,0,0""}},{""Tag"":""Fx"",""Attributes"":{""Type"":""Normal"",""LifeTime"":""1.2"",""Position"":""0,0,0"",""Rotation"":""60,0,0""}},{""Tag"":""Fx"",""Attributes"":{""Type"":""Normal"",""LifeTime"":""1.2"",""Position"":""0,0,0"",""Rotation"":""90,0,0""}},{""Tag"":""Fx"",""Attributes"":{""Type"":""Normal"",""LifeTime"":""1.2"",""Position"":""0,0,0"",""Rotation"":""125,0,0""}},{""Tag"":""Fx"",""Attributes"":{""Type"":""Normal"",""LifeTime"":""1.2"",""Position"":""0,0,0"",""Rotation"":""150,0,0""}},{""Tag"":""Trail"",""Attributes"":{""LowerPosition"":""0,-40,0"",""UpperPosition"":""0,40,0""}},{""Tag"":""Fx"",""Attributes"":{""Type"":""Bright"",""LifeTime"":""1.2"",""Position"":""0,0,0"",""Rotation"":""90,0,0"",""Radius"":""5""}}]"
1708,Weapon,MingJiaoMenPaiGaoShouWuQi,,"[{""Tag"":""Fx"",""Attributes"":{""Type"":""Normal"",""LifeTime"":""1"",""Position"":""0,-90,0"",""Rotation"":""0,0,180""}},{""Tag"":""Fx"",""Attributes"":{""Type"":""Normal"",""LifeTime"":""1.5"",""Position"":""0,65,0"",""Rotation"":""0,0,0""}},{""Tag"":""Fx"",""Attributes"":{""Type"":""Normal"",""LifeTime"":""0.75"",""Position"":""0,115,0"",""Rotation"":""-45,0,0""}},{""Tag"":""Trail"",""Attributes"":{""LowerPosition"":""0,80,0"",""UpperPosition"":""0,140,0""}},{""Tag"":""Fx"",""Attributes"":{""Type"":""Bright"",""LifeTime"":""1.5"",""Position"":""0,-50,0"",""Rotation"":""0,0,180"",""Radius"":""5""}},{""Tag"":""Fx"",""Attributes"":{""Type"":""Bright"",""LifeTime"":""1.5"",""Position"":""0,80,0"",""Rotation"":""0,0,0"",""Radius"":""5""}}]"
1709,Weapon,MingJiaoMenPaiGaoShouWuQiErJi,,"[{""Tag"":""Fx"",""Attributes"":{""Type"":""Normal"",""LifeTime"":""1"",""Position"":""0,-90,0"",""Rotation"":""0,0,180""}},{""Tag"":""Fx"",""Attributes"":{""Type"":""Normal"",""LifeTime"":""1.5"",""Position"":""0,65,0"",""Rotation"":""0,0,0""}},{""Tag"":""Fx"",""Attributes"":{""Type"":""Normal"",""LifeTime"":""0.75"",""Position"":""0,115,0"",""Rotation"":""-45,0,0""}},{""Tag"":""Trail"",""Attributes"":{""LowerPosition"":""0,80,0"",""UpperPosition"":""0,140,0""}},{""Tag"":""Fx"",""Attributes"":{""Type"":""Bright"",""LifeTime"":""1.5"",""Position"":""0,-50,0"",""Rotation"":""0,0,180"",""Radius"":""5""}},{""Tag"":""Fx"",""Attributes"":{""Type"":""Bright"",""LifeTime"":""1.5"",""Position"":""0,80,0"",""Rotation"":""0,0,0"",""Radius"":""5""}}]"
1710,Weapon,MingJiaoMenPaiGaoShouWuQiSanJi,,"[{""Tag"":""Fx"",""Attributes"":{""Type"":""Normal"",""LifeTime"":""1"",""Position"":""0,-90,0"",""Rotation"":""0,0,180""}},{""Tag"":""Fx"",""Attributes"":{""Type"":""Normal"",""LifeTime"":""1.5"",""Position"":""0,65,0"",""Rotation"":""0,0,0""}},{""Tag"":""Fx"",""Attributes"":{""Type"":""Normal"",""LifeTime"":""0.75"",""Position"":""0,115,0"",""Rotation"":""-45,0,0""}},{""Tag"":""Trail"",""Attributes"":{""LowerPosition"":""0,80,0"",""UpperPosition"":""0,140,0""}},{""Tag"":""Fx"",""Attributes"":{""Type"":""Bright"",""LifeTime"":""1.5"",""Position"":""0,-50,0"",""Rotation"":""0,0,180"",""Radius"":""5""}},{""Tag"":""Fx"",""Attributes"":{""Type"":""Bright"",""LifeTime"":""1.5"",""Position"":""0,80,0"",""Rotation"":""0,0,0"",""Radius"":""5""}}]"
1711,Weapon,MingJiaoMenPaiGaoShouWuQiSiJi,,"[{""Tag"":""Fx"",""Attributes"":{""Type"":""Normal"",""LifeTime"":""1"",""Position"":""0,-90,0"",""Rotation"":""0,0,180""}},{""Tag"":""Fx"",""Attributes"":{""Type"":""Normal"",""LifeTime"":""1.5"",""Position"":""0,65,0"",""Rotation"":""0,0,0""}},{""Tag"":""Fx"",""Attributes"":{""Type"":""Normal"",""LifeTime"":""0.75"",""Position"":""0,115,0"",""Rotation"":""-45,0,0""}},{""Tag"":""Trail"",""Attributes"":{""LowerPosition"":""0,80,0"",""UpperPosition"":""0,140,0""}},{""Tag"":""Fx"",""Attributes"":{""Type"":""Bright"",""LifeTime"":""1.5"",""Position"":""0,-50,0"",""Rotation"":""0,0,180"",""Radius"":""5""}},{""Tag"":""Fx"",""Attributes"":{""Type"":""Bright"",""LifeTime"":""1.5"",""Position"":""0,80,0"",""Rotation"":""0,0,0"",""Radius"":""5""}}]"
1712,Weapon,MingJiaoMenPaiGaoShouWuQiWuJi,,"[{""Tag"":""Fx"",""Attributes"":{""Type"":""Normal"",""LifeTime"":""1"",""Position"":""0,-90,0"",""Rotation"":""0,0,180""}},{""Tag"":""Fx"",""Attributes"":{""Type"":""Normal"",""LifeTime"":""1.5"",""Position"":""0,65,0"",""Rotation"":""0,0,0""}},{""Tag"":""Fx"",""Attributes"":{""Type"":""Normal"",""LifeTime"":""0.75"",""Position"":""0,115,0"",""Rotation"":""-45,0,0""}},{""Tag"":""Trail"",""Attributes"":{""LowerPosition"":""0,80,0"",""UpperPosition"":""0,140,0""}},{""Tag"":""Fx"",""Attributes"":{""Type"":""Bright"",""LifeTime"":""1.5"",""Position"":""0,-50,0"",""Rotation"":""0,0,180"",""Radius"":""5""}},{""Tag"":""Fx"",""Attributes"":{""Type"":""Bright"",""LifeTime"":""1.5"",""Position"":""0,80,0"",""Rotation"":""0,0,0"",""Radius"":""5""}}]"
1713,Weapon,WuDangMenPaiGaoShouWuQi,,"[{""Tag"":""Fx"",""Attributes"":{""Type"":""Normal"",""LifeTime"":""2.5"",""Position"":""0,20,0"",""Rotation"":""0,0,0""}},{""Tag"":""Trail"",""Attributes"":{""LowerPosition"":""0,20,0"",""UpperPosition"":""0,130,0""}},{""Tag"":""Fx"",""Attributes"":{""Type"":""Bright"",""LifeTime"":""2.5"",""Position"":""0,20,0"",""Rotation"":""0,0,0"",""Radius"":""5""}}]"
1714,Weapon,WuDangMenPaiGaoShouWuQiErJi,,"[{""Tag"":""Fx"",""Attributes"":{""Type"":""Normal"",""LifeTime"":""2.5"",""Position"":""0,20,0"",""Rotation"":""0,0,0""}},{""Tag"":""Trail"",""Attributes"":{""LowerPosition"":""0,20,0"",""UpperPosition"":""0,130,0""}},{""Tag"":""Fx"",""Attributes"":{""Type"":""Bright"",""LifeTime"":""2.5"",""Position"":""0,20,0"",""Rotation"":""0,0,0"",""Radius"":""5""}}]"
1715,Weapon,WuDangMenPaiGaoShouWuQiSanJi,,"[{""Tag"":""Fx"",""Attributes"":{""Type"":""Normal"",""LifeTime"":""2.5"",""Position"":""0,20,0"",""Rotation"":""0,0,0""}},{""Tag"":""Trail"",""Attributes"":{""LowerPosition"":""0,20,0"",""UpperPosition"":""0,130,0""}},{""Tag"":""Fx"",""Attributes"":{""Type"":""Bright"",""LifeTime"":""2.5"",""Position"":""0,20,0"",""Rotation"":""0,0,0"",""Radius"":""5""}}]"
1716,Weapon,WuDangMenPaiGaoShouWuQiSiJi,,"[{""Tag"":""Fx"",""Attributes"":{""Type"":""Normal"",""LifeTime"":""2.5"",""Position"":""0,20,0"",""Rotation"":""0,0,0""}},{""Tag"":""Trail"",""Attributes"":{""LowerPosition"":""0,20,0"",""UpperPosition"":""0,130,0""}},{""Tag"":""Fx"",""Attributes"":{""Type"":""Bright"",""LifeTime"":""2.5"",""Position"":""0,20,0"",""Rotation"":""0,0,0"",""Radius"":""5""}}]"
1717,Weapon,WuDangMenPaiGaoShouWuQiWuJi,,"[{""Tag"":""Fx"",""Attributes"":{""Type"":""Normal"",""LifeTime"":""2.5"",""Position"":""0,20,0"",""Rotation"":""0,0,0""}},{""Tag"":""Trail"",""Attributes"":{""LowerPosition"":""0,20,0"",""UpperPosition"":""0,130,0""}},{""Tag"":""Fx"",""Attributes"":{""Type"":""Bright"",""LifeTime"":""2.5"",""Position"":""0,20,0"",""Rotation"":""0,0,0"",""Radius"":""5""}}]"
1718,Weapon,WuDangMenPaiGaoShouWuQiWuJi,,"[{""Tag"":""Fx"",""Attributes"":{""Type"":""Normal"",""LifeTime"":""2.5"",""Position"":""0,20,0"",""Rotation"":""0,0,0""}},{""Tag"":""Trail"",""Attributes"":{""LowerPosition"":""0,20,0"",""UpperPosition"":""0,130,0""}},{""Tag"":""Fx"",""Attributes"":{""Type"":""Bright"",""LifeTime"":""2.5"",""Position"":""0,20,0"",""Rotation"":""0,0,0"",""Radius"":""5""}}]"
1719,Weapon,WuQiXinMenPaiGuQin,,"[{""Tag"":""Fx"",""Attributes"":{""Type"":""Normal"",""LifeTime"":""2.5"",""Position"":""0,-60,0"",""Rotation"":""0,0,0""}},{""Tag"":""Trail"",""Attributes"":{""LowerPosition"":""0,20,0"",""UpperPosition"":""0,130,0""}},{""Tag"":""Fx"",""Attributes"":{""Type"":""Bright"",""LifeTime"":""2.5"",""Position"":""0,-60,0"",""Rotation"":""0,0,0"",""Radius"":""5""}}]"
1720,Weapon,WuQi220621ManTuo102JiShenQiJianSu,,"[{""Tag"":""Fx"",""Attributes"":{""Type"":""Normal"",""LifeTime"":""2.5"",""Position"":""0,-60,0"",""Rotation"":""0,0,0""}},{""Tag"":""Trail"",""Attributes"":{""LowerPosition"":""0,20,0"",""UpperPosition"":""0,130,0""}},{""Tag"":""Fx"",""Attributes"":{""Type"":""Bright"",""LifeTime"":""2.5"",""Position"":""0,-60,0"",""Rotation"":""0,0,0"",""Radius"":""5""}}]"
1721,Weapon,WuQi220621ManTuo96JiShenQi,,"[{""Tag"":""Fx"",""Attributes"":{""Type"":""Normal"",""LifeTime"":""2.5"",""Position"":""0,-60,0"",""Rotation"":""0,0,0""}},{""Tag"":""Trail"",""Attributes"":{""LowerPosition"":""0,20,0"",""UpperPosition"":""0,130,0""}},{""Tag"":""Fx"",""Attributes"":{""Type"":""Bright"",""LifeTime"":""2.5"",""Position"":""0,-60,0"",""Rotation"":""0,0,0"",""Radius"":""5""}}]"
1722,Weapon,WuQi220621ManTuo92JiShenQi,,"[{""Tag"":""Fx"",""Attributes"":{""Type"":""Normal"",""LifeTime"":""2.5"",""Position"":""0,-60,0"",""Rotation"":""0,0,0""}},{""Tag"":""Trail"",""Attributes"":{""LowerPosition"":""0,20,0"",""UpperPosition"":""0,130,0""}},{""Tag"":""Fx"",""Attributes"":{""Type"":""Bright"",""LifeTime"":""2.5"",""Position"":""0,-60,0"",""Rotation"":""0,0,0"",""Radius"":""5""}}]"
1723,Weapon,WuQi220803PuTongBaiZhuang,,"[{""Tag"":""Fx"",""Attributes"":{""Type"":""Normal"",""LifeTime"":""2.5"",""Position"":""0,-60,0"",""Rotation"":""0,0,0""}},{""Tag"":""Trail"",""Attributes"":{""LowerPosition"":""0,20,0"",""UpperPosition"":""0,130,0""}},{""Tag"":""Fx"",""Attributes"":{""Type"":""Bright"",""LifeTime"":""2.5"",""Position"":""0,-60,0"",""Rotation"":""0,0,0"",""Radius"":""5""}}]"
1724,Weapon,WuQi220803PuTongDiXingEr,,"[{""Tag"":""Fx"",""Attributes"":{""Type"":""Normal"",""LifeTime"":""2.5"",""Position"":""0,-60,0"",""Rotation"":""0,0,0""}},{""Tag"":""Trail"",""Attributes"":{""LowerPosition"":""0,20,0"",""UpperPosition"":""0,130,0""}},{""Tag"":""Fx"",""Attributes"":{""Type"":""Bright"",""LifeTime"":""2.5"",""Position"":""0,-60,0"",""Rotation"":""0,0,0"",""Radius"":""5""}}]"
1725,Weapon,WuQi220803PuTongDiXing,,"[{""Tag"":""Fx"",""Attributes"":{""Type"":""Normal"",""LifeTime"":""2.5"",""Position"":""0,-60,0"",""Rotation"":""0,0,0""}},{""Tag"":""Trail"",""Attributes"":{""LowerPosition"":""0,20,0"",""UpperPosition"":""0,130,0""}},{""Tag"":""Fx"",""Attributes"":{""Type"":""Bright"",""LifeTime"":""2.5"",""Position"":""0,-60,0"",""Rotation"":""0,0,0"",""Radius"":""5""}}]"
1726,Weapon,WuQi220803PuTongLuZhuangEr,,"[{""Tag"":""Fx"",""Attributes"":{""Type"":""Normal"",""LifeTime"":""2.5"",""Position"":""0,-60,0"",""Rotation"":""0,0,0""}},{""Tag"":""Trail"",""Attributes"":{""LowerPosition"":""0,20,0"",""UpperPosition"":""0,130,0""}},{""Tag"":""Fx"",""Attributes"":{""Type"":""Bright"",""LifeTime"":""2.5"",""Position"":""0,-60,0"",""Rotation"":""0,0,0"",""Radius"":""5""}}]"
1727,Weapon,WuQi220803PuTongLuZhuang,,"[{""Tag"":""Fx"",""Attributes"":{""Type"":""Normal"",""LifeTime"":""2.5"",""Position"":""0,-60,0"",""Rotation"":""0,0,0""}},{""Tag"":""Trail"",""Attributes"":{""LowerPosition"":""0,20,0"",""UpperPosition"":""0,130,0""}},{""Tag"":""Fx"",""Attributes"":{""Type"":""Bright"",""LifeTime"":""2.5"",""Position"":""0,-60,0"",""Rotation"":""0,0,0"",""Radius"":""5""}}]"
1728,Weapon,WuQi220803PuTongShouGongEr,,"[{""Tag"":""Fx"",""Attributes"":{""Type"":""Normal"",""LifeTime"":""2.5"",""Position"":""0,-60,0"",""Rotation"":""0,0,0""}},{""Tag"":""Trail"",""Attributes"":{""LowerPosition"":""0,20,0"",""UpperPosition"":""0,130,0""}},{""Tag"":""Fx"",""Attributes"":{""Type"":""Bright"",""LifeTime"":""2.5"",""Position"":""0,-60,0"",""Rotation"":""0,0,0"",""Radius"":""5""}}]"
1729,Weapon,WuQi220803PuTongShouGong,,"[{""Tag"":""Fx"",""Attributes"":{""Type"":""Normal"",""LifeTime"":""2.5"",""Position"":""0,-60,0"",""Rotation"":""0,0,0""}},{""Tag"":""Trail"",""Attributes"":{""LowerPosition"":""0,20,0"",""UpperPosition"":""0,130,0""}},{""Tag"":""Fx"",""Attributes"":{""Type"":""Bright"",""LifeTime"":""2.5"",""Position"":""0,-60,0"",""Rotation"":""0,0,0"",""Radius"":""5""}}]"
1730,Weapon,WuQi220805ManTuo60Ji,,"[{""Tag"":""Fx"",""Attributes"":{""Type"":""Normal"",""LifeTime"":""2.5"",""Position"":""0,-60,0"",""Rotation"":""0,0,0""}},{""Tag"":""Trail"",""Attributes"":{""LowerPosition"":""0,20,0"",""UpperPosition"":""0,130,0""}},{""Tag"":""Fx"",""Attributes"":{""Type"":""Bright"",""LifeTime"":""2.5"",""Position"":""0,-60,0"",""Rotation"":""0,0,0"",""Radius"":""5""}}]"
1731,Weapon,WuQi220805ManTuo90Ji,,"[{""Tag"":""Fx"",""Attributes"":{""Type"":""Normal"",""LifeTime"":""2.5"",""Position"":""0,-60,0"",""Rotation"":""0,0,0""}},{""Tag"":""Trail"",""Attributes"":{""LowerPosition"":""0,20,0"",""UpperPosition"":""0,130,0""}},{""Tag"":""Fx"",""Attributes"":{""Type"":""Bright"",""LifeTime"":""2.5"",""Position"":""0,-60,0"",""Rotation"":""0,0,0"",""Radius"":""5""}}]"
1732,Weapon,WuQi220805ManTuo100Ji,,"[{""Tag"":""Fx"",""Attributes"":{""Type"":""Normal"",""LifeTime"":""2.5"",""Position"":""0,-60,0"",""Rotation"":""0,0,0""}},{""Tag"":""Trail"",""Attributes"":{""LowerPosition"":""0,20,0"",""UpperPosition"":""0,130,0""}},{""Tag"":""Fx"",""Attributes"":{""Type"":""Bright"",""LifeTime"":""2.5"",""Position"":""0,-60,0"",""Rotation"":""0,0,0"",""Radius"":""5""}}]"
1733,Weapon,WuQi220805ManTuoTaoZhuangChiLian,,"[{""Tag"":""Fx"",""Attributes"":{""Type"":""Normal"",""LifeTime"":""2.5"",""Position"":""0,-60,0"",""Rotation"":""0,0,0""}},{""Tag"":""Trail"",""Attributes"":{""LowerPosition"":""0,20,0"",""UpperPosition"":""0,130,0""}},{""Tag"":""Fx"",""Attributes"":{""Type"":""Bright"",""LifeTime"":""2.5"",""Position"":""0,-60,0"",""Rotation"":""0,0,0"",""Radius"":""5""}}]"
1734,Weapon,WuQi220805ManTuoTaoZhuangHaoLing,,"[{""Tag"":""Fx"",""Attributes"":{""Type"":""Normal"",""LifeTime"":""2.5"",""Position"":""0,-60,0"",""Rotation"":""0,0,0""}},{""Tag"":""Trail"",""Attributes"":{""LowerPosition"":""0,20,0"",""UpperPosition"":""0,130,0""}},{""Tag"":""Fx"",""Attributes"":{""Type"":""Bright"",""LifeTime"":""2.5"",""Position"":""0,-60,0"",""Rotation"":""0,0,0"",""Radius"":""5""}}]"
1735,Weapon,WuQi220805ManTuoTaoZhuangQinWu,,"[{""Tag"":""Fx"",""Attributes"":{""Type"":""Normal"",""LifeTime"":""2.5"",""Position"":""0,-60,0"",""Rotation"":""0,0,0""}},{""Tag"":""Trail"",""Attributes"":{""LowerPosition"":""0,20,0"",""UpperPosition"":""0,130,0""}},{""Tag"":""Fx"",""Attributes"":{""Type"":""Bright"",""LifeTime"":""2.5"",""Position"":""0,-60,0"",""Rotation"":""0,0,0"",""Radius"":""5""}}]"
1736,Weapon,WuQi220803PuTongBaiZhuangEr,,"[{""Tag"":""Fx"",""Attributes"":{""Type"":""Normal"",""LifeTime"":""2.5"",""Position"":""0,-60,0"",""Rotation"":""0,0,0""}},{""Tag"":""Trail"",""Attributes"":{""LowerPosition"":""0,20,0"",""UpperPosition"":""0,130,0""}},{""Tag"":""Fx"",""Attributes"":{""Type"":""Bright"",""LifeTime"":""2.5"",""Position"":""0,-60,0"",""Rotation"":""0,0,0"",""Radius"":""5""}}]"
1737,Weapon,WuQi220803PuTongBaiZhuangEr01,,"[{""Tag"":""Fx"",""Attributes"":{""Type"":""Normal"",""LifeTime"":""2.5"",""Position"":""0,-60,0"",""Rotation"":""0,0,0""}},{""Tag"":""Trail"",""Attributes"":{""LowerPosition"":""0,20,0"",""UpperPosition"":""0,130,0""}},{""Tag"":""Fx"",""Attributes"":{""Type"":""Bright"",""LifeTime"":""2.5"",""Position"":""0,-60,0"",""Rotation"":""0,0,0"",""Radius"":""5""}}]"
1738,Weapon,WuQi220803PuTongBaiZhuangEr02,,"[{""Tag"":""Fx"",""Attributes"":{""Type"":""Normal"",""LifeTime"":""2.5"",""Position"":""0,-60,0"",""Rotation"":""0,0,0""}},{""Tag"":""Trail"",""Attributes"":{""LowerPosition"":""0,20,0"",""UpperPosition"":""0,130,0""}},{""Tag"":""Fx"",""Attributes"":{""Type"":""Bright"",""LifeTime"":""2.5"",""Position"":""0,-60,0"",""Rotation"":""0,0,0"",""Radius"":""5""}}]"
1739,Weapon,WuQi220803PuTongBaiZhuangEr03,,"[{""Tag"":""Fx"",""Attributes"":{""Type"":""Normal"",""LifeTime"":""2.5"",""Position"":""0,-60,0"",""Rotation"":""0,0,0""}},{""Tag"":""Trail"",""Attributes"":{""LowerPosition"":""0,20,0"",""UpperPosition"":""0,130,0""}},{""Tag"":""Fx"",""Attributes"":{""Type"":""Bright"",""LifeTime"":""2.5"",""Position"":""0,-60,0"",""Rotation"":""0,0,0"",""Radius"":""5""}}]"
1740,Weapon,WuQi220803PuTongBaiZhuangEr04,,"[{""Tag"":""Fx"",""Attributes"":{""Type"":""Normal"",""LifeTime"":""2.5"",""Position"":""0,-60,0"",""Rotation"":""0,0,0""}},{""Tag"":""Trail"",""Attributes"":{""LowerPosition"":""0,20,0"",""UpperPosition"":""0,130,0""}},{""Tag"":""Fx"",""Attributes"":{""Type"":""Bright"",""LifeTime"":""2.5"",""Position"":""0,-60,0"",""Rotation"":""0,0,0"",""Radius"":""5""}}]"
1741,Weapon,WuQi220803PuTongBaiZhuang01,,"[{""Tag"":""Fx"",""Attributes"":{""Type"":""Normal"",""LifeTime"":""2.5"",""Position"":""0,-60,0"",""Rotation"":""0,0,0""}},{""Tag"":""Trail"",""Attributes"":{""LowerPosition"":""0,20,0"",""UpperPosition"":""0,130,0""}},{""Tag"":""Fx"",""Attributes"":{""Type"":""Bright"",""LifeTime"":""2.5"",""Position"":""0,-60,0"",""Rotation"":""0,0,0"",""Radius"":""5""}}]"
1742,Weapon,WuQi220803PuTongBaiZhuang02,,"[{""Tag"":""Fx"",""Attributes"":{""Type"":""Normal"",""LifeTime"":""2.5"",""Position"":""0,-60,0"",""Rotation"":""0,0,0""}},{""Tag"":""Trail"",""Attributes"":{""LowerPosition"":""0,20,0"",""UpperPosition"":""0,130,0""}},{""Tag"":""Fx"",""Attributes"":{""Type"":""Bright"",""LifeTime"":""2.5"",""Position"":""0,-60,0"",""Rotation"":""0,0,0"",""Radius"":""5""}}]"
1743,Weapon,WuQi220803PuTongBaiZhuang03,,"[{""Tag"":""Fx"",""Attributes"":{""Type"":""Normal"",""LifeTime"":""2.5"",""Position"":""0,-60,0"",""Rotation"":""0,0,0""}},{""Tag"":""Trail"",""Attributes"":{""LowerPosition"":""0,20,0"",""UpperPosition"":""0,130,0""}},{""Tag"":""Fx"",""Attributes"":{""Type"":""Bright"",""LifeTime"":""2.5"",""Position"":""0,-60,0"",""Rotation"":""0,0,0"",""Radius"":""5""}}]"
1744,Weapon,WuQi220803PuTongBaiZhuang04,,"[{""Tag"":""Fx"",""Attributes"":{""Type"":""Normal"",""LifeTime"":""2.5"",""Position"":""0,-60,0"",""Rotation"":""0,0,0""}},{""Tag"":""Trail"",""Attributes"":{""LowerPosition"":""0,20,0"",""UpperPosition"":""0,130,0""}},{""Tag"":""Fx"",""Attributes"":{""Type"":""Bright"",""LifeTime"":""2.5"",""Position"":""0,-60,0"",""Rotation"":""0,0,0"",""Radius"":""5""}}]"
1745,Weapon,WuQi220803PuTongDiXingEr01,,"[{""Tag"":""Fx"",""Attributes"":{""Type"":""Normal"",""LifeTime"":""2.5"",""Position"":""0,-60,0"",""Rotation"":""0,0,0""}},{""Tag"":""Trail"",""Attributes"":{""LowerPosition"":""0,20,0"",""UpperPosition"":""0,130,0""}},{""Tag"":""Fx"",""Attributes"":{""Type"":""Bright"",""LifeTime"":""2.5"",""Position"":""0,-60,0"",""Rotation"":""0,0,0"",""Radius"":""5""}}]"
1746,Weapon,WuQi220803PuTongDiXingEr02,,"[{""Tag"":""Fx"",""Attributes"":{""Type"":""Normal"",""LifeTime"":""2.5"",""Position"":""0,-60,0"",""Rotation"":""0,0,0""}},{""Tag"":""Trail"",""Attributes"":{""LowerPosition"":""0,20,0"",""UpperPosition"":""0,130,0""}},{""Tag"":""Fx"",""Attributes"":{""Type"":""Bright"",""LifeTime"":""2.5"",""Position"":""0,-60,0"",""Rotation"":""0,0,0"",""Radius"":""5""}}]"
1747,Weapon,WuQi220803PuTongDiXingEr03,,"[{""Tag"":""Fx"",""Attributes"":{""Type"":""Normal"",""LifeTime"":""2.5"",""Position"":""0,-60,0"",""Rotation"":""0,0,0""}},{""Tag"":""Trail"",""Attributes"":{""LowerPosition"":""0,20,0"",""UpperPosition"":""0,130,0""}},{""Tag"":""Fx"",""Attributes"":{""Type"":""Bright"",""LifeTime"":""2.5"",""Position"":""0,-60,0"",""Rotation"":""0,0,0"",""Radius"":""5""}}]"
1748,Weapon,WuQi220803PuTongDiXingEr04,,"[{""Tag"":""Fx"",""Attributes"":{""Type"":""Normal"",""LifeTime"":""2.5"",""Position"":""0,-60,0"",""Rotation"":""0,0,0""}},{""Tag"":""Trail"",""Attributes"":{""LowerPosition"":""0,20,0"",""UpperPosition"":""0,130,0""}},{""Tag"":""Fx"",""Attributes"":{""Type"":""Bright"",""LifeTime"":""2.5"",""Position"":""0,-60,0"",""Rotation"":""0,0,0"",""Radius"":""5""}}]"
1749,Weapon,WuQi220803PuTongDiXing01,,"[{""Tag"":""Fx"",""Attributes"":{""Type"":""Normal"",""LifeTime"":""2.5"",""Position"":""0,-60,0"",""Rotation"":""0,0,0""}},{""Tag"":""Trail"",""Attributes"":{""LowerPosition"":""0,20,0"",""UpperPosition"":""0,130,0""}},{""Tag"":""Fx"",""Attributes"":{""Type"":""Bright"",""LifeTime"":""2.5"",""Position"":""0,-60,0"",""Rotation"":""0,0,0"",""Radius"":""5""}}]"
1750,Weapon,WuQi220803PuTongDiXing02,,"[{""Tag"":""Fx"",""Attributes"":{""Type"":""Normal"",""LifeTime"":""2.5"",""Position"":""0,-60,0"",""Rotation"":""0,0,0""}},{""Tag"":""Trail"",""Attributes"":{""LowerPosition"":""0,20,0"",""UpperPosition"":""0,130,0""}},{""Tag"":""Fx"",""Attributes"":{""Type"":""Bright"",""LifeTime"":""2.5"",""Position"":""0,-60,0"",""Rotation"":""0,0,0"",""Radius"":""5""}}]"
1751,Weapon,WuQi220805ManTuo30Ji,,"[{""Tag"":""Fx"",""Attributes"":{""Type"":""Normal"",""LifeTime"":""2.5"",""Position"":""0,-60,0"",""Rotation"":""0,0,0""}},{""Tag"":""Trail"",""Attributes"":{""LowerPosition"":""0,20,0"",""UpperPosition"":""0,130,0""}},{""Tag"":""Fx"",""Attributes"":{""Type"":""Bright"",""LifeTime"":""2.5"",""Position"":""0,-60,0"",""Rotation"":""0,0,0"",""Radius"":""5""}}]"
1752,Weapon,WuQi220805ManTuoTaoZhuangYanHou,,"[{""Tag"":""Fx"",""Attributes"":{""Type"":""Normal"",""LifeTime"":""2.5"",""Position"":""0,-60,0"",""Rotation"":""0,0,0""}},{""Tag"":""Trail"",""Attributes"":{""LowerPosition"":""0,20,0"",""UpperPosition"":""0,130,0""}},{""Tag"":""Fx"",""Attributes"":{""Type"":""Bright"",""LifeTime"":""2.5"",""Position"":""0,-60,0"",""Rotation"":""0,0,0"",""Radius"":""5""}}]"
1753,Weapon,WuQi220803ManTuoPuTongJiaChuan,,"[{""Tag"":""Fx"",""Attributes"":{""Type"":""Normal"",""LifeTime"":""2.5"",""Position"":""0,-60,0"",""Rotation"":""0,0,0""}},{""Tag"":""Trail"",""Attributes"":{""LowerPosition"":""0,20,0"",""UpperPosition"":""0,130,0""}},{""Tag"":""Fx"",""Attributes"":{""Type"":""Bright"",""LifeTime"":""2.5"",""Position"":""0,-60,0"",""Rotation"":""0,0,0"",""Radius"":""5""}}]"
1754,Weapon,WuQi220805ManTuoTaoZhuangQinHun,,"[{""Tag"":""Fx"",""Attributes"":{""Type"":""Normal"",""LifeTime"":""2.5"",""Position"":""0,-60,0"",""Rotation"":""0,0,0""}},{""Tag"":""Trail"",""Attributes"":{""LowerPosition"":""0,20,0"",""UpperPosition"":""0,130,0""}},{""Tag"":""Fx"",""Attributes"":{""Type"":""Bright"",""LifeTime"":""2.5"",""Position"":""0,-60,0"",""Rotation"":""0,0,0"",""Radius"":""5""}}]"
1755,Weapon,WuQi220803PuTongShouGong01,,"[{""Tag"":""Fx"",""Attributes"":{""Type"":""Normal"",""LifeTime"":""2.5"",""Position"":""0,-60,0"",""Rotation"":""0,0,0""}},{""Tag"":""Trail"",""Attributes"":{""LowerPosition"":""0,20,0"",""UpperPosition"":""0,130,0""}},{""Tag"":""Fx"",""Attributes"":{""Type"":""Bright"",""LifeTime"":""2.5"",""Position"":""0,-60,0"",""Rotation"":""0,0,0"",""Radius"":""5""}}]"
1756,Weapon,WuQi220803PuTongShouGong02,,"[{""Tag"":""Fx"",""Attributes"":{""Type"":""Normal"",""LifeTime"":""2.5"",""Position"":""0,-60,0"",""Rotation"":""0,0,0""}},{""Tag"":""Trail"",""Attributes"":{""LowerPosition"":""0,20,0"",""UpperPosition"":""0,130,0""}},{""Tag"":""Fx"",""Attributes"":{""Type"":""Bright"",""LifeTime"":""2.5"",""Position"":""0,-60,0"",""Rotation"":""0,0,0"",""Radius"":""5""}}]"
1757,Weapon,WuQi220803PuTongShouGong03,,"[{""Tag"":""Fx"",""Attributes"":{""Type"":""Normal"",""LifeTime"":""2.5"",""Position"":""0,-60,0"",""Rotation"":""0,0,0""}},{""Tag"":""Trail"",""Attributes"":{""LowerPosition"":""0,20,0"",""UpperPosition"":""0,130,0""}},{""Tag"":""Fx"",""Attributes"":{""Type"":""Bright"",""LifeTime"":""2.5"",""Position"":""0,-60,0"",""Rotation"":""0,0,0"",""Radius"":""5""}}]"
1758,Weapon,WuQi220803PuTongShouGong04,,"[{""Tag"":""Fx"",""Attributes"":{""Type"":""Normal"",""LifeTime"":""2.5"",""Position"":""0,-60,0"",""Rotation"":""0,0,0""}},{""Tag"":""Trail"",""Attributes"":{""LowerPosition"":""0,20,0"",""UpperPosition"":""0,130,0""}},{""Tag"":""Fx"",""Attributes"":{""Type"":""Bright"",""LifeTime"":""2.5"",""Position"":""0,-60,0"",""Rotation"":""0,0,0"",""Radius"":""5""}}]"
1759,Weapon,WuQi220803PuTongShouGongEr01,,"[{""Tag"":""Fx"",""Attributes"":{""Type"":""Normal"",""LifeTime"":""2.5"",""Position"":""0,-60,0"",""Rotation"":""0,0,0""}},{""Tag"":""Trail"",""Attributes"":{""LowerPosition"":""0,20,0"",""UpperPosition"":""0,130,0""}},{""Tag"":""Fx"",""Attributes"":{""Type"":""Bright"",""LifeTime"":""2.5"",""Position"":""0,-60,0"",""Rotation"":""0,0,0"",""Radius"":""5""}}]"
1760,Weapon,WuQi220803PuTongShouGongEr02,,"[{""Tag"":""Fx"",""Attributes"":{""Type"":""Normal"",""LifeTime"":""2.5"",""Position"":""0,-60,0"",""Rotation"":""0,0,0""}},{""Tag"":""Trail"",""Attributes"":{""LowerPosition"":""0,20,0"",""UpperPosition"":""0,130,0""}},{""Tag"":""Fx"",""Attributes"":{""Type"":""Bright"",""LifeTime"":""2.5"",""Position"":""0,-60,0"",""Rotation"":""0,0,0"",""Radius"":""5""}}]"
1761,Weapon,WuQi220803PuTongShouGongEr03,,"[{""Tag"":""Fx"",""Attributes"":{""Type"":""Normal"",""LifeTime"":""2.5"",""Position"":""0,-60,0"",""Rotation"":""0,0,0""}},{""Tag"":""Trail"",""Attributes"":{""LowerPosition"":""0,20,0"",""UpperPosition"":""0,130,0""}},{""Tag"":""Fx"",""Attributes"":{""Type"":""Bright"",""LifeTime"":""2.5"",""Position"":""0,-60,0"",""Rotation"":""0,0,0"",""Radius"":""5""}}]"
1762,Weapon,WuQi220803PuTongShouGongEr04,,"[{""Tag"":""Fx"",""Attributes"":{""Type"":""Normal"",""LifeTime"":""2.5"",""Position"":""0,-60,0"",""Rotation"":""0,0,0""}},{""Tag"":""Trail"",""Attributes"":{""LowerPosition"":""0,20,0"",""UpperPosition"":""0,130,0""}},{""Tag"":""Fx"",""Attributes"":{""Type"":""Bright"",""LifeTime"":""2.5"",""Position"":""0,-60,0"",""Rotation"":""0,0,0"",""Radius"":""5""}}]"
1763,Weapon,WuQi220803PuTongLuZhuang01,,"[{""Tag"":""Fx"",""Attributes"":{""Type"":""Normal"",""LifeTime"":""2.5"",""Position"":""0,-60,0"",""Rotation"":""0,0,0""}},{""Tag"":""Trail"",""Attributes"":{""LowerPosition"":""0,20,0"",""UpperPosition"":""0,130,0""}},{""Tag"":""Fx"",""Attributes"":{""Type"":""Bright"",""LifeTime"":""2.5"",""Position"":""0,-60,0"",""Rotation"":""0,0,0"",""Radius"":""5""}}]"
1764,Weapon,WuQi220803PuTongLuZhuang02,,"[{""Tag"":""Fx"",""Attributes"":{""Type"":""Normal"",""LifeTime"":""2.5"",""Position"":""0,-60,0"",""Rotation"":""0,0,0""}},{""Tag"":""Trail"",""Attributes"":{""LowerPosition"":""0,20,0"",""UpperPosition"":""0,130,0""}},{""Tag"":""Fx"",""Attributes"":{""Type"":""Bright"",""LifeTime"":""2.5"",""Position"":""0,-60,0"",""Rotation"":""0,0,0"",""Radius"":""5""}}]"
1765,Weapon,WuQi220803PuTongLuZhuang03,,"[{""Tag"":""Fx"",""Attributes"":{""Type"":""Normal"",""LifeTime"":""2.5"",""Position"":""0,-60,0"",""Rotation"":""0,0,0""}},{""Tag"":""Trail"",""Attributes"":{""LowerPosition"":""0,20,0"",""UpperPosition"":""0,130,0""}},{""Tag"":""Fx"",""Attributes"":{""Type"":""Bright"",""LifeTime"":""2.5"",""Position"":""0,-60,0"",""Rotation"":""0,0,0"",""Radius"":""5""}}]"
1766,Weapon,WuQi220803PuTongLuZhuang04,,"[{""Tag"":""Fx"",""Attributes"":{""Type"":""Normal"",""LifeTime"":""2.5"",""Position"":""0,-60,0"",""Rotation"":""0,0,0""}},{""Tag"":""Trail"",""Attributes"":{""LowerPosition"":""0,20,0"",""UpperPosition"":""0,130,0""}},{""Tag"":""Fx"",""Attributes"":{""Type"":""Bright"",""LifeTime"":""2.5"",""Position"":""0,-60,0"",""Rotation"":""0,0,0"",""Radius"":""5""}}]"
1767,Weapon,WuQi220803PuTongLuZhuangEr01,,"[{""Tag"":""Fx"",""Attributes"":{""Type"":""Normal"",""LifeTime"":""2.5"",""Position"":""0,-60,0"",""Rotation"":""0,0,0""}},{""Tag"":""Trail"",""Attributes"":{""LowerPosition"":""0,20,0"",""UpperPosition"":""0,130,0""}},{""Tag"":""Fx"",""Attributes"":{""Type"":""Bright"",""LifeTime"":""2.5"",""Position"":""0,-60,0"",""Rotation"":""0,0,0"",""Radius"":""5""}}]"
1768,Weapon,WuQi220803PuTongLuZhuangEr02,,"[{""Tag"":""Fx"",""Attributes"":{""Type"":""Normal"",""LifeTime"":""2.5"",""Position"":""0,-60,0"",""Rotation"":""0,0,0""}},{""Tag"":""Trail"",""Attributes"":{""LowerPosition"":""0,20,0"",""UpperPosition"":""0,130,0""}},{""Tag"":""Fx"",""Attributes"":{""Type"":""Bright"",""LifeTime"":""2.5"",""Position"":""0,-60,0"",""Rotation"":""0,0,0"",""Radius"":""5""}}]"
1769,Weapon,WuQi220803PuTongLuZhuangEr03,,"[{""Tag"":""Fx"",""Attributes"":{""Type"":""Normal"",""LifeTime"":""2.5"",""Position"":""0,-60,0"",""Rotation"":""0,0,0""}},{""Tag"":""Trail"",""Attributes"":{""LowerPosition"":""0,20,0"",""UpperPosition"":""0,130,0""}},{""Tag"":""Fx"",""Attributes"":{""Type"":""Bright"",""LifeTime"":""2.5"",""Position"":""0,-60,0"",""Rotation"":""0,0,0"",""Radius"":""5""}}]"
1770,Weapon,WuQi220803PuTongLuZhuangEr04,,"[{""Tag"":""Fx"",""Attributes"":{""Type"":""Normal"",""LifeTime"":""2.5"",""Position"":""0,-60,0"",""Rotation"":""0,0,0""}},{""Tag"":""Trail"",""Attributes"":{""LowerPosition"":""0,20,0"",""UpperPosition"":""0,130,0""}},{""Tag"":""Fx"",""Attributes"":{""Type"":""Bright"",""LifeTime"":""2.5"",""Position"":""0,-60,0"",""Rotation"":""0,0,0"",""Radius"":""5""}}]"
1771,Weapon,WuQi220803PuTongDiXing03,,"[{""Tag"":""Fx"",""Attributes"":{""Type"":""Normal"",""LifeTime"":""2.5"",""Position"":""0,-60,0"",""Rotation"":""0,0,0""}},{""Tag"":""Trail"",""Attributes"":{""LowerPosition"":""0,20,0"",""UpperPosition"":""0,130,0""}},{""Tag"":""Fx"",""Attributes"":{""Type"":""Bright"",""LifeTime"":""2.5"",""Position"":""0,-60,0"",""Rotation"":""0,0,0"",""Radius"":""5""}}]"
1772,Weapon,WuQi220803PuTongDiXing04,,"[{""Tag"":""Fx"",""Attributes"":{""Type"":""Normal"",""LifeTime"":""2.5"",""Position"":""0,-60,0"",""Rotation"":""0,0,0""}},{""Tag"":""Trail"",""Attributes"":{""LowerPosition"":""0,20,0"",""UpperPosition"":""0,130,0""}},{""Tag"":""Fx"",""Attributes"":{""Type"":""Bright"",""LifeTime"":""2.5"",""Position"":""0,-60,0"",""Rotation"":""0,0,0"",""Radius"":""5""}}]"
1773,Weapon,WuQi220621ManTuo102JiShenQiXiXie,,"[{""Tag"":""Fx"",""Attributes"":{""Type"":""Normal"",""LifeTime"":""2.5"",""Position"":""0,-60,0"",""Rotation"":""0,0,0""}},{""Tag"":""Trail"",""Attributes"":{""LowerPosition"":""0,20,0"",""UpperPosition"":""0,130,0""}},{""Tag"":""Fx"",""Attributes"":{""Type"":""Bright"",""LifeTime"":""2.5"",""Position"":""0,-60,0"",""Rotation"":""0,0,0"",""Radius"":""5""}}]"
1774,Weapon,WuQi220621ManTuo102JiShenQiPoZhan,,"[{""Tag"":""Fx"",""Attributes"":{""Type"":""Normal"",""LifeTime"":""2.5"",""Position"":""0,-60,0"",""Rotation"":""0,0,0""}},{""Tag"":""Trail"",""Attributes"":{""LowerPosition"":""0,20,0"",""UpperPosition"":""0,130,0""}},{""Tag"":""Fx"",""Attributes"":{""Type"":""Bright"",""LifeTime"":""2.5"",""Position"":""0,-60,0"",""Rotation"":""0,0,0"",""Radius"":""5""}}]"
1775,Weapon,WuQi220803ManTuoPuTongJiaChuan2,,"[{""Tag"":""Fx"",""Attributes"":{""Type"":""Normal"",""LifeTime"":""2.5"",""Position"":""0,-60,0"",""Rotation"":""0,0,0""}},{""Tag"":""Trail"",""Attributes"":{""LowerPosition"":""0,20,0"",""UpperPosition"":""0,130,0""}},{""Tag"":""Fx"",""Attributes"":{""Type"":""Bright"",""LifeTime"":""2.5"",""Position"":""0,-60,0"",""Rotation"":""0,0,0"",""Radius"":""5""}}]"
1776,Weapon,HuanShiWuQi230529TunYunLanYueQinJi,,"[{""Tag"":""Fx"",""Attributes"":{""Type"":""Normal"",""LifeTime"":""2.5"",""Position"":""0,-60,0"",""Rotation"":""0,0,0""}},{""Tag"":""Trail"",""Attributes"":{""LowerPosition"":""0,20,0"",""UpperPosition"":""0,130,0""}},{""Tag"":""Fx"",""Attributes"":{""Type"":""Bright"",""LifeTime"":""2.5"",""Position"":""0,-60,0"",""Rotation"":""0,0,0"",""Radius"":""5""}}]"
1777,Weapon,HuanShiWuQi230529TunYunLanYueQinJi_1,,"[{""Tag"":""Fx"",""Attributes"":{""Type"":""Normal"",""LifeTime"":""2.5"",""Position"":""0,-60,0"",""Rotation"":""0,0,0""}},{""Tag"":""Trail"",""Attributes"":{""LowerPosition"":""0,20,0"",""UpperPosition"":""0,130,0""}},{""Tag"":""Fx"",""Attributes"":{""Type"":""Bright"",""LifeTime"":""2.5"",""Position"":""0,-60,0"",""Rotation"":""0,0,0"",""Radius"":""5""}}]"
1778,Weapon,HuanShiWuQi230529TunYunLanYueQinJi_2,,"[{""Tag"":""Fx"",""Attributes"":{""Type"":""Normal"",""LifeTime"":""2.5"",""Position"":""0,-60,0"",""Rotation"":""0,0,0""}},{""Tag"":""Trail"",""Attributes"":{""LowerPosition"":""0,20,0"",""UpperPosition"":""0,130,0""}},{""Tag"":""Fx"",""Attributes"":{""Type"":""Bright"",""LifeTime"":""2.5"",""Position"":""0,-60,0"",""Rotation"":""0,0,0"",""Radius"":""5""}}]"
