RowIndex,Tag,ID,Type,Name,Icon,EquipPoint,VisualID,BoundRule,SetID,SetAttributeLine,Level,FactionID,BasePrice,SellPrice,Durability,Identifiable,Star,BaseValueID,MinLine,MaxLine,MinIdentifiedRate,BuffID,DurationHour,ExtraHint,Description,Text,ChildrenJSON
18001,Equip,10452146,22,Chưa dùng,Ring3_5,6,-1,2,-1,-1,95,-1,3480,2784,231,true,1,95,4,4,1,-1,-1,,Chưa dùng,,"[{""Tag"":""BaseAttribute"",""Attributes"":{""Symbol"":""magic_physatkbase"",""Value"":""299""}},{""Tag"":""BaseAttribute"",""Attributes"":{""Symbol"":""magic_magicatkbase"",""Value"":""299""}}]"
18002,Equip,10452147,22,Chưa dùng,Ring3_5,6,-1,2,-1,-1,96,-1,3560,2848,232,true,1,96,4,4,1,-1,-1,,Chưa dùng,,"[{""Tag"":""BaseAttribute"",""Attributes"":{""Symbol"":""magic_physatkbase"",""Value"":""299""}},{""Tag"":""BaseAttribute"",""Attributes"":{""Symbol"":""magic_magicatkbase"",""Value"":""299""}}]"
18003,Equip,10452148,22,Chưa dùng,Ring3_5,6,-1,2,-1,-1,94,-1,3400,2720,230,true,1,94,4,4,1,-1,-1,,Chưa dùng,,"[{""Tag"":""BaseAttribute"",""Attributes"":{""Symbol"":""magic_physatkbase"",""Value"":""299""}},{""Tag"":""BaseAttribute"",""Attributes"":{""Symbol"":""magic_magicatkbase"",""Value"":""299""}}]"
18004,Equip,10452149,22,Chưa dùng,Ring3_5,6,-1,2,-1,-1,95,-1,3480,2784,231,true,1,95,4,4,1,-1,-1,,Chưa dùng,,"[{""Tag"":""BaseAttribute"",""Attributes"":{""Symbol"":""magic_physatkbase"",""Value"":""299""}},{""Tag"":""BaseAttribute"",""Attributes"":{""Symbol"":""magic_magicatkbase"",""Value"":""299""}}]"
18005,Equip,10452150,22,Chưa dùng,Ring3_5,6,-1,2,-1,-1,96,-1,3560,2848,232,true,1,96,4,4,1,-1,-1,,Chưa dùng,,"[{""Tag"":""BaseAttribute"",""Attributes"":{""Symbol"":""magic_physatkbase"",""Value"":""299""}},{""Tag"":""BaseAttribute"",""Attributes"":{""Symbol"":""magic_magicatkbase"",""Value"":""299""}}]"
18006,Equip,10452151,22,Chưa dùng,Ring3_5,6,-1,2,-1,-1,94,-1,3400,2720,230,true,1,94,4,4,1,-1,-1,,Chưa dùng,,"[{""Tag"":""BaseAttribute"",""Attributes"":{""Symbol"":""magic_physatkbase"",""Value"":""299""}},{""Tag"":""BaseAttribute"",""Attributes"":{""Symbol"":""magic_magicatkbase"",""Value"":""299""}}]"
18007,Equip,10452152,22,Chưa dùng,Ring3_5,6,-1,2,-1,-1,95,-1,3480,2784,231,true,1,95,4,4,1,-1,-1,,Chưa dùng,,"[{""Tag"":""BaseAttribute"",""Attributes"":{""Symbol"":""magic_physatkbase"",""Value"":""299""}},{""Tag"":""BaseAttribute"",""Attributes"":{""Symbol"":""magic_magicatkbase"",""Value"":""299""}}]"
18008,Equip,10452153,22,Chưa dùng,Ring3_5,6,-1,2,-1,-1,96,-1,3560,2848,232,true,1,96,4,4,1,-1,-1,,Chưa dùng,,"[{""Tag"":""BaseAttribute"",""Attributes"":{""Symbol"":""magic_physatkbase"",""Value"":""299""}},{""Tag"":""BaseAttribute"",""Attributes"":{""Symbol"":""magic_magicatkbase"",""Value"":""299""}}]"
18009,Equip,10452154,22,Chưa dùng,Ring3_5,6,-1,2,-1,-1,94,-1,3400,2720,230,true,1,94,4,4,1,-1,-1,,Chưa dùng,,"[{""Tag"":""BaseAttribute"",""Attributes"":{""Symbol"":""magic_physatkbase"",""Value"":""299""}},{""Tag"":""BaseAttribute"",""Attributes"":{""Symbol"":""magic_magicatkbase"",""Value"":""299""}}]"
18010,Equip,10452155,22,Chưa dùng,Ring3_5,6,-1,2,-1,-1,95,-1,3480,2784,231,true,1,95,4,4,1,-1,-1,,Chưa dùng,,"[{""Tag"":""BaseAttribute"",""Attributes"":{""Symbol"":""magic_physatkbase"",""Value"":""299""}},{""Tag"":""BaseAttribute"",""Attributes"":{""Symbol"":""magic_magicatkbase"",""Value"":""299""}}]"
18011,Equip,10452156,22,Chưa dùng,Ring3_5,6,-1,2,-1,-1,96,-1,3560,2848,232,true,1,96,4,4,1,-1,-1,,Chưa dùng,,"[{""Tag"":""BaseAttribute"",""Attributes"":{""Symbol"":""magic_physatkbase"",""Value"":""299""}},{""Tag"":""BaseAttribute"",""Attributes"":{""Symbol"":""magic_magicatkbase"",""Value"":""299""}}]"
18012,Equip,10452157,22,Chưa dùng,Ring3_9,6,-1,2,-1,-1,94,-1,3400,2720,230,true,1,94,4,4,1,-1,-1,,Chưa dùng,,"[{""Tag"":""BaseAttribute"",""Attributes"":{""Symbol"":""magic_physatkbase"",""Value"":""299""}},{""Tag"":""BaseAttribute"",""Attributes"":{""Symbol"":""magic_magicatkbase"",""Value"":""299""}}]"
18013,Equip,10452158,22,Chưa dùng,Ring3_9,6,-1,2,-1,-1,95,-1,3480,2784,231,true,1,95,4,4,1,-1,-1,,Chưa dùng,,"[{""Tag"":""BaseAttribute"",""Attributes"":{""Symbol"":""magic_physatkbase"",""Value"":""299""}},{""Tag"":""BaseAttribute"",""Attributes"":{""Symbol"":""magic_magicatkbase"",""Value"":""299""}}]"
18014,Equip,10452159,22,Chưa dùng,Ring3_9,6,-1,2,-1,-1,96,-1,3560,2848,232,true,1,96,4,4,1,-1,-1,,Chưa dùng,,"[{""Tag"":""BaseAttribute"",""Attributes"":{""Symbol"":""magic_physatkbase"",""Value"":""299""}},{""Tag"":""BaseAttribute"",""Attributes"":{""Symbol"":""magic_magicatkbase"",""Value"":""299""}}]"
18015,Equip,10452160,22,Chưa dùng,Ring3_9,6,-1,2,-1,-1,94,-1,3400,2720,230,true,1,94,4,4,1,-1,-1,,Chưa dùng,,"[{""Tag"":""BaseAttribute"",""Attributes"":{""Symbol"":""magic_physatkbase"",""Value"":""299""}},{""Tag"":""BaseAttribute"",""Attributes"":{""Symbol"":""magic_magicatkbase"",""Value"":""299""}}]"
18016,Equip,10452161,22,Chưa dùng,Ring3_9,6,-1,2,-1,-1,95,-1,3480,2784,231,true,1,95,4,4,1,-1,-1,,Chưa dùng,,"[{""Tag"":""BaseAttribute"",""Attributes"":{""Symbol"":""magic_physatkbase"",""Value"":""299""}},{""Tag"":""BaseAttribute"",""Attributes"":{""Symbol"":""magic_magicatkbase"",""Value"":""299""}}]"
18017,Equip,10452162,22,Chưa dùng,Ring3_9,6,-1,2,-1,-1,96,-1,3560,2848,232,true,1,96,4,4,1,-1,-1,,Chưa dùng,,"[{""Tag"":""BaseAttribute"",""Attributes"":{""Symbol"":""magic_physatkbase"",""Value"":""299""}},{""Tag"":""BaseAttribute"",""Attributes"":{""Symbol"":""magic_magicatkbase"",""Value"":""299""}}]"
18018,Equip,10452163,22,Chưa dùng,Ring3_9,6,-1,2,-1,-1,94,-1,3400,2720,230,true,1,94,4,4,1,-1,-1,,Chưa dùng,,"[{""Tag"":""BaseAttribute"",""Attributes"":{""Symbol"":""magic_physatkbase"",""Value"":""299""}},{""Tag"":""BaseAttribute"",""Attributes"":{""Symbol"":""magic_magicatkbase"",""Value"":""299""}}]"
18019,Equip,10452164,22,Chưa dùng,Ring3_9,6,-1,2,-1,-1,95,-1,3480,2784,231,true,1,95,4,4,1,-1,-1,,Chưa dùng,,"[{""Tag"":""BaseAttribute"",""Attributes"":{""Symbol"":""magic_physatkbase"",""Value"":""299""}},{""Tag"":""BaseAttribute"",""Attributes"":{""Symbol"":""magic_magicatkbase"",""Value"":""299""}}]"
18020,Equip,10452165,22,Chưa dùng,Ring3_9,6,-1,2,-1,-1,96,-1,3560,2848,232,true,1,96,4,4,1,-1,-1,,Chưa dùng,,"[{""Tag"":""BaseAttribute"",""Attributes"":{""Symbol"":""magic_physatkbase"",""Value"":""299""}},{""Tag"":""BaseAttribute"",""Attributes"":{""Symbol"":""magic_magicatkbase"",""Value"":""299""}}]"
18021,Equip,10452166,22,Chưa dùng,Ring3_9,6,-1,2,-1,-1,94,-1,3400,2720,230,true,1,94,4,4,1,-1,-1,,Chưa dùng,,"[{""Tag"":""BaseAttribute"",""Attributes"":{""Symbol"":""magic_physatkbase"",""Value"":""299""}},{""Tag"":""BaseAttribute"",""Attributes"":{""Symbol"":""magic_magicatkbase"",""Value"":""299""}}]"
18022,Equip,10452167,22,Chưa dùng,Ring3_9,6,-1,2,-1,-1,95,-1,3480,2784,231,true,1,95,4,4,1,-1,-1,,Chưa dùng,,"[{""Tag"":""BaseAttribute"",""Attributes"":{""Symbol"":""magic_physatkbase"",""Value"":""299""}},{""Tag"":""BaseAttribute"",""Attributes"":{""Symbol"":""magic_magicatkbase"",""Value"":""299""}}]"
18023,Equip,10452168,22,Chưa dùng,Ring3_9,6,-1,2,-1,-1,96,-1,3560,2848,232,true,1,96,4,4,1,-1,-1,,Chưa dùng,,"[{""Tag"":""BaseAttribute"",""Attributes"":{""Symbol"":""magic_physatkbase"",""Value"":""299""}},{""Tag"":""BaseAttribute"",""Attributes"":{""Symbol"":""magic_magicatkbase"",""Value"":""299""}}]"
18024,Equip,10453001,23,Đạt Ma Noãn Ngọc Hộ Phù,Amulet1_1,12,-1,2,-1,-1,5,-1,50,40,117,true,1,5,1,1,1,-1,-1,,"Dùng Ngọc thạch trong suốt loại thường để chế thành bùa bảo vệ, loại Hộ phù phổ thông.",,"[{""Tag"":""BaseAttribute"",""Attributes"":{""Symbol"":""magic_physatkbase"",""Value"":""28""}},{""Tag"":""BaseAttribute"",""Attributes"":{""Symbol"":""magic_magicatkbase"",""Value"":""28""}},{""Tag"":""Attribute"",""Attributes"":{""Symbol"":""magic_physatk"",""Rate"":""100""}},{""Tag"":""Attribute"",""Attributes"":{""Symbol"":""magic_stamina"",""Rate"":""100""}}]"
18025,Equip,10453002,23,Đạt Ma Thanh Mạch Hộ Phù,Amulet1_2,12,-1,2,-1,-1,15,-1,60,48,119,true,1,15,1,1,1,-1,-1,,"Điêu khắc từ Ngọc thạch màu xanh, ẩn chứa 1 sức mạnh kỳ lạ.",,"[{""Tag"":""BaseAttribute"",""Attributes"":{""Symbol"":""magic_physatkbase"",""Value"":""44""}},{""Tag"":""BaseAttribute"",""Attributes"":{""Symbol"":""magic_magicatkbase"",""Value"":""44""}},{""Tag"":""Attribute"",""Attributes"":{""Symbol"":""magic_physatk"",""Rate"":""100""}},{""Tag"":""Attribute"",""Attributes"":{""Symbol"":""magic_stamina"",""Rate"":""100""}}]"
18026,Equip,10453003,23,Đạt Ma Tàn Hồn Hộ Phù,Amulet1_3,12,-1,2,-1,-1,25,-1,70,56,120,true,1,25,1,1,1,-1,-1,,"Ngọc bội có khắc hoa văn, là vật gia đình của bách tính bình thường thường dùng để chấn ma quỷ.",,"[{""Tag"":""BaseAttribute"",""Attributes"":{""Symbol"":""magic_physatkbase"",""Value"":""76""}},{""Tag"":""BaseAttribute"",""Attributes"":{""Symbol"":""magic_magicatkbase"",""Value"":""76""}},{""Tag"":""Attribute"",""Attributes"":{""Symbol"":""magic_physatk"",""Rate"":""100""}},{""Tag"":""Attribute"",""Attributes"":{""Symbol"":""magic_stamina"",""Rate"":""100""}}]"
18027,Equip,10453004,23,Đạt Ma Liệt Giới Hộ Phù,Amulet1_4,12,-1,2,-1,-1,35,-1,50,40,117,true,1,35,2,2,1,-1,-1,,"Dùng ngọc bội đã được các cao tăng khai quang để làm bùa bảo vệ, có thể xua đuổi tà ma, gìn giữ sự bình yên.",,"[{""Tag"":""BaseAttribute"",""Attributes"":{""Symbol"":""magic_physatkbase"",""Value"":""108""}},{""Tag"":""BaseAttribute"",""Attributes"":{""Symbol"":""magic_magicatkbase"",""Value"":""108""}},{""Tag"":""Attribute"",""Attributes"":{""Symbol"":""magic_physatk"",""Rate"":""100""}},{""Tag"":""Attribute"",""Attributes"":{""Symbol"":""magic_strength"",""Rate"":""100""}},{""Tag"":""Attribute"",""Attributes"":{""Symbol"":""magic_stamina"",""Rate"":""100""}}]"
18028,Equip,10453005,23,Đạt Ma Liên Quyết Hộ Phù,Amulet1_5,12,-1,2,-1,-1,45,-1,60,48,119,true,1,45,2,2,1,-1,-1,,"Dùng Ngọc thạch long lanh trong suốt để chế thành, toát lên sức mạnh, ấm bóng không có tì vết.",,"[{""Tag"":""BaseAttribute"",""Attributes"":{""Symbol"":""magic_physatkbase"",""Value"":""140""}},{""Tag"":""BaseAttribute"",""Attributes"":{""Symbol"":""magic_magicatkbase"",""Value"":""140""}},{""Tag"":""Attribute"",""Attributes"":{""Symbol"":""magic_physatk"",""Rate"":""100""}},{""Tag"":""Attribute"",""Attributes"":{""Symbol"":""magic_strength"",""Rate"":""100""}},{""Tag"":""Attribute"",""Attributes"":{""Symbol"":""magic_stamina"",""Rate"":""100""}}]"
18029,Equip,10453006,23,Đạt Ma Qui Vân Hộ Phù,Amulet1_6,12,-1,2,-1,-1,55,-1,70,56,120,true,1,55,2,2,1,-1,-1,,"Như màu mây, nói trắng cũng không phải trắng, ẩn chứa ánh sáng bảy màu, là bùa bảo vệ rất quý giá.",,"[{""Tag"":""BaseAttribute"",""Attributes"":{""Symbol"":""magic_physatkbase"",""Value"":""172""}},{""Tag"":""BaseAttribute"",""Attributes"":{""Symbol"":""magic_magicatkbase"",""Value"":""172""}},{""Tag"":""Attribute"",""Attributes"":{""Symbol"":""magic_physatk"",""Rate"":""100""}},{""Tag"":""Attribute"",""Attributes"":{""Symbol"":""magic_strength"",""Rate"":""100""}},{""Tag"":""Attribute"",""Attributes"":{""Symbol"":""magic_stamina"",""Rate"":""100""}}]"
18030,Equip,10453007,23,Đạt Ma Cửu Niệm,Amulet1_7,12,-1,2,-1,-1,65,-1,115,92,130,true,1,65,3,3,1,-1,-1,,"Cùng Điền dương chỉ bạch ngọc chế thành, là kỳ trân trong như ngọc, ấm và bóng không có tì vết, ẩn chứa nội lực.",,"[{""Tag"":""BaseAttribute"",""Attributes"":{""Symbol"":""magic_physatkbase"",""Value"":""203""}},{""Tag"":""BaseAttribute"",""Attributes"":{""Symbol"":""magic_magicatkbase"",""Value"":""203""}},{""Tag"":""Attribute"",""Attributes"":{""Symbol"":""magic_physatk"",""Rate"":""100""}},{""Tag"":""Attribute"",""Attributes"":{""Symbol"":""magic_strength"",""Rate"":""100""}},{""Tag"":""Attribute"",""Attributes"":{""Symbol"":""magic_stamina"",""Rate"":""100""}},{""Tag"":""Attribute"",""Attributes"":{""Symbol"":""magic_intelligence"",""Rate"":""100""}}]"
18031,Equip,10453008,23,Đạt Ma Chi Túc Ưu,Amulet1_8,12,-1,2,-1,-1,75,-1,118,94,131,true,1,75,3,3,1,-1,-1,,"Vật trang sức được dùng Địa ngục hỏa để thành, ẩn chứa 1 sức mạnh cực lớn",,"[{""Tag"":""BaseAttribute"",""Attributes"":{""Symbol"":""magic_physatkbase"",""Value"":""235""}},{""Tag"":""BaseAttribute"",""Attributes"":{""Symbol"":""magic_magicatkbase"",""Value"":""235""}},{""Tag"":""Attribute"",""Attributes"":{""Symbol"":""magic_physatk"",""Rate"":""100""}},{""Tag"":""Attribute"",""Attributes"":{""Symbol"":""magic_strength"",""Rate"":""100""}},{""Tag"":""Attribute"",""Attributes"":{""Symbol"":""magic_stamina"",""Rate"":""100""}},{""Tag"":""Attribute"",""Attributes"":{""Symbol"":""magic_intelligence"",""Rate"":""100""}}]"
18032,Equip,10453009,23,Đạt Ma Mãn Nguyệt,Amulet1_9,12,-1,2,-1,-1,85,-1,121,96,132,true,1,85,4,4,1,-1,-1,,"Hình dáng như trăng tròn, vật trang sức hiếm thấy, trên đó có hoa văn nổi của tiên nhân để lại, có thể trấn định tâm thần, nhân gian không dễ gì có được.",,"[{""Tag"":""BaseAttribute"",""Attributes"":{""Symbol"":""magic_physatkbase"",""Value"":""267""}},{""Tag"":""BaseAttribute"",""Attributes"":{""Symbol"":""magic_magicatkbase"",""Value"":""267""}},{""Tag"":""Attribute"",""Attributes"":{""Symbol"":""magic_physatk"",""Rate"":""100""}},{""Tag"":""Attribute"",""Attributes"":{""Symbol"":""magic_strength"",""Rate"":""100""}},{""Tag"":""Attribute"",""Attributes"":{""Symbol"":""magic_stamina"",""Rate"":""100""}},{""Tag"":""Attribute"",""Attributes"":{""Symbol"":""magic_intelligence"",""Rate"":""100""}}]"
18033,Equip,10453010,23,Đạt Ma U Tiên,Amulet1_10,12,-1,2,-1,-1,95,-1,115,92,130,true,1,95,4,4,1,-1,-1,,"Nghe nói là vật do Tiên Nga của Dao Trì khi nhảy múa không cẩn thận làm rơi xuống thế gian, tiên khí vây quanh, sức mạnh phi phàm.",,"[{""Tag"":""BaseAttribute"",""Attributes"":{""Symbol"":""magic_physatkbase"",""Value"":""299""}},{""Tag"":""BaseAttribute"",""Attributes"":{""Symbol"":""magic_magicatkbase"",""Value"":""299""}},{""Tag"":""Attribute"",""Attributes"":{""Symbol"":""magic_physatk"",""Rate"":""100""}},{""Tag"":""Attribute"",""Attributes"":{""Symbol"":""magic_strength"",""Rate"":""100""}},{""Tag"":""Attribute"",""Attributes"":{""Symbol"":""magic_stamina"",""Rate"":""100""}},{""Tag"":""Attribute"",""Attributes"":{""Symbol"":""magic_intelligence"",""Rate"":""100""}}]"
18034,Equip,10453011,23,Thánh Hỏa Noãn Ngọc Hộ Phù,Amulet1_11,12,-1,2,-1,-1,5,-1,118,94,131,true,1,5,1,1,1,-1,-1,,"Dùng Ngọc thạch trong suốt loại thường để chế thành bùa bảo vệ, loại Hộ phù phổ thông.",,"[{""Tag"":""BaseAttribute"",""Attributes"":{""Symbol"":""magic_physatkbase"",""Value"":""28""}},{""Tag"":""BaseAttribute"",""Attributes"":{""Symbol"":""magic_magicatkbase"",""Value"":""28""}},{""Tag"":""Attribute"",""Attributes"":{""Symbol"":""magic_hit"",""Rate"":""100""}},{""Tag"":""Attribute"",""Attributes"":{""Symbol"":""magic_strength"",""Rate"":""100""}}]"
18035,Equip,10453012,23,Thánh Hỏa Thanh Mạch Hộ Phù,Amulet1_12,12,-1,2,-1,-1,15,-1,121,96,132,true,1,15,1,1,1,-1,-1,,"Điêu khắc từ Ngọc thạch màu xanh, ẩn chứa 1 sức mạnh kỳ lạ.",,"[{""Tag"":""BaseAttribute"",""Attributes"":{""Symbol"":""magic_physatkbase"",""Value"":""44""}},{""Tag"":""BaseAttribute"",""Attributes"":{""Symbol"":""magic_magicatkbase"",""Value"":""44""}},{""Tag"":""Attribute"",""Attributes"":{""Symbol"":""magic_hit"",""Rate"":""100""}},{""Tag"":""Attribute"",""Attributes"":{""Symbol"":""magic_strength"",""Rate"":""100""}}]"
18036,Equip,10453013,23,Thánh Hỏa Tàn Hồn Hộ Phù,Amulet1_13,12,-1,2,-1,-1,25,-1,195,156,142,true,1,25,1,1,1,-1,-1,,"Ngọc bội có khắc hoa văn, là vật gia đình của bách tính bình thường thường dùng để chấn ma quỷ.",,"[{""Tag"":""BaseAttribute"",""Attributes"":{""Symbol"":""magic_physatkbase"",""Value"":""76""}},{""Tag"":""BaseAttribute"",""Attributes"":{""Symbol"":""magic_magicatkbase"",""Value"":""76""}},{""Tag"":""Attribute"",""Attributes"":{""Symbol"":""magic_hit"",""Rate"":""100""}},{""Tag"":""Attribute"",""Attributes"":{""Symbol"":""magic_strength"",""Rate"":""100""}}]"
18037,Equip,10453014,23,Thánh Hỏa Liệt Giới Hộ Phù,Amulet1_14,12,-1,2,-1,-1,35,-1,208,166,144,true,1,35,2,2,1,-1,-1,,"Dùng ngọc bội đã được các cao tăng khai quang để làm bùa bảo vệ, có thể xua đuổi tà ma, gìn giữ sự bình yên.",,"[{""Tag"":""BaseAttribute"",""Attributes"":{""Symbol"":""magic_physatkbase"",""Value"":""108""}},{""Tag"":""BaseAttribute"",""Attributes"":{""Symbol"":""magic_magicatkbase"",""Value"":""108""}},{""Tag"":""Attribute"",""Attributes"":{""Symbol"":""magic_hit"",""Rate"":""100""}},{""Tag"":""Attribute"",""Attributes"":{""Symbol"":""magic_strength"",""Rate"":""100""}},{""Tag"":""Attribute"",""Attributes"":{""Symbol"":""magic_intelligence"",""Rate"":""100""}}]"
18038,Equip,10453015,23,Thánh Hỏa Liên Quyết Hộ Phù,Amulet1_15,12,-1,2,-1,-1,45,-1,221,176,145,true,1,45,2,2,1,-1,-1,,"Dùng Ngọc thạch long lanh trong suốt để chế thành, toát lên sức mạnh, ấm bóng không có tì vết.",,"[{""Tag"":""BaseAttribute"",""Attributes"":{""Symbol"":""magic_physatkbase"",""Value"":""140""}},{""Tag"":""BaseAttribute"",""Attributes"":{""Symbol"":""magic_magicatkbase"",""Value"":""140""}},{""Tag"":""Attribute"",""Attributes"":{""Symbol"":""magic_hit"",""Rate"":""100""}},{""Tag"":""Attribute"",""Attributes"":{""Symbol"":""magic_strength"",""Rate"":""100""}},{""Tag"":""Attribute"",""Attributes"":{""Symbol"":""magic_intelligence"",""Rate"":""100""}}]"
18039,Equip,10453016,23,Thánh Hỏa Vân Qui Hộ Phù,Amulet1_16,12,-1,2,-1,-1,55,-1,195,156,142,true,1,55,2,2,1,-1,-1,,"Như màu mây, nói trắng cũng không phải trắng, ẩn chứa ánh sáng bảy màu, là bùa bảo vệ rất quý giá.",,"[{""Tag"":""BaseAttribute"",""Attributes"":{""Symbol"":""magic_physatkbase"",""Value"":""172""}},{""Tag"":""BaseAttribute"",""Attributes"":{""Symbol"":""magic_magicatkbase"",""Value"":""172""}},{""Tag"":""Attribute"",""Attributes"":{""Symbol"":""magic_hit"",""Rate"":""100""}},{""Tag"":""Attribute"",""Attributes"":{""Symbol"":""magic_strength"",""Rate"":""100""}},{""Tag"":""Attribute"",""Attributes"":{""Symbol"":""magic_intelligence"",""Rate"":""100""}}]"
18040,Equip,10453017,23,Thánh Hỏa Cửu Niệm,Amulet2_1,12,-1,2,-1,-1,65,-1,208,166,144,true,1,65,3,3,1,-1,-1,,"Cùng Điền dương chỉ bạch ngọc chế thành, là kỳ trân trong như ngọc, ấm và bóng không có tì vết, ẩn chứa nội lực.",,"[{""Tag"":""BaseAttribute"",""Attributes"":{""Symbol"":""magic_physatkbase"",""Value"":""203""}},{""Tag"":""BaseAttribute"",""Attributes"":{""Symbol"":""magic_magicatkbase"",""Value"":""203""}},{""Tag"":""Attribute"",""Attributes"":{""Symbol"":""magic_hit"",""Rate"":""100""}},{""Tag"":""Attribute"",""Attributes"":{""Symbol"":""magic_strength"",""Rate"":""100""}},{""Tag"":""Attribute"",""Attributes"":{""Symbol"":""magic_intelligence"",""Rate"":""100""}},{""Tag"":""Attribute"",""Attributes"":{""Symbol"":""magic_dexterity"",""Rate"":""100""}}]"
18041,Equip,10453018,23,Thánh Hỏa Chi Túc Ưu,Amulet2_2,12,-1,2,-1,-1,75,-1,221,176,145,true,1,75,3,3,1,-1,-1,,"Vật trang sức được dùng Địa ngục hỏa để thành, ẩn chứa 1 sức mạnh cực lớn",,"[{""Tag"":""BaseAttribute"",""Attributes"":{""Symbol"":""magic_physatkbase"",""Value"":""235""}},{""Tag"":""BaseAttribute"",""Attributes"":{""Symbol"":""magic_magicatkbase"",""Value"":""235""}},{""Tag"":""Attribute"",""Attributes"":{""Symbol"":""magic_hit"",""Rate"":""100""}},{""Tag"":""Attribute"",""Attributes"":{""Symbol"":""magic_strength"",""Rate"":""100""}},{""Tag"":""Attribute"",""Attributes"":{""Symbol"":""magic_intelligence"",""Rate"":""100""}},{""Tag"":""Attribute"",""Attributes"":{""Symbol"":""magic_dexterity"",""Rate"":""100""}}]"
18042,Equip,10453019,23,Thánh Hỏa Mãn Nguyệt,Amulet2_3,12,-1,2,-1,-1,85,-1,195,156,142,true,1,85,4,4,1,-1,-1,,"Hình dáng như trăng tròn, vật trang sức hiếm thấy, trên đó có hoa văn nổi của tiên nhân để lại, có thể trấn định tâm thần, nhân gian không dễ gì có được.",,"[{""Tag"":""BaseAttribute"",""Attributes"":{""Symbol"":""magic_physatkbase"",""Value"":""267""}},{""Tag"":""BaseAttribute"",""Attributes"":{""Symbol"":""magic_magicatkbase"",""Value"":""267""}},{""Tag"":""Attribute"",""Attributes"":{""Symbol"":""magic_hit"",""Rate"":""100""}},{""Tag"":""Attribute"",""Attributes"":{""Symbol"":""magic_strength"",""Rate"":""100""}},{""Tag"":""Attribute"",""Attributes"":{""Symbol"":""magic_intelligence"",""Rate"":""100""}},{""Tag"":""Attribute"",""Attributes"":{""Symbol"":""magic_dexterity"",""Rate"":""100""}}]"
18043,Equip,10453020,23,Thánh Hỏa U Tiên,Amulet2_4,12,-1,2,-1,-1,95,-1,208,166,144,true,1,95,4,4,1,-1,-1,,"Nghe nói là vật do Tiên Nga của Dao Trì khi nhảy múa không cẩn thận làm rơi xuống thế gian, tiên khí vây quanh, sức mạnh phi phàm.",,"[{""Tag"":""BaseAttribute"",""Attributes"":{""Symbol"":""magic_physatkbase"",""Value"":""299""}},{""Tag"":""BaseAttribute"",""Attributes"":{""Symbol"":""magic_magicatkbase"",""Value"":""299""}},{""Tag"":""Attribute"",""Attributes"":{""Symbol"":""magic_hit"",""Rate"":""100""}},{""Tag"":""Attribute"",""Attributes"":{""Symbol"":""magic_strength"",""Rate"":""100""}},{""Tag"":""Attribute"",""Attributes"":{""Symbol"":""magic_intelligence"",""Rate"":""100""}},{""Tag"":""Attribute"",""Attributes"":{""Symbol"":""magic_dexterity"",""Rate"":""100""}}]"
18044,Equip,10453021,23,Hàng Long Noãn Ngọc Hộ Phù,Amulet2_5,12,-1,2,-1,-1,5,-1,221,176,145,true,1,5,1,1,1,-1,-1,,"Dùng Ngọc thạch trong suốt loại thường để chế thành bùa bảo vệ, loại Hộ phù phổ thông.",,"[{""Tag"":""BaseAttribute"",""Attributes"":{""Symbol"":""magic_physatkbase"",""Value"":""28""}},{""Tag"":""BaseAttribute"",""Attributes"":{""Symbol"":""magic_magicatkbase"",""Value"":""28""}},{""Tag"":""Attribute"",""Attributes"":{""Symbol"":""magic_physatk"",""Rate"":""100""}},{""Tag"":""Attribute"",""Attributes"":{""Symbol"":""magic_strength"",""Rate"":""100""}}]"
18045,Equip,10453022,23,Hàng Long Thanh Mạch Hộ Phù,Amulet2_6,12,-1,2,-1,-1,15,-1,195,156,142,true,1,15,1,1,1,-1,-1,,"Điêu khắc từ Ngọc thạch màu xanh, ẩn chứa 1 sức mạnh kỳ lạ.",,"[{""Tag"":""BaseAttribute"",""Attributes"":{""Symbol"":""magic_physatkbase"",""Value"":""44""}},{""Tag"":""BaseAttribute"",""Attributes"":{""Symbol"":""magic_magicatkbase"",""Value"":""44""}},{""Tag"":""Attribute"",""Attributes"":{""Symbol"":""magic_physatk"",""Rate"":""100""}},{""Tag"":""Attribute"",""Attributes"":{""Symbol"":""magic_strength"",""Rate"":""100""}}]"
18046,Equip,10453023,23,Hàng Long Tàn Hồn Hộ Phù,Amulet2_7,12,-1,2,-1,-1,25,-1,208,166,144,true,1,25,1,1,1,-1,-1,,"Ngọc bội có khắc hoa văn, là vật gia đình của bách tính bình thường thường dùng để chấn ma quỷ.",,"[{""Tag"":""BaseAttribute"",""Attributes"":{""Symbol"":""magic_physatkbase"",""Value"":""76""}},{""Tag"":""BaseAttribute"",""Attributes"":{""Symbol"":""magic_magicatkbase"",""Value"":""76""}},{""Tag"":""Attribute"",""Attributes"":{""Symbol"":""magic_physatk"",""Rate"":""100""}},{""Tag"":""Attribute"",""Attributes"":{""Symbol"":""magic_strength"",""Rate"":""100""}}]"
18047,Equip,10453024,23,Hàng Long Liệt Giới Hộ Phù,Amulet2_8,12,-1,2,-1,-1,35,-1,221,176,145,true,1,35,2,2,1,-1,-1,,"Dùng ngọc bội đã được các cao tăng khai quang để làm bùa bảo vệ, có thể xua đuổi tà ma, gìn giữ sự bình yên.",,"[{""Tag"":""BaseAttribute"",""Attributes"":{""Symbol"":""magic_physatkbase"",""Value"":""108""}},{""Tag"":""BaseAttribute"",""Attributes"":{""Symbol"":""magic_magicatkbase"",""Value"":""108""}},{""Tag"":""Attribute"",""Attributes"":{""Symbol"":""magic_physatk"",""Rate"":""100""}},{""Tag"":""Attribute"",""Attributes"":{""Symbol"":""magic_strength"",""Rate"":""100""}},{""Tag"":""Attribute"",""Attributes"":{""Symbol"":""magic_stamina"",""Rate"":""100""}}]"
18048,Equip,10453025,23,Hàng Long Liên Quyết Hộ Phù,Amulet1_1,12,-1,2,-1,-1,45,-1,365,292,155,true,1,45,2,2,1,-1,-1,,"Dùng Ngọc thạch long lanh trong suốt để chế thành, toát lên sức mạnh, ấm bóng không có tì vết.",,"[{""Tag"":""BaseAttribute"",""Attributes"":{""Symbol"":""magic_physatkbase"",""Value"":""140""}},{""Tag"":""BaseAttribute"",""Attributes"":{""Symbol"":""magic_magicatkbase"",""Value"":""140""}},{""Tag"":""Attribute"",""Attributes"":{""Symbol"":""magic_physatk"",""Rate"":""100""}},{""Tag"":""Attribute"",""Attributes"":{""Symbol"":""magic_strength"",""Rate"":""100""}},{""Tag"":""Attribute"",""Attributes"":{""Symbol"":""magic_stamina"",""Rate"":""100""}}]"
18049,Equip,10453026,23,Hàng Long Vân Qui Hộ Phù,Amulet1_2,12,-1,2,-1,-1,55,-1,382,305,156,true,1,55,2,2,1,-1,-1,,"Như màu mây, nói trắng cũng không phải trắng, ẩn chứa ánh sáng bảy màu, là bùa bảo vệ rất quý giá.",,"[{""Tag"":""BaseAttribute"",""Attributes"":{""Symbol"":""magic_physatkbase"",""Value"":""172""}},{""Tag"":""BaseAttribute"",""Attributes"":{""Symbol"":""magic_magicatkbase"",""Value"":""172""}},{""Tag"":""Attribute"",""Attributes"":{""Symbol"":""magic_physatk"",""Rate"":""100""}},{""Tag"":""Attribute"",""Attributes"":{""Symbol"":""magic_strength"",""Rate"":""100""}},{""Tag"":""Attribute"",""Attributes"":{""Symbol"":""magic_stamina"",""Rate"":""100""}}]"
18050,Equip,10453027,23,Hàng Long Cửu Niệm,Amulet1_3,12,-1,2,-1,-1,65,-1,399,319,157,true,1,65,3,3,1,-1,-1,,"Cùng Điền dương chỉ bạch ngọc chế thành, là kỳ trân trong như ngọc, ấm và bóng không có tì vết, ẩn chứa nội lực.",,"[{""Tag"":""BaseAttribute"",""Attributes"":{""Symbol"":""magic_physatkbase"",""Value"":""203""}},{""Tag"":""BaseAttribute"",""Attributes"":{""Symbol"":""magic_magicatkbase"",""Value"":""203""}},{""Tag"":""Attribute"",""Attributes"":{""Symbol"":""magic_physatk"",""Rate"":""100""}},{""Tag"":""Attribute"",""Attributes"":{""Symbol"":""magic_strength"",""Rate"":""100""}},{""Tag"":""Attribute"",""Attributes"":{""Symbol"":""magic_stamina"",""Rate"":""100""}},{""Tag"":""Attribute"",""Attributes"":{""Symbol"":""magic_dexterity"",""Rate"":""100""}}]"
18051,Equip,10453028,23,Giáng Long Chi Túc Ưu,Amulet1_4,12,-1,2,-1,-1,75,-1,365,292,155,true,1,75,3,3,1,-1,-1,,"Vật trang sức được dùng Địa ngục hỏa để thành, ẩn chứa 1 sức mạnh cực lớn",,"[{""Tag"":""BaseAttribute"",""Attributes"":{""Symbol"":""magic_physatkbase"",""Value"":""235""}},{""Tag"":""BaseAttribute"",""Attributes"":{""Symbol"":""magic_magicatkbase"",""Value"":""235""}},{""Tag"":""Attribute"",""Attributes"":{""Symbol"":""magic_physatk"",""Rate"":""100""}},{""Tag"":""Attribute"",""Attributes"":{""Symbol"":""magic_strength"",""Rate"":""100""}},{""Tag"":""Attribute"",""Attributes"":{""Symbol"":""magic_stamina"",""Rate"":""100""}},{""Tag"":""Attribute"",""Attributes"":{""Symbol"":""magic_dexterity"",""Rate"":""100""}}]"
18052,Equip,10453029,23,Hàng Long Mãn Nguyệt,Amulet1_5,12,-1,2,-1,-1,85,-1,382,305,156,true,1,85,4,4,1,-1,-1,,"Hình dáng như trăng tròn, vật trang sức hiếm thấy, trên đó có hoa văn nổi của tiên nhân để lại, có thể trấn định tâm thần, nhân gian không dễ gì có được.",,"[{""Tag"":""BaseAttribute"",""Attributes"":{""Symbol"":""magic_physatkbase"",""Value"":""267""}},{""Tag"":""BaseAttribute"",""Attributes"":{""Symbol"":""magic_magicatkbase"",""Value"":""267""}},{""Tag"":""Attribute"",""Attributes"":{""Symbol"":""magic_physatk"",""Rate"":""100""}},{""Tag"":""Attribute"",""Attributes"":{""Symbol"":""magic_strength"",""Rate"":""100""}},{""Tag"":""Attribute"",""Attributes"":{""Symbol"":""magic_stamina"",""Rate"":""100""}},{""Tag"":""Attribute"",""Attributes"":{""Symbol"":""magic_dexterity"",""Rate"":""100""}}]"
18053,Equip,10453030,23,Hàng Long U Tiên,Amulet1_6,12,-1,2,-1,-1,95,-1,399,319,157,true,1,95,4,4,1,-1,-1,,"Nghe nói là vật do Tiên Nga của Dao Trì khi nhảy múa không cẩn thận làm rơi xuống thế gian, tiên khí vây quanh, sức mạnh phi phàm.",,"[{""Tag"":""BaseAttribute"",""Attributes"":{""Symbol"":""magic_physatkbase"",""Value"":""299""}},{""Tag"":""BaseAttribute"",""Attributes"":{""Symbol"":""magic_magicatkbase"",""Value"":""299""}},{""Tag"":""Attribute"",""Attributes"":{""Symbol"":""magic_physatk"",""Rate"":""100""}},{""Tag"":""Attribute"",""Attributes"":{""Symbol"":""magic_strength"",""Rate"":""100""}},{""Tag"":""Attribute"",""Attributes"":{""Symbol"":""magic_stamina"",""Rate"":""100""}},{""Tag"":""Attribute"",""Attributes"":{""Symbol"":""magic_dexterity"",""Rate"":""100""}}]"
18054,Equip,10453031,23,Ngọc Nữ Noãn Ngọc Hộ Phù,Amulet1_7,12,-1,2,-1,-1,5,-1,365,292,155,true,1,5,1,1,1,-1,-1,,"Dùng Ngọc thạch trong suốt loại thường để chế thành bùa bảo vệ, loại Hộ phù phổ thông.",,"[{""Tag"":""BaseAttribute"",""Attributes"":{""Symbol"":""magic_physatkbase"",""Value"":""28""}},{""Tag"":""BaseAttribute"",""Attributes"":{""Symbol"":""magic_magicatkbase"",""Value"":""28""}},{""Tag"":""Attribute"",""Attributes"":{""Symbol"":""magic_hit"",""Rate"":""100""}},{""Tag"":""Attribute"",""Attributes"":{""Symbol"":""magic_energy"",""Rate"":""100""}}]"
18055,Equip,10453032,23,Ngọc Nữ Thanh Mạch Hộ Phù,Amulet1_8,12,-1,2,-1,-1,15,-1,382,305,156,true,1,15,1,1,1,-1,-1,,"Điêu khắc từ Ngọc thạch màu xanh, ẩn chứa 1 sức mạnh kỳ lạ.",,"[{""Tag"":""BaseAttribute"",""Attributes"":{""Symbol"":""magic_physatkbase"",""Value"":""44""}},{""Tag"":""BaseAttribute"",""Attributes"":{""Symbol"":""magic_magicatkbase"",""Value"":""44""}},{""Tag"":""Attribute"",""Attributes"":{""Symbol"":""magic_hit"",""Rate"":""100""}},{""Tag"":""Attribute"",""Attributes"":{""Symbol"":""magic_energy"",""Rate"":""100""}}]"
18056,Equip,10453033,23,Ngọc Nữ Tàn Hồn Hộ Phù,Amulet1_9,12,-1,2,-1,-1,25,-1,399,319,157,true,1,25,1,1,1,-1,-1,,"Ngọc bội có khắc hoa văn, là vật gia đình của bách tính bình thường thường dùng để chấn ma quỷ.",,"[{""Tag"":""BaseAttribute"",""Attributes"":{""Symbol"":""magic_physatkbase"",""Value"":""76""}},{""Tag"":""BaseAttribute"",""Attributes"":{""Symbol"":""magic_magicatkbase"",""Value"":""76""}},{""Tag"":""Attribute"",""Attributes"":{""Symbol"":""magic_hit"",""Rate"":""100""}},{""Tag"":""Attribute"",""Attributes"":{""Symbol"":""magic_energy"",""Rate"":""100""}}]"
18057,Equip,10453034,23,Ngọc Nữ Liệt Giới Hộ Phù,Amulet1_10,12,-1,2,-1,-1,35,-1,365,292,155,true,1,35,2,2,1,-1,-1,,"Dùng ngọc bội đã được các cao tăng khai quang để làm bùa bảo vệ, có thể xua đuổi tà ma, gìn giữ sự bình yên.",,"[{""Tag"":""BaseAttribute"",""Attributes"":{""Symbol"":""magic_physatkbase"",""Value"":""108""}},{""Tag"":""BaseAttribute"",""Attributes"":{""Symbol"":""magic_magicatkbase"",""Value"":""108""}},{""Tag"":""Attribute"",""Attributes"":{""Symbol"":""magic_hit"",""Rate"":""100""}},{""Tag"":""Attribute"",""Attributes"":{""Symbol"":""magic_energy"",""Rate"":""100""}},{""Tag"":""Attribute"",""Attributes"":{""Symbol"":""magic_stamina"",""Rate"":""100""}}]"
18058,Equip,10453035,23,Ngọc Nữ Liên Quyết Hộ Phù,Amulet1_11,12,-1,2,-1,-1,45,-1,382,305,156,true,1,45,2,2,1,-1,-1,,"Dùng Ngọc thạch long lanh trong suốt để chế thành, toát lên sức mạnh, ấm bóng không có tì vết.",,"[{""Tag"":""BaseAttribute"",""Attributes"":{""Symbol"":""magic_physatkbase"",""Value"":""140""}},{""Tag"":""BaseAttribute"",""Attributes"":{""Symbol"":""magic_magicatkbase"",""Value"":""140""}},{""Tag"":""Attribute"",""Attributes"":{""Symbol"":""magic_hit"",""Rate"":""100""}},{""Tag"":""Attribute"",""Attributes"":{""Symbol"":""magic_energy"",""Rate"":""100""}},{""Tag"":""Attribute"",""Attributes"":{""Symbol"":""magic_stamina"",""Rate"":""100""}}]"
18059,Equip,10453036,23,Ngọc Nữ Vân Qui Hộ Phù,Amulet1_12,12,-1,2,-1,-1,55,-1,399,319,157,true,1,55,2,2,1,-1,-1,,"Như màu mây, nói trắng cũng không phải trắng, ẩn chứa ánh sáng bảy màu, là bùa bảo vệ rất quý giá.",,"[{""Tag"":""BaseAttribute"",""Attributes"":{""Symbol"":""magic_physatkbase"",""Value"":""172""}},{""Tag"":""BaseAttribute"",""Attributes"":{""Symbol"":""magic_magicatkbase"",""Value"":""172""}},{""Tag"":""Attribute"",""Attributes"":{""Symbol"":""magic_hit"",""Rate"":""100""}},{""Tag"":""Attribute"",""Attributes"":{""Symbol"":""magic_energy"",""Rate"":""100""}},{""Tag"":""Attribute"",""Attributes"":{""Symbol"":""magic_stamina"",""Rate"":""100""}}]"
18060,Equip,10453037,23,Ngọc Nữ Cửu Niệm,Amulet1_13,12,-1,2,-1,-1,65,-1,610,488,167,true,1,65,3,3,1,-1,-1,,"Cùng Điền dương chỉ bạch ngọc chế thành, là kỳ trân trong như ngọc, ấm và bóng không có tì vết, ẩn chứa nội lực.",,"[{""Tag"":""BaseAttribute"",""Attributes"":{""Symbol"":""magic_physatkbase"",""Value"":""203""}},{""Tag"":""BaseAttribute"",""Attributes"":{""Symbol"":""magic_magicatkbase"",""Value"":""203""}},{""Tag"":""Attribute"",""Attributes"":{""Symbol"":""magic_hit"",""Rate"":""100""}},{""Tag"":""Attribute"",""Attributes"":{""Symbol"":""magic_energy"",""Rate"":""100""}},{""Tag"":""Attribute"",""Attributes"":{""Symbol"":""magic_stamina"",""Rate"":""100""}},{""Tag"":""Attribute"",""Attributes"":{""Symbol"":""magic_intelligence"",""Rate"":""100""}}]"
18061,Equip,10453038,23,Ngọc Nữ Chi Túc Ưu,Amulet1_14,12,-1,2,-1,-1,75,-1,638,510,169,true,1,75,3,3,1,-1,-1,,"Vật trang sức được dùng Địa ngục hỏa để thành, ẩn chứa 1 sức mạnh cực lớn",,"[{""Tag"":""BaseAttribute"",""Attributes"":{""Symbol"":""magic_physatkbase"",""Value"":""235""}},{""Tag"":""BaseAttribute"",""Attributes"":{""Symbol"":""magic_magicatkbase"",""Value"":""235""}},{""Tag"":""Attribute"",""Attributes"":{""Symbol"":""magic_hit"",""Rate"":""100""}},{""Tag"":""Attribute"",""Attributes"":{""Symbol"":""magic_energy"",""Rate"":""100""}},{""Tag"":""Attribute"",""Attributes"":{""Symbol"":""magic_stamina"",""Rate"":""100""}},{""Tag"":""Attribute"",""Attributes"":{""Symbol"":""magic_intelligence"",""Rate"":""100""}}]"
18062,Equip,10453039,23,Ngọc Nữ Mãn Nguyệt,Amulet1_15,12,-1,2,-1,-1,85,-1,666,532,170,true,1,85,4,4,1,-1,-1,,"Hình dáng như trăng tròn, vật trang sức hiếm thấy, trên đó có hoa văn nổi của tiên nhân để lại, có thể trấn định tâm thần, nhân gian không dễ gì có được.",,"[{""Tag"":""BaseAttribute"",""Attributes"":{""Symbol"":""magic_physatkbase"",""Value"":""267""}},{""Tag"":""BaseAttribute"",""Attributes"":{""Symbol"":""magic_magicatkbase"",""Value"":""267""}},{""Tag"":""Attribute"",""Attributes"":{""Symbol"":""magic_hit"",""Rate"":""100""}},{""Tag"":""Attribute"",""Attributes"":{""Symbol"":""magic_energy"",""Rate"":""100""}},{""Tag"":""Attribute"",""Attributes"":{""Symbol"":""magic_stamina"",""Rate"":""100""}},{""Tag"":""Attribute"",""Attributes"":{""Symbol"":""magic_intelligence"",""Rate"":""100""}}]"
18063,Equip,10453040,23,Ngọc Nữ U Tiên,Amulet1_16,12,-1,2,-1,-1,95,-1,610,488,167,true,1,95,4,4,1,-1,-1,,"Nghe nói là vật do Tiên Nga của Dao Trì khi nhảy múa không cẩn thận làm rơi xuống thế gian, tiên khí vây quanh, sức mạnh phi phàm.",,"[{""Tag"":""BaseAttribute"",""Attributes"":{""Symbol"":""magic_physatkbase"",""Value"":""299""}},{""Tag"":""BaseAttribute"",""Attributes"":{""Symbol"":""magic_magicatkbase"",""Value"":""299""}},{""Tag"":""Attribute"",""Attributes"":{""Symbol"":""magic_hit"",""Rate"":""100""}},{""Tag"":""Attribute"",""Attributes"":{""Symbol"":""magic_energy"",""Rate"":""100""}},{""Tag"":""Attribute"",""Attributes"":{""Symbol"":""magic_stamina"",""Rate"":""100""}},{""Tag"":""Attribute"",""Attributes"":{""Symbol"":""magic_intelligence"",""Rate"":""100""}}]"
18064,Equip,10453041,23,Vô Cực Noãn Ngọc Hộ Phù,Amulet2_1,12,-1,2,-1,-1,5,-1,638,510,169,true,1,5,1,1,1,-1,-1,,"Dùng Ngọc thạch trong suốt loại thường để chế thành bùa bảo vệ, loại Hộ phù phổ thông.",,"[{""Tag"":""BaseAttribute"",""Attributes"":{""Symbol"":""magic_physatkbase"",""Value"":""28""}},{""Tag"":""BaseAttribute"",""Attributes"":{""Symbol"":""magic_magicatkbase"",""Value"":""28""}},{""Tag"":""Attribute"",""Attributes"":{""Symbol"":""magic_magicatk"",""Rate"":""100""}},{""Tag"":""Attribute"",""Attributes"":{""Symbol"":""magic_energy"",""Rate"":""100""}}]"
18065,Equip,10453042,23,Vô Cực Thanh Mạch Hộ Phù,Amulet2_2,12,-1,2,-1,-1,15,-1,666,532,170,true,1,15,1,1,1,-1,-1,,"Điêu khắc từ Ngọc thạch màu xanh, ẩn chứa 1 sức mạnh kỳ lạ.",,"[{""Tag"":""BaseAttribute"",""Attributes"":{""Symbol"":""magic_physatkbase"",""Value"":""44""}},{""Tag"":""BaseAttribute"",""Attributes"":{""Symbol"":""magic_magicatkbase"",""Value"":""44""}},{""Tag"":""Attribute"",""Attributes"":{""Symbol"":""magic_magicatk"",""Rate"":""100""}},{""Tag"":""Attribute"",""Attributes"":{""Symbol"":""magic_energy"",""Rate"":""100""}}]"
18066,Equip,10453043,23,Vô Cực Tàn Hồn Hộ Phù,Amulet2_3,12,-1,2,-1,-1,25,-1,610,488,167,true,1,25,1,1,1,-1,-1,,"Ngọc bội có khắc hoa văn, là vật gia đình của bách tính bình thường thường dùng để chấn ma quỷ.",,"[{""Tag"":""BaseAttribute"",""Attributes"":{""Symbol"":""magic_physatkbase"",""Value"":""76""}},{""Tag"":""BaseAttribute"",""Attributes"":{""Symbol"":""magic_magicatkbase"",""Value"":""76""}},{""Tag"":""Attribute"",""Attributes"":{""Symbol"":""magic_magicatk"",""Rate"":""100""}},{""Tag"":""Attribute"",""Attributes"":{""Symbol"":""magic_energy"",""Rate"":""100""}}]"
18067,Equip,10453044,23,Vô Cực Liệt Giới Hộ Phù,Amulet2_4,12,-1,2,-1,-1,35,-1,638,510,169,true,1,35,2,2,1,-1,-1,,"Dùng ngọc bội đã được các cao tăng khai quang để làm bùa bảo vệ, có thể xua đuổi tà ma, gìn giữ sự bình yên.",,"[{""Tag"":""BaseAttribute"",""Attributes"":{""Symbol"":""magic_physatkbase"",""Value"":""108""}},{""Tag"":""BaseAttribute"",""Attributes"":{""Symbol"":""magic_magicatkbase"",""Value"":""108""}},{""Tag"":""Attribute"",""Attributes"":{""Symbol"":""magic_magicatk"",""Rate"":""100""}},{""Tag"":""Attribute"",""Attributes"":{""Symbol"":""magic_energy"",""Rate"":""100""}},{""Tag"":""Attribute"",""Attributes"":{""Symbol"":""magic_intelligence"",""Rate"":""100""}}]"
18068,Equip,10453045,23,Vô Cực Liên Quyết Hộ Phù,Amulet2_5,12,-1,2,-1,-1,45,-1,666,532,170,true,1,45,2,2,1,-1,-1,,"Dùng Ngọc thạch long lanh trong suốt để chế thành, toát lên sức mạnh, ấm bóng không có tì vết.",,"[{""Tag"":""BaseAttribute"",""Attributes"":{""Symbol"":""magic_physatkbase"",""Value"":""140""}},{""Tag"":""BaseAttribute"",""Attributes"":{""Symbol"":""magic_magicatkbase"",""Value"":""140""}},{""Tag"":""Attribute"",""Attributes"":{""Symbol"":""magic_magicatk"",""Rate"":""100""}},{""Tag"":""Attribute"",""Attributes"":{""Symbol"":""magic_energy"",""Rate"":""100""}},{""Tag"":""Attribute"",""Attributes"":{""Symbol"":""magic_intelligence"",""Rate"":""100""}}]"
18069,Equip,10453046,23,Vô Cực Vân Qui Hộ Phù,Amulet2_6,12,-1,2,-1,-1,55,-1,610,488,167,true,1,55,2,2,1,-1,-1,,"Như màu mây, nói trắng cũng không phải trắng, ẩn chứa ánh sáng bảy màu, là bùa bảo vệ rất quý giá.",,"[{""Tag"":""BaseAttribute"",""Attributes"":{""Symbol"":""magic_physatkbase"",""Value"":""172""}},{""Tag"":""BaseAttribute"",""Attributes"":{""Symbol"":""magic_magicatkbase"",""Value"":""172""}},{""Tag"":""Attribute"",""Attributes"":{""Symbol"":""magic_magicatk"",""Rate"":""100""}},{""Tag"":""Attribute"",""Attributes"":{""Symbol"":""magic_energy"",""Rate"":""100""}},{""Tag"":""Attribute"",""Attributes"":{""Symbol"":""magic_intelligence"",""Rate"":""100""}}]"
18070,Equip,10453047,23,Vô Cực Cửu Niệm,Amulet2_7,12,-1,2,-1,-1,65,-1,638,510,169,true,1,65,3,3,1,-1,-1,,"Cùng Điền dương chỉ bạch ngọc chế thành, là kỳ trân trong như ngọc, ấm và bóng không có tì vết, ẩn chứa nội lực.",,"[{""Tag"":""BaseAttribute"",""Attributes"":{""Symbol"":""magic_physatkbase"",""Value"":""203""}},{""Tag"":""BaseAttribute"",""Attributes"":{""Symbol"":""magic_magicatkbase"",""Value"":""203""}},{""Tag"":""Attribute"",""Attributes"":{""Symbol"":""magic_magicatk"",""Rate"":""100""}},{""Tag"":""Attribute"",""Attributes"":{""Symbol"":""magic_energy"",""Rate"":""100""}},{""Tag"":""Attribute"",""Attributes"":{""Symbol"":""magic_intelligence"",""Rate"":""100""}},{""Tag"":""Attribute"",""Attributes"":{""Symbol"":""magic_dexterity"",""Rate"":""100""}}]"
18071,Equip,10453048,23,Vô Cấp Chi Túc Ưu,Amulet2_8,12,-1,2,-1,-1,75,-1,666,532,170,true,1,75,3,3,1,-1,-1,,"Vật trang sức được dùng Địa ngục hỏa để thành, ẩn chứa 1 sức mạnh cực lớn",,"[{""Tag"":""BaseAttribute"",""Attributes"":{""Symbol"":""magic_physatkbase"",""Value"":""235""}},{""Tag"":""BaseAttribute"",""Attributes"":{""Symbol"":""magic_magicatkbase"",""Value"":""235""}},{""Tag"":""Attribute"",""Attributes"":{""Symbol"":""magic_magicatk"",""Rate"":""100""}},{""Tag"":""Attribute"",""Attributes"":{""Symbol"":""magic_energy"",""Rate"":""100""}},{""Tag"":""Attribute"",""Attributes"":{""Symbol"":""magic_intelligence"",""Rate"":""100""}},{""Tag"":""Attribute"",""Attributes"":{""Symbol"":""magic_dexterity"",""Rate"":""100""}}]"
18072,Equip,10453049,23,Vô Cực Mãn Nguyệt,Amulet1_1,12,-1,2,-1,-1,85,-1,610,488,167,true,1,85,4,4,1,-1,-1,,"Hình dáng như trăng tròn, vật trang sức hiếm thấy, trên đó có hoa văn nổi của tiên nhân để lại, có thể trấn định tâm thần, nhân gian không dễ gì có được.",,"[{""Tag"":""BaseAttribute"",""Attributes"":{""Symbol"":""magic_physatkbase"",""Value"":""267""}},{""Tag"":""BaseAttribute"",""Attributes"":{""Symbol"":""magic_magicatkbase"",""Value"":""267""}},{""Tag"":""Attribute"",""Attributes"":{""Symbol"":""magic_magicatk"",""Rate"":""100""}},{""Tag"":""Attribute"",""Attributes"":{""Symbol"":""magic_energy"",""Rate"":""100""}},{""Tag"":""Attribute"",""Attributes"":{""Symbol"":""magic_intelligence"",""Rate"":""100""}},{""Tag"":""Attribute"",""Attributes"":{""Symbol"":""magic_dexterity"",""Rate"":""100""}}]"
18073,Equip,10453050,23,Vô Cực U Tiên,Amulet1_2,12,-1,2,-1,-1,95,-1,638,510,169,true,1,95,4,4,1,-1,-1,,"Nghe nói là vật do Tiên Nga của Dao Trì khi nhảy múa không cẩn thận làm rơi xuống thế gian, tiên khí vây quanh, sức mạnh phi phàm.",,"[{""Tag"":""BaseAttribute"",""Attributes"":{""Symbol"":""magic_physatkbase"",""Value"":""299""}},{""Tag"":""BaseAttribute"",""Attributes"":{""Symbol"":""magic_magicatkbase"",""Value"":""299""}},{""Tag"":""Attribute"",""Attributes"":{""Symbol"":""magic_magicatk"",""Rate"":""100""}},{""Tag"":""Attribute"",""Attributes"":{""Symbol"":""magic_energy"",""Rate"":""100""}},{""Tag"":""Attribute"",""Attributes"":{""Symbol"":""magic_intelligence"",""Rate"":""100""}},{""Tag"":""Attribute"",""Attributes"":{""Symbol"":""magic_dexterity"",""Rate"":""100""}}]"
18074,Equip,10453051,23,Hoang Độc Noãn Ngọc Hộ Phù,Amulet1_3,12,-1,2,-1,-1,5,-1,666,532,170,true,1,5,1,1,1,-1,-1,,"Dùng Ngọc thạch trong suốt loại thường để chế thành bùa bảo vệ, loại Hộ phù phổ thông.",,"[{""Tag"":""BaseAttribute"",""Attributes"":{""Symbol"":""magic_physatkbase"",""Value"":""28""}},{""Tag"":""BaseAttribute"",""Attributes"":{""Symbol"":""magic_magicatkbase"",""Value"":""28""}},{""Tag"":""Attribute"",""Attributes"":{""Symbol"":""magic_magicatk"",""Rate"":""100""}},{""Tag"":""Attribute"",""Attributes"":{""Symbol"":""magic_energy"",""Rate"":""100""}}]"
18075,Equip,10453052,23,Hoang Độc Thanh Mạch Hộ Phù,Amulet1_4,12,-1,2,-1,-1,15,-1,610,488,167,true,1,15,1,1,1,-1,-1,,"Điêu khắc từ Ngọc thạch màu xanh, ẩn chứa 1 sức mạnh kỳ lạ.",,"[{""Tag"":""BaseAttribute"",""Attributes"":{""Symbol"":""magic_physatkbase"",""Value"":""44""}},{""Tag"":""BaseAttribute"",""Attributes"":{""Symbol"":""magic_magicatkbase"",""Value"":""44""}},{""Tag"":""Attribute"",""Attributes"":{""Symbol"":""magic_magicatk"",""Rate"":""100""}},{""Tag"":""Attribute"",""Attributes"":{""Symbol"":""magic_energy"",""Rate"":""100""}}]"
18076,Equip,10453053,23,Hoang Độc Tàn Hồn Hộ Phù,Amulet1_5,12,-1,2,-1,-1,25,-1,638,510,169,true,1,25,1,1,1,-1,-1,,"Ngọc bội có khắc hoa văn, là vật gia đình của bách tính bình thường thường dùng để chấn ma quỷ.",,"[{""Tag"":""BaseAttribute"",""Attributes"":{""Symbol"":""magic_physatkbase"",""Value"":""76""}},{""Tag"":""BaseAttribute"",""Attributes"":{""Symbol"":""magic_magicatkbase"",""Value"":""76""}},{""Tag"":""Attribute"",""Attributes"":{""Symbol"":""magic_magicatk"",""Rate"":""100""}},{""Tag"":""Attribute"",""Attributes"":{""Symbol"":""magic_energy"",""Rate"":""100""}}]"
18077,Equip,10453054,23,Hoang Độc Liệt Giới Hộ Phù,Amulet1_6,12,-1,2,-1,-1,35,-1,666,532,170,true,1,35,2,2,1,-1,-1,,"Dùng ngọc bội đã được các cao tăng khai quang để làm bùa bảo vệ, có thể xua đuổi tà ma, gìn giữ sự bình yên.",,"[{""Tag"":""BaseAttribute"",""Attributes"":{""Symbol"":""magic_physatkbase"",""Value"":""108""}},{""Tag"":""BaseAttribute"",""Attributes"":{""Symbol"":""magic_magicatkbase"",""Value"":""108""}},{""Tag"":""Attribute"",""Attributes"":{""Symbol"":""magic_magicatk"",""Rate"":""100""}},{""Tag"":""Attribute"",""Attributes"":{""Symbol"":""magic_energy"",""Rate"":""100""}},{""Tag"":""Attribute"",""Attributes"":{""Symbol"":""magic_stamina"",""Rate"":""100""}}]"
18078,Equip,10453055,23,Hoang Độc Liên Quyết Hộ Phù,Amulet1_7,12,-1,2,-1,-1,45,-1,950,760,180,true,1,45,2,2,1,-1,-1,,"Dùng Ngọc thạch long lanh trong suốt để chế thành, toát lên sức mạnh, ấm bóng không có tì vết.",,"[{""Tag"":""BaseAttribute"",""Attributes"":{""Symbol"":""magic_physatkbase"",""Value"":""140""}},{""Tag"":""BaseAttribute"",""Attributes"":{""Symbol"":""magic_magicatkbase"",""Value"":""140""}},{""Tag"":""Attribute"",""Attributes"":{""Symbol"":""magic_magicatk"",""Rate"":""100""}},{""Tag"":""Attribute"",""Attributes"":{""Symbol"":""magic_energy"",""Rate"":""100""}},{""Tag"":""Attribute"",""Attributes"":{""Symbol"":""magic_stamina"",""Rate"":""100""}}]"
18079,Equip,10453056,23,Hoang Độc Vân Qui Hộ Phù,Amulet1_8,12,-1,2,-1,-1,55,-1,980,784,181,true,1,55,2,2,1,-1,-1,,"Như màu mây, nói trắng cũng không phải trắng, ẩn chứa ánh sáng bảy màu, là bùa bảo vệ rất quý giá.",,"[{""Tag"":""BaseAttribute"",""Attributes"":{""Symbol"":""magic_physatkbase"",""Value"":""172""}},{""Tag"":""BaseAttribute"",""Attributes"":{""Symbol"":""magic_magicatkbase"",""Value"":""172""}},{""Tag"":""Attribute"",""Attributes"":{""Symbol"":""magic_magicatk"",""Rate"":""100""}},{""Tag"":""Attribute"",""Attributes"":{""Symbol"":""magic_energy"",""Rate"":""100""}},{""Tag"":""Attribute"",""Attributes"":{""Symbol"":""magic_stamina"",""Rate"":""100""}}]"
18080,Equip,10453057,23,Hoang Độc Cửu Niệm,Amulet1_9,12,-1,2,-1,-1,65,-1,1010,808,182,true,1,65,3,3,1,-1,-1,,"Cùng Điền dương chỉ bạch ngọc chế thành, là kỳ trân trong như ngọc, ấm và bóng không có tì vết, ẩn chứa nội lực.",,"[{""Tag"":""BaseAttribute"",""Attributes"":{""Symbol"":""magic_physatkbase"",""Value"":""203""}},{""Tag"":""BaseAttribute"",""Attributes"":{""Symbol"":""magic_magicatkbase"",""Value"":""203""}},{""Tag"":""Attribute"",""Attributes"":{""Symbol"":""magic_magicatk"",""Rate"":""100""}},{""Tag"":""Attribute"",""Attributes"":{""Symbol"":""magic_energy"",""Rate"":""100""}},{""Tag"":""Attribute"",""Attributes"":{""Symbol"":""magic_stamina"",""Rate"":""100""}},{""Tag"":""Attribute"",""Attributes"":{""Symbol"":""magic_dexterity"",""Rate"":""100""}}]"
18081,Equip,10453058,23,Hoang Độc Chi Túc Ưu,Amulet1_10,12,-1,2,-1,-1,75,-1,950,760,180,true,1,75,3,3,1,-1,-1,,"Vật trang sức được dùng Địa ngục hỏa để thành, ẩn chứa 1 sức mạnh cực lớn",,"[{""Tag"":""BaseAttribute"",""Attributes"":{""Symbol"":""magic_physatkbase"",""Value"":""235""}},{""Tag"":""BaseAttribute"",""Attributes"":{""Symbol"":""magic_magicatkbase"",""Value"":""235""}},{""Tag"":""Attribute"",""Attributes"":{""Symbol"":""magic_magicatk"",""Rate"":""100""}},{""Tag"":""Attribute"",""Attributes"":{""Symbol"":""magic_energy"",""Rate"":""100""}},{""Tag"":""Attribute"",""Attributes"":{""Symbol"":""magic_stamina"",""Rate"":""100""}},{""Tag"":""Attribute"",""Attributes"":{""Symbol"":""magic_dexterity"",""Rate"":""100""}}]"
18082,Equip,10453059,23,Hoang Độc Mãn Nguyệt,Amulet1_11,12,-1,2,-1,-1,85,-1,980,784,181,true,1,85,4,4,1,-1,-1,,"Hình dáng như trăng tròn, vật trang sức hiếm thấy, trên đó có hoa văn nổi của tiên nhân để lại, có thể trấn định tâm thần, nhân gian không dễ gì có được.",,"[{""Tag"":""BaseAttribute"",""Attributes"":{""Symbol"":""magic_physatkbase"",""Value"":""267""}},{""Tag"":""BaseAttribute"",""Attributes"":{""Symbol"":""magic_magicatkbase"",""Value"":""267""}},{""Tag"":""Attribute"",""Attributes"":{""Symbol"":""magic_magicatk"",""Rate"":""100""}},{""Tag"":""Attribute"",""Attributes"":{""Symbol"":""magic_energy"",""Rate"":""100""}},{""Tag"":""Attribute"",""Attributes"":{""Symbol"":""magic_stamina"",""Rate"":""100""}},{""Tag"":""Attribute"",""Attributes"":{""Symbol"":""magic_dexterity"",""Rate"":""100""}}]"
18083,Equip,10453060,23,Hoang Độc U Tiên,Amulet1_12,12,-1,2,-1,-1,95,-1,1010,808,182,true,1,95,4,4,1,-1,-1,,"Nghe nói là vật do Tiên Nga của Dao Trì khi nhảy múa không cẩn thận làm rơi xuống thế gian, tiên khí vây quanh, sức mạnh phi phàm.",,"[{""Tag"":""BaseAttribute"",""Attributes"":{""Symbol"":""magic_physatkbase"",""Value"":""299""}},{""Tag"":""BaseAttribute"",""Attributes"":{""Symbol"":""magic_magicatkbase"",""Value"":""299""}},{""Tag"":""Attribute"",""Attributes"":{""Symbol"":""magic_magicatk"",""Rate"":""100""}},{""Tag"":""Attribute"",""Attributes"":{""Symbol"":""magic_energy"",""Rate"":""100""}},{""Tag"":""Attribute"",""Attributes"":{""Symbol"":""magic_stamina"",""Rate"":""100""}},{""Tag"":""Attribute"",""Attributes"":{""Symbol"":""magic_dexterity"",""Rate"":""100""}}]"
18084,Equip,10453061,23,Vô Tướng Noãn Ngọc Hộ Phù,Amulet1_13,12,-1,2,-1,-1,5,-1,950,760,180,true,1,5,1,1,1,-1,-1,,"Dùng Ngọc thạch trong suốt loại thường để chế thành bùa bảo vệ, loại Hộ phù phổ thông.",,"[{""Tag"":""BaseAttribute"",""Attributes"":{""Symbol"":""magic_physatkbase"",""Value"":""28""}},{""Tag"":""BaseAttribute"",""Attributes"":{""Symbol"":""magic_magicatkbase"",""Value"":""28""}},{""Tag"":""Attribute"",""Attributes"":{""Symbol"":""magic_physatk"",""Rate"":""100""}},{""Tag"":""Attribute"",""Attributes"":{""Symbol"":""magic_strength"",""Rate"":""100""}}]"
18085,Equip,10453062,23,Vô Tướng Thanh Mạch Hộ Phù,Amulet1_14,12,-1,2,-1,-1,15,-1,980,784,181,true,1,15,1,1,1,-1,-1,,"Điêu khắc từ Ngọc thạch màu xanh, ẩn chứa 1 sức mạnh kỳ lạ.",,"[{""Tag"":""BaseAttribute"",""Attributes"":{""Symbol"":""magic_physatkbase"",""Value"":""44""}},{""Tag"":""BaseAttribute"",""Attributes"":{""Symbol"":""magic_magicatkbase"",""Value"":""44""}},{""Tag"":""Attribute"",""Attributes"":{""Symbol"":""magic_physatk"",""Rate"":""100""}},{""Tag"":""Attribute"",""Attributes"":{""Symbol"":""magic_strength"",""Rate"":""100""}}]"
18086,Equip,10453063,23,Vô Tướng Tàn Hồn Hộ Phù,Amulet1_15,12,-1,2,-1,-1,25,-1,1010,808,182,true,1,25,1,1,1,-1,-1,,"Ngọc bội có khắc hoa văn, là vật gia đình của bách tính bình thường thường dùng để chấn ma quỷ.",,"[{""Tag"":""BaseAttribute"",""Attributes"":{""Symbol"":""magic_physatkbase"",""Value"":""76""}},{""Tag"":""BaseAttribute"",""Attributes"":{""Symbol"":""magic_magicatkbase"",""Value"":""76""}},{""Tag"":""Attribute"",""Attributes"":{""Symbol"":""magic_physatk"",""Rate"":""100""}},{""Tag"":""Attribute"",""Attributes"":{""Symbol"":""magic_strength"",""Rate"":""100""}}]"
18087,Equip,10453064,23,Vô Tướng Liệt Giới Hộ Phù,Amulet1_16,12,-1,2,-1,-1,35,-1,950,760,180,true,1,35,2,2,1,-1,-1,,"Dùng ngọc bội đã được các cao tăng khai quang để làm bùa bảo vệ, có thể xua đuổi tà ma, gìn giữ sự bình yên.",,"[{""Tag"":""BaseAttribute"",""Attributes"":{""Symbol"":""magic_physatkbase"",""Value"":""108""}},{""Tag"":""BaseAttribute"",""Attributes"":{""Symbol"":""magic_magicatkbase"",""Value"":""108""}},{""Tag"":""Attribute"",""Attributes"":{""Symbol"":""magic_physatk"",""Rate"":""100""}},{""Tag"":""Attribute"",""Attributes"":{""Symbol"":""magic_strength"",""Rate"":""100""}},{""Tag"":""Attribute"",""Attributes"":{""Symbol"":""magic_dexterity"",""Rate"":""100""}}]"
18088,Equip,10453065,23,Vô Tướng Liên Quyết Hộ Phù,Amulet2_1,12,-1,2,-1,-1,45,-1,980,784,181,true,1,45,2,2,1,-1,-1,,"Dùng Ngọc thạch long lanh trong suốt để chế thành, toát lên sức mạnh, ấm bóng không có tì vết.",,"[{""Tag"":""BaseAttribute"",""Attributes"":{""Symbol"":""magic_physatkbase"",""Value"":""140""}},{""Tag"":""BaseAttribute"",""Attributes"":{""Symbol"":""magic_magicatkbase"",""Value"":""140""}},{""Tag"":""Attribute"",""Attributes"":{""Symbol"":""magic_physatk"",""Rate"":""100""}},{""Tag"":""Attribute"",""Attributes"":{""Symbol"":""magic_strength"",""Rate"":""100""}},{""Tag"":""Attribute"",""Attributes"":{""Symbol"":""magic_dexterity"",""Rate"":""100""}}]"
18089,Equip,10453066,23,Vô Tướng Vân Qui Hộ Phù,Amulet2_2,12,-1,2,-1,-1,55,-1,1010,808,182,true,1,55,2,2,1,-1,-1,,"Như màu mây, nói trắng cũng không phải trắng, ẩn chứa ánh sáng bảy màu, là bùa bảo vệ rất quý giá.",,"[{""Tag"":""BaseAttribute"",""Attributes"":{""Symbol"":""magic_physatkbase"",""Value"":""172""}},{""Tag"":""BaseAttribute"",""Attributes"":{""Symbol"":""magic_magicatkbase"",""Value"":""172""}},{""Tag"":""Attribute"",""Attributes"":{""Symbol"":""magic_physatk"",""Rate"":""100""}},{""Tag"":""Attribute"",""Attributes"":{""Symbol"":""magic_strength"",""Rate"":""100""}},{""Tag"":""Attribute"",""Attributes"":{""Symbol"":""magic_dexterity"",""Rate"":""100""}}]"
18090,Equip,10453067,23,Vô Tướng Cửu Niệm,Amulet2_3,12,-1,2,-1,-1,65,-1,950,760,180,true,1,65,3,3,1,-1,-1,,"Cùng Điền dương chỉ bạch ngọc chế thành, là kỳ trân trong như ngọc, ấm và bóng không có tì vết, ẩn chứa nội lực.",,"[{""Tag"":""BaseAttribute"",""Attributes"":{""Symbol"":""magic_physatkbase"",""Value"":""203""}},{""Tag"":""BaseAttribute"",""Attributes"":{""Symbol"":""magic_magicatkbase"",""Value"":""203""}},{""Tag"":""Attribute"",""Attributes"":{""Symbol"":""magic_physatk"",""Rate"":""100""}},{""Tag"":""Attribute"",""Attributes"":{""Symbol"":""magic_strength"",""Rate"":""100""}},{""Tag"":""Attribute"",""Attributes"":{""Symbol"":""magic_stamina"",""Rate"":""100""}},{""Tag"":""Attribute"",""Attributes"":{""Symbol"":""magic_dexterity"",""Rate"":""100""}}]"
18091,Equip,10453068,23,Vô Tương Chi Túc Ưu,Amulet2_4,12,-1,2,-1,-1,75,-1,980,784,181,true,1,75,3,3,1,-1,-1,,"Vật trang sức được dùng Địa ngục hỏa để thành, ẩn chứa 1 sức mạnh cực lớn",,"[{""Tag"":""BaseAttribute"",""Attributes"":{""Symbol"":""magic_physatkbase"",""Value"":""235""}},{""Tag"":""BaseAttribute"",""Attributes"":{""Symbol"":""magic_magicatkbase"",""Value"":""235""}},{""Tag"":""Attribute"",""Attributes"":{""Symbol"":""magic_physatk"",""Rate"":""100""}},{""Tag"":""Attribute"",""Attributes"":{""Symbol"":""magic_strength"",""Rate"":""100""}},{""Tag"":""Attribute"",""Attributes"":{""Symbol"":""magic_stamina"",""Rate"":""100""}},{""Tag"":""Attribute"",""Attributes"":{""Symbol"":""magic_dexterity"",""Rate"":""100""}}]"
18092,Equip,10453069,23,Vô Tướng Mãn Nguyệt,Amulet2_5,12,-1,2,-1,-1,85,-1,1010,808,182,true,1,85,4,4,1,-1,-1,,"Hình dáng như trăng tròn, vật trang sức hiếm thấy, trên đó có hoa văn nổi của tiên nhân để lại, có thể trấn định tâm thần, nhân gian không dễ gì có được.",,"[{""Tag"":""BaseAttribute"",""Attributes"":{""Symbol"":""magic_physatkbase"",""Value"":""267""}},{""Tag"":""BaseAttribute"",""Attributes"":{""Symbol"":""magic_magicatkbase"",""Value"":""267""}},{""Tag"":""Attribute"",""Attributes"":{""Symbol"":""magic_physatk"",""Rate"":""100""}},{""Tag"":""Attribute"",""Attributes"":{""Symbol"":""magic_strength"",""Rate"":""100""}},{""Tag"":""Attribute"",""Attributes"":{""Symbol"":""magic_stamina"",""Rate"":""100""}},{""Tag"":""Attribute"",""Attributes"":{""Symbol"":""magic_dexterity"",""Rate"":""100""}}]"
18093,Equip,10453070,23,Vô Tướng U Tiên,Amulet2_6,12,-1,2,-1,-1,95,-1,950,760,180,true,1,95,4,4,1,-1,-1,,"Nghe nói là vật do Tiên Nga của Dao Trì khi nhảy múa không cẩn thận làm rơi xuống thế gian, tiên khí vây quanh, sức mạnh phi phàm.",,"[{""Tag"":""BaseAttribute"",""Attributes"":{""Symbol"":""magic_physatkbase"",""Value"":""299""}},{""Tag"":""BaseAttribute"",""Attributes"":{""Symbol"":""magic_magicatkbase"",""Value"":""299""}},{""Tag"":""Attribute"",""Attributes"":{""Symbol"":""magic_physatk"",""Rate"":""100""}},{""Tag"":""Attribute"",""Attributes"":{""Symbol"":""magic_strength"",""Rate"":""100""}},{""Tag"":""Attribute"",""Attributes"":{""Symbol"":""magic_stamina"",""Rate"":""100""}},{""Tag"":""Attribute"",""Attributes"":{""Symbol"":""magic_dexterity"",""Rate"":""100""}}]"
18094,Equip,10453071,23,Bắc Minh Noãn Ngọc Hộ Phù,Amulet2_7,12,-1,2,-1,-1,5,-1,980,784,181,true,1,5,1,1,1,-1,-1,,"Dùng Ngọc thạch trong suốt loại thường để chế thành bùa bảo vệ, loại Hộ phù phổ thông.",,"[{""Tag"":""BaseAttribute"",""Attributes"":{""Symbol"":""magic_physatkbase"",""Value"":""28""}},{""Tag"":""BaseAttribute"",""Attributes"":{""Symbol"":""magic_magicatkbase"",""Value"":""28""}},{""Tag"":""Attribute"",""Attributes"":{""Symbol"":""magic_magicatk"",""Rate"":""100""}},{""Tag"":""Attribute"",""Attributes"":{""Symbol"":""magic_energy"",""Rate"":""100""}}]"
18095,Equip,10453072,23,Bắc Minh Thanh Mạch Hộ Phù,Amulet2_8,12,-1,2,-1,-1,15,-1,1010,808,182,true,1,15,1,1,1,-1,-1,,"Điêu khắc từ Ngọc thạch màu xanh, ẩn chứa 1 sức mạnh kỳ lạ.",,"[{""Tag"":""BaseAttribute"",""Attributes"":{""Symbol"":""magic_physatkbase"",""Value"":""44""}},{""Tag"":""BaseAttribute"",""Attributes"":{""Symbol"":""magic_magicatkbase"",""Value"":""44""}},{""Tag"":""Attribute"",""Attributes"":{""Symbol"":""magic_magicatk"",""Rate"":""100""}},{""Tag"":""Attribute"",""Attributes"":{""Symbol"":""magic_energy"",""Rate"":""100""}}]"
18096,Equip,10453073,23,Bắc Minh Tàn Hồn Hộ Phù,Amulet1_9,12,-1,2,-1,-1,25,-1,1325,1060,192,true,1,25,1,1,1,-1,-1,,"Ngọc bội có khắc hoa văn, là vật gia đình của bách tính bình thường thường dùng để chấn ma quỷ.",,"[{""Tag"":""BaseAttribute"",""Attributes"":{""Symbol"":""magic_physatkbase"",""Value"":""76""}},{""Tag"":""BaseAttribute"",""Attributes"":{""Symbol"":""magic_magicatkbase"",""Value"":""76""}},{""Tag"":""Attribute"",""Attributes"":{""Symbol"":""magic_magicatk"",""Rate"":""100""}},{""Tag"":""Attribute"",""Attributes"":{""Symbol"":""magic_energy"",""Rate"":""100""}}]"
18097,Equip,10453074,23,Bắc Minh Liệt Giới Hộ Phù,Amulet1_10,12,-1,2,-1,-1,35,-1,1360,1088,194,true,1,35,2,2,1,-1,-1,,"Dùng ngọc bội đã được các cao tăng khai quang để làm bùa bảo vệ, có thể xua đuổi tà ma, gìn giữ sự bình yên.",,"[{""Tag"":""BaseAttribute"",""Attributes"":{""Symbol"":""magic_physatkbase"",""Value"":""108""}},{""Tag"":""BaseAttribute"",""Attributes"":{""Symbol"":""magic_magicatkbase"",""Value"":""108""}},{""Tag"":""Attribute"",""Attributes"":{""Symbol"":""magic_magicatk"",""Rate"":""100""}},{""Tag"":""Attribute"",""Attributes"":{""Symbol"":""magic_energy"",""Rate"":""100""}},{""Tag"":""Attribute"",""Attributes"":{""Symbol"":""magic_dexterity"",""Rate"":""100""}}]"
18098,Equip,10453075,23,Bắc Minh Liên Quyết Hộ Phù,Amulet1_11,12,-1,2,-1,-1,45,-1,1395,1116,195,true,1,45,2,2,1,-1,-1,,"Dùng Ngọc thạch long lanh trong suốt để chế thành, toát lên sức mạnh, ấm bóng không có tì vết.",,"[{""Tag"":""BaseAttribute"",""Attributes"":{""Symbol"":""magic_physatkbase"",""Value"":""140""}},{""Tag"":""BaseAttribute"",""Attributes"":{""Symbol"":""magic_magicatkbase"",""Value"":""140""}},{""Tag"":""Attribute"",""Attributes"":{""Symbol"":""magic_magicatk"",""Rate"":""100""}},{""Tag"":""Attribute"",""Attributes"":{""Symbol"":""magic_energy"",""Rate"":""100""}},{""Tag"":""Attribute"",""Attributes"":{""Symbol"":""magic_dexterity"",""Rate"":""100""}}]"
18099,Equip,10453076,23,Bắc Minh Vân Qui Hộ Phù,Amulet1_12,12,-1,2,-1,-1,55,-1,1325,1060,192,true,1,55,2,2,1,-1,-1,,"Như màu mây, nói trắng cũng không phải trắng, ẩn chứa ánh sáng bảy màu, là bùa bảo vệ rất quý giá.",,"[{""Tag"":""BaseAttribute"",""Attributes"":{""Symbol"":""magic_physatkbase"",""Value"":""172""}},{""Tag"":""BaseAttribute"",""Attributes"":{""Symbol"":""magic_magicatkbase"",""Value"":""172""}},{""Tag"":""Attribute"",""Attributes"":{""Symbol"":""magic_magicatk"",""Rate"":""100""}},{""Tag"":""Attribute"",""Attributes"":{""Symbol"":""magic_energy"",""Rate"":""100""}},{""Tag"":""Attribute"",""Attributes"":{""Symbol"":""magic_dexterity"",""Rate"":""100""}}]"
18100,Equip,10453077,23,Bắc Minh Cửu Niệm,Amulet1_13,12,-1,2,-1,-1,65,-1,1360,1088,194,true,1,65,3,3,1,-1,-1,,"Cùng Điền dương chỉ bạch ngọc chế thành, là kỳ trân trong như ngọc, ấm và bóng không có tì vết, ẩn chứa nội lực.",,"[{""Tag"":""BaseAttribute"",""Attributes"":{""Symbol"":""magic_physatkbase"",""Value"":""203""}},{""Tag"":""BaseAttribute"",""Attributes"":{""Symbol"":""magic_magicatkbase"",""Value"":""203""}},{""Tag"":""Attribute"",""Attributes"":{""Symbol"":""magic_magicatk"",""Rate"":""100""}},{""Tag"":""Attribute"",""Attributes"":{""Symbol"":""magic_energy"",""Rate"":""100""}},{""Tag"":""Attribute"",""Attributes"":{""Symbol"":""magic_intelligence"",""Rate"":""100""}},{""Tag"":""Attribute"",""Attributes"":{""Symbol"":""magic_dexterity"",""Rate"":""100""}}]"
18101,Equip,10453078,23,Bắc Minh Chi Túc Ưu,Amulet1_14,12,-1,2,-1,-1,75,-1,1395,1116,195,true,1,75,3,3,1,-1,-1,,"Vật trang sức được dùng Địa ngục hỏa để thành, ẩn chứa 1 sức mạnh cực lớn",,"[{""Tag"":""BaseAttribute"",""Attributes"":{""Symbol"":""magic_physatkbase"",""Value"":""235""}},{""Tag"":""BaseAttribute"",""Attributes"":{""Symbol"":""magic_magicatkbase"",""Value"":""235""}},{""Tag"":""Attribute"",""Attributes"":{""Symbol"":""magic_magicatk"",""Rate"":""100""}},{""Tag"":""Attribute"",""Attributes"":{""Symbol"":""magic_energy"",""Rate"":""100""}},{""Tag"":""Attribute"",""Attributes"":{""Symbol"":""magic_intelligence"",""Rate"":""100""}},{""Tag"":""Attribute"",""Attributes"":{""Symbol"":""magic_dexterity"",""Rate"":""100""}}]"
18102,Equip,10453079,23,Bắc Minh Mãn Nguyệt,Amulet1_15,12,-1,2,-1,-1,85,-1,1325,1060,192,true,1,85,4,4,1,-1,-1,,"Hình dáng như trăng tròn, vật trang sức hiếm thấy, trên đó có hoa văn nổi của tiên nhân để lại, có thể trấn định tâm thần, nhân gian không dễ gì có được.",,"[{""Tag"":""BaseAttribute"",""Attributes"":{""Symbol"":""magic_physatkbase"",""Value"":""267""}},{""Tag"":""BaseAttribute"",""Attributes"":{""Symbol"":""magic_magicatkbase"",""Value"":""267""}},{""Tag"":""Attribute"",""Attributes"":{""Symbol"":""magic_magicatk"",""Rate"":""100""}},{""Tag"":""Attribute"",""Attributes"":{""Symbol"":""magic_energy"",""Rate"":""100""}},{""Tag"":""Attribute"",""Attributes"":{""Symbol"":""magic_intelligence"",""Rate"":""100""}},{""Tag"":""Attribute"",""Attributes"":{""Symbol"":""magic_dexterity"",""Rate"":""100""}}]"
18103,Equip,10453080,23,Bắc Minh U Tiên,Amulet1_16,12,-1,2,-1,-1,95,-1,1360,1088,194,true,1,95,4,4,1,-1,-1,,"Nghe nói là vật do Tiên Nga của Dao Trì khi nhảy múa không cẩn thận làm rơi xuống thế gian, tiên khí vây quanh, sức mạnh phi phàm.",,"[{""Tag"":""BaseAttribute"",""Attributes"":{""Symbol"":""magic_physatkbase"",""Value"":""299""}},{""Tag"":""BaseAttribute"",""Attributes"":{""Symbol"":""magic_magicatkbase"",""Value"":""299""}},{""Tag"":""Attribute"",""Attributes"":{""Symbol"":""magic_magicatk"",""Rate"":""100""}},{""Tag"":""Attribute"",""Attributes"":{""Symbol"":""magic_energy"",""Rate"":""100""}},{""Tag"":""Attribute"",""Attributes"":{""Symbol"":""magic_intelligence"",""Rate"":""100""}},{""Tag"":""Attribute"",""Attributes"":{""Symbol"":""magic_dexterity"",""Rate"":""100""}}]"
18104,Equip,10453081,23,Ngưng Mạch Noãn Ngọc Hộ Phù,Amulet2_1,12,-1,2,-1,-1,5,-1,1395,1116,195,true,1,5,1,1,1,-1,-1,,"Dùng Ngọc thạch trong suốt loại thường để chế thành bùa bảo vệ, loại Hộ phù phổ thông.",,"[{""Tag"":""BaseAttribute"",""Attributes"":{""Symbol"":""magic_physatkbase"",""Value"":""28""}},{""Tag"":""BaseAttribute"",""Attributes"":{""Symbol"":""magic_magicatkbase"",""Value"":""28""}},{""Tag"":""Attribute"",""Attributes"":{""Symbol"":""magic_hit"",""Rate"":""100""}},{""Tag"":""Attribute"",""Attributes"":{""Symbol"":""magic_dexterity"",""Rate"":""100""}}]"
18105,Equip,10453082,23,Ngưng Mạch Thanh Mạch Hộ Phù,Amulet2_2,12,-1,2,-1,-1,15,-1,1325,1060,192,true,1,15,1,1,1,-1,-1,,"Điêu khắc từ Ngọc thạch màu xanh, ẩn chứa 1 sức mạnh kỳ lạ.",,"[{""Tag"":""BaseAttribute"",""Attributes"":{""Symbol"":""magic_physatkbase"",""Value"":""44""}},{""Tag"":""BaseAttribute"",""Attributes"":{""Symbol"":""magic_magicatkbase"",""Value"":""44""}},{""Tag"":""Attribute"",""Attributes"":{""Symbol"":""magic_hit"",""Rate"":""100""}},{""Tag"":""Attribute"",""Attributes"":{""Symbol"":""magic_dexterity"",""Rate"":""100""}}]"
18106,Equip,10453083,23,Ngưng Mạch Tàn Hồn Hộ Phù,Amulet2_3,12,-1,2,-1,-1,25,-1,1360,1088,194,true,1,25,1,1,1,-1,-1,,"Ngọc bội có khắc hoa văn, là vật gia đình của bách tính bình thường thường dùng để chấn ma quỷ.",,"[{""Tag"":""BaseAttribute"",""Attributes"":{""Symbol"":""magic_physatkbase"",""Value"":""76""}},{""Tag"":""BaseAttribute"",""Attributes"":{""Symbol"":""magic_magicatkbase"",""Value"":""76""}},{""Tag"":""Attribute"",""Attributes"":{""Symbol"":""magic_hit"",""Rate"":""100""}},{""Tag"":""Attribute"",""Attributes"":{""Symbol"":""magic_dexterity"",""Rate"":""100""}}]"
18107,Equip,10453084,23,Ngưng Mạch Liệt Giới Hộ Phù,Amulet2_4,12,-1,2,-1,-1,35,-1,1395,1116,195,true,1,35,2,2,1,-1,-1,,"Dùng ngọc bội đã được các cao tăng khai quang để làm bùa bảo vệ, có thể xua đuổi tà ma, gìn giữ sự bình yên.",,"[{""Tag"":""BaseAttribute"",""Attributes"":{""Symbol"":""magic_physatkbase"",""Value"":""108""}},{""Tag"":""BaseAttribute"",""Attributes"":{""Symbol"":""magic_magicatkbase"",""Value"":""108""}},{""Tag"":""Attribute"",""Attributes"":{""Symbol"":""magic_hit"",""Rate"":""100""}},{""Tag"":""Attribute"",""Attributes"":{""Symbol"":""magic_strength"",""Rate"":""100""}},{""Tag"":""Attribute"",""Attributes"":{""Symbol"":""magic_dexterity"",""Rate"":""100""}}]"
18108,Equip,10453085,23,Ngưng Mạch Liên Quyết Hộ Phù,Amulet2_5,12,-1,2,-1,-1,45,-1,1325,1060,192,true,1,45,2,2,1,-1,-1,,"Dùng Ngọc thạch long lanh trong suốt để chế thành, toát lên sức mạnh, ấm bóng không có tì vết.",,"[{""Tag"":""BaseAttribute"",""Attributes"":{""Symbol"":""magic_physatkbase"",""Value"":""140""}},{""Tag"":""BaseAttribute"",""Attributes"":{""Symbol"":""magic_magicatkbase"",""Value"":""140""}},{""Tag"":""Attribute"",""Attributes"":{""Symbol"":""magic_hit"",""Rate"":""100""}},{""Tag"":""Attribute"",""Attributes"":{""Symbol"":""magic_strength"",""Rate"":""100""}},{""Tag"":""Attribute"",""Attributes"":{""Symbol"":""magic_dexterity"",""Rate"":""100""}}]"
18109,Equip,10453086,23,Ngưng Mạch Vân Qui Hộ Phù,Amulet2_6,12,-1,2,-1,-1,55,-1,1360,1088,194,true,1,55,2,2,1,-1,-1,,"Như màu mây, nói trắng cũng không phải trắng, ẩn chứa ánh sáng bảy màu, là bùa bảo vệ rất quý giá.",,"[{""Tag"":""BaseAttribute"",""Attributes"":{""Symbol"":""magic_physatkbase"",""Value"":""172""}},{""Tag"":""BaseAttribute"",""Attributes"":{""Symbol"":""magic_magicatkbase"",""Value"":""172""}},{""Tag"":""Attribute"",""Attributes"":{""Symbol"":""magic_hit"",""Rate"":""100""}},{""Tag"":""Attribute"",""Attributes"":{""Symbol"":""magic_strength"",""Rate"":""100""}},{""Tag"":""Attribute"",""Attributes"":{""Symbol"":""magic_dexterity"",""Rate"":""100""}}]"
18110,Equip,10453087,23,Ngưng Mạch Cửu Niệm,Amulet1_16,12,-1,2,-1,-1,65,-1,1395,1116,195,true,1,65,3,3,1,-1,-1,,"Cùng Điền dương chỉ bạch ngọc chế thành, là kỳ trân trong như ngọc, ấm và bóng không có tì vết, ẩn chứa nội lực.",,"[{""Tag"":""BaseAttribute"",""Attributes"":{""Symbol"":""magic_physatkbase"",""Value"":""203""}},{""Tag"":""BaseAttribute"",""Attributes"":{""Symbol"":""magic_magicatkbase"",""Value"":""203""}},{""Tag"":""Attribute"",""Attributes"":{""Symbol"":""magic_hit"",""Rate"":""100""}},{""Tag"":""Attribute"",""Attributes"":{""Symbol"":""magic_strength"",""Rate"":""100""}},{""Tag"":""Attribute"",""Attributes"":{""Symbol"":""magic_energy"",""Rate"":""100""}},{""Tag"":""Attribute"",""Attributes"":{""Symbol"":""magic_dexterity"",""Rate"":""100""}}]"
18111,Equip,10453088,23,Ngưng Mạch Chi Túc Ưu,Amulet2_1,12,-1,2,-1,-1,75,-1,1325,1060,192,true,1,75,3,3,1,-1,-1,,"Vật trang sức được dùng Địa ngục hỏa để thành, ẩn chứa 1 sức mạnh cực lớn",,"[{""Tag"":""BaseAttribute"",""Attributes"":{""Symbol"":""magic_physatkbase"",""Value"":""235""}},{""Tag"":""BaseAttribute"",""Attributes"":{""Symbol"":""magic_magicatkbase"",""Value"":""235""}},{""Tag"":""Attribute"",""Attributes"":{""Symbol"":""magic_hit"",""Rate"":""100""}},{""Tag"":""Attribute"",""Attributes"":{""Symbol"":""magic_strength"",""Rate"":""100""}},{""Tag"":""Attribute"",""Attributes"":{""Symbol"":""magic_energy"",""Rate"":""100""}},{""Tag"":""Attribute"",""Attributes"":{""Symbol"":""magic_dexterity"",""Rate"":""100""}}]"
18112,Equip,10453089,23,Ngưng Mạch Mãn Nguyệt,Amulet2_2,12,-1,2,-1,-1,85,-1,1360,1088,194,true,1,85,4,4,1,-1,-1,,"Hình dáng như trăng tròn, vật trang sức hiếm thấy, trên đó có hoa văn nổi của tiên nhân để lại, có thể trấn định tâm thần, nhân gian không dễ gì có được.",,"[{""Tag"":""BaseAttribute"",""Attributes"":{""Symbol"":""magic_physatkbase"",""Value"":""267""}},{""Tag"":""BaseAttribute"",""Attributes"":{""Symbol"":""magic_magicatkbase"",""Value"":""267""}},{""Tag"":""Attribute"",""Attributes"":{""Symbol"":""magic_hit"",""Rate"":""100""}},{""Tag"":""Attribute"",""Attributes"":{""Symbol"":""magic_strength"",""Rate"":""100""}},{""Tag"":""Attribute"",""Attributes"":{""Symbol"":""magic_energy"",""Rate"":""100""}},{""Tag"":""Attribute"",""Attributes"":{""Symbol"":""magic_dexterity"",""Rate"":""100""}}]"
18113,Equip,10453090,23,Ngưng Mạch U Tiên,Amulet2_3,12,-1,2,-1,-1,95,-1,1395,1116,195,true,1,95,4,4,1,-1,-1,,"Nghe nói là vật do Tiên Nga của Dao Trì khi nhảy múa không cẩn thận làm rơi xuống thế gian, tiên khí vây quanh, sức mạnh phi phàm.",,"[{""Tag"":""BaseAttribute"",""Attributes"":{""Symbol"":""magic_physatkbase"",""Value"":""299""}},{""Tag"":""BaseAttribute"",""Attributes"":{""Symbol"":""magic_magicatkbase"",""Value"":""299""}},{""Tag"":""Attribute"",""Attributes"":{""Symbol"":""magic_hit"",""Rate"":""100""}},{""Tag"":""Attribute"",""Attributes"":{""Symbol"":""magic_strength"",""Rate"":""100""}},{""Tag"":""Attribute"",""Attributes"":{""Symbol"":""magic_energy"",""Rate"":""100""}},{""Tag"":""Attribute"",""Attributes"":{""Symbol"":""magic_dexterity"",""Rate"":""100""}}]"
18114,Equip,10470000,10,Chưa dùng,Hat4_4,1,436,2,-1,-1,90,-1,3080,2464,225,true,1,90,4,4,1,-1,-1,,Chưa dùng,,"[{""Tag"":""BaseAttribute"",""Attributes"":{""Symbol"":""magic_physdefbase"",""Value"":""298""}},{""Tag"":""BaseAttribute"",""Attributes"":{""Symbol"":""magic_magicdefbase"",""Value"":""298""}}]"
18115,Equip,10470001,10,Chưa dùng,Hat4_3,1,436,2,-1,-1,81,-1,2240,1792,214,true,1,81,4,4,1,-1,-1,,Chưa dùng,,"[{""Tag"":""BaseAttribute"",""Attributes"":{""Symbol"":""magic_physdefbase"",""Value"":""266""}},{""Tag"":""BaseAttribute"",""Attributes"":{""Symbol"":""magic_magicdefbase"",""Value"":""266""}}]"
18116,Equip,10470002,10,Chưa dùng,Hat4_3,1,436,2,-1,-1,82,-1,2310,1848,215,true,1,82,4,4,1,-1,-1,,Chưa dùng,,"[{""Tag"":""BaseAttribute"",""Attributes"":{""Symbol"":""magic_physdefbase"",""Value"":""266""}},{""Tag"":""BaseAttribute"",""Attributes"":{""Symbol"":""magic_magicdefbase"",""Value"":""266""}}]"
18117,Equip,10470003,10,Chưa dùng,Hat4_3,1,436,2,-1,-1,83,-1,2380,1904,216,true,1,83,4,4,1,-1,-1,,Chưa dùng,,"[{""Tag"":""BaseAttribute"",""Attributes"":{""Symbol"":""magic_physdefbase"",""Value"":""266""}},{""Tag"":""BaseAttribute"",""Attributes"":{""Symbol"":""magic_magicdefbase"",""Value"":""266""}}]"
18118,Equip,10470004,10,Chưa dùng,Hat4_3,1,436,2,-1,-1,84,-1,2450,1960,217,true,1,84,4,4,1,-1,-1,,Chưa dùng,,"[{""Tag"":""BaseAttribute"",""Attributes"":{""Symbol"":""magic_physdefbase"",""Value"":""266""}},{""Tag"":""BaseAttribute"",""Attributes"":{""Symbol"":""magic_magicdefbase"",""Value"":""266""}}]"
18119,Equip,10470005,10,Chưa dùng,Hat4_3,1,436,2,-1,-1,85,-1,2520,2016,219,true,1,85,4,4,1,-1,-1,,Chưa dùng,,"[{""Tag"":""BaseAttribute"",""Attributes"":{""Symbol"":""magic_physdefbase"",""Value"":""266""}},{""Tag"":""BaseAttribute"",""Attributes"":{""Symbol"":""magic_magicdefbase"",""Value"":""266""}}]"
18120,Equip,10470006,10,Chưa dùng,Hat4_3,1,436,2,-1,-1,86,-1,2590,2072,220,true,1,86,4,4,1,-1,-1,,Chưa dùng,,"[{""Tag"":""BaseAttribute"",""Attributes"":{""Symbol"":""magic_physdefbase"",""Value"":""266""}},{""Tag"":""BaseAttribute"",""Attributes"":{""Symbol"":""magic_magicdefbase"",""Value"":""266""}}]"
18121,Equip,10470007,10,Chưa dùng,Hat4_3,1,436,2,-1,-1,87,-1,2660,2128,221,true,1,87,4,4,1,-1,-1,,Chưa dùng,,"[{""Tag"":""BaseAttribute"",""Attributes"":{""Symbol"":""magic_physdefbase"",""Value"":""266""}},{""Tag"":""BaseAttribute"",""Attributes"":{""Symbol"":""magic_magicdefbase"",""Value"":""266""}}]"
18122,Equip,10470008,10,Chưa dùng,Hat4_3,1,436,2,-1,-1,88,-1,2730,2184,222,true,1,88,4,4,1,-1,-1,,Chưa dùng,,"[{""Tag"":""BaseAttribute"",""Attributes"":{""Symbol"":""magic_physdefbase"",""Value"":""266""}},{""Tag"":""BaseAttribute"",""Attributes"":{""Symbol"":""magic_magicdefbase"",""Value"":""266""}}]"
18123,Equip,10470009,10,Chưa dùng,Hat4_3,1,436,2,-1,-1,89,-1,2800,2240,224,true,1,89,4,4,1,-1,-1,,Chưa dùng,,"[{""Tag"":""BaseAttribute"",""Attributes"":{""Symbol"":""magic_physdefbase"",""Value"":""266""}},{""Tag"":""BaseAttribute"",""Attributes"":{""Symbol"":""magic_magicdefbase"",""Value"":""266""}}]"
18124,Equip,10470010,10,Chưa dùng,Hat4_3,1,436,2,-1,-1,90,-1,3080,2464,225,true,1,90,4,4,1,-1,-1,,Chưa dùng,,"[{""Tag"":""BaseAttribute"",""Attributes"":{""Symbol"":""magic_physdefbase"",""Value"":""298""}},{""Tag"":""BaseAttribute"",""Attributes"":{""Symbol"":""magic_magicdefbase"",""Value"":""298""}}]"
18125,Equip,10470011,10,Chưa dùng,Hat4_4,1,438,2,-1,-1,81,-1,2240,1792,214,true,1,81,4,4,1,-1,-1,,Chưa dùng,,"[{""Tag"":""BaseAttribute"",""Attributes"":{""Symbol"":""magic_physdefbase"",""Value"":""266""}},{""Tag"":""BaseAttribute"",""Attributes"":{""Symbol"":""magic_magicdefbase"",""Value"":""266""}}]"
18126,Equip,10470012,10,Chưa dùng,Hat4_4,1,438,2,-1,-1,82,-1,2310,1848,215,true,1,82,4,4,1,-1,-1,,Chưa dùng,,"[{""Tag"":""BaseAttribute"",""Attributes"":{""Symbol"":""magic_physdefbase"",""Value"":""266""}},{""Tag"":""BaseAttribute"",""Attributes"":{""Symbol"":""magic_magicdefbase"",""Value"":""266""}}]"
18127,Equip,10470013,10,Chưa dùng,Hat4_4,1,438,2,-1,-1,83,-1,2380,1904,216,true,1,83,4,4,1,-1,-1,,Chưa dùng,,"[{""Tag"":""BaseAttribute"",""Attributes"":{""Symbol"":""magic_physdefbase"",""Value"":""266""}},{""Tag"":""BaseAttribute"",""Attributes"":{""Symbol"":""magic_magicdefbase"",""Value"":""266""}}]"
18128,Equip,10470014,10,Chưa dùng,Hat4_4,1,438,2,-1,-1,84,-1,2450,1960,217,true,1,84,4,4,1,-1,-1,,Chưa dùng,,"[{""Tag"":""BaseAttribute"",""Attributes"":{""Symbol"":""magic_physdefbase"",""Value"":""266""}},{""Tag"":""BaseAttribute"",""Attributes"":{""Symbol"":""magic_magicdefbase"",""Value"":""266""}}]"
18129,Equip,10470015,10,Chưa dùng,Hat4_4,1,438,2,-1,-1,85,-1,2520,2016,219,true,1,85,4,4,1,-1,-1,,Chưa dùng,,"[{""Tag"":""BaseAttribute"",""Attributes"":{""Symbol"":""magic_physdefbase"",""Value"":""266""}},{""Tag"":""BaseAttribute"",""Attributes"":{""Symbol"":""magic_magicdefbase"",""Value"":""266""}}]"
18130,Equip,10470016,10,Chưa dùng,Hat4_4,1,438,2,-1,-1,86,-1,2590,2072,220,true,1,86,4,4,1,-1,-1,,Chưa dùng,,"[{""Tag"":""BaseAttribute"",""Attributes"":{""Symbol"":""magic_physdefbase"",""Value"":""266""}},{""Tag"":""BaseAttribute"",""Attributes"":{""Symbol"":""magic_magicdefbase"",""Value"":""266""}}]"
18131,Equip,10470017,10,Chưa dùng,Hat4_4,1,438,2,-1,-1,87,-1,2660,2128,221,true,1,87,4,4,1,-1,-1,,Chưa dùng,,"[{""Tag"":""BaseAttribute"",""Attributes"":{""Symbol"":""magic_physdefbase"",""Value"":""266""}},{""Tag"":""BaseAttribute"",""Attributes"":{""Symbol"":""magic_magicdefbase"",""Value"":""266""}}]"
18132,Equip,10470018,10,Chưa dùng,Hat4_4,1,438,2,-1,-1,88,-1,2730,2184,222,true,1,88,4,4,1,-1,-1,,Chưa dùng,,"[{""Tag"":""BaseAttribute"",""Attributes"":{""Symbol"":""magic_physdefbase"",""Value"":""266""}},{""Tag"":""BaseAttribute"",""Attributes"":{""Symbol"":""magic_magicdefbase"",""Value"":""266""}}]"
18133,Equip,10470019,10,Chưa dùng,Hat4_4,1,438,2,-1,-1,89,-1,2800,2240,224,true,1,89,4,4,1,-1,-1,,Chưa dùng,,"[{""Tag"":""BaseAttribute"",""Attributes"":{""Symbol"":""magic_physdefbase"",""Value"":""266""}},{""Tag"":""BaseAttribute"",""Attributes"":{""Symbol"":""magic_magicdefbase"",""Value"":""266""}}]"
18134,Equip,10470020,10,Chưa dùng,Hat4_4,1,438,2,-1,-1,90,-1,3080,2464,225,true,1,90,4,4,1,-1,-1,,Chưa dùng,,"[{""Tag"":""BaseAttribute"",""Attributes"":{""Symbol"":""magic_physdefbase"",""Value"":""298""}},{""Tag"":""BaseAttribute"",""Attributes"":{""Symbol"":""magic_magicdefbase"",""Value"":""298""}}]"
18135,Equip,10470021,10,Chưa dùng,Hat4_3,1,440,2,-1,-1,81,-1,2240,1792,214,true,1,81,4,4,1,-1,-1,,Chưa dùng,,"[{""Tag"":""BaseAttribute"",""Attributes"":{""Symbol"":""magic_physdefbase"",""Value"":""266""}},{""Tag"":""BaseAttribute"",""Attributes"":{""Symbol"":""magic_magicdefbase"",""Value"":""266""}}]"
18136,Equip,10470022,10,Chưa dùng,Hat4_3,1,440,2,-1,-1,82,-1,2310,1848,215,true,1,82,4,4,1,-1,-1,,Chưa dùng,,"[{""Tag"":""BaseAttribute"",""Attributes"":{""Symbol"":""magic_physdefbase"",""Value"":""266""}},{""Tag"":""BaseAttribute"",""Attributes"":{""Symbol"":""magic_magicdefbase"",""Value"":""266""}}]"
18137,Equip,10470023,10,Chưa dùng,Hat4_3,1,440,2,-1,-1,83,-1,2380,1904,216,true,1,83,4,4,1,-1,-1,,Chưa dùng,,"[{""Tag"":""BaseAttribute"",""Attributes"":{""Symbol"":""magic_physdefbase"",""Value"":""266""}},{""Tag"":""BaseAttribute"",""Attributes"":{""Symbol"":""magic_magicdefbase"",""Value"":""266""}}]"
18138,Equip,10470024,10,Chưa dùng,Hat4_3,1,440,2,-1,-1,84,-1,2450,1960,217,true,1,84,4,4,1,-1,-1,,Chưa dùng,,"[{""Tag"":""BaseAttribute"",""Attributes"":{""Symbol"":""magic_physdefbase"",""Value"":""266""}},{""Tag"":""BaseAttribute"",""Attributes"":{""Symbol"":""magic_magicdefbase"",""Value"":""266""}}]"
18139,Equip,10470025,10,Chưa dùng,Hat4_3,1,440,2,-1,-1,85,-1,2520,2016,219,true,1,85,4,4,1,-1,-1,,Chưa dùng,,"[{""Tag"":""BaseAttribute"",""Attributes"":{""Symbol"":""magic_physdefbase"",""Value"":""266""}},{""Tag"":""BaseAttribute"",""Attributes"":{""Symbol"":""magic_magicdefbase"",""Value"":""266""}}]"
18140,Equip,10470026,10,Chưa dùng,Hat4_3,1,440,2,-1,-1,86,-1,2590,2072,220,true,1,86,4,4,1,-1,-1,,Chưa dùng,,"[{""Tag"":""BaseAttribute"",""Attributes"":{""Symbol"":""magic_physdefbase"",""Value"":""266""}},{""Tag"":""BaseAttribute"",""Attributes"":{""Symbol"":""magic_magicdefbase"",""Value"":""266""}}]"
18141,Equip,10470027,10,Chưa dùng,Hat4_3,1,440,2,-1,-1,87,-1,2660,2128,221,true,1,87,4,4,1,-1,-1,,Chưa dùng,,"[{""Tag"":""BaseAttribute"",""Attributes"":{""Symbol"":""magic_physdefbase"",""Value"":""266""}},{""Tag"":""BaseAttribute"",""Attributes"":{""Symbol"":""magic_magicdefbase"",""Value"":""266""}}]"
18142,Equip,10470028,10,Chưa dùng,Hat4_3,1,440,2,-1,-1,88,-1,2730,2184,222,true,1,88,4,4,1,-1,-1,,Chưa dùng,,"[{""Tag"":""BaseAttribute"",""Attributes"":{""Symbol"":""magic_physdefbase"",""Value"":""266""}},{""Tag"":""BaseAttribute"",""Attributes"":{""Symbol"":""magic_magicdefbase"",""Value"":""266""}}]"
18143,Equip,10470029,10,Chưa dùng,Hat4_3,1,440,2,-1,-1,89,-1,2800,2240,224,true,1,89,4,4,1,-1,-1,,Chưa dùng,,"[{""Tag"":""BaseAttribute"",""Attributes"":{""Symbol"":""magic_physdefbase"",""Value"":""266""}},{""Tag"":""BaseAttribute"",""Attributes"":{""Symbol"":""magic_magicdefbase"",""Value"":""266""}}]"
18144,Equip,10470030,10,Chưa dùng,Hat4_3,1,440,2,-1,-1,90,-1,3080,2464,225,true,1,90,4,4,1,-1,-1,,Chưa dùng,,"[{""Tag"":""BaseAttribute"",""Attributes"":{""Symbol"":""magic_physdefbase"",""Value"":""298""}},{""Tag"":""BaseAttribute"",""Attributes"":{""Symbol"":""magic_magicdefbase"",""Value"":""298""}}]"
18145,Equip,10470031,10,Chưa dùng,Hat4_4,1,391,2,-1,-1,81,-1,2240,1792,214,true,1,81,4,4,1,-1,-1,,Chưa dùng,,"[{""Tag"":""BaseAttribute"",""Attributes"":{""Symbol"":""magic_physdefbase"",""Value"":""266""}},{""Tag"":""BaseAttribute"",""Attributes"":{""Symbol"":""magic_magicdefbase"",""Value"":""266""}}]"
18146,Equip,10470032,10,Chưa dùng,Hat4_4,1,391,2,-1,-1,82,-1,2310,1848,215,true,1,82,4,4,1,-1,-1,,Chưa dùng,,"[{""Tag"":""BaseAttribute"",""Attributes"":{""Symbol"":""magic_physdefbase"",""Value"":""266""}},{""Tag"":""BaseAttribute"",""Attributes"":{""Symbol"":""magic_magicdefbase"",""Value"":""266""}}]"
18147,Equip,10470033,10,Chưa dùng,Hat4_4,1,391,2,-1,-1,83,-1,2380,1904,216,true,1,83,4,4,1,-1,-1,,Chưa dùng,,"[{""Tag"":""BaseAttribute"",""Attributes"":{""Symbol"":""magic_physdefbase"",""Value"":""266""}},{""Tag"":""BaseAttribute"",""Attributes"":{""Symbol"":""magic_magicdefbase"",""Value"":""266""}}]"
18148,Equip,10470034,10,Chưa dùng,Hat4_4,1,391,2,-1,-1,84,-1,2450,1960,217,true,1,84,4,4,1,-1,-1,,Chưa dùng,,"[{""Tag"":""BaseAttribute"",""Attributes"":{""Symbol"":""magic_physdefbase"",""Value"":""266""}},{""Tag"":""BaseAttribute"",""Attributes"":{""Symbol"":""magic_magicdefbase"",""Value"":""266""}}]"
18149,Equip,10470035,10,Chưa dùng,Hat4_4,1,391,2,-1,-1,85,-1,2520,2016,219,true,1,85,4,4,1,-1,-1,,Chưa dùng,,"[{""Tag"":""BaseAttribute"",""Attributes"":{""Symbol"":""magic_physdefbase"",""Value"":""266""}},{""Tag"":""BaseAttribute"",""Attributes"":{""Symbol"":""magic_magicdefbase"",""Value"":""266""}}]"
18150,Equip,10470036,10,Chưa dùng,Hat4_4,1,391,2,-1,-1,86,-1,2590,2072,220,true,1,86,4,4,1,-1,-1,,Chưa dùng,,"[{""Tag"":""BaseAttribute"",""Attributes"":{""Symbol"":""magic_physdefbase"",""Value"":""266""}},{""Tag"":""BaseAttribute"",""Attributes"":{""Symbol"":""magic_magicdefbase"",""Value"":""266""}}]"
18151,Equip,10470037,10,Chưa dùng,Hat4_4,1,391,2,-1,-1,87,-1,2660,2128,221,true,1,87,4,4,1,-1,-1,,Chưa dùng,,"[{""Tag"":""BaseAttribute"",""Attributes"":{""Symbol"":""magic_physdefbase"",""Value"":""266""}},{""Tag"":""BaseAttribute"",""Attributes"":{""Symbol"":""magic_magicdefbase"",""Value"":""266""}}]"
18152,Equip,10470038,10,Chưa dùng,Hat4_4,1,391,2,-1,-1,88,-1,2730,2184,222,true,1,88,4,4,1,-1,-1,,Chưa dùng,,"[{""Tag"":""BaseAttribute"",""Attributes"":{""Symbol"":""magic_physdefbase"",""Value"":""266""}},{""Tag"":""BaseAttribute"",""Attributes"":{""Symbol"":""magic_magicdefbase"",""Value"":""266""}}]"
18153,Equip,10470039,10,Chưa dùng,Hat4_4,1,391,2,-1,-1,89,-1,2800,2240,224,true,1,89,4,4,1,-1,-1,,Chưa dùng,,"[{""Tag"":""BaseAttribute"",""Attributes"":{""Symbol"":""magic_physdefbase"",""Value"":""266""}},{""Tag"":""BaseAttribute"",""Attributes"":{""Symbol"":""magic_magicdefbase"",""Value"":""266""}}]"
18154,Equip,10470040,10,Chưa dùng,Hat4_4,1,391,2,-1,-1,90,-1,3080,2464,225,true,1,90,4,4,1,-1,-1,,Chưa dùng,,"[{""Tag"":""BaseAttribute"",""Attributes"":{""Symbol"":""magic_physdefbase"",""Value"":""298""}},{""Tag"":""BaseAttribute"",""Attributes"":{""Symbol"":""magic_magicdefbase"",""Value"":""298""}}]"
18155,Equip,10470041,10,Chưa dùng,Hat4_3,1,436,2,-1,-1,81,-1,2240,1792,214,true,1,81,4,4,1,-1,-1,,Chưa dùng,,"[{""Tag"":""BaseAttribute"",""Attributes"":{""Symbol"":""magic_physdefbase"",""Value"":""266""}},{""Tag"":""BaseAttribute"",""Attributes"":{""Symbol"":""magic_magicdefbase"",""Value"":""266""}}]"
18156,Equip,10470042,10,Chưa dùng,Hat4_3,1,436,2,-1,-1,82,-1,2310,1848,215,true,1,82,4,4,1,-1,-1,,Chưa dùng,,"[{""Tag"":""BaseAttribute"",""Attributes"":{""Symbol"":""magic_physdefbase"",""Value"":""266""}},{""Tag"":""BaseAttribute"",""Attributes"":{""Symbol"":""magic_magicdefbase"",""Value"":""266""}}]"
18157,Equip,10470043,10,Chưa dùng,Hat4_3,1,436,2,-1,-1,83,-1,2380,1904,216,true,1,83,4,4,1,-1,-1,,Chưa dùng,,"[{""Tag"":""BaseAttribute"",""Attributes"":{""Symbol"":""magic_physdefbase"",""Value"":""266""}},{""Tag"":""BaseAttribute"",""Attributes"":{""Symbol"":""magic_magicdefbase"",""Value"":""266""}}]"
18158,Equip,10470044,10,Chưa dùng,Hat4_3,1,436,2,-1,-1,84,-1,2450,1960,217,true,1,84,4,4,1,-1,-1,,Chưa dùng,,"[{""Tag"":""BaseAttribute"",""Attributes"":{""Symbol"":""magic_physdefbase"",""Value"":""266""}},{""Tag"":""BaseAttribute"",""Attributes"":{""Symbol"":""magic_magicdefbase"",""Value"":""266""}}]"
18159,Equip,10470045,10,Chưa dùng,Hat4_3,1,436,2,-1,-1,85,-1,2520,2016,219,true,1,85,4,4,1,-1,-1,,Chưa dùng,,"[{""Tag"":""BaseAttribute"",""Attributes"":{""Symbol"":""magic_physdefbase"",""Value"":""266""}},{""Tag"":""BaseAttribute"",""Attributes"":{""Symbol"":""magic_magicdefbase"",""Value"":""266""}}]"
18160,Equip,10470046,10,Chưa dùng,Hat4_3,1,436,2,-1,-1,86,-1,2590,2072,220,true,1,86,4,4,1,-1,-1,,Chưa dùng,,"[{""Tag"":""BaseAttribute"",""Attributes"":{""Symbol"":""magic_physdefbase"",""Value"":""266""}},{""Tag"":""BaseAttribute"",""Attributes"":{""Symbol"":""magic_magicdefbase"",""Value"":""266""}}]"
18161,Equip,10470047,10,Chưa dùng,Hat4_3,1,436,2,-1,-1,87,-1,2660,2128,221,true,1,87,4,4,1,-1,-1,,Chưa dùng,,"[{""Tag"":""BaseAttribute"",""Attributes"":{""Symbol"":""magic_physdefbase"",""Value"":""266""}},{""Tag"":""BaseAttribute"",""Attributes"":{""Symbol"":""magic_magicdefbase"",""Value"":""266""}}]"
18162,Equip,10470048,10,Chưa dùng,Hat4_3,1,436,2,-1,-1,88,-1,2730,2184,222,true,1,88,4,4,1,-1,-1,,Chưa dùng,,"[{""Tag"":""BaseAttribute"",""Attributes"":{""Symbol"":""magic_physdefbase"",""Value"":""266""}},{""Tag"":""BaseAttribute"",""Attributes"":{""Symbol"":""magic_magicdefbase"",""Value"":""266""}}]"
18163,Equip,10470049,10,Chưa dùng,Hat4_3,1,436,2,-1,-1,89,-1,2800,2240,224,true,1,89,4,4,1,-1,-1,,Chưa dùng,,"[{""Tag"":""BaseAttribute"",""Attributes"":{""Symbol"":""magic_physdefbase"",""Value"":""266""}},{""Tag"":""BaseAttribute"",""Attributes"":{""Symbol"":""magic_magicdefbase"",""Value"":""266""}}]"
18164,Equip,10470050,10,Chưa dùng,Hat4_3,1,436,2,-1,-1,90,-1,3080,2464,225,true,1,90,4,4,1,-1,-1,,Chưa dùng,,"[{""Tag"":""BaseAttribute"",""Attributes"":{""Symbol"":""magic_physdefbase"",""Value"":""298""}},{""Tag"":""BaseAttribute"",""Attributes"":{""Symbol"":""magic_magicdefbase"",""Value"":""298""}}]"
18165,Equip,10470051,10,Chưa dùng,Hat4_8,1,395,2,-1,-1,91,-1,3160,2528,226,true,1,91,4,4,1,-1,-1,,Chưa dùng,,"[{""Tag"":""BaseAttribute"",""Attributes"":{""Symbol"":""magic_physdefbase"",""Value"":""298""}},{""Tag"":""BaseAttribute"",""Attributes"":{""Symbol"":""magic_magicdefbase"",""Value"":""298""}}]"
18166,Equip,10470052,10,Chưa dùng,Hat4_8,1,395,2,-1,-1,92,-1,3240,2592,227,true,1,92,4,4,1,-1,-1,,Chưa dùng,,"[{""Tag"":""BaseAttribute"",""Attributes"":{""Symbol"":""magic_physdefbase"",""Value"":""298""}},{""Tag"":""BaseAttribute"",""Attributes"":{""Symbol"":""magic_magicdefbase"",""Value"":""298""}}]"
18167,Equip,10470053,10,Chưa dùng,Hat4_8,1,395,2,-1,-1,93,-1,3320,2656,229,true,1,93,4,4,1,-1,-1,,Chưa dùng,,"[{""Tag"":""BaseAttribute"",""Attributes"":{""Symbol"":""magic_physdefbase"",""Value"":""298""}},{""Tag"":""BaseAttribute"",""Attributes"":{""Symbol"":""magic_magicdefbase"",""Value"":""298""}}]"
18168,Equip,10470054,10,Chưa dùng,Hat4_8,1,395,2,-1,-1,94,-1,3400,2720,230,true,1,94,4,4,1,-1,-1,,Chưa dùng,,"[{""Tag"":""BaseAttribute"",""Attributes"":{""Symbol"":""magic_physdefbase"",""Value"":""298""}},{""Tag"":""BaseAttribute"",""Attributes"":{""Symbol"":""magic_magicdefbase"",""Value"":""298""}}]"
18169,Equip,10470055,10,Chưa dùng,Hat4_8,1,395,2,-1,-1,95,-1,3480,2784,231,true,1,95,4,4,1,-1,-1,,Chưa dùng,,"[{""Tag"":""BaseAttribute"",""Attributes"":{""Symbol"":""magic_physdefbase"",""Value"":""298""}},{""Tag"":""BaseAttribute"",""Attributes"":{""Symbol"":""magic_magicdefbase"",""Value"":""298""}}]"
18170,Equip,10470056,10,Chưa dùng,Hat4_8,1,395,2,-1,-1,96,-1,3560,2848,232,true,1,96,4,4,1,-1,-1,,Chưa dùng,,"[{""Tag"":""BaseAttribute"",""Attributes"":{""Symbol"":""magic_physdefbase"",""Value"":""298""}},{""Tag"":""BaseAttribute"",""Attributes"":{""Symbol"":""magic_magicdefbase"",""Value"":""298""}}]"
18171,Equip,10470057,10,Chưa dùng,Hat4_8,1,395,2,-1,-1,97,-1,3640,2912,234,true,1,97,4,4,1,-1,-1,,Chưa dùng,,"[{""Tag"":""BaseAttribute"",""Attributes"":{""Symbol"":""magic_physdefbase"",""Value"":""298""}},{""Tag"":""BaseAttribute"",""Attributes"":{""Symbol"":""magic_magicdefbase"",""Value"":""298""}}]"
18172,Equip,10470058,10,Chưa dùng,Hat4_8,1,395,2,-1,-1,98,-1,3720,2976,235,true,1,98,4,4,1,-1,-1,,Chưa dùng,,"[{""Tag"":""BaseAttribute"",""Attributes"":{""Symbol"":""magic_physdefbase"",""Value"":""298""}},{""Tag"":""BaseAttribute"",""Attributes"":{""Symbol"":""magic_magicdefbase"",""Value"":""298""}}]"
18173,Equip,10470059,10,Chưa dùng,Hat4_8,1,395,2,-1,-1,99,-1,3800,3040,236,true,1,99,4,4,1,-1,-1,,Chưa dùng,,"[{""Tag"":""BaseAttribute"",""Attributes"":{""Symbol"":""magic_physdefbase"",""Value"":""298""}},{""Tag"":""BaseAttribute"",""Attributes"":{""Symbol"":""magic_magicdefbase"",""Value"":""298""}}]"
18174,Equip,10470060,10,Chưa dùng,Hat4_8,1,395,2,-1,-1,100,-1,4600,3680,237,true,1,100,4,4,1,-1,-1,,Chưa dùng,,"[{""Tag"":""BaseAttribute"",""Attributes"":{""Symbol"":""magic_physdefbase"",""Value"":""330""}},{""Tag"":""BaseAttribute"",""Attributes"":{""Symbol"":""magic_magicdefbase"",""Value"":""330""}}]"
18175,Equip,10470061,10,Chưa dùng,Hat4_9,1,399,2,-1,-1,91,-1,3160,2528,226,true,1,91,4,4,1,-1,-1,,Chưa dùng,,"[{""Tag"":""BaseAttribute"",""Attributes"":{""Symbol"":""magic_physdefbase"",""Value"":""298""}},{""Tag"":""BaseAttribute"",""Attributes"":{""Symbol"":""magic_magicdefbase"",""Value"":""298""}}]"
18176,Equip,10470062,10,Chưa dùng,Hat4_9,1,399,2,-1,-1,92,-1,3240,2592,227,true,1,92,4,4,1,-1,-1,,Chưa dùng,,"[{""Tag"":""BaseAttribute"",""Attributes"":{""Symbol"":""magic_physdefbase"",""Value"":""298""}},{""Tag"":""BaseAttribute"",""Attributes"":{""Symbol"":""magic_magicdefbase"",""Value"":""298""}}]"
18177,Equip,10470063,10,Chưa dùng,Hat4_9,1,399,2,-1,-1,93,-1,3320,2656,229,true,1,93,4,4,1,-1,-1,,Chưa dùng,,"[{""Tag"":""BaseAttribute"",""Attributes"":{""Symbol"":""magic_physdefbase"",""Value"":""298""}},{""Tag"":""BaseAttribute"",""Attributes"":{""Symbol"":""magic_magicdefbase"",""Value"":""298""}}]"
18178,Equip,10470064,10,Chưa dùng,Hat4_9,1,399,2,-1,-1,94,-1,3400,2720,230,true,1,94,4,4,1,-1,-1,,Chưa dùng,,"[{""Tag"":""BaseAttribute"",""Attributes"":{""Symbol"":""magic_physdefbase"",""Value"":""298""}},{""Tag"":""BaseAttribute"",""Attributes"":{""Symbol"":""magic_magicdefbase"",""Value"":""298""}}]"
18179,Equip,10470065,10,Chưa dùng,Hat4_9,1,399,2,-1,-1,95,-1,3480,2784,231,true,1,95,4,4,1,-1,-1,,Chưa dùng,,"[{""Tag"":""BaseAttribute"",""Attributes"":{""Symbol"":""magic_physdefbase"",""Value"":""298""}},{""Tag"":""BaseAttribute"",""Attributes"":{""Symbol"":""magic_magicdefbase"",""Value"":""298""}}]"
18180,Equip,10470066,10,Chưa dùng,Hat4_9,1,399,2,-1,-1,96,-1,3560,2848,232,true,1,96,4,4,1,-1,-1,,Chưa dùng,,"[{""Tag"":""BaseAttribute"",""Attributes"":{""Symbol"":""magic_physdefbase"",""Value"":""298""}},{""Tag"":""BaseAttribute"",""Attributes"":{""Symbol"":""magic_magicdefbase"",""Value"":""298""}}]"
18181,Equip,10470067,10,Chưa dùng,Hat4_9,1,399,2,-1,-1,97,-1,3640,2912,234,true,1,97,4,4,1,-1,-1,,Chưa dùng,,"[{""Tag"":""BaseAttribute"",""Attributes"":{""Symbol"":""magic_physdefbase"",""Value"":""298""}},{""Tag"":""BaseAttribute"",""Attributes"":{""Symbol"":""magic_magicdefbase"",""Value"":""298""}}]"
18182,Equip,10470068,10,Chưa dùng,Hat4_9,1,399,2,-1,-1,98,-1,3720,2976,235,true,1,98,4,4,1,-1,-1,,Chưa dùng,,"[{""Tag"":""BaseAttribute"",""Attributes"":{""Symbol"":""magic_physdefbase"",""Value"":""298""}},{""Tag"":""BaseAttribute"",""Attributes"":{""Symbol"":""magic_magicdefbase"",""Value"":""298""}}]"
18183,Equip,10470069,10,Chưa dùng,Hat4_9,1,399,2,-1,-1,99,-1,3800,3040,236,true,1,99,4,4,1,-1,-1,,Chưa dùng,,"[{""Tag"":""BaseAttribute"",""Attributes"":{""Symbol"":""magic_physdefbase"",""Value"":""298""}},{""Tag"":""BaseAttribute"",""Attributes"":{""Symbol"":""magic_magicdefbase"",""Value"":""298""}}]"
18184,Equip,10470070,10,Chưa dùng,Hat4_9,1,399,2,-1,-1,100,-1,4600,3680,237,true,1,100,4,4,1,-1,-1,,Chưa dùng,,"[{""Tag"":""BaseAttribute"",""Attributes"":{""Symbol"":""magic_physdefbase"",""Value"":""330""}},{""Tag"":""BaseAttribute"",""Attributes"":{""Symbol"":""magic_magicdefbase"",""Value"":""330""}}]"
18185,Equip,10470071,10,Chưa dùng,Hat4_8,1,433,2,-1,-1,91,-1,3160,2528,226,true,1,91,4,4,1,-1,-1,,Chưa dùng,,"[{""Tag"":""BaseAttribute"",""Attributes"":{""Symbol"":""magic_physdefbase"",""Value"":""298""}},{""Tag"":""BaseAttribute"",""Attributes"":{""Symbol"":""magic_magicdefbase"",""Value"":""298""}}]"
18186,Equip,10470072,10,Chưa dùng,Hat4_8,1,433,2,-1,-1,92,-1,3240,2592,227,true,1,92,4,4,1,-1,-1,,Chưa dùng,,"[{""Tag"":""BaseAttribute"",""Attributes"":{""Symbol"":""magic_physdefbase"",""Value"":""298""}},{""Tag"":""BaseAttribute"",""Attributes"":{""Symbol"":""magic_magicdefbase"",""Value"":""298""}}]"
18187,Equip,10470073,10,Chưa dùng,Hat4_8,1,433,2,-1,-1,93,-1,3320,2656,229,true,1,93,4,4,1,-1,-1,,Chưa dùng,,"[{""Tag"":""BaseAttribute"",""Attributes"":{""Symbol"":""magic_physdefbase"",""Value"":""298""}},{""Tag"":""BaseAttribute"",""Attributes"":{""Symbol"":""magic_magicdefbase"",""Value"":""298""}}]"
18188,Equip,10470074,10,Chưa dùng,Hat4_8,1,433,2,-1,-1,94,-1,3400,2720,230,true,1,94,4,4,1,-1,-1,,Chưa dùng,,"[{""Tag"":""BaseAttribute"",""Attributes"":{""Symbol"":""magic_physdefbase"",""Value"":""298""}},{""Tag"":""BaseAttribute"",""Attributes"":{""Symbol"":""magic_magicdefbase"",""Value"":""298""}}]"
18189,Equip,10470075,10,Chưa dùng,Hat4_8,1,433,2,-1,-1,95,-1,3480,2784,231,true,1,95,4,4,1,-1,-1,,Chưa dùng,,"[{""Tag"":""BaseAttribute"",""Attributes"":{""Symbol"":""magic_physdefbase"",""Value"":""298""}},{""Tag"":""BaseAttribute"",""Attributes"":{""Symbol"":""magic_magicdefbase"",""Value"":""298""}}]"
18190,Equip,10470076,10,Chưa dùng,Hat4_8,1,433,2,-1,-1,96,-1,3560,2848,232,true,1,96,4,4,1,-1,-1,,Chưa dùng,,"[{""Tag"":""BaseAttribute"",""Attributes"":{""Symbol"":""magic_physdefbase"",""Value"":""298""}},{""Tag"":""BaseAttribute"",""Attributes"":{""Symbol"":""magic_magicdefbase"",""Value"":""298""}}]"
18191,Equip,10470077,10,Chưa dùng,Hat4_8,1,433,2,-1,-1,97,-1,3640,2912,234,true,1,97,4,4,1,-1,-1,,Chưa dùng,,"[{""Tag"":""BaseAttribute"",""Attributes"":{""Symbol"":""magic_physdefbase"",""Value"":""298""}},{""Tag"":""BaseAttribute"",""Attributes"":{""Symbol"":""magic_magicdefbase"",""Value"":""298""}}]"
18192,Equip,10470078,10,Chưa dùng,Hat4_8,1,433,2,-1,-1,98,-1,3720,2976,235,true,1,98,4,4,1,-1,-1,,Chưa dùng,,"[{""Tag"":""BaseAttribute"",""Attributes"":{""Symbol"":""magic_physdefbase"",""Value"":""298""}},{""Tag"":""BaseAttribute"",""Attributes"":{""Symbol"":""magic_magicdefbase"",""Value"":""298""}}]"
18193,Equip,10470079,10,Chưa dùng,Hat4_8,1,433,2,-1,-1,99,-1,3800,3040,236,true,1,99,4,4,1,-1,-1,,Chưa dùng,,"[{""Tag"":""BaseAttribute"",""Attributes"":{""Symbol"":""magic_physdefbase"",""Value"":""298""}},{""Tag"":""BaseAttribute"",""Attributes"":{""Symbol"":""magic_magicdefbase"",""Value"":""298""}}]"
18194,Equip,10470080,10,Chưa dùng,Hat4_8,1,433,2,-1,-1,100,-1,4600,3680,237,true,1,100,4,4,1,-1,-1,,Chưa dùng,,"[{""Tag"":""BaseAttribute"",""Attributes"":{""Symbol"":""magic_physdefbase"",""Value"":""330""}},{""Tag"":""BaseAttribute"",""Attributes"":{""Symbol"":""magic_magicdefbase"",""Value"":""330""}}]"
18195,Equip,10470081,10,Chưa dùng,Hat4_9,1,437,2,-1,-1,91,-1,3160,2528,226,true,1,91,4,4,1,-1,-1,,Chưa dùng,,"[{""Tag"":""BaseAttribute"",""Attributes"":{""Symbol"":""magic_physdefbase"",""Value"":""298""}},{""Tag"":""BaseAttribute"",""Attributes"":{""Symbol"":""magic_magicdefbase"",""Value"":""298""}}]"
18196,Equip,10470082,10,Chưa dùng,Hat4_9,1,437,2,-1,-1,92,-1,3240,2592,227,true,1,92,4,4,1,-1,-1,,Chưa dùng,,"[{""Tag"":""BaseAttribute"",""Attributes"":{""Symbol"":""magic_physdefbase"",""Value"":""298""}},{""Tag"":""BaseAttribute"",""Attributes"":{""Symbol"":""magic_magicdefbase"",""Value"":""298""}}]"
18197,Equip,10470083,10,Chưa dùng,Hat4_9,1,437,2,-1,-1,93,-1,3320,2656,229,true,1,93,4,4,1,-1,-1,,Chưa dùng,,"[{""Tag"":""BaseAttribute"",""Attributes"":{""Symbol"":""magic_physdefbase"",""Value"":""298""}},{""Tag"":""BaseAttribute"",""Attributes"":{""Symbol"":""magic_magicdefbase"",""Value"":""298""}}]"
18198,Equip,10470084,10,Chưa dùng,Hat4_9,1,437,2,-1,-1,94,-1,3400,2720,230,true,1,94,4,4,1,-1,-1,,Chưa dùng,,"[{""Tag"":""BaseAttribute"",""Attributes"":{""Symbol"":""magic_physdefbase"",""Value"":""298""}},{""Tag"":""BaseAttribute"",""Attributes"":{""Symbol"":""magic_magicdefbase"",""Value"":""298""}}]"
18199,Equip,10470085,10,Chưa dùng,Hat4_9,1,437,2,-1,-1,95,-1,3480,2784,231,true,1,95,4,4,1,-1,-1,,Chưa dùng,,"[{""Tag"":""BaseAttribute"",""Attributes"":{""Symbol"":""magic_physdefbase"",""Value"":""298""}},{""Tag"":""BaseAttribute"",""Attributes"":{""Symbol"":""magic_magicdefbase"",""Value"":""298""}}]"
18200,Equip,10470086,10,Chưa dùng,Hat4_9,1,437,2,-1,-1,96,-1,3560,2848,232,true,1,96,4,4,1,-1,-1,,Chưa dùng,,"[{""Tag"":""BaseAttribute"",""Attributes"":{""Symbol"":""magic_physdefbase"",""Value"":""298""}},{""Tag"":""BaseAttribute"",""Attributes"":{""Symbol"":""magic_magicdefbase"",""Value"":""298""}}]"
18201,Equip,10470087,10,Chưa dùng,Hat4_9,1,437,2,-1,-1,97,-1,3640,2912,234,true,1,97,4,4,1,-1,-1,,Chưa dùng,,"[{""Tag"":""BaseAttribute"",""Attributes"":{""Symbol"":""magic_physdefbase"",""Value"":""298""}},{""Tag"":""BaseAttribute"",""Attributes"":{""Symbol"":""magic_magicdefbase"",""Value"":""298""}}]"
18202,Equip,10470088,10,Chưa dùng,Hat4_9,1,437,2,-1,-1,98,-1,3720,2976,235,true,1,98,4,4,1,-1,-1,,Chưa dùng,,"[{""Tag"":""BaseAttribute"",""Attributes"":{""Symbol"":""magic_physdefbase"",""Value"":""298""}},{""Tag"":""BaseAttribute"",""Attributes"":{""Symbol"":""magic_magicdefbase"",""Value"":""298""}}]"
18203,Equip,10470089,10,Chưa dùng,Hat4_9,1,437,2,-1,-1,99,-1,3800,3040,236,true,1,99,4,4,1,-1,-1,,Chưa dùng,,"[{""Tag"":""BaseAttribute"",""Attributes"":{""Symbol"":""magic_physdefbase"",""Value"":""298""}},{""Tag"":""BaseAttribute"",""Attributes"":{""Symbol"":""magic_magicdefbase"",""Value"":""298""}}]"
18204,Equip,10470090,10,Chưa dùng,Hat4_9,1,437,2,-1,-1,100,-1,4600,3680,237,true,1,100,4,4,1,-1,-1,,Chưa dùng,,"[{""Tag"":""BaseAttribute"",""Attributes"":{""Symbol"":""magic_physdefbase"",""Value"":""330""}},{""Tag"":""BaseAttribute"",""Attributes"":{""Symbol"":""magic_magicdefbase"",""Value"":""330""}}]"
18205,Equip,10470091,10,Chưa dùng,Hat4_8,1,395,2,-1,-1,91,-1,3160,2528,226,true,1,91,4,4,1,-1,-1,,Chưa dùng,,"[{""Tag"":""BaseAttribute"",""Attributes"":{""Symbol"":""magic_physdefbase"",""Value"":""298""}},{""Tag"":""BaseAttribute"",""Attributes"":{""Symbol"":""magic_magicdefbase"",""Value"":""298""}}]"
18206,Equip,10470092,10,Chưa dùng,Hat4_8,1,395,2,-1,-1,92,-1,3240,2592,227,true,1,92,4,4,1,-1,-1,,Chưa dùng,,"[{""Tag"":""BaseAttribute"",""Attributes"":{""Symbol"":""magic_physdefbase"",""Value"":""298""}},{""Tag"":""BaseAttribute"",""Attributes"":{""Symbol"":""magic_magicdefbase"",""Value"":""298""}}]"
18207,Equip,10470093,10,Chưa dùng,Hat4_8,1,395,2,-1,-1,93,-1,3320,2656,229,true,1,93,4,4,1,-1,-1,,Chưa dùng,,"[{""Tag"":""BaseAttribute"",""Attributes"":{""Symbol"":""magic_physdefbase"",""Value"":""298""}},{""Tag"":""BaseAttribute"",""Attributes"":{""Symbol"":""magic_magicdefbase"",""Value"":""298""}}]"
18208,Equip,10470094,10,Chưa dùng,Hat4_8,1,395,2,-1,-1,94,-1,3400,2720,230,true,1,94,4,4,1,-1,-1,,Chưa dùng,,"[{""Tag"":""BaseAttribute"",""Attributes"":{""Symbol"":""magic_physdefbase"",""Value"":""298""}},{""Tag"":""BaseAttribute"",""Attributes"":{""Symbol"":""magic_magicdefbase"",""Value"":""298""}}]"
18209,Equip,10470095,10,Chưa dùng,Hat4_8,1,395,2,-1,-1,95,-1,3480,2784,231,true,1,95,4,4,1,-1,-1,,Chưa dùng,,"[{""Tag"":""BaseAttribute"",""Attributes"":{""Symbol"":""magic_physdefbase"",""Value"":""298""}},{""Tag"":""BaseAttribute"",""Attributes"":{""Symbol"":""magic_magicdefbase"",""Value"":""298""}}]"
18210,Equip,10470096,10,Chưa dùng,Hat4_8,1,395,2,-1,-1,96,-1,3560,2848,232,true,1,96,4,4,1,-1,-1,,Chưa dùng,,"[{""Tag"":""BaseAttribute"",""Attributes"":{""Symbol"":""magic_physdefbase"",""Value"":""298""}},{""Tag"":""BaseAttribute"",""Attributes"":{""Symbol"":""magic_magicdefbase"",""Value"":""298""}}]"
18211,Equip,10470097,10,Chưa dùng,Hat4_8,1,395,2,-1,-1,97,-1,3640,2912,234,true,1,97,4,4,1,-1,-1,,Chưa dùng,,"[{""Tag"":""BaseAttribute"",""Attributes"":{""Symbol"":""magic_physdefbase"",""Value"":""298""}},{""Tag"":""BaseAttribute"",""Attributes"":{""Symbol"":""magic_magicdefbase"",""Value"":""298""}}]"
18212,Equip,10470098,10,Chưa dùng,Hat4_8,1,395,2,-1,-1,98,-1,3720,2976,235,true,1,98,4,4,1,-1,-1,,Chưa dùng,,"[{""Tag"":""BaseAttribute"",""Attributes"":{""Symbol"":""magic_physdefbase"",""Value"":""298""}},{""Tag"":""BaseAttribute"",""Attributes"":{""Symbol"":""magic_magicdefbase"",""Value"":""298""}}]"
18213,Equip,10470099,10,Chưa dùng,Hat4_8,1,395,2,-1,-1,99,-1,3800,3040,236,true,1,99,4,4,1,-1,-1,,Chưa dùng,,"[{""Tag"":""BaseAttribute"",""Attributes"":{""Symbol"":""magic_physdefbase"",""Value"":""298""}},{""Tag"":""BaseAttribute"",""Attributes"":{""Symbol"":""magic_magicdefbase"",""Value"":""298""}}]"
18214,Equip,10470100,10,Chưa dùng,Hat4_8,1,395,2,-1,-1,100,-1,4600,3680,237,true,1,100,4,4,1,-1,-1,,Chưa dùng,,"[{""Tag"":""BaseAttribute"",""Attributes"":{""Symbol"":""magic_physdefbase"",""Value"":""330""}},{""Tag"":""BaseAttribute"",""Attributes"":{""Symbol"":""magic_magicdefbase"",""Value"":""330""}}]"
18215,Equip,10470101,10,Chưa dùng,Hat4_9,1,399,2,-1,-1,91,-1,3160,2528,226,true,1,91,4,4,1,-1,-1,,Chưa dùng,,"[{""Tag"":""BaseAttribute"",""Attributes"":{""Symbol"":""magic_physdefbase"",""Value"":""298""}},{""Tag"":""BaseAttribute"",""Attributes"":{""Symbol"":""magic_magicdefbase"",""Value"":""298""}}]"
18216,Equip,10470102,10,Chưa dùng,Hat4_9,1,399,2,-1,-1,92,-1,3240,2592,227,true,1,92,4,4,1,-1,-1,,Chưa dùng,,"[{""Tag"":""BaseAttribute"",""Attributes"":{""Symbol"":""magic_physdefbase"",""Value"":""298""}},{""Tag"":""BaseAttribute"",""Attributes"":{""Symbol"":""magic_magicdefbase"",""Value"":""298""}}]"
18217,Equip,10470103,10,Chưa dùng,Hat4_9,1,399,2,-1,-1,93,-1,3320,2656,229,true,1,93,4,4,1,-1,-1,,Chưa dùng,,"[{""Tag"":""BaseAttribute"",""Attributes"":{""Symbol"":""magic_physdefbase"",""Value"":""298""}},{""Tag"":""BaseAttribute"",""Attributes"":{""Symbol"":""magic_magicdefbase"",""Value"":""298""}}]"
18218,Equip,10470104,10,Chưa dùng,Hat4_9,1,399,2,-1,-1,94,-1,3400,2720,230,true,1,94,4,4,1,-1,-1,,Chưa dùng,,"[{""Tag"":""BaseAttribute"",""Attributes"":{""Symbol"":""magic_physdefbase"",""Value"":""298""}},{""Tag"":""BaseAttribute"",""Attributes"":{""Symbol"":""magic_magicdefbase"",""Value"":""298""}}]"
18219,Equip,10470105,10,Chưa dùng,Hat4_9,1,399,2,-1,-1,95,-1,3480,2784,231,true,1,95,4,4,1,-1,-1,,Chưa dùng,,"[{""Tag"":""BaseAttribute"",""Attributes"":{""Symbol"":""magic_physdefbase"",""Value"":""298""}},{""Tag"":""BaseAttribute"",""Attributes"":{""Symbol"":""magic_magicdefbase"",""Value"":""298""}}]"
18220,Equip,10470106,10,Chưa dùng,Hat4_9,1,399,2,-1,-1,96,-1,3560,2848,232,true,1,96,4,4,1,-1,-1,,Chưa dùng,,"[{""Tag"":""BaseAttribute"",""Attributes"":{""Symbol"":""magic_physdefbase"",""Value"":""298""}},{""Tag"":""BaseAttribute"",""Attributes"":{""Symbol"":""magic_magicdefbase"",""Value"":""298""}}]"
18221,Equip,10470107,10,Chưa dùng,Hat4_9,1,399,2,-1,-1,97,-1,3640,2912,234,true,1,97,4,4,1,-1,-1,,Chưa dùng,,"[{""Tag"":""BaseAttribute"",""Attributes"":{""Symbol"":""magic_physdefbase"",""Value"":""298""}},{""Tag"":""BaseAttribute"",""Attributes"":{""Symbol"":""magic_magicdefbase"",""Value"":""298""}}]"
18222,Equip,10470108,10,Chưa dùng,Hat4_9,1,399,2,-1,-1,98,-1,3720,2976,235,true,1,98,4,4,1,-1,-1,,Chưa dùng,,"[{""Tag"":""BaseAttribute"",""Attributes"":{""Symbol"":""magic_physdefbase"",""Value"":""298""}},{""Tag"":""BaseAttribute"",""Attributes"":{""Symbol"":""magic_magicdefbase"",""Value"":""298""}}]"
18223,Equip,10470109,10,Chưa dùng,Hat4_9,1,399,2,-1,-1,99,-1,3800,3040,236,true,1,99,4,4,1,-1,-1,,Chưa dùng,,"[{""Tag"":""BaseAttribute"",""Attributes"":{""Symbol"":""magic_physdefbase"",""Value"":""298""}},{""Tag"":""BaseAttribute"",""Attributes"":{""Symbol"":""magic_magicdefbase"",""Value"":""298""}}]"
18224,Equip,10470110,10,Chưa dùng,Hat4_9,1,399,2,-1,-1,100,-1,4600,3680,237,true,1,100,4,4,1,-1,-1,,Chưa dùng,,"[{""Tag"":""BaseAttribute"",""Attributes"":{""Symbol"":""magic_physdefbase"",""Value"":""330""}},{""Tag"":""BaseAttribute"",""Attributes"":{""Symbol"":""magic_magicdefbase"",""Value"":""330""}}]"
18225,Equip,10470111,10,Chưa dùng,Hat4_8,1,433,2,-1,-1,91,-1,3160,2528,226,true,1,91,4,4,1,-1,-1,,Chưa dùng,,"[{""Tag"":""BaseAttribute"",""Attributes"":{""Symbol"":""magic_physdefbase"",""Value"":""298""}},{""Tag"":""BaseAttribute"",""Attributes"":{""Symbol"":""magic_magicdefbase"",""Value"":""298""}}]"
18226,Equip,10470112,10,Chưa dùng,Hat4_8,1,433,2,-1,-1,92,-1,3240,2592,227,true,1,92,4,4,1,-1,-1,,Chưa dùng,,"[{""Tag"":""BaseAttribute"",""Attributes"":{""Symbol"":""magic_physdefbase"",""Value"":""298""}},{""Tag"":""BaseAttribute"",""Attributes"":{""Symbol"":""magic_magicdefbase"",""Value"":""298""}}]"
18227,Equip,10470113,10,Chưa dùng,Hat4_8,1,433,2,-1,-1,93,-1,3320,2656,229,true,1,93,4,4,1,-1,-1,,Chưa dùng,,"[{""Tag"":""BaseAttribute"",""Attributes"":{""Symbol"":""magic_physdefbase"",""Value"":""298""}},{""Tag"":""BaseAttribute"",""Attributes"":{""Symbol"":""magic_magicdefbase"",""Value"":""298""}}]"
18228,Equip,10470114,10,Chưa dùng,Hat4_8,1,433,2,-1,-1,94,-1,3400,2720,230,true,1,94,4,4,1,-1,-1,,Chưa dùng,,"[{""Tag"":""BaseAttribute"",""Attributes"":{""Symbol"":""magic_physdefbase"",""Value"":""298""}},{""Tag"":""BaseAttribute"",""Attributes"":{""Symbol"":""magic_magicdefbase"",""Value"":""298""}}]"
18229,Equip,10470115,10,Chưa dùng,Hat4_8,1,433,2,-1,-1,95,-1,3480,2784,231,true,1,95,4,4,1,-1,-1,,Chưa dùng,,"[{""Tag"":""BaseAttribute"",""Attributes"":{""Symbol"":""magic_physdefbase"",""Value"":""298""}},{""Tag"":""BaseAttribute"",""Attributes"":{""Symbol"":""magic_magicdefbase"",""Value"":""298""}}]"
18230,Equip,10470116,10,Chưa dùng,Hat4_8,1,433,2,-1,-1,96,-1,3560,2848,232,true,1,96,4,4,1,-1,-1,,Chưa dùng,,"[{""Tag"":""BaseAttribute"",""Attributes"":{""Symbol"":""magic_physdefbase"",""Value"":""298""}},{""Tag"":""BaseAttribute"",""Attributes"":{""Symbol"":""magic_magicdefbase"",""Value"":""298""}}]"
18231,Equip,10470117,10,Chưa dùng,Hat4_8,1,433,2,-1,-1,97,-1,3640,2912,234,true,1,97,4,4,1,-1,-1,,Chưa dùng,,"[{""Tag"":""BaseAttribute"",""Attributes"":{""Symbol"":""magic_physdefbase"",""Value"":""298""}},{""Tag"":""BaseAttribute"",""Attributes"":{""Symbol"":""magic_magicdefbase"",""Value"":""298""}}]"
18232,Equip,10470118,10,Chưa dùng,Hat4_8,1,433,2,-1,-1,98,-1,3720,2976,235,true,1,98,4,4,1,-1,-1,,Chưa dùng,,"[{""Tag"":""BaseAttribute"",""Attributes"":{""Symbol"":""magic_physdefbase"",""Value"":""298""}},{""Tag"":""BaseAttribute"",""Attributes"":{""Symbol"":""magic_magicdefbase"",""Value"":""298""}}]"
18233,Equip,10470119,10,Chưa dùng,Hat4_8,1,433,2,-1,-1,99,-1,3800,3040,236,true,1,99,4,4,1,-1,-1,,Chưa dùng,,"[{""Tag"":""BaseAttribute"",""Attributes"":{""Symbol"":""magic_physdefbase"",""Value"":""298""}},{""Tag"":""BaseAttribute"",""Attributes"":{""Symbol"":""magic_magicdefbase"",""Value"":""298""}}]"
18234,Equip,10470120,10,Chưa dùng,Hat4_8,1,433,2,-1,-1,100,-1,4600,3680,237,true,1,100,4,4,1,-1,-1,,Chưa dùng,,"[{""Tag"":""BaseAttribute"",""Attributes"":{""Symbol"":""magic_physdefbase"",""Value"":""330""}},{""Tag"":""BaseAttribute"",""Attributes"":{""Symbol"":""magic_magicdefbase"",""Value"":""330""}}]"
18235,Equip,10470121,10,Chưa dùng,Hat4_9,1,437,2,-1,-1,91,-1,3160,2528,226,true,1,91,4,4,1,-1,-1,,Chưa dùng,,"[{""Tag"":""BaseAttribute"",""Attributes"":{""Symbol"":""magic_physdefbase"",""Value"":""298""}},{""Tag"":""BaseAttribute"",""Attributes"":{""Symbol"":""magic_magicdefbase"",""Value"":""298""}}]"
18236,Equip,10470122,10,Chưa dùng,Hat4_9,1,437,2,-1,-1,92,-1,3240,2592,227,true,1,92,4,4,1,-1,-1,,Chưa dùng,,"[{""Tag"":""BaseAttribute"",""Attributes"":{""Symbol"":""magic_physdefbase"",""Value"":""298""}},{""Tag"":""BaseAttribute"",""Attributes"":{""Symbol"":""magic_magicdefbase"",""Value"":""298""}}]"
18237,Equip,10470123,10,Chưa dùng,Hat4_9,1,437,2,-1,-1,93,-1,3320,2656,229,true,1,93,4,4,1,-1,-1,,Chưa dùng,,"[{""Tag"":""BaseAttribute"",""Attributes"":{""Symbol"":""magic_physdefbase"",""Value"":""298""}},{""Tag"":""BaseAttribute"",""Attributes"":{""Symbol"":""magic_magicdefbase"",""Value"":""298""}}]"
18238,Equip,10470124,10,Chưa dùng,Hat4_9,1,437,2,-1,-1,94,-1,3400,2720,230,true,1,94,4,4,1,-1,-1,,Chưa dùng,,"[{""Tag"":""BaseAttribute"",""Attributes"":{""Symbol"":""magic_physdefbase"",""Value"":""298""}},{""Tag"":""BaseAttribute"",""Attributes"":{""Symbol"":""magic_magicdefbase"",""Value"":""298""}}]"
18239,Equip,10470125,10,Chưa dùng,Hat4_9,1,437,2,-1,-1,95,-1,3480,2784,231,true,1,95,4,4,1,-1,-1,,Chưa dùng,,"[{""Tag"":""BaseAttribute"",""Attributes"":{""Symbol"":""magic_physdefbase"",""Value"":""298""}},{""Tag"":""BaseAttribute"",""Attributes"":{""Symbol"":""magic_magicdefbase"",""Value"":""298""}}]"
18240,Equip,10470126,10,Chưa dùng,Hat4_9,1,437,2,-1,-1,96,-1,3560,2848,232,true,1,96,4,4,1,-1,-1,,Chưa dùng,,"[{""Tag"":""BaseAttribute"",""Attributes"":{""Symbol"":""magic_physdefbase"",""Value"":""298""}},{""Tag"":""BaseAttribute"",""Attributes"":{""Symbol"":""magic_magicdefbase"",""Value"":""298""}}]"
18241,Equip,10470127,10,Chưa dùng,Hat4_9,1,437,2,-1,-1,97,-1,3640,2912,234,true,1,97,4,4,1,-1,-1,,Chưa dùng,,"[{""Tag"":""BaseAttribute"",""Attributes"":{""Symbol"":""magic_physdefbase"",""Value"":""298""}},{""Tag"":""BaseAttribute"",""Attributes"":{""Symbol"":""magic_magicdefbase"",""Value"":""298""}}]"
18242,Equip,10470128,10,Chưa dùng,Hat4_9,1,437,2,-1,-1,98,-1,3720,2976,235,true,1,98,4,4,1,-1,-1,,Chưa dùng,,"[{""Tag"":""BaseAttribute"",""Attributes"":{""Symbol"":""magic_physdefbase"",""Value"":""298""}},{""Tag"":""BaseAttribute"",""Attributes"":{""Symbol"":""magic_magicdefbase"",""Value"":""298""}}]"
18243,Equip,10470129,10,Chưa dùng,Hat4_9,1,437,2,-1,-1,99,-1,3800,3040,236,true,1,99,4,4,1,-1,-1,,Chưa dùng,,"[{""Tag"":""BaseAttribute"",""Attributes"":{""Symbol"":""magic_physdefbase"",""Value"":""298""}},{""Tag"":""BaseAttribute"",""Attributes"":{""Symbol"":""magic_magicdefbase"",""Value"":""298""}}]"
18244,Equip,10470130,10,Chưa dùng,Hat4_9,1,437,2,-1,-1,100,-1,4600,3680,237,true,1,100,4,4,1,-1,-1,,Chưa dùng,,"[{""Tag"":""BaseAttribute"",""Attributes"":{""Symbol"":""magic_physdefbase"",""Value"":""330""}},{""Tag"":""BaseAttribute"",""Attributes"":{""Symbol"":""magic_magicdefbase"",""Value"":""330""}}]"
18245,Equip,10470131,10,Chưa dùng,Hat4_8,1,395,2,-1,-1,91,-1,3160,2528,226,true,1,91,4,4,1,-1,-1,,Chưa dùng,,"[{""Tag"":""BaseAttribute"",""Attributes"":{""Symbol"":""magic_physdefbase"",""Value"":""298""}},{""Tag"":""BaseAttribute"",""Attributes"":{""Symbol"":""magic_magicdefbase"",""Value"":""298""}}]"
18246,Equip,10470132,10,Chưa dùng,Hat4_8,1,395,2,-1,-1,92,-1,3240,2592,227,true,1,92,4,4,1,-1,-1,,Chưa dùng,,"[{""Tag"":""BaseAttribute"",""Attributes"":{""Symbol"":""magic_physdefbase"",""Value"":""298""}},{""Tag"":""BaseAttribute"",""Attributes"":{""Symbol"":""magic_magicdefbase"",""Value"":""298""}}]"
18247,Equip,10470133,10,Chưa dùng,Hat4_8,1,395,2,-1,-1,93,-1,3320,2656,229,true,1,93,4,4,1,-1,-1,,Chưa dùng,,"[{""Tag"":""BaseAttribute"",""Attributes"":{""Symbol"":""magic_physdefbase"",""Value"":""298""}},{""Tag"":""BaseAttribute"",""Attributes"":{""Symbol"":""magic_magicdefbase"",""Value"":""298""}}]"
18248,Equip,10470134,10,Chưa dùng,Hat4_8,1,395,2,-1,-1,94,-1,3400,2720,230,true,1,94,4,4,1,-1,-1,,Chưa dùng,,"[{""Tag"":""BaseAttribute"",""Attributes"":{""Symbol"":""magic_physdefbase"",""Value"":""298""}},{""Tag"":""BaseAttribute"",""Attributes"":{""Symbol"":""magic_magicdefbase"",""Value"":""298""}}]"
18249,Equip,10470135,10,Chưa dùng,Hat4_8,1,395,2,-1,-1,95,-1,3480,2784,231,true,1,95,4,4,1,-1,-1,,Chưa dùng,,"[{""Tag"":""BaseAttribute"",""Attributes"":{""Symbol"":""magic_physdefbase"",""Value"":""298""}},{""Tag"":""BaseAttribute"",""Attributes"":{""Symbol"":""magic_magicdefbase"",""Value"":""298""}}]"
18250,Equip,10470136,10,Chưa dùng,Hat4_8,1,395,2,-1,-1,96,-1,3560,2848,232,true,1,96,4,4,1,-1,-1,,Chưa dùng,,"[{""Tag"":""BaseAttribute"",""Attributes"":{""Symbol"":""magic_physdefbase"",""Value"":""298""}},{""Tag"":""BaseAttribute"",""Attributes"":{""Symbol"":""magic_magicdefbase"",""Value"":""298""}}]"
18251,Equip,10470137,10,Chưa dùng,Hat4_8,1,395,2,-1,-1,97,-1,3640,2912,234,true,1,97,4,4,1,-1,-1,,Chưa dùng,,"[{""Tag"":""BaseAttribute"",""Attributes"":{""Symbol"":""magic_physdefbase"",""Value"":""298""}},{""Tag"":""BaseAttribute"",""Attributes"":{""Symbol"":""magic_magicdefbase"",""Value"":""298""}}]"
18252,Equip,10470138,10,Chưa dùng,Hat4_8,1,395,2,-1,-1,98,-1,3720,2976,235,true,1,98,4,4,1,-1,-1,,Chưa dùng,,"[{""Tag"":""BaseAttribute"",""Attributes"":{""Symbol"":""magic_physdefbase"",""Value"":""298""}},{""Tag"":""BaseAttribute"",""Attributes"":{""Symbol"":""magic_magicdefbase"",""Value"":""298""}}]"
18253,Equip,10470139,10,Chưa dùng,Hat4_8,1,395,2,-1,-1,99,-1,3800,3040,236,true,1,99,4,4,1,-1,-1,,Chưa dùng,,"[{""Tag"":""BaseAttribute"",""Attributes"":{""Symbol"":""magic_physdefbase"",""Value"":""298""}},{""Tag"":""BaseAttribute"",""Attributes"":{""Symbol"":""magic_magicdefbase"",""Value"":""298""}}]"
18254,Equip,10470140,10,Chưa dùng,Hat4_8,1,395,2,-1,-1,100,-1,4600,3680,237,true,1,100,4,4,1,-1,-1,,Chưa dùng,,"[{""Tag"":""BaseAttribute"",""Attributes"":{""Symbol"":""magic_physdefbase"",""Value"":""330""}},{""Tag"":""BaseAttribute"",""Attributes"":{""Symbol"":""magic_magicdefbase"",""Value"":""330""}}]"
18255,Equip,10470141,10,Chưa dùng,Hat4_9,1,399,2,-1,-1,91,-1,3160,2528,226,true,1,91,4,4,1,-1,-1,,Chưa dùng,,"[{""Tag"":""BaseAttribute"",""Attributes"":{""Symbol"":""magic_physdefbase"",""Value"":""298""}},{""Tag"":""BaseAttribute"",""Attributes"":{""Symbol"":""magic_magicdefbase"",""Value"":""298""}}]"
18256,Equip,10470142,10,Chưa dùng,Hat4_9,1,399,2,-1,-1,92,-1,3240,2592,227,true,1,92,4,4,1,-1,-1,,Chưa dùng,,"[{""Tag"":""BaseAttribute"",""Attributes"":{""Symbol"":""magic_physdefbase"",""Value"":""298""}},{""Tag"":""BaseAttribute"",""Attributes"":{""Symbol"":""magic_magicdefbase"",""Value"":""298""}}]"
18257,Equip,10470143,10,Chưa dùng,Hat4_9,1,399,2,-1,-1,93,-1,3320,2656,229,true,1,93,4,4,1,-1,-1,,Chưa dùng,,"[{""Tag"":""BaseAttribute"",""Attributes"":{""Symbol"":""magic_physdefbase"",""Value"":""298""}},{""Tag"":""BaseAttribute"",""Attributes"":{""Symbol"":""magic_magicdefbase"",""Value"":""298""}}]"
18258,Equip,10470144,10,Chưa dùng,Hat4_9,1,399,2,-1,-1,94,-1,3400,2720,230,true,1,94,4,4,1,-1,-1,,Chưa dùng,,"[{""Tag"":""BaseAttribute"",""Attributes"":{""Symbol"":""magic_physdefbase"",""Value"":""298""}},{""Tag"":""BaseAttribute"",""Attributes"":{""Symbol"":""magic_magicdefbase"",""Value"":""298""}}]"
18259,Equip,10470145,10,Chưa dùng,Hat4_9,1,399,2,-1,-1,95,-1,3480,2784,231,true,1,95,4,4,1,-1,-1,,Chưa dùng,,"[{""Tag"":""BaseAttribute"",""Attributes"":{""Symbol"":""magic_physdefbase"",""Value"":""298""}},{""Tag"":""BaseAttribute"",""Attributes"":{""Symbol"":""magic_magicdefbase"",""Value"":""298""}}]"
18260,Equip,10470146,10,Chưa dùng,Hat4_9,1,399,2,-1,-1,96,-1,3560,2848,232,true,1,96,4,4,1,-1,-1,,Chưa dùng,,"[{""Tag"":""BaseAttribute"",""Attributes"":{""Symbol"":""magic_physdefbase"",""Value"":""298""}},{""Tag"":""BaseAttribute"",""Attributes"":{""Symbol"":""magic_magicdefbase"",""Value"":""298""}}]"
18261,Equip,10470147,10,Chưa dùng,Hat4_9,1,399,2,-1,-1,97,-1,3640,2912,234,true,1,97,4,4,1,-1,-1,,Chưa dùng,,"[{""Tag"":""BaseAttribute"",""Attributes"":{""Symbol"":""magic_physdefbase"",""Value"":""298""}},{""Tag"":""BaseAttribute"",""Attributes"":{""Symbol"":""magic_magicdefbase"",""Value"":""298""}}]"
18262,Equip,10470148,10,Chưa dùng,Hat4_9,1,399,2,-1,-1,98,-1,3720,2976,235,true,1,98,4,4,1,-1,-1,,Chưa dùng,,"[{""Tag"":""BaseAttribute"",""Attributes"":{""Symbol"":""magic_physdefbase"",""Value"":""298""}},{""Tag"":""BaseAttribute"",""Attributes"":{""Symbol"":""magic_magicdefbase"",""Value"":""298""}}]"
18263,Equip,10470149,10,Chưa dùng,Hat4_9,1,399,2,-1,-1,99,-1,3800,3040,236,true,1,99,4,4,1,-1,-1,,Chưa dùng,,"[{""Tag"":""BaseAttribute"",""Attributes"":{""Symbol"":""magic_physdefbase"",""Value"":""298""}},{""Tag"":""BaseAttribute"",""Attributes"":{""Symbol"":""magic_magicdefbase"",""Value"":""298""}}]"
18264,Equip,10470150,10,Chưa dùng,Hat4_9,1,399,2,-1,-1,100,-1,4600,3680,237,true,1,100,4,4,1,-1,-1,,Chưa dùng,,"[{""Tag"":""BaseAttribute"",""Attributes"":{""Symbol"":""magic_physdefbase"",""Value"":""330""}},{""Tag"":""BaseAttribute"",""Attributes"":{""Symbol"":""magic_magicdefbase"",""Value"":""330""}}]"
18265,Equip,10470151,10,Chưa dùng,Hat4_8,1,433,2,-1,-1,91,-1,3160,2528,226,true,1,91,4,4,1,-1,-1,,Chưa dùng,,"[{""Tag"":""BaseAttribute"",""Attributes"":{""Symbol"":""magic_physdefbase"",""Value"":""298""}},{""Tag"":""BaseAttribute"",""Attributes"":{""Symbol"":""magic_magicdefbase"",""Value"":""298""}}]"
18266,Equip,10470152,10,Chưa dùng,Hat4_8,1,433,2,-1,-1,92,-1,3240,2592,227,true,1,92,4,4,1,-1,-1,,Chưa dùng,,"[{""Tag"":""BaseAttribute"",""Attributes"":{""Symbol"":""magic_physdefbase"",""Value"":""298""}},{""Tag"":""BaseAttribute"",""Attributes"":{""Symbol"":""magic_magicdefbase"",""Value"":""298""}}]"
18267,Equip,10470153,10,Chưa dùng,Hat4_8,1,433,2,-1,-1,93,-1,3320,2656,229,true,1,93,4,4,1,-1,-1,,Chưa dùng,,"[{""Tag"":""BaseAttribute"",""Attributes"":{""Symbol"":""magic_physdefbase"",""Value"":""298""}},{""Tag"":""BaseAttribute"",""Attributes"":{""Symbol"":""magic_magicdefbase"",""Value"":""298""}}]"
18268,Equip,10470154,10,Chưa dùng,Hat4_8,1,433,2,-1,-1,94,-1,3400,2720,230,true,1,94,4,4,1,-1,-1,,Chưa dùng,,"[{""Tag"":""BaseAttribute"",""Attributes"":{""Symbol"":""magic_physdefbase"",""Value"":""298""}},{""Tag"":""BaseAttribute"",""Attributes"":{""Symbol"":""magic_magicdefbase"",""Value"":""298""}}]"
18269,Equip,10470155,10,Chưa dùng,Hat4_8,1,433,2,-1,-1,95,-1,3480,2784,231,true,1,95,4,4,1,-1,-1,,Chưa dùng,,"[{""Tag"":""BaseAttribute"",""Attributes"":{""Symbol"":""magic_physdefbase"",""Value"":""298""}},{""Tag"":""BaseAttribute"",""Attributes"":{""Symbol"":""magic_magicdefbase"",""Value"":""298""}}]"
18270,Equip,10470156,10,Chưa dùng,Hat4_8,1,433,2,-1,-1,96,-1,3560,2848,232,true,1,96,4,4,1,-1,-1,,Chưa dùng,,"[{""Tag"":""BaseAttribute"",""Attributes"":{""Symbol"":""magic_physdefbase"",""Value"":""298""}},{""Tag"":""BaseAttribute"",""Attributes"":{""Symbol"":""magic_magicdefbase"",""Value"":""298""}}]"
18271,Equip,10470157,10,Chưa dùng,Hat4_8,1,433,2,-1,-1,97,-1,3640,2912,234,true,1,97,4,4,1,-1,-1,,Chưa dùng,,"[{""Tag"":""BaseAttribute"",""Attributes"":{""Symbol"":""magic_physdefbase"",""Value"":""298""}},{""Tag"":""BaseAttribute"",""Attributes"":{""Symbol"":""magic_magicdefbase"",""Value"":""298""}}]"
18272,Equip,10470158,10,Chưa dùng,Hat4_8,1,433,2,-1,-1,98,-1,3720,2976,235,true,1,98,4,4,1,-1,-1,,Chưa dùng,,"[{""Tag"":""BaseAttribute"",""Attributes"":{""Symbol"":""magic_physdefbase"",""Value"":""298""}},{""Tag"":""BaseAttribute"",""Attributes"":{""Symbol"":""magic_magicdefbase"",""Value"":""298""}}]"
18273,Equip,10470159,10,Chưa dùng,Hat4_8,1,433,2,-1,-1,99,-1,3800,3040,236,true,1,99,4,4,1,-1,-1,,Chưa dùng,,"[{""Tag"":""BaseAttribute"",""Attributes"":{""Symbol"":""magic_physdefbase"",""Value"":""298""}},{""Tag"":""BaseAttribute"",""Attributes"":{""Symbol"":""magic_magicdefbase"",""Value"":""298""}}]"
18274,Equip,10470160,10,Chưa dùng,Hat4_8,1,433,2,-1,-1,100,-1,4600,3680,237,true,1,100,4,4,1,-1,-1,,Chưa dùng,,"[{""Tag"":""BaseAttribute"",""Attributes"":{""Symbol"":""magic_physdefbase"",""Value"":""330""}},{""Tag"":""BaseAttribute"",""Attributes"":{""Symbol"":""magic_magicdefbase"",""Value"":""330""}}]"
18275,Equip,10470161,10,Chưa dùng,Hat4_9,1,437,2,-1,-1,91,-1,3160,2528,226,true,1,91,4,4,1,-1,-1,,Chưa dùng,,"[{""Tag"":""BaseAttribute"",""Attributes"":{""Symbol"":""magic_physdefbase"",""Value"":""298""}},{""Tag"":""BaseAttribute"",""Attributes"":{""Symbol"":""magic_magicdefbase"",""Value"":""298""}}]"
18276,Equip,10470162,10,Chưa dùng,Hat4_9,1,437,2,-1,-1,92,-1,3240,2592,227,true,1,92,4,4,1,-1,-1,,Chưa dùng,,"[{""Tag"":""BaseAttribute"",""Attributes"":{""Symbol"":""magic_physdefbase"",""Value"":""298""}},{""Tag"":""BaseAttribute"",""Attributes"":{""Symbol"":""magic_magicdefbase"",""Value"":""298""}}]"
18277,Equip,10470163,10,Chưa dùng,Hat4_9,1,437,2,-1,-1,93,-1,3320,2656,229,true,1,93,4,4,1,-1,-1,,Chưa dùng,,"[{""Tag"":""BaseAttribute"",""Attributes"":{""Symbol"":""magic_physdefbase"",""Value"":""298""}},{""Tag"":""BaseAttribute"",""Attributes"":{""Symbol"":""magic_magicdefbase"",""Value"":""298""}}]"
18278,Equip,10470164,10,Chưa dùng,Hat4_9,1,437,2,-1,-1,94,-1,3400,2720,230,true,1,94,4,4,1,-1,-1,,Chưa dùng,,"[{""Tag"":""BaseAttribute"",""Attributes"":{""Symbol"":""magic_physdefbase"",""Value"":""298""}},{""Tag"":""BaseAttribute"",""Attributes"":{""Symbol"":""magic_magicdefbase"",""Value"":""298""}}]"
18279,Equip,10470165,10,Chưa dùng,Hat4_9,1,437,2,-1,-1,95,-1,3480,2784,231,true,1,95,4,4,1,-1,-1,,Chưa dùng,,"[{""Tag"":""BaseAttribute"",""Attributes"":{""Symbol"":""magic_physdefbase"",""Value"":""298""}},{""Tag"":""BaseAttribute"",""Attributes"":{""Symbol"":""magic_magicdefbase"",""Value"":""298""}}]"
18280,Equip,10470166,10,Chưa dùng,Hat4_9,1,437,2,-1,-1,96,-1,3560,2848,232,true,1,96,4,4,1,-1,-1,,Chưa dùng,,"[{""Tag"":""BaseAttribute"",""Attributes"":{""Symbol"":""magic_physdefbase"",""Value"":""298""}},{""Tag"":""BaseAttribute"",""Attributes"":{""Symbol"":""magic_magicdefbase"",""Value"":""298""}}]"
18281,Equip,10470167,10,Chưa dùng,Hat4_9,1,437,2,-1,-1,97,-1,3640,2912,234,true,1,97,4,4,1,-1,-1,,Chưa dùng,,"[{""Tag"":""BaseAttribute"",""Attributes"":{""Symbol"":""magic_physdefbase"",""Value"":""298""}},{""Tag"":""BaseAttribute"",""Attributes"":{""Symbol"":""magic_magicdefbase"",""Value"":""298""}}]"
18282,Equip,10470168,10,Chưa dùng,Hat4_9,1,437,2,-1,-1,98,-1,3720,2976,235,true,1,98,4,4,1,-1,-1,,Chưa dùng,,"[{""Tag"":""BaseAttribute"",""Attributes"":{""Symbol"":""magic_physdefbase"",""Value"":""298""}},{""Tag"":""BaseAttribute"",""Attributes"":{""Symbol"":""magic_magicdefbase"",""Value"":""298""}}]"
18283,Equip,10470169,10,Chưa dùng,Hat4_9,1,437,2,-1,-1,99,-1,3800,3040,236,true,1,99,4,4,1,-1,-1,,Chưa dùng,,"[{""Tag"":""BaseAttribute"",""Attributes"":{""Symbol"":""magic_physdefbase"",""Value"":""298""}},{""Tag"":""BaseAttribute"",""Attributes"":{""Symbol"":""magic_magicdefbase"",""Value"":""298""}}]"
18284,Equip,10470170,10,Chưa dùng,Hat4_9,1,437,2,-1,-1,100,-1,4600,3680,237,true,1,100,4,4,1,-1,-1,,Chưa dùng,,"[{""Tag"":""BaseAttribute"",""Attributes"":{""Symbol"":""magic_physdefbase"",""Value"":""330""}},{""Tag"":""BaseAttribute"",""Attributes"":{""Symbol"":""magic_magicdefbase"",""Value"":""330""}}]"
18285,Equip,10470171,10,Chưa dùng,Hat4_8,1,395,2,-1,-1,91,-1,3160,2528,226,true,1,91,4,4,1,-1,-1,,Chưa dùng,,"[{""Tag"":""BaseAttribute"",""Attributes"":{""Symbol"":""magic_physdefbase"",""Value"":""298""}},{""Tag"":""BaseAttribute"",""Attributes"":{""Symbol"":""magic_magicdefbase"",""Value"":""298""}}]"
18286,Equip,10470172,10,Chưa dùng,Hat4_8,1,395,2,-1,-1,92,-1,3240,2592,227,true,1,92,4,4,1,-1,-1,,Chưa dùng,,"[{""Tag"":""BaseAttribute"",""Attributes"":{""Symbol"":""magic_physdefbase"",""Value"":""298""}},{""Tag"":""BaseAttribute"",""Attributes"":{""Symbol"":""magic_magicdefbase"",""Value"":""298""}}]"
18287,Equip,10470173,10,Chưa dùng,Hat4_8,1,395,2,-1,-1,93,-1,3320,2656,229,true,1,93,4,4,1,-1,-1,,Chưa dùng,,"[{""Tag"":""BaseAttribute"",""Attributes"":{""Symbol"":""magic_physdefbase"",""Value"":""298""}},{""Tag"":""BaseAttribute"",""Attributes"":{""Symbol"":""magic_magicdefbase"",""Value"":""298""}}]"
18288,Equip,10470174,10,Chưa dùng,Hat4_8,1,395,2,-1,-1,94,-1,3400,2720,230,true,1,94,4,4,1,-1,-1,,Chưa dùng,,"[{""Tag"":""BaseAttribute"",""Attributes"":{""Symbol"":""magic_physdefbase"",""Value"":""298""}},{""Tag"":""BaseAttribute"",""Attributes"":{""Symbol"":""magic_magicdefbase"",""Value"":""298""}}]"
18289,Equip,10470175,10,Chưa dùng,Hat4_8,1,395,2,-1,-1,95,-1,3480,2784,231,true,1,95,4,4,1,-1,-1,,Chưa dùng,,"[{""Tag"":""BaseAttribute"",""Attributes"":{""Symbol"":""magic_physdefbase"",""Value"":""298""}},{""Tag"":""BaseAttribute"",""Attributes"":{""Symbol"":""magic_magicdefbase"",""Value"":""298""}}]"
18290,Equip,10470176,10,Chưa dùng,Hat4_8,1,395,2,-1,-1,96,-1,3560,2848,232,true,1,96,4,4,1,-1,-1,,Chưa dùng,,"[{""Tag"":""BaseAttribute"",""Attributes"":{""Symbol"":""magic_physdefbase"",""Value"":""298""}},{""Tag"":""BaseAttribute"",""Attributes"":{""Symbol"":""magic_magicdefbase"",""Value"":""298""}}]"
18291,Equip,10470177,10,Chưa dùng,Hat4_8,1,395,2,-1,-1,97,-1,3640,2912,234,true,1,97,4,4,1,-1,-1,,Chưa dùng,,"[{""Tag"":""BaseAttribute"",""Attributes"":{""Symbol"":""magic_physdefbase"",""Value"":""298""}},{""Tag"":""BaseAttribute"",""Attributes"":{""Symbol"":""magic_magicdefbase"",""Value"":""298""}}]"
18292,Equip,10470178,10,Chưa dùng,Hat4_8,1,395,2,-1,-1,98,-1,3720,2976,235,true,1,98,4,4,1,-1,-1,,Chưa dùng,,"[{""Tag"":""BaseAttribute"",""Attributes"":{""Symbol"":""magic_physdefbase"",""Value"":""298""}},{""Tag"":""BaseAttribute"",""Attributes"":{""Symbol"":""magic_magicdefbase"",""Value"":""298""}}]"
18293,Equip,10470179,10,Chưa dùng,Hat4_8,1,395,2,-1,-1,99,-1,3800,3040,236,true,1,99,4,4,1,-1,-1,,Chưa dùng,,"[{""Tag"":""BaseAttribute"",""Attributes"":{""Symbol"":""magic_physdefbase"",""Value"":""298""}},{""Tag"":""BaseAttribute"",""Attributes"":{""Symbol"":""magic_magicdefbase"",""Value"":""298""}}]"
18294,Equip,10470180,10,Chưa dùng,Hat4_8,1,395,2,-1,-1,100,-1,4600,3680,237,true,1,100,4,4,1,-1,-1,,Chưa dùng,,"[{""Tag"":""BaseAttribute"",""Attributes"":{""Symbol"":""magic_physdefbase"",""Value"":""330""}},{""Tag"":""BaseAttribute"",""Attributes"":{""Symbol"":""magic_magicdefbase"",""Value"":""330""}}]"
18295,Equip,10470181,10,Chưa dùng,Hat4_9,1,399,2,-1,-1,91,-1,3160,2528,226,true,1,91,4,4,1,-1,-1,,Chưa dùng,,"[{""Tag"":""BaseAttribute"",""Attributes"":{""Symbol"":""magic_physdefbase"",""Value"":""298""}},{""Tag"":""BaseAttribute"",""Attributes"":{""Symbol"":""magic_magicdefbase"",""Value"":""298""}}]"
18296,Equip,10470182,10,Chưa dùng,Hat4_9,1,399,2,-1,-1,92,-1,3240,2592,227,true,1,92,4,4,1,-1,-1,,Chưa dùng,,"[{""Tag"":""BaseAttribute"",""Attributes"":{""Symbol"":""magic_physdefbase"",""Value"":""298""}},{""Tag"":""BaseAttribute"",""Attributes"":{""Symbol"":""magic_magicdefbase"",""Value"":""298""}}]"
18297,Equip,10470183,10,Chưa dùng,Hat4_9,1,399,2,-1,-1,93,-1,3320,2656,229,true,1,93,4,4,1,-1,-1,,Chưa dùng,,"[{""Tag"":""BaseAttribute"",""Attributes"":{""Symbol"":""magic_physdefbase"",""Value"":""298""}},{""Tag"":""BaseAttribute"",""Attributes"":{""Symbol"":""magic_magicdefbase"",""Value"":""298""}}]"
18298,Equip,10470184,10,Chưa dùng,Hat4_9,1,399,2,-1,-1,94,-1,3400,2720,230,true,1,94,4,4,1,-1,-1,,Chưa dùng,,"[{""Tag"":""BaseAttribute"",""Attributes"":{""Symbol"":""magic_physdefbase"",""Value"":""298""}},{""Tag"":""BaseAttribute"",""Attributes"":{""Symbol"":""magic_magicdefbase"",""Value"":""298""}}]"
18299,Equip,10470185,10,Chưa dùng,Hat4_9,1,399,2,-1,-1,95,-1,3480,2784,231,true,1,95,4,4,1,-1,-1,,Chưa dùng,,"[{""Tag"":""BaseAttribute"",""Attributes"":{""Symbol"":""magic_physdefbase"",""Value"":""298""}},{""Tag"":""BaseAttribute"",""Attributes"":{""Symbol"":""magic_magicdefbase"",""Value"":""298""}}]"
18300,Equip,10470186,10,Chưa dùng,Hat4_9,1,399,2,-1,-1,96,-1,3560,2848,232,true,1,96,4,4,1,-1,-1,,Chưa dùng,,"[{""Tag"":""BaseAttribute"",""Attributes"":{""Symbol"":""magic_physdefbase"",""Value"":""298""}},{""Tag"":""BaseAttribute"",""Attributes"":{""Symbol"":""magic_magicdefbase"",""Value"":""298""}}]"
18301,Equip,10470187,10,Chưa dùng,Hat4_9,1,399,2,-1,-1,97,-1,3640,2912,234,true,1,97,4,4,1,-1,-1,,Chưa dùng,,"[{""Tag"":""BaseAttribute"",""Attributes"":{""Symbol"":""magic_physdefbase"",""Value"":""298""}},{""Tag"":""BaseAttribute"",""Attributes"":{""Symbol"":""magic_magicdefbase"",""Value"":""298""}}]"
18302,Equip,10470188,10,Chưa dùng,Hat4_9,1,399,2,-1,-1,98,-1,3720,2976,235,true,1,98,4,4,1,-1,-1,,Chưa dùng,,"[{""Tag"":""BaseAttribute"",""Attributes"":{""Symbol"":""magic_physdefbase"",""Value"":""298""}},{""Tag"":""BaseAttribute"",""Attributes"":{""Symbol"":""magic_magicdefbase"",""Value"":""298""}}]"
18303,Equip,10470189,10,Chưa dùng,Hat4_9,1,399,2,-1,-1,99,-1,3800,3040,236,true,1,99,4,4,1,-1,-1,,Chưa dùng,,"[{""Tag"":""BaseAttribute"",""Attributes"":{""Symbol"":""magic_physdefbase"",""Value"":""298""}},{""Tag"":""BaseAttribute"",""Attributes"":{""Symbol"":""magic_magicdefbase"",""Value"":""298""}}]"
18304,Equip,10470190,10,Chưa dùng,Hat4_9,1,399,2,-1,-1,100,-1,4600,3680,237,true,1,100,4,4,1,-1,-1,,Chưa dùng,,"[{""Tag"":""BaseAttribute"",""Attributes"":{""Symbol"":""magic_physdefbase"",""Value"":""330""}},{""Tag"":""BaseAttribute"",""Attributes"":{""Symbol"":""magic_magicdefbase"",""Value"":""330""}}]"
18305,Equip,10470191,10,Chưa dùng,Hat4_8,1,433,2,-1,-1,91,-1,3160,2528,226,true,1,91,4,4,1,-1,-1,,Chưa dùng,,"[{""Tag"":""BaseAttribute"",""Attributes"":{""Symbol"":""magic_physdefbase"",""Value"":""298""}},{""Tag"":""BaseAttribute"",""Attributes"":{""Symbol"":""magic_magicdefbase"",""Value"":""298""}}]"
18306,Equip,10470192,10,Chưa dùng,Hat4_8,1,433,2,-1,-1,92,-1,3240,2592,227,true,1,92,4,4,1,-1,-1,,Chưa dùng,,"[{""Tag"":""BaseAttribute"",""Attributes"":{""Symbol"":""magic_physdefbase"",""Value"":""298""}},{""Tag"":""BaseAttribute"",""Attributes"":{""Symbol"":""magic_magicdefbase"",""Value"":""298""}}]"
18307,Equip,10470193,10,Chưa dùng,Hat4_8,1,433,2,-1,-1,93,-1,3320,2656,229,true,1,93,4,4,1,-1,-1,,Chưa dùng,,"[{""Tag"":""BaseAttribute"",""Attributes"":{""Symbol"":""magic_physdefbase"",""Value"":""298""}},{""Tag"":""BaseAttribute"",""Attributes"":{""Symbol"":""magic_magicdefbase"",""Value"":""298""}}]"
18308,Equip,10470194,10,Chưa dùng,Hat4_8,1,433,2,-1,-1,94,-1,3400,2720,230,true,1,94,4,4,1,-1,-1,,Chưa dùng,,"[{""Tag"":""BaseAttribute"",""Attributes"":{""Symbol"":""magic_physdefbase"",""Value"":""298""}},{""Tag"":""BaseAttribute"",""Attributes"":{""Symbol"":""magic_magicdefbase"",""Value"":""298""}}]"
18309,Equip,10470195,10,Chưa dùng,Hat4_8,1,433,2,-1,-1,95,-1,3480,2784,231,true,1,95,4,4,1,-1,-1,,Chưa dùng,,"[{""Tag"":""BaseAttribute"",""Attributes"":{""Symbol"":""magic_physdefbase"",""Value"":""298""}},{""Tag"":""BaseAttribute"",""Attributes"":{""Symbol"":""magic_magicdefbase"",""Value"":""298""}}]"
18310,Equip,10470196,10,Chưa dùng,Hat4_8,1,433,2,-1,-1,96,-1,3560,2848,232,true,1,96,4,4,1,-1,-1,,Chưa dùng,,"[{""Tag"":""BaseAttribute"",""Attributes"":{""Symbol"":""magic_physdefbase"",""Value"":""298""}},{""Tag"":""BaseAttribute"",""Attributes"":{""Symbol"":""magic_magicdefbase"",""Value"":""298""}}]"
18311,Equip,10470197,10,Chưa dùng,Hat4_8,1,433,2,-1,-1,97,-1,3640,2912,234,true,1,97,4,4,1,-1,-1,,Chưa dùng,,"[{""Tag"":""BaseAttribute"",""Attributes"":{""Symbol"":""magic_physdefbase"",""Value"":""298""}},{""Tag"":""BaseAttribute"",""Attributes"":{""Symbol"":""magic_magicdefbase"",""Value"":""298""}}]"
18312,Equip,10470198,10,Chưa dùng,Hat4_8,1,433,2,-1,-1,98,-1,3720,2976,235,true,1,98,4,4,1,-1,-1,,Chưa dùng,,"[{""Tag"":""BaseAttribute"",""Attributes"":{""Symbol"":""magic_physdefbase"",""Value"":""298""}},{""Tag"":""BaseAttribute"",""Attributes"":{""Symbol"":""magic_magicdefbase"",""Value"":""298""}}]"
18313,Equip,10470199,10,Chưa dùng,Hat4_8,1,433,2,-1,-1,99,-1,3800,3040,236,true,1,99,4,4,1,-1,-1,,Chưa dùng,,"[{""Tag"":""BaseAttribute"",""Attributes"":{""Symbol"":""magic_physdefbase"",""Value"":""298""}},{""Tag"":""BaseAttribute"",""Attributes"":{""Symbol"":""magic_magicdefbase"",""Value"":""298""}}]"
18314,Equip,10470200,10,Chưa dùng,Hat4_8,1,433,2,-1,-1,100,-1,4600,3680,237,true,1,100,4,4,1,-1,-1,,Chưa dùng,,"[{""Tag"":""BaseAttribute"",""Attributes"":{""Symbol"":""magic_physdefbase"",""Value"":""330""}},{""Tag"":""BaseAttribute"",""Attributes"":{""Symbol"":""magic_magicdefbase"",""Value"":""330""}}]"
18315,Equip,10471000,11,Chưa dùng,Shoes4_9,4,416,2,-1,-1,90,-1,3080,2464,225,true,1,90,4,4,1,-1,-1,,Chưa dùng,,"[{""Tag"":""BaseAttribute"",""Attributes"":{""Symbol"":""magic_physdefbase"",""Value"":""298""}},{""Tag"":""BaseAttribute"",""Attributes"":{""Symbol"":""magic_magicdefbase"",""Value"":""298""}}]"
18316,Equip,10471001,11,Chưa dùng,Shoes4_8,4,416,2,-1,-1,81,-1,2240,1792,214,true,1,81,4,4,1,-1,-1,,Chưa dùng,,"[{""Tag"":""BaseAttribute"",""Attributes"":{""Symbol"":""magic_physdefbase"",""Value"":""266""}},{""Tag"":""BaseAttribute"",""Attributes"":{""Symbol"":""magic_magicdefbase"",""Value"":""266""}}]"
18317,Equip,10471002,11,Chưa dùng,Shoes4_8,4,416,2,-1,-1,82,-1,2310,1848,215,true,1,82,4,4,1,-1,-1,,Chưa dùng,,"[{""Tag"":""BaseAttribute"",""Attributes"":{""Symbol"":""magic_physdefbase"",""Value"":""266""}},{""Tag"":""BaseAttribute"",""Attributes"":{""Symbol"":""magic_magicdefbase"",""Value"":""266""}}]"
18318,Equip,10471003,11,Chưa dùng,Shoes4_8,4,416,2,-1,-1,83,-1,2380,1904,216,true,1,83,4,4,1,-1,-1,,Chưa dùng,,"[{""Tag"":""BaseAttribute"",""Attributes"":{""Symbol"":""magic_physdefbase"",""Value"":""266""}},{""Tag"":""BaseAttribute"",""Attributes"":{""Symbol"":""magic_magicdefbase"",""Value"":""266""}}]"
18319,Equip,10471004,11,Chưa dùng,Shoes4_8,4,416,2,-1,-1,84,-1,2450,1960,217,true,1,84,4,4,1,-1,-1,,Chưa dùng,,"[{""Tag"":""BaseAttribute"",""Attributes"":{""Symbol"":""magic_physdefbase"",""Value"":""266""}},{""Tag"":""BaseAttribute"",""Attributes"":{""Symbol"":""magic_magicdefbase"",""Value"":""266""}}]"
18320,Equip,10471005,11,Chưa dùng,Shoes4_8,4,416,2,-1,-1,85,-1,2520,2016,219,true,1,85,4,4,1,-1,-1,,Chưa dùng,,"[{""Tag"":""BaseAttribute"",""Attributes"":{""Symbol"":""magic_physdefbase"",""Value"":""266""}},{""Tag"":""BaseAttribute"",""Attributes"":{""Symbol"":""magic_magicdefbase"",""Value"":""266""}}]"
18321,Equip,10471006,11,Chưa dùng,Shoes4_8,4,416,2,-1,-1,86,-1,2590,2072,220,true,1,86,4,4,1,-1,-1,,Chưa dùng,,"[{""Tag"":""BaseAttribute"",""Attributes"":{""Symbol"":""magic_physdefbase"",""Value"":""266""}},{""Tag"":""BaseAttribute"",""Attributes"":{""Symbol"":""magic_magicdefbase"",""Value"":""266""}}]"
18322,Equip,10471007,11,Chưa dùng,Shoes4_8,4,416,2,-1,-1,87,-1,2660,2128,221,true,1,87,4,4,1,-1,-1,,Chưa dùng,,"[{""Tag"":""BaseAttribute"",""Attributes"":{""Symbol"":""magic_physdefbase"",""Value"":""266""}},{""Tag"":""BaseAttribute"",""Attributes"":{""Symbol"":""magic_magicdefbase"",""Value"":""266""}}]"
18323,Equip,10471008,11,Chưa dùng,Shoes4_8,4,416,2,-1,-1,88,-1,2730,2184,222,true,1,88,4,4,1,-1,-1,,Chưa dùng,,"[{""Tag"":""BaseAttribute"",""Attributes"":{""Symbol"":""magic_physdefbase"",""Value"":""266""}},{""Tag"":""BaseAttribute"",""Attributes"":{""Symbol"":""magic_magicdefbase"",""Value"":""266""}}]"
18324,Equip,10471009,11,Chưa dùng,Shoes4_8,4,416,2,-1,-1,89,-1,2800,2240,224,true,1,89,4,4,1,-1,-1,,Chưa dùng,,"[{""Tag"":""BaseAttribute"",""Attributes"":{""Symbol"":""magic_physdefbase"",""Value"":""266""}},{""Tag"":""BaseAttribute"",""Attributes"":{""Symbol"":""magic_magicdefbase"",""Value"":""266""}}]"
18325,Equip,10471010,11,Chưa dùng,Shoes4_8,4,416,2,-1,-1,90,-1,3080,2464,225,true,1,90,4,4,1,-1,-1,,Chưa dùng,,"[{""Tag"":""BaseAttribute"",""Attributes"":{""Symbol"":""magic_physdefbase"",""Value"":""298""}},{""Tag"":""BaseAttribute"",""Attributes"":{""Symbol"":""magic_magicdefbase"",""Value"":""298""}}]"
18326,Equip,10471011,11,Chưa dùng,Shoes4_9,4,418,2,-1,-1,81,-1,2240,1792,214,true,1,81,4,4,1,-1,-1,,Chưa dùng,,"[{""Tag"":""BaseAttribute"",""Attributes"":{""Symbol"":""magic_physdefbase"",""Value"":""266""}},{""Tag"":""BaseAttribute"",""Attributes"":{""Symbol"":""magic_magicdefbase"",""Value"":""266""}}]"
18327,Equip,10471012,11,Chưa dùng,Shoes4_9,4,418,2,-1,-1,82,-1,2310,1848,215,true,1,82,4,4,1,-1,-1,,Chưa dùng,,"[{""Tag"":""BaseAttribute"",""Attributes"":{""Symbol"":""magic_physdefbase"",""Value"":""266""}},{""Tag"":""BaseAttribute"",""Attributes"":{""Symbol"":""magic_magicdefbase"",""Value"":""266""}}]"
18328,Equip,10471013,11,Chưa dùng,Shoes4_9,4,418,2,-1,-1,83,-1,2380,1904,216,true,1,83,4,4,1,-1,-1,,Chưa dùng,,"[{""Tag"":""BaseAttribute"",""Attributes"":{""Symbol"":""magic_physdefbase"",""Value"":""266""}},{""Tag"":""BaseAttribute"",""Attributes"":{""Symbol"":""magic_magicdefbase"",""Value"":""266""}}]"
18329,Equip,10471014,11,Chưa dùng,Shoes4_9,4,418,2,-1,-1,84,-1,2450,1960,217,true,1,84,4,4,1,-1,-1,,Chưa dùng,,"[{""Tag"":""BaseAttribute"",""Attributes"":{""Symbol"":""magic_physdefbase"",""Value"":""266""}},{""Tag"":""BaseAttribute"",""Attributes"":{""Symbol"":""magic_magicdefbase"",""Value"":""266""}}]"
18330,Equip,10471015,11,Chưa dùng,Shoes4_9,4,418,2,-1,-1,85,-1,2520,2016,219,true,1,85,4,4,1,-1,-1,,Chưa dùng,,"[{""Tag"":""BaseAttribute"",""Attributes"":{""Symbol"":""magic_physdefbase"",""Value"":""266""}},{""Tag"":""BaseAttribute"",""Attributes"":{""Symbol"":""magic_magicdefbase"",""Value"":""266""}}]"
18331,Equip,10471016,11,Chưa dùng,Shoes4_9,4,418,2,-1,-1,86,-1,2590,2072,220,true,1,86,4,4,1,-1,-1,,Chưa dùng,,"[{""Tag"":""BaseAttribute"",""Attributes"":{""Symbol"":""magic_physdefbase"",""Value"":""266""}},{""Tag"":""BaseAttribute"",""Attributes"":{""Symbol"":""magic_magicdefbase"",""Value"":""266""}}]"
18332,Equip,10471017,11,Chưa dùng,Shoes4_9,4,418,2,-1,-1,87,-1,2660,2128,221,true,1,87,4,4,1,-1,-1,,Chưa dùng,,"[{""Tag"":""BaseAttribute"",""Attributes"":{""Symbol"":""magic_physdefbase"",""Value"":""266""}},{""Tag"":""BaseAttribute"",""Attributes"":{""Symbol"":""magic_magicdefbase"",""Value"":""266""}}]"
18333,Equip,10471018,11,Chưa dùng,Shoes4_9,4,418,2,-1,-1,88,-1,2730,2184,222,true,1,88,4,4,1,-1,-1,,Chưa dùng,,"[{""Tag"":""BaseAttribute"",""Attributes"":{""Symbol"":""magic_physdefbase"",""Value"":""266""}},{""Tag"":""BaseAttribute"",""Attributes"":{""Symbol"":""magic_magicdefbase"",""Value"":""266""}}]"
18334,Equip,10471019,11,Chưa dùng,Shoes4_9,4,418,2,-1,-1,89,-1,2800,2240,224,true,1,89,4,4,1,-1,-1,,Chưa dùng,,"[{""Tag"":""BaseAttribute"",""Attributes"":{""Symbol"":""magic_physdefbase"",""Value"":""266""}},{""Tag"":""BaseAttribute"",""Attributes"":{""Symbol"":""magic_magicdefbase"",""Value"":""266""}}]"
18335,Equip,10471020,11,Chưa dùng,Shoes4_9,4,418,2,-1,-1,90,-1,3080,2464,225,true,1,90,4,4,1,-1,-1,,Chưa dùng,,"[{""Tag"":""BaseAttribute"",""Attributes"":{""Symbol"":""magic_physdefbase"",""Value"":""298""}},{""Tag"":""BaseAttribute"",""Attributes"":{""Symbol"":""magic_magicdefbase"",""Value"":""298""}}]"
18336,Equip,10471021,11,Chưa dùng,Shoes4_8,4,420,2,-1,-1,81,-1,2240,1792,214,true,1,81,4,4,1,-1,-1,,Chưa dùng,,"[{""Tag"":""BaseAttribute"",""Attributes"":{""Symbol"":""magic_physdefbase"",""Value"":""266""}},{""Tag"":""BaseAttribute"",""Attributes"":{""Symbol"":""magic_magicdefbase"",""Value"":""266""}}]"
18337,Equip,10471022,11,Chưa dùng,Shoes4_8,4,420,2,-1,-1,82,-1,2310,1848,215,true,1,82,4,4,1,-1,-1,,Chưa dùng,,"[{""Tag"":""BaseAttribute"",""Attributes"":{""Symbol"":""magic_physdefbase"",""Value"":""266""}},{""Tag"":""BaseAttribute"",""Attributes"":{""Symbol"":""magic_magicdefbase"",""Value"":""266""}}]"
18338,Equip,10471023,11,Chưa dùng,Shoes4_8,4,420,2,-1,-1,83,-1,2380,1904,216,true,1,83,4,4,1,-1,-1,,Chưa dùng,,"[{""Tag"":""BaseAttribute"",""Attributes"":{""Symbol"":""magic_physdefbase"",""Value"":""266""}},{""Tag"":""BaseAttribute"",""Attributes"":{""Symbol"":""magic_magicdefbase"",""Value"":""266""}}]"
18339,Equip,10471024,11,Chưa dùng,Shoes4_8,4,420,2,-1,-1,84,-1,2450,1960,217,true,1,84,4,4,1,-1,-1,,Chưa dùng,,"[{""Tag"":""BaseAttribute"",""Attributes"":{""Symbol"":""magic_physdefbase"",""Value"":""266""}},{""Tag"":""BaseAttribute"",""Attributes"":{""Symbol"":""magic_magicdefbase"",""Value"":""266""}}]"
18340,Equip,10471025,11,Chưa dùng,Shoes4_8,4,420,2,-1,-1,85,-1,2520,2016,219,true,1,85,4,4,1,-1,-1,,Chưa dùng,,"[{""Tag"":""BaseAttribute"",""Attributes"":{""Symbol"":""magic_physdefbase"",""Value"":""266""}},{""Tag"":""BaseAttribute"",""Attributes"":{""Symbol"":""magic_magicdefbase"",""Value"":""266""}}]"
18341,Equip,10471026,11,Chưa dùng,Shoes4_8,4,420,2,-1,-1,86,-1,2590,2072,220,true,1,86,4,4,1,-1,-1,,Chưa dùng,,"[{""Tag"":""BaseAttribute"",""Attributes"":{""Symbol"":""magic_physdefbase"",""Value"":""266""}},{""Tag"":""BaseAttribute"",""Attributes"":{""Symbol"":""magic_magicdefbase"",""Value"":""266""}}]"
18342,Equip,10471027,11,Chưa dùng,Shoes4_8,4,420,2,-1,-1,87,-1,2660,2128,221,true,1,87,4,4,1,-1,-1,,Chưa dùng,,"[{""Tag"":""BaseAttribute"",""Attributes"":{""Symbol"":""magic_physdefbase"",""Value"":""266""}},{""Tag"":""BaseAttribute"",""Attributes"":{""Symbol"":""magic_magicdefbase"",""Value"":""266""}}]"
18343,Equip,10471028,11,Chưa dùng,Shoes4_8,4,420,2,-1,-1,88,-1,2730,2184,222,true,1,88,4,4,1,-1,-1,,Chưa dùng,,"[{""Tag"":""BaseAttribute"",""Attributes"":{""Symbol"":""magic_physdefbase"",""Value"":""266""}},{""Tag"":""BaseAttribute"",""Attributes"":{""Symbol"":""magic_magicdefbase"",""Value"":""266""}}]"
18344,Equip,10471029,11,Chưa dùng,Shoes4_8,4,420,2,-1,-1,89,-1,2800,2240,224,true,1,89,4,4,1,-1,-1,,Chưa dùng,,"[{""Tag"":""BaseAttribute"",""Attributes"":{""Symbol"":""magic_physdefbase"",""Value"":""266""}},{""Tag"":""BaseAttribute"",""Attributes"":{""Symbol"":""magic_magicdefbase"",""Value"":""266""}}]"
18345,Equip,10471030,11,Chưa dùng,Shoes4_8,4,420,2,-1,-1,90,-1,3080,2464,225,true,1,90,4,4,1,-1,-1,,Chưa dùng,,"[{""Tag"":""BaseAttribute"",""Attributes"":{""Symbol"":""magic_physdefbase"",""Value"":""298""}},{""Tag"":""BaseAttribute"",""Attributes"":{""Symbol"":""magic_magicdefbase"",""Value"":""298""}}]"
18346,Equip,10471031,11,Chưa dùng,Shoes4_9,4,371,2,-1,-1,81,-1,2240,1792,214,true,1,81,4,4,1,-1,-1,,Chưa dùng,,"[{""Tag"":""BaseAttribute"",""Attributes"":{""Symbol"":""magic_physdefbase"",""Value"":""266""}},{""Tag"":""BaseAttribute"",""Attributes"":{""Symbol"":""magic_magicdefbase"",""Value"":""266""}}]"
18347,Equip,10471032,11,Chưa dùng,Shoes4_9,4,371,2,-1,-1,82,-1,2310,1848,215,true,1,82,4,4,1,-1,-1,,Chưa dùng,,"[{""Tag"":""BaseAttribute"",""Attributes"":{""Symbol"":""magic_physdefbase"",""Value"":""266""}},{""Tag"":""BaseAttribute"",""Attributes"":{""Symbol"":""magic_magicdefbase"",""Value"":""266""}}]"
18348,Equip,10471033,11,Chưa dùng,Shoes4_9,4,371,2,-1,-1,83,-1,2380,1904,216,true,1,83,4,4,1,-1,-1,,Chưa dùng,,"[{""Tag"":""BaseAttribute"",""Attributes"":{""Symbol"":""magic_physdefbase"",""Value"":""266""}},{""Tag"":""BaseAttribute"",""Attributes"":{""Symbol"":""magic_magicdefbase"",""Value"":""266""}}]"
18349,Equip,10471034,11,Chưa dùng,Shoes4_9,4,371,2,-1,-1,84,-1,2450,1960,217,true,1,84,4,4,1,-1,-1,,Chưa dùng,,"[{""Tag"":""BaseAttribute"",""Attributes"":{""Symbol"":""magic_physdefbase"",""Value"":""266""}},{""Tag"":""BaseAttribute"",""Attributes"":{""Symbol"":""magic_magicdefbase"",""Value"":""266""}}]"
18350,Equip,10471035,11,Chưa dùng,Shoes4_9,4,371,2,-1,-1,85,-1,2520,2016,219,true,1,85,4,4,1,-1,-1,,Chưa dùng,,"[{""Tag"":""BaseAttribute"",""Attributes"":{""Symbol"":""magic_physdefbase"",""Value"":""266""}},{""Tag"":""BaseAttribute"",""Attributes"":{""Symbol"":""magic_magicdefbase"",""Value"":""266""}}]"
18351,Equip,10471036,11,Chưa dùng,Shoes4_9,4,371,2,-1,-1,86,-1,2590,2072,220,true,1,86,4,4,1,-1,-1,,Chưa dùng,,"[{""Tag"":""BaseAttribute"",""Attributes"":{""Symbol"":""magic_physdefbase"",""Value"":""266""}},{""Tag"":""BaseAttribute"",""Attributes"":{""Symbol"":""magic_magicdefbase"",""Value"":""266""}}]"
18352,Equip,10471037,11,Chưa dùng,Shoes4_9,4,371,2,-1,-1,87,-1,2660,2128,221,true,1,87,4,4,1,-1,-1,,Chưa dùng,,"[{""Tag"":""BaseAttribute"",""Attributes"":{""Symbol"":""magic_physdefbase"",""Value"":""266""}},{""Tag"":""BaseAttribute"",""Attributes"":{""Symbol"":""magic_magicdefbase"",""Value"":""266""}}]"
18353,Equip,10471038,11,Chưa dùng,Shoes4_9,4,371,2,-1,-1,88,-1,2730,2184,222,true,1,88,4,4,1,-1,-1,,Chưa dùng,,"[{""Tag"":""BaseAttribute"",""Attributes"":{""Symbol"":""magic_physdefbase"",""Value"":""266""}},{""Tag"":""BaseAttribute"",""Attributes"":{""Symbol"":""magic_magicdefbase"",""Value"":""266""}}]"
18354,Equip,10471039,11,Chưa dùng,Shoes4_9,4,371,2,-1,-1,89,-1,2800,2240,224,true,1,89,4,4,1,-1,-1,,Chưa dùng,,"[{""Tag"":""BaseAttribute"",""Attributes"":{""Symbol"":""magic_physdefbase"",""Value"":""266""}},{""Tag"":""BaseAttribute"",""Attributes"":{""Symbol"":""magic_magicdefbase"",""Value"":""266""}}]"
18355,Equip,10471040,11,Chưa dùng,Shoes4_9,4,371,2,-1,-1,90,-1,3080,2464,225,true,1,90,4,4,1,-1,-1,,Chưa dùng,,"[{""Tag"":""BaseAttribute"",""Attributes"":{""Symbol"":""magic_physdefbase"",""Value"":""298""}},{""Tag"":""BaseAttribute"",""Attributes"":{""Symbol"":""magic_magicdefbase"",""Value"":""298""}}]"
18356,Equip,10471041,11,Chưa dùng,Shoes4_8,4,416,2,-1,-1,81,-1,2240,1792,214,true,1,81,4,4,1,-1,-1,,Chưa dùng,,"[{""Tag"":""BaseAttribute"",""Attributes"":{""Symbol"":""magic_physdefbase"",""Value"":""266""}},{""Tag"":""BaseAttribute"",""Attributes"":{""Symbol"":""magic_magicdefbase"",""Value"":""266""}}]"
18357,Equip,10471042,11,Chưa dùng,Shoes4_8,4,416,2,-1,-1,82,-1,2310,1848,215,true,1,82,4,4,1,-1,-1,,Chưa dùng,,"[{""Tag"":""BaseAttribute"",""Attributes"":{""Symbol"":""magic_physdefbase"",""Value"":""266""}},{""Tag"":""BaseAttribute"",""Attributes"":{""Symbol"":""magic_magicdefbase"",""Value"":""266""}}]"
18358,Equip,10471043,11,Chưa dùng,Shoes4_8,4,416,2,-1,-1,83,-1,2380,1904,216,true,1,83,4,4,1,-1,-1,,Chưa dùng,,"[{""Tag"":""BaseAttribute"",""Attributes"":{""Symbol"":""magic_physdefbase"",""Value"":""266""}},{""Tag"":""BaseAttribute"",""Attributes"":{""Symbol"":""magic_magicdefbase"",""Value"":""266""}}]"
18359,Equip,10471044,11,Chưa dùng,Shoes4_8,4,416,2,-1,-1,84,-1,2450,1960,217,true,1,84,4,4,1,-1,-1,,Chưa dùng,,"[{""Tag"":""BaseAttribute"",""Attributes"":{""Symbol"":""magic_physdefbase"",""Value"":""266""}},{""Tag"":""BaseAttribute"",""Attributes"":{""Symbol"":""magic_magicdefbase"",""Value"":""266""}}]"
18360,Equip,10471045,11,Chưa dùng,Shoes4_8,4,416,2,-1,-1,85,-1,2520,2016,219,true,1,85,4,4,1,-1,-1,,Chưa dùng,,"[{""Tag"":""BaseAttribute"",""Attributes"":{""Symbol"":""magic_physdefbase"",""Value"":""266""}},{""Tag"":""BaseAttribute"",""Attributes"":{""Symbol"":""magic_magicdefbase"",""Value"":""266""}}]"
18361,Equip,10471046,11,Chưa dùng,Shoes4_8,4,416,2,-1,-1,86,-1,2590,2072,220,true,1,86,4,4,1,-1,-1,,Chưa dùng,,"[{""Tag"":""BaseAttribute"",""Attributes"":{""Symbol"":""magic_physdefbase"",""Value"":""266""}},{""Tag"":""BaseAttribute"",""Attributes"":{""Symbol"":""magic_magicdefbase"",""Value"":""266""}}]"
18362,Equip,10471047,11,Chưa dùng,Shoes4_8,4,416,2,-1,-1,87,-1,2660,2128,221,true,1,87,4,4,1,-1,-1,,Chưa dùng,,"[{""Tag"":""BaseAttribute"",""Attributes"":{""Symbol"":""magic_physdefbase"",""Value"":""266""}},{""Tag"":""BaseAttribute"",""Attributes"":{""Symbol"":""magic_magicdefbase"",""Value"":""266""}}]"
18363,Equip,10471048,11,Chưa dùng,Shoes4_8,4,416,2,-1,-1,88,-1,2730,2184,222,true,1,88,4,4,1,-1,-1,,Chưa dùng,,"[{""Tag"":""BaseAttribute"",""Attributes"":{""Symbol"":""magic_physdefbase"",""Value"":""266""}},{""Tag"":""BaseAttribute"",""Attributes"":{""Symbol"":""magic_magicdefbase"",""Value"":""266""}}]"
18364,Equip,10471049,11,Chưa dùng,Shoes4_8,4,416,2,-1,-1,89,-1,2800,2240,224,true,1,89,4,4,1,-1,-1,,Chưa dùng,,"[{""Tag"":""BaseAttribute"",""Attributes"":{""Symbol"":""magic_physdefbase"",""Value"":""266""}},{""Tag"":""BaseAttribute"",""Attributes"":{""Symbol"":""magic_magicdefbase"",""Value"":""266""}}]"
18365,Equip,10471050,11,Chưa dùng,Shoes4_8,4,416,2,-1,-1,90,-1,3080,2464,225,true,1,90,4,4,1,-1,-1,,Chưa dùng,,"[{""Tag"":""BaseAttribute"",""Attributes"":{""Symbol"":""magic_physdefbase"",""Value"":""298""}},{""Tag"":""BaseAttribute"",""Attributes"":{""Symbol"":""magic_magicdefbase"",""Value"":""298""}}]"
18366,Equip,10471051,11,Chưa dùng,Shoes4_13,4,375,2,-1,-1,91,-1,3160,2528,226,true,1,91,4,4,1,-1,-1,,Chưa dùng,,"[{""Tag"":""BaseAttribute"",""Attributes"":{""Symbol"":""magic_physdefbase"",""Value"":""298""}},{""Tag"":""BaseAttribute"",""Attributes"":{""Symbol"":""magic_magicdefbase"",""Value"":""298""}}]"
18367,Equip,10471052,11,Chưa dùng,Shoes4_13,4,375,2,-1,-1,92,-1,3240,2592,227,true,1,92,4,4,1,-1,-1,,Chưa dùng,,"[{""Tag"":""BaseAttribute"",""Attributes"":{""Symbol"":""magic_physdefbase"",""Value"":""298""}},{""Tag"":""BaseAttribute"",""Attributes"":{""Symbol"":""magic_magicdefbase"",""Value"":""298""}}]"
18368,Equip,10471053,11,Chưa dùng,Shoes4_13,4,375,2,-1,-1,93,-1,3320,2656,229,true,1,93,4,4,1,-1,-1,,Chưa dùng,,"[{""Tag"":""BaseAttribute"",""Attributes"":{""Symbol"":""magic_physdefbase"",""Value"":""298""}},{""Tag"":""BaseAttribute"",""Attributes"":{""Symbol"":""magic_magicdefbase"",""Value"":""298""}}]"
18369,Equip,10471054,11,Chưa dùng,Shoes4_13,4,375,2,-1,-1,94,-1,3400,2720,230,true,1,94,4,4,1,-1,-1,,Chưa dùng,,"[{""Tag"":""BaseAttribute"",""Attributes"":{""Symbol"":""magic_physdefbase"",""Value"":""298""}},{""Tag"":""BaseAttribute"",""Attributes"":{""Symbol"":""magic_magicdefbase"",""Value"":""298""}}]"
18370,Equip,10471055,11,Chưa dùng,Shoes4_13,4,375,2,-1,-1,95,-1,3480,2784,231,true,1,95,4,4,1,-1,-1,,Chưa dùng,,"[{""Tag"":""BaseAttribute"",""Attributes"":{""Symbol"":""magic_physdefbase"",""Value"":""298""}},{""Tag"":""BaseAttribute"",""Attributes"":{""Symbol"":""magic_magicdefbase"",""Value"":""298""}}]"
18371,Equip,10471056,11,Chưa dùng,Shoes4_13,4,375,2,-1,-1,96,-1,3560,2848,232,true,1,96,4,4,1,-1,-1,,Chưa dùng,,"[{""Tag"":""BaseAttribute"",""Attributes"":{""Symbol"":""magic_physdefbase"",""Value"":""298""}},{""Tag"":""BaseAttribute"",""Attributes"":{""Symbol"":""magic_magicdefbase"",""Value"":""298""}}]"
18372,Equip,10471057,11,Chưa dùng,Shoes4_13,4,375,2,-1,-1,97,-1,3640,2912,234,true,1,97,4,4,1,-1,-1,,Chưa dùng,,"[{""Tag"":""BaseAttribute"",""Attributes"":{""Symbol"":""magic_physdefbase"",""Value"":""298""}},{""Tag"":""BaseAttribute"",""Attributes"":{""Symbol"":""magic_magicdefbase"",""Value"":""298""}}]"
18373,Equip,10471058,11,Chưa dùng,Shoes4_13,4,375,2,-1,-1,98,-1,3720,2976,235,true,1,98,4,4,1,-1,-1,,Chưa dùng,,"[{""Tag"":""BaseAttribute"",""Attributes"":{""Symbol"":""magic_physdefbase"",""Value"":""298""}},{""Tag"":""BaseAttribute"",""Attributes"":{""Symbol"":""magic_magicdefbase"",""Value"":""298""}}]"
18374,Equip,10471059,11,Chưa dùng,Shoes4_13,4,375,2,-1,-1,99,-1,3800,3040,236,true,1,99,4,4,1,-1,-1,,Chưa dùng,,"[{""Tag"":""BaseAttribute"",""Attributes"":{""Symbol"":""magic_physdefbase"",""Value"":""298""}},{""Tag"":""BaseAttribute"",""Attributes"":{""Symbol"":""magic_magicdefbase"",""Value"":""298""}}]"
18375,Equip,10471060,11,Chưa dùng,Shoes4_13,4,375,2,-1,-1,100,-1,4600,3680,237,true,1,100,4,4,1,-1,-1,,Chưa dùng,,"[{""Tag"":""BaseAttribute"",""Attributes"":{""Symbol"":""magic_physdefbase"",""Value"":""330""}},{""Tag"":""BaseAttribute"",""Attributes"":{""Symbol"":""magic_magicdefbase"",""Value"":""330""}}]"
18376,Equip,10471061,11,Chưa dùng,Shoes4_14,4,379,2,-1,-1,91,-1,3160,2528,226,true,1,91,4,4,1,-1,-1,,Chưa dùng,,"[{""Tag"":""BaseAttribute"",""Attributes"":{""Symbol"":""magic_physdefbase"",""Value"":""298""}},{""Tag"":""BaseAttribute"",""Attributes"":{""Symbol"":""magic_magicdefbase"",""Value"":""298""}}]"
18377,Equip,10471062,11,Chưa dùng,Shoes4_14,4,379,2,-1,-1,92,-1,3240,2592,227,true,1,92,4,4,1,-1,-1,,Chưa dùng,,"[{""Tag"":""BaseAttribute"",""Attributes"":{""Symbol"":""magic_physdefbase"",""Value"":""298""}},{""Tag"":""BaseAttribute"",""Attributes"":{""Symbol"":""magic_magicdefbase"",""Value"":""298""}}]"
18378,Equip,10471063,11,Chưa dùng,Shoes4_14,4,379,2,-1,-1,93,-1,3320,2656,229,true,1,93,4,4,1,-1,-1,,Chưa dùng,,"[{""Tag"":""BaseAttribute"",""Attributes"":{""Symbol"":""magic_physdefbase"",""Value"":""298""}},{""Tag"":""BaseAttribute"",""Attributes"":{""Symbol"":""magic_magicdefbase"",""Value"":""298""}}]"
18379,Equip,10471064,11,Chưa dùng,Shoes4_14,4,379,2,-1,-1,94,-1,3400,2720,230,true,1,94,4,4,1,-1,-1,,Chưa dùng,,"[{""Tag"":""BaseAttribute"",""Attributes"":{""Symbol"":""magic_physdefbase"",""Value"":""298""}},{""Tag"":""BaseAttribute"",""Attributes"":{""Symbol"":""magic_magicdefbase"",""Value"":""298""}}]"
18380,Equip,10471065,11,Chưa dùng,Shoes4_14,4,379,2,-1,-1,95,-1,3480,2784,231,true,1,95,4,4,1,-1,-1,,Chưa dùng,,"[{""Tag"":""BaseAttribute"",""Attributes"":{""Symbol"":""magic_physdefbase"",""Value"":""298""}},{""Tag"":""BaseAttribute"",""Attributes"":{""Symbol"":""magic_magicdefbase"",""Value"":""298""}}]"
18381,Equip,10471066,11,Chưa dùng,Shoes4_14,4,379,2,-1,-1,96,-1,3560,2848,232,true,1,96,4,4,1,-1,-1,,Chưa dùng,,"[{""Tag"":""BaseAttribute"",""Attributes"":{""Symbol"":""magic_physdefbase"",""Value"":""298""}},{""Tag"":""BaseAttribute"",""Attributes"":{""Symbol"":""magic_magicdefbase"",""Value"":""298""}}]"
18382,Equip,10471067,11,Chưa dùng,Shoes4_14,4,379,2,-1,-1,97,-1,3640,2912,234,true,1,97,4,4,1,-1,-1,,Chưa dùng,,"[{""Tag"":""BaseAttribute"",""Attributes"":{""Symbol"":""magic_physdefbase"",""Value"":""298""}},{""Tag"":""BaseAttribute"",""Attributes"":{""Symbol"":""magic_magicdefbase"",""Value"":""298""}}]"
18383,Equip,10471068,11,Chưa dùng,Shoes4_14,4,379,2,-1,-1,98,-1,3720,2976,235,true,1,98,4,4,1,-1,-1,,Chưa dùng,,"[{""Tag"":""BaseAttribute"",""Attributes"":{""Symbol"":""magic_physdefbase"",""Value"":""298""}},{""Tag"":""BaseAttribute"",""Attributes"":{""Symbol"":""magic_magicdefbase"",""Value"":""298""}}]"
18384,Equip,10471069,11,Chưa dùng,Shoes4_14,4,379,2,-1,-1,99,-1,3800,3040,236,true,1,99,4,4,1,-1,-1,,Chưa dùng,,"[{""Tag"":""BaseAttribute"",""Attributes"":{""Symbol"":""magic_physdefbase"",""Value"":""298""}},{""Tag"":""BaseAttribute"",""Attributes"":{""Symbol"":""magic_magicdefbase"",""Value"":""298""}}]"
18385,Equip,10471070,11,Chưa dùng,Shoes4_14,4,379,2,-1,-1,100,-1,4600,3680,237,true,1,100,4,4,1,-1,-1,,Chưa dùng,,"[{""Tag"":""BaseAttribute"",""Attributes"":{""Symbol"":""magic_physdefbase"",""Value"":""330""}},{""Tag"":""BaseAttribute"",""Attributes"":{""Symbol"":""magic_magicdefbase"",""Value"":""330""}}]"
18386,Equip,10471071,11,Chưa dùng,Shoes4_13,4,413,2,-1,-1,91,-1,3160,2528,226,true,1,91,4,4,1,-1,-1,,Chưa dùng,,"[{""Tag"":""BaseAttribute"",""Attributes"":{""Symbol"":""magic_physdefbase"",""Value"":""298""}},{""Tag"":""BaseAttribute"",""Attributes"":{""Symbol"":""magic_magicdefbase"",""Value"":""298""}}]"
18387,Equip,10471072,11,Chưa dùng,Shoes4_13,4,413,2,-1,-1,92,-1,3240,2592,227,true,1,92,4,4,1,-1,-1,,Chưa dùng,,"[{""Tag"":""BaseAttribute"",""Attributes"":{""Symbol"":""magic_physdefbase"",""Value"":""298""}},{""Tag"":""BaseAttribute"",""Attributes"":{""Symbol"":""magic_magicdefbase"",""Value"":""298""}}]"
18388,Equip,10471073,11,Chưa dùng,Shoes4_13,4,413,2,-1,-1,93,-1,3320,2656,229,true,1,93,4,4,1,-1,-1,,Chưa dùng,,"[{""Tag"":""BaseAttribute"",""Attributes"":{""Symbol"":""magic_physdefbase"",""Value"":""298""}},{""Tag"":""BaseAttribute"",""Attributes"":{""Symbol"":""magic_magicdefbase"",""Value"":""298""}}]"
18389,Equip,10471074,11,Chưa dùng,Shoes4_13,4,413,2,-1,-1,94,-1,3400,2720,230,true,1,94,4,4,1,-1,-1,,Chưa dùng,,"[{""Tag"":""BaseAttribute"",""Attributes"":{""Symbol"":""magic_physdefbase"",""Value"":""298""}},{""Tag"":""BaseAttribute"",""Attributes"":{""Symbol"":""magic_magicdefbase"",""Value"":""298""}}]"
18390,Equip,10471075,11,Chưa dùng,Shoes4_13,4,413,2,-1,-1,95,-1,3480,2784,231,true,1,95,4,4,1,-1,-1,,Chưa dùng,,"[{""Tag"":""BaseAttribute"",""Attributes"":{""Symbol"":""magic_physdefbase"",""Value"":""298""}},{""Tag"":""BaseAttribute"",""Attributes"":{""Symbol"":""magic_magicdefbase"",""Value"":""298""}}]"
18391,Equip,10471076,11,Chưa dùng,Shoes4_13,4,413,2,-1,-1,96,-1,3560,2848,232,true,1,96,4,4,1,-1,-1,,Chưa dùng,,"[{""Tag"":""BaseAttribute"",""Attributes"":{""Symbol"":""magic_physdefbase"",""Value"":""298""}},{""Tag"":""BaseAttribute"",""Attributes"":{""Symbol"":""magic_magicdefbase"",""Value"":""298""}}]"
18392,Equip,10471077,11,Chưa dùng,Shoes4_13,4,413,2,-1,-1,97,-1,3640,2912,234,true,1,97,4,4,1,-1,-1,,Chưa dùng,,"[{""Tag"":""BaseAttribute"",""Attributes"":{""Symbol"":""magic_physdefbase"",""Value"":""298""}},{""Tag"":""BaseAttribute"",""Attributes"":{""Symbol"":""magic_magicdefbase"",""Value"":""298""}}]"
18393,Equip,10471078,11,Chưa dùng,Shoes4_13,4,413,2,-1,-1,98,-1,3720,2976,235,true,1,98,4,4,1,-1,-1,,Chưa dùng,,"[{""Tag"":""BaseAttribute"",""Attributes"":{""Symbol"":""magic_physdefbase"",""Value"":""298""}},{""Tag"":""BaseAttribute"",""Attributes"":{""Symbol"":""magic_magicdefbase"",""Value"":""298""}}]"
18394,Equip,10471079,11,Chưa dùng,Shoes4_13,4,413,2,-1,-1,99,-1,3800,3040,236,true,1,99,4,4,1,-1,-1,,Chưa dùng,,"[{""Tag"":""BaseAttribute"",""Attributes"":{""Symbol"":""magic_physdefbase"",""Value"":""298""}},{""Tag"":""BaseAttribute"",""Attributes"":{""Symbol"":""magic_magicdefbase"",""Value"":""298""}}]"
18395,Equip,10471080,11,Chưa dùng,Shoes4_13,4,413,2,-1,-1,100,-1,4600,3680,237,true,1,100,4,4,1,-1,-1,,Chưa dùng,,"[{""Tag"":""BaseAttribute"",""Attributes"":{""Symbol"":""magic_physdefbase"",""Value"":""330""}},{""Tag"":""BaseAttribute"",""Attributes"":{""Symbol"":""magic_magicdefbase"",""Value"":""330""}}]"
18396,Equip,10471081,11,Chưa dùng,Shoes4_14,4,417,2,-1,-1,91,-1,3160,2528,226,true,1,91,4,4,1,-1,-1,,Chưa dùng,,"[{""Tag"":""BaseAttribute"",""Attributes"":{""Symbol"":""magic_physdefbase"",""Value"":""298""}},{""Tag"":""BaseAttribute"",""Attributes"":{""Symbol"":""magic_magicdefbase"",""Value"":""298""}}]"
18397,Equip,10471082,11,Chưa dùng,Shoes4_14,4,417,2,-1,-1,92,-1,3240,2592,227,true,1,92,4,4,1,-1,-1,,Chưa dùng,,"[{""Tag"":""BaseAttribute"",""Attributes"":{""Symbol"":""magic_physdefbase"",""Value"":""298""}},{""Tag"":""BaseAttribute"",""Attributes"":{""Symbol"":""magic_magicdefbase"",""Value"":""298""}}]"
18398,Equip,10471083,11,Chưa dùng,Shoes4_14,4,417,2,-1,-1,93,-1,3320,2656,229,true,1,93,4,4,1,-1,-1,,Chưa dùng,,"[{""Tag"":""BaseAttribute"",""Attributes"":{""Symbol"":""magic_physdefbase"",""Value"":""298""}},{""Tag"":""BaseAttribute"",""Attributes"":{""Symbol"":""magic_magicdefbase"",""Value"":""298""}}]"
18399,Equip,10471084,11,Chưa dùng,Shoes4_14,4,417,2,-1,-1,94,-1,3400,2720,230,true,1,94,4,4,1,-1,-1,,Chưa dùng,,"[{""Tag"":""BaseAttribute"",""Attributes"":{""Symbol"":""magic_physdefbase"",""Value"":""298""}},{""Tag"":""BaseAttribute"",""Attributes"":{""Symbol"":""magic_magicdefbase"",""Value"":""298""}}]"
18400,Equip,10471085,11,Chưa dùng,Shoes4_14,4,417,2,-1,-1,95,-1,3480,2784,231,true,1,95,4,4,1,-1,-1,,Chưa dùng,,"[{""Tag"":""BaseAttribute"",""Attributes"":{""Symbol"":""magic_physdefbase"",""Value"":""298""}},{""Tag"":""BaseAttribute"",""Attributes"":{""Symbol"":""magic_magicdefbase"",""Value"":""298""}}]"
18401,Equip,10471086,11,Chưa dùng,Shoes4_14,4,417,2,-1,-1,96,-1,3560,2848,232,true,1,96,4,4,1,-1,-1,,Chưa dùng,,"[{""Tag"":""BaseAttribute"",""Attributes"":{""Symbol"":""magic_physdefbase"",""Value"":""298""}},{""Tag"":""BaseAttribute"",""Attributes"":{""Symbol"":""magic_magicdefbase"",""Value"":""298""}}]"
18402,Equip,10471087,11,Chưa dùng,Shoes4_14,4,417,2,-1,-1,97,-1,3640,2912,234,true,1,97,4,4,1,-1,-1,,Chưa dùng,,"[{""Tag"":""BaseAttribute"",""Attributes"":{""Symbol"":""magic_physdefbase"",""Value"":""298""}},{""Tag"":""BaseAttribute"",""Attributes"":{""Symbol"":""magic_magicdefbase"",""Value"":""298""}}]"
18403,Equip,10471088,11,Chưa dùng,Shoes4_14,4,417,2,-1,-1,98,-1,3720,2976,235,true,1,98,4,4,1,-1,-1,,Chưa dùng,,"[{""Tag"":""BaseAttribute"",""Attributes"":{""Symbol"":""magic_physdefbase"",""Value"":""298""}},{""Tag"":""BaseAttribute"",""Attributes"":{""Symbol"":""magic_magicdefbase"",""Value"":""298""}}]"
18404,Equip,10471089,11,Chưa dùng,Shoes4_14,4,417,2,-1,-1,99,-1,3800,3040,236,true,1,99,4,4,1,-1,-1,,Chưa dùng,,"[{""Tag"":""BaseAttribute"",""Attributes"":{""Symbol"":""magic_physdefbase"",""Value"":""298""}},{""Tag"":""BaseAttribute"",""Attributes"":{""Symbol"":""magic_magicdefbase"",""Value"":""298""}}]"
18405,Equip,10471090,11,Chưa dùng,Shoes4_14,4,417,2,-1,-1,100,-1,4600,3680,237,true,1,100,4,4,1,-1,-1,,Chưa dùng,,"[{""Tag"":""BaseAttribute"",""Attributes"":{""Symbol"":""magic_physdefbase"",""Value"":""330""}},{""Tag"":""BaseAttribute"",""Attributes"":{""Symbol"":""magic_magicdefbase"",""Value"":""330""}}]"
18406,Equip,10471091,11,Chưa dùng,Shoes4_13,4,375,2,-1,-1,91,-1,3160,2528,226,true,1,91,4,4,1,-1,-1,,Chưa dùng,,"[{""Tag"":""BaseAttribute"",""Attributes"":{""Symbol"":""magic_physdefbase"",""Value"":""298""}},{""Tag"":""BaseAttribute"",""Attributes"":{""Symbol"":""magic_magicdefbase"",""Value"":""298""}}]"
18407,Equip,10471092,11,Chưa dùng,Shoes4_13,4,375,2,-1,-1,92,-1,3240,2592,227,true,1,92,4,4,1,-1,-1,,Chưa dùng,,"[{""Tag"":""BaseAttribute"",""Attributes"":{""Symbol"":""magic_physdefbase"",""Value"":""298""}},{""Tag"":""BaseAttribute"",""Attributes"":{""Symbol"":""magic_magicdefbase"",""Value"":""298""}}]"
18408,Equip,10471093,11,Chưa dùng,Shoes4_13,4,375,2,-1,-1,93,-1,3320,2656,229,true,1,93,4,4,1,-1,-1,,Chưa dùng,,"[{""Tag"":""BaseAttribute"",""Attributes"":{""Symbol"":""magic_physdefbase"",""Value"":""298""}},{""Tag"":""BaseAttribute"",""Attributes"":{""Symbol"":""magic_magicdefbase"",""Value"":""298""}}]"
18409,Equip,10471094,11,Chưa dùng,Shoes4_13,4,375,2,-1,-1,94,-1,3400,2720,230,true,1,94,4,4,1,-1,-1,,Chưa dùng,,"[{""Tag"":""BaseAttribute"",""Attributes"":{""Symbol"":""magic_physdefbase"",""Value"":""298""}},{""Tag"":""BaseAttribute"",""Attributes"":{""Symbol"":""magic_magicdefbase"",""Value"":""298""}}]"
18410,Equip,10471095,11,Chưa dùng,Shoes4_13,4,375,2,-1,-1,95,-1,3480,2784,231,true,1,95,4,4,1,-1,-1,,Chưa dùng,,"[{""Tag"":""BaseAttribute"",""Attributes"":{""Symbol"":""magic_physdefbase"",""Value"":""298""}},{""Tag"":""BaseAttribute"",""Attributes"":{""Symbol"":""magic_magicdefbase"",""Value"":""298""}}]"
18411,Equip,10471096,11,Chưa dùng,Shoes4_13,4,375,2,-1,-1,96,-1,3560,2848,232,true,1,96,4,4,1,-1,-1,,Chưa dùng,,"[{""Tag"":""BaseAttribute"",""Attributes"":{""Symbol"":""magic_physdefbase"",""Value"":""298""}},{""Tag"":""BaseAttribute"",""Attributes"":{""Symbol"":""magic_magicdefbase"",""Value"":""298""}}]"
18412,Equip,10471097,11,Chưa dùng,Shoes4_13,4,375,2,-1,-1,97,-1,3640,2912,234,true,1,97,4,4,1,-1,-1,,Chưa dùng,,"[{""Tag"":""BaseAttribute"",""Attributes"":{""Symbol"":""magic_physdefbase"",""Value"":""298""}},{""Tag"":""BaseAttribute"",""Attributes"":{""Symbol"":""magic_magicdefbase"",""Value"":""298""}}]"
18413,Equip,10471098,11,Chưa dùng,Shoes4_13,4,375,2,-1,-1,98,-1,3720,2976,235,true,1,98,4,4,1,-1,-1,,Chưa dùng,,"[{""Tag"":""BaseAttribute"",""Attributes"":{""Symbol"":""magic_physdefbase"",""Value"":""298""}},{""Tag"":""BaseAttribute"",""Attributes"":{""Symbol"":""magic_magicdefbase"",""Value"":""298""}}]"
18414,Equip,10471099,11,Chưa dùng,Shoes4_13,4,375,2,-1,-1,99,-1,3800,3040,236,true,1,99,4,4,1,-1,-1,,Chưa dùng,,"[{""Tag"":""BaseAttribute"",""Attributes"":{""Symbol"":""magic_physdefbase"",""Value"":""298""}},{""Tag"":""BaseAttribute"",""Attributes"":{""Symbol"":""magic_magicdefbase"",""Value"":""298""}}]"
18415,Equip,10471100,11,Chưa dùng,Shoes4_13,4,375,2,-1,-1,100,-1,4600,3680,237,true,1,100,4,4,1,-1,-1,,Chưa dùng,,"[{""Tag"":""BaseAttribute"",""Attributes"":{""Symbol"":""magic_physdefbase"",""Value"":""330""}},{""Tag"":""BaseAttribute"",""Attributes"":{""Symbol"":""magic_magicdefbase"",""Value"":""330""}}]"
18416,Equip,10471101,11,Chưa dùng,Shoes4_14,4,379,2,-1,-1,91,-1,3160,2528,226,true,1,91,4,4,1,-1,-1,,Chưa dùng,,"[{""Tag"":""BaseAttribute"",""Attributes"":{""Symbol"":""magic_physdefbase"",""Value"":""298""}},{""Tag"":""BaseAttribute"",""Attributes"":{""Symbol"":""magic_magicdefbase"",""Value"":""298""}}]"
18417,Equip,10471102,11,Chưa dùng,Shoes4_14,4,379,2,-1,-1,92,-1,3240,2592,227,true,1,92,4,4,1,-1,-1,,Chưa dùng,,"[{""Tag"":""BaseAttribute"",""Attributes"":{""Symbol"":""magic_physdefbase"",""Value"":""298""}},{""Tag"":""BaseAttribute"",""Attributes"":{""Symbol"":""magic_magicdefbase"",""Value"":""298""}}]"
18418,Equip,10471103,11,Chưa dùng,Shoes4_14,4,379,2,-1,-1,93,-1,3320,2656,229,true,1,93,4,4,1,-1,-1,,Chưa dùng,,"[{""Tag"":""BaseAttribute"",""Attributes"":{""Symbol"":""magic_physdefbase"",""Value"":""298""}},{""Tag"":""BaseAttribute"",""Attributes"":{""Symbol"":""magic_magicdefbase"",""Value"":""298""}}]"
18419,Equip,10471104,11,Chưa dùng,Shoes4_14,4,379,2,-1,-1,94,-1,3400,2720,230,true,1,94,4,4,1,-1,-1,,Chưa dùng,,"[{""Tag"":""BaseAttribute"",""Attributes"":{""Symbol"":""magic_physdefbase"",""Value"":""298""}},{""Tag"":""BaseAttribute"",""Attributes"":{""Symbol"":""magic_magicdefbase"",""Value"":""298""}}]"
18420,Equip,10471105,11,Chưa dùng,Shoes4_14,4,379,2,-1,-1,95,-1,3480,2784,231,true,1,95,4,4,1,-1,-1,,Chưa dùng,,"[{""Tag"":""BaseAttribute"",""Attributes"":{""Symbol"":""magic_physdefbase"",""Value"":""298""}},{""Tag"":""BaseAttribute"",""Attributes"":{""Symbol"":""magic_magicdefbase"",""Value"":""298""}}]"
18421,Equip,10471106,11,Chưa dùng,Shoes4_14,4,379,2,-1,-1,96,-1,3560,2848,232,true,1,96,4,4,1,-1,-1,,Chưa dùng,,"[{""Tag"":""BaseAttribute"",""Attributes"":{""Symbol"":""magic_physdefbase"",""Value"":""298""}},{""Tag"":""BaseAttribute"",""Attributes"":{""Symbol"":""magic_magicdefbase"",""Value"":""298""}}]"
18422,Equip,10471107,11,Chưa dùng,Shoes4_14,4,379,2,-1,-1,97,-1,3640,2912,234,true,1,97,4,4,1,-1,-1,,Chưa dùng,,"[{""Tag"":""BaseAttribute"",""Attributes"":{""Symbol"":""magic_physdefbase"",""Value"":""298""}},{""Tag"":""BaseAttribute"",""Attributes"":{""Symbol"":""magic_magicdefbase"",""Value"":""298""}}]"
18423,Equip,10471108,11,Chưa dùng,Shoes4_14,4,379,2,-1,-1,98,-1,3720,2976,235,true,1,98,4,4,1,-1,-1,,Chưa dùng,,"[{""Tag"":""BaseAttribute"",""Attributes"":{""Symbol"":""magic_physdefbase"",""Value"":""298""}},{""Tag"":""BaseAttribute"",""Attributes"":{""Symbol"":""magic_magicdefbase"",""Value"":""298""}}]"
18424,Equip,10471109,11,Chưa dùng,Shoes4_14,4,379,2,-1,-1,99,-1,3800,3040,236,true,1,99,4,4,1,-1,-1,,Chưa dùng,,"[{""Tag"":""BaseAttribute"",""Attributes"":{""Symbol"":""magic_physdefbase"",""Value"":""298""}},{""Tag"":""BaseAttribute"",""Attributes"":{""Symbol"":""magic_magicdefbase"",""Value"":""298""}}]"
18425,Equip,10471110,11,Chưa dùng,Shoes4_14,4,379,2,-1,-1,100,-1,4600,3680,237,true,1,100,4,4,1,-1,-1,,Chưa dùng,,"[{""Tag"":""BaseAttribute"",""Attributes"":{""Symbol"":""magic_physdefbase"",""Value"":""330""}},{""Tag"":""BaseAttribute"",""Attributes"":{""Symbol"":""magic_magicdefbase"",""Value"":""330""}}]"
18426,Equip,10471111,11,Chưa dùng,Shoes4_13,4,413,2,-1,-1,91,-1,3160,2528,226,true,1,91,4,4,1,-1,-1,,Chưa dùng,,"[{""Tag"":""BaseAttribute"",""Attributes"":{""Symbol"":""magic_physdefbase"",""Value"":""298""}},{""Tag"":""BaseAttribute"",""Attributes"":{""Symbol"":""magic_magicdefbase"",""Value"":""298""}}]"
18427,Equip,10471112,11,Chưa dùng,Shoes4_13,4,413,2,-1,-1,92,-1,3240,2592,227,true,1,92,4,4,1,-1,-1,,Chưa dùng,,"[{""Tag"":""BaseAttribute"",""Attributes"":{""Symbol"":""magic_physdefbase"",""Value"":""298""}},{""Tag"":""BaseAttribute"",""Attributes"":{""Symbol"":""magic_magicdefbase"",""Value"":""298""}}]"
18428,Equip,10471113,11,Chưa dùng,Shoes4_13,4,413,2,-1,-1,93,-1,3320,2656,229,true,1,93,4,4,1,-1,-1,,Chưa dùng,,"[{""Tag"":""BaseAttribute"",""Attributes"":{""Symbol"":""magic_physdefbase"",""Value"":""298""}},{""Tag"":""BaseAttribute"",""Attributes"":{""Symbol"":""magic_magicdefbase"",""Value"":""298""}}]"
18429,Equip,10471114,11,Chưa dùng,Shoes4_13,4,413,2,-1,-1,94,-1,3400,2720,230,true,1,94,4,4,1,-1,-1,,Chưa dùng,,"[{""Tag"":""BaseAttribute"",""Attributes"":{""Symbol"":""magic_physdefbase"",""Value"":""298""}},{""Tag"":""BaseAttribute"",""Attributes"":{""Symbol"":""magic_magicdefbase"",""Value"":""298""}}]"
18430,Equip,10471115,11,Chưa dùng,Shoes4_13,4,413,2,-1,-1,95,-1,3480,2784,231,true,1,95,4,4,1,-1,-1,,Chưa dùng,,"[{""Tag"":""BaseAttribute"",""Attributes"":{""Symbol"":""magic_physdefbase"",""Value"":""298""}},{""Tag"":""BaseAttribute"",""Attributes"":{""Symbol"":""magic_magicdefbase"",""Value"":""298""}}]"
18431,Equip,10471116,11,Chưa dùng,Shoes4_13,4,413,2,-1,-1,96,-1,3560,2848,232,true,1,96,4,4,1,-1,-1,,Chưa dùng,,"[{""Tag"":""BaseAttribute"",""Attributes"":{""Symbol"":""magic_physdefbase"",""Value"":""298""}},{""Tag"":""BaseAttribute"",""Attributes"":{""Symbol"":""magic_magicdefbase"",""Value"":""298""}}]"
18432,Equip,10471117,11,Chưa dùng,Shoes4_13,4,413,2,-1,-1,97,-1,3640,2912,234,true,1,97,4,4,1,-1,-1,,Chưa dùng,,"[{""Tag"":""BaseAttribute"",""Attributes"":{""Symbol"":""magic_physdefbase"",""Value"":""298""}},{""Tag"":""BaseAttribute"",""Attributes"":{""Symbol"":""magic_magicdefbase"",""Value"":""298""}}]"
18433,Equip,10471118,11,Chưa dùng,Shoes4_13,4,413,2,-1,-1,98,-1,3720,2976,235,true,1,98,4,4,1,-1,-1,,Chưa dùng,,"[{""Tag"":""BaseAttribute"",""Attributes"":{""Symbol"":""magic_physdefbase"",""Value"":""298""}},{""Tag"":""BaseAttribute"",""Attributes"":{""Symbol"":""magic_magicdefbase"",""Value"":""298""}}]"
18434,Equip,10471119,11,Chưa dùng,Shoes4_13,4,413,2,-1,-1,99,-1,3800,3040,236,true,1,99,4,4,1,-1,-1,,Chưa dùng,,"[{""Tag"":""BaseAttribute"",""Attributes"":{""Symbol"":""magic_physdefbase"",""Value"":""298""}},{""Tag"":""BaseAttribute"",""Attributes"":{""Symbol"":""magic_magicdefbase"",""Value"":""298""}}]"
18435,Equip,10471120,11,Chưa dùng,Shoes4_13,4,413,2,-1,-1,100,-1,4600,3680,237,true,1,100,4,4,1,-1,-1,,Chưa dùng,,"[{""Tag"":""BaseAttribute"",""Attributes"":{""Symbol"":""magic_physdefbase"",""Value"":""330""}},{""Tag"":""BaseAttribute"",""Attributes"":{""Symbol"":""magic_magicdefbase"",""Value"":""330""}}]"
18436,Equip,10471121,11,Chưa dùng,Shoes4_14,4,417,2,-1,-1,91,-1,3160,2528,226,true,1,91,4,4,1,-1,-1,,Chưa dùng,,"[{""Tag"":""BaseAttribute"",""Attributes"":{""Symbol"":""magic_physdefbase"",""Value"":""298""}},{""Tag"":""BaseAttribute"",""Attributes"":{""Symbol"":""magic_magicdefbase"",""Value"":""298""}}]"
18437,Equip,10471122,11,Chưa dùng,Shoes4_14,4,417,2,-1,-1,92,-1,3240,2592,227,true,1,92,4,4,1,-1,-1,,Chưa dùng,,"[{""Tag"":""BaseAttribute"",""Attributes"":{""Symbol"":""magic_physdefbase"",""Value"":""298""}},{""Tag"":""BaseAttribute"",""Attributes"":{""Symbol"":""magic_magicdefbase"",""Value"":""298""}}]"
18438,Equip,10471123,11,Chưa dùng,Shoes4_14,4,417,2,-1,-1,93,-1,3320,2656,229,true,1,93,4,4,1,-1,-1,,Chưa dùng,,"[{""Tag"":""BaseAttribute"",""Attributes"":{""Symbol"":""magic_physdefbase"",""Value"":""298""}},{""Tag"":""BaseAttribute"",""Attributes"":{""Symbol"":""magic_magicdefbase"",""Value"":""298""}}]"
18439,Equip,10471124,11,Chưa dùng,Shoes4_14,4,417,2,-1,-1,94,-1,3400,2720,230,true,1,94,4,4,1,-1,-1,,Chưa dùng,,"[{""Tag"":""BaseAttribute"",""Attributes"":{""Symbol"":""magic_physdefbase"",""Value"":""298""}},{""Tag"":""BaseAttribute"",""Attributes"":{""Symbol"":""magic_magicdefbase"",""Value"":""298""}}]"
18440,Equip,10471125,11,Chưa dùng,Shoes4_14,4,417,2,-1,-1,95,-1,3480,2784,231,true,1,95,4,4,1,-1,-1,,Chưa dùng,,"[{""Tag"":""BaseAttribute"",""Attributes"":{""Symbol"":""magic_physdefbase"",""Value"":""298""}},{""Tag"":""BaseAttribute"",""Attributes"":{""Symbol"":""magic_magicdefbase"",""Value"":""298""}}]"
18441,Equip,10471126,11,Chưa dùng,Shoes4_14,4,417,2,-1,-1,96,-1,3560,2848,232,true,1,96,4,4,1,-1,-1,,Chưa dùng,,"[{""Tag"":""BaseAttribute"",""Attributes"":{""Symbol"":""magic_physdefbase"",""Value"":""298""}},{""Tag"":""BaseAttribute"",""Attributes"":{""Symbol"":""magic_magicdefbase"",""Value"":""298""}}]"
18442,Equip,10471127,11,Chưa dùng,Shoes4_14,4,417,2,-1,-1,97,-1,3640,2912,234,true,1,97,4,4,1,-1,-1,,Chưa dùng,,"[{""Tag"":""BaseAttribute"",""Attributes"":{""Symbol"":""magic_physdefbase"",""Value"":""298""}},{""Tag"":""BaseAttribute"",""Attributes"":{""Symbol"":""magic_magicdefbase"",""Value"":""298""}}]"
18443,Equip,10471128,11,Chưa dùng,Shoes4_14,4,417,2,-1,-1,98,-1,3720,2976,235,true,1,98,4,4,1,-1,-1,,Chưa dùng,,"[{""Tag"":""BaseAttribute"",""Attributes"":{""Symbol"":""magic_physdefbase"",""Value"":""298""}},{""Tag"":""BaseAttribute"",""Attributes"":{""Symbol"":""magic_magicdefbase"",""Value"":""298""}}]"
18444,Equip,10471129,11,Chưa dùng,Shoes4_14,4,417,2,-1,-1,99,-1,3800,3040,236,true,1,99,4,4,1,-1,-1,,Chưa dùng,,"[{""Tag"":""BaseAttribute"",""Attributes"":{""Symbol"":""magic_physdefbase"",""Value"":""298""}},{""Tag"":""BaseAttribute"",""Attributes"":{""Symbol"":""magic_magicdefbase"",""Value"":""298""}}]"
18445,Equip,10471130,11,Chưa dùng,Shoes4_14,4,417,2,-1,-1,100,-1,4600,3680,237,true,1,100,4,4,1,-1,-1,,Chưa dùng,,"[{""Tag"":""BaseAttribute"",""Attributes"":{""Symbol"":""magic_physdefbase"",""Value"":""330""}},{""Tag"":""BaseAttribute"",""Attributes"":{""Symbol"":""magic_magicdefbase"",""Value"":""330""}}]"
18446,Equip,10471131,11,Chưa dùng,Shoes4_13,4,375,2,-1,-1,91,-1,3160,2528,226,true,1,91,4,4,1,-1,-1,,Chưa dùng,,"[{""Tag"":""BaseAttribute"",""Attributes"":{""Symbol"":""magic_physdefbase"",""Value"":""298""}},{""Tag"":""BaseAttribute"",""Attributes"":{""Symbol"":""magic_magicdefbase"",""Value"":""298""}}]"
18447,Equip,10471132,11,Chưa dùng,Shoes4_13,4,375,2,-1,-1,92,-1,3240,2592,227,true,1,92,4,4,1,-1,-1,,Chưa dùng,,"[{""Tag"":""BaseAttribute"",""Attributes"":{""Symbol"":""magic_physdefbase"",""Value"":""298""}},{""Tag"":""BaseAttribute"",""Attributes"":{""Symbol"":""magic_magicdefbase"",""Value"":""298""}}]"
18448,Equip,10471133,11,Chưa dùng,Shoes4_13,4,375,2,-1,-1,93,-1,3320,2656,229,true,1,93,4,4,1,-1,-1,,Chưa dùng,,"[{""Tag"":""BaseAttribute"",""Attributes"":{""Symbol"":""magic_physdefbase"",""Value"":""298""}},{""Tag"":""BaseAttribute"",""Attributes"":{""Symbol"":""magic_magicdefbase"",""Value"":""298""}}]"
18449,Equip,10471134,11,Chưa dùng,Shoes4_13,4,375,2,-1,-1,94,-1,3400,2720,230,true,1,94,4,4,1,-1,-1,,Chưa dùng,,"[{""Tag"":""BaseAttribute"",""Attributes"":{""Symbol"":""magic_physdefbase"",""Value"":""298""}},{""Tag"":""BaseAttribute"",""Attributes"":{""Symbol"":""magic_magicdefbase"",""Value"":""298""}}]"
18450,Equip,10471135,11,Chưa dùng,Shoes4_13,4,375,2,-1,-1,95,-1,3480,2784,231,true,1,95,4,4,1,-1,-1,,Chưa dùng,,"[{""Tag"":""BaseAttribute"",""Attributes"":{""Symbol"":""magic_physdefbase"",""Value"":""298""}},{""Tag"":""BaseAttribute"",""Attributes"":{""Symbol"":""magic_magicdefbase"",""Value"":""298""}}]"
18451,Equip,10471136,11,Chưa dùng,Shoes4_13,4,375,2,-1,-1,96,-1,3560,2848,232,true,1,96,4,4,1,-1,-1,,Chưa dùng,,"[{""Tag"":""BaseAttribute"",""Attributes"":{""Symbol"":""magic_physdefbase"",""Value"":""298""}},{""Tag"":""BaseAttribute"",""Attributes"":{""Symbol"":""magic_magicdefbase"",""Value"":""298""}}]"
18452,Equip,10471137,11,Chưa dùng,Shoes4_13,4,375,2,-1,-1,97,-1,3640,2912,234,true,1,97,4,4,1,-1,-1,,Chưa dùng,,"[{""Tag"":""BaseAttribute"",""Attributes"":{""Symbol"":""magic_physdefbase"",""Value"":""298""}},{""Tag"":""BaseAttribute"",""Attributes"":{""Symbol"":""magic_magicdefbase"",""Value"":""298""}}]"
18453,Equip,10471138,11,Chưa dùng,Shoes4_13,4,375,2,-1,-1,98,-1,3720,2976,235,true,1,98,4,4,1,-1,-1,,Chưa dùng,,"[{""Tag"":""BaseAttribute"",""Attributes"":{""Symbol"":""magic_physdefbase"",""Value"":""298""}},{""Tag"":""BaseAttribute"",""Attributes"":{""Symbol"":""magic_magicdefbase"",""Value"":""298""}}]"
18454,Equip,10471139,11,Chưa dùng,Shoes4_13,4,375,2,-1,-1,99,-1,3800,3040,236,true,1,99,4,4,1,-1,-1,,Chưa dùng,,"[{""Tag"":""BaseAttribute"",""Attributes"":{""Symbol"":""magic_physdefbase"",""Value"":""298""}},{""Tag"":""BaseAttribute"",""Attributes"":{""Symbol"":""magic_magicdefbase"",""Value"":""298""}}]"
18455,Equip,10471140,11,Chưa dùng,Shoes4_13,4,375,2,-1,-1,100,-1,4600,3680,237,true,1,100,4,4,1,-1,-1,,Chưa dùng,,"[{""Tag"":""BaseAttribute"",""Attributes"":{""Symbol"":""magic_physdefbase"",""Value"":""330""}},{""Tag"":""BaseAttribute"",""Attributes"":{""Symbol"":""magic_magicdefbase"",""Value"":""330""}}]"
18456,Equip,10471141,11,Chưa dùng,Shoes4_14,4,379,2,-1,-1,91,-1,3160,2528,226,true,1,91,4,4,1,-1,-1,,Chưa dùng,,"[{""Tag"":""BaseAttribute"",""Attributes"":{""Symbol"":""magic_physdefbase"",""Value"":""298""}},{""Tag"":""BaseAttribute"",""Attributes"":{""Symbol"":""magic_magicdefbase"",""Value"":""298""}}]"
18457,Equip,10471142,11,Chưa dùng,Shoes4_14,4,379,2,-1,-1,92,-1,3240,2592,227,true,1,92,4,4,1,-1,-1,,Chưa dùng,,"[{""Tag"":""BaseAttribute"",""Attributes"":{""Symbol"":""magic_physdefbase"",""Value"":""298""}},{""Tag"":""BaseAttribute"",""Attributes"":{""Symbol"":""magic_magicdefbase"",""Value"":""298""}}]"
18458,Equip,10471143,11,Chưa dùng,Shoes4_14,4,379,2,-1,-1,93,-1,3320,2656,229,true,1,93,4,4,1,-1,-1,,Chưa dùng,,"[{""Tag"":""BaseAttribute"",""Attributes"":{""Symbol"":""magic_physdefbase"",""Value"":""298""}},{""Tag"":""BaseAttribute"",""Attributes"":{""Symbol"":""magic_magicdefbase"",""Value"":""298""}}]"
18459,Equip,10471144,11,Chưa dùng,Shoes4_14,4,379,2,-1,-1,94,-1,3400,2720,230,true,1,94,4,4,1,-1,-1,,Chưa dùng,,"[{""Tag"":""BaseAttribute"",""Attributes"":{""Symbol"":""magic_physdefbase"",""Value"":""298""}},{""Tag"":""BaseAttribute"",""Attributes"":{""Symbol"":""magic_magicdefbase"",""Value"":""298""}}]"
18460,Equip,10471145,11,Chưa dùng,Shoes4_14,4,379,2,-1,-1,95,-1,3480,2784,231,true,1,95,4,4,1,-1,-1,,Chưa dùng,,"[{""Tag"":""BaseAttribute"",""Attributes"":{""Symbol"":""magic_physdefbase"",""Value"":""298""}},{""Tag"":""BaseAttribute"",""Attributes"":{""Symbol"":""magic_magicdefbase"",""Value"":""298""}}]"
18461,Equip,10471146,11,Chưa dùng,Shoes4_14,4,379,2,-1,-1,96,-1,3560,2848,232,true,1,96,4,4,1,-1,-1,,Chưa dùng,,"[{""Tag"":""BaseAttribute"",""Attributes"":{""Symbol"":""magic_physdefbase"",""Value"":""298""}},{""Tag"":""BaseAttribute"",""Attributes"":{""Symbol"":""magic_magicdefbase"",""Value"":""298""}}]"
18462,Equip,10471147,11,Chưa dùng,Shoes4_14,4,379,2,-1,-1,97,-1,3640,2912,234,true,1,97,4,4,1,-1,-1,,Chưa dùng,,"[{""Tag"":""BaseAttribute"",""Attributes"":{""Symbol"":""magic_physdefbase"",""Value"":""298""}},{""Tag"":""BaseAttribute"",""Attributes"":{""Symbol"":""magic_magicdefbase"",""Value"":""298""}}]"
18463,Equip,10471148,11,Chưa dùng,Shoes4_14,4,379,2,-1,-1,98,-1,3720,2976,235,true,1,98,4,4,1,-1,-1,,Chưa dùng,,"[{""Tag"":""BaseAttribute"",""Attributes"":{""Symbol"":""magic_physdefbase"",""Value"":""298""}},{""Tag"":""BaseAttribute"",""Attributes"":{""Symbol"":""magic_magicdefbase"",""Value"":""298""}}]"
18464,Equip,10471149,11,Chưa dùng,Shoes4_14,4,379,2,-1,-1,99,-1,3800,3040,236,true,1,99,4,4,1,-1,-1,,Chưa dùng,,"[{""Tag"":""BaseAttribute"",""Attributes"":{""Symbol"":""magic_physdefbase"",""Value"":""298""}},{""Tag"":""BaseAttribute"",""Attributes"":{""Symbol"":""magic_magicdefbase"",""Value"":""298""}}]"
18465,Equip,10471150,11,Chưa dùng,Shoes4_14,4,379,2,-1,-1,100,-1,4600,3680,237,true,1,100,4,4,1,-1,-1,,Chưa dùng,,"[{""Tag"":""BaseAttribute"",""Attributes"":{""Symbol"":""magic_physdefbase"",""Value"":""330""}},{""Tag"":""BaseAttribute"",""Attributes"":{""Symbol"":""magic_magicdefbase"",""Value"":""330""}}]"
18466,Equip,10471151,11,Chưa dùng,Shoes4_13,4,413,2,-1,-1,91,-1,3160,2528,226,true,1,91,4,4,1,-1,-1,,Chưa dùng,,"[{""Tag"":""BaseAttribute"",""Attributes"":{""Symbol"":""magic_physdefbase"",""Value"":""298""}},{""Tag"":""BaseAttribute"",""Attributes"":{""Symbol"":""magic_magicdefbase"",""Value"":""298""}}]"
18467,Equip,10471152,11,Chưa dùng,Shoes4_13,4,413,2,-1,-1,92,-1,3240,2592,227,true,1,92,4,4,1,-1,-1,,Chưa dùng,,"[{""Tag"":""BaseAttribute"",""Attributes"":{""Symbol"":""magic_physdefbase"",""Value"":""298""}},{""Tag"":""BaseAttribute"",""Attributes"":{""Symbol"":""magic_magicdefbase"",""Value"":""298""}}]"
18468,Equip,10471153,11,Chưa dùng,Shoes4_13,4,413,2,-1,-1,93,-1,3320,2656,229,true,1,93,4,4,1,-1,-1,,Chưa dùng,,"[{""Tag"":""BaseAttribute"",""Attributes"":{""Symbol"":""magic_physdefbase"",""Value"":""298""}},{""Tag"":""BaseAttribute"",""Attributes"":{""Symbol"":""magic_magicdefbase"",""Value"":""298""}}]"
18469,Equip,10471154,11,Chưa dùng,Shoes4_13,4,413,2,-1,-1,94,-1,3400,2720,230,true,1,94,4,4,1,-1,-1,,Chưa dùng,,"[{""Tag"":""BaseAttribute"",""Attributes"":{""Symbol"":""magic_physdefbase"",""Value"":""298""}},{""Tag"":""BaseAttribute"",""Attributes"":{""Symbol"":""magic_magicdefbase"",""Value"":""298""}}]"
18470,Equip,10471155,11,Chưa dùng,Shoes4_13,4,413,2,-1,-1,95,-1,3480,2784,231,true,1,95,4,4,1,-1,-1,,Chưa dùng,,"[{""Tag"":""BaseAttribute"",""Attributes"":{""Symbol"":""magic_physdefbase"",""Value"":""298""}},{""Tag"":""BaseAttribute"",""Attributes"":{""Symbol"":""magic_magicdefbase"",""Value"":""298""}}]"
18471,Equip,10471156,11,Chưa dùng,Shoes4_13,4,413,2,-1,-1,96,-1,3560,2848,232,true,1,96,4,4,1,-1,-1,,Chưa dùng,,"[{""Tag"":""BaseAttribute"",""Attributes"":{""Symbol"":""magic_physdefbase"",""Value"":""298""}},{""Tag"":""BaseAttribute"",""Attributes"":{""Symbol"":""magic_magicdefbase"",""Value"":""298""}}]"
18472,Equip,10471157,11,Chưa dùng,Shoes4_13,4,413,2,-1,-1,97,-1,3640,2912,234,true,1,97,4,4,1,-1,-1,,Chưa dùng,,"[{""Tag"":""BaseAttribute"",""Attributes"":{""Symbol"":""magic_physdefbase"",""Value"":""298""}},{""Tag"":""BaseAttribute"",""Attributes"":{""Symbol"":""magic_magicdefbase"",""Value"":""298""}}]"
18473,Equip,10471158,11,Chưa dùng,Shoes4_13,4,413,2,-1,-1,98,-1,3720,2976,235,true,1,98,4,4,1,-1,-1,,Chưa dùng,,"[{""Tag"":""BaseAttribute"",""Attributes"":{""Symbol"":""magic_physdefbase"",""Value"":""298""}},{""Tag"":""BaseAttribute"",""Attributes"":{""Symbol"":""magic_magicdefbase"",""Value"":""298""}}]"
18474,Equip,10471159,11,Chưa dùng,Shoes4_13,4,413,2,-1,-1,99,-1,3800,3040,236,true,1,99,4,4,1,-1,-1,,Chưa dùng,,"[{""Tag"":""BaseAttribute"",""Attributes"":{""Symbol"":""magic_physdefbase"",""Value"":""298""}},{""Tag"":""BaseAttribute"",""Attributes"":{""Symbol"":""magic_magicdefbase"",""Value"":""298""}}]"
18475,Equip,10471160,11,Chưa dùng,Shoes4_13,4,413,2,-1,-1,100,-1,4600,3680,237,true,1,100,4,4,1,-1,-1,,Chưa dùng,,"[{""Tag"":""BaseAttribute"",""Attributes"":{""Symbol"":""magic_physdefbase"",""Value"":""330""}},{""Tag"":""BaseAttribute"",""Attributes"":{""Symbol"":""magic_magicdefbase"",""Value"":""330""}}]"
18476,Equip,10471161,11,Chưa dùng,Shoes4_14,4,417,2,-1,-1,91,-1,3160,2528,226,true,1,91,4,4,1,-1,-1,,Chưa dùng,,"[{""Tag"":""BaseAttribute"",""Attributes"":{""Symbol"":""magic_physdefbase"",""Value"":""298""}},{""Tag"":""BaseAttribute"",""Attributes"":{""Symbol"":""magic_magicdefbase"",""Value"":""298""}}]"
18477,Equip,10471162,11,Chưa dùng,Shoes4_14,4,417,2,-1,-1,92,-1,3240,2592,227,true,1,92,4,4,1,-1,-1,,Chưa dùng,,"[{""Tag"":""BaseAttribute"",""Attributes"":{""Symbol"":""magic_physdefbase"",""Value"":""298""}},{""Tag"":""BaseAttribute"",""Attributes"":{""Symbol"":""magic_magicdefbase"",""Value"":""298""}}]"
18478,Equip,10471163,11,Chưa dùng,Shoes4_14,4,417,2,-1,-1,93,-1,3320,2656,229,true,1,93,4,4,1,-1,-1,,Chưa dùng,,"[{""Tag"":""BaseAttribute"",""Attributes"":{""Symbol"":""magic_physdefbase"",""Value"":""298""}},{""Tag"":""BaseAttribute"",""Attributes"":{""Symbol"":""magic_magicdefbase"",""Value"":""298""}}]"
18479,Equip,10471164,11,Chưa dùng,Shoes4_14,4,417,2,-1,-1,94,-1,3400,2720,230,true,1,94,4,4,1,-1,-1,,Chưa dùng,,"[{""Tag"":""BaseAttribute"",""Attributes"":{""Symbol"":""magic_physdefbase"",""Value"":""298""}},{""Tag"":""BaseAttribute"",""Attributes"":{""Symbol"":""magic_magicdefbase"",""Value"":""298""}}]"
18480,Equip,10471165,11,Chưa dùng,Shoes4_14,4,417,2,-1,-1,95,-1,3480,2784,231,true,1,95,4,4,1,-1,-1,,Chưa dùng,,"[{""Tag"":""BaseAttribute"",""Attributes"":{""Symbol"":""magic_physdefbase"",""Value"":""298""}},{""Tag"":""BaseAttribute"",""Attributes"":{""Symbol"":""magic_magicdefbase"",""Value"":""298""}}]"
18481,Equip,10471166,11,Chưa dùng,Shoes4_14,4,417,2,-1,-1,96,-1,3560,2848,232,true,1,96,4,4,1,-1,-1,,Chưa dùng,,"[{""Tag"":""BaseAttribute"",""Attributes"":{""Symbol"":""magic_physdefbase"",""Value"":""298""}},{""Tag"":""BaseAttribute"",""Attributes"":{""Symbol"":""magic_magicdefbase"",""Value"":""298""}}]"
18482,Equip,10471167,11,Chưa dùng,Shoes4_14,4,417,2,-1,-1,97,-1,3640,2912,234,true,1,97,4,4,1,-1,-1,,Chưa dùng,,"[{""Tag"":""BaseAttribute"",""Attributes"":{""Symbol"":""magic_physdefbase"",""Value"":""298""}},{""Tag"":""BaseAttribute"",""Attributes"":{""Symbol"":""magic_magicdefbase"",""Value"":""298""}}]"
18483,Equip,10471168,11,Chưa dùng,Shoes4_14,4,417,2,-1,-1,98,-1,3720,2976,235,true,1,98,4,4,1,-1,-1,,Chưa dùng,,"[{""Tag"":""BaseAttribute"",""Attributes"":{""Symbol"":""magic_physdefbase"",""Value"":""298""}},{""Tag"":""BaseAttribute"",""Attributes"":{""Symbol"":""magic_magicdefbase"",""Value"":""298""}}]"
18484,Equip,10471169,11,Chưa dùng,Shoes4_14,4,417,2,-1,-1,99,-1,3800,3040,236,true,1,99,4,4,1,-1,-1,,Chưa dùng,,"[{""Tag"":""BaseAttribute"",""Attributes"":{""Symbol"":""magic_physdefbase"",""Value"":""298""}},{""Tag"":""BaseAttribute"",""Attributes"":{""Symbol"":""magic_magicdefbase"",""Value"":""298""}}]"
18485,Equip,10471170,11,Chưa dùng,Shoes4_14,4,417,2,-1,-1,100,-1,4600,3680,237,true,1,100,4,4,1,-1,-1,,Chưa dùng,,"[{""Tag"":""BaseAttribute"",""Attributes"":{""Symbol"":""magic_physdefbase"",""Value"":""330""}},{""Tag"":""BaseAttribute"",""Attributes"":{""Symbol"":""magic_magicdefbase"",""Value"":""330""}}]"
18486,Equip,10471171,11,Chưa dùng,Shoes4_13,4,375,2,-1,-1,91,-1,3160,2528,226,true,1,91,4,4,1,-1,-1,,Chưa dùng,,"[{""Tag"":""BaseAttribute"",""Attributes"":{""Symbol"":""magic_physdefbase"",""Value"":""298""}},{""Tag"":""BaseAttribute"",""Attributes"":{""Symbol"":""magic_magicdefbase"",""Value"":""298""}}]"
18487,Equip,10471172,11,Chưa dùng,Shoes4_13,4,375,2,-1,-1,92,-1,3240,2592,227,true,1,92,4,4,1,-1,-1,,Chưa dùng,,"[{""Tag"":""BaseAttribute"",""Attributes"":{""Symbol"":""magic_physdefbase"",""Value"":""298""}},{""Tag"":""BaseAttribute"",""Attributes"":{""Symbol"":""magic_magicdefbase"",""Value"":""298""}}]"
18488,Equip,10471173,11,Chưa dùng,Shoes4_13,4,375,2,-1,-1,93,-1,3320,2656,229,true,1,93,4,4,1,-1,-1,,Chưa dùng,,"[{""Tag"":""BaseAttribute"",""Attributes"":{""Symbol"":""magic_physdefbase"",""Value"":""298""}},{""Tag"":""BaseAttribute"",""Attributes"":{""Symbol"":""magic_magicdefbase"",""Value"":""298""}}]"
18489,Equip,10471174,11,Chưa dùng,Shoes4_13,4,375,2,-1,-1,94,-1,3400,2720,230,true,1,94,4,4,1,-1,-1,,Chưa dùng,,"[{""Tag"":""BaseAttribute"",""Attributes"":{""Symbol"":""magic_physdefbase"",""Value"":""298""}},{""Tag"":""BaseAttribute"",""Attributes"":{""Symbol"":""magic_magicdefbase"",""Value"":""298""}}]"
18490,Equip,10471175,11,Chưa dùng,Shoes4_13,4,375,2,-1,-1,95,-1,3480,2784,231,true,1,95,4,4,1,-1,-1,,Chưa dùng,,"[{""Tag"":""BaseAttribute"",""Attributes"":{""Symbol"":""magic_physdefbase"",""Value"":""298""}},{""Tag"":""BaseAttribute"",""Attributes"":{""Symbol"":""magic_magicdefbase"",""Value"":""298""}}]"
18491,Equip,10471176,11,Chưa dùng,Shoes4_13,4,375,2,-1,-1,96,-1,3560,2848,232,true,1,96,4,4,1,-1,-1,,Chưa dùng,,"[{""Tag"":""BaseAttribute"",""Attributes"":{""Symbol"":""magic_physdefbase"",""Value"":""298""}},{""Tag"":""BaseAttribute"",""Attributes"":{""Symbol"":""magic_magicdefbase"",""Value"":""298""}}]"
18492,Equip,10471177,11,Chưa dùng,Shoes4_13,4,375,2,-1,-1,97,-1,3640,2912,234,true,1,97,4,4,1,-1,-1,,Chưa dùng,,"[{""Tag"":""BaseAttribute"",""Attributes"":{""Symbol"":""magic_physdefbase"",""Value"":""298""}},{""Tag"":""BaseAttribute"",""Attributes"":{""Symbol"":""magic_magicdefbase"",""Value"":""298""}}]"
18493,Equip,10471178,11,Chưa dùng,Shoes4_13,4,375,2,-1,-1,98,-1,3720,2976,235,true,1,98,4,4,1,-1,-1,,Chưa dùng,,"[{""Tag"":""BaseAttribute"",""Attributes"":{""Symbol"":""magic_physdefbase"",""Value"":""298""}},{""Tag"":""BaseAttribute"",""Attributes"":{""Symbol"":""magic_magicdefbase"",""Value"":""298""}}]"
18494,Equip,10471179,11,Chưa dùng,Shoes4_13,4,375,2,-1,-1,99,-1,3800,3040,236,true,1,99,4,4,1,-1,-1,,Chưa dùng,,"[{""Tag"":""BaseAttribute"",""Attributes"":{""Symbol"":""magic_physdefbase"",""Value"":""298""}},{""Tag"":""BaseAttribute"",""Attributes"":{""Symbol"":""magic_magicdefbase"",""Value"":""298""}}]"
18495,Equip,10471180,11,Chưa dùng,Shoes4_13,4,375,2,-1,-1,100,-1,4600,3680,237,true,1,100,4,4,1,-1,-1,,Chưa dùng,,"[{""Tag"":""BaseAttribute"",""Attributes"":{""Symbol"":""magic_physdefbase"",""Value"":""330""}},{""Tag"":""BaseAttribute"",""Attributes"":{""Symbol"":""magic_magicdefbase"",""Value"":""330""}}]"
18496,Equip,10471181,11,Chưa dùng,Shoes4_14,4,379,2,-1,-1,91,-1,3160,2528,226,true,1,91,4,4,1,-1,-1,,Chưa dùng,,"[{""Tag"":""BaseAttribute"",""Attributes"":{""Symbol"":""magic_physdefbase"",""Value"":""298""}},{""Tag"":""BaseAttribute"",""Attributes"":{""Symbol"":""magic_magicdefbase"",""Value"":""298""}}]"
18497,Equip,10471182,11,Chưa dùng,Shoes4_14,4,379,2,-1,-1,92,-1,3240,2592,227,true,1,92,4,4,1,-1,-1,,Chưa dùng,,"[{""Tag"":""BaseAttribute"",""Attributes"":{""Symbol"":""magic_physdefbase"",""Value"":""298""}},{""Tag"":""BaseAttribute"",""Attributes"":{""Symbol"":""magic_magicdefbase"",""Value"":""298""}}]"
18498,Equip,10471183,11,Chưa dùng,Shoes4_14,4,379,2,-1,-1,93,-1,3320,2656,229,true,1,93,4,4,1,-1,-1,,Chưa dùng,,"[{""Tag"":""BaseAttribute"",""Attributes"":{""Symbol"":""magic_physdefbase"",""Value"":""298""}},{""Tag"":""BaseAttribute"",""Attributes"":{""Symbol"":""magic_magicdefbase"",""Value"":""298""}}]"
18499,Equip,10471184,11,Chưa dùng,Shoes4_14,4,379,2,-1,-1,94,-1,3400,2720,230,true,1,94,4,4,1,-1,-1,,Chưa dùng,,"[{""Tag"":""BaseAttribute"",""Attributes"":{""Symbol"":""magic_physdefbase"",""Value"":""298""}},{""Tag"":""BaseAttribute"",""Attributes"":{""Symbol"":""magic_magicdefbase"",""Value"":""298""}}]"
18500,Equip,10471185,11,Chưa dùng,Shoes4_14,4,379,2,-1,-1,95,-1,3480,2784,231,true,1,95,4,4,1,-1,-1,,Chưa dùng,,"[{""Tag"":""BaseAttribute"",""Attributes"":{""Symbol"":""magic_physdefbase"",""Value"":""298""}},{""Tag"":""BaseAttribute"",""Attributes"":{""Symbol"":""magic_magicdefbase"",""Value"":""298""}}]"
18501,Equip,10471186,11,Chưa dùng,Shoes4_14,4,379,2,-1,-1,96,-1,3560,2848,232,true,1,96,4,4,1,-1,-1,,Chưa dùng,,"[{""Tag"":""BaseAttribute"",""Attributes"":{""Symbol"":""magic_physdefbase"",""Value"":""298""}},{""Tag"":""BaseAttribute"",""Attributes"":{""Symbol"":""magic_magicdefbase"",""Value"":""298""}}]"
18502,Equip,10471187,11,Chưa dùng,Shoes4_14,4,379,2,-1,-1,97,-1,3640,2912,234,true,1,97,4,4,1,-1,-1,,Chưa dùng,,"[{""Tag"":""BaseAttribute"",""Attributes"":{""Symbol"":""magic_physdefbase"",""Value"":""298""}},{""Tag"":""BaseAttribute"",""Attributes"":{""Symbol"":""magic_magicdefbase"",""Value"":""298""}}]"
18503,Equip,10471188,11,Chưa dùng,Shoes4_14,4,379,2,-1,-1,98,-1,3720,2976,235,true,1,98,4,4,1,-1,-1,,Chưa dùng,,"[{""Tag"":""BaseAttribute"",""Attributes"":{""Symbol"":""magic_physdefbase"",""Value"":""298""}},{""Tag"":""BaseAttribute"",""Attributes"":{""Symbol"":""magic_magicdefbase"",""Value"":""298""}}]"
18504,Equip,10471189,11,Chưa dùng,Shoes4_14,4,379,2,-1,-1,99,-1,3800,3040,236,true,1,99,4,4,1,-1,-1,,Chưa dùng,,"[{""Tag"":""BaseAttribute"",""Attributes"":{""Symbol"":""magic_physdefbase"",""Value"":""298""}},{""Tag"":""BaseAttribute"",""Attributes"":{""Symbol"":""magic_magicdefbase"",""Value"":""298""}}]"
18505,Equip,10471190,11,Chưa dùng,Shoes4_14,4,379,2,-1,-1,100,-1,4600,3680,237,true,1,100,4,4,1,-1,-1,,Chưa dùng,,"[{""Tag"":""BaseAttribute"",""Attributes"":{""Symbol"":""magic_physdefbase"",""Value"":""330""}},{""Tag"":""BaseAttribute"",""Attributes"":{""Symbol"":""magic_magicdefbase"",""Value"":""330""}}]"
18506,Equip,10471191,11,Chưa dùng,Shoes4_13,4,413,2,-1,-1,91,-1,3160,2528,226,true,1,91,4,4,1,-1,-1,,Chưa dùng,,"[{""Tag"":""BaseAttribute"",""Attributes"":{""Symbol"":""magic_physdefbase"",""Value"":""298""}},{""Tag"":""BaseAttribute"",""Attributes"":{""Symbol"":""magic_magicdefbase"",""Value"":""298""}}]"
18507,Equip,10471192,11,Chưa dùng,Shoes4_13,4,413,2,-1,-1,92,-1,3240,2592,227,true,1,92,4,4,1,-1,-1,,Chưa dùng,,"[{""Tag"":""BaseAttribute"",""Attributes"":{""Symbol"":""magic_physdefbase"",""Value"":""298""}},{""Tag"":""BaseAttribute"",""Attributes"":{""Symbol"":""magic_magicdefbase"",""Value"":""298""}}]"
18508,Equip,10471193,11,Chưa dùng,Shoes4_13,4,413,2,-1,-1,93,-1,3320,2656,229,true,1,93,4,4,1,-1,-1,,Chưa dùng,,"[{""Tag"":""BaseAttribute"",""Attributes"":{""Symbol"":""magic_physdefbase"",""Value"":""298""}},{""Tag"":""BaseAttribute"",""Attributes"":{""Symbol"":""magic_magicdefbase"",""Value"":""298""}}]"
18509,Equip,10471194,11,Chưa dùng,Shoes4_13,4,413,2,-1,-1,94,-1,3400,2720,230,true,1,94,4,4,1,-1,-1,,Chưa dùng,,"[{""Tag"":""BaseAttribute"",""Attributes"":{""Symbol"":""magic_physdefbase"",""Value"":""298""}},{""Tag"":""BaseAttribute"",""Attributes"":{""Symbol"":""magic_magicdefbase"",""Value"":""298""}}]"
18510,Equip,10471195,11,Chưa dùng,Shoes4_13,4,413,2,-1,-1,95,-1,3480,2784,231,true,1,95,4,4,1,-1,-1,,Chưa dùng,,"[{""Tag"":""BaseAttribute"",""Attributes"":{""Symbol"":""magic_physdefbase"",""Value"":""298""}},{""Tag"":""BaseAttribute"",""Attributes"":{""Symbol"":""magic_magicdefbase"",""Value"":""298""}},{""Tag"":""Attribute"",""Attributes"":{""Symbol"":""magic_maxhp"",""Rate"":""100""}}]"
18511,Equip,10471196,11,Chưa dùng,Shoes4_13,4,413,2,-1,-1,96,-1,3560,2848,232,true,1,96,4,4,1,-1,-1,,Chưa dùng,,"[{""Tag"":""BaseAttribute"",""Attributes"":{""Symbol"":""magic_physdefbase"",""Value"":""298""}},{""Tag"":""BaseAttribute"",""Attributes"":{""Symbol"":""magic_magicdefbase"",""Value"":""298""}},{""Tag"":""Attribute"",""Attributes"":{""Symbol"":""magic_maxhp"",""Rate"":""100""}}]"
18512,Equip,10471197,11,Chưa dùng,Shoes4_13,4,413,2,-1,-1,97,-1,3640,2912,234,true,1,97,4,4,1,-1,-1,,Chưa dùng,,"[{""Tag"":""BaseAttribute"",""Attributes"":{""Symbol"":""magic_physdefbase"",""Value"":""298""}},{""Tag"":""BaseAttribute"",""Attributes"":{""Symbol"":""magic_magicdefbase"",""Value"":""298""}},{""Tag"":""Attribute"",""Attributes"":{""Symbol"":""magic_maxhp"",""Rate"":""100""}}]"
18513,Equip,10471198,11,Chưa dùng,Shoes4_13,4,413,2,-1,-1,98,-1,3720,2976,235,true,1,98,4,4,1,-1,-1,,Chưa dùng,,"[{""Tag"":""BaseAttribute"",""Attributes"":{""Symbol"":""magic_physdefbase"",""Value"":""298""}},{""Tag"":""BaseAttribute"",""Attributes"":{""Symbol"":""magic_magicdefbase"",""Value"":""298""}},{""Tag"":""Attribute"",""Attributes"":{""Symbol"":""magic_maxhp"",""Rate"":""100""}}]"
18514,Equip,10471199,11,Chưa dùng,Shoes4_13,4,413,2,-1,-1,99,-1,3800,3040,236,true,1,99,4,4,1,-1,-1,,Chưa dùng,,"[{""Tag"":""BaseAttribute"",""Attributes"":{""Symbol"":""magic_physdefbase"",""Value"":""298""}},{""Tag"":""BaseAttribute"",""Attributes"":{""Symbol"":""magic_magicdefbase"",""Value"":""298""}},{""Tag"":""Attribute"",""Attributes"":{""Symbol"":""magic_maxhp"",""Rate"":""100""}}]"
18515,Equip,10471200,11,Chưa dùng,Shoes4_13,4,413,2,-1,-1,100,-1,4600,3680,237,true,1,100,4,4,1,-1,-1,,Chưa dùng,,"[{""Tag"":""BaseAttribute"",""Attributes"":{""Symbol"":""magic_physdefbase"",""Value"":""330""}},{""Tag"":""BaseAttribute"",""Attributes"":{""Symbol"":""magic_magicdefbase"",""Value"":""330""}},{""Tag"":""Attribute"",""Attributes"":{""Symbol"":""magic_maxhp"",""Rate"":""100""}}]"
18516,Equip,10472000,12,Chưa dùng,Cuff4_4,3,426,2,-1,-1,90,-1,3080,2464,225,true,1,90,4,4,1,-1,-1,,Chưa dùng,,"[{""Tag"":""BaseAttribute"",""Attributes"":{""Symbol"":""magic_physdefbase"",""Value"":""298""}},{""Tag"":""BaseAttribute"",""Attributes"":{""Symbol"":""magic_magicdefbase"",""Value"":""298""}},{""Tag"":""Attribute"",""Attributes"":{""Symbol"":""magic_maxhp"",""Rate"":""100""}}]"
18517,Equip,10472001,12,Chưa dùng,Cuff4_3,3,426,2,-1,-1,81,-1,2240,1792,214,true,1,81,4,4,1,-1,-1,,Chưa dùng,,"[{""Tag"":""BaseAttribute"",""Attributes"":{""Symbol"":""magic_physdefbase"",""Value"":""266""}},{""Tag"":""BaseAttribute"",""Attributes"":{""Symbol"":""magic_magicdefbase"",""Value"":""266""}},{""Tag"":""Attribute"",""Attributes"":{""Symbol"":""magic_maxhp"",""Rate"":""100""}}]"
18518,Equip,10472002,12,Chưa dùng,Cuff4_3,3,426,2,-1,-1,82,-1,2310,1848,215,true,1,82,4,4,1,-1,-1,,Chưa dùng,,"[{""Tag"":""BaseAttribute"",""Attributes"":{""Symbol"":""magic_physdefbase"",""Value"":""266""}},{""Tag"":""BaseAttribute"",""Attributes"":{""Symbol"":""magic_magicdefbase"",""Value"":""266""}},{""Tag"":""Attribute"",""Attributes"":{""Symbol"":""magic_maxhp"",""Rate"":""100""}}]"
18519,Equip,10472003,12,Chưa dùng,Cuff4_3,3,426,2,-1,-1,83,-1,2380,1904,216,true,1,83,4,4,1,-1,-1,,Chưa dùng,,"[{""Tag"":""BaseAttribute"",""Attributes"":{""Symbol"":""magic_physdefbase"",""Value"":""266""}},{""Tag"":""BaseAttribute"",""Attributes"":{""Symbol"":""magic_magicdefbase"",""Value"":""266""}},{""Tag"":""Attribute"",""Attributes"":{""Symbol"":""magic_maxhp"",""Rate"":""100""}}]"
18520,Equip,10472004,12,Chưa dùng,Cuff4_3,3,426,2,-1,-1,84,-1,2450,1960,217,true,1,84,4,4,1,-1,-1,,Chưa dùng,,"[{""Tag"":""BaseAttribute"",""Attributes"":{""Symbol"":""magic_physdefbase"",""Value"":""266""}},{""Tag"":""BaseAttribute"",""Attributes"":{""Symbol"":""magic_magicdefbase"",""Value"":""266""}},{""Tag"":""Attribute"",""Attributes"":{""Symbol"":""magic_maxhp"",""Rate"":""100""}}]"
18521,Equip,10472005,12,Chưa dùng,Cuff4_3,3,426,2,-1,-1,85,-1,2520,2016,219,true,1,85,4,4,1,-1,-1,,Chưa dùng,,"[{""Tag"":""BaseAttribute"",""Attributes"":{""Symbol"":""magic_physdefbase"",""Value"":""266""}},{""Tag"":""BaseAttribute"",""Attributes"":{""Symbol"":""magic_magicdefbase"",""Value"":""266""}},{""Tag"":""Attribute"",""Attributes"":{""Symbol"":""magic_maxhp"",""Rate"":""100""}}]"
18522,Equip,10472006,12,Chưa dùng,Cuff4_3,3,426,2,-1,-1,86,-1,2590,2072,220,true,1,86,4,4,1,-1,-1,,Chưa dùng,,"[{""Tag"":""BaseAttribute"",""Attributes"":{""Symbol"":""magic_physdefbase"",""Value"":""266""}},{""Tag"":""BaseAttribute"",""Attributes"":{""Symbol"":""magic_magicdefbase"",""Value"":""266""}},{""Tag"":""Attribute"",""Attributes"":{""Symbol"":""magic_maxhp"",""Rate"":""100""}}]"
18523,Equip,10472007,12,Chưa dùng,Cuff4_3,3,426,2,-1,-1,87,-1,2660,2128,221,true,1,87,4,4,1,-1,-1,,Chưa dùng,,"[{""Tag"":""BaseAttribute"",""Attributes"":{""Symbol"":""magic_physdefbase"",""Value"":""266""}},{""Tag"":""BaseAttribute"",""Attributes"":{""Symbol"":""magic_magicdefbase"",""Value"":""266""}},{""Tag"":""Attribute"",""Attributes"":{""Symbol"":""magic_maxhp"",""Rate"":""100""}}]"
18524,Equip,10472008,12,Chưa dùng,Cuff4_3,3,426,2,-1,-1,88,-1,2730,2184,222,true,1,88,4,4,1,-1,-1,,Chưa dùng,,"[{""Tag"":""BaseAttribute"",""Attributes"":{""Symbol"":""magic_physdefbase"",""Value"":""266""}},{""Tag"":""BaseAttribute"",""Attributes"":{""Symbol"":""magic_magicdefbase"",""Value"":""266""}},{""Tag"":""Attribute"",""Attributes"":{""Symbol"":""magic_maxhp"",""Rate"":""100""}}]"
18525,Equip,10472009,12,Chưa dùng,Cuff4_3,3,426,2,-1,-1,89,-1,2800,2240,224,true,1,89,4,4,1,-1,-1,,Chưa dùng,,"[{""Tag"":""BaseAttribute"",""Attributes"":{""Symbol"":""magic_physdefbase"",""Value"":""266""}},{""Tag"":""BaseAttribute"",""Attributes"":{""Symbol"":""magic_magicdefbase"",""Value"":""266""}},{""Tag"":""Attribute"",""Attributes"":{""Symbol"":""magic_maxhp"",""Rate"":""100""}}]"
18526,Equip,10472010,12,Chưa dùng,Cuff4_3,3,426,2,-1,-1,90,-1,3080,2464,225,true,1,90,4,4,1,-1,-1,,Chưa dùng,,"[{""Tag"":""BaseAttribute"",""Attributes"":{""Symbol"":""magic_physdefbase"",""Value"":""298""}},{""Tag"":""BaseAttribute"",""Attributes"":{""Symbol"":""magic_magicdefbase"",""Value"":""298""}},{""Tag"":""Attribute"",""Attributes"":{""Symbol"":""magic_maxhp"",""Rate"":""100""}}]"
18527,Equip,10472011,12,Chưa dùng,Cuff4_4,3,428,2,-1,-1,81,-1,2240,1792,214,true,1,81,4,4,1,-1,-1,,Chưa dùng,,"[{""Tag"":""BaseAttribute"",""Attributes"":{""Symbol"":""magic_physdefbase"",""Value"":""266""}},{""Tag"":""BaseAttribute"",""Attributes"":{""Symbol"":""magic_magicdefbase"",""Value"":""266""}},{""Tag"":""Attribute"",""Attributes"":{""Symbol"":""magic_maxhp"",""Rate"":""100""}}]"
18528,Equip,10472012,12,Chưa dùng,Cuff4_4,3,428,2,-1,-1,82,-1,2310,1848,215,true,1,82,4,4,1,-1,-1,,Chưa dùng,,"[{""Tag"":""BaseAttribute"",""Attributes"":{""Symbol"":""magic_physdefbase"",""Value"":""266""}},{""Tag"":""BaseAttribute"",""Attributes"":{""Symbol"":""magic_magicdefbase"",""Value"":""266""}},{""Tag"":""Attribute"",""Attributes"":{""Symbol"":""magic_maxhp"",""Rate"":""100""}}]"
18529,Equip,10472013,12,Chưa dùng,Cuff4_4,3,428,2,-1,-1,83,-1,2380,1904,216,true,1,83,4,4,1,-1,-1,,Chưa dùng,,"[{""Tag"":""BaseAttribute"",""Attributes"":{""Symbol"":""magic_physdefbase"",""Value"":""266""}},{""Tag"":""BaseAttribute"",""Attributes"":{""Symbol"":""magic_magicdefbase"",""Value"":""266""}},{""Tag"":""Attribute"",""Attributes"":{""Symbol"":""magic_maxhp"",""Rate"":""100""}}]"
18530,Equip,10472014,12,Chưa dùng,Cuff4_4,3,428,2,-1,-1,84,-1,2450,1960,217,true,1,84,4,4,1,-1,-1,,Chưa dùng,,"[{""Tag"":""BaseAttribute"",""Attributes"":{""Symbol"":""magic_physdefbase"",""Value"":""266""}},{""Tag"":""BaseAttribute"",""Attributes"":{""Symbol"":""magic_magicdefbase"",""Value"":""266""}},{""Tag"":""Attribute"",""Attributes"":{""Symbol"":""magic_maxhp"",""Rate"":""100""}}]"
18531,Equip,10472015,12,Chưa dùng,Cuff4_4,3,428,2,-1,-1,85,-1,2520,2016,219,true,1,85,4,4,1,-1,-1,,Chưa dùng,,"[{""Tag"":""BaseAttribute"",""Attributes"":{""Symbol"":""magic_physdefbase"",""Value"":""266""}},{""Tag"":""BaseAttribute"",""Attributes"":{""Symbol"":""magic_magicdefbase"",""Value"":""266""}},{""Tag"":""Attribute"",""Attributes"":{""Symbol"":""magic_maxhp"",""Rate"":""100""}}]"
18532,Equip,10472016,12,Chưa dùng,Cuff4_4,3,428,2,-1,-1,86,-1,2590,2072,220,true,1,86,4,4,1,-1,-1,,Chưa dùng,,"[{""Tag"":""BaseAttribute"",""Attributes"":{""Symbol"":""magic_physdefbase"",""Value"":""266""}},{""Tag"":""BaseAttribute"",""Attributes"":{""Symbol"":""magic_magicdefbase"",""Value"":""266""}},{""Tag"":""Attribute"",""Attributes"":{""Symbol"":""magic_maxhp"",""Rate"":""100""}}]"
18533,Equip,10472017,12,Chưa dùng,Cuff4_4,3,428,2,-1,-1,87,-1,2660,2128,221,true,1,87,4,4,1,-1,-1,,Chưa dùng,,"[{""Tag"":""BaseAttribute"",""Attributes"":{""Symbol"":""magic_physdefbase"",""Value"":""266""}},{""Tag"":""BaseAttribute"",""Attributes"":{""Symbol"":""magic_magicdefbase"",""Value"":""266""}},{""Tag"":""Attribute"",""Attributes"":{""Symbol"":""magic_maxhp"",""Rate"":""100""}}]"
18534,Equip,10472018,12,Chưa dùng,Cuff4_4,3,428,2,-1,-1,88,-1,2730,2184,222,true,1,88,4,4,1,-1,-1,,Chưa dùng,,"[{""Tag"":""BaseAttribute"",""Attributes"":{""Symbol"":""magic_physdefbase"",""Value"":""266""}},{""Tag"":""BaseAttribute"",""Attributes"":{""Symbol"":""magic_magicdefbase"",""Value"":""266""}},{""Tag"":""Attribute"",""Attributes"":{""Symbol"":""magic_maxhp"",""Rate"":""100""}}]"
18535,Equip,10472019,12,Chưa dùng,Cuff4_4,3,428,2,-1,-1,89,-1,2800,2240,224,true,1,89,4,4,1,-1,-1,,Chưa dùng,,"[{""Tag"":""BaseAttribute"",""Attributes"":{""Symbol"":""magic_physdefbase"",""Value"":""266""}},{""Tag"":""BaseAttribute"",""Attributes"":{""Symbol"":""magic_magicdefbase"",""Value"":""266""}},{""Tag"":""Attribute"",""Attributes"":{""Symbol"":""magic_maxhp"",""Rate"":""100""}}]"
18536,Equip,10472020,12,Chưa dùng,Cuff4_4,3,428,2,-1,-1,90,-1,3080,2464,225,true,1,90,4,4,1,-1,-1,,Chưa dùng,,"[{""Tag"":""BaseAttribute"",""Attributes"":{""Symbol"":""magic_physdefbase"",""Value"":""298""}},{""Tag"":""BaseAttribute"",""Attributes"":{""Symbol"":""magic_magicdefbase"",""Value"":""298""}},{""Tag"":""Attribute"",""Attributes"":{""Symbol"":""magic_maxhp"",""Rate"":""100""}}]"
18537,Equip,10472021,12,Chưa dùng,Cuff4_3,3,430,2,-1,-1,81,-1,2240,1792,214,true,1,81,4,4,1,-1,-1,,Chưa dùng,,"[{""Tag"":""BaseAttribute"",""Attributes"":{""Symbol"":""magic_physdefbase"",""Value"":""266""}},{""Tag"":""BaseAttribute"",""Attributes"":{""Symbol"":""magic_magicdefbase"",""Value"":""266""}},{""Tag"":""Attribute"",""Attributes"":{""Symbol"":""magic_maxhp"",""Rate"":""100""}}]"
18538,Equip,10472022,12,Chưa dùng,Cuff4_3,3,430,2,-1,-1,82,-1,2310,1848,215,true,1,82,4,4,1,-1,-1,,Chưa dùng,,"[{""Tag"":""BaseAttribute"",""Attributes"":{""Symbol"":""magic_physdefbase"",""Value"":""266""}},{""Tag"":""BaseAttribute"",""Attributes"":{""Symbol"":""magic_magicdefbase"",""Value"":""266""}},{""Tag"":""Attribute"",""Attributes"":{""Symbol"":""magic_maxhp"",""Rate"":""100""}}]"
18539,Equip,10472023,12,Chưa dùng,Cuff4_3,3,430,2,-1,-1,83,-1,2380,1904,216,true,1,83,4,4,1,-1,-1,,Chưa dùng,,"[{""Tag"":""BaseAttribute"",""Attributes"":{""Symbol"":""magic_physdefbase"",""Value"":""266""}},{""Tag"":""BaseAttribute"",""Attributes"":{""Symbol"":""magic_magicdefbase"",""Value"":""266""}},{""Tag"":""Attribute"",""Attributes"":{""Symbol"":""magic_maxhp"",""Rate"":""100""}}]"
18540,Equip,10472024,12,Chưa dùng,Cuff4_3,3,430,2,-1,-1,84,-1,2450,1960,217,true,1,84,4,4,1,-1,-1,,Chưa dùng,,"[{""Tag"":""BaseAttribute"",""Attributes"":{""Symbol"":""magic_physdefbase"",""Value"":""266""}},{""Tag"":""BaseAttribute"",""Attributes"":{""Symbol"":""magic_magicdefbase"",""Value"":""266""}},{""Tag"":""Attribute"",""Attributes"":{""Symbol"":""magic_maxhp"",""Rate"":""100""}}]"
18541,Equip,10472025,12,Chưa dùng,Cuff4_3,3,430,2,-1,-1,85,-1,2520,2016,219,true,1,85,4,4,1,-1,-1,,Chưa dùng,,"[{""Tag"":""BaseAttribute"",""Attributes"":{""Symbol"":""magic_physdefbase"",""Value"":""266""}},{""Tag"":""BaseAttribute"",""Attributes"":{""Symbol"":""magic_magicdefbase"",""Value"":""266""}},{""Tag"":""Attribute"",""Attributes"":{""Symbol"":""magic_maxhp"",""Rate"":""100""}}]"
18542,Equip,10472026,12,Chưa dùng,Cuff4_3,3,430,2,-1,-1,86,-1,2590,2072,220,true,1,86,4,4,1,-1,-1,,Chưa dùng,,"[{""Tag"":""BaseAttribute"",""Attributes"":{""Symbol"":""magic_physdefbase"",""Value"":""266""}},{""Tag"":""BaseAttribute"",""Attributes"":{""Symbol"":""magic_magicdefbase"",""Value"":""266""}},{""Tag"":""Attribute"",""Attributes"":{""Symbol"":""magic_maxhp"",""Rate"":""100""}}]"
18543,Equip,10472027,12,Chưa dùng,Cuff4_3,3,430,2,-1,-1,87,-1,2660,2128,221,true,1,87,4,4,1,-1,-1,,Chưa dùng,,"[{""Tag"":""BaseAttribute"",""Attributes"":{""Symbol"":""magic_physdefbase"",""Value"":""266""}},{""Tag"":""BaseAttribute"",""Attributes"":{""Symbol"":""magic_magicdefbase"",""Value"":""266""}},{""Tag"":""Attribute"",""Attributes"":{""Symbol"":""magic_maxhp"",""Rate"":""100""}}]"
18544,Equip,10472028,12,Chưa dùng,Cuff4_3,3,430,2,-1,-1,88,-1,2730,2184,222,true,1,88,4,4,1,-1,-1,,Chưa dùng,,"[{""Tag"":""BaseAttribute"",""Attributes"":{""Symbol"":""magic_physdefbase"",""Value"":""266""}},{""Tag"":""BaseAttribute"",""Attributes"":{""Symbol"":""magic_magicdefbase"",""Value"":""266""}},{""Tag"":""Attribute"",""Attributes"":{""Symbol"":""magic_maxhp"",""Rate"":""100""}}]"
18545,Equip,10472029,12,Chưa dùng,Cuff4_3,3,430,2,-1,-1,89,-1,2800,2240,224,true,1,89,4,4,1,-1,-1,,Chưa dùng,,"[{""Tag"":""BaseAttribute"",""Attributes"":{""Symbol"":""magic_physdefbase"",""Value"":""266""}},{""Tag"":""BaseAttribute"",""Attributes"":{""Symbol"":""magic_magicdefbase"",""Value"":""266""}},{""Tag"":""Attribute"",""Attributes"":{""Symbol"":""magic_maxhp"",""Rate"":""100""}}]"
18546,Equip,10472030,12,Chưa dùng,Cuff4_3,3,430,2,-1,-1,90,-1,3080,2464,225,true,1,90,4,4,1,-1,-1,,Chưa dùng,,"[{""Tag"":""BaseAttribute"",""Attributes"":{""Symbol"":""magic_physdefbase"",""Value"":""298""}},{""Tag"":""BaseAttribute"",""Attributes"":{""Symbol"":""magic_magicdefbase"",""Value"":""298""}},{""Tag"":""Attribute"",""Attributes"":{""Symbol"":""magic_maxhp"",""Rate"":""100""}}]"
18547,Equip,10472031,12,Chưa dùng,Cuff4_4,3,428,2,-1,-1,81,-1,2240,1792,214,true,1,81,4,4,1,-1,-1,,Chưa dùng,,"[{""Tag"":""BaseAttribute"",""Attributes"":{""Symbol"":""magic_physdefbase"",""Value"":""266""}},{""Tag"":""BaseAttribute"",""Attributes"":{""Symbol"":""magic_magicdefbase"",""Value"":""266""}},{""Tag"":""Attribute"",""Attributes"":{""Symbol"":""magic_maxhp"",""Rate"":""100""}}]"
18548,Equip,10472032,12,Chưa dùng,Cuff4_4,3,428,2,-1,-1,82,-1,2310,1848,215,true,1,82,4,4,1,-1,-1,,Chưa dùng,,"[{""Tag"":""BaseAttribute"",""Attributes"":{""Symbol"":""magic_physdefbase"",""Value"":""266""}},{""Tag"":""BaseAttribute"",""Attributes"":{""Symbol"":""magic_magicdefbase"",""Value"":""266""}},{""Tag"":""Attribute"",""Attributes"":{""Symbol"":""magic_maxhp"",""Rate"":""100""}}]"
18549,Equip,10472033,12,Chưa dùng,Cuff4_4,3,428,2,-1,-1,83,-1,2380,1904,216,true,1,83,4,4,1,-1,-1,,Chưa dùng,,"[{""Tag"":""BaseAttribute"",""Attributes"":{""Symbol"":""magic_physdefbase"",""Value"":""266""}},{""Tag"":""BaseAttribute"",""Attributes"":{""Symbol"":""magic_magicdefbase"",""Value"":""266""}},{""Tag"":""Attribute"",""Attributes"":{""Symbol"":""magic_maxhp"",""Rate"":""100""}}]"
18550,Equip,10472034,12,Chưa dùng,Cuff4_4,3,428,2,-1,-1,84,-1,2450,1960,217,true,1,84,4,4,1,-1,-1,,Chưa dùng,,"[{""Tag"":""BaseAttribute"",""Attributes"":{""Symbol"":""magic_physdefbase"",""Value"":""266""}},{""Tag"":""BaseAttribute"",""Attributes"":{""Symbol"":""magic_magicdefbase"",""Value"":""266""}},{""Tag"":""Attribute"",""Attributes"":{""Symbol"":""magic_maxhp"",""Rate"":""100""}}]"
18551,Equip,10472035,12,Chưa dùng,Cuff4_4,3,428,2,-1,-1,85,-1,2520,2016,219,true,1,85,4,4,1,-1,-1,,Chưa dùng,,"[{""Tag"":""BaseAttribute"",""Attributes"":{""Symbol"":""magic_physdefbase"",""Value"":""266""}},{""Tag"":""BaseAttribute"",""Attributes"":{""Symbol"":""magic_magicdefbase"",""Value"":""266""}},{""Tag"":""Attribute"",""Attributes"":{""Symbol"":""magic_maxhp"",""Rate"":""100""}}]"
18552,Equip,10472036,12,Chưa dùng,Cuff4_4,3,428,2,-1,-1,86,-1,2590,2072,220,true,1,86,4,4,1,-1,-1,,Chưa dùng,,"[{""Tag"":""BaseAttribute"",""Attributes"":{""Symbol"":""magic_physdefbase"",""Value"":""266""}},{""Tag"":""BaseAttribute"",""Attributes"":{""Symbol"":""magic_magicdefbase"",""Value"":""266""}},{""Tag"":""Attribute"",""Attributes"":{""Symbol"":""magic_maxhp"",""Rate"":""100""}}]"
18553,Equip,10472037,12,Chưa dùng,Cuff4_4,3,428,2,-1,-1,87,-1,2660,2128,221,true,1,87,4,4,1,-1,-1,,Chưa dùng,,"[{""Tag"":""BaseAttribute"",""Attributes"":{""Symbol"":""magic_physdefbase"",""Value"":""266""}},{""Tag"":""BaseAttribute"",""Attributes"":{""Symbol"":""magic_magicdefbase"",""Value"":""266""}},{""Tag"":""Attribute"",""Attributes"":{""Symbol"":""magic_maxhp"",""Rate"":""100""}}]"
18554,Equip,10472038,12,Chưa dùng,Cuff4_4,3,428,2,-1,-1,88,-1,2730,2184,222,true,1,88,4,4,1,-1,-1,,Chưa dùng,,"[{""Tag"":""BaseAttribute"",""Attributes"":{""Symbol"":""magic_physdefbase"",""Value"":""266""}},{""Tag"":""BaseAttribute"",""Attributes"":{""Symbol"":""magic_magicdefbase"",""Value"":""266""}},{""Tag"":""Attribute"",""Attributes"":{""Symbol"":""magic_maxhp"",""Rate"":""100""}}]"
18555,Equip,10472039,12,Chưa dùng,Cuff4_4,3,428,2,-1,-1,89,-1,2800,2240,224,true,1,89,4,4,1,-1,-1,,Chưa dùng,,"[{""Tag"":""BaseAttribute"",""Attributes"":{""Symbol"":""magic_physdefbase"",""Value"":""266""}},{""Tag"":""BaseAttribute"",""Attributes"":{""Symbol"":""magic_magicdefbase"",""Value"":""266""}},{""Tag"":""Attribute"",""Attributes"":{""Symbol"":""magic_maxhp"",""Rate"":""100""}}]"
18556,Equip,10472040,12,Chưa dùng,Cuff4_4,3,428,2,-1,-1,90,-1,3080,2464,225,true,1,90,4,4,1,-1,-1,,Chưa dùng,,"[{""Tag"":""BaseAttribute"",""Attributes"":{""Symbol"":""magic_physdefbase"",""Value"":""298""}},{""Tag"":""BaseAttribute"",""Attributes"":{""Symbol"":""magic_magicdefbase"",""Value"":""298""}},{""Tag"":""Attribute"",""Attributes"":{""Symbol"":""magic_maxhp"",""Rate"":""100""}}]"
18557,Equip,10472041,12,Chưa dùng,Cuff4_3,3,426,2,-1,-1,81,-1,2240,1792,214,true,1,81,4,4,1,-1,-1,,Chưa dùng,,"[{""Tag"":""BaseAttribute"",""Attributes"":{""Symbol"":""magic_physdefbase"",""Value"":""266""}},{""Tag"":""BaseAttribute"",""Attributes"":{""Symbol"":""magic_magicdefbase"",""Value"":""266""}},{""Tag"":""Attribute"",""Attributes"":{""Symbol"":""magic_maxhp"",""Rate"":""100""}}]"
18558,Equip,10472042,12,Chưa dùng,Cuff4_3,3,426,2,-1,-1,82,-1,2310,1848,215,true,1,82,4,4,1,-1,-1,,Chưa dùng,,"[{""Tag"":""BaseAttribute"",""Attributes"":{""Symbol"":""magic_physdefbase"",""Value"":""266""}},{""Tag"":""BaseAttribute"",""Attributes"":{""Symbol"":""magic_magicdefbase"",""Value"":""266""}},{""Tag"":""Attribute"",""Attributes"":{""Symbol"":""magic_maxhp"",""Rate"":""100""}}]"
18559,Equip,10472043,12,Chưa dùng,Cuff4_3,3,426,2,-1,-1,83,-1,2380,1904,216,true,1,83,4,4,1,-1,-1,,Chưa dùng,,"[{""Tag"":""BaseAttribute"",""Attributes"":{""Symbol"":""magic_physdefbase"",""Value"":""266""}},{""Tag"":""BaseAttribute"",""Attributes"":{""Symbol"":""magic_magicdefbase"",""Value"":""266""}},{""Tag"":""Attribute"",""Attributes"":{""Symbol"":""magic_maxhp"",""Rate"":""100""}}]"
18560,Equip,10472044,12,Chưa dùng,Cuff4_3,3,426,2,-1,-1,84,-1,2450,1960,217,true,1,84,4,4,1,-1,-1,,Chưa dùng,,"[{""Tag"":""BaseAttribute"",""Attributes"":{""Symbol"":""magic_physdefbase"",""Value"":""266""}},{""Tag"":""BaseAttribute"",""Attributes"":{""Symbol"":""magic_magicdefbase"",""Value"":""266""}},{""Tag"":""Attribute"",""Attributes"":{""Symbol"":""magic_maxhp"",""Rate"":""100""}}]"
18561,Equip,10472045,12,Chưa dùng,Cuff4_3,3,426,2,-1,-1,85,-1,2520,2016,219,true,1,85,4,4,1,-1,-1,,Chưa dùng,,"[{""Tag"":""BaseAttribute"",""Attributes"":{""Symbol"":""magic_physdefbase"",""Value"":""266""}},{""Tag"":""BaseAttribute"",""Attributes"":{""Symbol"":""magic_magicdefbase"",""Value"":""266""}},{""Tag"":""Attribute"",""Attributes"":{""Symbol"":""magic_maxhp"",""Rate"":""100""}}]"
18562,Equip,10472046,12,Chưa dùng,Cuff4_3,3,426,2,-1,-1,86,-1,2590,2072,220,true,1,86,4,4,1,-1,-1,,Chưa dùng,,"[{""Tag"":""BaseAttribute"",""Attributes"":{""Symbol"":""magic_physdefbase"",""Value"":""266""}},{""Tag"":""BaseAttribute"",""Attributes"":{""Symbol"":""magic_magicdefbase"",""Value"":""266""}},{""Tag"":""Attribute"",""Attributes"":{""Symbol"":""magic_maxhp"",""Rate"":""100""}}]"
18563,Equip,10472047,12,Chưa dùng,Cuff4_3,3,426,2,-1,-1,87,-1,2660,2128,221,true,1,87,4,4,1,-1,-1,,Chưa dùng,,"[{""Tag"":""BaseAttribute"",""Attributes"":{""Symbol"":""magic_physdefbase"",""Value"":""266""}},{""Tag"":""BaseAttribute"",""Attributes"":{""Symbol"":""magic_magicdefbase"",""Value"":""266""}},{""Tag"":""Attribute"",""Attributes"":{""Symbol"":""magic_maxhp"",""Rate"":""100""}}]"
18564,Equip,10472048,12,Chưa dùng,Cuff4_3,3,426,2,-1,-1,88,-1,2730,2184,222,true,1,88,4,4,1,-1,-1,,Chưa dùng,,"[{""Tag"":""BaseAttribute"",""Attributes"":{""Symbol"":""magic_physdefbase"",""Value"":""266""}},{""Tag"":""BaseAttribute"",""Attributes"":{""Symbol"":""magic_magicdefbase"",""Value"":""266""}},{""Tag"":""Attribute"",""Attributes"":{""Symbol"":""magic_maxhp"",""Rate"":""100""}}]"
18565,Equip,10472049,12,Chưa dùng,Cuff4_3,3,426,2,-1,-1,89,-1,2800,2240,224,true,1,89,4,4,1,-1,-1,,Chưa dùng,,"[{""Tag"":""BaseAttribute"",""Attributes"":{""Symbol"":""magic_physdefbase"",""Value"":""266""}},{""Tag"":""BaseAttribute"",""Attributes"":{""Symbol"":""magic_magicdefbase"",""Value"":""266""}},{""Tag"":""Attribute"",""Attributes"":{""Symbol"":""magic_maxhp"",""Rate"":""100""}}]"
18566,Equip,10472050,12,Chưa dùng,Cuff4_3,3,426,2,-1,-1,90,-1,3080,2464,225,true,1,90,4,4,1,-1,-1,,Chưa dùng,,"[{""Tag"":""BaseAttribute"",""Attributes"":{""Symbol"":""magic_physdefbase"",""Value"":""298""}},{""Tag"":""BaseAttribute"",""Attributes"":{""Symbol"":""magic_magicdefbase"",""Value"":""298""}},{""Tag"":""Attribute"",""Attributes"":{""Symbol"":""magic_maxhp"",""Rate"":""100""}}]"
18567,Equip,10472051,12,Chưa dùng,Cuff4_8,3,385,2,-1,-1,91,-1,3160,2528,226,true,1,91,4,4,1,-1,-1,,Chưa dùng,,"[{""Tag"":""BaseAttribute"",""Attributes"":{""Symbol"":""magic_physdefbase"",""Value"":""298""}},{""Tag"":""BaseAttribute"",""Attributes"":{""Symbol"":""magic_magicdefbase"",""Value"":""298""}},{""Tag"":""Attribute"",""Attributes"":{""Symbol"":""magic_maxhp"",""Rate"":""100""}}]"
18568,Equip,10472052,12,Chưa dùng,Cuff4_8,3,385,2,-1,-1,92,-1,3240,2592,227,true,1,92,4,4,1,-1,-1,,Chưa dùng,,"[{""Tag"":""BaseAttribute"",""Attributes"":{""Symbol"":""magic_physdefbase"",""Value"":""298""}},{""Tag"":""BaseAttribute"",""Attributes"":{""Symbol"":""magic_magicdefbase"",""Value"":""298""}},{""Tag"":""Attribute"",""Attributes"":{""Symbol"":""magic_maxhp"",""Rate"":""100""}}]"
18569,Equip,10472053,12,Chưa dùng,Cuff4_8,3,385,2,-1,-1,93,-1,3320,2656,229,true,1,93,4,4,1,-1,-1,,Chưa dùng,,"[{""Tag"":""BaseAttribute"",""Attributes"":{""Symbol"":""magic_physdefbase"",""Value"":""298""}},{""Tag"":""BaseAttribute"",""Attributes"":{""Symbol"":""magic_magicdefbase"",""Value"":""298""}},{""Tag"":""Attribute"",""Attributes"":{""Symbol"":""magic_maxhp"",""Rate"":""100""}}]"
18570,Equip,10472054,12,Chưa dùng,Cuff4_8,3,385,2,-1,-1,94,-1,3400,2720,230,true,1,94,4,4,1,-1,-1,,Chưa dùng,,"[{""Tag"":""BaseAttribute"",""Attributes"":{""Symbol"":""magic_physdefbase"",""Value"":""298""}},{""Tag"":""BaseAttribute"",""Attributes"":{""Symbol"":""magic_magicdefbase"",""Value"":""298""}},{""Tag"":""Attribute"",""Attributes"":{""Symbol"":""magic_maxhp"",""Rate"":""100""}}]"
18571,Equip,10472055,12,Chưa dùng,Cuff4_8,3,385,2,-1,-1,95,-1,3480,2784,231,true,1,95,4,4,1,-1,-1,,Chưa dùng,,"[{""Tag"":""BaseAttribute"",""Attributes"":{""Symbol"":""magic_physdefbase"",""Value"":""298""}},{""Tag"":""BaseAttribute"",""Attributes"":{""Symbol"":""magic_magicdefbase"",""Value"":""298""}},{""Tag"":""Attribute"",""Attributes"":{""Symbol"":""magic_maxhp"",""Rate"":""100""}}]"
18572,Equip,10472056,12,Chưa dùng,Cuff4_8,3,385,2,-1,-1,96,-1,3560,2848,232,true,1,96,4,4,1,-1,-1,,Chưa dùng,,"[{""Tag"":""BaseAttribute"",""Attributes"":{""Symbol"":""magic_physdefbase"",""Value"":""298""}},{""Tag"":""BaseAttribute"",""Attributes"":{""Symbol"":""magic_magicdefbase"",""Value"":""298""}},{""Tag"":""Attribute"",""Attributes"":{""Symbol"":""magic_maxhp"",""Rate"":""100""}}]"
18573,Equip,10472057,12,Chưa dùng,Cuff4_8,3,385,2,-1,-1,97,-1,3640,2912,234,true,1,97,4,4,1,-1,-1,,Chưa dùng,,"[{""Tag"":""BaseAttribute"",""Attributes"":{""Symbol"":""magic_physdefbase"",""Value"":""298""}},{""Tag"":""BaseAttribute"",""Attributes"":{""Symbol"":""magic_magicdefbase"",""Value"":""298""}},{""Tag"":""Attribute"",""Attributes"":{""Symbol"":""magic_maxhp"",""Rate"":""100""}}]"
18574,Equip,10472058,12,Chưa dùng,Cuff4_8,3,385,2,-1,-1,98,-1,3720,2976,235,true,1,98,4,4,1,-1,-1,,Chưa dùng,,"[{""Tag"":""BaseAttribute"",""Attributes"":{""Symbol"":""magic_physdefbase"",""Value"":""298""}},{""Tag"":""BaseAttribute"",""Attributes"":{""Symbol"":""magic_magicdefbase"",""Value"":""298""}},{""Tag"":""Attribute"",""Attributes"":{""Symbol"":""magic_maxhp"",""Rate"":""100""}}]"
18575,Equip,10472059,12,Chưa dùng,Cuff4_8,3,385,2,-1,-1,99,-1,3800,3040,236,true,1,99,4,4,1,-1,-1,,Chưa dùng,,"[{""Tag"":""BaseAttribute"",""Attributes"":{""Symbol"":""magic_physdefbase"",""Value"":""298""}},{""Tag"":""BaseAttribute"",""Attributes"":{""Symbol"":""magic_magicdefbase"",""Value"":""298""}},{""Tag"":""Attribute"",""Attributes"":{""Symbol"":""magic_maxhp"",""Rate"":""100""}}]"
18576,Equip,10472060,12,Chưa dùng,Cuff4_8,3,385,2,-1,-1,100,-1,4600,3680,237,true,1,100,4,4,1,-1,-1,,Chưa dùng,,"[{""Tag"":""BaseAttribute"",""Attributes"":{""Symbol"":""magic_physdefbase"",""Value"":""330""}},{""Tag"":""BaseAttribute"",""Attributes"":{""Symbol"":""magic_magicdefbase"",""Value"":""330""}},{""Tag"":""Attribute"",""Attributes"":{""Symbol"":""magic_maxhp"",""Rate"":""100""}}]"
18577,Equip,10472061,12,Chưa dùng,Cuff4_9,3,389,2,-1,-1,91,-1,3160,2528,226,true,1,91,4,4,1,-1,-1,,Chưa dùng,,"[{""Tag"":""BaseAttribute"",""Attributes"":{""Symbol"":""magic_physdefbase"",""Value"":""298""}},{""Tag"":""BaseAttribute"",""Attributes"":{""Symbol"":""magic_magicdefbase"",""Value"":""298""}},{""Tag"":""Attribute"",""Attributes"":{""Symbol"":""magic_maxhp"",""Rate"":""100""}}]"
18578,Equip,10472062,12,Chưa dùng,Cuff4_9,3,389,2,-1,-1,92,-1,3240,2592,227,true,1,92,4,4,1,-1,-1,,Chưa dùng,,"[{""Tag"":""BaseAttribute"",""Attributes"":{""Symbol"":""magic_physdefbase"",""Value"":""298""}},{""Tag"":""BaseAttribute"",""Attributes"":{""Symbol"":""magic_magicdefbase"",""Value"":""298""}},{""Tag"":""Attribute"",""Attributes"":{""Symbol"":""magic_maxhp"",""Rate"":""100""}}]"
18579,Equip,10472063,12,Chưa dùng,Cuff4_9,3,389,2,-1,-1,93,-1,3320,2656,229,true,1,93,4,4,1,-1,-1,,Chưa dùng,,"[{""Tag"":""BaseAttribute"",""Attributes"":{""Symbol"":""magic_physdefbase"",""Value"":""298""}},{""Tag"":""BaseAttribute"",""Attributes"":{""Symbol"":""magic_magicdefbase"",""Value"":""298""}},{""Tag"":""Attribute"",""Attributes"":{""Symbol"":""magic_maxhp"",""Rate"":""100""}}]"
18580,Equip,10472064,12,Chưa dùng,Cuff4_9,3,389,2,-1,-1,94,-1,3400,2720,230,true,1,94,4,4,1,-1,-1,,Chưa dùng,,"[{""Tag"":""BaseAttribute"",""Attributes"":{""Symbol"":""magic_physdefbase"",""Value"":""298""}},{""Tag"":""BaseAttribute"",""Attributes"":{""Symbol"":""magic_magicdefbase"",""Value"":""298""}},{""Tag"":""Attribute"",""Attributes"":{""Symbol"":""magic_maxhp"",""Rate"":""100""}}]"
18581,Equip,10472065,12,Chưa dùng,Cuff4_9,3,389,2,-1,-1,95,-1,3480,2784,231,true,1,95,4,4,1,-1,-1,,Chưa dùng,,"[{""Tag"":""BaseAttribute"",""Attributes"":{""Symbol"":""magic_physdefbase"",""Value"":""298""}},{""Tag"":""BaseAttribute"",""Attributes"":{""Symbol"":""magic_magicdefbase"",""Value"":""298""}},{""Tag"":""Attribute"",""Attributes"":{""Symbol"":""magic_maxhp"",""Rate"":""100""}}]"
18582,Equip,10472066,12,Chưa dùng,Cuff4_9,3,389,2,-1,-1,96,-1,3560,2848,232,true,1,96,4,4,1,-1,-1,,Chưa dùng,,"[{""Tag"":""BaseAttribute"",""Attributes"":{""Symbol"":""magic_physdefbase"",""Value"":""298""}},{""Tag"":""BaseAttribute"",""Attributes"":{""Symbol"":""magic_magicdefbase"",""Value"":""298""}},{""Tag"":""Attribute"",""Attributes"":{""Symbol"":""magic_maxhp"",""Rate"":""100""}}]"
18583,Equip,10472067,12,Chưa dùng,Cuff4_9,3,389,2,-1,-1,97,-1,3640,2912,234,true,1,97,4,4,1,-1,-1,,Chưa dùng,,"[{""Tag"":""BaseAttribute"",""Attributes"":{""Symbol"":""magic_physdefbase"",""Value"":""298""}},{""Tag"":""BaseAttribute"",""Attributes"":{""Symbol"":""magic_magicdefbase"",""Value"":""298""}},{""Tag"":""Attribute"",""Attributes"":{""Symbol"":""magic_maxhp"",""Rate"":""100""}}]"
18584,Equip,10472068,12,Chưa dùng,Cuff4_9,3,389,2,-1,-1,98,-1,3720,2976,235,true,1,98,4,4,1,-1,-1,,Chưa dùng,,"[{""Tag"":""BaseAttribute"",""Attributes"":{""Symbol"":""magic_physdefbase"",""Value"":""298""}},{""Tag"":""BaseAttribute"",""Attributes"":{""Symbol"":""magic_magicdefbase"",""Value"":""298""}},{""Tag"":""Attribute"",""Attributes"":{""Symbol"":""magic_maxhp"",""Rate"":""100""}}]"
18585,Equip,10472069,12,Chưa dùng,Cuff4_9,3,389,2,-1,-1,99,-1,3800,3040,236,true,1,99,4,4,1,-1,-1,,Chưa dùng,,"[{""Tag"":""BaseAttribute"",""Attributes"":{""Symbol"":""magic_physdefbase"",""Value"":""298""}},{""Tag"":""BaseAttribute"",""Attributes"":{""Symbol"":""magic_magicdefbase"",""Value"":""298""}},{""Tag"":""Attribute"",""Attributes"":{""Symbol"":""magic_maxhp"",""Rate"":""100""}}]"
18586,Equip,10472070,12,Chưa dùng,Cuff4_9,3,389,2,-1,-1,100,-1,4600,3680,237,true,1,100,4,4,1,-1,-1,,Chưa dùng,,"[{""Tag"":""BaseAttribute"",""Attributes"":{""Symbol"":""magic_physdefbase"",""Value"":""330""}},{""Tag"":""BaseAttribute"",""Attributes"":{""Symbol"":""magic_magicdefbase"",""Value"":""330""}},{""Tag"":""Attribute"",""Attributes"":{""Symbol"":""magic_maxhp"",""Rate"":""100""}}]"
18587,Equip,10472071,12,Chưa dùng,Cuff4_8,3,423,2,-1,-1,91,-1,3160,2528,226,true,1,91,4,4,1,-1,-1,,Chưa dùng,,"[{""Tag"":""BaseAttribute"",""Attributes"":{""Symbol"":""magic_physdefbase"",""Value"":""298""}},{""Tag"":""BaseAttribute"",""Attributes"":{""Symbol"":""magic_magicdefbase"",""Value"":""298""}},{""Tag"":""Attribute"",""Attributes"":{""Symbol"":""magic_maxhp"",""Rate"":""100""}}]"
18588,Equip,10472072,12,Chưa dùng,Cuff4_8,3,423,2,-1,-1,92,-1,3240,2592,227,true,1,92,4,4,1,-1,-1,,Chưa dùng,,"[{""Tag"":""BaseAttribute"",""Attributes"":{""Symbol"":""magic_physdefbase"",""Value"":""298""}},{""Tag"":""BaseAttribute"",""Attributes"":{""Symbol"":""magic_magicdefbase"",""Value"":""298""}},{""Tag"":""Attribute"",""Attributes"":{""Symbol"":""magic_maxhp"",""Rate"":""100""}}]"
18589,Equip,10472073,12,Chưa dùng,Cuff4_8,3,423,2,-1,-1,93,-1,3320,2656,229,true,1,93,4,4,1,-1,-1,,Chưa dùng,,"[{""Tag"":""BaseAttribute"",""Attributes"":{""Symbol"":""magic_physdefbase"",""Value"":""298""}},{""Tag"":""BaseAttribute"",""Attributes"":{""Symbol"":""magic_magicdefbase"",""Value"":""298""}},{""Tag"":""Attribute"",""Attributes"":{""Symbol"":""magic_maxhp"",""Rate"":""100""}}]"
18590,Equip,10472074,12,Chưa dùng,Cuff4_8,3,423,2,-1,-1,94,-1,3400,2720,230,true,1,94,4,4,1,-1,-1,,Chưa dùng,,"[{""Tag"":""BaseAttribute"",""Attributes"":{""Symbol"":""magic_physdefbase"",""Value"":""298""}},{""Tag"":""BaseAttribute"",""Attributes"":{""Symbol"":""magic_magicdefbase"",""Value"":""298""}},{""Tag"":""Attribute"",""Attributes"":{""Symbol"":""magic_maxhp"",""Rate"":""100""}}]"
18591,Equip,10472075,12,Chưa dùng,Cuff4_8,3,423,2,-1,-1,95,-1,3480,2784,231,true,1,95,4,4,1,-1,-1,,Chưa dùng,,"[{""Tag"":""BaseAttribute"",""Attributes"":{""Symbol"":""magic_physdefbase"",""Value"":""298""}},{""Tag"":""BaseAttribute"",""Attributes"":{""Symbol"":""magic_magicdefbase"",""Value"":""298""}},{""Tag"":""Attribute"",""Attributes"":{""Symbol"":""magic_maxhp"",""Rate"":""100""}}]"
18592,Equip,10472076,12,Chưa dùng,Cuff4_8,3,423,2,-1,-1,96,-1,3560,2848,232,true,1,96,4,4,1,-1,-1,,Chưa dùng,,"[{""Tag"":""BaseAttribute"",""Attributes"":{""Symbol"":""magic_physdefbase"",""Value"":""298""}},{""Tag"":""BaseAttribute"",""Attributes"":{""Symbol"":""magic_magicdefbase"",""Value"":""298""}},{""Tag"":""Attribute"",""Attributes"":{""Symbol"":""magic_maxhp"",""Rate"":""100""}}]"
18593,Equip,10472077,12,Chưa dùng,Cuff4_8,3,423,2,-1,-1,97,-1,3640,2912,234,true,1,97,4,4,1,-1,-1,,Chưa dùng,,"[{""Tag"":""BaseAttribute"",""Attributes"":{""Symbol"":""magic_physdefbase"",""Value"":""298""}},{""Tag"":""BaseAttribute"",""Attributes"":{""Symbol"":""magic_magicdefbase"",""Value"":""298""}},{""Tag"":""Attribute"",""Attributes"":{""Symbol"":""magic_maxhp"",""Rate"":""100""}}]"
18594,Equip,10472078,12,Chưa dùng,Cuff4_8,3,423,2,-1,-1,98,-1,3720,2976,235,true,1,98,4,4,1,-1,-1,,Chưa dùng,,"[{""Tag"":""BaseAttribute"",""Attributes"":{""Symbol"":""magic_physdefbase"",""Value"":""298""}},{""Tag"":""BaseAttribute"",""Attributes"":{""Symbol"":""magic_magicdefbase"",""Value"":""298""}},{""Tag"":""Attribute"",""Attributes"":{""Symbol"":""magic_maxhp"",""Rate"":""100""}}]"
18595,Equip,10472079,12,Chưa dùng,Cuff4_8,3,423,2,-1,-1,99,-1,3800,3040,236,true,1,99,4,4,1,-1,-1,,Chưa dùng,,"[{""Tag"":""BaseAttribute"",""Attributes"":{""Symbol"":""magic_physdefbase"",""Value"":""298""}},{""Tag"":""BaseAttribute"",""Attributes"":{""Symbol"":""magic_magicdefbase"",""Value"":""298""}},{""Tag"":""Attribute"",""Attributes"":{""Symbol"":""magic_maxhp"",""Rate"":""100""}}]"
18596,Equip,10472080,12,Chưa dùng,Cuff4_8,3,423,2,-1,-1,100,-1,4600,3680,237,true,1,100,4,4,1,-1,-1,,Chưa dùng,,"[{""Tag"":""BaseAttribute"",""Attributes"":{""Symbol"":""magic_physdefbase"",""Value"":""330""}},{""Tag"":""BaseAttribute"",""Attributes"":{""Symbol"":""magic_magicdefbase"",""Value"":""330""}},{""Tag"":""Attribute"",""Attributes"":{""Symbol"":""magic_maxhp"",""Rate"":""100""}}]"
18597,Equip,10472081,12,Chưa dùng,Cuff4_9,3,427,2,-1,-1,91,-1,3160,2528,226,true,1,91,4,4,1,-1,-1,,Chưa dùng,,"[{""Tag"":""BaseAttribute"",""Attributes"":{""Symbol"":""magic_physdefbase"",""Value"":""298""}},{""Tag"":""BaseAttribute"",""Attributes"":{""Symbol"":""magic_magicdefbase"",""Value"":""298""}},{""Tag"":""Attribute"",""Attributes"":{""Symbol"":""magic_maxhp"",""Rate"":""100""}}]"
18598,Equip,10472082,12,Chưa dùng,Cuff4_9,3,427,2,-1,-1,92,-1,3240,2592,227,true,1,92,4,4,1,-1,-1,,Chưa dùng,,"[{""Tag"":""BaseAttribute"",""Attributes"":{""Symbol"":""magic_physdefbase"",""Value"":""298""}},{""Tag"":""BaseAttribute"",""Attributes"":{""Symbol"":""magic_magicdefbase"",""Value"":""298""}},{""Tag"":""Attribute"",""Attributes"":{""Symbol"":""magic_maxhp"",""Rate"":""100""}}]"
18599,Equip,10472083,12,Chưa dùng,Cuff4_9,3,427,2,-1,-1,93,-1,3320,2656,229,true,1,93,4,4,1,-1,-1,,Chưa dùng,,"[{""Tag"":""BaseAttribute"",""Attributes"":{""Symbol"":""magic_physdefbase"",""Value"":""298""}},{""Tag"":""BaseAttribute"",""Attributes"":{""Symbol"":""magic_magicdefbase"",""Value"":""298""}},{""Tag"":""Attribute"",""Attributes"":{""Symbol"":""magic_maxhp"",""Rate"":""100""}}]"
18600,Equip,10472084,12,Chưa dùng,Cuff4_9,3,427,2,-1,-1,94,-1,3400,2720,230,true,1,94,4,4,1,-1,-1,,Chưa dùng,,"[{""Tag"":""BaseAttribute"",""Attributes"":{""Symbol"":""magic_physdefbase"",""Value"":""298""}},{""Tag"":""BaseAttribute"",""Attributes"":{""Symbol"":""magic_magicdefbase"",""Value"":""298""}},{""Tag"":""Attribute"",""Attributes"":{""Symbol"":""magic_maxhp"",""Rate"":""100""}}]"
18601,Equip,10472085,12,Chưa dùng,Cuff4_9,3,427,2,-1,-1,95,-1,3480,2784,231,true,1,95,4,4,1,-1,-1,,Chưa dùng,,"[{""Tag"":""BaseAttribute"",""Attributes"":{""Symbol"":""magic_physdefbase"",""Value"":""298""}},{""Tag"":""BaseAttribute"",""Attributes"":{""Symbol"":""magic_magicdefbase"",""Value"":""298""}},{""Tag"":""Attribute"",""Attributes"":{""Symbol"":""magic_maxhp"",""Rate"":""100""}}]"
18602,Equip,10472086,12,Chưa dùng,Cuff4_9,3,427,2,-1,-1,96,-1,3560,2848,232,true,1,96,4,4,1,-1,-1,,Chưa dùng,,"[{""Tag"":""BaseAttribute"",""Attributes"":{""Symbol"":""magic_physdefbase"",""Value"":""298""}},{""Tag"":""BaseAttribute"",""Attributes"":{""Symbol"":""magic_magicdefbase"",""Value"":""298""}},{""Tag"":""Attribute"",""Attributes"":{""Symbol"":""magic_maxhp"",""Rate"":""100""}}]"
18603,Equip,10472087,12,Chưa dùng,Cuff4_9,3,427,2,-1,-1,97,-1,3640,2912,234,true,1,97,4,4,1,-1,-1,,Chưa dùng,,"[{""Tag"":""BaseAttribute"",""Attributes"":{""Symbol"":""magic_physdefbase"",""Value"":""298""}},{""Tag"":""BaseAttribute"",""Attributes"":{""Symbol"":""magic_magicdefbase"",""Value"":""298""}},{""Tag"":""Attribute"",""Attributes"":{""Symbol"":""magic_maxhp"",""Rate"":""100""}}]"
18604,Equip,10472088,12,Chưa dùng,Cuff4_9,3,427,2,-1,-1,98,-1,3720,2976,235,true,1,98,4,4,1,-1,-1,,Chưa dùng,,"[{""Tag"":""BaseAttribute"",""Attributes"":{""Symbol"":""magic_physdefbase"",""Value"":""298""}},{""Tag"":""BaseAttribute"",""Attributes"":{""Symbol"":""magic_magicdefbase"",""Value"":""298""}},{""Tag"":""Attribute"",""Attributes"":{""Symbol"":""magic_maxhp"",""Rate"":""100""}}]"
18605,Equip,10472089,12,Chưa dùng,Cuff4_9,3,427,2,-1,-1,99,-1,3800,3040,236,true,1,99,4,4,1,-1,-1,,Chưa dùng,,"[{""Tag"":""BaseAttribute"",""Attributes"":{""Symbol"":""magic_physdefbase"",""Value"":""298""}},{""Tag"":""BaseAttribute"",""Attributes"":{""Symbol"":""magic_magicdefbase"",""Value"":""298""}},{""Tag"":""Attribute"",""Attributes"":{""Symbol"":""magic_maxhp"",""Rate"":""100""}}]"
18606,Equip,10472090,12,Chưa dùng,Cuff4_9,3,427,2,-1,-1,100,-1,4600,3680,237,true,1,100,4,4,1,-1,-1,,Chưa dùng,,"[{""Tag"":""BaseAttribute"",""Attributes"":{""Symbol"":""magic_physdefbase"",""Value"":""330""}},{""Tag"":""BaseAttribute"",""Attributes"":{""Symbol"":""magic_magicdefbase"",""Value"":""330""}},{""Tag"":""Attribute"",""Attributes"":{""Symbol"":""magic_maxhp"",""Rate"":""100""}}]"
18607,Equip,10472091,12,Chưa dùng,Cuff4_8,3,385,2,-1,-1,91,-1,3160,2528,226,true,1,91,4,4,1,-1,-1,,Chưa dùng,,"[{""Tag"":""BaseAttribute"",""Attributes"":{""Symbol"":""magic_physdefbase"",""Value"":""298""}},{""Tag"":""BaseAttribute"",""Attributes"":{""Symbol"":""magic_magicdefbase"",""Value"":""298""}},{""Tag"":""Attribute"",""Attributes"":{""Symbol"":""magic_maxhp"",""Rate"":""100""}}]"
18608,Equip,10472092,12,Chưa dùng,Cuff4_8,3,385,2,-1,-1,92,-1,3240,2592,227,true,1,92,4,4,1,-1,-1,,Chưa dùng,,"[{""Tag"":""BaseAttribute"",""Attributes"":{""Symbol"":""magic_physdefbase"",""Value"":""298""}},{""Tag"":""BaseAttribute"",""Attributes"":{""Symbol"":""magic_magicdefbase"",""Value"":""298""}},{""Tag"":""Attribute"",""Attributes"":{""Symbol"":""magic_maxhp"",""Rate"":""100""}}]"
18609,Equip,10472093,12,Chưa dùng,Cuff4_8,3,385,2,-1,-1,93,-1,3320,2656,229,true,1,93,4,4,1,-1,-1,,Chưa dùng,,"[{""Tag"":""BaseAttribute"",""Attributes"":{""Symbol"":""magic_physdefbase"",""Value"":""298""}},{""Tag"":""BaseAttribute"",""Attributes"":{""Symbol"":""magic_magicdefbase"",""Value"":""298""}},{""Tag"":""Attribute"",""Attributes"":{""Symbol"":""magic_maxhp"",""Rate"":""100""}}]"
18610,Equip,10472094,12,Chưa dùng,Cuff4_8,3,385,2,-1,-1,94,-1,3400,2720,230,true,1,94,4,4,1,-1,-1,,Chưa dùng,,"[{""Tag"":""BaseAttribute"",""Attributes"":{""Symbol"":""magic_physdefbase"",""Value"":""298""}},{""Tag"":""BaseAttribute"",""Attributes"":{""Symbol"":""magic_magicdefbase"",""Value"":""298""}},{""Tag"":""Attribute"",""Attributes"":{""Symbol"":""magic_maxhp"",""Rate"":""100""}}]"
18611,Equip,10472095,12,Chưa dùng,Cuff4_8,3,385,2,-1,-1,95,-1,3480,2784,231,true,1,95,4,4,1,-1,-1,,Chưa dùng,,"[{""Tag"":""BaseAttribute"",""Attributes"":{""Symbol"":""magic_physdefbase"",""Value"":""298""}},{""Tag"":""BaseAttribute"",""Attributes"":{""Symbol"":""magic_magicdefbase"",""Value"":""298""}},{""Tag"":""Attribute"",""Attributes"":{""Symbol"":""magic_maxhp"",""Rate"":""100""}}]"
18612,Equip,10472096,12,Chưa dùng,Cuff4_8,3,385,2,-1,-1,96,-1,3560,2848,232,true,1,96,4,4,1,-1,-1,,Chưa dùng,,"[{""Tag"":""BaseAttribute"",""Attributes"":{""Symbol"":""magic_physdefbase"",""Value"":""298""}},{""Tag"":""BaseAttribute"",""Attributes"":{""Symbol"":""magic_magicdefbase"",""Value"":""298""}},{""Tag"":""Attribute"",""Attributes"":{""Symbol"":""magic_maxhp"",""Rate"":""100""}}]"
18613,Equip,10472097,12,Chưa dùng,Cuff4_8,3,385,2,-1,-1,97,-1,3640,2912,234,true,1,97,4,4,1,-1,-1,,Chưa dùng,,"[{""Tag"":""BaseAttribute"",""Attributes"":{""Symbol"":""magic_physdefbase"",""Value"":""298""}},{""Tag"":""BaseAttribute"",""Attributes"":{""Symbol"":""magic_magicdefbase"",""Value"":""298""}},{""Tag"":""Attribute"",""Attributes"":{""Symbol"":""magic_maxhp"",""Rate"":""100""}}]"
18614,Equip,10472098,12,Chưa dùng,Cuff4_8,3,385,2,-1,-1,98,-1,3720,2976,235,true,1,98,4,4,1,-1,-1,,Chưa dùng,,"[{""Tag"":""BaseAttribute"",""Attributes"":{""Symbol"":""magic_physdefbase"",""Value"":""298""}},{""Tag"":""BaseAttribute"",""Attributes"":{""Symbol"":""magic_magicdefbase"",""Value"":""298""}},{""Tag"":""Attribute"",""Attributes"":{""Symbol"":""magic_maxhp"",""Rate"":""100""}}]"
18615,Equip,10472099,12,Chưa dùng,Cuff4_8,3,385,2,-1,-1,99,-1,3800,3040,236,true,1,99,4,4,1,-1,-1,,Chưa dùng,,"[{""Tag"":""BaseAttribute"",""Attributes"":{""Symbol"":""magic_physdefbase"",""Value"":""298""}},{""Tag"":""BaseAttribute"",""Attributes"":{""Symbol"":""magic_magicdefbase"",""Value"":""298""}},{""Tag"":""Attribute"",""Attributes"":{""Symbol"":""magic_maxhp"",""Rate"":""100""}}]"
18616,Equip,10472100,12,Chưa dùng,Cuff4_8,3,385,2,-1,-1,100,-1,4600,3680,237,true,1,100,4,4,1,-1,-1,,Chưa dùng,,"[{""Tag"":""BaseAttribute"",""Attributes"":{""Symbol"":""magic_physdefbase"",""Value"":""330""}},{""Tag"":""BaseAttribute"",""Attributes"":{""Symbol"":""magic_magicdefbase"",""Value"":""330""}},{""Tag"":""Attribute"",""Attributes"":{""Symbol"":""magic_maxhp"",""Rate"":""100""}}]"
18617,Equip,10472101,12,Chưa dùng,Cuff4_9,3,389,2,-1,-1,91,-1,3160,2528,226,true,1,91,4,4,1,-1,-1,,Chưa dùng,,"[{""Tag"":""BaseAttribute"",""Attributes"":{""Symbol"":""magic_physdefbase"",""Value"":""298""}},{""Tag"":""BaseAttribute"",""Attributes"":{""Symbol"":""magic_magicdefbase"",""Value"":""298""}},{""Tag"":""Attribute"",""Attributes"":{""Symbol"":""magic_maxhp"",""Rate"":""100""}}]"
18618,Equip,10472102,12,Chưa dùng,Cuff4_9,3,389,2,-1,-1,92,-1,3240,2592,227,true,1,92,4,4,1,-1,-1,,Chưa dùng,,"[{""Tag"":""BaseAttribute"",""Attributes"":{""Symbol"":""magic_physdefbase"",""Value"":""298""}},{""Tag"":""BaseAttribute"",""Attributes"":{""Symbol"":""magic_magicdefbase"",""Value"":""298""}},{""Tag"":""Attribute"",""Attributes"":{""Symbol"":""magic_maxhp"",""Rate"":""100""}}]"
18619,Equip,10472103,12,Chưa dùng,Cuff4_9,3,389,2,-1,-1,93,-1,3320,2656,229,true,1,93,4,4,1,-1,-1,,Chưa dùng,,"[{""Tag"":""BaseAttribute"",""Attributes"":{""Symbol"":""magic_physdefbase"",""Value"":""298""}},{""Tag"":""BaseAttribute"",""Attributes"":{""Symbol"":""magic_magicdefbase"",""Value"":""298""}},{""Tag"":""Attribute"",""Attributes"":{""Symbol"":""magic_maxhp"",""Rate"":""100""}}]"
18620,Equip,10472104,12,Chưa dùng,Cuff4_9,3,389,2,-1,-1,94,-1,3400,2720,230,true,1,94,4,4,1,-1,-1,,Chưa dùng,,"[{""Tag"":""BaseAttribute"",""Attributes"":{""Symbol"":""magic_physdefbase"",""Value"":""298""}},{""Tag"":""BaseAttribute"",""Attributes"":{""Symbol"":""magic_magicdefbase"",""Value"":""298""}},{""Tag"":""Attribute"",""Attributes"":{""Symbol"":""magic_maxhp"",""Rate"":""100""}}]"
18621,Equip,10472105,12,Chưa dùng,Cuff4_9,3,389,2,-1,-1,95,-1,3480,2784,231,true,1,95,4,4,1,-1,-1,,Chưa dùng,,"[{""Tag"":""BaseAttribute"",""Attributes"":{""Symbol"":""magic_physdefbase"",""Value"":""298""}},{""Tag"":""BaseAttribute"",""Attributes"":{""Symbol"":""magic_magicdefbase"",""Value"":""298""}},{""Tag"":""Attribute"",""Attributes"":{""Symbol"":""magic_maxhp"",""Rate"":""100""}}]"
18622,Equip,10472106,12,Chưa dùng,Cuff4_9,3,389,2,-1,-1,96,-1,3560,2848,232,true,1,96,4,4,1,-1,-1,,Chưa dùng,,"[{""Tag"":""BaseAttribute"",""Attributes"":{""Symbol"":""magic_physdefbase"",""Value"":""298""}},{""Tag"":""BaseAttribute"",""Attributes"":{""Symbol"":""magic_magicdefbase"",""Value"":""298""}},{""Tag"":""Attribute"",""Attributes"":{""Symbol"":""magic_maxhp"",""Rate"":""100""}}]"
18623,Equip,10472107,12,Chưa dùng,Cuff4_9,3,389,2,-1,-1,97,-1,3640,2912,234,true,1,97,4,4,1,-1,-1,,Chưa dùng,,"[{""Tag"":""BaseAttribute"",""Attributes"":{""Symbol"":""magic_physdefbase"",""Value"":""298""}},{""Tag"":""BaseAttribute"",""Attributes"":{""Symbol"":""magic_magicdefbase"",""Value"":""298""}},{""Tag"":""Attribute"",""Attributes"":{""Symbol"":""magic_maxhp"",""Rate"":""100""}}]"
18624,Equip,10472108,12,Chưa dùng,Cuff4_9,3,389,2,-1,-1,98,-1,3720,2976,235,true,1,98,4,4,1,-1,-1,,Chưa dùng,,"[{""Tag"":""BaseAttribute"",""Attributes"":{""Symbol"":""magic_physdefbase"",""Value"":""298""}},{""Tag"":""BaseAttribute"",""Attributes"":{""Symbol"":""magic_magicdefbase"",""Value"":""298""}},{""Tag"":""Attribute"",""Attributes"":{""Symbol"":""magic_maxhp"",""Rate"":""100""}}]"
18625,Equip,10472109,12,Chưa dùng,Cuff4_9,3,389,2,-1,-1,99,-1,3800,3040,236,true,1,99,4,4,1,-1,-1,,Chưa dùng,,"[{""Tag"":""BaseAttribute"",""Attributes"":{""Symbol"":""magic_physdefbase"",""Value"":""298""}},{""Tag"":""BaseAttribute"",""Attributes"":{""Symbol"":""magic_magicdefbase"",""Value"":""298""}},{""Tag"":""Attribute"",""Attributes"":{""Symbol"":""magic_maxhp"",""Rate"":""100""}}]"
18626,Equip,10472110,12,Chưa dùng,Cuff4_9,3,389,2,-1,-1,100,-1,4600,3680,237,true,1,100,4,4,1,-1,-1,,Chưa dùng,,"[{""Tag"":""BaseAttribute"",""Attributes"":{""Symbol"":""magic_physdefbase"",""Value"":""330""}},{""Tag"":""BaseAttribute"",""Attributes"":{""Symbol"":""magic_magicdefbase"",""Value"":""330""}},{""Tag"":""Attribute"",""Attributes"":{""Symbol"":""magic_maxhp"",""Rate"":""100""}}]"
18627,Equip,10472111,12,Chưa dùng,Cuff4_8,3,423,2,-1,-1,91,-1,3160,2528,226,true,1,91,4,4,1,-1,-1,,Chưa dùng,,"[{""Tag"":""BaseAttribute"",""Attributes"":{""Symbol"":""magic_physdefbase"",""Value"":""298""}},{""Tag"":""BaseAttribute"",""Attributes"":{""Symbol"":""magic_magicdefbase"",""Value"":""298""}},{""Tag"":""Attribute"",""Attributes"":{""Symbol"":""magic_maxhp"",""Rate"":""100""}}]"
18628,Equip,10472112,12,Chưa dùng,Cuff4_8,3,423,2,-1,-1,92,-1,3240,2592,227,true,1,92,4,4,1,-1,-1,,Chưa dùng,,"[{""Tag"":""BaseAttribute"",""Attributes"":{""Symbol"":""magic_physdefbase"",""Value"":""298""}},{""Tag"":""BaseAttribute"",""Attributes"":{""Symbol"":""magic_magicdefbase"",""Value"":""298""}},{""Tag"":""Attribute"",""Attributes"":{""Symbol"":""magic_maxhp"",""Rate"":""100""}}]"
18629,Equip,10472113,12,Chưa dùng,Cuff4_8,3,423,2,-1,-1,93,-1,3320,2656,229,true,1,93,4,4,1,-1,-1,,Chưa dùng,,"[{""Tag"":""BaseAttribute"",""Attributes"":{""Symbol"":""magic_physdefbase"",""Value"":""298""}},{""Tag"":""BaseAttribute"",""Attributes"":{""Symbol"":""magic_magicdefbase"",""Value"":""298""}},{""Tag"":""Attribute"",""Attributes"":{""Symbol"":""magic_maxhp"",""Rate"":""100""}}]"
18630,Equip,10472114,12,Chưa dùng,Cuff4_8,3,423,2,-1,-1,94,-1,3400,2720,230,true,1,94,4,4,1,-1,-1,,Chưa dùng,,"[{""Tag"":""BaseAttribute"",""Attributes"":{""Symbol"":""magic_physdefbase"",""Value"":""298""}},{""Tag"":""BaseAttribute"",""Attributes"":{""Symbol"":""magic_magicdefbase"",""Value"":""298""}},{""Tag"":""Attribute"",""Attributes"":{""Symbol"":""magic_maxhp"",""Rate"":""100""}}]"
18631,Equip,10472115,12,Chưa dùng,Cuff4_8,3,423,2,-1,-1,95,-1,3480,2784,231,true,1,95,4,4,1,-1,-1,,Chưa dùng,,"[{""Tag"":""BaseAttribute"",""Attributes"":{""Symbol"":""magic_physdefbase"",""Value"":""298""}},{""Tag"":""BaseAttribute"",""Attributes"":{""Symbol"":""magic_magicdefbase"",""Value"":""298""}},{""Tag"":""Attribute"",""Attributes"":{""Symbol"":""magic_maxhp"",""Rate"":""100""}}]"
18632,Equip,10472116,12,Chưa dùng,Cuff4_8,3,423,2,-1,-1,96,-1,3560,2848,232,true,1,96,4,4,1,-1,-1,,Chưa dùng,,"[{""Tag"":""BaseAttribute"",""Attributes"":{""Symbol"":""magic_physdefbase"",""Value"":""298""}},{""Tag"":""BaseAttribute"",""Attributes"":{""Symbol"":""magic_magicdefbase"",""Value"":""298""}},{""Tag"":""Attribute"",""Attributes"":{""Symbol"":""magic_maxhp"",""Rate"":""100""}}]"
18633,Equip,10472117,12,Chưa dùng,Cuff4_8,3,423,2,-1,-1,97,-1,3640,2912,234,true,1,97,4,4,1,-1,-1,,Chưa dùng,,"[{""Tag"":""BaseAttribute"",""Attributes"":{""Symbol"":""magic_physdefbase"",""Value"":""298""}},{""Tag"":""BaseAttribute"",""Attributes"":{""Symbol"":""magic_magicdefbase"",""Value"":""298""}},{""Tag"":""Attribute"",""Attributes"":{""Symbol"":""magic_maxhp"",""Rate"":""100""}}]"
18634,Equip,10472118,12,Chưa dùng,Cuff4_8,3,423,2,-1,-1,98,-1,3720,2976,235,true,1,98,4,4,1,-1,-1,,Chưa dùng,,"[{""Tag"":""BaseAttribute"",""Attributes"":{""Symbol"":""magic_physdefbase"",""Value"":""298""}},{""Tag"":""BaseAttribute"",""Attributes"":{""Symbol"":""magic_magicdefbase"",""Value"":""298""}},{""Tag"":""Attribute"",""Attributes"":{""Symbol"":""magic_maxhp"",""Rate"":""100""}}]"
18635,Equip,10472119,12,Chưa dùng,Cuff4_8,3,423,2,-1,-1,99,-1,3800,3040,236,true,1,99,4,4,1,-1,-1,,Chưa dùng,,"[{""Tag"":""BaseAttribute"",""Attributes"":{""Symbol"":""magic_physdefbase"",""Value"":""298""}},{""Tag"":""BaseAttribute"",""Attributes"":{""Symbol"":""magic_magicdefbase"",""Value"":""298""}},{""Tag"":""Attribute"",""Attributes"":{""Symbol"":""magic_maxhp"",""Rate"":""100""}}]"
18636,Equip,10472120,12,Chưa dùng,Cuff4_8,3,423,2,-1,-1,100,-1,4600,3680,237,true,1,100,4,4,1,-1,-1,,Chưa dùng,,"[{""Tag"":""BaseAttribute"",""Attributes"":{""Symbol"":""magic_physdefbase"",""Value"":""330""}},{""Tag"":""BaseAttribute"",""Attributes"":{""Symbol"":""magic_magicdefbase"",""Value"":""330""}},{""Tag"":""Attribute"",""Attributes"":{""Symbol"":""magic_maxhp"",""Rate"":""100""}}]"
18637,Equip,10472121,12,Chưa dùng,Cuff4_9,3,427,2,-1,-1,91,-1,3160,2528,226,true,1,91,4,4,1,-1,-1,,Chưa dùng,,"[{""Tag"":""BaseAttribute"",""Attributes"":{""Symbol"":""magic_physdefbase"",""Value"":""298""}},{""Tag"":""BaseAttribute"",""Attributes"":{""Symbol"":""magic_magicdefbase"",""Value"":""298""}},{""Tag"":""Attribute"",""Attributes"":{""Symbol"":""magic_maxhp"",""Rate"":""100""}}]"
18638,Equip,10472122,12,Chưa dùng,Cuff4_9,3,427,2,-1,-1,92,-1,3240,2592,227,true,1,92,4,4,1,-1,-1,,Chưa dùng,,"[{""Tag"":""BaseAttribute"",""Attributes"":{""Symbol"":""magic_physdefbase"",""Value"":""298""}},{""Tag"":""BaseAttribute"",""Attributes"":{""Symbol"":""magic_magicdefbase"",""Value"":""298""}},{""Tag"":""Attribute"",""Attributes"":{""Symbol"":""magic_maxhp"",""Rate"":""100""}}]"
18639,Equip,10472123,12,Chưa dùng,Cuff4_9,3,427,2,-1,-1,93,-1,3320,2656,229,true,1,93,4,4,1,-1,-1,,Chưa dùng,,"[{""Tag"":""BaseAttribute"",""Attributes"":{""Symbol"":""magic_physdefbase"",""Value"":""298""}},{""Tag"":""BaseAttribute"",""Attributes"":{""Symbol"":""magic_magicdefbase"",""Value"":""298""}},{""Tag"":""Attribute"",""Attributes"":{""Symbol"":""magic_maxhp"",""Rate"":""100""}}]"
18640,Equip,10472124,12,Chưa dùng,Cuff4_9,3,427,2,-1,-1,94,-1,3400,2720,230,true,1,94,4,4,1,-1,-1,,Chưa dùng,,"[{""Tag"":""BaseAttribute"",""Attributes"":{""Symbol"":""magic_physdefbase"",""Value"":""298""}},{""Tag"":""BaseAttribute"",""Attributes"":{""Symbol"":""magic_magicdefbase"",""Value"":""298""}},{""Tag"":""Attribute"",""Attributes"":{""Symbol"":""magic_maxhp"",""Rate"":""100""}}]"
18641,Equip,10472125,12,Chưa dùng,Cuff4_9,3,427,2,-1,-1,95,-1,3480,2784,231,true,1,95,4,4,1,-1,-1,,Chưa dùng,,"[{""Tag"":""BaseAttribute"",""Attributes"":{""Symbol"":""magic_physdefbase"",""Value"":""298""}},{""Tag"":""BaseAttribute"",""Attributes"":{""Symbol"":""magic_magicdefbase"",""Value"":""298""}},{""Tag"":""Attribute"",""Attributes"":{""Symbol"":""magic_maxhp"",""Rate"":""100""}}]"
18642,Equip,10472126,12,Chưa dùng,Cuff4_9,3,427,2,-1,-1,96,-1,3560,2848,232,true,1,96,4,4,1,-1,-1,,Chưa dùng,,"[{""Tag"":""BaseAttribute"",""Attributes"":{""Symbol"":""magic_physdefbase"",""Value"":""298""}},{""Tag"":""BaseAttribute"",""Attributes"":{""Symbol"":""magic_magicdefbase"",""Value"":""298""}},{""Tag"":""Attribute"",""Attributes"":{""Symbol"":""magic_maxhp"",""Rate"":""100""}}]"
18643,Equip,10472127,12,Chưa dùng,Cuff4_9,3,427,2,-1,-1,97,-1,3640,2912,234,true,1,97,4,4,1,-1,-1,,Chưa dùng,,"[{""Tag"":""BaseAttribute"",""Attributes"":{""Symbol"":""magic_physdefbase"",""Value"":""298""}},{""Tag"":""BaseAttribute"",""Attributes"":{""Symbol"":""magic_magicdefbase"",""Value"":""298""}},{""Tag"":""Attribute"",""Attributes"":{""Symbol"":""magic_maxhp"",""Rate"":""100""}}]"
18644,Equip,10472128,12,Chưa dùng,Cuff4_9,3,427,2,-1,-1,98,-1,3720,2976,235,true,1,98,4,4,1,-1,-1,,Chưa dùng,,"[{""Tag"":""BaseAttribute"",""Attributes"":{""Symbol"":""magic_physdefbase"",""Value"":""298""}},{""Tag"":""BaseAttribute"",""Attributes"":{""Symbol"":""magic_magicdefbase"",""Value"":""298""}},{""Tag"":""Attribute"",""Attributes"":{""Symbol"":""magic_maxhp"",""Rate"":""100""}}]"
18645,Equip,10472129,12,Chưa dùng,Cuff4_9,3,427,2,-1,-1,99,-1,3800,3040,236,true,1,99,4,4,1,-1,-1,,Chưa dùng,,"[{""Tag"":""BaseAttribute"",""Attributes"":{""Symbol"":""magic_physdefbase"",""Value"":""298""}},{""Tag"":""BaseAttribute"",""Attributes"":{""Symbol"":""magic_magicdefbase"",""Value"":""298""}},{""Tag"":""Attribute"",""Attributes"":{""Symbol"":""magic_maxhp"",""Rate"":""100""}}]"
18646,Equip,10472130,12,Chưa dùng,Cuff4_9,3,427,2,-1,-1,100,-1,4600,3680,237,true,1,100,4,4,1,-1,-1,,Chưa dùng,,"[{""Tag"":""BaseAttribute"",""Attributes"":{""Symbol"":""magic_physdefbase"",""Value"":""330""}},{""Tag"":""BaseAttribute"",""Attributes"":{""Symbol"":""magic_magicdefbase"",""Value"":""330""}},{""Tag"":""Attribute"",""Attributes"":{""Symbol"":""magic_maxhp"",""Rate"":""100""}}]"
18647,Equip,10472131,12,Chưa dùng,Cuff4_8,3,385,2,-1,-1,91,-1,3160,2528,226,true,1,91,4,4,1,-1,-1,,Chưa dùng,,"[{""Tag"":""BaseAttribute"",""Attributes"":{""Symbol"":""magic_physdefbase"",""Value"":""298""}},{""Tag"":""BaseAttribute"",""Attributes"":{""Symbol"":""magic_magicdefbase"",""Value"":""298""}},{""Tag"":""Attribute"",""Attributes"":{""Symbol"":""magic_maxhp"",""Rate"":""100""}}]"
18648,Equip,10472132,12,Chưa dùng,Cuff4_8,3,385,2,-1,-1,92,-1,3240,2592,227,true,1,92,4,4,1,-1,-1,,Chưa dùng,,"[{""Tag"":""BaseAttribute"",""Attributes"":{""Symbol"":""magic_physdefbase"",""Value"":""298""}},{""Tag"":""BaseAttribute"",""Attributes"":{""Symbol"":""magic_magicdefbase"",""Value"":""298""}},{""Tag"":""Attribute"",""Attributes"":{""Symbol"":""magic_maxhp"",""Rate"":""100""}}]"
18649,Equip,10472133,12,Chưa dùng,Cuff4_8,3,385,2,-1,-1,93,-1,3320,2656,229,true,1,93,4,4,1,-1,-1,,Chưa dùng,,"[{""Tag"":""BaseAttribute"",""Attributes"":{""Symbol"":""magic_physdefbase"",""Value"":""298""}},{""Tag"":""BaseAttribute"",""Attributes"":{""Symbol"":""magic_magicdefbase"",""Value"":""298""}},{""Tag"":""Attribute"",""Attributes"":{""Symbol"":""magic_maxhp"",""Rate"":""100""}}]"
18650,Equip,10472134,12,Chưa dùng,Cuff4_8,3,385,2,-1,-1,94,-1,3400,2720,230,true,1,94,4,4,1,-1,-1,,Chưa dùng,,"[{""Tag"":""BaseAttribute"",""Attributes"":{""Symbol"":""magic_physdefbase"",""Value"":""298""}},{""Tag"":""BaseAttribute"",""Attributes"":{""Symbol"":""magic_magicdefbase"",""Value"":""298""}},{""Tag"":""Attribute"",""Attributes"":{""Symbol"":""magic_maxhp"",""Rate"":""100""}}]"
18651,Equip,10472135,12,Chưa dùng,Cuff4_8,3,385,2,-1,-1,95,-1,3480,2784,231,true,1,95,4,4,1,-1,-1,,Chưa dùng,,"[{""Tag"":""BaseAttribute"",""Attributes"":{""Symbol"":""magic_physdefbase"",""Value"":""298""}},{""Tag"":""BaseAttribute"",""Attributes"":{""Symbol"":""magic_magicdefbase"",""Value"":""298""}},{""Tag"":""Attribute"",""Attributes"":{""Symbol"":""magic_maxhp"",""Rate"":""100""}}]"
18652,Equip,10472136,12,Chưa dùng,Cuff4_8,3,385,2,-1,-1,96,-1,3560,2848,232,true,1,96,4,4,1,-1,-1,,Chưa dùng,,"[{""Tag"":""BaseAttribute"",""Attributes"":{""Symbol"":""magic_physdefbase"",""Value"":""298""}},{""Tag"":""BaseAttribute"",""Attributes"":{""Symbol"":""magic_magicdefbase"",""Value"":""298""}},{""Tag"":""Attribute"",""Attributes"":{""Symbol"":""magic_maxhp"",""Rate"":""100""}}]"
18653,Equip,10472137,12,Chưa dùng,Cuff4_8,3,385,2,-1,-1,97,-1,3640,2912,234,true,1,97,4,4,1,-1,-1,,Chưa dùng,,"[{""Tag"":""BaseAttribute"",""Attributes"":{""Symbol"":""magic_physdefbase"",""Value"":""298""}},{""Tag"":""BaseAttribute"",""Attributes"":{""Symbol"":""magic_magicdefbase"",""Value"":""298""}},{""Tag"":""Attribute"",""Attributes"":{""Symbol"":""magic_maxhp"",""Rate"":""100""}}]"
18654,Equip,10472138,12,Chưa dùng,Cuff4_8,3,385,2,-1,-1,98,-1,3720,2976,235,true,1,98,4,4,1,-1,-1,,Chưa dùng,,"[{""Tag"":""BaseAttribute"",""Attributes"":{""Symbol"":""magic_physdefbase"",""Value"":""298""}},{""Tag"":""BaseAttribute"",""Attributes"":{""Symbol"":""magic_magicdefbase"",""Value"":""298""}},{""Tag"":""Attribute"",""Attributes"":{""Symbol"":""magic_maxhp"",""Rate"":""100""}}]"
18655,Equip,10472139,12,Chưa dùng,Cuff4_8,3,385,2,-1,-1,99,-1,3800,3040,236,true,1,99,4,4,1,-1,-1,,Chưa dùng,,"[{""Tag"":""BaseAttribute"",""Attributes"":{""Symbol"":""magic_physdefbase"",""Value"":""298""}},{""Tag"":""BaseAttribute"",""Attributes"":{""Symbol"":""magic_magicdefbase"",""Value"":""298""}},{""Tag"":""Attribute"",""Attributes"":{""Symbol"":""magic_maxhp"",""Rate"":""100""}}]"
18656,Equip,10472140,12,Chưa dùng,Cuff4_8,3,385,2,-1,-1,100,-1,4600,3680,237,true,1,100,4,4,1,-1,-1,,Chưa dùng,,"[{""Tag"":""BaseAttribute"",""Attributes"":{""Symbol"":""magic_physdefbase"",""Value"":""330""}},{""Tag"":""BaseAttribute"",""Attributes"":{""Symbol"":""magic_magicdefbase"",""Value"":""330""}},{""Tag"":""Attribute"",""Attributes"":{""Symbol"":""magic_maxhp"",""Rate"":""100""}}]"
18657,Equip,10472141,12,Chưa dùng,Cuff4_9,3,389,2,-1,-1,91,-1,3160,2528,226,true,1,91,4,4,1,-1,-1,,Chưa dùng,,"[{""Tag"":""BaseAttribute"",""Attributes"":{""Symbol"":""magic_physdefbase"",""Value"":""298""}},{""Tag"":""BaseAttribute"",""Attributes"":{""Symbol"":""magic_magicdefbase"",""Value"":""298""}},{""Tag"":""Attribute"",""Attributes"":{""Symbol"":""magic_maxhp"",""Rate"":""100""}}]"
18658,Equip,10472142,12,Chưa dùng,Cuff4_9,3,389,2,-1,-1,92,-1,3240,2592,227,true,1,92,4,4,1,-1,-1,,Chưa dùng,,"[{""Tag"":""BaseAttribute"",""Attributes"":{""Symbol"":""magic_physdefbase"",""Value"":""298""}},{""Tag"":""BaseAttribute"",""Attributes"":{""Symbol"":""magic_magicdefbase"",""Value"":""298""}},{""Tag"":""Attribute"",""Attributes"":{""Symbol"":""magic_maxhp"",""Rate"":""100""}}]"
18659,Equip,10472143,12,Chưa dùng,Cuff4_9,3,389,2,-1,-1,93,-1,3320,2656,229,true,1,93,4,4,1,-1,-1,,Chưa dùng,,"[{""Tag"":""BaseAttribute"",""Attributes"":{""Symbol"":""magic_physdefbase"",""Value"":""298""}},{""Tag"":""BaseAttribute"",""Attributes"":{""Symbol"":""magic_magicdefbase"",""Value"":""298""}},{""Tag"":""Attribute"",""Attributes"":{""Symbol"":""magic_maxhp"",""Rate"":""100""}}]"
18660,Equip,10472144,12,Chưa dùng,Cuff4_9,3,389,2,-1,-1,94,-1,3400,2720,230,true,1,94,4,4,1,-1,-1,,Chưa dùng,,"[{""Tag"":""BaseAttribute"",""Attributes"":{""Symbol"":""magic_physdefbase"",""Value"":""298""}},{""Tag"":""BaseAttribute"",""Attributes"":{""Symbol"":""magic_magicdefbase"",""Value"":""298""}},{""Tag"":""Attribute"",""Attributes"":{""Symbol"":""magic_maxhp"",""Rate"":""100""}}]"
18661,Equip,10472145,12,Chưa dùng,Cuff4_9,3,389,2,-1,-1,95,-1,3480,2784,231,true,1,95,4,4,1,-1,-1,,Chưa dùng,,"[{""Tag"":""BaseAttribute"",""Attributes"":{""Symbol"":""magic_physdefbase"",""Value"":""298""}},{""Tag"":""BaseAttribute"",""Attributes"":{""Symbol"":""magic_magicdefbase"",""Value"":""298""}},{""Tag"":""Attribute"",""Attributes"":{""Symbol"":""magic_maxhp"",""Rate"":""100""}}]"
18662,Equip,10472146,12,Chưa dùng,Cuff4_9,3,389,2,-1,-1,96,-1,3560,2848,232,true,1,96,4,4,1,-1,-1,,Chưa dùng,,"[{""Tag"":""BaseAttribute"",""Attributes"":{""Symbol"":""magic_physdefbase"",""Value"":""298""}},{""Tag"":""BaseAttribute"",""Attributes"":{""Symbol"":""magic_magicdefbase"",""Value"":""298""}},{""Tag"":""Attribute"",""Attributes"":{""Symbol"":""magic_maxhp"",""Rate"":""100""}}]"
18663,Equip,10472147,12,Chưa dùng,Cuff4_9,3,389,2,-1,-1,97,-1,3640,2912,234,true,1,97,4,4,1,-1,-1,,Chưa dùng,,"[{""Tag"":""BaseAttribute"",""Attributes"":{""Symbol"":""magic_physdefbase"",""Value"":""298""}},{""Tag"":""BaseAttribute"",""Attributes"":{""Symbol"":""magic_magicdefbase"",""Value"":""298""}},{""Tag"":""Attribute"",""Attributes"":{""Symbol"":""magic_maxhp"",""Rate"":""100""}}]"
18664,Equip,10472148,12,Chưa dùng,Cuff4_9,3,389,2,-1,-1,98,-1,3720,2976,235,true,1,98,4,4,1,-1,-1,,Chưa dùng,,"[{""Tag"":""BaseAttribute"",""Attributes"":{""Symbol"":""magic_physdefbase"",""Value"":""298""}},{""Tag"":""BaseAttribute"",""Attributes"":{""Symbol"":""magic_magicdefbase"",""Value"":""298""}},{""Tag"":""Attribute"",""Attributes"":{""Symbol"":""magic_maxhp"",""Rate"":""100""}}]"
18665,Equip,10472149,12,Chưa dùng,Cuff4_9,3,389,2,-1,-1,99,-1,3800,3040,236,true,1,99,4,4,1,-1,-1,,Chưa dùng,,"[{""Tag"":""BaseAttribute"",""Attributes"":{""Symbol"":""magic_physdefbase"",""Value"":""298""}},{""Tag"":""BaseAttribute"",""Attributes"":{""Symbol"":""magic_magicdefbase"",""Value"":""298""}},{""Tag"":""Attribute"",""Attributes"":{""Symbol"":""magic_maxhp"",""Rate"":""100""}}]"
18666,Equip,10472150,12,Chưa dùng,Cuff4_9,3,389,2,-1,-1,100,-1,4600,3680,237,true,1,100,4,4,1,-1,-1,,Chưa dùng,,"[{""Tag"":""BaseAttribute"",""Attributes"":{""Symbol"":""magic_physdefbase"",""Value"":""330""}},{""Tag"":""BaseAttribute"",""Attributes"":{""Symbol"":""magic_magicdefbase"",""Value"":""330""}},{""Tag"":""Attribute"",""Attributes"":{""Symbol"":""magic_maxhp"",""Rate"":""100""}}]"
18667,Equip,10472151,12,Chưa dùng,Cuff4_8,3,423,2,-1,-1,91,-1,3160,2528,226,true,1,91,4,4,1,-1,-1,,Chưa dùng,,"[{""Tag"":""BaseAttribute"",""Attributes"":{""Symbol"":""magic_physdefbase"",""Value"":""298""}},{""Tag"":""BaseAttribute"",""Attributes"":{""Symbol"":""magic_magicdefbase"",""Value"":""298""}},{""Tag"":""Attribute"",""Attributes"":{""Symbol"":""magic_maxhp"",""Rate"":""100""}}]"
18668,Equip,10472152,12,Chưa dùng,Cuff4_8,3,423,2,-1,-1,92,-1,3240,2592,227,true,1,92,4,4,1,-1,-1,,Chưa dùng,,"[{""Tag"":""BaseAttribute"",""Attributes"":{""Symbol"":""magic_physdefbase"",""Value"":""298""}},{""Tag"":""BaseAttribute"",""Attributes"":{""Symbol"":""magic_magicdefbase"",""Value"":""298""}},{""Tag"":""Attribute"",""Attributes"":{""Symbol"":""magic_maxhp"",""Rate"":""100""}}]"
18669,Equip,10472153,12,Chưa dùng,Cuff4_8,3,423,2,-1,-1,93,-1,3320,2656,229,true,1,93,4,4,1,-1,-1,,Chưa dùng,,"[{""Tag"":""BaseAttribute"",""Attributes"":{""Symbol"":""magic_physdefbase"",""Value"":""298""}},{""Tag"":""BaseAttribute"",""Attributes"":{""Symbol"":""magic_magicdefbase"",""Value"":""298""}},{""Tag"":""Attribute"",""Attributes"":{""Symbol"":""magic_maxhp"",""Rate"":""100""}}]"
18670,Equip,10472154,12,Chưa dùng,Cuff4_8,3,423,2,-1,-1,94,-1,3400,2720,230,true,1,94,4,4,1,-1,-1,,Chưa dùng,,"[{""Tag"":""BaseAttribute"",""Attributes"":{""Symbol"":""magic_physdefbase"",""Value"":""298""}},{""Tag"":""BaseAttribute"",""Attributes"":{""Symbol"":""magic_magicdefbase"",""Value"":""298""}},{""Tag"":""Attribute"",""Attributes"":{""Symbol"":""magic_maxhp"",""Rate"":""100""}}]"
18671,Equip,10472155,12,Chưa dùng,Cuff4_8,3,423,2,-1,-1,95,-1,3480,2784,231,true,1,95,4,4,1,-1,-1,,Chưa dùng,,"[{""Tag"":""BaseAttribute"",""Attributes"":{""Symbol"":""magic_physdefbase"",""Value"":""298""}},{""Tag"":""BaseAttribute"",""Attributes"":{""Symbol"":""magic_magicdefbase"",""Value"":""298""}},{""Tag"":""Attribute"",""Attributes"":{""Symbol"":""magic_maxhp"",""Rate"":""100""}}]"
18672,Equip,10472156,12,Chưa dùng,Cuff4_8,3,423,2,-1,-1,96,-1,3560,2848,232,true,1,96,4,4,1,-1,-1,,Chưa dùng,,"[{""Tag"":""BaseAttribute"",""Attributes"":{""Symbol"":""magic_physdefbase"",""Value"":""298""}},{""Tag"":""BaseAttribute"",""Attributes"":{""Symbol"":""magic_magicdefbase"",""Value"":""298""}},{""Tag"":""Attribute"",""Attributes"":{""Symbol"":""magic_maxhp"",""Rate"":""100""}}]"
18673,Equip,10472157,12,Chưa dùng,Cuff4_8,3,423,2,-1,-1,97,-1,3640,2912,234,true,1,97,4,4,1,-1,-1,,Chưa dùng,,"[{""Tag"":""BaseAttribute"",""Attributes"":{""Symbol"":""magic_physdefbase"",""Value"":""298""}},{""Tag"":""BaseAttribute"",""Attributes"":{""Symbol"":""magic_magicdefbase"",""Value"":""298""}},{""Tag"":""Attribute"",""Attributes"":{""Symbol"":""magic_maxhp"",""Rate"":""100""}}]"
18674,Equip,10472158,12,Chưa dùng,Cuff4_8,3,423,2,-1,-1,98,-1,3720,2976,235,true,1,98,4,4,1,-1,-1,,Chưa dùng,,"[{""Tag"":""BaseAttribute"",""Attributes"":{""Symbol"":""magic_physdefbase"",""Value"":""298""}},{""Tag"":""BaseAttribute"",""Attributes"":{""Symbol"":""magic_magicdefbase"",""Value"":""298""}},{""Tag"":""Attribute"",""Attributes"":{""Symbol"":""magic_maxhp"",""Rate"":""100""}}]"
18675,Equip,10472159,12,Chưa dùng,Cuff4_8,3,423,2,-1,-1,99,-1,3800,3040,236,true,1,99,4,4,1,-1,-1,,Chưa dùng,,"[{""Tag"":""BaseAttribute"",""Attributes"":{""Symbol"":""magic_physdefbase"",""Value"":""298""}},{""Tag"":""BaseAttribute"",""Attributes"":{""Symbol"":""magic_magicdefbase"",""Value"":""298""}},{""Tag"":""Attribute"",""Attributes"":{""Symbol"":""magic_maxhp"",""Rate"":""100""}}]"
18676,Equip,10472160,12,Chưa dùng,Cuff4_8,3,423,2,-1,-1,100,-1,4600,3680,237,true,1,100,4,4,1,-1,-1,,Chưa dùng,,"[{""Tag"":""BaseAttribute"",""Attributes"":{""Symbol"":""magic_physdefbase"",""Value"":""330""}},{""Tag"":""BaseAttribute"",""Attributes"":{""Symbol"":""magic_magicdefbase"",""Value"":""330""}},{""Tag"":""Attribute"",""Attributes"":{""Symbol"":""magic_maxhp"",""Rate"":""100""}}]"
18677,Equip,10472161,12,Chưa dùng,Cuff4_9,3,427,2,-1,-1,91,-1,3160,2528,226,true,1,91,4,4,1,-1,-1,,Chưa dùng,,"[{""Tag"":""BaseAttribute"",""Attributes"":{""Symbol"":""magic_physdefbase"",""Value"":""298""}},{""Tag"":""BaseAttribute"",""Attributes"":{""Symbol"":""magic_magicdefbase"",""Value"":""298""}},{""Tag"":""Attribute"",""Attributes"":{""Symbol"":""magic_maxhp"",""Rate"":""100""}}]"
18678,Equip,10472162,12,Chưa dùng,Cuff4_9,3,427,2,-1,-1,92,-1,3240,2592,227,true,1,92,4,4,1,-1,-1,,Chưa dùng,,"[{""Tag"":""BaseAttribute"",""Attributes"":{""Symbol"":""magic_physdefbase"",""Value"":""298""}},{""Tag"":""BaseAttribute"",""Attributes"":{""Symbol"":""magic_magicdefbase"",""Value"":""298""}},{""Tag"":""Attribute"",""Attributes"":{""Symbol"":""magic_maxhp"",""Rate"":""100""}}]"
18679,Equip,10472163,12,Chưa dùng,Cuff4_9,3,427,2,-1,-1,93,-1,3320,2656,229,true,1,93,4,4,1,-1,-1,,Chưa dùng,,"[{""Tag"":""BaseAttribute"",""Attributes"":{""Symbol"":""magic_physdefbase"",""Value"":""298""}},{""Tag"":""BaseAttribute"",""Attributes"":{""Symbol"":""magic_magicdefbase"",""Value"":""298""}},{""Tag"":""Attribute"",""Attributes"":{""Symbol"":""magic_maxhp"",""Rate"":""100""}}]"
18680,Equip,10472164,12,Chưa dùng,Cuff4_9,3,427,2,-1,-1,94,-1,3400,2720,230,true,1,94,4,4,1,-1,-1,,Chưa dùng,,"[{""Tag"":""BaseAttribute"",""Attributes"":{""Symbol"":""magic_physdefbase"",""Value"":""298""}},{""Tag"":""BaseAttribute"",""Attributes"":{""Symbol"":""magic_magicdefbase"",""Value"":""298""}},{""Tag"":""Attribute"",""Attributes"":{""Symbol"":""magic_maxhp"",""Rate"":""100""}}]"
18681,Equip,10472165,12,Chưa dùng,Cuff4_9,3,427,2,-1,-1,95,-1,3480,2784,231,true,1,95,4,4,1,-1,-1,,Chưa dùng,,"[{""Tag"":""BaseAttribute"",""Attributes"":{""Symbol"":""magic_physdefbase"",""Value"":""298""}},{""Tag"":""BaseAttribute"",""Attributes"":{""Symbol"":""magic_magicdefbase"",""Value"":""298""}},{""Tag"":""Attribute"",""Attributes"":{""Symbol"":""magic_maxhp"",""Rate"":""100""}}]"
18682,Equip,10472166,12,Chưa dùng,Cuff4_9,3,427,2,-1,-1,96,-1,3560,2848,232,true,1,96,4,4,1,-1,-1,,Chưa dùng,,"[{""Tag"":""BaseAttribute"",""Attributes"":{""Symbol"":""magic_physdefbase"",""Value"":""298""}},{""Tag"":""BaseAttribute"",""Attributes"":{""Symbol"":""magic_magicdefbase"",""Value"":""298""}},{""Tag"":""Attribute"",""Attributes"":{""Symbol"":""magic_maxhp"",""Rate"":""100""}}]"
18683,Equip,10472167,12,Chưa dùng,Cuff4_9,3,427,2,-1,-1,97,-1,3640,2912,234,true,1,97,4,4,1,-1,-1,,Chưa dùng,,"[{""Tag"":""BaseAttribute"",""Attributes"":{""Symbol"":""magic_physdefbase"",""Value"":""298""}},{""Tag"":""BaseAttribute"",""Attributes"":{""Symbol"":""magic_magicdefbase"",""Value"":""298""}},{""Tag"":""Attribute"",""Attributes"":{""Symbol"":""magic_maxhp"",""Rate"":""100""}}]"
18684,Equip,10472168,12,Chưa dùng,Cuff4_9,3,427,2,-1,-1,98,-1,3720,2976,235,true,1,98,4,4,1,-1,-1,,Chưa dùng,,"[{""Tag"":""BaseAttribute"",""Attributes"":{""Symbol"":""magic_physdefbase"",""Value"":""298""}},{""Tag"":""BaseAttribute"",""Attributes"":{""Symbol"":""magic_magicdefbase"",""Value"":""298""}},{""Tag"":""Attribute"",""Attributes"":{""Symbol"":""magic_maxhp"",""Rate"":""100""}}]"
18685,Equip,10472169,12,Chưa dùng,Cuff4_9,3,427,2,-1,-1,99,-1,3800,3040,236,true,1,99,4,4,1,-1,-1,,Chưa dùng,,"[{""Tag"":""BaseAttribute"",""Attributes"":{""Symbol"":""magic_physdefbase"",""Value"":""298""}},{""Tag"":""BaseAttribute"",""Attributes"":{""Symbol"":""magic_magicdefbase"",""Value"":""298""}},{""Tag"":""Attribute"",""Attributes"":{""Symbol"":""magic_maxhp"",""Rate"":""100""}}]"
18686,Equip,10472170,12,Chưa dùng,Cuff4_9,3,427,2,-1,-1,100,-1,4600,3680,237,true,1,100,4,4,1,-1,-1,,Chưa dùng,,"[{""Tag"":""BaseAttribute"",""Attributes"":{""Symbol"":""magic_physdefbase"",""Value"":""330""}},{""Tag"":""BaseAttribute"",""Attributes"":{""Symbol"":""magic_magicdefbase"",""Value"":""330""}},{""Tag"":""Attribute"",""Attributes"":{""Symbol"":""magic_maxhp"",""Rate"":""100""}}]"
18687,Equip,10472171,12,Chưa dùng,Cuff4_8,3,385,2,-1,-1,91,-1,3160,2528,226,true,1,91,4,4,1,-1,-1,,Chưa dùng,,"[{""Tag"":""BaseAttribute"",""Attributes"":{""Symbol"":""magic_physdefbase"",""Value"":""298""}},{""Tag"":""BaseAttribute"",""Attributes"":{""Symbol"":""magic_magicdefbase"",""Value"":""298""}},{""Tag"":""Attribute"",""Attributes"":{""Symbol"":""magic_maxhp"",""Rate"":""100""}}]"
18688,Equip,10472172,12,Chưa dùng,Cuff4_8,3,385,2,-1,-1,92,-1,3240,2592,227,true,1,92,4,4,1,-1,-1,,Chưa dùng,,"[{""Tag"":""BaseAttribute"",""Attributes"":{""Symbol"":""magic_physdefbase"",""Value"":""298""}},{""Tag"":""BaseAttribute"",""Attributes"":{""Symbol"":""magic_magicdefbase"",""Value"":""298""}},{""Tag"":""Attribute"",""Attributes"":{""Symbol"":""magic_maxhp"",""Rate"":""100""}}]"
18689,Equip,10472173,12,Chưa dùng,Cuff4_8,3,385,2,-1,-1,93,-1,3320,2656,229,true,1,93,4,4,1,-1,-1,,Chưa dùng,,"[{""Tag"":""BaseAttribute"",""Attributes"":{""Symbol"":""magic_physdefbase"",""Value"":""298""}},{""Tag"":""BaseAttribute"",""Attributes"":{""Symbol"":""magic_magicdefbase"",""Value"":""298""}},{""Tag"":""Attribute"",""Attributes"":{""Symbol"":""magic_maxhp"",""Rate"":""100""}}]"
18690,Equip,10472174,12,Chưa dùng,Cuff4_8,3,385,2,-1,-1,94,-1,3400,2720,230,true,1,94,4,4,1,-1,-1,,Chưa dùng,,"[{""Tag"":""BaseAttribute"",""Attributes"":{""Symbol"":""magic_physdefbase"",""Value"":""298""}},{""Tag"":""BaseAttribute"",""Attributes"":{""Symbol"":""magic_magicdefbase"",""Value"":""298""}},{""Tag"":""Attribute"",""Attributes"":{""Symbol"":""magic_maxhp"",""Rate"":""100""}}]"
18691,Equip,10472175,12,Chưa dùng,Cuff4_8,3,385,2,-1,-1,95,-1,3480,2784,231,true,1,95,4,4,1,-1,-1,,Chưa dùng,,"[{""Tag"":""BaseAttribute"",""Attributes"":{""Symbol"":""magic_physdefbase"",""Value"":""298""}},{""Tag"":""BaseAttribute"",""Attributes"":{""Symbol"":""magic_magicdefbase"",""Value"":""298""}},{""Tag"":""Attribute"",""Attributes"":{""Symbol"":""magic_maxhp"",""Rate"":""100""}}]"
18692,Equip,10472176,12,Chưa dùng,Cuff4_8,3,385,2,-1,-1,96,-1,3560,2848,232,true,1,96,4,4,1,-1,-1,,Chưa dùng,,"[{""Tag"":""BaseAttribute"",""Attributes"":{""Symbol"":""magic_physdefbase"",""Value"":""298""}},{""Tag"":""BaseAttribute"",""Attributes"":{""Symbol"":""magic_magicdefbase"",""Value"":""298""}},{""Tag"":""Attribute"",""Attributes"":{""Symbol"":""magic_maxhp"",""Rate"":""100""}}]"
18693,Equip,10472177,12,Chưa dùng,Cuff4_8,3,385,2,-1,-1,97,-1,3640,2912,234,true,1,97,4,4,1,-1,-1,,Chưa dùng,,"[{""Tag"":""BaseAttribute"",""Attributes"":{""Symbol"":""magic_physdefbase"",""Value"":""298""}},{""Tag"":""BaseAttribute"",""Attributes"":{""Symbol"":""magic_magicdefbase"",""Value"":""298""}},{""Tag"":""Attribute"",""Attributes"":{""Symbol"":""magic_maxhp"",""Rate"":""100""}}]"
18694,Equip,10472178,12,Chưa dùng,Cuff4_8,3,385,2,-1,-1,98,-1,3720,2976,235,true,1,98,4,4,1,-1,-1,,Chưa dùng,,"[{""Tag"":""BaseAttribute"",""Attributes"":{""Symbol"":""magic_physdefbase"",""Value"":""298""}},{""Tag"":""BaseAttribute"",""Attributes"":{""Symbol"":""magic_magicdefbase"",""Value"":""298""}},{""Tag"":""Attribute"",""Attributes"":{""Symbol"":""magic_maxhp"",""Rate"":""100""}}]"
18695,Equip,10472179,12,Chưa dùng,Cuff4_8,3,385,2,-1,-1,99,-1,3800,3040,236,true,1,99,4,4,1,-1,-1,,Chưa dùng,,"[{""Tag"":""BaseAttribute"",""Attributes"":{""Symbol"":""magic_physdefbase"",""Value"":""298""}},{""Tag"":""BaseAttribute"",""Attributes"":{""Symbol"":""magic_magicdefbase"",""Value"":""298""}},{""Tag"":""Attribute"",""Attributes"":{""Symbol"":""magic_maxhp"",""Rate"":""100""}}]"
18696,Equip,10472180,12,Chưa dùng,Cuff4_8,3,385,2,-1,-1,100,-1,4600,3680,237,true,1,100,4,4,1,-1,-1,,Chưa dùng,,"[{""Tag"":""BaseAttribute"",""Attributes"":{""Symbol"":""magic_physdefbase"",""Value"":""330""}},{""Tag"":""BaseAttribute"",""Attributes"":{""Symbol"":""magic_magicdefbase"",""Value"":""330""}},{""Tag"":""Attribute"",""Attributes"":{""Symbol"":""magic_maxhp"",""Rate"":""100""}}]"
18697,Equip,10472181,12,Chưa dùng,Cuff4_9,3,389,2,-1,-1,91,-1,3160,2528,226,true,1,91,4,4,1,-1,-1,,Chưa dùng,,"[{""Tag"":""BaseAttribute"",""Attributes"":{""Symbol"":""magic_physdefbase"",""Value"":""298""}},{""Tag"":""BaseAttribute"",""Attributes"":{""Symbol"":""magic_magicdefbase"",""Value"":""298""}},{""Tag"":""Attribute"",""Attributes"":{""Symbol"":""magic_maxhp"",""Rate"":""100""}}]"
18698,Equip,10472182,12,Chưa dùng,Cuff4_9,3,389,2,-1,-1,92,-1,3240,2592,227,true,1,92,4,4,1,-1,-1,,Chưa dùng,,"[{""Tag"":""BaseAttribute"",""Attributes"":{""Symbol"":""magic_physdefbase"",""Value"":""298""}},{""Tag"":""BaseAttribute"",""Attributes"":{""Symbol"":""magic_magicdefbase"",""Value"":""298""}},{""Tag"":""Attribute"",""Attributes"":{""Symbol"":""magic_maxhp"",""Rate"":""100""}}]"
18699,Equip,10472183,12,Chưa dùng,Cuff4_9,3,389,2,-1,-1,93,-1,3320,2656,229,true,1,93,4,4,1,-1,-1,,Chưa dùng,,"[{""Tag"":""BaseAttribute"",""Attributes"":{""Symbol"":""magic_physdefbase"",""Value"":""298""}},{""Tag"":""BaseAttribute"",""Attributes"":{""Symbol"":""magic_magicdefbase"",""Value"":""298""}},{""Tag"":""Attribute"",""Attributes"":{""Symbol"":""magic_maxhp"",""Rate"":""100""}}]"
18700,Equip,10472184,12,Chưa dùng,Cuff4_9,3,389,2,-1,-1,94,-1,3400,2720,230,true,1,94,4,4,1,-1,-1,,Chưa dùng,,"[{""Tag"":""BaseAttribute"",""Attributes"":{""Symbol"":""magic_physdefbase"",""Value"":""298""}},{""Tag"":""BaseAttribute"",""Attributes"":{""Symbol"":""magic_magicdefbase"",""Value"":""298""}},{""Tag"":""Attribute"",""Attributes"":{""Symbol"":""magic_maxhp"",""Rate"":""100""}}]"
18701,Equip,10472185,12,Chưa dùng,Cuff4_9,3,389,2,-1,-1,95,-1,3480,2784,231,true,1,95,4,4,1,-1,-1,,Chưa dùng,,"[{""Tag"":""BaseAttribute"",""Attributes"":{""Symbol"":""magic_physdefbase"",""Value"":""298""}},{""Tag"":""BaseAttribute"",""Attributes"":{""Symbol"":""magic_magicdefbase"",""Value"":""298""}},{""Tag"":""Attribute"",""Attributes"":{""Symbol"":""magic_maxhp"",""Rate"":""100""}}]"
18702,Equip,10472186,12,Chưa dùng,Cuff4_9,3,389,2,-1,-1,96,-1,3560,2848,232,true,1,96,4,4,1,-1,-1,,Chưa dùng,,"[{""Tag"":""BaseAttribute"",""Attributes"":{""Symbol"":""magic_physdefbase"",""Value"":""298""}},{""Tag"":""BaseAttribute"",""Attributes"":{""Symbol"":""magic_magicdefbase"",""Value"":""298""}},{""Tag"":""Attribute"",""Attributes"":{""Symbol"":""magic_maxhp"",""Rate"":""100""}}]"
18703,Equip,10472187,12,Chưa dùng,Cuff4_9,3,389,2,-1,-1,97,-1,3640,2912,234,true,1,97,4,4,1,-1,-1,,Chưa dùng,,"[{""Tag"":""BaseAttribute"",""Attributes"":{""Symbol"":""magic_physdefbase"",""Value"":""298""}},{""Tag"":""BaseAttribute"",""Attributes"":{""Symbol"":""magic_magicdefbase"",""Value"":""298""}},{""Tag"":""Attribute"",""Attributes"":{""Symbol"":""magic_maxhp"",""Rate"":""100""}}]"
18704,Equip,10472188,12,Chưa dùng,Cuff4_9,3,389,2,-1,-1,98,-1,3720,2976,235,true,1,98,4,4,1,-1,-1,,Chưa dùng,,"[{""Tag"":""BaseAttribute"",""Attributes"":{""Symbol"":""magic_physdefbase"",""Value"":""298""}},{""Tag"":""BaseAttribute"",""Attributes"":{""Symbol"":""magic_magicdefbase"",""Value"":""298""}},{""Tag"":""Attribute"",""Attributes"":{""Symbol"":""magic_maxhp"",""Rate"":""100""}}]"
18705,Equip,10472189,12,Chưa dùng,Cuff4_9,3,389,2,-1,-1,99,-1,3800,3040,236,true,1,99,4,4,1,-1,-1,,Chưa dùng,,"[{""Tag"":""BaseAttribute"",""Attributes"":{""Symbol"":""magic_physdefbase"",""Value"":""298""}},{""Tag"":""BaseAttribute"",""Attributes"":{""Symbol"":""magic_magicdefbase"",""Value"":""298""}},{""Tag"":""Attribute"",""Attributes"":{""Symbol"":""magic_maxhp"",""Rate"":""100""}}]"
18706,Equip,10472190,12,Chưa dùng,Cuff4_9,3,389,2,-1,-1,100,-1,4600,3680,237,true,1,100,4,4,1,-1,-1,,Chưa dùng,,"[{""Tag"":""BaseAttribute"",""Attributes"":{""Symbol"":""magic_physdefbase"",""Value"":""330""}},{""Tag"":""BaseAttribute"",""Attributes"":{""Symbol"":""magic_magicdefbase"",""Value"":""330""}},{""Tag"":""Attribute"",""Attributes"":{""Symbol"":""magic_maxhp"",""Rate"":""100""}}]"
18707,Equip,10472191,12,Chưa dùng,Cuff4_8,3,423,2,-1,-1,91,-1,3160,2528,226,true,1,91,4,4,1,-1,-1,,Chưa dùng,,"[{""Tag"":""BaseAttribute"",""Attributes"":{""Symbol"":""magic_physdefbase"",""Value"":""298""}},{""Tag"":""BaseAttribute"",""Attributes"":{""Symbol"":""magic_magicdefbase"",""Value"":""298""}},{""Tag"":""Attribute"",""Attributes"":{""Symbol"":""magic_maxhp"",""Rate"":""100""}}]"
18708,Equip,10472192,12,Chưa dùng,Cuff4_8,3,423,2,-1,-1,92,-1,3240,2592,227,true,1,92,4,4,1,-1,-1,,Chưa dùng,,"[{""Tag"":""BaseAttribute"",""Attributes"":{""Symbol"":""magic_physdefbase"",""Value"":""298""}},{""Tag"":""BaseAttribute"",""Attributes"":{""Symbol"":""magic_magicdefbase"",""Value"":""298""}},{""Tag"":""Attribute"",""Attributes"":{""Symbol"":""magic_maxhp"",""Rate"":""100""}}]"
18709,Equip,10472193,12,Chưa dùng,Cuff4_8,3,423,2,-1,-1,93,-1,3320,2656,229,true,1,93,4,4,1,-1,-1,,Chưa dùng,,"[{""Tag"":""BaseAttribute"",""Attributes"":{""Symbol"":""magic_physdefbase"",""Value"":""298""}},{""Tag"":""BaseAttribute"",""Attributes"":{""Symbol"":""magic_magicdefbase"",""Value"":""298""}},{""Tag"":""Attribute"",""Attributes"":{""Symbol"":""magic_maxhp"",""Rate"":""100""}}]"
18710,Equip,10472194,12,Chưa dùng,Cuff4_8,3,423,2,-1,-1,94,-1,3400,2720,230,true,1,94,4,4,1,-1,-1,,Chưa dùng,,"[{""Tag"":""BaseAttribute"",""Attributes"":{""Symbol"":""magic_physdefbase"",""Value"":""298""}},{""Tag"":""BaseAttribute"",""Attributes"":{""Symbol"":""magic_magicdefbase"",""Value"":""298""}},{""Tag"":""Attribute"",""Attributes"":{""Symbol"":""magic_maxhp"",""Rate"":""100""}}]"
18711,Equip,10472195,12,Chưa dùng,Cuff4_8,3,423,2,-1,-1,95,-1,3480,2784,231,true,1,95,4,4,1,-1,-1,,Chưa dùng,,"[{""Tag"":""BaseAttribute"",""Attributes"":{""Symbol"":""magic_physdefbase"",""Value"":""298""}},{""Tag"":""BaseAttribute"",""Attributes"":{""Symbol"":""magic_magicdefbase"",""Value"":""298""}},{""Tag"":""Attribute"",""Attributes"":{""Symbol"":""magic_maxhp"",""Rate"":""100""}}]"
18712,Equip,10472196,12,Chưa dùng,Cuff4_8,3,423,2,-1,-1,96,-1,3560,2848,232,true,1,96,4,4,1,-1,-1,,Chưa dùng,,"[{""Tag"":""BaseAttribute"",""Attributes"":{""Symbol"":""magic_physdefbase"",""Value"":""298""}},{""Tag"":""BaseAttribute"",""Attributes"":{""Symbol"":""magic_magicdefbase"",""Value"":""298""}},{""Tag"":""Attribute"",""Attributes"":{""Symbol"":""magic_maxhp"",""Rate"":""100""}}]"
18713,Equip,10472197,12,Chưa dùng,Cuff4_8,3,423,2,-1,-1,97,-1,3640,2912,234,true,1,97,4,4,1,-1,-1,,Chưa dùng,,"[{""Tag"":""BaseAttribute"",""Attributes"":{""Symbol"":""magic_physdefbase"",""Value"":""298""}},{""Tag"":""BaseAttribute"",""Attributes"":{""Symbol"":""magic_magicdefbase"",""Value"":""298""}},{""Tag"":""Attribute"",""Attributes"":{""Symbol"":""magic_maxhp"",""Rate"":""100""}}]"
18714,Equip,10472198,12,Chưa dùng,Cuff4_8,3,423,2,-1,-1,98,-1,3720,2976,235,true,1,98,4,4,1,-1,-1,,Chưa dùng,,"[{""Tag"":""BaseAttribute"",""Attributes"":{""Symbol"":""magic_physdefbase"",""Value"":""298""}},{""Tag"":""BaseAttribute"",""Attributes"":{""Symbol"":""magic_magicdefbase"",""Value"":""298""}},{""Tag"":""Attribute"",""Attributes"":{""Symbol"":""magic_maxhp"",""Rate"":""100""}}]"
18715,Equip,10472199,12,Chưa dùng,Cuff4_8,3,423,2,-1,-1,99,-1,3800,3040,236,true,1,99,4,4,1,-1,-1,,Chưa dùng,,"[{""Tag"":""BaseAttribute"",""Attributes"":{""Symbol"":""magic_physdefbase"",""Value"":""298""}},{""Tag"":""BaseAttribute"",""Attributes"":{""Symbol"":""magic_magicdefbase"",""Value"":""298""}},{""Tag"":""Attribute"",""Attributes"":{""Symbol"":""magic_maxhp"",""Rate"":""100""}}]"
18716,Equip,10472200,12,Chưa dùng,Cuff4_8,3,423,2,-1,-1,100,-1,4600,3680,237,true,1,100,4,4,1,-1,-1,,Chưa dùng,,"[{""Tag"":""BaseAttribute"",""Attributes"":{""Symbol"":""magic_physdefbase"",""Value"":""330""}},{""Tag"":""BaseAttribute"",""Attributes"":{""Symbol"":""magic_magicdefbase"",""Value"":""330""}},{""Tag"":""Attribute"",""Attributes"":{""Symbol"":""magic_maxhp"",""Rate"":""100""}}]"
18717,Equip,10473000,13,Chưa dùng,-1,2,-1,2,-1,-1,90,-1,3080,2464,225,true,1,90,4,4,1,-1,-1,,Chưa dùng,,"[{""Tag"":""BaseAttribute"",""Attributes"":{""Symbol"":""magic_physdefbase"",""Value"":""794""}},{""Tag"":""BaseAttribute"",""Attributes"":{""Symbol"":""magic_magicdefbase"",""Value"":""794""}},{""Tag"":""Attribute"",""Attributes"":{""Symbol"":""magic_maxhp"",""Rate"":""100""}}]"
18718,Equip,10473001,13,Chưa dùng,-1,2,-1,2,-1,-1,81,-1,2240,1792,214,true,1,81,4,4,1,-1,-1,,Chưa dùng,,"[{""Tag"":""BaseAttribute"",""Attributes"":{""Symbol"":""magic_physdefbase"",""Value"":""709""}},{""Tag"":""BaseAttribute"",""Attributes"":{""Symbol"":""magic_magicdefbase"",""Value"":""709""}},{""Tag"":""Attribute"",""Attributes"":{""Symbol"":""magic_maxhp"",""Rate"":""100""}}]"
18719,Equip,10473002,13,Chưa dùng,-1,2,-1,2,-1,-1,82,-1,2310,1848,215,true,1,82,4,4,1,-1,-1,,Chưa dùng,,"[{""Tag"":""BaseAttribute"",""Attributes"":{""Symbol"":""magic_physdefbase"",""Value"":""709""}},{""Tag"":""BaseAttribute"",""Attributes"":{""Symbol"":""magic_magicdefbase"",""Value"":""709""}},{""Tag"":""Attribute"",""Attributes"":{""Symbol"":""magic_maxhp"",""Rate"":""100""}}]"
18720,Equip,10473003,13,Chưa dùng,-1,2,-1,2,-1,-1,83,-1,2380,1904,216,true,1,83,4,4,1,-1,-1,,Chưa dùng,,"[{""Tag"":""BaseAttribute"",""Attributes"":{""Symbol"":""magic_physdefbase"",""Value"":""709""}},{""Tag"":""BaseAttribute"",""Attributes"":{""Symbol"":""magic_magicdefbase"",""Value"":""709""}},{""Tag"":""Attribute"",""Attributes"":{""Symbol"":""magic_maxhp"",""Rate"":""100""}}]"
18721,Equip,10473004,13,Chưa dùng,-1,2,-1,2,-1,-1,84,-1,2450,1960,217,true,1,84,4,4,1,-1,-1,,Chưa dùng,,"[{""Tag"":""BaseAttribute"",""Attributes"":{""Symbol"":""magic_physdefbase"",""Value"":""709""}},{""Tag"":""BaseAttribute"",""Attributes"":{""Symbol"":""magic_magicdefbase"",""Value"":""709""}},{""Tag"":""Attribute"",""Attributes"":{""Symbol"":""magic_maxhp"",""Rate"":""100""}}]"
18722,Equip,10473005,13,Chưa dùng,-1,2,-1,2,-1,-1,85,-1,2520,2016,219,true,1,85,4,4,1,-1,-1,,Chưa dùng,,"[{""Tag"":""BaseAttribute"",""Attributes"":{""Symbol"":""magic_physdefbase"",""Value"":""709""}},{""Tag"":""BaseAttribute"",""Attributes"":{""Symbol"":""magic_magicdefbase"",""Value"":""709""}},{""Tag"":""Attribute"",""Attributes"":{""Symbol"":""magic_maxhp"",""Rate"":""100""}}]"
18723,Equip,10473006,13,Chưa dùng,-1,2,-1,2,-1,-1,86,-1,2590,2072,220,true,1,86,4,4,1,-1,-1,,Chưa dùng,,"[{""Tag"":""BaseAttribute"",""Attributes"":{""Symbol"":""magic_physdefbase"",""Value"":""709""}},{""Tag"":""BaseAttribute"",""Attributes"":{""Symbol"":""magic_magicdefbase"",""Value"":""709""}},{""Tag"":""Attribute"",""Attributes"":{""Symbol"":""magic_maxhp"",""Rate"":""100""}}]"
18724,Equip,10473007,13,Chưa dùng,-1,2,-1,2,-1,-1,87,-1,2660,2128,221,true,1,87,4,4,1,-1,-1,,Chưa dùng,,"[{""Tag"":""BaseAttribute"",""Attributes"":{""Symbol"":""magic_physdefbase"",""Value"":""709""}},{""Tag"":""BaseAttribute"",""Attributes"":{""Symbol"":""magic_magicdefbase"",""Value"":""709""}},{""Tag"":""Attribute"",""Attributes"":{""Symbol"":""magic_maxhp"",""Rate"":""100""}}]"
18725,Equip,10473008,13,Chưa dùng,-1,2,-1,2,-1,-1,88,-1,2730,2184,222,true,1,88,4,4,1,-1,-1,,Chưa dùng,,"[{""Tag"":""BaseAttribute"",""Attributes"":{""Symbol"":""magic_physdefbase"",""Value"":""709""}},{""Tag"":""BaseAttribute"",""Attributes"":{""Symbol"":""magic_magicdefbase"",""Value"":""709""}},{""Tag"":""Attribute"",""Attributes"":{""Symbol"":""magic_maxhp"",""Rate"":""100""}}]"
18726,Equip,10473009,13,Chưa dùng,-1,2,-1,2,-1,-1,89,-1,2800,2240,224,true,1,89,4,4,1,-1,-1,,Chưa dùng,,"[{""Tag"":""BaseAttribute"",""Attributes"":{""Symbol"":""magic_physdefbase"",""Value"":""709""}},{""Tag"":""BaseAttribute"",""Attributes"":{""Symbol"":""magic_magicdefbase"",""Value"":""709""}},{""Tag"":""Attribute"",""Attributes"":{""Symbol"":""magic_maxhp"",""Rate"":""100""}}]"
18727,Equip,10473010,13,Chưa dùng,-1,2,-1,2,-1,-1,90,-1,3080,2464,225,true,1,90,4,4,1,-1,-1,,Chưa dùng,,"[{""Tag"":""BaseAttribute"",""Attributes"":{""Symbol"":""magic_physdefbase"",""Value"":""794""}},{""Tag"":""BaseAttribute"",""Attributes"":{""Symbol"":""magic_magicdefbase"",""Value"":""794""}},{""Tag"":""Attribute"",""Attributes"":{""Symbol"":""magic_maxhp"",""Rate"":""100""}}]"
18728,Equip,10473011,13,Chưa dùng,-1,2,-1,2,-1,-1,81,-1,2240,1792,214,true,1,81,4,4,1,-1,-1,,Chưa dùng,,"[{""Tag"":""BaseAttribute"",""Attributes"":{""Symbol"":""magic_physdefbase"",""Value"":""709""}},{""Tag"":""BaseAttribute"",""Attributes"":{""Symbol"":""magic_magicdefbase"",""Value"":""709""}},{""Tag"":""Attribute"",""Attributes"":{""Symbol"":""magic_maxhp"",""Rate"":""100""}}]"
18729,Equip,10473012,13,Chưa dùng,-1,2,-1,2,-1,-1,82,-1,2310,1848,215,true,1,82,4,4,1,-1,-1,,Chưa dùng,,"[{""Tag"":""BaseAttribute"",""Attributes"":{""Symbol"":""magic_physdefbase"",""Value"":""709""}},{""Tag"":""BaseAttribute"",""Attributes"":{""Symbol"":""magic_magicdefbase"",""Value"":""709""}},{""Tag"":""Attribute"",""Attributes"":{""Symbol"":""magic_maxhp"",""Rate"":""100""}}]"
18730,Equip,10473013,13,Chưa dùng,-1,2,-1,2,-1,-1,83,-1,2380,1904,216,true,1,83,4,4,1,-1,-1,,Chưa dùng,,"[{""Tag"":""BaseAttribute"",""Attributes"":{""Symbol"":""magic_physdefbase"",""Value"":""709""}},{""Tag"":""BaseAttribute"",""Attributes"":{""Symbol"":""magic_magicdefbase"",""Value"":""709""}},{""Tag"":""Attribute"",""Attributes"":{""Symbol"":""magic_maxhp"",""Rate"":""100""}}]"
18731,Equip,10473014,13,Chưa dùng,-1,2,-1,2,-1,-1,84,-1,2450,1960,217,true,1,84,4,4,1,-1,-1,,Chưa dùng,,"[{""Tag"":""BaseAttribute"",""Attributes"":{""Symbol"":""magic_physdefbase"",""Value"":""709""}},{""Tag"":""BaseAttribute"",""Attributes"":{""Symbol"":""magic_magicdefbase"",""Value"":""709""}},{""Tag"":""Attribute"",""Attributes"":{""Symbol"":""magic_maxhp"",""Rate"":""100""}}]"
18732,Equip,10473015,13,Chưa dùng,-1,2,-1,2,-1,-1,85,-1,2520,2016,219,true,1,85,4,4,1,-1,-1,,Chưa dùng,,"[{""Tag"":""BaseAttribute"",""Attributes"":{""Symbol"":""magic_physdefbase"",""Value"":""709""}},{""Tag"":""BaseAttribute"",""Attributes"":{""Symbol"":""magic_magicdefbase"",""Value"":""709""}},{""Tag"":""Attribute"",""Attributes"":{""Symbol"":""magic_maxhp"",""Rate"":""100""}}]"
18733,Equip,10473016,13,Chưa dùng,-1,2,-1,2,-1,-1,86,-1,2590,2072,220,true,1,86,4,4,1,-1,-1,,Chưa dùng,,"[{""Tag"":""BaseAttribute"",""Attributes"":{""Symbol"":""magic_physdefbase"",""Value"":""709""}},{""Tag"":""BaseAttribute"",""Attributes"":{""Symbol"":""magic_magicdefbase"",""Value"":""709""}},{""Tag"":""Attribute"",""Attributes"":{""Symbol"":""magic_maxhp"",""Rate"":""100""}}]"
18734,Equip,10473017,13,Chưa dùng,-1,2,-1,2,-1,-1,87,-1,2660,2128,221,true,1,87,4,4,1,-1,-1,,Chưa dùng,,"[{""Tag"":""BaseAttribute"",""Attributes"":{""Symbol"":""magic_physdefbase"",""Value"":""709""}},{""Tag"":""BaseAttribute"",""Attributes"":{""Symbol"":""magic_magicdefbase"",""Value"":""709""}},{""Tag"":""Attribute"",""Attributes"":{""Symbol"":""magic_maxhp"",""Rate"":""100""}}]"
18735,Equip,10473018,13,Chưa dùng,-1,2,-1,2,-1,-1,88,-1,2730,2184,222,true,1,88,4,4,1,-1,-1,,Chưa dùng,,"[{""Tag"":""BaseAttribute"",""Attributes"":{""Symbol"":""magic_physdefbase"",""Value"":""709""}},{""Tag"":""BaseAttribute"",""Attributes"":{""Symbol"":""magic_magicdefbase"",""Value"":""709""}},{""Tag"":""Attribute"",""Attributes"":{""Symbol"":""magic_maxhp"",""Rate"":""100""}}]"
18736,Equip,10473019,13,Chưa dùng,-1,2,-1,2,-1,-1,89,-1,2800,2240,224,true,1,89,4,4,1,-1,-1,,Chưa dùng,,"[{""Tag"":""BaseAttribute"",""Attributes"":{""Symbol"":""magic_physdefbase"",""Value"":""709""}},{""Tag"":""BaseAttribute"",""Attributes"":{""Symbol"":""magic_magicdefbase"",""Value"":""709""}},{""Tag"":""Attribute"",""Attributes"":{""Symbol"":""magic_maxhp"",""Rate"":""100""}}]"
18737,Equip,10473020,13,Chưa dùng,-1,2,-1,2,-1,-1,90,-1,3080,2464,225,true,1,90,4,4,1,-1,-1,,Chưa dùng,,"[{""Tag"":""BaseAttribute"",""Attributes"":{""Symbol"":""magic_physdefbase"",""Value"":""794""}},{""Tag"":""BaseAttribute"",""Attributes"":{""Symbol"":""magic_magicdefbase"",""Value"":""794""}},{""Tag"":""Attribute"",""Attributes"":{""Symbol"":""magic_maxhp"",""Rate"":""100""}}]"
18738,Equip,10473021,13,Chưa dùng,-1,2,-1,2,-1,-1,81,-1,2240,1792,214,true,1,81,4,4,1,-1,-1,,Chưa dùng,,"[{""Tag"":""BaseAttribute"",""Attributes"":{""Symbol"":""magic_physdefbase"",""Value"":""709""}},{""Tag"":""BaseAttribute"",""Attributes"":{""Symbol"":""magic_magicdefbase"",""Value"":""709""}},{""Tag"":""Attribute"",""Attributes"":{""Symbol"":""magic_maxhp"",""Rate"":""100""}}]"
18739,Equip,10473022,13,Chưa dùng,-1,2,-1,2,-1,-1,82,-1,2310,1848,215,true,1,82,4,4,1,-1,-1,,Chưa dùng,,"[{""Tag"":""BaseAttribute"",""Attributes"":{""Symbol"":""magic_physdefbase"",""Value"":""709""}},{""Tag"":""BaseAttribute"",""Attributes"":{""Symbol"":""magic_magicdefbase"",""Value"":""709""}},{""Tag"":""Attribute"",""Attributes"":{""Symbol"":""magic_maxhp"",""Rate"":""100""}}]"
18740,Equip,10473023,13,Chưa dùng,-1,2,-1,2,-1,-1,83,-1,2380,1904,216,true,1,83,4,4,1,-1,-1,,Chưa dùng,,"[{""Tag"":""BaseAttribute"",""Attributes"":{""Symbol"":""magic_physdefbase"",""Value"":""709""}},{""Tag"":""BaseAttribute"",""Attributes"":{""Symbol"":""magic_magicdefbase"",""Value"":""709""}},{""Tag"":""Attribute"",""Attributes"":{""Symbol"":""magic_maxhp"",""Rate"":""100""}}]"
18741,Equip,10473024,13,Chưa dùng,-1,2,-1,2,-1,-1,84,-1,2450,1960,217,true,1,84,4,4,1,-1,-1,,Chưa dùng,,"[{""Tag"":""BaseAttribute"",""Attributes"":{""Symbol"":""magic_physdefbase"",""Value"":""709""}},{""Tag"":""BaseAttribute"",""Attributes"":{""Symbol"":""magic_magicdefbase"",""Value"":""709""}},{""Tag"":""Attribute"",""Attributes"":{""Symbol"":""magic_maxhp"",""Rate"":""100""}}]"
18742,Equip,10473025,13,Chưa dùng,-1,2,-1,2,-1,-1,85,-1,2520,2016,219,true,1,85,4,4,1,-1,-1,,Chưa dùng,,"[{""Tag"":""BaseAttribute"",""Attributes"":{""Symbol"":""magic_physdefbase"",""Value"":""709""}},{""Tag"":""BaseAttribute"",""Attributes"":{""Symbol"":""magic_magicdefbase"",""Value"":""709""}},{""Tag"":""Attribute"",""Attributes"":{""Symbol"":""magic_maxhp"",""Rate"":""100""}}]"
18743,Equip,10473026,13,Chưa dùng,-1,2,-1,2,-1,-1,86,-1,2590,2072,220,true,1,86,4,4,1,-1,-1,,Chưa dùng,,"[{""Tag"":""BaseAttribute"",""Attributes"":{""Symbol"":""magic_physdefbase"",""Value"":""709""}},{""Tag"":""BaseAttribute"",""Attributes"":{""Symbol"":""magic_magicdefbase"",""Value"":""709""}},{""Tag"":""Attribute"",""Attributes"":{""Symbol"":""magic_maxhp"",""Rate"":""100""}}]"
18744,Equip,10473027,13,Chưa dùng,-1,2,-1,2,-1,-1,87,-1,2660,2128,221,true,1,87,4,4,1,-1,-1,,Chưa dùng,,"[{""Tag"":""BaseAttribute"",""Attributes"":{""Symbol"":""magic_physdefbase"",""Value"":""709""}},{""Tag"":""BaseAttribute"",""Attributes"":{""Symbol"":""magic_magicdefbase"",""Value"":""709""}},{""Tag"":""Attribute"",""Attributes"":{""Symbol"":""magic_maxhp"",""Rate"":""100""}}]"
18745,Equip,10473028,13,Chưa dùng,-1,2,-1,2,-1,-1,88,-1,2730,2184,222,true,1,88,4,4,1,-1,-1,,Chưa dùng,,"[{""Tag"":""BaseAttribute"",""Attributes"":{""Symbol"":""magic_physdefbase"",""Value"":""709""}},{""Tag"":""BaseAttribute"",""Attributes"":{""Symbol"":""magic_magicdefbase"",""Value"":""709""}},{""Tag"":""Attribute"",""Attributes"":{""Symbol"":""magic_maxhp"",""Rate"":""100""}}]"
18746,Equip,10473029,13,Chưa dùng,-1,2,-1,2,-1,-1,89,-1,2800,2240,224,true,1,89,4,4,1,-1,-1,,Chưa dùng,,"[{""Tag"":""BaseAttribute"",""Attributes"":{""Symbol"":""magic_physdefbase"",""Value"":""709""}},{""Tag"":""BaseAttribute"",""Attributes"":{""Symbol"":""magic_magicdefbase"",""Value"":""709""}},{""Tag"":""Attribute"",""Attributes"":{""Symbol"":""magic_maxhp"",""Rate"":""100""}}]"
18747,Equip,10473030,13,Chưa dùng,-1,2,-1,2,-1,-1,90,-1,3080,2464,225,true,1,90,4,4,1,-1,-1,,Chưa dùng,,"[{""Tag"":""BaseAttribute"",""Attributes"":{""Symbol"":""magic_physdefbase"",""Value"":""794""}},{""Tag"":""BaseAttribute"",""Attributes"":{""Symbol"":""magic_magicdefbase"",""Value"":""794""}},{""Tag"":""Attribute"",""Attributes"":{""Symbol"":""magic_maxhp"",""Rate"":""100""}}]"
18748,Equip,10473031,13,Chưa dùng,-1,2,-1,2,-1,-1,81,-1,2240,1792,214,true,1,81,4,4,1,-1,-1,,Chưa dùng,,"[{""Tag"":""BaseAttribute"",""Attributes"":{""Symbol"":""magic_physdefbase"",""Value"":""709""}},{""Tag"":""BaseAttribute"",""Attributes"":{""Symbol"":""magic_magicdefbase"",""Value"":""709""}},{""Tag"":""Attribute"",""Attributes"":{""Symbol"":""magic_maxhp"",""Rate"":""100""}}]"
18749,Equip,10473032,13,Chưa dùng,-1,2,-1,2,-1,-1,82,-1,2310,1848,215,true,1,82,4,4,1,-1,-1,,Chưa dùng,,"[{""Tag"":""BaseAttribute"",""Attributes"":{""Symbol"":""magic_physdefbase"",""Value"":""709""}},{""Tag"":""BaseAttribute"",""Attributes"":{""Symbol"":""magic_magicdefbase"",""Value"":""709""}},{""Tag"":""Attribute"",""Attributes"":{""Symbol"":""magic_maxhp"",""Rate"":""100""}}]"
18750,Equip,10473033,13,Chưa dùng,-1,2,-1,2,-1,-1,83,-1,2380,1904,216,true,1,83,4,4,1,-1,-1,,Chưa dùng,,"[{""Tag"":""BaseAttribute"",""Attributes"":{""Symbol"":""magic_physdefbase"",""Value"":""709""}},{""Tag"":""BaseAttribute"",""Attributes"":{""Symbol"":""magic_magicdefbase"",""Value"":""709""}},{""Tag"":""Attribute"",""Attributes"":{""Symbol"":""magic_maxhp"",""Rate"":""100""}}]"
18751,Equip,10473034,13,Chưa dùng,-1,2,-1,2,-1,-1,84,-1,2450,1960,217,true,1,84,4,4,1,-1,-1,,Chưa dùng,,"[{""Tag"":""BaseAttribute"",""Attributes"":{""Symbol"":""magic_physdefbase"",""Value"":""709""}},{""Tag"":""BaseAttribute"",""Attributes"":{""Symbol"":""magic_magicdefbase"",""Value"":""709""}},{""Tag"":""Attribute"",""Attributes"":{""Symbol"":""magic_maxhp"",""Rate"":""100""}}]"
18752,Equip,10473035,13,Chưa dùng,-1,2,-1,2,-1,-1,85,-1,2520,2016,219,true,1,85,4,4,1,-1,-1,,Chưa dùng,,"[{""Tag"":""BaseAttribute"",""Attributes"":{""Symbol"":""magic_physdefbase"",""Value"":""709""}},{""Tag"":""BaseAttribute"",""Attributes"":{""Symbol"":""magic_magicdefbase"",""Value"":""709""}},{""Tag"":""Attribute"",""Attributes"":{""Symbol"":""magic_maxhp"",""Rate"":""100""}}]"
18753,Equip,10473036,13,Chưa dùng,-1,2,-1,2,-1,-1,86,-1,2590,2072,220,true,1,86,4,4,1,-1,-1,,Chưa dùng,,"[{""Tag"":""BaseAttribute"",""Attributes"":{""Symbol"":""magic_physdefbase"",""Value"":""709""}},{""Tag"":""BaseAttribute"",""Attributes"":{""Symbol"":""magic_magicdefbase"",""Value"":""709""}},{""Tag"":""Attribute"",""Attributes"":{""Symbol"":""magic_maxhp"",""Rate"":""100""}}]"
18754,Equip,10473037,13,Chưa dùng,-1,2,-1,2,-1,-1,87,-1,2660,2128,221,true,1,87,4,4,1,-1,-1,,Chưa dùng,,"[{""Tag"":""BaseAttribute"",""Attributes"":{""Symbol"":""magic_physdefbase"",""Value"":""709""}},{""Tag"":""BaseAttribute"",""Attributes"":{""Symbol"":""magic_magicdefbase"",""Value"":""709""}},{""Tag"":""Attribute"",""Attributes"":{""Symbol"":""magic_maxhp"",""Rate"":""100""}}]"
18755,Equip,10473038,13,Chưa dùng,-1,2,-1,2,-1,-1,88,-1,2730,2184,222,true,1,88,4,4,1,-1,-1,,Chưa dùng,,"[{""Tag"":""BaseAttribute"",""Attributes"":{""Symbol"":""magic_physdefbase"",""Value"":""709""}},{""Tag"":""BaseAttribute"",""Attributes"":{""Symbol"":""magic_magicdefbase"",""Value"":""709""}},{""Tag"":""Attribute"",""Attributes"":{""Symbol"":""magic_maxhp"",""Rate"":""100""}}]"
18756,Equip,10473039,13,Chưa dùng,-1,2,-1,2,-1,-1,89,-1,2800,2240,224,true,1,89,4,4,1,-1,-1,,Chưa dùng,,"[{""Tag"":""BaseAttribute"",""Attributes"":{""Symbol"":""magic_physdefbase"",""Value"":""709""}},{""Tag"":""BaseAttribute"",""Attributes"":{""Symbol"":""magic_magicdefbase"",""Value"":""709""}},{""Tag"":""Attribute"",""Attributes"":{""Symbol"":""magic_maxhp"",""Rate"":""100""}}]"
18757,Equip,10473040,13,Chưa dùng,-1,2,-1,2,-1,-1,90,-1,3080,2464,225,true,1,90,4,4,1,-1,-1,,Chưa dùng,,"[{""Tag"":""BaseAttribute"",""Attributes"":{""Symbol"":""magic_physdefbase"",""Value"":""794""}},{""Tag"":""BaseAttribute"",""Attributes"":{""Symbol"":""magic_magicdefbase"",""Value"":""794""}},{""Tag"":""Attribute"",""Attributes"":{""Symbol"":""magic_maxhp"",""Rate"":""100""}}]"
18758,Equip,10473041,13,Chưa dùng,-1,2,-1,2,-1,-1,81,-1,2240,1792,214,true,1,81,4,4,1,-1,-1,,Chưa dùng,,"[{""Tag"":""BaseAttribute"",""Attributes"":{""Symbol"":""magic_physdefbase"",""Value"":""709""}},{""Tag"":""BaseAttribute"",""Attributes"":{""Symbol"":""magic_magicdefbase"",""Value"":""709""}},{""Tag"":""Attribute"",""Attributes"":{""Symbol"":""magic_maxhp"",""Rate"":""100""}}]"
18759,Equip,10473042,13,Chưa dùng,-1,2,-1,2,-1,-1,82,-1,2310,1848,215,true,1,82,4,4,1,-1,-1,,Chưa dùng,,"[{""Tag"":""BaseAttribute"",""Attributes"":{""Symbol"":""magic_physdefbase"",""Value"":""709""}},{""Tag"":""BaseAttribute"",""Attributes"":{""Symbol"":""magic_magicdefbase"",""Value"":""709""}},{""Tag"":""Attribute"",""Attributes"":{""Symbol"":""magic_maxhp"",""Rate"":""100""}}]"
18760,Equip,10473043,13,Chưa dùng,-1,2,-1,2,-1,-1,83,-1,2380,1904,216,true,1,83,4,4,1,-1,-1,,Chưa dùng,,"[{""Tag"":""BaseAttribute"",""Attributes"":{""Symbol"":""magic_physdefbase"",""Value"":""709""}},{""Tag"":""BaseAttribute"",""Attributes"":{""Symbol"":""magic_magicdefbase"",""Value"":""709""}},{""Tag"":""Attribute"",""Attributes"":{""Symbol"":""magic_maxhp"",""Rate"":""100""}}]"
18761,Equip,10473044,13,Chưa dùng,-1,2,-1,2,-1,-1,84,-1,2450,1960,217,true,1,84,4,4,1,-1,-1,,Chưa dùng,,"[{""Tag"":""BaseAttribute"",""Attributes"":{""Symbol"":""magic_physdefbase"",""Value"":""709""}},{""Tag"":""BaseAttribute"",""Attributes"":{""Symbol"":""magic_magicdefbase"",""Value"":""709""}},{""Tag"":""Attribute"",""Attributes"":{""Symbol"":""magic_maxhp"",""Rate"":""100""}}]"
18762,Equip,10473045,13,Chưa dùng,-1,2,-1,2,-1,-1,85,-1,2520,2016,219,true,1,85,4,4,1,-1,-1,,Chưa dùng,,"[{""Tag"":""BaseAttribute"",""Attributes"":{""Symbol"":""magic_physdefbase"",""Value"":""709""}},{""Tag"":""BaseAttribute"",""Attributes"":{""Symbol"":""magic_magicdefbase"",""Value"":""709""}},{""Tag"":""Attribute"",""Attributes"":{""Symbol"":""magic_maxhp"",""Rate"":""100""}}]"
18763,Equip,10473046,13,Chưa dùng,-1,2,-1,2,-1,-1,86,-1,2590,2072,220,true,1,86,4,4,1,-1,-1,,Chưa dùng,,"[{""Tag"":""BaseAttribute"",""Attributes"":{""Symbol"":""magic_physdefbase"",""Value"":""709""}},{""Tag"":""BaseAttribute"",""Attributes"":{""Symbol"":""magic_magicdefbase"",""Value"":""709""}},{""Tag"":""Attribute"",""Attributes"":{""Symbol"":""magic_maxhp"",""Rate"":""100""}}]"
18764,Equip,10473047,13,Chưa dùng,-1,2,-1,2,-1,-1,87,-1,2660,2128,221,true,1,87,4,4,1,-1,-1,,Chưa dùng,,"[{""Tag"":""BaseAttribute"",""Attributes"":{""Symbol"":""magic_physdefbase"",""Value"":""709""}},{""Tag"":""BaseAttribute"",""Attributes"":{""Symbol"":""magic_magicdefbase"",""Value"":""709""}},{""Tag"":""Attribute"",""Attributes"":{""Symbol"":""magic_maxhp"",""Rate"":""100""}}]"
18765,Equip,10473048,13,Chưa dùng,-1,2,-1,2,-1,-1,88,-1,2730,2184,222,true,1,88,4,4,1,-1,-1,,Chưa dùng,,"[{""Tag"":""BaseAttribute"",""Attributes"":{""Symbol"":""magic_physdefbase"",""Value"":""709""}},{""Tag"":""BaseAttribute"",""Attributes"":{""Symbol"":""magic_magicdefbase"",""Value"":""709""}},{""Tag"":""Attribute"",""Attributes"":{""Symbol"":""magic_maxhp"",""Rate"":""100""}}]"
18766,Equip,10473049,13,Chưa dùng,-1,2,-1,2,-1,-1,89,-1,2800,2240,224,true,1,89,4,4,1,-1,-1,,Chưa dùng,,"[{""Tag"":""BaseAttribute"",""Attributes"":{""Symbol"":""magic_physdefbase"",""Value"":""709""}},{""Tag"":""BaseAttribute"",""Attributes"":{""Symbol"":""magic_magicdefbase"",""Value"":""709""}},{""Tag"":""Attribute"",""Attributes"":{""Symbol"":""magic_maxhp"",""Rate"":""100""}}]"
18767,Equip,10473050,13,Chưa dùng,-1,2,-1,2,-1,-1,90,-1,3080,2464,225,true,1,90,4,4,1,-1,-1,,Chưa dùng,,"[{""Tag"":""BaseAttribute"",""Attributes"":{""Symbol"":""magic_physdefbase"",""Value"":""794""}},{""Tag"":""BaseAttribute"",""Attributes"":{""Symbol"":""magic_magicdefbase"",""Value"":""794""}},{""Tag"":""Attribute"",""Attributes"":{""Symbol"":""magic_maxhp"",""Rate"":""100""}}]"
18768,Equip,10473051,13,Chưa dùng,-1,2,-1,2,-1,-1,91,-1,3160,2528,226,true,1,91,4,4,1,-1,-1,,Chưa dùng,,"[{""Tag"":""BaseAttribute"",""Attributes"":{""Symbol"":""magic_physdefbase"",""Value"":""794""}},{""Tag"":""BaseAttribute"",""Attributes"":{""Symbol"":""magic_magicdefbase"",""Value"":""794""}},{""Tag"":""Attribute"",""Attributes"":{""Symbol"":""magic_maxhp"",""Rate"":""100""}}]"
18769,Equip,10473052,13,Chưa dùng,-1,2,-1,2,-1,-1,92,-1,3240,2592,227,true,1,92,4,4,1,-1,-1,,Chưa dùng,,"[{""Tag"":""BaseAttribute"",""Attributes"":{""Symbol"":""magic_physdefbase"",""Value"":""794""}},{""Tag"":""BaseAttribute"",""Attributes"":{""Symbol"":""magic_magicdefbase"",""Value"":""794""}},{""Tag"":""Attribute"",""Attributes"":{""Symbol"":""magic_maxhp"",""Rate"":""100""}}]"
18770,Equip,10473053,13,Chưa dùng,-1,2,-1,2,-1,-1,93,-1,3320,2656,229,true,1,93,4,4,1,-1,-1,,Chưa dùng,,"[{""Tag"":""BaseAttribute"",""Attributes"":{""Symbol"":""magic_physdefbase"",""Value"":""794""}},{""Tag"":""BaseAttribute"",""Attributes"":{""Symbol"":""magic_magicdefbase"",""Value"":""794""}},{""Tag"":""Attribute"",""Attributes"":{""Symbol"":""magic_maxhp"",""Rate"":""100""}}]"
18771,Equip,10473054,13,Chưa dùng,-1,2,-1,2,-1,-1,94,-1,3400,2720,230,true,1,94,4,4,1,-1,-1,,Chưa dùng,,"[{""Tag"":""BaseAttribute"",""Attributes"":{""Symbol"":""magic_physdefbase"",""Value"":""794""}},{""Tag"":""BaseAttribute"",""Attributes"":{""Symbol"":""magic_magicdefbase"",""Value"":""794""}},{""Tag"":""Attribute"",""Attributes"":{""Symbol"":""magic_maxhp"",""Rate"":""100""}}]"
18772,Equip,10473055,13,Chưa dùng,-1,2,-1,2,-1,-1,95,-1,3480,2784,231,true,1,95,4,4,1,-1,-1,,Chưa dùng,,"[{""Tag"":""BaseAttribute"",""Attributes"":{""Symbol"":""magic_physdefbase"",""Value"":""794""}},{""Tag"":""BaseAttribute"",""Attributes"":{""Symbol"":""magic_magicdefbase"",""Value"":""794""}},{""Tag"":""Attribute"",""Attributes"":{""Symbol"":""magic_maxhp"",""Rate"":""100""}}]"
18773,Equip,10473056,13,Chưa dùng,-1,2,-1,2,-1,-1,96,-1,3560,2848,232,true,1,96,4,4,1,-1,-1,,Chưa dùng,,"[{""Tag"":""BaseAttribute"",""Attributes"":{""Symbol"":""magic_physdefbase"",""Value"":""794""}},{""Tag"":""BaseAttribute"",""Attributes"":{""Symbol"":""magic_magicdefbase"",""Value"":""794""}},{""Tag"":""Attribute"",""Attributes"":{""Symbol"":""magic_maxhp"",""Rate"":""100""}}]"
18774,Equip,10473057,13,Chưa dùng,-1,2,-1,2,-1,-1,97,-1,3640,2912,234,true,1,97,4,4,1,-1,-1,,Chưa dùng,,"[{""Tag"":""BaseAttribute"",""Attributes"":{""Symbol"":""magic_physdefbase"",""Value"":""794""}},{""Tag"":""BaseAttribute"",""Attributes"":{""Symbol"":""magic_magicdefbase"",""Value"":""794""}},{""Tag"":""Attribute"",""Attributes"":{""Symbol"":""magic_maxhp"",""Rate"":""100""}}]"
18775,Equip,10473058,13,Chưa dùng,-1,2,-1,2,-1,-1,98,-1,3720,2976,235,true,1,98,4,4,1,-1,-1,,Chưa dùng,,"[{""Tag"":""BaseAttribute"",""Attributes"":{""Symbol"":""magic_physdefbase"",""Value"":""794""}},{""Tag"":""BaseAttribute"",""Attributes"":{""Symbol"":""magic_magicdefbase"",""Value"":""794""}},{""Tag"":""Attribute"",""Attributes"":{""Symbol"":""magic_maxhp"",""Rate"":""100""}}]"
18776,Equip,10473059,13,Chưa dùng,-1,2,-1,2,-1,-1,99,-1,3800,3040,236,true,1,99,4,4,1,-1,-1,,Chưa dùng,,"[{""Tag"":""BaseAttribute"",""Attributes"":{""Symbol"":""magic_physdefbase"",""Value"":""794""}},{""Tag"":""BaseAttribute"",""Attributes"":{""Symbol"":""magic_magicdefbase"",""Value"":""794""}},{""Tag"":""Attribute"",""Attributes"":{""Symbol"":""magic_maxhp"",""Rate"":""100""}}]"
18777,Equip,10473060,13,Chưa dùng,-1,2,-1,2,-1,-1,100,-1,4600,3680,237,true,1,100,4,4,1,-1,-1,,Chưa dùng,,"[{""Tag"":""BaseAttribute"",""Attributes"":{""Symbol"":""magic_physdefbase"",""Value"":""880""}},{""Tag"":""BaseAttribute"",""Attributes"":{""Symbol"":""magic_magicdefbase"",""Value"":""880""}},{""Tag"":""Attribute"",""Attributes"":{""Symbol"":""magic_maxhp"",""Rate"":""100""}}]"
18778,Equip,10473061,13,Chưa dùng,-1,2,-1,2,-1,-1,91,-1,3160,2528,226,true,1,91,4,4,1,-1,-1,,Chưa dùng,,"[{""Tag"":""BaseAttribute"",""Attributes"":{""Symbol"":""magic_physdefbase"",""Value"":""794""}},{""Tag"":""BaseAttribute"",""Attributes"":{""Symbol"":""magic_magicdefbase"",""Value"":""794""}},{""Tag"":""Attribute"",""Attributes"":{""Symbol"":""magic_maxhp"",""Rate"":""100""}}]"
18779,Equip,10473062,13,Chưa dùng,-1,2,-1,2,-1,-1,92,-1,3240,2592,227,true,1,92,4,4,1,-1,-1,,Chưa dùng,,"[{""Tag"":""BaseAttribute"",""Attributes"":{""Symbol"":""magic_physdefbase"",""Value"":""794""}},{""Tag"":""BaseAttribute"",""Attributes"":{""Symbol"":""magic_magicdefbase"",""Value"":""794""}},{""Tag"":""Attribute"",""Attributes"":{""Symbol"":""magic_maxhp"",""Rate"":""100""}}]"
18780,Equip,10473063,13,Chưa dùng,-1,2,-1,2,-1,-1,93,-1,3320,2656,229,true,1,93,4,4,1,-1,-1,,Chưa dùng,,"[{""Tag"":""BaseAttribute"",""Attributes"":{""Symbol"":""magic_physdefbase"",""Value"":""794""}},{""Tag"":""BaseAttribute"",""Attributes"":{""Symbol"":""magic_magicdefbase"",""Value"":""794""}},{""Tag"":""Attribute"",""Attributes"":{""Symbol"":""magic_maxhp"",""Rate"":""100""}}]"
18781,Equip,10473064,13,Chưa dùng,-1,2,-1,2,-1,-1,94,-1,3400,2720,230,true,1,94,4,4,1,-1,-1,,Chưa dùng,,"[{""Tag"":""BaseAttribute"",""Attributes"":{""Symbol"":""magic_physdefbase"",""Value"":""794""}},{""Tag"":""BaseAttribute"",""Attributes"":{""Symbol"":""magic_magicdefbase"",""Value"":""794""}},{""Tag"":""Attribute"",""Attributes"":{""Symbol"":""magic_maxhp"",""Rate"":""100""}}]"
18782,Equip,10473065,13,Chưa dùng,-1,2,-1,2,-1,-1,95,-1,3480,2784,231,true,1,95,4,4,1,-1,-1,,Chưa dùng,,"[{""Tag"":""BaseAttribute"",""Attributes"":{""Symbol"":""magic_physdefbase"",""Value"":""794""}},{""Tag"":""BaseAttribute"",""Attributes"":{""Symbol"":""magic_magicdefbase"",""Value"":""794""}},{""Tag"":""Attribute"",""Attributes"":{""Symbol"":""magic_maxhp"",""Rate"":""100""}}]"
18783,Equip,10473066,13,Chưa dùng,-1,2,-1,2,-1,-1,96,-1,3560,2848,232,true,1,96,4,4,1,-1,-1,,Chưa dùng,,"[{""Tag"":""BaseAttribute"",""Attributes"":{""Symbol"":""magic_physdefbase"",""Value"":""794""}},{""Tag"":""BaseAttribute"",""Attributes"":{""Symbol"":""magic_magicdefbase"",""Value"":""794""}},{""Tag"":""Attribute"",""Attributes"":{""Symbol"":""magic_maxhp"",""Rate"":""100""}}]"
18784,Equip,10473067,13,Chưa dùng,-1,2,-1,2,-1,-1,97,-1,3640,2912,234,true,1,97,4,4,1,-1,-1,,Chưa dùng,,"[{""Tag"":""BaseAttribute"",""Attributes"":{""Symbol"":""magic_physdefbase"",""Value"":""794""}},{""Tag"":""BaseAttribute"",""Attributes"":{""Symbol"":""magic_magicdefbase"",""Value"":""794""}},{""Tag"":""Attribute"",""Attributes"":{""Symbol"":""magic_maxhp"",""Rate"":""100""}}]"
18785,Equip,10473068,13,Chưa dùng,-1,2,-1,2,-1,-1,98,-1,3720,2976,235,true,1,98,4,4,1,-1,-1,,Chưa dùng,,"[{""Tag"":""BaseAttribute"",""Attributes"":{""Symbol"":""magic_physdefbase"",""Value"":""794""}},{""Tag"":""BaseAttribute"",""Attributes"":{""Symbol"":""magic_magicdefbase"",""Value"":""794""}},{""Tag"":""Attribute"",""Attributes"":{""Symbol"":""magic_maxhp"",""Rate"":""100""}}]"
18786,Equip,10473069,13,Chưa dùng,-1,2,-1,2,-1,-1,99,-1,3800,3040,236,true,1,99,4,4,1,-1,-1,,Chưa dùng,,"[{""Tag"":""BaseAttribute"",""Attributes"":{""Symbol"":""magic_physdefbase"",""Value"":""794""}},{""Tag"":""BaseAttribute"",""Attributes"":{""Symbol"":""magic_magicdefbase"",""Value"":""794""}},{""Tag"":""Attribute"",""Attributes"":{""Symbol"":""magic_maxhp"",""Rate"":""100""}}]"
18787,Equip,10473070,13,Chưa dùng,-1,2,-1,2,-1,-1,100,-1,4600,3680,237,true,1,100,4,4,1,-1,-1,,Chưa dùng,,"[{""Tag"":""BaseAttribute"",""Attributes"":{""Symbol"":""magic_physdefbase"",""Value"":""880""}},{""Tag"":""BaseAttribute"",""Attributes"":{""Symbol"":""magic_magicdefbase"",""Value"":""880""}},{""Tag"":""Attribute"",""Attributes"":{""Symbol"":""magic_maxhp"",""Rate"":""100""}}]"
18788,Equip,10473071,13,Chưa dùng,-1,2,-1,2,-1,-1,91,-1,3160,2528,226,true,1,91,4,4,1,-1,-1,,Chưa dùng,,"[{""Tag"":""BaseAttribute"",""Attributes"":{""Symbol"":""magic_physdefbase"",""Value"":""794""}},{""Tag"":""BaseAttribute"",""Attributes"":{""Symbol"":""magic_magicdefbase"",""Value"":""794""}},{""Tag"":""Attribute"",""Attributes"":{""Symbol"":""magic_maxhp"",""Rate"":""100""}}]"
18789,Equip,10473072,13,Chưa dùng,-1,2,-1,2,-1,-1,92,-1,3240,2592,227,true,1,92,4,4,1,-1,-1,,Chưa dùng,,"[{""Tag"":""BaseAttribute"",""Attributes"":{""Symbol"":""magic_physdefbase"",""Value"":""794""}},{""Tag"":""BaseAttribute"",""Attributes"":{""Symbol"":""magic_magicdefbase"",""Value"":""794""}},{""Tag"":""Attribute"",""Attributes"":{""Symbol"":""magic_maxhp"",""Rate"":""100""}}]"
18790,Equip,10473073,13,Chưa dùng,-1,2,-1,2,-1,-1,93,-1,3320,2656,229,true,1,93,4,4,1,-1,-1,,Chưa dùng,,"[{""Tag"":""BaseAttribute"",""Attributes"":{""Symbol"":""magic_physdefbase"",""Value"":""794""}},{""Tag"":""BaseAttribute"",""Attributes"":{""Symbol"":""magic_magicdefbase"",""Value"":""794""}},{""Tag"":""Attribute"",""Attributes"":{""Symbol"":""magic_maxhp"",""Rate"":""100""}}]"
18791,Equip,10473074,13,Chưa dùng,-1,2,-1,2,-1,-1,94,-1,3400,2720,230,true,1,94,4,4,1,-1,-1,,Chưa dùng,,"[{""Tag"":""BaseAttribute"",""Attributes"":{""Symbol"":""magic_physdefbase"",""Value"":""794""}},{""Tag"":""BaseAttribute"",""Attributes"":{""Symbol"":""magic_magicdefbase"",""Value"":""794""}},{""Tag"":""Attribute"",""Attributes"":{""Symbol"":""magic_maxhp"",""Rate"":""100""}}]"
18792,Equip,10473075,13,Chưa dùng,-1,2,-1,2,-1,-1,95,-1,3480,2784,231,true,1,95,4,4,1,-1,-1,,Chưa dùng,,"[{""Tag"":""BaseAttribute"",""Attributes"":{""Symbol"":""magic_physdefbase"",""Value"":""794""}},{""Tag"":""BaseAttribute"",""Attributes"":{""Symbol"":""magic_magicdefbase"",""Value"":""794""}},{""Tag"":""Attribute"",""Attributes"":{""Symbol"":""magic_maxhp"",""Rate"":""100""}}]"
18793,Equip,10473076,13,Chưa dùng,-1,2,-1,2,-1,-1,96,-1,3560,2848,232,true,1,96,4,4,1,-1,-1,,Chưa dùng,,"[{""Tag"":""BaseAttribute"",""Attributes"":{""Symbol"":""magic_physdefbase"",""Value"":""794""}},{""Tag"":""BaseAttribute"",""Attributes"":{""Symbol"":""magic_magicdefbase"",""Value"":""794""}},{""Tag"":""Attribute"",""Attributes"":{""Symbol"":""magic_maxhp"",""Rate"":""100""}}]"
18794,Equip,10473077,13,Chưa dùng,-1,2,-1,2,-1,-1,97,-1,3640,2912,234,true,1,97,4,4,1,-1,-1,,Chưa dùng,,"[{""Tag"":""BaseAttribute"",""Attributes"":{""Symbol"":""magic_physdefbase"",""Value"":""794""}},{""Tag"":""BaseAttribute"",""Attributes"":{""Symbol"":""magic_magicdefbase"",""Value"":""794""}},{""Tag"":""Attribute"",""Attributes"":{""Symbol"":""magic_maxhp"",""Rate"":""100""}}]"
18795,Equip,10473078,13,Chưa dùng,-1,2,-1,2,-1,-1,98,-1,3720,2976,235,true,1,98,4,4,1,-1,-1,,Chưa dùng,,"[{""Tag"":""BaseAttribute"",""Attributes"":{""Symbol"":""magic_physdefbase"",""Value"":""794""}},{""Tag"":""BaseAttribute"",""Attributes"":{""Symbol"":""magic_magicdefbase"",""Value"":""794""}},{""Tag"":""Attribute"",""Attributes"":{""Symbol"":""magic_maxhp"",""Rate"":""100""}}]"
18796,Equip,10473079,13,Chưa dùng,-1,2,-1,2,-1,-1,99,-1,3800,3040,236,true,1,99,4,4,1,-1,-1,,Chưa dùng,,"[{""Tag"":""BaseAttribute"",""Attributes"":{""Symbol"":""magic_physdefbase"",""Value"":""794""}},{""Tag"":""BaseAttribute"",""Attributes"":{""Symbol"":""magic_magicdefbase"",""Value"":""794""}},{""Tag"":""Attribute"",""Attributes"":{""Symbol"":""magic_maxhp"",""Rate"":""100""}}]"
18797,Equip,10473080,13,Chưa dùng,-1,2,-1,2,-1,-1,100,-1,4600,3680,237,true,1,100,4,4,1,-1,-1,,Chưa dùng,,"[{""Tag"":""BaseAttribute"",""Attributes"":{""Symbol"":""magic_physdefbase"",""Value"":""880""}},{""Tag"":""BaseAttribute"",""Attributes"":{""Symbol"":""magic_magicdefbase"",""Value"":""880""}},{""Tag"":""Attribute"",""Attributes"":{""Symbol"":""magic_maxhp"",""Rate"":""100""}}]"
18798,Equip,10473081,13,Chưa dùng,-1,2,-1,2,-1,-1,91,-1,3160,2528,226,true,1,91,4,4,1,-1,-1,,Chưa dùng,,"[{""Tag"":""BaseAttribute"",""Attributes"":{""Symbol"":""magic_physdefbase"",""Value"":""794""}},{""Tag"":""BaseAttribute"",""Attributes"":{""Symbol"":""magic_magicdefbase"",""Value"":""794""}},{""Tag"":""Attribute"",""Attributes"":{""Symbol"":""magic_maxhp"",""Rate"":""100""}}]"
18799,Equip,10473082,13,Chưa dùng,-1,2,-1,2,-1,-1,92,-1,3240,2592,227,true,1,92,4,4,1,-1,-1,,Chưa dùng,,"[{""Tag"":""BaseAttribute"",""Attributes"":{""Symbol"":""magic_physdefbase"",""Value"":""794""}},{""Tag"":""BaseAttribute"",""Attributes"":{""Symbol"":""magic_magicdefbase"",""Value"":""794""}},{""Tag"":""Attribute"",""Attributes"":{""Symbol"":""magic_maxhp"",""Rate"":""100""}}]"
18800,Equip,10473083,13,Chưa dùng,-1,2,-1,2,-1,-1,93,-1,3320,2656,229,true,1,93,4,4,1,-1,-1,,Chưa dùng,,"[{""Tag"":""BaseAttribute"",""Attributes"":{""Symbol"":""magic_physdefbase"",""Value"":""794""}},{""Tag"":""BaseAttribute"",""Attributes"":{""Symbol"":""magic_magicdefbase"",""Value"":""794""}},{""Tag"":""Attribute"",""Attributes"":{""Symbol"":""magic_maxhp"",""Rate"":""100""}}]"
18801,Equip,10473084,13,Chưa dùng,-1,2,-1,2,-1,-1,94,-1,3400,2720,230,true,1,94,4,4,1,-1,-1,,Chưa dùng,,"[{""Tag"":""BaseAttribute"",""Attributes"":{""Symbol"":""magic_physdefbase"",""Value"":""794""}},{""Tag"":""BaseAttribute"",""Attributes"":{""Symbol"":""magic_magicdefbase"",""Value"":""794""}},{""Tag"":""Attribute"",""Attributes"":{""Symbol"":""magic_maxhp"",""Rate"":""100""}}]"
18802,Equip,10473085,13,Chưa dùng,-1,2,-1,2,-1,-1,95,-1,3480,2784,231,true,1,95,4,4,1,-1,-1,,Chưa dùng,,"[{""Tag"":""BaseAttribute"",""Attributes"":{""Symbol"":""magic_physdefbase"",""Value"":""794""}},{""Tag"":""BaseAttribute"",""Attributes"":{""Symbol"":""magic_magicdefbase"",""Value"":""794""}},{""Tag"":""Attribute"",""Attributes"":{""Symbol"":""magic_maxhp"",""Rate"":""100""}}]"
18803,Equip,10473086,13,Chưa dùng,-1,2,-1,2,-1,-1,96,-1,3560,2848,232,true,1,96,4,4,1,-1,-1,,Chưa dùng,,"[{""Tag"":""BaseAttribute"",""Attributes"":{""Symbol"":""magic_physdefbase"",""Value"":""794""}},{""Tag"":""BaseAttribute"",""Attributes"":{""Symbol"":""magic_magicdefbase"",""Value"":""794""}},{""Tag"":""Attribute"",""Attributes"":{""Symbol"":""magic_maxhp"",""Rate"":""100""}}]"
18804,Equip,10473087,13,Chưa dùng,-1,2,-1,2,-1,-1,97,-1,3640,2912,234,true,1,97,4,4,1,-1,-1,,Chưa dùng,,"[{""Tag"":""BaseAttribute"",""Attributes"":{""Symbol"":""magic_physdefbase"",""Value"":""794""}},{""Tag"":""BaseAttribute"",""Attributes"":{""Symbol"":""magic_magicdefbase"",""Value"":""794""}},{""Tag"":""Attribute"",""Attributes"":{""Symbol"":""magic_maxhp"",""Rate"":""100""}}]"
18805,Equip,10473088,13,Chưa dùng,-1,2,-1,2,-1,-1,98,-1,3720,2976,235,true,1,98,4,4,1,-1,-1,,Chưa dùng,,"[{""Tag"":""BaseAttribute"",""Attributes"":{""Symbol"":""magic_physdefbase"",""Value"":""794""}},{""Tag"":""BaseAttribute"",""Attributes"":{""Symbol"":""magic_magicdefbase"",""Value"":""794""}},{""Tag"":""Attribute"",""Attributes"":{""Symbol"":""magic_maxhp"",""Rate"":""100""}}]"
18806,Equip,10473089,13,Chưa dùng,-1,2,-1,2,-1,-1,99,-1,3800,3040,236,true,1,99,4,4,1,-1,-1,,Chưa dùng,,"[{""Tag"":""BaseAttribute"",""Attributes"":{""Symbol"":""magic_physdefbase"",""Value"":""794""}},{""Tag"":""BaseAttribute"",""Attributes"":{""Symbol"":""magic_magicdefbase"",""Value"":""794""}},{""Tag"":""Attribute"",""Attributes"":{""Symbol"":""magic_maxhp"",""Rate"":""100""}}]"
18807,Equip,10473090,13,Chưa dùng,-1,2,-1,2,-1,-1,100,-1,4600,3680,237,true,1,100,4,4,1,-1,-1,,Chưa dùng,,"[{""Tag"":""BaseAttribute"",""Attributes"":{""Symbol"":""magic_physdefbase"",""Value"":""880""}},{""Tag"":""BaseAttribute"",""Attributes"":{""Symbol"":""magic_magicdefbase"",""Value"":""880""}},{""Tag"":""Attribute"",""Attributes"":{""Symbol"":""magic_maxhp"",""Rate"":""100""}}]"
18808,Equip,10473091,13,Chưa dùng,-1,2,-1,2,-1,-1,91,-1,3160,2528,226,true,1,91,4,4,1,-1,-1,,Chưa dùng,,"[{""Tag"":""BaseAttribute"",""Attributes"":{""Symbol"":""magic_physdefbase"",""Value"":""794""}},{""Tag"":""BaseAttribute"",""Attributes"":{""Symbol"":""magic_magicdefbase"",""Value"":""794""}},{""Tag"":""Attribute"",""Attributes"":{""Symbol"":""magic_maxhp"",""Rate"":""100""}}]"
18809,Equip,10473092,13,Chưa dùng,-1,2,-1,2,-1,-1,92,-1,3240,2592,227,true,1,92,4,4,1,-1,-1,,Chưa dùng,,"[{""Tag"":""BaseAttribute"",""Attributes"":{""Symbol"":""magic_physdefbase"",""Value"":""794""}},{""Tag"":""BaseAttribute"",""Attributes"":{""Symbol"":""magic_magicdefbase"",""Value"":""794""}},{""Tag"":""Attribute"",""Attributes"":{""Symbol"":""magic_maxhp"",""Rate"":""100""}}]"
18810,Equip,10473093,13,Chưa dùng,-1,2,-1,2,-1,-1,93,-1,3320,2656,229,true,1,93,4,4,1,-1,-1,,Chưa dùng,,"[{""Tag"":""BaseAttribute"",""Attributes"":{""Symbol"":""magic_physdefbase"",""Value"":""794""}},{""Tag"":""BaseAttribute"",""Attributes"":{""Symbol"":""magic_magicdefbase"",""Value"":""794""}},{""Tag"":""Attribute"",""Attributes"":{""Symbol"":""magic_maxhp"",""Rate"":""100""}}]"
18811,Equip,10473094,13,Chưa dùng,-1,2,-1,2,-1,-1,94,-1,3400,2720,230,true,1,94,4,4,1,-1,-1,,Chưa dùng,,"[{""Tag"":""BaseAttribute"",""Attributes"":{""Symbol"":""magic_physdefbase"",""Value"":""794""}},{""Tag"":""BaseAttribute"",""Attributes"":{""Symbol"":""magic_magicdefbase"",""Value"":""794""}},{""Tag"":""Attribute"",""Attributes"":{""Symbol"":""magic_maxhp"",""Rate"":""100""}}]"
18812,Equip,10473095,13,Chưa dùng,-1,2,-1,2,-1,-1,95,-1,3480,2784,231,true,1,95,4,4,1,-1,-1,,Chưa dùng,,"[{""Tag"":""BaseAttribute"",""Attributes"":{""Symbol"":""magic_physdefbase"",""Value"":""794""}},{""Tag"":""BaseAttribute"",""Attributes"":{""Symbol"":""magic_magicdefbase"",""Value"":""794""}},{""Tag"":""Attribute"",""Attributes"":{""Symbol"":""magic_maxhp"",""Rate"":""100""}}]"
18813,Equip,10473096,13,Chưa dùng,-1,2,-1,2,-1,-1,96,-1,3560,2848,232,true,1,96,4,4,1,-1,-1,,Chưa dùng,,"[{""Tag"":""BaseAttribute"",""Attributes"":{""Symbol"":""magic_physdefbase"",""Value"":""794""}},{""Tag"":""BaseAttribute"",""Attributes"":{""Symbol"":""magic_magicdefbase"",""Value"":""794""}},{""Tag"":""Attribute"",""Attributes"":{""Symbol"":""magic_maxhp"",""Rate"":""100""}}]"
18814,Equip,10473097,13,Chưa dùng,-1,2,-1,2,-1,-1,97,-1,3640,2912,234,true,1,97,4,4,1,-1,-1,,Chưa dùng,,"[{""Tag"":""BaseAttribute"",""Attributes"":{""Symbol"":""magic_physdefbase"",""Value"":""794""}},{""Tag"":""BaseAttribute"",""Attributes"":{""Symbol"":""magic_magicdefbase"",""Value"":""794""}},{""Tag"":""Attribute"",""Attributes"":{""Symbol"":""magic_maxhp"",""Rate"":""100""}}]"
18815,Equip,10473098,13,Chưa dùng,-1,2,-1,2,-1,-1,98,-1,3720,2976,235,true,1,98,4,4,1,-1,-1,,Chưa dùng,,"[{""Tag"":""BaseAttribute"",""Attributes"":{""Symbol"":""magic_physdefbase"",""Value"":""794""}},{""Tag"":""BaseAttribute"",""Attributes"":{""Symbol"":""magic_magicdefbase"",""Value"":""794""}},{""Tag"":""Attribute"",""Attributes"":{""Symbol"":""magic_maxhp"",""Rate"":""100""}}]"
18816,Equip,10473099,13,Chưa dùng,-1,2,-1,2,-1,-1,99,-1,3800,3040,236,true,1,99,4,4,1,-1,-1,,Chưa dùng,,"[{""Tag"":""BaseAttribute"",""Attributes"":{""Symbol"":""magic_physdefbase"",""Value"":""794""}},{""Tag"":""BaseAttribute"",""Attributes"":{""Symbol"":""magic_magicdefbase"",""Value"":""794""}},{""Tag"":""Attribute"",""Attributes"":{""Symbol"":""magic_maxhp"",""Rate"":""100""}}]"
18817,Equip,10473100,13,Chưa dùng,-1,2,-1,2,-1,-1,100,-1,4600,3680,237,true,1,100,4,4,1,-1,-1,,Chưa dùng,,"[{""Tag"":""BaseAttribute"",""Attributes"":{""Symbol"":""magic_physdefbase"",""Value"":""880""}},{""Tag"":""BaseAttribute"",""Attributes"":{""Symbol"":""magic_magicdefbase"",""Value"":""880""}},{""Tag"":""Attribute"",""Attributes"":{""Symbol"":""magic_maxhp"",""Rate"":""100""}}]"
18818,Equip,10473101,13,Chưa dùng,-1,2,-1,2,-1,-1,91,-1,3160,2528,226,true,1,91,4,4,1,-1,-1,,Chưa dùng,,"[{""Tag"":""BaseAttribute"",""Attributes"":{""Symbol"":""magic_physdefbase"",""Value"":""794""}},{""Tag"":""BaseAttribute"",""Attributes"":{""Symbol"":""magic_magicdefbase"",""Value"":""794""}},{""Tag"":""Attribute"",""Attributes"":{""Symbol"":""magic_maxhp"",""Rate"":""100""}}]"
18819,Equip,10473102,13,Chưa dùng,-1,2,-1,2,-1,-1,92,-1,3240,2592,227,true,1,92,4,4,1,-1,-1,,Chưa dùng,,"[{""Tag"":""BaseAttribute"",""Attributes"":{""Symbol"":""magic_physdefbase"",""Value"":""794""}},{""Tag"":""BaseAttribute"",""Attributes"":{""Symbol"":""magic_magicdefbase"",""Value"":""794""}},{""Tag"":""Attribute"",""Attributes"":{""Symbol"":""magic_maxhp"",""Rate"":""100""}}]"
18820,Equip,10473103,13,Chưa dùng,-1,2,-1,2,-1,-1,93,-1,3320,2656,229,true,1,93,4,4,1,-1,-1,,Chưa dùng,,"[{""Tag"":""BaseAttribute"",""Attributes"":{""Symbol"":""magic_physdefbase"",""Value"":""794""}},{""Tag"":""BaseAttribute"",""Attributes"":{""Symbol"":""magic_magicdefbase"",""Value"":""794""}},{""Tag"":""Attribute"",""Attributes"":{""Symbol"":""magic_maxhp"",""Rate"":""100""}}]"
18821,Equip,10473104,13,Chưa dùng,-1,2,-1,2,-1,-1,94,-1,3400,2720,230,true,1,94,4,4,1,-1,-1,,Chưa dùng,,"[{""Tag"":""BaseAttribute"",""Attributes"":{""Symbol"":""magic_physdefbase"",""Value"":""794""}},{""Tag"":""BaseAttribute"",""Attributes"":{""Symbol"":""magic_magicdefbase"",""Value"":""794""}},{""Tag"":""Attribute"",""Attributes"":{""Symbol"":""magic_maxhp"",""Rate"":""100""}}]"
18822,Equip,10473105,13,Chưa dùng,-1,2,-1,2,-1,-1,95,-1,3480,2784,231,true,1,95,4,4,1,-1,-1,,Chưa dùng,,"[{""Tag"":""BaseAttribute"",""Attributes"":{""Symbol"":""magic_physdefbase"",""Value"":""794""}},{""Tag"":""BaseAttribute"",""Attributes"":{""Symbol"":""magic_magicdefbase"",""Value"":""794""}},{""Tag"":""Attribute"",""Attributes"":{""Symbol"":""magic_maxhp"",""Rate"":""100""}}]"
18823,Equip,10473106,13,Chưa dùng,-1,2,-1,2,-1,-1,96,-1,3560,2848,232,true,1,96,4,4,1,-1,-1,,Chưa dùng,,"[{""Tag"":""BaseAttribute"",""Attributes"":{""Symbol"":""magic_physdefbase"",""Value"":""794""}},{""Tag"":""BaseAttribute"",""Attributes"":{""Symbol"":""magic_magicdefbase"",""Value"":""794""}},{""Tag"":""Attribute"",""Attributes"":{""Symbol"":""magic_maxhp"",""Rate"":""100""}}]"
18824,Equip,10473107,13,Chưa dùng,-1,2,-1,2,-1,-1,97,-1,3640,2912,234,true,1,97,4,4,1,-1,-1,,Chưa dùng,,"[{""Tag"":""BaseAttribute"",""Attributes"":{""Symbol"":""magic_physdefbase"",""Value"":""794""}},{""Tag"":""BaseAttribute"",""Attributes"":{""Symbol"":""magic_magicdefbase"",""Value"":""794""}},{""Tag"":""Attribute"",""Attributes"":{""Symbol"":""magic_maxhp"",""Rate"":""100""}}]"
18825,Equip,10473108,13,Chưa dùng,-1,2,-1,2,-1,-1,98,-1,3720,2976,235,true,1,98,4,4,1,-1,-1,,Chưa dùng,,"[{""Tag"":""BaseAttribute"",""Attributes"":{""Symbol"":""magic_physdefbase"",""Value"":""794""}},{""Tag"":""BaseAttribute"",""Attributes"":{""Symbol"":""magic_magicdefbase"",""Value"":""794""}},{""Tag"":""Attribute"",""Attributes"":{""Symbol"":""magic_maxhp"",""Rate"":""100""}}]"
18826,Equip,10473109,13,Chưa dùng,-1,2,-1,2,-1,-1,99,-1,3800,3040,236,true,1,99,4,4,1,-1,-1,,Chưa dùng,,"[{""Tag"":""BaseAttribute"",""Attributes"":{""Symbol"":""magic_physdefbase"",""Value"":""794""}},{""Tag"":""BaseAttribute"",""Attributes"":{""Symbol"":""magic_magicdefbase"",""Value"":""794""}},{""Tag"":""Attribute"",""Attributes"":{""Symbol"":""magic_maxhp"",""Rate"":""100""}}]"
18827,Equip,10473110,13,Chưa dùng,-1,2,-1,2,-1,-1,100,-1,4600,3680,237,true,1,100,4,4,1,-1,-1,,Chưa dùng,,"[{""Tag"":""BaseAttribute"",""Attributes"":{""Symbol"":""magic_physdefbase"",""Value"":""880""}},{""Tag"":""BaseAttribute"",""Attributes"":{""Symbol"":""magic_magicdefbase"",""Value"":""880""}},{""Tag"":""Attribute"",""Attributes"":{""Symbol"":""magic_maxhp"",""Rate"":""100""}}]"
18828,Equip,10473111,13,Chưa dùng,-1,2,-1,2,-1,-1,91,-1,3160,2528,226,true,1,91,4,4,1,-1,-1,,Chưa dùng,,"[{""Tag"":""BaseAttribute"",""Attributes"":{""Symbol"":""magic_physdefbase"",""Value"":""794""}},{""Tag"":""BaseAttribute"",""Attributes"":{""Symbol"":""magic_magicdefbase"",""Value"":""794""}},{""Tag"":""Attribute"",""Attributes"":{""Symbol"":""magic_maxhp"",""Rate"":""100""}}]"
18829,Equip,10473112,13,Chưa dùng,-1,2,-1,2,-1,-1,92,-1,3240,2592,227,true,1,92,4,4,1,-1,-1,,Chưa dùng,,"[{""Tag"":""BaseAttribute"",""Attributes"":{""Symbol"":""magic_physdefbase"",""Value"":""794""}},{""Tag"":""BaseAttribute"",""Attributes"":{""Symbol"":""magic_magicdefbase"",""Value"":""794""}},{""Tag"":""Attribute"",""Attributes"":{""Symbol"":""magic_maxhp"",""Rate"":""100""}}]"
18830,Equip,10473113,13,Chưa dùng,-1,2,-1,2,-1,-1,93,-1,3320,2656,229,true,1,93,4,4,1,-1,-1,,Chưa dùng,,"[{""Tag"":""BaseAttribute"",""Attributes"":{""Symbol"":""magic_physdefbase"",""Value"":""794""}},{""Tag"":""BaseAttribute"",""Attributes"":{""Symbol"":""magic_magicdefbase"",""Value"":""794""}},{""Tag"":""Attribute"",""Attributes"":{""Symbol"":""magic_maxhp"",""Rate"":""100""}}]"
18831,Equip,10473114,13,Chưa dùng,-1,2,-1,2,-1,-1,94,-1,3400,2720,230,true,1,94,4,4,1,-1,-1,,Chưa dùng,,"[{""Tag"":""BaseAttribute"",""Attributes"":{""Symbol"":""magic_physdefbase"",""Value"":""794""}},{""Tag"":""BaseAttribute"",""Attributes"":{""Symbol"":""magic_magicdefbase"",""Value"":""794""}},{""Tag"":""Attribute"",""Attributes"":{""Symbol"":""magic_maxhp"",""Rate"":""100""}}]"
18832,Equip,10473115,13,Chưa dùng,-1,2,-1,2,-1,-1,95,-1,3480,2784,231,true,1,95,4,4,1,-1,-1,,Chưa dùng,,"[{""Tag"":""BaseAttribute"",""Attributes"":{""Symbol"":""magic_physdefbase"",""Value"":""794""}},{""Tag"":""BaseAttribute"",""Attributes"":{""Symbol"":""magic_magicdefbase"",""Value"":""794""}},{""Tag"":""Attribute"",""Attributes"":{""Symbol"":""magic_maxhp"",""Rate"":""100""}}]"
18833,Equip,10473116,13,Chưa dùng,-1,2,-1,2,-1,-1,96,-1,3560,2848,232,true,1,96,4,4,1,-1,-1,,Chưa dùng,,"[{""Tag"":""BaseAttribute"",""Attributes"":{""Symbol"":""magic_physdefbase"",""Value"":""794""}},{""Tag"":""BaseAttribute"",""Attributes"":{""Symbol"":""magic_magicdefbase"",""Value"":""794""}},{""Tag"":""Attribute"",""Attributes"":{""Symbol"":""magic_maxhp"",""Rate"":""100""}}]"
18834,Equip,10473117,13,Chưa dùng,-1,2,-1,2,-1,-1,97,-1,3640,2912,234,true,1,97,4,4,1,-1,-1,,Chưa dùng,,"[{""Tag"":""BaseAttribute"",""Attributes"":{""Symbol"":""magic_physdefbase"",""Value"":""794""}},{""Tag"":""BaseAttribute"",""Attributes"":{""Symbol"":""magic_magicdefbase"",""Value"":""794""}},{""Tag"":""Attribute"",""Attributes"":{""Symbol"":""magic_maxhp"",""Rate"":""100""}}]"
18835,Equip,10473118,13,Chưa dùng,-1,2,-1,2,-1,-1,98,-1,3720,2976,235,true,1,98,4,4,1,-1,-1,,Chưa dùng,,"[{""Tag"":""BaseAttribute"",""Attributes"":{""Symbol"":""magic_physdefbase"",""Value"":""794""}},{""Tag"":""BaseAttribute"",""Attributes"":{""Symbol"":""magic_magicdefbase"",""Value"":""794""}},{""Tag"":""Attribute"",""Attributes"":{""Symbol"":""magic_maxhp"",""Rate"":""100""}}]"
18836,Equip,10473119,13,Chưa dùng,-1,2,-1,2,-1,-1,99,-1,3800,3040,236,true,1,99,4,4,1,-1,-1,,Chưa dùng,,"[{""Tag"":""BaseAttribute"",""Attributes"":{""Symbol"":""magic_physdefbase"",""Value"":""794""}},{""Tag"":""BaseAttribute"",""Attributes"":{""Symbol"":""magic_magicdefbase"",""Value"":""794""}},{""Tag"":""Attribute"",""Attributes"":{""Symbol"":""magic_maxhp"",""Rate"":""100""}}]"
18837,Equip,10473120,13,Chưa dùng,-1,2,-1,2,-1,-1,100,-1,4600,3680,237,true,1,100,4,4,1,-1,-1,,Chưa dùng,,"[{""Tag"":""BaseAttribute"",""Attributes"":{""Symbol"":""magic_physdefbase"",""Value"":""880""}},{""Tag"":""BaseAttribute"",""Attributes"":{""Symbol"":""magic_magicdefbase"",""Value"":""880""}},{""Tag"":""Attribute"",""Attributes"":{""Symbol"":""magic_maxhp"",""Rate"":""100""}}]"
18838,Equip,10473121,13,Chưa dùng,-1,2,-1,2,-1,-1,91,-1,3160,2528,226,true,1,91,4,4,1,-1,-1,,Chưa dùng,,"[{""Tag"":""BaseAttribute"",""Attributes"":{""Symbol"":""magic_physdefbase"",""Value"":""794""}},{""Tag"":""BaseAttribute"",""Attributes"":{""Symbol"":""magic_magicdefbase"",""Value"":""794""}},{""Tag"":""Attribute"",""Attributes"":{""Symbol"":""magic_maxhp"",""Rate"":""100""}}]"
18839,Equip,10473122,13,Chưa dùng,-1,2,-1,2,-1,-1,92,-1,3240,2592,227,true,1,92,4,4,1,-1,-1,,Chưa dùng,,"[{""Tag"":""BaseAttribute"",""Attributes"":{""Symbol"":""magic_physdefbase"",""Value"":""794""}},{""Tag"":""BaseAttribute"",""Attributes"":{""Symbol"":""magic_magicdefbase"",""Value"":""794""}},{""Tag"":""Attribute"",""Attributes"":{""Symbol"":""magic_maxhp"",""Rate"":""100""}}]"
18840,Equip,10473123,13,Chưa dùng,-1,2,-1,2,-1,-1,93,-1,3320,2656,229,true,1,93,4,4,1,-1,-1,,Chưa dùng,,"[{""Tag"":""BaseAttribute"",""Attributes"":{""Symbol"":""magic_physdefbase"",""Value"":""794""}},{""Tag"":""BaseAttribute"",""Attributes"":{""Symbol"":""magic_magicdefbase"",""Value"":""794""}},{""Tag"":""Attribute"",""Attributes"":{""Symbol"":""magic_maxhp"",""Rate"":""100""}}]"
18841,Equip,10473124,13,Chưa dùng,-1,2,-1,2,-1,-1,94,-1,3400,2720,230,true,1,94,4,4,1,-1,-1,,Chưa dùng,,"[{""Tag"":""BaseAttribute"",""Attributes"":{""Symbol"":""magic_physdefbase"",""Value"":""794""}},{""Tag"":""BaseAttribute"",""Attributes"":{""Symbol"":""magic_magicdefbase"",""Value"":""794""}},{""Tag"":""Attribute"",""Attributes"":{""Symbol"":""magic_maxhp"",""Rate"":""100""}}]"
18842,Equip,10473125,13,Chưa dùng,-1,2,-1,2,-1,-1,95,-1,3480,2784,231,true,1,95,4,4,1,-1,-1,,Chưa dùng,,"[{""Tag"":""BaseAttribute"",""Attributes"":{""Symbol"":""magic_physdefbase"",""Value"":""794""}},{""Tag"":""BaseAttribute"",""Attributes"":{""Symbol"":""magic_magicdefbase"",""Value"":""794""}},{""Tag"":""Attribute"",""Attributes"":{""Symbol"":""magic_maxhp"",""Rate"":""100""}}]"
18843,Equip,10473126,13,Chưa dùng,-1,2,-1,2,-1,-1,96,-1,3560,2848,232,true,1,96,4,4,1,-1,-1,,Chưa dùng,,"[{""Tag"":""BaseAttribute"",""Attributes"":{""Symbol"":""magic_physdefbase"",""Value"":""794""}},{""Tag"":""BaseAttribute"",""Attributes"":{""Symbol"":""magic_magicdefbase"",""Value"":""794""}},{""Tag"":""Attribute"",""Attributes"":{""Symbol"":""magic_maxhp"",""Rate"":""100""}}]"
18844,Equip,10473127,13,Chưa dùng,-1,2,-1,2,-1,-1,97,-1,3640,2912,234,true,1,97,4,4,1,-1,-1,,Chưa dùng,,"[{""Tag"":""BaseAttribute"",""Attributes"":{""Symbol"":""magic_physdefbase"",""Value"":""794""}},{""Tag"":""BaseAttribute"",""Attributes"":{""Symbol"":""magic_magicdefbase"",""Value"":""794""}},{""Tag"":""Attribute"",""Attributes"":{""Symbol"":""magic_maxhp"",""Rate"":""100""}}]"
18845,Equip,10473128,13,Chưa dùng,-1,2,-1,2,-1,-1,98,-1,3720,2976,235,true,1,98,4,4,1,-1,-1,,Chưa dùng,,"[{""Tag"":""BaseAttribute"",""Attributes"":{""Symbol"":""magic_physdefbase"",""Value"":""794""}},{""Tag"":""BaseAttribute"",""Attributes"":{""Symbol"":""magic_magicdefbase"",""Value"":""794""}},{""Tag"":""Attribute"",""Attributes"":{""Symbol"":""magic_maxhp"",""Rate"":""100""}}]"
18846,Equip,10473129,13,Chưa dùng,-1,2,-1,2,-1,-1,99,-1,3800,3040,236,true,1,99,4,4,1,-1,-1,,Chưa dùng,,"[{""Tag"":""BaseAttribute"",""Attributes"":{""Symbol"":""magic_physdefbase"",""Value"":""794""}},{""Tag"":""BaseAttribute"",""Attributes"":{""Symbol"":""magic_magicdefbase"",""Value"":""794""}},{""Tag"":""Attribute"",""Attributes"":{""Symbol"":""magic_maxhp"",""Rate"":""100""}}]"
18847,Equip,10473130,13,Chưa dùng,-1,2,-1,2,-1,-1,100,-1,4600,3680,237,true,1,100,4,4,1,-1,-1,,Chưa dùng,,"[{""Tag"":""BaseAttribute"",""Attributes"":{""Symbol"":""magic_physdefbase"",""Value"":""880""}},{""Tag"":""BaseAttribute"",""Attributes"":{""Symbol"":""magic_magicdefbase"",""Value"":""880""}},{""Tag"":""Attribute"",""Attributes"":{""Symbol"":""magic_maxhp"",""Rate"":""100""}}]"
18848,Equip,10473131,13,Chưa dùng,-1,2,-1,2,-1,-1,91,-1,3160,2528,226,true,1,91,4,4,1,-1,-1,,Chưa dùng,,"[{""Tag"":""BaseAttribute"",""Attributes"":{""Symbol"":""magic_physdefbase"",""Value"":""794""}},{""Tag"":""BaseAttribute"",""Attributes"":{""Symbol"":""magic_magicdefbase"",""Value"":""794""}},{""Tag"":""Attribute"",""Attributes"":{""Symbol"":""magic_maxhp"",""Rate"":""100""}}]"
18849,Equip,10473132,13,Chưa dùng,-1,2,-1,2,-1,-1,92,-1,3240,2592,227,true,1,92,4,4,1,-1,-1,,Chưa dùng,,"[{""Tag"":""BaseAttribute"",""Attributes"":{""Symbol"":""magic_physdefbase"",""Value"":""794""}},{""Tag"":""BaseAttribute"",""Attributes"":{""Symbol"":""magic_magicdefbase"",""Value"":""794""}},{""Tag"":""Attribute"",""Attributes"":{""Symbol"":""magic_maxhp"",""Rate"":""100""}}]"
18850,Equip,10473133,13,Chưa dùng,-1,2,-1,2,-1,-1,93,-1,3320,2656,229,true,1,93,4,4,1,-1,-1,,Chưa dùng,,"[{""Tag"":""BaseAttribute"",""Attributes"":{""Symbol"":""magic_physdefbase"",""Value"":""794""}},{""Tag"":""BaseAttribute"",""Attributes"":{""Symbol"":""magic_magicdefbase"",""Value"":""794""}},{""Tag"":""Attribute"",""Attributes"":{""Symbol"":""magic_maxhp"",""Rate"":""100""}}]"
18851,Equip,10473134,13,Chưa dùng,-1,2,-1,2,-1,-1,94,-1,3400,2720,230,true,1,94,4,4,1,-1,-1,,Chưa dùng,,"[{""Tag"":""BaseAttribute"",""Attributes"":{""Symbol"":""magic_physdefbase"",""Value"":""794""}},{""Tag"":""BaseAttribute"",""Attributes"":{""Symbol"":""magic_magicdefbase"",""Value"":""794""}},{""Tag"":""Attribute"",""Attributes"":{""Symbol"":""magic_maxhp"",""Rate"":""100""}}]"
18852,Equip,10473135,13,Chưa dùng,-1,2,-1,2,-1,-1,95,-1,3480,2784,231,true,1,95,4,4,1,-1,-1,,Chưa dùng,,"[{""Tag"":""BaseAttribute"",""Attributes"":{""Symbol"":""magic_physdefbase"",""Value"":""794""}},{""Tag"":""BaseAttribute"",""Attributes"":{""Symbol"":""magic_magicdefbase"",""Value"":""794""}},{""Tag"":""Attribute"",""Attributes"":{""Symbol"":""magic_maxhp"",""Rate"":""100""}}]"
18853,Equip,10473136,13,Chưa dùng,-1,2,-1,2,-1,-1,96,-1,3560,2848,232,true,1,96,4,4,1,-1,-1,,Chưa dùng,,"[{""Tag"":""BaseAttribute"",""Attributes"":{""Symbol"":""magic_physdefbase"",""Value"":""794""}},{""Tag"":""BaseAttribute"",""Attributes"":{""Symbol"":""magic_magicdefbase"",""Value"":""794""}},{""Tag"":""Attribute"",""Attributes"":{""Symbol"":""magic_maxhp"",""Rate"":""100""}}]"
18854,Equip,10473137,13,Chưa dùng,-1,2,-1,2,-1,-1,97,-1,3640,2912,234,true,1,97,4,4,1,-1,-1,,Chưa dùng,,"[{""Tag"":""BaseAttribute"",""Attributes"":{""Symbol"":""magic_physdefbase"",""Value"":""794""}},{""Tag"":""BaseAttribute"",""Attributes"":{""Symbol"":""magic_magicdefbase"",""Value"":""794""}},{""Tag"":""Attribute"",""Attributes"":{""Symbol"":""magic_maxhp"",""Rate"":""100""}}]"
18855,Equip,10473138,13,Chưa dùng,-1,2,-1,2,-1,-1,98,-1,3720,2976,235,true,1,98,4,4,1,-1,-1,,Chưa dùng,,"[{""Tag"":""BaseAttribute"",""Attributes"":{""Symbol"":""magic_physdefbase"",""Value"":""794""}},{""Tag"":""BaseAttribute"",""Attributes"":{""Symbol"":""magic_magicdefbase"",""Value"":""794""}},{""Tag"":""Attribute"",""Attributes"":{""Symbol"":""magic_maxhp"",""Rate"":""100""}}]"
18856,Equip,10473139,13,Chưa dùng,-1,2,-1,2,-1,-1,99,-1,3800,3040,236,true,1,99,4,4,1,-1,-1,,Chưa dùng,,"[{""Tag"":""BaseAttribute"",""Attributes"":{""Symbol"":""magic_physdefbase"",""Value"":""794""}},{""Tag"":""BaseAttribute"",""Attributes"":{""Symbol"":""magic_magicdefbase"",""Value"":""794""}},{""Tag"":""Attribute"",""Attributes"":{""Symbol"":""magic_maxhp"",""Rate"":""100""}}]"
18857,Equip,10473140,13,Chưa dùng,-1,2,-1,2,-1,-1,100,-1,4600,3680,237,true,1,100,4,4,1,-1,-1,,Chưa dùng,,"[{""Tag"":""BaseAttribute"",""Attributes"":{""Symbol"":""magic_physdefbase"",""Value"":""880""}},{""Tag"":""BaseAttribute"",""Attributes"":{""Symbol"":""magic_magicdefbase"",""Value"":""880""}},{""Tag"":""Attribute"",""Attributes"":{""Symbol"":""magic_maxhp"",""Rate"":""100""}}]"
18858,Equip,10473141,13,Chưa dùng,-1,2,-1,2,-1,-1,91,-1,3160,2528,226,true,1,91,4,4,1,-1,-1,,Chưa dùng,,"[{""Tag"":""BaseAttribute"",""Attributes"":{""Symbol"":""magic_physdefbase"",""Value"":""794""}},{""Tag"":""BaseAttribute"",""Attributes"":{""Symbol"":""magic_magicdefbase"",""Value"":""794""}},{""Tag"":""Attribute"",""Attributes"":{""Symbol"":""magic_maxhp"",""Rate"":""100""}}]"
18859,Equip,10473142,13,Chưa dùng,-1,2,-1,2,-1,-1,92,-1,3240,2592,227,true,1,92,4,4,1,-1,-1,,Chưa dùng,,"[{""Tag"":""BaseAttribute"",""Attributes"":{""Symbol"":""magic_physdefbase"",""Value"":""794""}},{""Tag"":""BaseAttribute"",""Attributes"":{""Symbol"":""magic_magicdefbase"",""Value"":""794""}},{""Tag"":""Attribute"",""Attributes"":{""Symbol"":""magic_maxhp"",""Rate"":""100""}}]"
18860,Equip,10473143,13,Chưa dùng,-1,2,-1,2,-1,-1,93,-1,3320,2656,229,true,1,93,4,4,1,-1,-1,,Chưa dùng,,"[{""Tag"":""BaseAttribute"",""Attributes"":{""Symbol"":""magic_physdefbase"",""Value"":""794""}},{""Tag"":""BaseAttribute"",""Attributes"":{""Symbol"":""magic_magicdefbase"",""Value"":""794""}},{""Tag"":""Attribute"",""Attributes"":{""Symbol"":""magic_maxhp"",""Rate"":""100""}}]"
18861,Equip,10473144,13,Chưa dùng,-1,2,-1,2,-1,-1,94,-1,3400,2720,230,true,1,94,4,4,1,-1,-1,,Chưa dùng,,"[{""Tag"":""BaseAttribute"",""Attributes"":{""Symbol"":""magic_physdefbase"",""Value"":""794""}},{""Tag"":""BaseAttribute"",""Attributes"":{""Symbol"":""magic_magicdefbase"",""Value"":""794""}},{""Tag"":""Attribute"",""Attributes"":{""Symbol"":""magic_maxhp"",""Rate"":""100""}}]"
18862,Equip,10473145,13,Chưa dùng,-1,2,-1,2,-1,-1,95,-1,3480,2784,231,true,1,95,4,4,1,-1,-1,,Chưa dùng,,"[{""Tag"":""BaseAttribute"",""Attributes"":{""Symbol"":""magic_physdefbase"",""Value"":""794""}},{""Tag"":""BaseAttribute"",""Attributes"":{""Symbol"":""magic_magicdefbase"",""Value"":""794""}},{""Tag"":""Attribute"",""Attributes"":{""Symbol"":""magic_maxhp"",""Rate"":""100""}}]"
18863,Equip,10473146,13,Chưa dùng,-1,2,-1,2,-1,-1,96,-1,3560,2848,232,true,1,96,4,4,1,-1,-1,,Chưa dùng,,"[{""Tag"":""BaseAttribute"",""Attributes"":{""Symbol"":""magic_physdefbase"",""Value"":""794""}},{""Tag"":""BaseAttribute"",""Attributes"":{""Symbol"":""magic_magicdefbase"",""Value"":""794""}},{""Tag"":""Attribute"",""Attributes"":{""Symbol"":""magic_maxhp"",""Rate"":""100""}}]"
18864,Equip,10473147,13,Chưa dùng,-1,2,-1,2,-1,-1,97,-1,3640,2912,234,true,1,97,4,4,1,-1,-1,,Chưa dùng,,"[{""Tag"":""BaseAttribute"",""Attributes"":{""Symbol"":""magic_physdefbase"",""Value"":""794""}},{""Tag"":""BaseAttribute"",""Attributes"":{""Symbol"":""magic_magicdefbase"",""Value"":""794""}},{""Tag"":""Attribute"",""Attributes"":{""Symbol"":""magic_maxhp"",""Rate"":""100""}}]"
18865,Equip,10473148,13,Chưa dùng,-1,2,-1,2,-1,-1,98,-1,3720,2976,235,true,1,98,4,4,1,-1,-1,,Chưa dùng,,"[{""Tag"":""BaseAttribute"",""Attributes"":{""Symbol"":""magic_physdefbase"",""Value"":""794""}},{""Tag"":""BaseAttribute"",""Attributes"":{""Symbol"":""magic_magicdefbase"",""Value"":""794""}},{""Tag"":""Attribute"",""Attributes"":{""Symbol"":""magic_maxhp"",""Rate"":""100""}}]"
18866,Equip,10473149,13,Chưa dùng,-1,2,-1,2,-1,-1,99,-1,3800,3040,236,true,1,99,4,4,1,-1,-1,,Chưa dùng,,"[{""Tag"":""BaseAttribute"",""Attributes"":{""Symbol"":""magic_physdefbase"",""Value"":""794""}},{""Tag"":""BaseAttribute"",""Attributes"":{""Symbol"":""magic_magicdefbase"",""Value"":""794""}},{""Tag"":""Attribute"",""Attributes"":{""Symbol"":""magic_maxhp"",""Rate"":""100""}}]"
18867,Equip,10473150,13,Chưa dùng,-1,2,-1,2,-1,-1,100,-1,4600,3680,237,true,1,100,4,4,1,-1,-1,,Chưa dùng,,"[{""Tag"":""BaseAttribute"",""Attributes"":{""Symbol"":""magic_physdefbase"",""Value"":""880""}},{""Tag"":""BaseAttribute"",""Attributes"":{""Symbol"":""magic_magicdefbase"",""Value"":""880""}},{""Tag"":""Attribute"",""Attributes"":{""Symbol"":""magic_maxhp"",""Rate"":""100""}}]"
18868,Equip,10473151,13,Chưa dùng,-1,2,-1,2,-1,-1,91,-1,3160,2528,226,true,1,91,4,4,1,-1,-1,,Chưa dùng,,"[{""Tag"":""BaseAttribute"",""Attributes"":{""Symbol"":""magic_physdefbase"",""Value"":""794""}},{""Tag"":""BaseAttribute"",""Attributes"":{""Symbol"":""magic_magicdefbase"",""Value"":""794""}},{""Tag"":""Attribute"",""Attributes"":{""Symbol"":""magic_maxhp"",""Rate"":""100""}}]"
18869,Equip,10473152,13,Chưa dùng,-1,2,-1,2,-1,-1,92,-1,3240,2592,227,true,1,92,4,4,1,-1,-1,,Chưa dùng,,"[{""Tag"":""BaseAttribute"",""Attributes"":{""Symbol"":""magic_physdefbase"",""Value"":""794""}},{""Tag"":""BaseAttribute"",""Attributes"":{""Symbol"":""magic_magicdefbase"",""Value"":""794""}},{""Tag"":""Attribute"",""Attributes"":{""Symbol"":""magic_maxhp"",""Rate"":""100""}}]"
18870,Equip,10473153,13,Chưa dùng,-1,2,-1,2,-1,-1,93,-1,3320,2656,229,true,1,93,4,4,1,-1,-1,,Chưa dùng,,"[{""Tag"":""BaseAttribute"",""Attributes"":{""Symbol"":""magic_physdefbase"",""Value"":""794""}},{""Tag"":""BaseAttribute"",""Attributes"":{""Symbol"":""magic_magicdefbase"",""Value"":""794""}},{""Tag"":""Attribute"",""Attributes"":{""Symbol"":""magic_maxhp"",""Rate"":""100""}}]"
18871,Equip,10473154,13,Chưa dùng,-1,2,-1,2,-1,-1,94,-1,3400,2720,230,true,1,94,4,4,1,-1,-1,,Chưa dùng,,"[{""Tag"":""BaseAttribute"",""Attributes"":{""Symbol"":""magic_physdefbase"",""Value"":""794""}},{""Tag"":""BaseAttribute"",""Attributes"":{""Symbol"":""magic_magicdefbase"",""Value"":""794""}},{""Tag"":""Attribute"",""Attributes"":{""Symbol"":""magic_maxhp"",""Rate"":""100""}}]"
18872,Equip,10473155,13,Chưa dùng,-1,2,-1,2,-1,-1,95,-1,3480,2784,231,true,1,95,4,4,1,-1,-1,,Chưa dùng,,"[{""Tag"":""BaseAttribute"",""Attributes"":{""Symbol"":""magic_physdefbase"",""Value"":""794""}},{""Tag"":""BaseAttribute"",""Attributes"":{""Symbol"":""magic_magicdefbase"",""Value"":""794""}},{""Tag"":""Attribute"",""Attributes"":{""Symbol"":""magic_maxhp"",""Rate"":""100""}}]"
18873,Equip,10473156,13,Chưa dùng,-1,2,-1,2,-1,-1,96,-1,3560,2848,232,true,1,96,4,4,1,-1,-1,,Chưa dùng,,"[{""Tag"":""BaseAttribute"",""Attributes"":{""Symbol"":""magic_physdefbase"",""Value"":""794""}},{""Tag"":""BaseAttribute"",""Attributes"":{""Symbol"":""magic_magicdefbase"",""Value"":""794""}},{""Tag"":""Attribute"",""Attributes"":{""Symbol"":""magic_maxhp"",""Rate"":""100""}}]"
18874,Equip,10473157,13,Chưa dùng,-1,2,-1,2,-1,-1,97,-1,3640,2912,234,true,1,97,4,4,1,-1,-1,,Chưa dùng,,"[{""Tag"":""BaseAttribute"",""Attributes"":{""Symbol"":""magic_physdefbase"",""Value"":""794""}},{""Tag"":""BaseAttribute"",""Attributes"":{""Symbol"":""magic_magicdefbase"",""Value"":""794""}},{""Tag"":""Attribute"",""Attributes"":{""Symbol"":""magic_maxhp"",""Rate"":""100""}}]"
18875,Equip,10473158,13,Chưa dùng,-1,2,-1,2,-1,-1,98,-1,3720,2976,235,true,1,98,4,4,1,-1,-1,,Chưa dùng,,"[{""Tag"":""BaseAttribute"",""Attributes"":{""Symbol"":""magic_physdefbase"",""Value"":""794""}},{""Tag"":""BaseAttribute"",""Attributes"":{""Symbol"":""magic_magicdefbase"",""Value"":""794""}},{""Tag"":""Attribute"",""Attributes"":{""Symbol"":""magic_maxhp"",""Rate"":""100""}}]"
18876,Equip,10473159,13,Chưa dùng,-1,2,-1,2,-1,-1,99,-1,3800,3040,236,true,1,99,4,4,1,-1,-1,,Chưa dùng,,"[{""Tag"":""BaseAttribute"",""Attributes"":{""Symbol"":""magic_physdefbase"",""Value"":""794""}},{""Tag"":""BaseAttribute"",""Attributes"":{""Symbol"":""magic_magicdefbase"",""Value"":""794""}},{""Tag"":""Attribute"",""Attributes"":{""Symbol"":""magic_maxhp"",""Rate"":""100""}}]"
18877,Equip,10473160,13,Chưa dùng,-1,2,-1,2,-1,-1,100,-1,4600,3680,237,true,1,100,4,4,1,-1,-1,,Chưa dùng,,"[{""Tag"":""BaseAttribute"",""Attributes"":{""Symbol"":""magic_physdefbase"",""Value"":""880""}},{""Tag"":""BaseAttribute"",""Attributes"":{""Symbol"":""magic_magicdefbase"",""Value"":""880""}},{""Tag"":""Attribute"",""Attributes"":{""Symbol"":""magic_maxhp"",""Rate"":""100""}}]"
18878,Equip,10473161,13,Chưa dùng,-1,2,-1,2,-1,-1,91,-1,3160,2528,226,true,1,91,4,4,1,-1,-1,,Chưa dùng,,"[{""Tag"":""BaseAttribute"",""Attributes"":{""Symbol"":""magic_physdefbase"",""Value"":""794""}},{""Tag"":""BaseAttribute"",""Attributes"":{""Symbol"":""magic_magicdefbase"",""Value"":""794""}},{""Tag"":""Attribute"",""Attributes"":{""Symbol"":""magic_maxhp"",""Rate"":""100""}}]"
18879,Equip,10473162,13,Chưa dùng,-1,2,-1,2,-1,-1,92,-1,3240,2592,227,true,1,92,4,4,1,-1,-1,,Chưa dùng,,"[{""Tag"":""BaseAttribute"",""Attributes"":{""Symbol"":""magic_physdefbase"",""Value"":""794""}},{""Tag"":""BaseAttribute"",""Attributes"":{""Symbol"":""magic_magicdefbase"",""Value"":""794""}},{""Tag"":""Attribute"",""Attributes"":{""Symbol"":""magic_maxhp"",""Rate"":""100""}}]"
18880,Equip,10473163,13,Chưa dùng,-1,2,-1,2,-1,-1,93,-1,3320,2656,229,true,1,93,4,4,1,-1,-1,,Chưa dùng,,"[{""Tag"":""BaseAttribute"",""Attributes"":{""Symbol"":""magic_physdefbase"",""Value"":""794""}},{""Tag"":""BaseAttribute"",""Attributes"":{""Symbol"":""magic_magicdefbase"",""Value"":""794""}},{""Tag"":""Attribute"",""Attributes"":{""Symbol"":""magic_maxhp"",""Rate"":""100""}}]"
18881,Equip,10473164,13,Chưa dùng,-1,2,-1,2,-1,-1,94,-1,3400,2720,230,true,1,94,4,4,1,-1,-1,,Chưa dùng,,"[{""Tag"":""BaseAttribute"",""Attributes"":{""Symbol"":""magic_physdefbase"",""Value"":""794""}},{""Tag"":""BaseAttribute"",""Attributes"":{""Symbol"":""magic_magicdefbase"",""Value"":""794""}},{""Tag"":""Attribute"",""Attributes"":{""Symbol"":""magic_maxhp"",""Rate"":""100""}}]"
18882,Equip,10473165,13,Chưa dùng,-1,2,-1,2,-1,-1,95,-1,3480,2784,231,true,1,95,4,4,1,-1,-1,,Chưa dùng,,"[{""Tag"":""BaseAttribute"",""Attributes"":{""Symbol"":""magic_physdefbase"",""Value"":""794""}},{""Tag"":""BaseAttribute"",""Attributes"":{""Symbol"":""magic_magicdefbase"",""Value"":""794""}},{""Tag"":""Attribute"",""Attributes"":{""Symbol"":""magic_maxhp"",""Rate"":""100""}}]"
18883,Equip,10473166,13,Chưa dùng,-1,2,-1,2,-1,-1,96,-1,3560,2848,232,true,1,96,4,4,1,-1,-1,,Chưa dùng,,"[{""Tag"":""BaseAttribute"",""Attributes"":{""Symbol"":""magic_physdefbase"",""Value"":""794""}},{""Tag"":""BaseAttribute"",""Attributes"":{""Symbol"":""magic_magicdefbase"",""Value"":""794""}},{""Tag"":""Attribute"",""Attributes"":{""Symbol"":""magic_maxhp"",""Rate"":""100""}}]"
18884,Equip,10473167,13,Chưa dùng,-1,2,-1,2,-1,-1,97,-1,3640,2912,234,true,1,97,4,4,1,-1,-1,,Chưa dùng,,"[{""Tag"":""BaseAttribute"",""Attributes"":{""Symbol"":""magic_physdefbase"",""Value"":""794""}},{""Tag"":""BaseAttribute"",""Attributes"":{""Symbol"":""magic_magicdefbase"",""Value"":""794""}},{""Tag"":""Attribute"",""Attributes"":{""Symbol"":""magic_maxhp"",""Rate"":""100""}}]"
18885,Equip,10473168,13,Chưa dùng,-1,2,-1,2,-1,-1,98,-1,3720,2976,235,true,1,98,4,4,1,-1,-1,,Chưa dùng,,"[{""Tag"":""BaseAttribute"",""Attributes"":{""Symbol"":""magic_physdefbase"",""Value"":""794""}},{""Tag"":""BaseAttribute"",""Attributes"":{""Symbol"":""magic_magicdefbase"",""Value"":""794""}},{""Tag"":""Attribute"",""Attributes"":{""Symbol"":""magic_maxhp"",""Rate"":""100""}}]"
18886,Equip,10473169,13,Chưa dùng,-1,2,-1,2,-1,-1,99,-1,3800,3040,236,true,1,99,4,4,1,-1,-1,,Chưa dùng,,"[{""Tag"":""BaseAttribute"",""Attributes"":{""Symbol"":""magic_physdefbase"",""Value"":""794""}},{""Tag"":""BaseAttribute"",""Attributes"":{""Symbol"":""magic_magicdefbase"",""Value"":""794""}},{""Tag"":""Attribute"",""Attributes"":{""Symbol"":""magic_maxhp"",""Rate"":""100""}}]"
18887,Equip,10473170,13,Chưa dùng,-1,2,-1,2,-1,-1,100,-1,4600,3680,237,true,1,100,4,4,1,-1,-1,,Chưa dùng,,"[{""Tag"":""BaseAttribute"",""Attributes"":{""Symbol"":""magic_physdefbase"",""Value"":""880""}},{""Tag"":""BaseAttribute"",""Attributes"":{""Symbol"":""magic_magicdefbase"",""Value"":""880""}},{""Tag"":""Attribute"",""Attributes"":{""Symbol"":""magic_maxhp"",""Rate"":""100""}}]"
18888,Equip,10473171,13,Chưa dùng,-1,2,-1,2,-1,-1,91,-1,3160,2528,226,true,1,91,4,4,1,-1,-1,,Chưa dùng,,"[{""Tag"":""BaseAttribute"",""Attributes"":{""Symbol"":""magic_physdefbase"",""Value"":""794""}},{""Tag"":""BaseAttribute"",""Attributes"":{""Symbol"":""magic_magicdefbase"",""Value"":""794""}},{""Tag"":""Attribute"",""Attributes"":{""Symbol"":""magic_maxhp"",""Rate"":""100""}}]"
18889,Equip,10473172,13,Chưa dùng,-1,2,-1,2,-1,-1,92,-1,3240,2592,227,true,1,92,4,4,1,-1,-1,,Chưa dùng,,"[{""Tag"":""BaseAttribute"",""Attributes"":{""Symbol"":""magic_physdefbase"",""Value"":""794""}},{""Tag"":""BaseAttribute"",""Attributes"":{""Symbol"":""magic_magicdefbase"",""Value"":""794""}},{""Tag"":""Attribute"",""Attributes"":{""Symbol"":""magic_maxhp"",""Rate"":""100""}}]"
18890,Equip,10473173,13,Chưa dùng,-1,2,-1,2,-1,-1,93,-1,3320,2656,229,true,1,93,4,4,1,-1,-1,,Chưa dùng,,"[{""Tag"":""BaseAttribute"",""Attributes"":{""Symbol"":""magic_physdefbase"",""Value"":""794""}},{""Tag"":""BaseAttribute"",""Attributes"":{""Symbol"":""magic_magicdefbase"",""Value"":""794""}},{""Tag"":""Attribute"",""Attributes"":{""Symbol"":""magic_maxhp"",""Rate"":""100""}}]"
18891,Equip,10473174,13,Chưa dùng,-1,2,-1,2,-1,-1,94,-1,3400,2720,230,true,1,94,4,4,1,-1,-1,,Chưa dùng,,"[{""Tag"":""BaseAttribute"",""Attributes"":{""Symbol"":""magic_physdefbase"",""Value"":""794""}},{""Tag"":""BaseAttribute"",""Attributes"":{""Symbol"":""magic_magicdefbase"",""Value"":""794""}},{""Tag"":""Attribute"",""Attributes"":{""Symbol"":""magic_maxhp"",""Rate"":""100""}}]"
18892,Equip,10473175,13,Chưa dùng,-1,2,-1,2,-1,-1,95,-1,3480,2784,231,true,1,95,4,4,1,-1,-1,,Chưa dùng,,"[{""Tag"":""BaseAttribute"",""Attributes"":{""Symbol"":""magic_physdefbase"",""Value"":""794""}},{""Tag"":""BaseAttribute"",""Attributes"":{""Symbol"":""magic_magicdefbase"",""Value"":""794""}},{""Tag"":""Attribute"",""Attributes"":{""Symbol"":""magic_maxhp"",""Rate"":""100""}}]"
18893,Equip,10473176,13,Chưa dùng,-1,2,-1,2,-1,-1,96,-1,3560,2848,232,true,1,96,4,4,1,-1,-1,,Chưa dùng,,"[{""Tag"":""BaseAttribute"",""Attributes"":{""Symbol"":""magic_physdefbase"",""Value"":""794""}},{""Tag"":""BaseAttribute"",""Attributes"":{""Symbol"":""magic_magicdefbase"",""Value"":""794""}},{""Tag"":""Attribute"",""Attributes"":{""Symbol"":""magic_maxhp"",""Rate"":""100""}}]"
18894,Equip,10473177,13,Chưa dùng,-1,2,-1,2,-1,-1,97,-1,3640,2912,234,true,1,97,4,4,1,-1,-1,,Chưa dùng,,"[{""Tag"":""BaseAttribute"",""Attributes"":{""Symbol"":""magic_physdefbase"",""Value"":""794""}},{""Tag"":""BaseAttribute"",""Attributes"":{""Symbol"":""magic_magicdefbase"",""Value"":""794""}},{""Tag"":""Attribute"",""Attributes"":{""Symbol"":""magic_maxhp"",""Rate"":""100""}}]"
18895,Equip,10473178,13,Chưa dùng,-1,2,-1,2,-1,-1,98,-1,3720,2976,235,true,1,98,4,4,1,-1,-1,,Chưa dùng,,"[{""Tag"":""BaseAttribute"",""Attributes"":{""Symbol"":""magic_physdefbase"",""Value"":""794""}},{""Tag"":""BaseAttribute"",""Attributes"":{""Symbol"":""magic_magicdefbase"",""Value"":""794""}},{""Tag"":""Attribute"",""Attributes"":{""Symbol"":""magic_maxhp"",""Rate"":""100""}}]"
18896,Equip,10473179,13,Chưa dùng,-1,2,-1,2,-1,-1,99,-1,3800,3040,236,true,1,99,4,4,1,-1,-1,,Chưa dùng,,"[{""Tag"":""BaseAttribute"",""Attributes"":{""Symbol"":""magic_physdefbase"",""Value"":""794""}},{""Tag"":""BaseAttribute"",""Attributes"":{""Symbol"":""magic_magicdefbase"",""Value"":""794""}},{""Tag"":""Attribute"",""Attributes"":{""Symbol"":""magic_maxhp"",""Rate"":""100""}}]"
18897,Equip,10473180,13,Chưa dùng,-1,2,-1,2,-1,-1,100,-1,4600,3680,237,true,1,100,4,4,1,-1,-1,,Chưa dùng,,"[{""Tag"":""BaseAttribute"",""Attributes"":{""Symbol"":""magic_physdefbase"",""Value"":""880""}},{""Tag"":""BaseAttribute"",""Attributes"":{""Symbol"":""magic_magicdefbase"",""Value"":""880""}},{""Tag"":""Attribute"",""Attributes"":{""Symbol"":""magic_maxhp"",""Rate"":""100""}}]"
18898,Equip,10473181,13,Chưa dùng,-1,2,-1,2,-1,-1,91,-1,3160,2528,226,true,1,91,4,4,1,-1,-1,,Chưa dùng,,"[{""Tag"":""BaseAttribute"",""Attributes"":{""Symbol"":""magic_physdefbase"",""Value"":""794""}},{""Tag"":""BaseAttribute"",""Attributes"":{""Symbol"":""magic_magicdefbase"",""Value"":""794""}},{""Tag"":""Attribute"",""Attributes"":{""Symbol"":""magic_maxhp"",""Rate"":""100""}}]"
18899,Equip,10473182,13,Chưa dùng,-1,2,-1,2,-1,-1,92,-1,3240,2592,227,true,1,92,4,4,1,-1,-1,,Chưa dùng,,"[{""Tag"":""BaseAttribute"",""Attributes"":{""Symbol"":""magic_physdefbase"",""Value"":""794""}},{""Tag"":""BaseAttribute"",""Attributes"":{""Symbol"":""magic_magicdefbase"",""Value"":""794""}},{""Tag"":""Attribute"",""Attributes"":{""Symbol"":""magic_maxhp"",""Rate"":""100""}}]"
18900,Equip,10473183,13,Chưa dùng,-1,2,-1,2,-1,-1,93,-1,3320,2656,229,true,1,93,4,4,1,-1,-1,,Chưa dùng,,"[{""Tag"":""BaseAttribute"",""Attributes"":{""Symbol"":""magic_physdefbase"",""Value"":""794""}},{""Tag"":""BaseAttribute"",""Attributes"":{""Symbol"":""magic_magicdefbase"",""Value"":""794""}},{""Tag"":""Attribute"",""Attributes"":{""Symbol"":""magic_maxhp"",""Rate"":""100""}}]"
18901,Equip,10473184,13,Chưa dùng,-1,2,-1,2,-1,-1,94,-1,3400,2720,230,true,1,94,4,4,1,-1,-1,,Chưa dùng,,"[{""Tag"":""BaseAttribute"",""Attributes"":{""Symbol"":""magic_physdefbase"",""Value"":""794""}},{""Tag"":""BaseAttribute"",""Attributes"":{""Symbol"":""magic_magicdefbase"",""Value"":""794""}},{""Tag"":""Attribute"",""Attributes"":{""Symbol"":""magic_maxhp"",""Rate"":""100""}}]"
18902,Equip,10473185,13,Chưa dùng,-1,2,-1,2,-1,-1,95,-1,3480,2784,231,true,1,95,4,4,1,-1,-1,,Chưa dùng,,"[{""Tag"":""BaseAttribute"",""Attributes"":{""Symbol"":""magic_physdefbase"",""Value"":""794""}},{""Tag"":""BaseAttribute"",""Attributes"":{""Symbol"":""magic_magicdefbase"",""Value"":""794""}},{""Tag"":""Attribute"",""Attributes"":{""Symbol"":""magic_maxhp"",""Rate"":""100""}}]"
18903,Equip,10473186,13,Chưa dùng,-1,2,-1,2,-1,-1,96,-1,3560,2848,232,true,1,96,4,4,1,-1,-1,,Chưa dùng,,"[{""Tag"":""BaseAttribute"",""Attributes"":{""Symbol"":""magic_physdefbase"",""Value"":""794""}},{""Tag"":""BaseAttribute"",""Attributes"":{""Symbol"":""magic_magicdefbase"",""Value"":""794""}},{""Tag"":""Attribute"",""Attributes"":{""Symbol"":""magic_maxhp"",""Rate"":""100""}}]"
18904,Equip,10473187,13,Chưa dùng,-1,2,-1,2,-1,-1,97,-1,3640,2912,234,true,1,97,4,4,1,-1,-1,,Chưa dùng,,"[{""Tag"":""BaseAttribute"",""Attributes"":{""Symbol"":""magic_physdefbase"",""Value"":""794""}},{""Tag"":""BaseAttribute"",""Attributes"":{""Symbol"":""magic_magicdefbase"",""Value"":""794""}},{""Tag"":""Attribute"",""Attributes"":{""Symbol"":""magic_maxhp"",""Rate"":""100""}}]"
18905,Equip,10473188,13,Chưa dùng,-1,2,-1,2,-1,-1,98,-1,3720,2976,235,true,1,98,4,4,1,-1,-1,,Chưa dùng,,"[{""Tag"":""BaseAttribute"",""Attributes"":{""Symbol"":""magic_physdefbase"",""Value"":""794""}},{""Tag"":""BaseAttribute"",""Attributes"":{""Symbol"":""magic_magicdefbase"",""Value"":""794""}},{""Tag"":""Attribute"",""Attributes"":{""Symbol"":""magic_maxhp"",""Rate"":""100""}}]"
18906,Equip,10473189,13,Chưa dùng,-1,2,-1,2,-1,-1,99,-1,3800,3040,236,true,1,99,4,4,1,-1,-1,,Chưa dùng,,"[{""Tag"":""BaseAttribute"",""Attributes"":{""Symbol"":""magic_physdefbase"",""Value"":""794""}},{""Tag"":""BaseAttribute"",""Attributes"":{""Symbol"":""magic_magicdefbase"",""Value"":""794""}},{""Tag"":""Attribute"",""Attributes"":{""Symbol"":""magic_maxhp"",""Rate"":""100""}}]"
18907,Equip,10473190,13,Chưa dùng,-1,2,-1,2,-1,-1,100,-1,4600,3680,237,true,1,100,4,4,1,-1,-1,,Chưa dùng,,"[{""Tag"":""BaseAttribute"",""Attributes"":{""Symbol"":""magic_physdefbase"",""Value"":""880""}},{""Tag"":""BaseAttribute"",""Attributes"":{""Symbol"":""magic_magicdefbase"",""Value"":""880""}},{""Tag"":""Attribute"",""Attributes"":{""Symbol"":""magic_maxhp"",""Rate"":""100""}}]"
18908,Equip,10473191,13,Chưa dùng,-1,2,-1,2,-1,-1,91,-1,3160,2528,226,true,1,91,4,4,1,-1,-1,,Chưa dùng,,"[{""Tag"":""BaseAttribute"",""Attributes"":{""Symbol"":""magic_physdefbase"",""Value"":""794""}},{""Tag"":""BaseAttribute"",""Attributes"":{""Symbol"":""magic_magicdefbase"",""Value"":""794""}},{""Tag"":""Attribute"",""Attributes"":{""Symbol"":""magic_maxhp"",""Rate"":""100""}}]"
18909,Equip,10473192,13,Chưa dùng,-1,2,-1,2,-1,-1,92,-1,3240,2592,227,true,1,92,4,4,1,-1,-1,,Chưa dùng,,"[{""Tag"":""BaseAttribute"",""Attributes"":{""Symbol"":""magic_physdefbase"",""Value"":""794""}},{""Tag"":""BaseAttribute"",""Attributes"":{""Symbol"":""magic_magicdefbase"",""Value"":""794""}},{""Tag"":""Attribute"",""Attributes"":{""Symbol"":""magic_maxhp"",""Rate"":""100""}}]"
18910,Equip,10473193,13,Chưa dùng,-1,2,-1,2,-1,-1,93,-1,3320,2656,229,true,1,93,4,4,1,-1,-1,,Chưa dùng,,"[{""Tag"":""BaseAttribute"",""Attributes"":{""Symbol"":""magic_physdefbase"",""Value"":""794""}},{""Tag"":""BaseAttribute"",""Attributes"":{""Symbol"":""magic_magicdefbase"",""Value"":""794""}},{""Tag"":""Attribute"",""Attributes"":{""Symbol"":""magic_maxhp"",""Rate"":""100""}}]"
18911,Equip,10473194,13,Chưa dùng,-1,2,-1,2,-1,-1,94,-1,3400,2720,230,true,1,94,4,4,1,-1,-1,,Chưa dùng,,"[{""Tag"":""BaseAttribute"",""Attributes"":{""Symbol"":""magic_physdefbase"",""Value"":""794""}},{""Tag"":""BaseAttribute"",""Attributes"":{""Symbol"":""magic_magicdefbase"",""Value"":""794""}},{""Tag"":""Attribute"",""Attributes"":{""Symbol"":""magic_maxhp"",""Rate"":""100""}}]"
18912,Equip,10473195,13,Chưa dùng,-1,2,-1,2,-1,-1,95,-1,3480,2784,231,true,1,95,4,4,1,-1,-1,,Chưa dùng,,"[{""Tag"":""BaseAttribute"",""Attributes"":{""Symbol"":""magic_physdefbase"",""Value"":""794""}},{""Tag"":""BaseAttribute"",""Attributes"":{""Symbol"":""magic_magicdefbase"",""Value"":""794""}},{""Tag"":""Attribute"",""Attributes"":{""Symbol"":""magic_maxhp"",""Rate"":""100""}}]"
18913,Equip,10473196,13,Chưa dùng,-1,2,-1,2,-1,-1,96,-1,3560,2848,232,true,1,96,4,4,1,-1,-1,,Chưa dùng,,"[{""Tag"":""BaseAttribute"",""Attributes"":{""Symbol"":""magic_physdefbase"",""Value"":""794""}},{""Tag"":""BaseAttribute"",""Attributes"":{""Symbol"":""magic_magicdefbase"",""Value"":""794""}},{""Tag"":""Attribute"",""Attributes"":{""Symbol"":""magic_maxhp"",""Rate"":""100""}}]"
18914,Equip,10473197,13,Chưa dùng,-1,2,-1,2,-1,-1,97,-1,3640,2912,234,true,1,97,4,4,1,-1,-1,,Chưa dùng,,"[{""Tag"":""BaseAttribute"",""Attributes"":{""Symbol"":""magic_physdefbase"",""Value"":""794""}},{""Tag"":""BaseAttribute"",""Attributes"":{""Symbol"":""magic_magicdefbase"",""Value"":""794""}},{""Tag"":""Attribute"",""Attributes"":{""Symbol"":""magic_maxhp"",""Rate"":""100""}}]"
18915,Equip,10473198,13,Chưa dùng,-1,2,-1,2,-1,-1,98,-1,3720,2976,235,true,1,98,4,4,1,-1,-1,,Chưa dùng,,"[{""Tag"":""BaseAttribute"",""Attributes"":{""Symbol"":""magic_physdefbase"",""Value"":""794""}},{""Tag"":""BaseAttribute"",""Attributes"":{""Symbol"":""magic_magicdefbase"",""Value"":""794""}},{""Tag"":""Attribute"",""Attributes"":{""Symbol"":""magic_maxhp"",""Rate"":""100""}}]"
18916,Equip,10473199,13,Chưa dùng,-1,2,-1,2,-1,-1,99,-1,3800,3040,236,true,1,99,4,4,1,-1,-1,,Chưa dùng,,"[{""Tag"":""BaseAttribute"",""Attributes"":{""Symbol"":""magic_physdefbase"",""Value"":""794""}},{""Tag"":""BaseAttribute"",""Attributes"":{""Symbol"":""magic_magicdefbase"",""Value"":""794""}},{""Tag"":""Attribute"",""Attributes"":{""Symbol"":""magic_maxhp"",""Rate"":""100""}}]"
18917,Equip,10473200,13,Chưa dùng,-1,2,-1,2,-1,-1,100,-1,4600,3680,237,true,1,100,4,4,1,-1,-1,,Chưa dùng,,"[{""Tag"":""BaseAttribute"",""Attributes"":{""Symbol"":""magic_physdefbase"",""Value"":""880""}},{""Tag"":""BaseAttribute"",""Attributes"":{""Symbol"":""magic_magicdefbase"",""Value"":""880""}},{""Tag"":""Attribute"",""Attributes"":{""Symbol"":""magic_maxhp"",""Rate"":""100""}}]"
18918,Equip,10500000,0,Tu Bích,Broadsword1_4,0,411,2,-1,-1,100,-1,180,144,200,true,4,100,1,1,1,-1,-1,,"Bồ đề tát thùy y Bát Nhã Ba La Mật đa cố, tâm vô ngại vô ngại cố vô hữu khủng bố, viễn lý điên đảo mộng tưởng cứu cánh Niết bàn, vật này dựa Phật mà tồn.<color=#00FF00><br>(Cả bộ do Hồng Thái Vân của <color=#FFFFFF><color=#FFFF00>Thiếu Lâm <color=#FFFFFF><color=#00FF00> thiết kế)",,"[{""Tag"":""BaseAttribute"",""Attributes"":{""Symbol"":""magic_physatkbase"",""Value"":""884""}},{""Tag"":""BaseAttribute"",""Attributes"":{""Symbol"":""magic_magicatkbase"",""Value"":""884""}},{""Tag"":""Attribute"",""Attributes"":{""Symbol"":""magic_stamina"",""Rate"":""100""}}]"
18919,Equip,10500001,0,Chưa dùng,Broadsword1_8,0,415,2,-1,-1,100,-1,540,432,200,true,4,100,1,1,1,-1,-1,,Chưa dùng,,"[{""Tag"":""BaseAttribute"",""Attributes"":{""Symbol"":""magic_physatkbase"",""Value"":""884""}},{""Tag"":""BaseAttribute"",""Attributes"":{""Symbol"":""magic_magicatkbase"",""Value"":""884""}},{""Tag"":""Attribute"",""Attributes"":{""Symbol"":""magic_stamina"",""Rate"":""100""}}]"
18920,Equip,10500002,0,Vi Đà,Broadsword1_13,0,423,1,2,0,30,-1,1150,920,200,true,4,30,1,1,1,-1,-1,,"Vi Đà, minh thực sự, phát sinh trí tuệ cố minh, đại bổn biệt vi tứ phân, vật này dựa Phật mà tồn.<color=#00FF00><br>(Cả bộ do Hồng Thái Vân của<color=#FFFFFF> <color=#FFFF00>Thiếu Lâm<color=#FFFFFF> <color=#00FF00> thiết kế)",,"[{""Tag"":""BaseAttribute"",""Attributes"":{""Symbol"":""magic_physatkbase"",""Value"":""287""}},{""Tag"":""BaseAttribute"",""Attributes"":{""Symbol"":""magic_magicatkbase"",""Value"":""287""}},{""Tag"":""Attribute"",""Attributes"":{""Symbol"":""magic_stamina"",""Rate"":""100""}}]"
18921,Equip,10500003,0,Chưa dùng,Broadsword1_16,0,426,2,-1,-1,100,-1,1780,1424,200,true,4,100,2,2,1,-1,-1,,Chưa dùng,,"[{""Tag"":""BaseAttribute"",""Attributes"":{""Symbol"":""magic_physatkbase"",""Value"":""884""}},{""Tag"":""BaseAttribute"",""Attributes"":{""Symbol"":""magic_magicatkbase"",""Value"":""884""}},{""Tag"":""Attribute"",""Attributes"":{""Symbol"":""magic_strength"",""Rate"":""100""}},{""Tag"":""Attribute"",""Attributes"":{""Symbol"":""magic_stamina"",""Rate"":""100""}}]"
18922,Equip,10500004,0,Chưa dùng,Broadsword2_5,0,435,2,-1,-1,50,-1,2700,2160,200,true,4,50,2,2,1,-1,-1,,Chưa dùng,,"[{""Tag"":""BaseAttribute"",""Attributes"":{""Symbol"":""magic_physatkbase"",""Value"":""458""}},{""Tag"":""BaseAttribute"",""Attributes"":{""Symbol"":""magic_magicatkbase"",""Value"":""458""}},{""Tag"":""Attribute"",""Attributes"":{""Symbol"":""magic_strength"",""Rate"":""100""}},{""Tag"":""Attribute"",""Attributes"":{""Symbol"":""magic_stamina"",""Rate"":""100""}}]"
18923,Equip,10500005,0,La Hán,Broadsword2_9,0,434,1,5,0,60,-1,3850,3080,200,true,4,60,2,2,1,-1,-1,,"Tu trì Phật pháp siêu thoát sinh tử, bất tại bộ nhập lục đạo luân hồi vi La Hán, vật này dựa Phật mà tồn.<color=#00FF00><br>(Cả bộ do Hồng Thái Vân của<color=#FFFFFF> <color=#FFFF00>Thiếu Lâm<color=#FFFFFF> <color=#00FF00> thiết kế)",,"[{""Tag"":""BaseAttribute"",""Attributes"":{""Symbol"":""magic_physatkbase"",""Value"":""543""}},{""Tag"":""BaseAttribute"",""Attributes"":{""Symbol"":""magic_magicatkbase"",""Value"":""543""}},{""Tag"":""Attribute"",""Attributes"":{""Symbol"":""magic_strength"",""Rate"":""100""}},{""Tag"":""Attribute"",""Attributes"":{""Symbol"":""magic_stamina"",""Rate"":""100""}}]"
18924,Equip,10500006,0,Chưa dùng,Broadsword2_14,0,438,2,-1,-1,70,-1,5570,4456,200,true,4,70,3,3,1,-1,-1,,Chưa dùng,,"[{""Tag"":""BaseAttribute"",""Attributes"":{""Symbol"":""magic_physatkbase"",""Value"":""628""}},{""Tag"":""BaseAttribute"",""Attributes"":{""Symbol"":""magic_magicatkbase"",""Value"":""628""}},{""Tag"":""Attribute"",""Attributes"":{""Symbol"":""magic_physatk"",""Rate"":""100""}},{""Tag"":""Attribute"",""Attributes"":{""Symbol"":""magic_strength"",""Rate"":""100""}},{""Tag"":""Attribute"",""Attributes"":{""Symbol"":""magic_stamina"",""Rate"":""100""}}]"
18925,Equip,10500007,0,Chưa dùng,Broadsword3_3,0,441,2,-1,-1,80,-1,7450,5960,200,true,4,80,3,3,1,-1,-1,,Chưa dùng,,"[{""Tag"":""BaseAttribute"",""Attributes"":{""Symbol"":""magic_physatkbase"",""Value"":""713""}},{""Tag"":""BaseAttribute"",""Attributes"":{""Symbol"":""magic_magicatkbase"",""Value"":""713""}},{""Tag"":""Attribute"",""Attributes"":{""Symbol"":""magic_physatk"",""Rate"":""100""}},{""Tag"":""Attribute"",""Attributes"":{""Symbol"":""magic_strength"",""Rate"":""100""}},{""Tag"":""Attribute"",""Attributes"":{""Symbol"":""magic_stamina"",""Rate"":""100""}}]"
18926,Equip,10500008,0,Quy Ai,Broadsword3_8,0,448,1,8,0,90,-1,9950,7960,200,true,4,90,4,4,1,-1,-1,,"Quan tự tại Bồ Đề hành thâm Bát Nhã Ba La Mật Đa thức, chiếu kiến ngũ uẩn giai không độ nhất thiết khổ ách, vật này dựa Phật mà tồn.<color=#00FF00><br>(Cả bộ do Hồng Thái Vân của<color=#FFFFFF> <color=#FFFF00>Thiếu Lâm<color=#FFFFFF> <color=#00FF00> thiết kế)",,"[{""Tag"":""BaseAttribute"",""Attributes"":{""Symbol"":""magic_physatkbase"",""Value"":""799""}},{""Tag"":""BaseAttribute"",""Attributes"":{""Symbol"":""magic_magicatkbase"",""Value"":""799""}},{""Tag"":""Attribute"",""Attributes"":{""Symbol"":""magic_physatk"",""Rate"":""100""}},{""Tag"":""Attribute"",""Attributes"":{""Symbol"":""magic_critatk"",""Rate"":""100""}},{""Tag"":""Attribute"",""Attributes"":{""Symbol"":""magic_strength"",""Rate"":""100""}},{""Tag"":""Attribute"",""Attributes"":{""Symbol"":""magic_stamina"",""Rate"":""100""}}]"
18927,Equip,10500009,0,Bồ Đề,Broadsword3_13,0,454,1,11,0,100,-1,16000,12800,200,true,4,100,4,4,1,-1,-1,,"Ngôn chính giải giả, chính giác dị hiệu. Phạn vân bồ đề, thử phiên vi giác, giác pháp tính cố. Mạt già ngôn đạo, du lữ nghĩa cố. Cổ vân bồ đề đạo giả phi dã, vật này dựa Phật mà tồn.<color=#00FF00><br>(Cả bộ do Hồng Thái Vân của<color=#FFFFFF> <color=#FFFF00>Thiếu Lâm<color=#FFFFFF> <color=#00FF00> thiết kế)",,"[{""Tag"":""BaseAttribute"",""Attributes"":{""Symbol"":""magic_physatkbase"",""Value"":""884""}},{""Tag"":""BaseAttribute"",""Attributes"":{""Symbol"":""magic_magicatkbase"",""Value"":""884""}},{""Tag"":""Attribute"",""Attributes"":{""Symbol"":""magic_physatk"",""Rate"":""100""}},{""Tag"":""Attribute"",""Attributes"":{""Symbol"":""magic_critatk"",""Rate"":""100""}},{""Tag"":""Attribute"",""Attributes"":{""Symbol"":""magic_strength"",""Rate"":""100""}},{""Tag"":""Attribute"",""Attributes"":{""Symbol"":""magic_stamina"",""Rate"":""100""}}]"
18928,Equip,10500010,0,Chưa dùng,Broadsword1_4,0,411,2,-1,-1,10,-1,180,144,200,true,4,10,1,1,1,-1,-1,,Chưa dùng,,"[{""Tag"":""BaseAttribute"",""Attributes"":{""Symbol"":""magic_physatkbase"",""Value"":""117""}},{""Tag"":""BaseAttribute"",""Attributes"":{""Symbol"":""magic_magicatkbase"",""Value"":""117""}},{""Tag"":""Attribute"",""Attributes"":{""Symbol"":""magic_strength"",""Rate"":""100""}}]"
18929,Equip,10500011,0,Chưa dùng,Broadsword1_8,0,415,2,-1,-1,20,-1,540,432,200,true,4,20,1,1,1,-1,-1,,Chưa dùng,,"[{""Tag"":""BaseAttribute"",""Attributes"":{""Symbol"":""magic_physatkbase"",""Value"":""202""}},{""Tag"":""BaseAttribute"",""Attributes"":{""Symbol"":""magic_magicatkbase"",""Value"":""202""}},{""Tag"":""Attribute"",""Attributes"":{""Symbol"":""magic_strength"",""Rate"":""100""}}]"
18930,Equip,10500012,0,Liệt Diệm,Broadsword1_13,0,423,1,14,0,30,-1,1150,920,200,true,4,30,1,1,1,-1,-1,,"Thường thụ khoái lạc quang minh trung, nhược ngôn hữu bệnh vô thị xứ, vật này dựa Quang mà tồn.<color=#00FF00><br>(Cả bộ do Phương Bách Hoa của<color=#FFFFFF> <color=#FFFF00>Minh Giáo<color=#FFFFFF> <color=#00FF00> thiết kế)",,"[{""Tag"":""BaseAttribute"",""Attributes"":{""Symbol"":""magic_physatkbase"",""Value"":""287""}},{""Tag"":""BaseAttribute"",""Attributes"":{""Symbol"":""magic_magicatkbase"",""Value"":""287""}},{""Tag"":""Attribute"",""Attributes"":{""Symbol"":""magic_strength"",""Rate"":""100""}}]"
18931,Equip,10500013,0,Chưa dùng,Broadsword1_16,0,426,2,-1,-1,40,-1,1780,1424,200,true,4,40,2,2,1,-1,-1,,Chưa dùng,,"[{""Tag"":""BaseAttribute"",""Attributes"":{""Symbol"":""magic_physatkbase"",""Value"":""373""}},{""Tag"":""BaseAttribute"",""Attributes"":{""Symbol"":""magic_magicatkbase"",""Value"":""373""}},{""Tag"":""Attribute"",""Attributes"":{""Symbol"":""magic_strength"",""Rate"":""100""}},{""Tag"":""Attribute"",""Attributes"":{""Symbol"":""magic_dexterity"",""Rate"":""100""}}]"
18932,Equip,10500014,0,Chưa dùng,Broadsword2_5,0,435,2,-1,-1,50,-1,2700,2160,200,true,4,50,2,2,1,-1,-1,,Chưa dùng,,"[{""Tag"":""BaseAttribute"",""Attributes"":{""Symbol"":""magic_physatkbase"",""Value"":""458""}},{""Tag"":""BaseAttribute"",""Attributes"":{""Symbol"":""magic_magicatkbase"",""Value"":""458""}},{""Tag"":""Attribute"",""Attributes"":{""Symbol"":""magic_strength"",""Rate"":""100""}},{""Tag"":""Attribute"",""Attributes"":{""Symbol"":""magic_dexterity"",""Rate"":""100""}}]"
18933,Equip,10500015,0,Quy Trần,Broadsword2_9,0,434,1,17,0,60,-1,3850,3080,200,true,4,60,2,2,1,-1,-1,,"Khoái lạc sung biên thường khoan thái, ngôn hữu tương lăng vô thị xứ, vật này dựa Quang mà tồn.<color=#00FF00><br>(Cả bộ do Phương Bách Hoa của<color=#FFFFFF> <color=#FFFF00>Minh Giáo<color=#FFFFFF> <color=#00FF00> thiết kế)",,"[{""Tag"":""BaseAttribute"",""Attributes"":{""Symbol"":""magic_physatkbase"",""Value"":""543""}},{""Tag"":""BaseAttribute"",""Attributes"":{""Symbol"":""magic_magicatkbase"",""Value"":""543""}},{""Tag"":""Attribute"",""Attributes"":{""Symbol"":""magic_strength"",""Rate"":""100""}},{""Tag"":""Attribute"",""Attributes"":{""Symbol"":""magic_dexterity"",""Rate"":""100""}}]"
18934,Equip,10500016,0,Chưa dùng,Broadsword2_14,0,438,2,-1,-1,70,-1,5570,4456,200,true,4,70,3,3,1,-1,-1,,Chưa dùng,,"[{""Tag"":""BaseAttribute"",""Attributes"":{""Symbol"":""magic_physatkbase"",""Value"":""628""}},{""Tag"":""BaseAttribute"",""Attributes"":{""Symbol"":""magic_magicatkbase"",""Value"":""628""}},{""Tag"":""Attribute"",""Attributes"":{""Symbol"":""magic_physatk"",""Rate"":""100""}},{""Tag"":""Attribute"",""Attributes"":{""Symbol"":""magic_strength"",""Rate"":""100""}},{""Tag"":""Attribute"",""Attributes"":{""Symbol"":""magic_dexterity"",""Rate"":""100""}}]"
18935,Equip,10500017,0,Chưa dùng,Broadsword3_3,0,441,2,-1,-1,80,-1,7450,5960,200,true,4,80,3,3,1,-1,-1,,Chưa dùng,,"[{""Tag"":""BaseAttribute"",""Attributes"":{""Symbol"":""magic_physatkbase"",""Value"":""713""}},{""Tag"":""BaseAttribute"",""Attributes"":{""Symbol"":""magic_magicatkbase"",""Value"":""713""}},{""Tag"":""Attribute"",""Attributes"":{""Symbol"":""magic_physatk"",""Rate"":""100""}},{""Tag"":""Attribute"",""Attributes"":{""Symbol"":""magic_strength"",""Rate"":""100""}},{""Tag"":""Attribute"",""Attributes"":{""Symbol"":""magic_dexterity"",""Rate"":""100""}}]"
18936,Equip,10500018,0,Thánh Hỏa,Broadsword3_8,0,448,1,20,0,90,-1,9950,7960,200,true,4,90,4,4,1,-1,-1,,"Vi thiện trừ ác, duy quang minh cố, hỉ lạc bi sầu, giai quy trần thổ, vật này dựa Quang mà tồn.<color=#00FF00><br>(Cả bộ do Phương Bách Hoa của<color=#FFFFFF> <color=#FFFF00>Minh Giáo<color=#FFFFFF> <color=#00FF00> thiết kế)",,"[{""Tag"":""BaseAttribute"",""Attributes"":{""Symbol"":""magic_physatkbase"",""Value"":""799""}},{""Tag"":""BaseAttribute"",""Attributes"":{""Symbol"":""magic_magicatkbase"",""Value"":""799""}},{""Tag"":""Attribute"",""Attributes"":{""Symbol"":""magic_physatk"",""Rate"":""100""}},{""Tag"":""Attribute"",""Attributes"":{""Symbol"":""magic_critatk"",""Rate"":""100""}},{""Tag"":""Attribute"",""Attributes"":{""Symbol"":""magic_strength"",""Rate"":""100""}},{""Tag"":""Attribute"",""Attributes"":{""Symbol"":""magic_dexterity"",""Rate"":""100""}}]"
18937,Equip,10500019,0,Cửu Dương,Broadsword3_13,0,454,1,23,0,100,-1,16000,12800,200,true,4,100,4,4,1,-1,-1,,"Thượng chí minh giới, hạ cập u đồ, sở hữu chúng sinh, giai do tử độ. Ma Ni chi hậu, niên thùy ngũ cửu, kim khí tương hưng, vật này dựa Quang mà tồn.<color=#00FF00><br>(Cả bộ do Phương Bách Hoa của<color=#FFFFFF> <color=#FFFF00>Minh Giáo<color=#FFFFFF> <color=#00FF00> thiết kế)",,"[{""Tag"":""BaseAttribute"",""Attributes"":{""Symbol"":""magic_physatkbase"",""Value"":""884""}},{""Tag"":""BaseAttribute"",""Attributes"":{""Symbol"":""magic_magicatkbase"",""Value"":""884""}},{""Tag"":""Attribute"",""Attributes"":{""Symbol"":""magic_physatk"",""Rate"":""100""}},{""Tag"":""Attribute"",""Attributes"":{""Symbol"":""magic_critatk"",""Rate"":""100""}},{""Tag"":""Attribute"",""Attributes"":{""Symbol"":""magic_strength"",""Rate"":""100""}},{""Tag"":""Attribute"",""Attributes"":{""Symbol"":""magic_dexterity"",""Rate"":""100""}}]"
18938,Equip,10501000,1,Chưa dùng,Spear1_3,0,367,2,-1,-1,100,-1,180,144,200,true,4,100,1,1,1,-1,-1,,Chưa dùng,,"[{""Tag"":""BaseAttribute"",""Attributes"":{""Symbol"":""magic_physatkbase"",""Value"":""884""}},{""Tag"":""BaseAttribute"",""Attributes"":{""Symbol"":""magic_magicatkbase"",""Value"":""884""}},{""Tag"":""Attribute"",""Attributes"":{""Symbol"":""magic_dexterity"",""Rate"":""100""}}]"
18939,Equip,10501001,1,Chưa dùng,Spear1_9,0,373,2,-1,-1,100,-1,540,432,200,true,4,100,1,1,1,-1,-1,,Chưa dùng,,"[{""Tag"":""BaseAttribute"",""Attributes"":{""Symbol"":""magic_physatkbase"",""Value"":""884""}},{""Tag"":""BaseAttribute"",""Attributes"":{""Symbol"":""magic_magicatkbase"",""Value"":""884""}},{""Tag"":""Attribute"",""Attributes"":{""Symbol"":""magic_dexterity"",""Rate"":""100""}}]"
18940,Equip,10501002,1,Kiến Long,Spear1_12,0,376,1,26,0,30,-1,1150,920,200,true,4,30,1,1,1,-1,-1,,"Quẻ Càn Dịch Kinh 92: Kiến Long tại điền, lợi kiến tại nhân. <<Lời viết>>: Kiến Long tại điền, đức thị phổ dã, vật này dựa Long mà tồn.<color=#00FF00><br>(Cả bộ do Ngô Tuyết Kiều của<color=#FFFFFF> <color=#FFFF00>Cái Bang<color=#FFFFFF> <color=#00FF00> thiết kế)",,"[{""Tag"":""BaseAttribute"",""Attributes"":{""Symbol"":""magic_physatkbase"",""Value"":""287""}},{""Tag"":""BaseAttribute"",""Attributes"":{""Symbol"":""magic_magicatkbase"",""Value"":""287""}},{""Tag"":""Attribute"",""Attributes"":{""Symbol"":""magic_dexterity"",""Rate"":""100""}}]"
18941,Equip,10501003,1,Chưa dùng,Spear2_1,0,381,2,-1,-1,100,-1,1780,1424,200,true,4,100,2,2,1,-1,-1,,Chưa dùng,,"[{""Tag"":""BaseAttribute"",""Attributes"":{""Symbol"":""magic_physatkbase"",""Value"":""884""}},{""Tag"":""BaseAttribute"",""Attributes"":{""Symbol"":""magic_magicatkbase"",""Value"":""884""}},{""Tag"":""Attribute"",""Attributes"":{""Symbol"":""magic_stamina"",""Rate"":""100""}},{""Tag"":""Attribute"",""Attributes"":{""Symbol"":""magic_dexterity"",""Rate"":""100""}}]"
18942,Equip,10501004,1,Chưa dùng,Spear2_4,0,384,2,-1,-1,50,-1,2700,2160,200,true,4,50,2,2,1,-1,-1,,Chưa dùng,,"[{""Tag"":""BaseAttribute"",""Attributes"":{""Symbol"":""magic_physatkbase"",""Value"":""458""}},{""Tag"":""BaseAttribute"",""Attributes"":{""Symbol"":""magic_magicatkbase"",""Value"":""458""}},{""Tag"":""Attribute"",""Attributes"":{""Symbol"":""magic_stamina"",""Rate"":""100""}},{""Tag"":""Attribute"",""Attributes"":{""Symbol"":""magic_dexterity"",""Rate"":""100""}}]"
18943,Equip,10501005,1,Tù Long,Spear2_10,0,390,1,29,0,60,-1,3850,3080,200,true,4,60,2,2,1,-1,-1,,"Tù Long nhân thể, nghịch lân trực tu, nộ khí bạo phát, vật này dựa Long mà tồn.<color=#00FF00><br>(Cả bộ do Ngô Tuyết Kiều của <color=#FFFFFF><color=#FFFF00>Cái Bang <color=#FFFFFF><color=#00FF00> thiết kế)<color=#FFFFFF> .",,"[{""Tag"":""BaseAttribute"",""Attributes"":{""Symbol"":""magic_physatkbase"",""Value"":""543""}},{""Tag"":""BaseAttribute"",""Attributes"":{""Symbol"":""magic_magicatkbase"",""Value"":""543""}},{""Tag"":""Attribute"",""Attributes"":{""Symbol"":""magic_stamina"",""Rate"":""100""}},{""Tag"":""Attribute"",""Attributes"":{""Symbol"":""magic_dexterity"",""Rate"":""100""}}]"
18944,Equip,10501006,1,Chưa dùng,Spear2_15,0,395,2,-1,-1,70,-1,5570,4456,200,true,4,70,3,3,1,-1,-1,,Chưa dùng,,"[{""Tag"":""BaseAttribute"",""Attributes"":{""Symbol"":""magic_physatkbase"",""Value"":""628""}},{""Tag"":""BaseAttribute"",""Attributes"":{""Symbol"":""magic_magicatkbase"",""Value"":""628""}},{""Tag"":""Attribute"",""Attributes"":{""Symbol"":""magic_physatk"",""Rate"":""100""}},{""Tag"":""Attribute"",""Attributes"":{""Symbol"":""magic_stamina"",""Rate"":""100""}},{""Tag"":""Attribute"",""Attributes"":{""Symbol"":""magic_dexterity"",""Rate"":""100""}}]"
18945,Equip,10501007,1,Chưa dùng,Spear3_4,0,400,2,-1,-1,80,-1,7450,5960,200,true,4,80,3,3,1,-1,-1,,Chưa dùng,,"[{""Tag"":""BaseAttribute"",""Attributes"":{""Symbol"":""magic_physatkbase"",""Value"":""713""}},{""Tag"":""BaseAttribute"",""Attributes"":{""Symbol"":""magic_magicatkbase"",""Value"":""713""}},{""Tag"":""Attribute"",""Attributes"":{""Symbol"":""magic_physatk"",""Rate"":""100""}},{""Tag"":""Attribute"",""Attributes"":{""Symbol"":""magic_stamina"",""Rate"":""100""}},{""Tag"":""Attribute"",""Attributes"":{""Symbol"":""magic_dexterity"",""Rate"":""100""}}]"
18946,Equip,10501008,1,Cầm Long,Spear3_8,0,404,1,32,0,90,-1,9950,7960,200,true,4,90,4,4,1,-1,-1,,"Xuất xứ: Quẻ Càn Dịch Kinh Sơ cửu: Tiềm Long, vật dụng. Lời viết: Tiềm Long, vật dụng, dương tại hạ dã, chỗ này Cầm Long chính là Tiềm Long, vật này dựa Long mà tồn.<color=#00FF00><br>(Cả bộ do Ngô Tuyết Kiều của<color=#FFFFFF> <color=#FFFF00>Cái Bang<color=#FFFFFF> <color=#00FF00> thiết kế)",,"[{""Tag"":""BaseAttribute"",""Attributes"":{""Symbol"":""magic_physatkbase"",""Value"":""799""}},{""Tag"":""BaseAttribute"",""Attributes"":{""Symbol"":""magic_magicatkbase"",""Value"":""799""}},{""Tag"":""Attribute"",""Attributes"":{""Symbol"":""magic_physatk"",""Rate"":""100""}},{""Tag"":""Attribute"",""Attributes"":{""Symbol"":""magic_critatk"",""Rate"":""100""}},{""Tag"":""Attribute"",""Attributes"":{""Symbol"":""magic_stamina"",""Rate"":""100""}},{""Tag"":""Attribute"",""Attributes"":{""Symbol"":""magic_dexterity"",""Rate"":""100""}}]"
18947,Equip,10501009,1,Côn Bằng,Spear3_13,0,409,1,35,0,100,-1,16000,12800,200,true,4,100,4,4,1,-1,-1,,"Quẻ Càn Dịch Kinh Lời viết: Đại tai 'Càn: nguyên,' vạn vật tư thỉ, nãi thống thiên. Vân hành vũ thí, phẩm vật lưu hình. Đại minh chung thỉ, lục vị khắc thành, thời thừa lục long dĩ ngự thiên. Càn đạo biến hóa, các chính tính mệnh. Bảo hợp đại hòa, nãi lợi, Trinh'. Thủ xuất thứ vật, vạn quốc hàm ninh., vật này dựa Long mà tồn.<color=#00FF00><br>(Cả bộ do Ngô Tuyết Kiều của <color=#FFFFFF><color=#FFFF00>Cái Bang<color=#FFFFFF> <color=#00FF00> thiết kế)<color=#FFFFFF>.",,"[{""Tag"":""BaseAttribute"",""Attributes"":{""Symbol"":""magic_physatkbase"",""Value"":""884""}},{""Tag"":""BaseAttribute"",""Attributes"":{""Symbol"":""magic_magicatkbase"",""Value"":""884""}},{""Tag"":""Attribute"",""Attributes"":{""Symbol"":""magic_physatk"",""Rate"":""100""}},{""Tag"":""Attribute"",""Attributes"":{""Symbol"":""magic_critatk"",""Rate"":""100""}},{""Tag"":""Attribute"",""Attributes"":{""Symbol"":""magic_stamina"",""Rate"":""100""}},{""Tag"":""Attribute"",""Attributes"":{""Symbol"":""magic_dexterity"",""Rate"":""100""}}]"
18948,Equip,10502000,2,Chưa dùng,Sword1_3,0,457,2,-1,-1,10,-1,180,144,200,true,4,10,1,1,1,-1,-1,,Chưa dùng,,"[{""Tag"":""BaseAttribute"",""Attributes"":{""Symbol"":""magic_physatkbase"",""Value"":""117""}},{""Tag"":""BaseAttribute"",""Attributes"":{""Symbol"":""magic_magicatkbase"",""Value"":""117""}},{""Tag"":""Attribute"",""Attributes"":{""Symbol"":""magic_energy"",""Rate"":""100""}}]"
18949,Equip,10502001,2,Chưa dùng,Sword1_7,0,461,2,-1,-1,20,-1,540,432,200,true,4,20,1,1,1,-1,-1,,Chưa dùng,,"[{""Tag"":""BaseAttribute"",""Attributes"":{""Symbol"":""magic_physatkbase"",""Value"":""202""}},{""Tag"":""BaseAttribute"",""Attributes"":{""Symbol"":""magic_magicatkbase"",""Value"":""202""}},{""Tag"":""Attribute"",""Attributes"":{""Symbol"":""magic_energy"",""Rate"":""100""}}]"
18950,Equip,10502002,2,Tứ Tượng,Sword1_11,0,465,1,38,0,30,-1,1150,920,200,true,4,30,1,1,1,-1,-1,,"Tứ Tượng, chỉ Thiếu Dương, Lão Dương, Thiếu Âm, Lão Âm. Từ góc độ phương hướng mà nói Tứ Tượng là Đông, Nam, Tây, Bắc, từ quý mùa mà nói Tứ Tượng coi là Xuân, Hạ, Thu, Đông, vật này dựa vào Tứ Tượng mà tồn.<color=#00FF00><br>(Cả bộ do Trương Tịnh Sơ của <color=#FFFFFF><color=#FFFF00>Võ Đang <color=#FFFFFF><color=#00FF00> thiết kế)<color=#FFFFFF>.",,"[{""Tag"":""BaseAttribute"",""Attributes"":{""Symbol"":""magic_physatkbase"",""Value"":""287""}},{""Tag"":""BaseAttribute"",""Attributes"":{""Symbol"":""magic_magicatkbase"",""Value"":""287""}},{""Tag"":""Attribute"",""Attributes"":{""Symbol"":""magic_energy"",""Rate"":""100""}}]"
18951,Equip,10502003,2,Chưa dùng,Sword1_14,0,468,2,-1,-1,40,-1,1780,1424,200,true,4,40,2,2,1,-1,-1,,Chưa dùng,,"[{""Tag"":""BaseAttribute"",""Attributes"":{""Symbol"":""magic_physatkbase"",""Value"":""373""}},{""Tag"":""BaseAttribute"",""Attributes"":{""Symbol"":""magic_magicatkbase"",""Value"":""373""}},{""Tag"":""Attribute"",""Attributes"":{""Symbol"":""magic_energy"",""Rate"":""100""}},{""Tag"":""Attribute"",""Attributes"":{""Symbol"":""magic_dexterity"",""Rate"":""100""}}]"
18952,Equip,10502004,2,Chưa dùng,Sword2_4,0,474,2,-1,-1,50,-1,2700,2160,200,true,4,50,2,2,1,-1,-1,,Chưa dùng,,"[{""Tag"":""BaseAttribute"",""Attributes"":{""Symbol"":""magic_physatkbase"",""Value"":""458""}},{""Tag"":""BaseAttribute"",""Attributes"":{""Symbol"":""magic_magicatkbase"",""Value"":""458""}},{""Tag"":""Attribute"",""Attributes"":{""Symbol"":""magic_energy"",""Rate"":""100""}},{""Tag"":""Attribute"",""Attributes"":{""Symbol"":""magic_dexterity"",""Rate"":""100""}}]"
18953,Equip,10502005,2,Âm Dương,Sword2_9,0,479,1,41,0,60,-1,3850,3080,200,true,4,60,2,2,1,-1,-1,,"<<Dịch Kinh>> Âm dương giao cảm sinh vạn vật, thái cực sinh lưỡng nghi lưỡng nghi vi âm dương, vật này dựa vào âm dương mà tồn.<color=#00FF00><br>(Cả bộ do Trương Tịnh Sơ của <color=#FFFFFF><color=#FFFF00>Võ Đang<color=#FFFFFF> <color=#00FF00> thiết kế)",,"[{""Tag"":""BaseAttribute"",""Attributes"":{""Symbol"":""magic_physatkbase"",""Value"":""543""}},{""Tag"":""BaseAttribute"",""Attributes"":{""Symbol"":""magic_magicatkbase"",""Value"":""543""}},{""Tag"":""Attribute"",""Attributes"":{""Symbol"":""magic_energy"",""Rate"":""100""}},{""Tag"":""Attribute"",""Attributes"":{""Symbol"":""magic_dexterity"",""Rate"":""100""}}]"
18954,Equip,10502006,2,Chưa dùng,Sword2_13,0,483,2,-1,-1,70,-1,5570,4456,200,true,4,70,3,3,1,-1,-1,,Chưa dùng,,"[{""Tag"":""BaseAttribute"",""Attributes"":{""Symbol"":""magic_physatkbase"",""Value"":""628""}},{""Tag"":""BaseAttribute"",""Attributes"":{""Symbol"":""magic_magicatkbase"",""Value"":""628""}},{""Tag"":""Attribute"",""Attributes"":{""Symbol"":""magic_magicatk"",""Rate"":""100""}},{""Tag"":""Attribute"",""Attributes"":{""Symbol"":""magic_energy"",""Rate"":""100""}},{""Tag"":""Attribute"",""Attributes"":{""Symbol"":""magic_dexterity"",""Rate"":""100""}}]"
18955,Equip,10502007,2,Chưa dùng,Sword3_2,0,488,2,-1,-1,80,-1,7450,5960,200,true,4,80,3,3,1,-1,-1,,Chưa dùng,,"[{""Tag"":""BaseAttribute"",""Attributes"":{""Symbol"":""magic_physatkbase"",""Value"":""713""}},{""Tag"":""BaseAttribute"",""Attributes"":{""Symbol"":""magic_magicatkbase"",""Value"":""713""}},{""Tag"":""Attribute"",""Attributes"":{""Symbol"":""magic_magicatk"",""Rate"":""100""}},{""Tag"":""Attribute"",""Attributes"":{""Symbol"":""magic_energy"",""Rate"":""100""}},{""Tag"":""Attribute"",""Attributes"":{""Symbol"":""magic_dexterity"",""Rate"":""100""}}]"
18956,Equip,10502008,2,Thái Cực,Sword3_7,0,493,1,44,0,90,-1,9950,7960,200,true,4,90,4,4,1,-1,-1,,"Thái cực giả, Thái tố bị nhi dương biến âm hợp, ngũ hành cụ yên, vạn vật sinh yên, vật này dựa thái cực mà tồn.<color=#00FF00><br>(Cả bộ do Trương Tịnh Sơ <color=#FFFF00>Võ Đang <color=#00FF00> thiết kế)",,"[{""Tag"":""BaseAttribute"",""Attributes"":{""Symbol"":""magic_physatkbase"",""Value"":""799""}},{""Tag"":""BaseAttribute"",""Attributes"":{""Symbol"":""magic_magicatkbase"",""Value"":""799""}},{""Tag"":""Attribute"",""Attributes"":{""Symbol"":""magic_magicatk"",""Rate"":""100""}},{""Tag"":""Attribute"",""Attributes"":{""Symbol"":""magic_critatk"",""Rate"":""100""}},{""Tag"":""Attribute"",""Attributes"":{""Symbol"":""magic_energy"",""Rate"":""100""}},{""Tag"":""Attribute"",""Attributes"":{""Symbol"":""magic_dexterity"",""Rate"":""100""}}]"
18957,Equip,10502009,2,Huyền Cơ,Sword3_12,0,499,1,47,0,100,-1,16000,12800,200,true,4,100,4,4,1,-1,-1,,"Vô cực sinh thái cực, Thái cực sinh lưỡng nghi, lưỡng nghi sinh Tứ Tượng, Tứ Tượng sinh Bát Quái, Bát Quái sinh Lục Thập Tứ Quái, khả động huyền cơ vu vô hình, vật này dựa đấy mà tồn.<color=#00FF00><br>(Cả bộ do Trương Tịnh Sơ<color=#FFFFFF> <color=#FFFF00>Võ Đang <color=#FFFFFF><color=#00FF00> thiết kế)<color=#FFFFFF>.",,"[{""Tag"":""BaseAttribute"",""Attributes"":{""Symbol"":""magic_physatkbase"",""Value"":""884""}},{""Tag"":""BaseAttribute"",""Attributes"":{""Symbol"":""magic_magicatkbase"",""Value"":""884""}},{""Tag"":""Attribute"",""Attributes"":{""Symbol"":""magic_magicatk"",""Rate"":""100""}},{""Tag"":""Attribute"",""Attributes"":{""Symbol"":""magic_critatk"",""Rate"":""100""}},{""Tag"":""Attribute"",""Attributes"":{""Symbol"":""magic_energy"",""Rate"":""100""}},{""Tag"":""Attribute"",""Attributes"":{""Symbol"":""magic_dexterity"",""Rate"":""100""}}]"
18958,Equip,10502010,2,Chưa dùng,Sword1_3,0,457,2,-1,-1,10,-1,180,144,200,true,4,10,1,1,1,-1,-1,,Chưa dùng,,"[{""Tag"":""BaseAttribute"",""Attributes"":{""Symbol"":""magic_physatkbase"",""Value"":""117""}},{""Tag"":""BaseAttribute"",""Attributes"":{""Symbol"":""magic_magicatkbase"",""Value"":""117""}},{""Tag"":""Attribute"",""Attributes"":{""Symbol"":""magic_energy"",""Rate"":""100""}}]"
18959,Equip,10502011,2,Chưa dùng,Sword1_7,0,461,2,-1,-1,20,-1,540,432,200,true,4,20,1,1,1,-1,-1,,Chưa dùng,,"[{""Tag"":""BaseAttribute"",""Attributes"":{""Symbol"":""magic_physatkbase"",""Value"":""202""}},{""Tag"":""BaseAttribute"",""Attributes"":{""Symbol"":""magic_magicatkbase"",""Value"":""202""}},{""Tag"":""Attribute"",""Attributes"":{""Symbol"":""magic_energy"",""Rate"":""100""}}]"
18960,Equip,10502012,2,Thệ Thủy,Sword1_11,0,465,1,166,0,30,-1,1150,920,200,true,4,30,1,1,1,-1,-1,,"Khê lưu tiệm dẫn, hoa tùy thủy toàn, bôn lưu trực tiền, vô luyến hậu cảnh. Vật này sinh ra từ nước.<color=#00FF00><br>(Cả bộ do Mộ Dung Thanh Sơn của <color=#FFFF00>Mộ Dung<color=#00FF00> thiết kế)<color=#00FF00>",,"[{""Tag"":""BaseAttribute"",""Attributes"":{""Symbol"":""magic_physatkbase"",""Value"":""287""}},{""Tag"":""BaseAttribute"",""Attributes"":{""Symbol"":""magic_magicatkbase"",""Value"":""287""}},{""Tag"":""Attribute"",""Attributes"":{""Symbol"":""magic_energy"",""Rate"":""100""}}]"
18961,Equip,10502013,2,Chưa dùng,Sword1_14,0,468,2,-1,-1,40,-1,1780,1424,200,true,4,40,2,2,1,-1,-1,,Chưa dùng,,"[{""Tag"":""BaseAttribute"",""Attributes"":{""Symbol"":""magic_physatkbase"",""Value"":""373""}},{""Tag"":""BaseAttribute"",""Attributes"":{""Symbol"":""magic_magicatkbase"",""Value"":""373""}},{""Tag"":""Attribute"",""Attributes"":{""Symbol"":""magic_energy"",""Rate"":""100""}},{""Tag"":""Attribute"",""Attributes"":{""Symbol"":""magic_stamina"",""Rate"":""100""}}]"
18962,Equip,10502014,2,Chưa dùng,Sword2_4,0,474,2,-1,-1,50,-1,2700,2160,200,true,4,50,2,2,1,-1,-1,,Chưa dùng,,"[{""Tag"":""BaseAttribute"",""Attributes"":{""Symbol"":""magic_physatkbase"",""Value"":""458""}},{""Tag"":""BaseAttribute"",""Attributes"":{""Symbol"":""magic_magicatkbase"",""Value"":""458""}},{""Tag"":""Attribute"",""Attributes"":{""Symbol"":""magic_energy"",""Rate"":""100""}},{""Tag"":""Attribute"",""Attributes"":{""Symbol"":""magic_stamina"",""Rate"":""100""}}]"
18963,Equip,10502015,2,Lôi Tập,Sword2_9,0,479,1,169,0,60,-1,3850,3080,200,true,4,60,2,2,1,-1,-1,,"Ô vân già nhật lôi thanh cổn cổn, thiểm điện như lợi kiếm ban phách hạ, chúng sinh giai vi chi tỵ dật. Vật này sinh ra từ sấm.<color=#00FF00><br>(Cả bộ do Mộ Dung Thanh Sơn của <color=#FFFF00>Mộ Dung<color=#00FF00> thiết kế)<color=#00FF00>",,"[{""Tag"":""BaseAttribute"",""Attributes"":{""Symbol"":""magic_physatkbase"",""Value"":""543""}},{""Tag"":""BaseAttribute"",""Attributes"":{""Symbol"":""magic_magicatkbase"",""Value"":""543""}},{""Tag"":""Attribute"",""Attributes"":{""Symbol"":""magic_energy"",""Rate"":""100""}},{""Tag"":""Attribute"",""Attributes"":{""Symbol"":""magic_stamina"",""Rate"":""100""}}]"
18964,Equip,10502016,2,Chưa dùng,Sword2_13,0,483,2,-1,-1,70,-1,5570,4456,200,true,4,70,3,3,1,-1,-1,,Chưa dùng,,"[{""Tag"":""BaseAttribute"",""Attributes"":{""Symbol"":""magic_physatkbase"",""Value"":""628""}},{""Tag"":""BaseAttribute"",""Attributes"":{""Symbol"":""magic_magicatkbase"",""Value"":""628""}},{""Tag"":""Attribute"",""Attributes"":{""Symbol"":""magic_magicatk"",""Rate"":""100""}},{""Tag"":""Attribute"",""Attributes"":{""Symbol"":""magic_energy"",""Rate"":""100""}},{""Tag"":""Attribute"",""Attributes"":{""Symbol"":""magic_stamina"",""Rate"":""100""}}]"
18965,Equip,10502017,2,Chưa dùng,Sword3_2,0,488,2,-1,-1,80,-1,7450,5960,200,true,4,80,3,3,1,-1,-1,,Chưa dùng,,"[{""Tag"":""BaseAttribute"",""Attributes"":{""Symbol"":""magic_physatkbase"",""Value"":""713""}},{""Tag"":""BaseAttribute"",""Attributes"":{""Symbol"":""magic_magicatkbase"",""Value"":""713""}},{""Tag"":""Attribute"",""Attributes"":{""Symbol"":""magic_magicatk"",""Rate"":""100""}},{""Tag"":""Attribute"",""Attributes"":{""Symbol"":""magic_energy"",""Rate"":""100""}},{""Tag"":""Attribute"",""Attributes"":{""Symbol"":""magic_stamina"",""Rate"":""100""}}]"
18966,Equip,10502018,2,Huyền Vũ,Kangxingzhuang_6,0,697,1,172,0,90,-1,9950,7960,200,true,4,90,4,4,1,-1,-1,,"Hồng hoang vũ trụ, thiên địa huyền hoàng, âm dương song phân, tứ tượng lục hợp. Vật này sinh ra từ Huyền Vũ.<color=#00FF00><br>(Cả bộ do Mộ Dung Thanh Sơn của <color=#FFFF00>Mộ Dung<color=#00FF00> thiết kế)<color=#00FF00>",,"[{""Tag"":""BaseAttribute"",""Attributes"":{""Symbol"":""magic_physatkbase"",""Value"":""799""}},{""Tag"":""BaseAttribute"",""Attributes"":{""Symbol"":""magic_magicatkbase"",""Value"":""799""}},{""Tag"":""Attribute"",""Attributes"":{""Symbol"":""magic_magicatk"",""Rate"":""100""}},{""Tag"":""Attribute"",""Attributes"":{""Symbol"":""magic_critatk"",""Rate"":""100""}},{""Tag"":""Attribute"",""Attributes"":{""Symbol"":""magic_energy"",""Rate"":""100""}},{""Tag"":""Attribute"",""Attributes"":{""Symbol"":""magic_stamina"",""Rate"":""100""}}]"
18967,Equip,10502019,2,Nhuệ Phong,Sword3_12,0,499,1,175,0,100,-1,16000,12800,200,true,4,100,4,4,1,-1,-1,,"Vua của binh khí, lưỡi dài 3 thước, sắc bén vô cùng. Vật sống nhờ chính nó.<color=#00FF00><br>(Cả bộ do Mộ Dung Thanh Sơn của <color=#FFFF00>Mộ Dung<color=#00FF00> thiết kế)",,"[{""Tag"":""BaseAttribute"",""Attributes"":{""Symbol"":""magic_physatkbase"",""Value"":""884""}},{""Tag"":""BaseAttribute"",""Attributes"":{""Symbol"":""magic_magicatkbase"",""Value"":""884""}},{""Tag"":""Attribute"",""Attributes"":{""Symbol"":""magic_magicatk"",""Rate"":""100""}},{""Tag"":""Attribute"",""Attributes"":{""Symbol"":""magic_critatk"",""Rate"":""100""}},{""Tag"":""Attribute"",""Attributes"":{""Symbol"":""magic_energy"",""Rate"":""100""}},{""Tag"":""Attribute"",""Attributes"":{""Symbol"":""magic_stamina"",""Rate"":""100""}}]"
18968,Equip,10503000,3,Chưa dùng,BothHands1_3,0,592,2,-1,-1,10,-1,180,144,200,true,4,10,1,1,1,-1,-1,,Chưa dùng,,"[{""Tag"":""BaseAttribute"",""Attributes"":{""Symbol"":""magic_physatkbase"",""Value"":""117""}},{""Tag"":""BaseAttribute"",""Attributes"":{""Symbol"":""magic_magicatkbase"",""Value"":""117""}},{""Tag"":""Attribute"",""Attributes"":{""Symbol"":""magic_intelligence"",""Rate"":""100""}}]"
18969,Equip,10503001,3,Chưa dùng,BothHands1_9,0,598,2,-1,-1,20,-1,540,432,200,true,4,20,1,1,1,-1,-1,,Chưa dùng,,"[{""Tag"":""BaseAttribute"",""Attributes"":{""Symbol"":""magic_physatkbase"",""Value"":""202""}},{""Tag"":""BaseAttribute"",""Attributes"":{""Symbol"":""magic_magicatkbase"",""Value"":""202""}},{""Tag"":""Attribute"",""Attributes"":{""Symbol"":""magic_intelligence"",""Rate"":""100""}}]"
18970,Equip,10503002,3,Cửu Ảnh,BothHands1_13,0,602,1,50,0,30,-1,1150,920,200,true,4,30,1,1,1,-1,-1,,"Hàm sa xạ ảnh, thân hình phiêu hốt bất định, một là chín chín là một, vật này dựa đấy mà tồn.<color=#00FF00><br>(Cả bộ do Mạnh Thanh Thanh<color=#FFFFFF> <color=#FFFF00>Nga My <color=#FFFFFF><color=#00FF00> thiết kế)<color=#FFFFFF>.",,"[{""Tag"":""BaseAttribute"",""Attributes"":{""Symbol"":""magic_physatkbase"",""Value"":""287""}},{""Tag"":""BaseAttribute"",""Attributes"":{""Symbol"":""magic_magicatkbase"",""Value"":""287""}},{""Tag"":""Attribute"",""Attributes"":{""Symbol"":""magic_intelligence"",""Rate"":""100""}}]"
18971,Equip,10503003,3,Chưa dùng,BothHands2_1,0,606,2,-1,-1,40,-1,1780,1424,200,true,4,40,2,2,1,-1,-1,,Chưa dùng,,"[{""Tag"":""BaseAttribute"",""Attributes"":{""Symbol"":""magic_physatkbase"",""Value"":""373""}},{""Tag"":""BaseAttribute"",""Attributes"":{""Symbol"":""magic_magicatkbase"",""Value"":""373""}},{""Tag"":""Attribute"",""Attributes"":{""Symbol"":""magic_energy"",""Rate"":""100""}},{""Tag"":""Attribute"",""Attributes"":{""Symbol"":""magic_intelligence"",""Rate"":""100""}}]"
18972,Equip,10503004,3,Chưa dùng,BothHands2_6,0,611,2,-1,-1,50,-1,2700,2160,200,true,4,50,2,2,1,-1,-1,,Chưa dùng,,"[{""Tag"":""BaseAttribute"",""Attributes"":{""Symbol"":""magic_physatkbase"",""Value"":""458""}},{""Tag"":""BaseAttribute"",""Attributes"":{""Symbol"":""magic_magicatkbase"",""Value"":""458""}},{""Tag"":""Attribute"",""Attributes"":{""Symbol"":""magic_energy"",""Rate"":""100""}},{""Tag"":""Attribute"",""Attributes"":{""Symbol"":""magic_intelligence"",""Rate"":""100""}}]"
18973,Equip,10503005,3,Phiêu Tuyết,BothHands2_10,0,615,1,53,0,60,-1,3850,3080,200,true,4,60,2,2,1,-1,-1,,"Ngưng Yêu, như phiêu tuyết, tản tận mãn địa phồn hoa lạc, Khởi Vũ, như phiêu tuyết, từng là thiếu niên Hắc Phát Nhân, vật này dựa đó mà tồn.<color=#00FF00><br>(Cả bộ do Mạnh Thanh Thanh của<color=#FFFFFF> <color=#FFFF00>Nga My<color=#FFFFFF> <color=#00FF00> thiết kế)<color=#FFFFFF>.",,"[{""Tag"":""BaseAttribute"",""Attributes"":{""Symbol"":""magic_physatkbase"",""Value"":""543""}},{""Tag"":""BaseAttribute"",""Attributes"":{""Symbol"":""magic_magicatkbase"",""Value"":""543""}},{""Tag"":""Attribute"",""Attributes"":{""Symbol"":""magic_energy"",""Rate"":""100""}},{""Tag"":""Attribute"",""Attributes"":{""Symbol"":""magic_intelligence"",""Rate"":""100""}}]"
18974,Equip,10503006,3,Chưa dùng,BothHands2_15,0,620,2,-1,-1,70,-1,5570,4456,200,true,4,70,3,3,1,-1,-1,,Chưa dùng,,"[{""Tag"":""BaseAttribute"",""Attributes"":{""Symbol"":""magic_physatkbase"",""Value"":""628""}},{""Tag"":""BaseAttribute"",""Attributes"":{""Symbol"":""magic_magicatkbase"",""Value"":""628""}},{""Tag"":""Attribute"",""Attributes"":{""Symbol"":""magic_magicatk"",""Rate"":""100""}},{""Tag"":""Attribute"",""Attributes"":{""Symbol"":""magic_energy"",""Rate"":""100""}},{""Tag"":""Attribute"",""Attributes"":{""Symbol"":""magic_intelligence"",""Rate"":""100""}}]"
18975,Equip,10503007,3,Chưa dùng,BothHands3_3,0,624,2,-1,-1,80,-1,7450,5960,200,true,4,80,3,3,1,-1,-1,,Chưa dùng,,"[{""Tag"":""BaseAttribute"",""Attributes"":{""Symbol"":""magic_physatkbase"",""Value"":""713""}},{""Tag"":""BaseAttribute"",""Attributes"":{""Symbol"":""magic_magicatkbase"",""Value"":""713""}},{""Tag"":""Attribute"",""Attributes"":{""Symbol"":""magic_magicatk"",""Rate"":""100""}},{""Tag"":""Attribute"",""Attributes"":{""Symbol"":""magic_energy"",""Rate"":""100""}},{""Tag"":""Attribute"",""Attributes"":{""Symbol"":""magic_intelligence"",""Rate"":""100""}}]"
18976,Equip,10503008,3,Hồi Tâm,BothHands3_8,0,629,1,56,0,90,-1,9950,7960,200,true,4,90,4,4,1,-1,-1,,"Tâm như hồ thủy liên y ninh, hung như bích ba hạn hải thâm, vật này dựa đó mà tồn.<color=#00FF00><br>(Cả bộ do Mạnh Thanh Thanh của<color=#FFFFFF> <color=#FFFF00>Nga My <color=#FFFFFF><color=#00FF00> thiết kế)<color=#FFFFFF>.",,"[{""Tag"":""BaseAttribute"",""Attributes"":{""Symbol"":""magic_physatkbase"",""Value"":""799""}},{""Tag"":""BaseAttribute"",""Attributes"":{""Symbol"":""magic_magicatkbase"",""Value"":""799""}},{""Tag"":""Attribute"",""Attributes"":{""Symbol"":""magic_magicatk"",""Rate"":""100""}},{""Tag"":""Attribute"",""Attributes"":{""Symbol"":""magic_critatk"",""Rate"":""100""}},{""Tag"":""Attribute"",""Attributes"":{""Symbol"":""magic_energy"",""Rate"":""100""}},{""Tag"":""Attribute"",""Attributes"":{""Symbol"":""magic_intelligence"",""Rate"":""100""}}]"
18977,Equip,10503009,3,Thần Phệ,BothHands3_13,0,634,1,59,0,100,-1,16000,12800,200,true,4,100,4,4,1,-1,-1,,"Hoàng tuyền lộ thượng đa tình chủng, Thần Phệ vạn vật nhất trường không, vật này dựa đó mà tồn.<color=#00FF00><br>(Cả bộ do Mạnh Thanh Thanh của<color=#FFFFFF> <color=#FFFF00>Nga My <color=#FFFFFF><color=#00FF00> thiết kế)<color=#FFFFFF>.",,"[{""Tag"":""BaseAttribute"",""Attributes"":{""Symbol"":""magic_physatkbase"",""Value"":""884""}},{""Tag"":""BaseAttribute"",""Attributes"":{""Symbol"":""magic_magicatkbase"",""Value"":""884""}},{""Tag"":""Attribute"",""Attributes"":{""Symbol"":""magic_magicatk"",""Rate"":""100""}},{""Tag"":""Attribute"",""Attributes"":{""Symbol"":""magic_critatk"",""Rate"":""100""}},{""Tag"":""Attribute"",""Attributes"":{""Symbol"":""magic_energy"",""Rate"":""100""}},{""Tag"":""Attribute"",""Attributes"":{""Symbol"":""magic_intelligence"",""Rate"":""100""}}]"
18978,Equip,10503010,3,Chưa dùng,BothHands1_3,0,592,2,-1,-1,10,-1,180,144,200,true,4,10,1,1,1,-1,-1,,Chưa dùng,,"[{""Tag"":""BaseAttribute"",""Attributes"":{""Symbol"":""magic_physatkbase"",""Value"":""117""}},{""Tag"":""BaseAttribute"",""Attributes"":{""Symbol"":""magic_magicatkbase"",""Value"":""117""}},{""Tag"":""Attribute"",""Attributes"":{""Symbol"":""magic_stamina"",""Rate"":""100""}}]"
18979,Equip,10503011,3,Chưa dùng,BothHands1_9,0,598,2,-1,-1,20,-1,540,432,200,true,4,20,1,1,1,-1,-1,,Chưa dùng,,"[{""Tag"":""BaseAttribute"",""Attributes"":{""Symbol"":""magic_physatkbase"",""Value"":""202""}},{""Tag"":""BaseAttribute"",""Attributes"":{""Symbol"":""magic_magicatkbase"",""Value"":""202""}},{""Tag"":""Attribute"",""Attributes"":{""Symbol"":""magic_stamina"",""Rate"":""100""}}]"
18980,Equip,10503012,3,Trừu Tủy,BothHands1_13,0,602,1,62,0,30,-1,1150,920,200,true,4,30,1,1,1,-1,-1,,"Trừu Tủy đoạn cốt diệc bất phạ, thế gian chí nhân nại ngã hà? Vật này do đó có tiếng.<color=#00FF00><br>(Cả bộ do Hàn Thế Xung của <color=#FFFFFF><color=#FFFF00>Tinh Túc<color=#FFFFFF> <color=#00FF00> thiết kế)",,"[{""Tag"":""BaseAttribute"",""Attributes"":{""Symbol"":""magic_physatkbase"",""Value"":""287""}},{""Tag"":""BaseAttribute"",""Attributes"":{""Symbol"":""magic_magicatkbase"",""Value"":""287""}},{""Tag"":""Attribute"",""Attributes"":{""Symbol"":""magic_stamina"",""Rate"":""100""}}]"
18981,Equip,10503013,3,Chưa dùng,BothHands2_1,0,606,2,-1,-1,40,-1,1780,1424,200,true,4,40,2,2,1,-1,-1,,Chưa dùng,,"[{""Tag"":""BaseAttribute"",""Attributes"":{""Symbol"":""magic_physatkbase"",""Value"":""373""}},{""Tag"":""BaseAttribute"",""Attributes"":{""Symbol"":""magic_magicatkbase"",""Value"":""373""}},{""Tag"":""Attribute"",""Attributes"":{""Symbol"":""magic_energy"",""Rate"":""100""}},{""Tag"":""Attribute"",""Attributes"":{""Symbol"":""magic_stamina"",""Rate"":""100""}}]"
18982,Equip,10503014,3,Chưa dùng,BothHands2_6,0,611,2,-1,-1,50,-1,2700,2160,200,true,4,50,2,2,1,-1,-1,,Chưa dùng,,"[{""Tag"":""BaseAttribute"",""Attributes"":{""Symbol"":""magic_physatkbase"",""Value"":""458""}},{""Tag"":""BaseAttribute"",""Attributes"":{""Symbol"":""magic_magicatkbase"",""Value"":""458""}},{""Tag"":""Attribute"",""Attributes"":{""Symbol"":""magic_energy"",""Rate"":""100""}},{""Tag"":""Attribute"",""Attributes"":{""Symbol"":""magic_stamina"",""Rate"":""100""}}]"
18983,Equip,10503015,3,Đoạt Hồn,BothHands2_10,0,615,1,65,0,60,-1,3850,3080,200,true,4,60,2,2,1,-1,-1,,"Giang hồ phong ba khởi bất đoạn, binh qua giao chiến lập đoạn hồn, vật này lấy nó đặt tên.<color=#00FF00><br>(Cả bộ do Hàn Thế Xung của<color=#FFFFFF> <color=#FFFF00>Tinh Túc <color=#FFFFFF><color=#00FF00> thiết kế)",,"[{""Tag"":""BaseAttribute"",""Attributes"":{""Symbol"":""magic_physatkbase"",""Value"":""543""}},{""Tag"":""BaseAttribute"",""Attributes"":{""Symbol"":""magic_magicatkbase"",""Value"":""543""}},{""Tag"":""Attribute"",""Attributes"":{""Symbol"":""magic_energy"",""Rate"":""100""}},{""Tag"":""Attribute"",""Attributes"":{""Symbol"":""magic_stamina"",""Rate"":""100""}}]"
18984,Equip,10503016,3,Chưa dùng,BothHands2_15,0,620,2,-1,-1,70,-1,5570,4456,200,true,4,70,3,3,1,-1,-1,,Chưa dùng,,"[{""Tag"":""BaseAttribute"",""Attributes"":{""Symbol"":""magic_physatkbase"",""Value"":""628""}},{""Tag"":""BaseAttribute"",""Attributes"":{""Symbol"":""magic_magicatkbase"",""Value"":""628""}},{""Tag"":""Attribute"",""Attributes"":{""Symbol"":""magic_magicatk"",""Rate"":""100""}},{""Tag"":""Attribute"",""Attributes"":{""Symbol"":""magic_energy"",""Rate"":""100""}},{""Tag"":""Attribute"",""Attributes"":{""Symbol"":""magic_stamina"",""Rate"":""100""}}]"
18985,Equip,10503017,3,Chưa dùng,BothHands3_3,0,624,2,-1,-1,80,-1,7450,5960,200,true,4,80,3,3,1,-1,-1,,Chưa dùng,,"[{""Tag"":""BaseAttribute"",""Attributes"":{""Symbol"":""magic_physatkbase"",""Value"":""713""}},{""Tag"":""BaseAttribute"",""Attributes"":{""Symbol"":""magic_magicatkbase"",""Value"":""713""}},{""Tag"":""Attribute"",""Attributes"":{""Symbol"":""magic_magicatk"",""Rate"":""100""}},{""Tag"":""Attribute"",""Attributes"":{""Symbol"":""magic_energy"",""Rate"":""100""}},{""Tag"":""Attribute"",""Attributes"":{""Symbol"":""magic_stamina"",""Rate"":""100""}}]"
18986,Equip,10503018,3,Thần Mộc,BothHands3_8,0,629,1,68,0,90,-1,9950,7960,200,true,4,90,4,4,1,-1,-1,,"Thần Mộc huân hương ẩn độc trùng, lão tiên luyện đắc bất lão công, vật này dựa đó có tiếng.<color=#00FF00><br>(Cả bộ do Hàn Thế Trung của <color=#FFFFFF><color=#FFFF00>Tinh Túc <color=#FFFFFF><color=#00FF00> thiết kế)",,"[{""Tag"":""BaseAttribute"",""Attributes"":{""Symbol"":""magic_physatkbase"",""Value"":""799""}},{""Tag"":""BaseAttribute"",""Attributes"":{""Symbol"":""magic_magicatkbase"",""Value"":""799""}},{""Tag"":""Attribute"",""Attributes"":{""Symbol"":""magic_magicatk"",""Rate"":""100""}},{""Tag"":""Attribute"",""Attributes"":{""Symbol"":""magic_critatk"",""Rate"":""100""}},{""Tag"":""Attribute"",""Attributes"":{""Symbol"":""magic_energy"",""Rate"":""100""}},{""Tag"":""Attribute"",""Attributes"":{""Symbol"":""magic_stamina"",""Rate"":""100""}}]"
18987,Equip,10503019,3,Lưu Hồn,BothHands3_13,0,634,1,71,0,100,-1,16000,12800,200,true,4,100,4,4,1,-1,-1,,"Lưu hồn dĩ diệt tình dã tận, túc diệt bất tại kí tiền trần, vật này dựa đó đặt tên.<color=#00FF00><br>(Cả bộ do Hàn Thế Trung của<color=#FFFFFF> <color=#FFFF00>Tinh Túc<color=#FFFFFF> <color=#00FF00> thiết kế)",,"[{""Tag"":""BaseAttribute"",""Attributes"":{""Symbol"":""magic_physatkbase"",""Value"":""884""}},{""Tag"":""BaseAttribute"",""Attributes"":{""Symbol"":""magic_magicatkbase"",""Value"":""884""}},{""Tag"":""Attribute"",""Attributes"":{""Symbol"":""magic_magicatk"",""Rate"":""100""}},{""Tag"":""Attribute"",""Attributes"":{""Symbol"":""magic_critatk"",""Rate"":""100""}},{""Tag"":""Attribute"",""Attributes"":{""Symbol"":""magic_energy"",""Rate"":""100""}},{""Tag"":""Attribute"",""Attributes"":{""Symbol"":""magic_stamina"",""Rate"":""100""}}]"
18988,Equip,10504000,4,Chưa dùng,Fan1_2,0,547,2,-1,-1,10,-1,180,144,200,true,4,10,1,1,1,-1,-1,,Chưa dùng,,"[{""Tag"":""BaseAttribute"",""Attributes"":{""Symbol"":""magic_physatkbase"",""Value"":""117""}},{""Tag"":""BaseAttribute"",""Attributes"":{""Symbol"":""magic_magicatkbase"",""Value"":""117""}},{""Tag"":""Attribute"",""Attributes"":{""Symbol"":""magic_strength"",""Rate"":""100""}}]"
18989,Equip,10504001,4,Chưa dùng,Fan1_5,0,552,2,-1,-1,20,-1,540,432,200,true,4,20,1,1,1,-1,-1,,Chưa dùng,,"[{""Tag"":""BaseAttribute"",""Attributes"":{""Symbol"":""magic_physatkbase"",""Value"":""202""}},{""Tag"":""BaseAttribute"",""Attributes"":{""Symbol"":""magic_magicatkbase"",""Value"":""202""}},{""Tag"":""Attribute"",""Attributes"":{""Symbol"":""magic_strength"",""Rate"":""100""}}]"
18990,Equip,10504002,4,Quyển Vô,Fan1_9,0,555,1,74,0,30,-1,1150,920,200,true,4,30,1,1,1,-1,-1,,"Thư quyển tại án nhân hà tại, thanh phong phiêu miễu lưu sa hồn (quyển sách ở bàn người ở đâu, gió mát phiêu diêu cát trôi hồn), vật này dựa đó mà tồn.<color=#00FF00><br>(Cả bộ do Phù Mẫn Nghi của<color=#FFFFFF> <color=#FFFF00>Thiên Sơn<color=#FFFFFF> <color=#00FF00> thiết kế)",,"[{""Tag"":""BaseAttribute"",""Attributes"":{""Symbol"":""magic_physatkbase"",""Value"":""287""}},{""Tag"":""BaseAttribute"",""Attributes"":{""Symbol"":""magic_magicatkbase"",""Value"":""287""}},{""Tag"":""Attribute"",""Attributes"":{""Symbol"":""magic_strength"",""Rate"":""100""}}]"
18991,Equip,10504003,4,Chưa dùng,Fan1_13,0,559,2,-1,-1,40,-1,1780,1424,200,true,4,40,2,2,1,-1,-1,,Chưa dùng,,"[{""Tag"":""BaseAttribute"",""Attributes"":{""Symbol"":""magic_physatkbase"",""Value"":""373""}},{""Tag"":""BaseAttribute"",""Attributes"":{""Symbol"":""magic_magicatkbase"",""Value"":""373""}},{""Tag"":""Attribute"",""Attributes"":{""Symbol"":""magic_strength"",""Rate"":""100""}},{""Tag"":""Attribute"",""Attributes"":{""Symbol"":""magic_dexterity"",""Rate"":""100""}}]"
18992,Equip,10504004,4,Chưa dùng,Fan2_1,0,562,2,-1,-1,50,-1,2700,2160,200,true,4,50,2,2,1,-1,-1,,Chưa dùng,,"[{""Tag"":""BaseAttribute"",""Attributes"":{""Symbol"":""magic_physatkbase"",""Value"":""458""}},{""Tag"":""BaseAttribute"",""Attributes"":{""Symbol"":""magic_magicatkbase"",""Value"":""458""}},{""Tag"":""Attribute"",""Attributes"":{""Symbol"":""magic_strength"",""Rate"":""100""}},{""Tag"":""Attribute"",""Attributes"":{""Symbol"":""magic_dexterity"",""Rate"":""100""}}]"
18993,Equip,10504005,4,Lục Dương,Fan2_6,0,566,1,77,0,60,-1,3850,3080,200,true,4,60,2,2,1,-1,-1,,"Lục Dương chi tuyết dĩ hóa thủy, hoán mị chi tư thành du hồn, vật này do đó có tiếng.<color=#00FF00><br>(Cả bộ do Phù Mẫn Nghi của<color=#FFFFFF> <color=#FFFF00>Thiên Sơn<color=#FFFFFF> <color=#00FF00> thiết kế)<color=#FFFFFF>.",,"[{""Tag"":""BaseAttribute"",""Attributes"":{""Symbol"":""magic_physatkbase"",""Value"":""543""}},{""Tag"":""BaseAttribute"",""Attributes"":{""Symbol"":""magic_magicatkbase"",""Value"":""543""}},{""Tag"":""Attribute"",""Attributes"":{""Symbol"":""magic_strength"",""Rate"":""100""}},{""Tag"":""Attribute"",""Attributes"":{""Symbol"":""magic_dexterity"",""Rate"":""100""}}]"
18994,Equip,10504006,4,Chưa dùng,Fan2_11,0,570,2,-1,-1,70,-1,5570,4456,200,true,4,70,3,3,1,-1,-1,,Chưa dùng,,"[{""Tag"":""BaseAttribute"",""Attributes"":{""Symbol"":""magic_physatkbase"",""Value"":""628""}},{""Tag"":""BaseAttribute"",""Attributes"":{""Symbol"":""magic_magicatkbase"",""Value"":""628""}},{""Tag"":""Attribute"",""Attributes"":{""Symbol"":""magic_physatk"",""Rate"":""100""}},{""Tag"":""Attribute"",""Attributes"":{""Symbol"":""magic_strength"",""Rate"":""100""}},{""Tag"":""Attribute"",""Attributes"":{""Symbol"":""magic_dexterity"",""Rate"":""100""}}]"
18995,Equip,10504007,4,Chưa dùng,Fan2_15,0,577,2,-1,-1,80,-1,7450,5960,200,true,4,80,3,3,1,-1,-1,,Chưa dùng,,"[{""Tag"":""BaseAttribute"",""Attributes"":{""Symbol"":""magic_physatkbase"",""Value"":""713""}},{""Tag"":""BaseAttribute"",""Attributes"":{""Symbol"":""magic_magicatkbase"",""Value"":""713""}},{""Tag"":""Attribute"",""Attributes"":{""Symbol"":""magic_physatk"",""Rate"":""100""}},{""Tag"":""Attribute"",""Attributes"":{""Symbol"":""magic_strength"",""Rate"":""100""}},{""Tag"":""Attribute"",""Attributes"":{""Symbol"":""magic_dexterity"",""Rate"":""100""}}]"
18996,Equip,10504008,4,Tâm Vân,Fan3_5,0,583,1,80,0,90,-1,9950,7960,200,true,4,90,4,4,1,-1,-1,,"Tâm tự du vân phiêu vạn lý, thần hạc minh khấp bạn bội tâm, vật này do đó có tiếng.<color=#00FF00><br>(Cả bộ do Phù Mẫn Nghi của<color=#FFFFFF> <color=#FFFF00>Thiên Sơn<color=#FFFFFF> <color=#00FF00> thiết kế)",,"[{""Tag"":""BaseAttribute"",""Attributes"":{""Symbol"":""magic_physatkbase"",""Value"":""799""}},{""Tag"":""BaseAttribute"",""Attributes"":{""Symbol"":""magic_magicatkbase"",""Value"":""799""}},{""Tag"":""Attribute"",""Attributes"":{""Symbol"":""magic_physatk"",""Rate"":""100""}},{""Tag"":""Attribute"",""Attributes"":{""Symbol"":""magic_critatk"",""Rate"":""100""}},{""Tag"":""Attribute"",""Attributes"":{""Symbol"":""magic_strength"",""Rate"":""100""}},{""Tag"":""Attribute"",""Attributes"":{""Symbol"":""magic_dexterity"",""Rate"":""100""}}]"
18997,Equip,10504009,4,Bích Lạc,Fan3_10,0,588,1,83,0,100,-1,16000,12800,200,true,4,100,4,4,1,-1,-1,,"Bích lạc hoàng tuyền hữu tình thiên, ngân tả u minh vô tình hận, vật này do đó có tiếng.<color=#00FF00><br>(Cả bộ do Phù Mẫn Nghi của<color=#FFFFFF> <color=#FFFF00>Thiên Sơn<color=#FFFFFF> <color=#00FF00> thiết kế)",,"[{""Tag"":""BaseAttribute"",""Attributes"":{""Symbol"":""magic_physatkbase"",""Value"":""884""}},{""Tag"":""BaseAttribute"",""Attributes"":{""Symbol"":""magic_magicatkbase"",""Value"":""884""}},{""Tag"":""Attribute"",""Attributes"":{""Symbol"":""magic_physatk"",""Rate"":""100""}},{""Tag"":""Attribute"",""Attributes"":{""Symbol"":""magic_critatk"",""Rate"":""100""}},{""Tag"":""Attribute"",""Attributes"":{""Symbol"":""magic_strength"",""Rate"":""100""}},{""Tag"":""Attribute"",""Attributes"":{""Symbol"":""magic_dexterity"",""Rate"":""100""}}]"
18998,Equip,10504010,4,Chưa dùng,Fan1_2,0,547,2,-1,-1,10,-1,180,144,200,true,4,10,1,1,1,-1,-1,,Chưa dùng,,"[{""Tag"":""BaseAttribute"",""Attributes"":{""Symbol"":""magic_physatkbase"",""Value"":""117""}},{""Tag"":""BaseAttribute"",""Attributes"":{""Symbol"":""magic_magicatkbase"",""Value"":""117""}},{""Tag"":""Attribute"",""Attributes"":{""Symbol"":""magic_energy"",""Rate"":""100""}}]"
18999,Equip,10504011,4,Chưa dùng,Fan1_5,0,552,2,-1,-1,20,-1,540,432,200,true,4,20,1,1,1,-1,-1,,Chưa dùng,,"[{""Tag"":""BaseAttribute"",""Attributes"":{""Symbol"":""magic_physatkbase"",""Value"":""202""}},{""Tag"":""BaseAttribute"",""Attributes"":{""Symbol"":""magic_magicatkbase"",""Value"":""202""}},{""Tag"":""Attribute"",""Attributes"":{""Symbol"":""magic_energy"",""Rate"":""100""}}]"
19000,Equip,10504012,4,Thương Trúc,Fan1_9,0,555,1,86,0,30,-1,1150,920,200,true,4,30,1,1,1,-1,-1,,"Thương Trúc vạn mủ bích mặc tâm, thúy lân luyện giáp hạ khiên trần, vật này do đó có tiếng.<color=#00FF00><br>(Cả bộ do Thạch Thanh Lộ của<color=#FFFFFF> <color=#FFFF00>Tiêu Dao<color=#FFFFFF> <color=#00FF00> thiết kế)",,"[{""Tag"":""BaseAttribute"",""Attributes"":{""Symbol"":""magic_physatkbase"",""Value"":""287""}},{""Tag"":""BaseAttribute"",""Attributes"":{""Symbol"":""magic_magicatkbase"",""Value"":""287""}},{""Tag"":""Attribute"",""Attributes"":{""Symbol"":""magic_energy"",""Rate"":""100""}}]"
19001,Equip,10504013,4,Chưa dùng,Fan1_13,0,559,2,-1,-1,40,-1,1780,1424,200,true,4,40,2,2,1,-1,-1,,Chưa dùng,,"[{""Tag"":""BaseAttribute"",""Attributes"":{""Symbol"":""magic_physatkbase"",""Value"":""373""}},{""Tag"":""BaseAttribute"",""Attributes"":{""Symbol"":""magic_magicatkbase"",""Value"":""373""}},{""Tag"":""Attribute"",""Attributes"":{""Symbol"":""magic_energy"",""Rate"":""100""}},{""Tag"":""Attribute"",""Attributes"":{""Symbol"":""magic_intelligence"",""Rate"":""100""}}]"
19002,Equip,10504014,4,Chưa dùng,Fan2_1,0,562,2,-1,-1,50,-1,2700,2160,200,true,4,50,2,2,1,-1,-1,,Chưa dùng,,"[{""Tag"":""BaseAttribute"",""Attributes"":{""Symbol"":""magic_physatkbase"",""Value"":""458""}},{""Tag"":""BaseAttribute"",""Attributes"":{""Symbol"":""magic_magicatkbase"",""Value"":""458""}},{""Tag"":""Attribute"",""Attributes"":{""Symbol"":""magic_energy"",""Rate"":""100""}},{""Tag"":""Attribute"",""Attributes"":{""Symbol"":""magic_intelligence"",""Rate"":""100""}}]"
19003,Equip,10504015,4,Lạc Anh,Fan2_5,0,566,1,89,0,60,-1,3850,3080,200,true,4,60,2,2,1,-1,-1,,"Lạc anh phân phân ai oán thâm, kim long tạ lân độ hoa niên, vật này do đó có tiếng.<color=#00FF00><br>(Cả bộ do Thạch Thanh Lộ của <color=#FFFFFF><color=#FFFF00>Tiêu Dao<color=#FFFFFF> <color=#00FF00> thiết kế)",,"[{""Tag"":""BaseAttribute"",""Attributes"":{""Symbol"":""magic_physatkbase"",""Value"":""543""}},{""Tag"":""BaseAttribute"",""Attributes"":{""Symbol"":""magic_magicatkbase"",""Value"":""543""}},{""Tag"":""Attribute"",""Attributes"":{""Symbol"":""magic_energy"",""Rate"":""100""}},{""Tag"":""Attribute"",""Attributes"":{""Symbol"":""magic_intelligence"",""Rate"":""100""}}]"
19004,Equip,10504016,4,Chưa dùng,Fan2_10,0,570,2,-1,-1,70,-1,5570,4456,200,true,4,70,3,3,1,-1,-1,,Chưa dùng,,"[{""Tag"":""BaseAttribute"",""Attributes"":{""Symbol"":""magic_physatkbase"",""Value"":""628""}},{""Tag"":""BaseAttribute"",""Attributes"":{""Symbol"":""magic_magicatkbase"",""Value"":""628""}},{""Tag"":""Attribute"",""Attributes"":{""Symbol"":""magic_magicatk"",""Rate"":""100""}},{""Tag"":""Attribute"",""Attributes"":{""Symbol"":""magic_energy"",""Rate"":""100""}},{""Tag"":""Attribute"",""Attributes"":{""Symbol"":""magic_intelligence"",""Rate"":""100""}}]"
19005,Equip,10504017,4,Chưa dùng,Fan2_14,0,577,2,-1,-1,80,-1,7450,5960,200,true,4,80,3,3,1,-1,-1,,Chưa dùng,,"[{""Tag"":""BaseAttribute"",""Attributes"":{""Symbol"":""magic_physatkbase"",""Value"":""713""}},{""Tag"":""BaseAttribute"",""Attributes"":{""Symbol"":""magic_magicatkbase"",""Value"":""713""}},{""Tag"":""Attribute"",""Attributes"":{""Symbol"":""magic_magicatk"",""Rate"":""100""}},{""Tag"":""Attribute"",""Attributes"":{""Symbol"":""magic_energy"",""Rate"":""100""}},{""Tag"":""Attribute"",""Attributes"":{""Symbol"":""magic_intelligence"",""Rate"":""100""}}]"
19006,Equip,10504018,4,Lăng Yên,Fan3_4,0,583,1,92,0,90,-1,9950,7960,200,true,4,90,4,4,1,-1,-1,,"Khinh linh phiêu miễu thủy vân gian, thanh yên liêu nhiễu như tiên, vật này dựa đó có tiếng.<color=#00FF00><br>(Cả bộ do Thạch Thanh Lộ của <color=#FFFFFF><color=#FFFF00>Tiêu Dao<color=#FFFFFF> <color=#00FF00> thiết kế)",,"[{""Tag"":""BaseAttribute"",""Attributes"":{""Symbol"":""magic_physatkbase"",""Value"":""799""}},{""Tag"":""BaseAttribute"",""Attributes"":{""Symbol"":""magic_magicatkbase"",""Value"":""799""}},{""Tag"":""Attribute"",""Attributes"":{""Symbol"":""magic_magicatk"",""Rate"":""100""}},{""Tag"":""Attribute"",""Attributes"":{""Symbol"":""magic_critatk"",""Rate"":""100""}},{""Tag"":""Attribute"",""Attributes"":{""Symbol"":""magic_energy"",""Rate"":""100""}},{""Tag"":""Attribute"",""Attributes"":{""Symbol"":""magic_intelligence"",""Rate"":""100""}}]"
19007,Equip,10504019,4,Hành Vân,Fan3_9,0,588,1,95,0,100,-1,16000,12800,200,true,4,100,4,4,1,-1,-1,,"Hành vân trúc nguyệt nguyên hữu tình, đạn ngộ vô tri bạc tình lang, Hành Vân, lấy đó làm danh.<color=#00FF00><br>(Cả bộ do Thạch Thanh Lộ của<color=#FFFFFF> <color=#FFFF00>Tiêu Dao<color=#FFFFFF> <color=#00FF00> thiết kế)",,"[{""Tag"":""BaseAttribute"",""Attributes"":{""Symbol"":""magic_physatkbase"",""Value"":""884""}},{""Tag"":""BaseAttribute"",""Attributes"":{""Symbol"":""magic_magicatkbase"",""Value"":""884""}},{""Tag"":""Attribute"",""Attributes"":{""Symbol"":""magic_magicatk"",""Rate"":""100""}},{""Tag"":""Attribute"",""Attributes"":{""Symbol"":""magic_critatk"",""Rate"":""100""}},{""Tag"":""Attribute"",""Attributes"":{""Symbol"":""magic_energy"",""Rate"":""100""}},{""Tag"":""Attribute"",""Attributes"":{""Symbol"":""magic_intelligence"",""Rate"":""100""}}]"
19008,Equip,10505000,5,Chưa dùng,Annulus1_3,0,503,2,-1,-1,10,-1,180,144,200,true,4,10,1,1,1,-1,-1,,Chưa dùng,,"[{""Tag"":""BaseAttribute"",""Attributes"":{""Symbol"":""magic_physatkbase"",""Value"":""117""}},{""Tag"":""BaseAttribute"",""Attributes"":{""Symbol"":""magic_magicatkbase"",""Value"":""117""}},{""Tag"":""Attribute"",""Attributes"":{""Symbol"":""magic_dexterity"",""Rate"":""100""}}]"
19009,Equip,10505001,5,Chưa dùng,Annulus1_5,0,506,2,-1,-1,20,-1,540,432,200,true,4,20,1,1,1,-1,-1,,Chưa dùng,,"[{""Tag"":""BaseAttribute"",""Attributes"":{""Symbol"":""magic_physatkbase"",""Value"":""202""}},{""Tag"":""BaseAttribute"",""Attributes"":{""Symbol"":""magic_magicatkbase"",""Value"":""202""}},{""Tag"":""Attribute"",""Attributes"":{""Symbol"":""magic_dexterity"",""Rate"":""100""}}]"
19010,Equip,10505002,5,Trung Xung,Annulus1_10,0,511,1,98,0,30,-1,1150,920,200,true,4,30,1,1,1,-1,-1,,"Trung Xung, một trong Lục Mạch Thần Kiếm, khí chạy Trung Xung, kích hoạt thân pháp linh hoạt nhẹ nhàng của Đệ tử Thiên Long, vật này lấy đó làm danh.<color=#00FF00><br>(Cả bộ do Tề Quy Điệp của<color=#FFFFFF> <color=#FFFF00>Thiên Long<color=#FFFFFF> <color=#00FF00> thiết kế)",,"[{""Tag"":""BaseAttribute"",""Attributes"":{""Symbol"":""magic_physatkbase"",""Value"":""287""}},{""Tag"":""BaseAttribute"",""Attributes"":{""Symbol"":""magic_magicatkbase"",""Value"":""287""}},{""Tag"":""Attribute"",""Attributes"":{""Symbol"":""magic_dexterity"",""Rate"":""100""}}]"
19011,Equip,10505003,5,Chưa dùng,Annulus1_16,0,515,2,-1,-1,40,-1,1780,1424,200,true,4,40,2,2,1,-1,-1,,Chưa dùng,,"[{""Tag"":""BaseAttribute"",""Attributes"":{""Symbol"":""magic_physatkbase"",""Value"":""373""}},{""Tag"":""BaseAttribute"",""Attributes"":{""Symbol"":""magic_magicatkbase"",""Value"":""373""}},{""Tag"":""Attribute"",""Attributes"":{""Symbol"":""magic_stamina"",""Rate"":""100""}},{""Tag"":""Attribute"",""Attributes"":{""Symbol"":""magic_dexterity"",""Rate"":""100""}}]"
19012,Equip,10505004,5,Chưa dùng,Annulus2_3,0,520,2,-1,-1,50,-1,2700,2160,200,true,4,50,2,2,1,-1,-1,,Chưa dùng,,"[{""Tag"":""BaseAttribute"",""Attributes"":{""Symbol"":""magic_physatkbase"",""Value"":""458""}},{""Tag"":""BaseAttribute"",""Attributes"":{""Symbol"":""magic_magicatkbase"",""Value"":""458""}},{""Tag"":""Attribute"",""Attributes"":{""Symbol"":""magic_stamina"",""Rate"":""100""}},{""Tag"":""Attribute"",""Attributes"":{""Symbol"":""magic_dexterity"",""Rate"":""100""}}]"
19013,Equip,10505005,5,Thương Dương,Annulus2_7,0,524,1,101,0,60,-1,3850,3080,200,true,4,60,2,2,1,-1,-1,,"Thương Dương, một trong Lục Mạch Thần Kiếm, khí chạy Thương Dương, sau khi đánh trúng đối phương khiến khí huyết nghịch hành, vật này từ đó có tiếng.<color=#00FF00><br>(Cả bộ do Tề Quy Điệp của <color=#FFFFFF><color=#FFFF00>Thiên Long <color=#FFFFFF><color=#00FF00> thiết kế)",,"[{""Tag"":""BaseAttribute"",""Attributes"":{""Symbol"":""magic_physatkbase"",""Value"":""543""}},{""Tag"":""BaseAttribute"",""Attributes"":{""Symbol"":""magic_magicatkbase"",""Value"":""543""}},{""Tag"":""Attribute"",""Attributes"":{""Symbol"":""magic_stamina"",""Rate"":""100""}},{""Tag"":""Attribute"",""Attributes"":{""Symbol"":""magic_dexterity"",""Rate"":""100""}}]"
19014,Equip,10505006,5,Chưa dùng,Annulus2_11,0,528,2,-1,-1,70,-1,5570,4456,200,true,4,70,3,3,1,-1,-1,,Chưa dùng,,"[{""Tag"":""BaseAttribute"",""Attributes"":{""Symbol"":""magic_physatkbase"",""Value"":""628""}},{""Tag"":""BaseAttribute"",""Attributes"":{""Symbol"":""magic_magicatkbase"",""Value"":""628""}},{""Tag"":""Attribute"",""Attributes"":{""Symbol"":""magic_hit"",""Rate"":""100""}},{""Tag"":""Attribute"",""Attributes"":{""Symbol"":""magic_stamina"",""Rate"":""100""}},{""Tag"":""Attribute"",""Attributes"":{""Symbol"":""magic_dexterity"",""Rate"":""100""}}]"
19015,Equip,10505007,5,Chưa dùng,Annulus3_1,0,532,2,-1,-1,80,-1,7450,5960,200,true,4,80,3,3,1,-1,-1,,Chưa dùng,,"[{""Tag"":""BaseAttribute"",""Attributes"":{""Symbol"":""magic_physatkbase"",""Value"":""713""}},{""Tag"":""BaseAttribute"",""Attributes"":{""Symbol"":""magic_magicatkbase"",""Value"":""713""}},{""Tag"":""Attribute"",""Attributes"":{""Symbol"":""magic_hit"",""Rate"":""100""}},{""Tag"":""Attribute"",""Attributes"":{""Symbol"":""magic_stamina"",""Rate"":""100""}},{""Tag"":""Attribute"",""Attributes"":{""Symbol"":""magic_dexterity"",""Rate"":""100""}}]"
19016,Equip,10505008,5,Thiên Nam,Annulus3_6,0,539,1,104,0,90,-1,9950,7960,200,true,4,90,4,4,1,-1,-1,,"Thiên nam địa bắc giai đạp biên, anh hùng hào kiệt tri ngã tâm, vật này do đó có tiếng.<color=#00FF00><br>(Cả bộ do Tề Quy Điệp của<color=#FFFFFF> <color=#FFFF00>Thiên Long<color=#FFFFFF> <color=#00FF00> thiết kế)",,"[{""Tag"":""BaseAttribute"",""Attributes"":{""Symbol"":""magic_physatkbase"",""Value"":""799""}},{""Tag"":""BaseAttribute"",""Attributes"":{""Symbol"":""magic_magicatkbase"",""Value"":""799""}},{""Tag"":""Attribute"",""Attributes"":{""Symbol"":""magic_hit"",""Rate"":""100""}},{""Tag"":""Attribute"",""Attributes"":{""Symbol"":""magic_critatk"",""Rate"":""100""}},{""Tag"":""Attribute"",""Attributes"":{""Symbol"":""magic_stamina"",""Rate"":""100""}},{""Tag"":""Attribute"",""Attributes"":{""Symbol"":""magic_dexterity"",""Rate"":""100""}}]"
19017,Equip,10505009,5,Thương Ngọc,Annulus3_11,0,544,1,107,0,100,-1,16000,12800,200,true,4,100,4,4,1,-1,-1,,"Thương lâm thanh ngọc số thiên niên, long lạc kim lân dĩ vạn tải, vật này từ đó có tiếng.<color=#00FF00><br>(Cả bộ do Tề Quy Điệp của<color=#FFFFFF> <color=#FFFF00>Thiên Long<color=#FFFFFF> <color=#00FF00> thiết kế)",,"[{""Tag"":""BaseAttribute"",""Attributes"":{""Symbol"":""magic_physatkbase"",""Value"":""884""}},{""Tag"":""BaseAttribute"",""Attributes"":{""Symbol"":""magic_magicatkbase"",""Value"":""884""}},{""Tag"":""Attribute"",""Attributes"":{""Symbol"":""magic_hit"",""Rate"":""100""}},{""Tag"":""Attribute"",""Attributes"":{""Symbol"":""magic_critatk"",""Rate"":""100""}},{""Tag"":""Attribute"",""Attributes"":{""Symbol"":""magic_stamina"",""Rate"":""100""}},{""Tag"":""Attribute"",""Attributes"":{""Symbol"":""magic_dexterity"",""Rate"":""100""}}]"
19018,Equip,10506000,6,Chưa dùng,Sword1_3,0,987,2,-1,-1,10,-1,180,144,200,true,4,10,1,1,1,-1,-1,,Chưa dùng,,"[{""Tag"":""BaseAttribute"",""Attributes"":{""Symbol"":""magic_physatkbase"",""Value"":""117""}},{""Tag"":""BaseAttribute"",""Attributes"":{""Symbol"":""magic_magicatkbase"",""Value"":""117""}},{""Tag"":""Attribute"",""Attributes"":{""Symbol"":""magic_energy"",""Rate"":""100""}}]"
19019,Equip,10506001,6,Chưa dùng,Sword1_7,0,987,2,-1,-1,20,-1,540,432,200,true,4,20,1,1,1,-1,-1,,Chưa dùng,,"[{""Tag"":""BaseAttribute"",""Attributes"":{""Symbol"":""magic_physatkbase"",""Value"":""202""}},{""Tag"":""BaseAttribute"",""Attributes"":{""Symbol"":""magic_magicatkbase"",""Value"":""202""}},{""Tag"":""Attribute"",""Attributes"":{""Symbol"":""magic_energy"",""Rate"":""100""}}]"
19020,Equip,10506002,6,Phi Hoa,Bow3_14,0,1033,1,196,0,30,-1,1150,920,200,true,4,30,1,1,1,-1,-1,,"Phi hoa tiễn tuyết, tàn hương hoàn nguyệt. Thanh phong nhất tiếu, thu thạch tựa giác. Vật sống nhờ Phi Hoa.<color=#00FF00><br>(Cả bộ do Đường Nhạc Xung của <color=#FFFF00>Đường Môn<color=#00FF00> thiết kế)",,"[{""Tag"":""BaseAttribute"",""Attributes"":{""Symbol"":""magic_physatkbase"",""Value"":""287""}},{""Tag"":""BaseAttribute"",""Attributes"":{""Symbol"":""magic_magicatkbase"",""Value"":""287""}},{""Tag"":""Attribute"",""Attributes"":{""Symbol"":""magic_dexterity"",""Rate"":""100""}}]"
19021,Equip,10506003,6,Chưa dùng,Bow3_15,0,987,2,-1,-1,40,-1,1780,1424,200,true,4,40,2,2,1,-1,-1,,Chưa dùng,,"[{""Tag"":""BaseAttribute"",""Attributes"":{""Symbol"":""magic_physatkbase"",""Value"":""373""}},{""Tag"":""BaseAttribute"",""Attributes"":{""Symbol"":""magic_magicatkbase"",""Value"":""373""}},{""Tag"":""Attribute"",""Attributes"":{""Symbol"":""magic_energy"",""Rate"":""100""}},{""Tag"":""Attribute"",""Attributes"":{""Symbol"":""magic_stamina"",""Rate"":""100""}}]"
19022,Equip,10506004,6,Chưa dùng,Bow3_15,0,987,2,-1,-1,50,-1,2700,2160,200,true,4,50,2,2,1,-1,-1,,Chưa dùng,,"[{""Tag"":""BaseAttribute"",""Attributes"":{""Symbol"":""magic_physatkbase"",""Value"":""458""}},{""Tag"":""BaseAttribute"",""Attributes"":{""Symbol"":""magic_magicatkbase"",""Value"":""458""}},{""Tag"":""Attribute"",""Attributes"":{""Symbol"":""magic_energy"",""Rate"":""100""}},{""Tag"":""Attribute"",""Attributes"":{""Symbol"":""magic_stamina"",""Rate"":""100""}}]"
19023,Equip,10506005,6,Thiêm Tinh,Bow3_16,0,1035,1,199,0,60,-1,3850,3080,200,true,4,60,2,2,1,-1,-1,,"Phù dao chức vũ, đạp nguyệt trích tinh. Vân du tứ hải, y mãn thần thanh. Vật sống nhờ sao.<color=#00FF00><br>(Cả bộ do Đường Nhạc Xung của <color=#FFFF00>Đường Môn<color=#00FF00> thiết kế)",,"[{""Tag"":""BaseAttribute"",""Attributes"":{""Symbol"":""magic_physatkbase"",""Value"":""543""}},{""Tag"":""BaseAttribute"",""Attributes"":{""Symbol"":""magic_magicatkbase"",""Value"":""543""}},{""Tag"":""Attribute"",""Attributes"":{""Symbol"":""magic_stamina"",""Rate"":""100""}},{""Tag"":""Attribute"",""Attributes"":{""Symbol"":""magic_dexterity"",""Rate"":""100""}}]"
19024,Equip,10506006,6,Chưa dùng,Bow4_1,0,987,2,-1,-1,70,-1,5570,4456,200,true,4,70,3,3,1,-1,-1,,Chưa dùng,,"[{""Tag"":""BaseAttribute"",""Attributes"":{""Symbol"":""magic_physatkbase"",""Value"":""628""}},{""Tag"":""BaseAttribute"",""Attributes"":{""Symbol"":""magic_magicatkbase"",""Value"":""628""}},{""Tag"":""Attribute"",""Attributes"":{""Symbol"":""magic_magicatk"",""Rate"":""100""}},{""Tag"":""Attribute"",""Attributes"":{""Symbol"":""magic_energy"",""Rate"":""100""}},{""Tag"":""Attribute"",""Attributes"":{""Symbol"":""magic_stamina"",""Rate"":""100""}}]"
19025,Equip,10506007,6,Chưa dùng,Bow4_1,0,987,2,-1,-1,80,-1,7450,5960,200,true,4,80,3,3,1,-1,-1,,Chưa dùng,,"[{""Tag"":""BaseAttribute"",""Attributes"":{""Symbol"":""magic_physatkbase"",""Value"":""713""}},{""Tag"":""BaseAttribute"",""Attributes"":{""Symbol"":""magic_magicatkbase"",""Value"":""713""}},{""Tag"":""Attribute"",""Attributes"":{""Symbol"":""magic_magicatk"",""Rate"":""100""}},{""Tag"":""Attribute"",""Attributes"":{""Symbol"":""magic_energy"",""Rate"":""100""}},{""Tag"":""Attribute"",""Attributes"":{""Symbol"":""magic_stamina"",""Rate"":""100""}}]"
19026,Equip,10506008,6,Huyền Kình,Bow4_1,0,1036,1,202,0,90,-1,9950,7960,200,true,4,90,4,4,1,-1,-1,,"Huyền hoàng đoạn thể, vạn pháp bất xâm. Vân hạc hiến vũ, lực thấu thiên quân. Vật sống nhờ kim cương.<color=#00FF00><br>(Cả bộ do Đường Nhạc Xung của <color=#FFFF00>Đường Môn<color=#00FF00> thiết kế)",,"[{""Tag"":""BaseAttribute"",""Attributes"":{""Symbol"":""magic_physatkbase"",""Value"":""799""}},{""Tag"":""BaseAttribute"",""Attributes"":{""Symbol"":""magic_magicatkbase"",""Value"":""799""}},{""Tag"":""Attribute"",""Attributes"":{""Symbol"":""magic_magicatk"",""Rate"":""100""}},{""Tag"":""Attribute"",""Attributes"":{""Symbol"":""magic_hit"",""Rate"":""100""}},{""Tag"":""Attribute"",""Attributes"":{""Symbol"":""magic_stamina"",""Rate"":""100""}},{""Tag"":""Attribute"",""Attributes"":{""Symbol"":""magic_dexterity"",""Rate"":""100""}}]"
19027,Equip,10506009,6,Sóc Quang,Bow3_15,0,1034,1,205,0,100,-1,16000,12800,200,true,4,100,4,4,1,-1,-1,,"Lạc lạc hoa quang, xung vân nhi thượng. Minh diệu lục hợp, cử thế vô song. Vật sống nhờ ánh sáng.<color=#00FF00><br>(Cả bộ do Đường Nhạc Xung của <color=#FFFF00>Đường Môn<color=#00FF00> thiết kế)",,"[{""Tag"":""BaseAttribute"",""Attributes"":{""Symbol"":""magic_physatkbase"",""Value"":""884""}},{""Tag"":""BaseAttribute"",""Attributes"":{""Symbol"":""magic_magicatkbase"",""Value"":""884""}},{""Tag"":""Attribute"",""Attributes"":{""Symbol"":""magic_maxhp"",""Rate"":""100""}},{""Tag"":""Attribute"",""Attributes"":{""Symbol"":""magic_magicatk"",""Rate"":""100""}},{""Tag"":""Attribute"",""Attributes"":{""Symbol"":""magic_stamina"",""Rate"":""100""}},{""Tag"":""Attribute"",""Attributes"":{""Symbol"":""magic_dexterity"",""Rate"":""100""}}]"
19028,Equip,10507000,7,Chưa dùng,Staff4_1,0,1250,2,-1,-1,10,-1,180,144,200,true,4,10,1,1,1,-1,-1,,Chưa dùng,,"[{""Tag"":""BaseAttribute"",""Attributes"":{""Symbol"":""magic_physatkbase"",""Value"":""117""}},{""Tag"":""BaseAttribute"",""Attributes"":{""Symbol"":""magic_magicatkbase"",""Value"":""117""}},{""Tag"":""Attribute"",""Attributes"":{""Symbol"":""magic_energy"",""Rate"":""100""}}]"
19029,Equip,10507001,7,Chưa dùng,Staff4_1,0,1250,2,-1,-1,20,-1,540,432,200,true,4,20,1,1,1,-1,-1,,Chưa dùng,,"[{""Tag"":""BaseAttribute"",""Attributes"":{""Symbol"":""magic_physatkbase"",""Value"":""202""}},{""Tag"":""BaseAttribute"",""Attributes"":{""Symbol"":""magic_magicatkbase"",""Value"":""202""}},{""Tag"":""Attribute"",""Attributes"":{""Symbol"":""magic_energy"",""Rate"":""100""}}]"
19030,Equip,10507002,7,Trúc,Staff4_1,0,1291,1,210,0,30,-1,1150,920,200,true,4,30,1,1,1,-1,-1,,"Lâm trì tự ngọc, lộ tĩnh yên lục. Trinh tiết bất cải, quân tử tự cứ. Thử vật y trúc nhi sinh.<color=#00FF00><br>(Cả bộ do Lý Kế Long của <color=#FFFF00>Quỷ Cốc<color=#00FF00> thiết kế)",,"[{""Tag"":""BaseAttribute"",""Attributes"":{""Symbol"":""magic_physatkbase"",""Value"":""287""}},{""Tag"":""BaseAttribute"",""Attributes"":{""Symbol"":""magic_magicatkbase"",""Value"":""287""}},{""Tag"":""Attribute"",""Attributes"":{""Symbol"":""magic_dexterity"",""Rate"":""100""}}]"
19031,Equip,10507003,7,Chưa dùng,Staff4_1,0,1250,2,-1,-1,40,-1,1780,1424,200,true,4,40,2,2,1,-1,-1,,Chưa dùng,,"[{""Tag"":""BaseAttribute"",""Attributes"":{""Symbol"":""magic_physatkbase"",""Value"":""373""}},{""Tag"":""BaseAttribute"",""Attributes"":{""Symbol"":""magic_magicatkbase"",""Value"":""373""}},{""Tag"":""Attribute"",""Attributes"":{""Symbol"":""magic_energy"",""Rate"":""100""}},{""Tag"":""Attribute"",""Attributes"":{""Symbol"":""magic_stamina"",""Rate"":""100""}}]"
19032,Equip,10507004,7,Chưa dùng,Staff4_1,0,1250,2,-1,-1,50,-1,2700,2160,200,true,4,50,2,2,1,-1,-1,,Chưa dùng,,"[{""Tag"":""BaseAttribute"",""Attributes"":{""Symbol"":""magic_physatkbase"",""Value"":""458""}},{""Tag"":""BaseAttribute"",""Attributes"":{""Symbol"":""magic_magicatkbase"",""Value"":""458""}},{""Tag"":""Attribute"",""Attributes"":{""Symbol"":""magic_energy"",""Rate"":""100""}},{""Tag"":""Attribute"",""Attributes"":{""Symbol"":""magic_stamina"",""Rate"":""100""}}]"
19033,Equip,10507005,7,Tịch Nhan,Staff4_2,0,1292,1,213,0,60,-1,3850,3080,200,true,4,60,2,2,1,-1,-1,,"Nhất mộng sơ sinh, nhất mộng phù hoa. Nhất mộng ai lạc, nhất mộng trần sa. Thử vật y tịch nhan nhi sinh<color=#00FF00><br>(Cả bộ do Lý Kế Long của <color=#FFFF00>Quỷ Cốc<color=#00FF00> thiết kế)",,"[{""Tag"":""BaseAttribute"",""Attributes"":{""Symbol"":""magic_physatkbase"",""Value"":""543""}},{""Tag"":""BaseAttribute"",""Attributes"":{""Symbol"":""magic_magicatkbase"",""Value"":""543""}},{""Tag"":""Attribute"",""Attributes"":{""Symbol"":""magic_stamina"",""Rate"":""100""}},{""Tag"":""Attribute"",""Attributes"":{""Symbol"":""magic_dexterity"",""Rate"":""100""}}]"
19034,Equip,10507006,7,Chưa dùng,Staff4_2,0,1250,2,-1,-1,70,-1,5570,4456,200,true,4,70,3,3,1,-1,-1,,Chưa dùng,,"[{""Tag"":""BaseAttribute"",""Attributes"":{""Symbol"":""magic_physatkbase"",""Value"":""628""}},{""Tag"":""BaseAttribute"",""Attributes"":{""Symbol"":""magic_magicatkbase"",""Value"":""628""}},{""Tag"":""Attribute"",""Attributes"":{""Symbol"":""magic_magicatk"",""Rate"":""100""}},{""Tag"":""Attribute"",""Attributes"":{""Symbol"":""magic_energy"",""Rate"":""100""}},{""Tag"":""Attribute"",""Attributes"":{""Symbol"":""magic_stamina"",""Rate"":""100""}}]"
19035,Equip,10507007,7,Chưa dùng,Staff4_2,0,1250,2,-1,-1,80,-1,7450,5960,200,true,4,80,3,3,1,-1,-1,,Chưa dùng,,"[{""Tag"":""BaseAttribute"",""Attributes"":{""Symbol"":""magic_physatkbase"",""Value"":""713""}},{""Tag"":""BaseAttribute"",""Attributes"":{""Symbol"":""magic_magicatkbase"",""Value"":""713""}},{""Tag"":""Attribute"",""Attributes"":{""Symbol"":""magic_magicatk"",""Rate"":""100""}},{""Tag"":""Attribute"",""Attributes"":{""Symbol"":""magic_energy"",""Rate"":""100""}},{""Tag"":""Attribute"",""Attributes"":{""Symbol"":""magic_stamina"",""Rate"":""100""}}]"
19036,Equip,10507008,7,Cẩm Thu Hà Phương,Staff4_3,0,1293,1,216,0,90,-1,9950,7960,200,true,4,90,4,4,1,-1,-1,,"Thu phong bất tận, ly nhân hồn tiêu. Lệ lạc tàn hà, tương tư chiêu chiêu. Vật tạo ra vào tối mùa thu.<color=#00FF00><br>(Cả bộ do Lý Kế Long của <color=#FFFF00>Quỷ Cốc<color=#00FF00> thiết kế)",,"[{""Tag"":""BaseAttribute"",""Attributes"":{""Symbol"":""magic_physatkbase"",""Value"":""799""}},{""Tag"":""BaseAttribute"",""Attributes"":{""Symbol"":""magic_magicatkbase"",""Value"":""799""}},{""Tag"":""Attribute"",""Attributes"":{""Symbol"":""magic_magicatk"",""Rate"":""100""}},{""Tag"":""Attribute"",""Attributes"":{""Symbol"":""magic_hit"",""Rate"":""100""}},{""Tag"":""Attribute"",""Attributes"":{""Symbol"":""magic_stamina"",""Rate"":""100""}},{""Tag"":""Attribute"",""Attributes"":{""Symbol"":""magic_dexterity"",""Rate"":""100""}}]"
19037,Equip,10507009,7,Tử Vi Huyền Quang,Staff4_4,0,1290,1,219,0,100,-1,16000,12800,200,true,4,100,4,4,1,-1,-1,,"Ánh sáng tím tỏa nhẹ, ngạo thi vô song. Vật tạo ra theo tử vi tinh thần.<color=#00FF00><br>(Cả bộ do Lý Kế Long của <color=#FFFF00>Quỷ Cốc<color=#00FF00> thiết kế)",,"[{""Tag"":""BaseAttribute"",""Attributes"":{""Symbol"":""magic_physatkbase"",""Value"":""884""}},{""Tag"":""BaseAttribute"",""Attributes"":{""Symbol"":""magic_magicatkbase"",""Value"":""884""}},{""Tag"":""Attribute"",""Attributes"":{""Symbol"":""magic_maxhp"",""Rate"":""100""}},{""Tag"":""Attribute"",""Attributes"":{""Symbol"":""magic_magicatk"",""Rate"":""100""}},{""Tag"":""Attribute"",""Attributes"":{""Symbol"":""magic_stamina"",""Rate"":""100""}},{""Tag"":""Attribute"",""Attributes"":{""Symbol"":""magic_dexterity"",""Rate"":""100""}}]"
19038,Equip,10508000,8,Chưa dùng,Flute1_9,0,1655,2,-1,-1,10,-1,180,144,200,true,4,10,1,1,1,-1,-1,,Chưa dùng,,"[{""Tag"":""BaseAttribute"",""Attributes"":{""Symbol"":""magic_physatkbase"",""Value"":""117""}},{""Tag"":""BaseAttribute"",""Attributes"":{""Symbol"":""magic_magicatkbase"",""Value"":""117""}},{""Tag"":""Attribute"",""Attributes"":{""Symbol"":""magic_strength"",""Rate"":""100""}}]"
19039,Equip,10508001,8,Chưa dùng,Flute1_9,0,1655,2,-1,-1,20,-1,540,432,200,true,4,20,1,1,1,-1,-1,,Chưa dùng,,"[{""Tag"":""BaseAttribute"",""Attributes"":{""Symbol"":""magic_physatkbase"",""Value"":""202""}},{""Tag"":""BaseAttribute"",""Attributes"":{""Symbol"":""magic_magicatkbase"",""Value"":""202""}},{""Tag"":""Attribute"",""Attributes"":{""Symbol"":""magic_strength"",""Rate"":""100""}}]"
19040,Equip,10508002,8,Hán Quảng,Flute4_8,0,1625,1,223,0,30,-1,1150,920,200,true,4,30,1,1,1,-1,-1,,"Hán chi quảng hĩ, bất khả vịnh tư. Giang chi vĩnh hĩ, bất khả phương tư. Vật này sinh gần hồ. <color=#00FF00><br>(Cả bộ do Yến Phản của <color=#FFFF00>Đào Hoa Đảo<color=#00FF00> thiết kế)",,"[{""Tag"":""BaseAttribute"",""Attributes"":{""Symbol"":""magic_physatkbase"",""Value"":""287""}},{""Tag"":""BaseAttribute"",""Attributes"":{""Symbol"":""magic_magicatkbase"",""Value"":""287""}},{""Tag"":""Attribute"",""Attributes"":{""Symbol"":""magic_dexterity"",""Rate"":""100""}}]"
19041,Equip,10508003,8,Chưa dùng,Flute1_9,0,1655,2,-1,-1,40,-1,1780,1424,200,true,4,40,2,2,1,-1,-1,,Chưa dùng,,"[{""Tag"":""BaseAttribute"",""Attributes"":{""Symbol"":""magic_physatkbase"",""Value"":""373""}},{""Tag"":""BaseAttribute"",""Attributes"":{""Symbol"":""magic_magicatkbase"",""Value"":""373""}},{""Tag"":""Attribute"",""Attributes"":{""Symbol"":""magic_strength"",""Rate"":""100""}},{""Tag"":""Attribute"",""Attributes"":{""Symbol"":""magic_stamina"",""Rate"":""100""}}]"
19042,Equip,10508004,8,Chưa dùng,Flute1_9,0,1655,2,-1,-1,50,-1,2700,2160,200,true,4,50,2,2,1,-1,-1,,Chưa dùng,,"[{""Tag"":""BaseAttribute"",""Attributes"":{""Symbol"":""magic_physatkbase"",""Value"":""458""}},{""Tag"":""BaseAttribute"",""Attributes"":{""Symbol"":""magic_magicatkbase"",""Value"":""458""}},{""Tag"":""Attribute"",""Attributes"":{""Symbol"":""magic_strength"",""Rate"":""100""}},{""Tag"":""Attribute"",""Attributes"":{""Symbol"":""magic_stamina"",""Rate"":""100""}}]"
19043,Equip,10508005,8,Hành Lộ,Flute4_4,0,1628,1,226,0,60,-1,3850,3080,200,true,4,60,2,2,1,-1,-1,,"Trắc bỉ danh sơn, thái thử chi vi. Triều vân ái đãi, hành lộ vị hi. Vật này sinh ra nhờ sương. <color=#00FF00><br>(Cả bộ do Yến Phản của <color=#FFFF00>Đào Hoa Đảo<color=#00FF00> thiết kế)",,"[{""Tag"":""BaseAttribute"",""Attributes"":{""Symbol"":""magic_physatkbase"",""Value"":""543""}},{""Tag"":""BaseAttribute"",""Attributes"":{""Symbol"":""magic_magicatkbase"",""Value"":""543""}},{""Tag"":""Attribute"",""Attributes"":{""Symbol"":""magic_stamina"",""Rate"":""100""}},{""Tag"":""Attribute"",""Attributes"":{""Symbol"":""magic_dexterity"",""Rate"":""100""}}]"
19044,Equip,10508006,8,Chưa dùng,Flute1_9,0,1655,2,-1,-1,70,-1,5570,4456,200,true,4,70,3,3,1,-1,-1,,Chưa dùng,,"[{""Tag"":""BaseAttribute"",""Attributes"":{""Symbol"":""magic_physatkbase"",""Value"":""628""}},{""Tag"":""BaseAttribute"",""Attributes"":{""Symbol"":""magic_magicatkbase"",""Value"":""628""}},{""Tag"":""Attribute"",""Attributes"":{""Symbol"":""magic_physatk"",""Rate"":""100""}},{""Tag"":""Attribute"",""Attributes"":{""Symbol"":""magic_strength"",""Rate"":""100""}},{""Tag"":""Attribute"",""Attributes"":{""Symbol"":""magic_stamina"",""Rate"":""100""}}]"
19045,Equip,10508007,8,Chưa dùng,Flute1_9,0,1655,2,-1,-1,80,-1,7450,5960,200,true,4,80,3,3,1,-1,-1,,Chưa dùng,,"[{""Tag"":""BaseAttribute"",""Attributes"":{""Symbol"":""magic_physatkbase"",""Value"":""713""}},{""Tag"":""BaseAttribute"",""Attributes"":{""Symbol"":""magic_magicatkbase"",""Value"":""713""}},{""Tag"":""Attribute"",""Attributes"":{""Symbol"":""magic_physatk"",""Rate"":""100""}},{""Tag"":""Attribute"",""Attributes"":{""Symbol"":""magic_strength"",""Rate"":""100""}},{""Tag"":""Attribute"",""Attributes"":{""Symbol"":""magic_stamina"",""Rate"":""100""}}]"
19046,Equip,10508008,8,Thanh Châu Thập Phương,Flute4_5,0,1631,1,229,0,90,-1,9950,7960,200,true,4,90,4,4,1,-1,-1,,"Phấn hà hồng thụ, ngẫu ti thành quần, thanh châu bộ lữ, thập lan điều xuân. Vật này sinh ra nhờ ý xuân. <color=#00FF00><br>(Cả bộ do Yến Phản của <color=#FFFF00>Đào Hoa Đảo<color=#00FF00> thiết kế)",,"[{""Tag"":""BaseAttribute"",""Attributes"":{""Symbol"":""magic_physatkbase"",""Value"":""799""}},{""Tag"":""BaseAttribute"",""Attributes"":{""Symbol"":""magic_magicatkbase"",""Value"":""799""}},{""Tag"":""Attribute"",""Attributes"":{""Symbol"":""magic_physatk"",""Rate"":""100""}},{""Tag"":""Attribute"",""Attributes"":{""Symbol"":""magic_hit"",""Rate"":""100""}},{""Tag"":""Attribute"",""Attributes"":{""Symbol"":""magic_stamina"",""Rate"":""100""}},{""Tag"":""Attribute"",""Attributes"":{""Symbol"":""magic_dexterity"",""Rate"":""100""}}]"
19047,Equip,10508009,8,Thiên Hà Dạ Chuyển,Flute4_6,0,1634,1,232,0,100,-1,16000,12800,200,true,4,100,4,4,1,-1,-1,,"Lan dạ phi lai, phiêu tụ linh ngoại. Thiên hà ám trọng, vạn địch tiêu sênh. Vật này sinh ra theo thời gian. <color=#00FF00><br>(Cả bộ do Yến Phản của <color=#FFFF00>Đào Hoa Đảo<color=#00FF00> thiết kế)",,"[{""Tag"":""BaseAttribute"",""Attributes"":{""Symbol"":""magic_physatkbase"",""Value"":""884""}},{""Tag"":""BaseAttribute"",""Attributes"":{""Symbol"":""magic_magicatkbase"",""Value"":""884""}},{""Tag"":""Attribute"",""Attributes"":{""Symbol"":""magic_maxhp"",""Rate"":""100""}},{""Tag"":""Attribute"",""Attributes"":{""Symbol"":""magic_physatk"",""Rate"":""100""}},{""Tag"":""Attribute"",""Attributes"":{""Symbol"":""magic_stamina"",""Rate"":""100""}},{""Tag"":""Attribute"",""Attributes"":{""Symbol"":""magic_dexterity"",""Rate"":""100""}}]"
19048,Equip,10510000,10,Ma Kha Vân Thiết Khôi,Hat1_1,1,111,1,0,1,10,-1,30,24,200,true,4,10,1,1,1,-1,-1,,"Sắc bất dị không, không bất dị sắc; sắc tức thị không, không tức thị sắc, thụ tưởng hành thức, diệc phúc như thị, vật này dựa Phật mà tồn.<color=#00FF00><br>(Cả bộ do Hồng Thái Vân của<color=#FFFFFF> <color=#FFFF00>Thiếu Lâm<color=#FFFFFF> <color=#00FF00> thiết kế)",,"[{""Tag"":""BaseAttribute"",""Attributes"":{""Symbol"":""magic_physdefbase"",""Value"":""42""}},{""Tag"":""BaseAttribute"",""Attributes"":{""Symbol"":""magic_magicdefbase"",""Value"":""42""}},{""Tag"":""Attribute"",""Attributes"":{""Symbol"":""magic_stamina"",""Rate"":""100""}}]"
19049,Equip,10510001,10,Chưa dùng,Hat1_7,1,112,2,-1,-1,20,-1,109,87,200,true,4,20,1,1,1,-1,-1,,Chưa dùng,,"[{""Tag"":""BaseAttribute"",""Attributes"":{""Symbol"":""magic_physdefbase"",""Value"":""74""}},{""Tag"":""BaseAttribute"",""Attributes"":{""Symbol"":""magic_magicdefbase"",""Value"":""74""}},{""Tag"":""Attribute"",""Attributes"":{""Symbol"":""magic_stamina"",""Rate"":""100""}}]"
19050,Equip,10510002,10,Chưa dùng,Hat1_9,1,113,2,-1,-1,30,-1,169,135,200,true,4,30,1,1,1,-1,-1,,Chưa dùng,,"[{""Tag"":""BaseAttribute"",""Attributes"":{""Symbol"":""magic_physdefbase"",""Value"":""106""}},{""Tag"":""BaseAttribute"",""Attributes"":{""Symbol"":""magic_magicdefbase"",""Value"":""106""}},{""Tag"":""Attribute"",""Attributes"":{""Symbol"":""magic_stamina"",""Rate"":""100""}}]"
19051,Equip,10510003,10,Chưa dùng,Hat1_10,1,114,2,-1,-1,40,-1,331,264,200,true,4,40,2,2,1,-1,-1,,Chưa dùng,,"[{""Tag"":""BaseAttribute"",""Attributes"":{""Symbol"":""magic_physdefbase"",""Value"":""138""}},{""Tag"":""BaseAttribute"",""Attributes"":{""Symbol"":""magic_magicdefbase"",""Value"":""138""}},{""Tag"":""Attribute"",""Attributes"":{""Symbol"":""magic_strength"",""Rate"":""100""}},{""Tag"":""Attribute"",""Attributes"":{""Symbol"":""magic_stamina"",""Rate"":""100""}}]"
19052,Equip,10510004,10,Chưa dùng,Hat1_14,1,115,2,-1,-1,50,-1,554,443,200,true,4,50,2,2,1,-1,-1,,Chưa dùng,,"[{""Tag"":""BaseAttribute"",""Attributes"":{""Symbol"":""magic_physdefbase"",""Value"":""170""}},{""Tag"":""BaseAttribute"",""Attributes"":{""Symbol"":""magic_magicdefbase"",""Value"":""170""}},{""Tag"":""Attribute"",""Attributes"":{""Symbol"":""magic_strength"",""Rate"":""100""}},{""Tag"":""Attribute"",""Attributes"":{""Symbol"":""magic_stamina"",""Rate"":""100""}}]"
19053,Equip,10510005,10,La Hán Phồn Thiết Khôi,Hat1_15,1,116,1,5,1,60,-1,890,712,200,true,4,60,2,2,1,-1,-1,,"Tu trì Phật pháp siêu thoát sinh tử, bất tại bộ nhập lục đạo luân hồi vi La Hán, vật này dựa Phật mà tồn.<color=#00FF00><br>(Cả bộ do Hồng Thái Vân của<color=#FFFFFF> <color=#FFFF00>Thiếu Lâm<color=#FFFFFF> <color=#00FF00> thiết kế)",,"[{""Tag"":""BaseAttribute"",""Attributes"":{""Symbol"":""magic_physdefbase"",""Value"":""202""}},{""Tag"":""BaseAttribute"",""Attributes"":{""Symbol"":""magic_magicdefbase"",""Value"":""202""}},{""Tag"":""Attribute"",""Attributes"":{""Symbol"":""magic_strength"",""Rate"":""100""}},{""Tag"":""Attribute"",""Attributes"":{""Symbol"":""magic_stamina"",""Rate"":""100""}}]"
19054,Equip,10510006,10,Ma Thiên Ngự Thiết Khôi,Hat2_2,1,117,1,6,1,70,-1,1255,1004,200,true,4,70,3,3,1,-1,-1,,"Tam giới cộng hữu 28 thiên, Dạ Ma Thiên, dựa vào Tu Di Sơn địa giới, gọi là Địa Cự Thiên truyền thuyết chúa tể là Minh Vương, vật này dựa Phật mà tồn.<color=#00FF00><br>(Cả bộ do Hồng Thái Vân của<color=#FFFFFF> <color=#FFFF00>Thiếu Lâm<color=#FFFFFF> <color=#00FF00> thiết kế)",,"[{""Tag"":""BaseAttribute"",""Attributes"":{""Symbol"":""magic_physdefbase"",""Value"":""234""}},{""Tag"":""BaseAttribute"",""Attributes"":{""Symbol"":""magic_magicdefbase"",""Value"":""234""}},{""Tag"":""Attribute"",""Attributes"":{""Symbol"":""magic_physdef"",""Rate"":""100""}},{""Tag"":""Attribute"",""Attributes"":{""Symbol"":""magic_strength"",""Rate"":""100""}},{""Tag"":""Attribute"",""Attributes"":{""Symbol"":""magic_stamina"",""Rate"":""100""}}]"
19055,Equip,10510007,10,Chưa dùng,Hat2_3,1,118,2,-1,-1,80,-1,1640,1312,200,true,4,80,3,3,1,-1,-1,,Chưa dùng,,"[{""Tag"":""BaseAttribute"",""Attributes"":{""Symbol"":""magic_physdefbase"",""Value"":""266""}},{""Tag"":""BaseAttribute"",""Attributes"":{""Symbol"":""magic_magicdefbase"",""Value"":""266""}},{""Tag"":""Attribute"",""Attributes"":{""Symbol"":""magic_physdef"",""Rate"":""100""}},{""Tag"":""Attribute"",""Attributes"":{""Symbol"":""magic_strength"",""Rate"":""100""}},{""Tag"":""Attribute"",""Attributes"":{""Symbol"":""magic_stamina"",""Rate"":""100""}}]"
19056,Equip,10510008,10,Quy Ai Vân Chi Khôi,Hat2_8,1,119,1,8,1,90,-1,2240,1792,200,true,4,90,4,4,1,-1,-1,,"Lĩnh ngộ ngũ uẩn giai không, vượt qua mọi khổ nạn. Vật này sinh ra từ Phật Pháp. <color=#00FF00><br>(Cả bộ do Hồng Thái Vân của <color=#FFFF00>Thiếu Lâm<color=#00FF00> thiết kế)<color=#00FF00>",,"[{""Tag"":""BaseAttribute"",""Attributes"":{""Symbol"":""magic_physdefbase"",""Value"":""298""}},{""Tag"":""BaseAttribute"",""Attributes"":{""Symbol"":""magic_magicdefbase"",""Value"":""298""}},{""Tag"":""Attribute"",""Attributes"":{""Symbol"":""magic_physdef"",""Rate"":""100""}},{""Tag"":""Attribute"",""Attributes"":{""Symbol"":""magic_magicdef"",""Rate"":""100""}},{""Tag"":""Attribute"",""Attributes"":{""Symbol"":""magic_strength"",""Rate"":""100""}},{""Tag"":""Attribute"",""Attributes"":{""Symbol"":""magic_stamina"",""Rate"":""100""}}]"
19057,Equip,10510009,10,Bồ Đề Nguyệt Mẫn Quán,Hat2_10,1,120,1,11,1,100,-1,3160,2528,200,true,4,100,4,4,1,-1,-1,,"Ngôn chính giải giả, chính giác dị hiệu. Phàn vân bồ đề, thử phiên vi giác, giác pháp tính cố. Mạt gia ngôn đạo, du lữ nghi cố. Cổ vân bồ đề đạo giả phi dã. Vật này sinh ra từ Phật Pháp. <color=#00FF00><br>(Cả bộ do Hồng Thái Vân của <color=#FFFF00>Thiếu Lâm<color=#00FF00> thiết kế)<color=#00FF00>",,"[{""Tag"":""BaseAttribute"",""Attributes"":{""Symbol"":""magic_physdefbase"",""Value"":""330""}},{""Tag"":""BaseAttribute"",""Attributes"":{""Symbol"":""magic_magicdefbase"",""Value"":""330""}},{""Tag"":""Attribute"",""Attributes"":{""Symbol"":""magic_physdef"",""Rate"":""100""}},{""Tag"":""Attribute"",""Attributes"":{""Symbol"":""magic_magicdef"",""Rate"":""100""}},{""Tag"":""Attribute"",""Attributes"":{""Symbol"":""magic_strength"",""Rate"":""100""}},{""Tag"":""Attribute"",""Attributes"":{""Symbol"":""magic_stamina"",""Rate"":""100""}}]"
19058,Equip,10510010,10,Chưa dùng,Hat2_11,1,111,2,-1,-1,10,-1,30,24,200,true,4,10,1,1,1,-1,-1,,Chưa dùng,,"[{""Tag"":""BaseAttribute"",""Attributes"":{""Symbol"":""magic_physdefbase"",""Value"":""42""}},{""Tag"":""BaseAttribute"",""Attributes"":{""Symbol"":""magic_magicdefbase"",""Value"":""42""}},{""Tag"":""Attribute"",""Attributes"":{""Symbol"":""magic_strength"",""Rate"":""100""}}]"
19059,Equip,10510011,10,Chưa dùng,Hat2_7,1,112,2,-1,-1,20,-1,109,87,200,true,4,20,1,1,1,-1,-1,,Chưa dùng,,"[{""Tag"":""BaseAttribute"",""Attributes"":{""Symbol"":""magic_physdefbase"",""Value"":""74""}},{""Tag"":""BaseAttribute"",""Attributes"":{""Symbol"":""magic_magicdefbase"",""Value"":""74""}},{""Tag"":""Attribute"",""Attributes"":{""Symbol"":""magic_strength"",""Rate"":""100""}}]"
19060,Equip,10510012,10,Liệt Diệm Nghi Thiết Khôi,Hat3_1,1,113,1,14,1,30,-1,169,135,200,true,4,30,1,1,1,-1,-1,,"Thường thụ khoái lạc quang minh trung, nhược ngôn hữu bệnh vô thị xứ, vật này dựa Quang mà tồn.<color=#00FF00><br>(Cả bộ do Phương Bách Hoa của<color=#FFFFFF> <color=#FFFF00>Minh Giáo<color=#FFFFFF> <color=#00FF00> thiết kế)",,"[{""Tag"":""BaseAttribute"",""Attributes"":{""Symbol"":""magic_physdefbase"",""Value"":""106""}},{""Tag"":""BaseAttribute"",""Attributes"":{""Symbol"":""magic_magicdefbase"",""Value"":""106""}},{""Tag"":""Attribute"",""Attributes"":{""Symbol"":""magic_strength"",""Rate"":""100""}}]"
19061,Equip,10510013,10,Nộ Diệm Hàn Thiết Khôi,Hat2_16,1,114,1,15,1,40,-1,331,264,200,true,4,40,2,2,1,-1,-1,,"Như hữu đắc trú bỉ quốc giả, cứu cánh phổ hội vô ưu sầu, vật này dựa quang mà tồn.<color=#00FF00><br>(Cả bộ do Phương Bách Hoa của <color=#FFFFFF><color=#FFFF00>Minh Giáo<color=#FFFFFF> <color=#00FF00> thiết kế)",,"[{""Tag"":""BaseAttribute"",""Attributes"":{""Symbol"":""magic_physdefbase"",""Value"":""138""}},{""Tag"":""BaseAttribute"",""Attributes"":{""Symbol"":""magic_magicdefbase"",""Value"":""138""}},{""Tag"":""Attribute"",""Attributes"":{""Symbol"":""magic_strength"",""Rate"":""100""}},{""Tag"":""Attribute"",""Attributes"":{""Symbol"":""magic_dexterity"",""Rate"":""100""}}]"
19062,Equip,10510014,10,Chưa dùng,Hat3_4,1,115,2,-1,-1,50,-1,554,443,200,true,4,50,2,2,1,-1,-1,,Chưa dùng,,"[{""Tag"":""BaseAttribute"",""Attributes"":{""Symbol"":""magic_physdefbase"",""Value"":""170""}},{""Tag"":""BaseAttribute"",""Attributes"":{""Symbol"":""magic_magicdefbase"",""Value"":""170""}},{""Tag"":""Attribute"",""Attributes"":{""Symbol"":""magic_strength"",""Rate"":""100""}},{""Tag"":""Attribute"",""Attributes"":{""Symbol"":""magic_dexterity"",""Rate"":""100""}}]"
19063,Equip,10510015,10,Chưa dùng,Hat3_11,1,116,2,-1,-1,60,-1,890,712,200,true,4,60,2,2,1,-1,-1,,Chưa dùng,,"[{""Tag"":""BaseAttribute"",""Attributes"":{""Symbol"":""magic_physdefbase"",""Value"":""202""}},{""Tag"":""BaseAttribute"",""Attributes"":{""Symbol"":""magic_magicdefbase"",""Value"":""202""}},{""Tag"":""Attribute"",""Attributes"":{""Symbol"":""magic_strength"",""Rate"":""100""}},{""Tag"":""Attribute"",""Attributes"":{""Symbol"":""magic_dexterity"",""Rate"":""100""}}]"
19064,Equip,10510016,10,Chưa dùng,Hat3_6,1,117,2,-1,-1,70,-1,1255,1004,200,true,4,70,3,3,1,-1,-1,,Chưa dùng,,"[{""Tag"":""BaseAttribute"",""Attributes"":{""Symbol"":""magic_physdefbase"",""Value"":""234""}},{""Tag"":""BaseAttribute"",""Attributes"":{""Symbol"":""magic_magicdefbase"",""Value"":""234""}},{""Tag"":""Attribute"",""Attributes"":{""Symbol"":""magic_physdef"",""Rate"":""100""}},{""Tag"":""Attribute"",""Attributes"":{""Symbol"":""magic_strength"",""Rate"":""100""}},{""Tag"":""Attribute"",""Attributes"":{""Symbol"":""magic_dexterity"",""Rate"":""100""}}]"
19065,Equip,10510017,10,Phần Diệt Mộ Nguyệt Quán,Hat3_8,1,118,1,19,1,80,-1,1640,1312,200,true,4,80,3,3,1,-1,-1,,"Sinh diệc hà hoan, tử diệc hà khổ. Vật này sinh ra từ ánh sáng. <color=#00FF00><br>(Cả bộ do Phương Bạch Hoa của <color=#FFFF00>Minh Giáo<color=#00FF00> thiết kế)<color=#00FF00>",,"[{""Tag"":""BaseAttribute"",""Attributes"":{""Symbol"":""magic_physdefbase"",""Value"":""266""}},{""Tag"":""BaseAttribute"",""Attributes"":{""Symbol"":""magic_magicdefbase"",""Value"":""266""}},{""Tag"":""Attribute"",""Attributes"":{""Symbol"":""magic_physdef"",""Rate"":""100""}},{""Tag"":""Attribute"",""Attributes"":{""Symbol"":""magic_strength"",""Rate"":""100""}},{""Tag"":""Attribute"",""Attributes"":{""Symbol"":""magic_dexterity"",""Rate"":""100""}}]"
19066,Equip,10510018,10,Chưa dùng,Hat3_7,1,119,2,-1,-1,90,-1,2240,1792,200,true,4,90,4,4,1,-1,-1,,Chưa dùng,,"[{""Tag"":""BaseAttribute"",""Attributes"":{""Symbol"":""magic_physdefbase"",""Value"":""298""}},{""Tag"":""BaseAttribute"",""Attributes"":{""Symbol"":""magic_magicdefbase"",""Value"":""298""}},{""Tag"":""Attribute"",""Attributes"":{""Symbol"":""magic_physdef"",""Rate"":""100""}},{""Tag"":""Attribute"",""Attributes"":{""Symbol"":""magic_hit"",""Rate"":""100""}},{""Tag"":""Attribute"",""Attributes"":{""Symbol"":""magic_strength"",""Rate"":""100""}},{""Tag"":""Attribute"",""Attributes"":{""Symbol"":""magic_dexterity"",""Rate"":""100""}}]"
19067,Equip,10510019,10,Cửu Dương Bích Lân Khôi,Hat3_14,1,120,1,23,1,100,-1,3160,2528,200,true,4,100,4,4,1,-1,-1,,"Thượng chí minh giới, hạ cập u đồ, sở hữu chúng sinh, giai do thử độ. Ma Ni chi hậu, niên thùy ngũ cửu, kim khí tướng hưng. Vật này sinh ra từ ánh sáng. <color=#00FF00><br>(Cả bộ do Phương Bạch Hoa của <color=#FFFF00>Minh Giáo<color=#00FF00> thiết kế)<color=#00FF00>",,"[{""Tag"":""BaseAttribute"",""Attributes"":{""Symbol"":""magic_physdefbase"",""Value"":""330""}},{""Tag"":""BaseAttribute"",""Attributes"":{""Symbol"":""magic_magicdefbase"",""Value"":""330""}},{""Tag"":""Attribute"",""Attributes"":{""Symbol"":""magic_physdef"",""Rate"":""100""}},{""Tag"":""Attribute"",""Attributes"":{""Symbol"":""magic_hit"",""Rate"":""100""}},{""Tag"":""Attribute"",""Attributes"":{""Symbol"":""magic_strength"",""Rate"":""100""}},{""Tag"":""Attribute"",""Attributes"":{""Symbol"":""magic_dexterity"",""Rate"":""100""}}]"
19068,Equip,10510020,10,Chưa dùng,Hat3_13,1,111,2,-1,-1,10,-1,30,24,200,true,4,10,1,1,1,-1,-1,,Chưa dùng,,"[{""Tag"":""BaseAttribute"",""Attributes"":{""Symbol"":""magic_physdefbase"",""Value"":""42""}},{""Tag"":""BaseAttribute"",""Attributes"":{""Symbol"":""magic_magicdefbase"",""Value"":""42""}},{""Tag"":""Attribute"",""Attributes"":{""Symbol"":""magic_dexterity"",""Rate"":""100""}}]"
19069,Equip,10510021,10,Tiềm Long Nhu Thiết Khôi,Hat3_12,1,112,1,25,1,20,-1,109,87,200,true,4,20,1,1,1,-1,-1,,"Quẻ Càn Dịch Kinh, Sơ cửu: Tiềm Long, vật dụng. <<Lời viết>>: 'Tiềm long, vật dụng', dương tại hạ dã., vật này dựa Long mà tồn.<color=#00FF00><br>(Cả bộ do Ngô Tuyết Kiều của <color=#FFFFFF><color=#FFFF00>Cái Bang<color=#FFFFFF> <color=#00FF00> thiết kế)",,"[{""Tag"":""BaseAttribute"",""Attributes"":{""Symbol"":""magic_physdefbase"",""Value"":""74""}},{""Tag"":""BaseAttribute"",""Attributes"":{""Symbol"":""magic_magicdefbase"",""Value"":""74""}},{""Tag"":""Attribute"",""Attributes"":{""Symbol"":""magic_dexterity"",""Rate"":""100""}}]"
19070,Equip,10510022,10,Chưa dùng,Hat3_15,1,113,2,-1,-1,30,-1,169,135,200,true,4,30,1,1,1,-1,-1,,Chưa dùng,,"[{""Tag"":""BaseAttribute"",""Attributes"":{""Symbol"":""magic_physdefbase"",""Value"":""106""}},{""Tag"":""BaseAttribute"",""Attributes"":{""Symbol"":""magic_magicdefbase"",""Value"":""106""}},{""Tag"":""Attribute"",""Attributes"":{""Symbol"":""magic_dexterity"",""Rate"":""100""}}]"
19071,Equip,10510023,10,Long Chiến Tiềm Thiết Khôi,Hat4_3,1,114,1,27,1,40,-1,331,264,200,true,4,40,2,2,1,-1,-1,,"Quẻ Khôn Dịch Kinh Thượng lục: Long trận vu dã, kỳ huyết huyền hoàng. <<Lời viết>>: 'Long trận vu dã', kỳ đạo cùng dã., vật này dựa Long mà tồn.<color=#00FF00><br>(Cả bộ do Ngô Tuyết Kiều của<color=#FFFFFF> <color=#FFFF00>Cái Bang<color=#FFFFFF> <color=#00FF00> thiết kế)",,"[{""Tag"":""BaseAttribute"",""Attributes"":{""Symbol"":""magic_physdefbase"",""Value"":""138""}},{""Tag"":""BaseAttribute"",""Attributes"":{""Symbol"":""magic_magicdefbase"",""Value"":""138""}},{""Tag"":""Attribute"",""Attributes"":{""Symbol"":""magic_stamina"",""Rate"":""100""}},{""Tag"":""Attribute"",""Attributes"":{""Symbol"":""magic_dexterity"",""Rate"":""100""}}]"
19072,Equip,10510024,10,Chưa dùng,Hat4_4,1,115,2,-1,-1,50,-1,554,443,200,true,4,50,2,2,1,-1,-1,,Chưa dùng,,"[{""Tag"":""BaseAttribute"",""Attributes"":{""Symbol"":""magic_physdefbase"",""Value"":""170""}},{""Tag"":""BaseAttribute"",""Attributes"":{""Symbol"":""magic_magicdefbase"",""Value"":""170""}},{""Tag"":""Attribute"",""Attributes"":{""Symbol"":""magic_stamina"",""Rate"":""100""}},{""Tag"":""Attribute"",""Attributes"":{""Symbol"":""magic_dexterity"",""Rate"":""100""}}]"
19073,Equip,10510025,10,Chưa dùng,Hat1_1,1,116,2,-1,-1,60,-1,890,712,200,true,4,60,2,2,1,-1,-1,,Chưa dùng,,"[{""Tag"":""BaseAttribute"",""Attributes"":{""Symbol"":""magic_physdefbase"",""Value"":""202""}},{""Tag"":""BaseAttribute"",""Attributes"":{""Symbol"":""magic_magicdefbase"",""Value"":""202""}},{""Tag"":""Attribute"",""Attributes"":{""Symbol"":""magic_stamina"",""Rate"":""100""}},{""Tag"":""Attribute"",""Attributes"":{""Symbol"":""magic_dexterity"",""Rate"":""100""}}]"
19074,Equip,10510026,10,Thang Lung Bích Lạc Khôi,Hat1_7,1,117,1,30,1,70,-1,1255,1004,200,true,4,70,3,3,1,-1,-1,,"Khí vận đan điền, du đại tiểu châu thiên, thương địch chi thời, khước năng ích kỷ. Vật này dựa vào Long mà tồn <color=#00FF00>(Do Ngô Tuyết Kiều của phái<color=#FFFF00> Cái Bang<color=#00FF00> tạo ra)",,"[{""Tag"":""BaseAttribute"",""Attributes"":{""Symbol"":""magic_physdefbase"",""Value"":""234""}},{""Tag"":""BaseAttribute"",""Attributes"":{""Symbol"":""magic_magicdefbase"",""Value"":""234""}},{""Tag"":""Attribute"",""Attributes"":{""Symbol"":""magic_physdef"",""Rate"":""100""}},{""Tag"":""Attribute"",""Attributes"":{""Symbol"":""magic_stamina"",""Rate"":""100""}},{""Tag"":""Attribute"",""Attributes"":{""Symbol"":""magic_dexterity"",""Rate"":""100""}}]"
19075,Equip,10510027,10,Chưa dùng,Hat1_9,1,118,2,-1,-1,80,-1,1640,1312,200,true,4,80,3,3,1,-1,-1,,Chưa dùng,,"[{""Tag"":""BaseAttribute"",""Attributes"":{""Symbol"":""magic_physdefbase"",""Value"":""266""}},{""Tag"":""BaseAttribute"",""Attributes"":{""Symbol"":""magic_magicdefbase"",""Value"":""266""}},{""Tag"":""Attribute"",""Attributes"":{""Symbol"":""magic_physdef"",""Rate"":""100""}},{""Tag"":""Attribute"",""Attributes"":{""Symbol"":""magic_stamina"",""Rate"":""100""}},{""Tag"":""Attribute"",""Attributes"":{""Symbol"":""magic_dexterity"",""Rate"":""100""}}]"
19076,Equip,10510028,10,Chưa dùng,Hat1_10,1,119,2,-1,-1,90,-1,2240,1792,200,true,4,90,4,4,1,-1,-1,,Chưa dùng,,"[{""Tag"":""BaseAttribute"",""Attributes"":{""Symbol"":""magic_physdefbase"",""Value"":""298""}},{""Tag"":""BaseAttribute"",""Attributes"":{""Symbol"":""magic_magicdefbase"",""Value"":""298""}},{""Tag"":""Attribute"",""Attributes"":{""Symbol"":""magic_physdef"",""Rate"":""100""}},{""Tag"":""Attribute"",""Attributes"":{""Symbol"":""magic_dodge"",""Rate"":""100""}},{""Tag"":""Attribute"",""Attributes"":{""Symbol"":""magic_stamina"",""Rate"":""100""}},{""Tag"":""Attribute"",""Attributes"":{""Symbol"":""magic_dexterity"",""Rate"":""100""}}]"
19077,Equip,10510029,10,Côn Bằng Ai Thương Chi Khôi,Hat1_14,1,120,1,35,1,100,-1,3160,2528,200,true,4,100,4,4,1,-1,-1,,"Thoán viết: Đại tai càn nguyên, vạn vật tư thủy, nãi thống thiên. Vân hành vũ thí, phẩm vật lưu hình. Đại minh chung thủy, lục vị thời thành, thời thừa lục long dĩ ngự thiên. Càn đạo biến hóa, các chính tính mệnh. Bảo hợp thái hòa, nãi lợi trinh. Thủ xuất thứ vật, vạn quốc hàm ninh. Vật này sinh ra từ rồng. <color=#00FF00><br>(Cả bộ do Ngô Tuyết Kiều của <color=#FFFF00>Cái Bang<color=#00FF00>thiết kế)<color=#00FF00>",,"[{""Tag"":""BaseAttribute"",""Attributes"":{""Symbol"":""magic_physdefbase"",""Value"":""330""}},{""Tag"":""BaseAttribute"",""Attributes"":{""Symbol"":""magic_magicdefbase"",""Value"":""330""}},{""Tag"":""Attribute"",""Attributes"":{""Symbol"":""magic_physdef"",""Rate"":""100""}},{""Tag"":""Attribute"",""Attributes"":{""Symbol"":""magic_dodge"",""Rate"":""100""}},{""Tag"":""Attribute"",""Attributes"":{""Symbol"":""magic_stamina"",""Rate"":""100""}},{""Tag"":""Attribute"",""Attributes"":{""Symbol"":""magic_dexterity"",""Rate"":""100""}}]"
19078,Equip,10510030,10,Vô Cực Khiêm Ty Mạo,Hat1_15,1,111,1,36,1,10,-1,30,24,200,true,4,10,1,1,1,-1,-1,,"<<Lão Tử>> Chương 28 viết: Tri kỳ bạch, Thủ kỳ hắc, Vi thiên hạ thức. Vi thiên hạ thức, thường đức bất thác, phục quy ô vô cực. Vật này lấy Đạo làm dựa mà tồn, gọi là Vô Cực.<color=#00FF00><br>(Cả bộ do Trương Tịnh Sơ của <color=#FFFFFF><color=#FFFF00>Võ Đang<color=#FFFFFF> <color=#00FF00> thiết kế)<color=#FFFFFF> .",,"[{""Tag"":""BaseAttribute"",""Attributes"":{""Symbol"":""magic_physdefbase"",""Value"":""42""}},{""Tag"":""BaseAttribute"",""Attributes"":{""Symbol"":""magic_magicdefbase"",""Value"":""42""}},{""Tag"":""Attribute"",""Attributes"":{""Symbol"":""magic_energy"",""Rate"":""100""}}]"
19079,Equip,10510031,10,Chưa dùng,Hat2_2,1,92,2,-1,-1,20,-1,109,87,200,true,4,20,1,1,1,-1,-1,,Chưa dùng,,"[{""Tag"":""BaseAttribute"",""Attributes"":{""Symbol"":""magic_physdefbase"",""Value"":""74""}},{""Tag"":""BaseAttribute"",""Attributes"":{""Symbol"":""magic_magicdefbase"",""Value"":""74""}},{""Tag"":""Attribute"",""Attributes"":{""Symbol"":""magic_energy"",""Rate"":""100""}}]"
19080,Equip,10510032,10,Chưa dùng,Hat2_3,1,93,2,-1,-1,30,-1,169,135,200,true,4,30,1,1,1,-1,-1,,Chưa dùng,,"[{""Tag"":""BaseAttribute"",""Attributes"":{""Symbol"":""magic_physdefbase"",""Value"":""106""}},{""Tag"":""BaseAttribute"",""Attributes"":{""Symbol"":""magic_magicdefbase"",""Value"":""106""}},{""Tag"":""Attribute"",""Attributes"":{""Symbol"":""magic_energy"",""Rate"":""100""}}]"
19081,Equip,10510033,10,Chưa dùng,Hat2_8,1,94,2,-1,-1,40,-1,331,264,200,true,4,40,2,2,1,-1,-1,,Chưa dùng,,"[{""Tag"":""BaseAttribute"",""Attributes"":{""Symbol"":""magic_physdefbase"",""Value"":""138""}},{""Tag"":""BaseAttribute"",""Attributes"":{""Symbol"":""magic_magicdefbase"",""Value"":""138""}},{""Tag"":""Attribute"",""Attributes"":{""Symbol"":""magic_energy"",""Rate"":""100""}},{""Tag"":""Attribute"",""Attributes"":{""Symbol"":""magic_dexterity"",""Rate"":""100""}}]"
19082,Equip,10510034,10,Chưa dùng,Hat2_10,1,95,2,-1,-1,50,-1,554,443,200,true,4,50,2,2,1,-1,-1,,Chưa dùng,,"[{""Tag"":""BaseAttribute"",""Attributes"":{""Symbol"":""magic_physdefbase"",""Value"":""170""}},{""Tag"":""BaseAttribute"",""Attributes"":{""Symbol"":""magic_magicdefbase"",""Value"":""170""}},{""Tag"":""Attribute"",""Attributes"":{""Symbol"":""magic_energy"",""Rate"":""100""}},{""Tag"":""Attribute"",""Attributes"":{""Symbol"":""magic_dexterity"",""Rate"":""100""}}]"
19083,Equip,10510035,10,Âm Dương Khiêm Ty Mạo,Hat2_11,1,96,1,41,1,60,-1,890,712,200,true,4,60,2,2,1,-1,-1,,"<<Dịch Kinh>> Âm dương giao cảm sinh vạn vật, thái cực sinh lưỡng nghi lưỡng nghi vi âm dương, vật này dựa vào âm dương mà tồn.<color=#00FF00><br>(Cả bộ do Trương Tịnh Sơ của <color=#FFFFFF><color=#FFFF00>Võ Đang<color=#FFFFFF> <color=#00FF00> thiết kế)",,"[{""Tag"":""BaseAttribute"",""Attributes"":{""Symbol"":""magic_physdefbase"",""Value"":""202""}},{""Tag"":""BaseAttribute"",""Attributes"":{""Symbol"":""magic_magicdefbase"",""Value"":""202""}},{""Tag"":""Attribute"",""Attributes"":{""Symbol"":""magic_energy"",""Rate"":""100""}},{""Tag"":""Attribute"",""Attributes"":{""Symbol"":""magic_dexterity"",""Rate"":""100""}}]"
19084,Equip,10510036,10,Hình Ý Tố Nguyệt Mạo,Hat2_7,1,97,1,42,1,70,-1,1255,1004,200,true,4,70,3,3,1,-1,-1,,"Hình ý hợp nhất, tương dung lại tương bội, cũng là hình ý, vật này dựa đó mà tồn.<color=#00FF00><br>(Cả bộ do Trương Tịnh Sơ của <color=#FFFFFF><color=#FFFF00>Võ Đang <color=#FFFFFF><color=#00FF00> thiết kế)",,"[{""Tag"":""BaseAttribute"",""Attributes"":{""Symbol"":""magic_physdefbase"",""Value"":""234""}},{""Tag"":""BaseAttribute"",""Attributes"":{""Symbol"":""magic_magicdefbase"",""Value"":""234""}},{""Tag"":""Attribute"",""Attributes"":{""Symbol"":""magic_physdef"",""Rate"":""100""}},{""Tag"":""Attribute"",""Attributes"":{""Symbol"":""magic_energy"",""Rate"":""100""}},{""Tag"":""Attribute"",""Attributes"":{""Symbol"":""magic_dexterity"",""Rate"":""100""}}]"
19085,Equip,10510037,10,Chưa dùng,Hat3_1,1,98,2,-1,-1,80,-1,1640,1312,200,true,4,80,3,3,1,-1,-1,,Chưa dùng,,"[{""Tag"":""BaseAttribute"",""Attributes"":{""Symbol"":""magic_physdefbase"",""Value"":""266""}},{""Tag"":""BaseAttribute"",""Attributes"":{""Symbol"":""magic_magicdefbase"",""Value"":""266""}},{""Tag"":""Attribute"",""Attributes"":{""Symbol"":""magic_physdef"",""Rate"":""100""}},{""Tag"":""Attribute"",""Attributes"":{""Symbol"":""magic_energy"",""Rate"":""100""}},{""Tag"":""Attribute"",""Attributes"":{""Symbol"":""magic_dexterity"",""Rate"":""100""}}]"
19086,Equip,10510038,10,Thái Cực Khấp Hỏa Mạo,Hat2_16,1,99,1,44,1,90,-1,2240,1792,200,true,4,90,4,4,1,-1,-1,,Vạn vật trong vũ trụ đều chia thành âm và dương. Vật này sinh ra từ thái cực. <color=#00FF00><br>(Cả bộ do Trương Tịnh Sơ của <color=#FFFF00>Võ Đang<color=#00FF00> thiết kế)<color=#00FF00>,,"[{""Tag"":""BaseAttribute"",""Attributes"":{""Symbol"":""magic_physdefbase"",""Value"":""298""}},{""Tag"":""BaseAttribute"",""Attributes"":{""Symbol"":""magic_magicdefbase"",""Value"":""298""}},{""Tag"":""Attribute"",""Attributes"":{""Symbol"":""magic_maxmp"",""Rate"":""100""}},{""Tag"":""Attribute"",""Attributes"":{""Symbol"":""magic_physdef"",""Rate"":""100""}},{""Tag"":""Attribute"",""Attributes"":{""Symbol"":""magic_energy"",""Rate"":""100""}},{""Tag"":""Attribute"",""Attributes"":{""Symbol"":""magic_dexterity"",""Rate"":""100""}}]"
19087,Equip,10510039,10,Huyền Cơ Minh Thiên Mạo,Hat3_4,1,100,1,47,1,100,-1,3160,2528,200,true,4,100,4,4,1,-1,-1,,"Vô cực sinh thái cực, thái cực sinh lưỡng nghi, lưỡng nghi sinh tứ tượng, tứ tượng sinh bát quái, bát quái sinh lực thập tứ quái, khả động huyền cơ vu vô hình. Vật này nhờ vậy mà biến hóa khôn lường. <color=#00FF00><br>(Cả bộ do Trương Tịnh Sơ của <color=#FFFF00>Võ Đang<color=#00FF00> thiết kế)<color=#00FF00>",,"[{""Tag"":""BaseAttribute"",""Attributes"":{""Symbol"":""magic_physdefbase"",""Value"":""330""}},{""Tag"":""BaseAttribute"",""Attributes"":{""Symbol"":""magic_magicdefbase"",""Value"":""330""}},{""Tag"":""Attribute"",""Attributes"":{""Symbol"":""magic_maxmp"",""Rate"":""100""}},{""Tag"":""Attribute"",""Attributes"":{""Symbol"":""magic_physdef"",""Rate"":""100""}},{""Tag"":""Attribute"",""Attributes"":{""Symbol"":""magic_energy"",""Rate"":""100""}},{""Tag"":""Attribute"",""Attributes"":{""Symbol"":""magic_dexterity"",""Rate"":""100""}}]"
19088,Equip,10510040,10,Chưa dùng,Hat3_11,1,91,2,-1,-1,10,-1,30,24,200,true,4,10,1,1,1,-1,-1,,Chưa dùng,,"[{""Tag"":""BaseAttribute"",""Attributes"":{""Symbol"":""magic_physdefbase"",""Value"":""42""}},{""Tag"":""BaseAttribute"",""Attributes"":{""Symbol"":""magic_magicdefbase"",""Value"":""42""}},{""Tag"":""Attribute"",""Attributes"":{""Symbol"":""magic_intelligence"",""Rate"":""100""}}]"
19089,Equip,10510041,10,Chưa dùng,Hat3_6,1,92,2,-1,-1,20,-1,109,87,200,true,4,20,1,1,1,-1,-1,,Chưa dùng,,"[{""Tag"":""BaseAttribute"",""Attributes"":{""Symbol"":""magic_physdefbase"",""Value"":""74""}},{""Tag"":""BaseAttribute"",""Attributes"":{""Symbol"":""magic_magicdefbase"",""Value"":""74""}},{""Tag"":""Attribute"",""Attributes"":{""Symbol"":""magic_intelligence"",""Rate"":""100""}}]"
19090,Equip,10510042,10,Cửu Ảnh Minh Nguyệt Mạo,Hat3_8,1,93,1,50,1,30,-1,169,135,200,true,4,30,1,1,1,-1,-1,,"Hàm sa xạ ảnh, thân hình phiêu hốt bất định, một là chín chín là một, vật này dựa đấy mà tồn.<color=#00FF00><br>(Cả bộ do Mạnh Thanh Thanh<color=#FFFFFF> <color=#FFFF00>Nga My <color=#FFFFFF><color=#00FF00> thiết kế)<color=#FFFFFF>.",,"[{""Tag"":""BaseAttribute"",""Attributes"":{""Symbol"":""magic_physdefbase"",""Value"":""106""}},{""Tag"":""BaseAttribute"",""Attributes"":{""Symbol"":""magic_magicdefbase"",""Value"":""106""}},{""Tag"":""Attribute"",""Attributes"":{""Symbol"":""magic_intelligence"",""Rate"":""100""}}]"
19091,Equip,10510043,10,Nhiếp Hồn Túc Dạ Mạo,Hat3_7,1,94,1,51,1,40,-1,331,264,200,true,4,40,2,2,1,-1,-1,,"Hồn vi hư, ác nhi bất thực, dung nhất chất, dĩ pháp vi phương, chiên chi, vi nhiếp hồn, vật này dựa đó mà tồn.<color=#00FF00><br>(Cả bộ do Mạnh Thanh Thanh của <color=#FFFFFF><color=#FFFF00>Nga My<color=#FFFFFF> <color=#00FF00> thiết kế)",,"[{""Tag"":""BaseAttribute"",""Attributes"":{""Symbol"":""magic_physdefbase"",""Value"":""138""}},{""Tag"":""BaseAttribute"",""Attributes"":{""Symbol"":""magic_magicdefbase"",""Value"":""138""}},{""Tag"":""Attribute"",""Attributes"":{""Symbol"":""magic_energy"",""Rate"":""100""}},{""Tag"":""Attribute"",""Attributes"":{""Symbol"":""magic_intelligence"",""Rate"":""100""}}]"
19092,Equip,10510044,10,Chưa dùng,Hat3_14,1,95,2,-1,-1,50,-1,554,443,200,true,4,50,2,2,1,-1,-1,,Chưa dùng,,"[{""Tag"":""BaseAttribute"",""Attributes"":{""Symbol"":""magic_physdefbase"",""Value"":""170""}},{""Tag"":""BaseAttribute"",""Attributes"":{""Symbol"":""magic_magicdefbase"",""Value"":""170""}},{""Tag"":""Attribute"",""Attributes"":{""Symbol"":""magic_energy"",""Rate"":""100""}},{""Tag"":""Attribute"",""Attributes"":{""Symbol"":""magic_intelligence"",""Rate"":""100""}}]"
19093,Equip,10510045,10,Chưa dùng,Hat3_13,1,96,2,-1,-1,60,-1,890,712,200,true,4,60,2,2,1,-1,-1,,Chưa dùng,,"[{""Tag"":""BaseAttribute"",""Attributes"":{""Symbol"":""magic_physdefbase"",""Value"":""202""}},{""Tag"":""BaseAttribute"",""Attributes"":{""Symbol"":""magic_magicdefbase"",""Value"":""202""}},{""Tag"":""Attribute"",""Attributes"":{""Symbol"":""magic_energy"",""Rate"":""100""}},{""Tag"":""Attribute"",""Attributes"":{""Symbol"":""magic_intelligence"",""Rate"":""100""}}]"
19094,Equip,10510046,10,Chưa dùng,Hat3_12,1,97,2,-1,-1,70,-1,1255,1004,200,true,4,70,3,3,1,-1,-1,,Chưa dùng,,"[{""Tag"":""BaseAttribute"",""Attributes"":{""Symbol"":""magic_physdefbase"",""Value"":""234""}},{""Tag"":""BaseAttribute"",""Attributes"":{""Symbol"":""magic_magicdefbase"",""Value"":""234""}},{""Tag"":""Attribute"",""Attributes"":{""Symbol"":""magic_physdef"",""Rate"":""100""}},{""Tag"":""Attribute"",""Attributes"":{""Symbol"":""magic_energy"",""Rate"":""100""}},{""Tag"":""Attribute"",""Attributes"":{""Symbol"":""magic_intelligence"",""Rate"":""100""}}]"
19095,Equip,10510047,10,Ngọc Nữ Vĩnh Nguyệt Mạo,Hat3_15,1,98,1,55,1,80,-1,1640,1312,200,true,4,80,3,3,1,-1,-1,,"Ngọc nữ vô tâm tu nguyệt quán, Thiếu niên hữu tình khước nại hà. <color=#00FF00><br>(Cả bộ do Mạnh Thanh Thanh của <color=#FFFF00>Nga My<color=#00FF00> thiết kế)<color=#00FF00>",,"[{""Tag"":""BaseAttribute"",""Attributes"":{""Symbol"":""magic_physdefbase"",""Value"":""266""}},{""Tag"":""BaseAttribute"",""Attributes"":{""Symbol"":""magic_magicdefbase"",""Value"":""266""}},{""Tag"":""Attribute"",""Attributes"":{""Symbol"":""magic_physdef"",""Rate"":""100""}},{""Tag"":""Attribute"",""Attributes"":{""Symbol"":""magic_energy"",""Rate"":""100""}},{""Tag"":""Attribute"",""Attributes"":{""Symbol"":""magic_intelligence"",""Rate"":""100""}}]"
19096,Equip,10510048,10,Chưa dùng,Hat4_3,1,99,2,-1,-1,90,-1,2240,1792,200,true,4,90,4,4,1,-1,-1,,Chưa dùng,,"[{""Tag"":""BaseAttribute"",""Attributes"":{""Symbol"":""magic_physdefbase"",""Value"":""298""}},{""Tag"":""BaseAttribute"",""Attributes"":{""Symbol"":""magic_magicdefbase"",""Value"":""298""}},{""Tag"":""Attribute"",""Attributes"":{""Symbol"":""magic_physdef"",""Rate"":""100""}},{""Tag"":""Attribute"",""Attributes"":{""Symbol"":""magic_magicdef"",""Rate"":""100""}},{""Tag"":""Attribute"",""Attributes"":{""Symbol"":""magic_energy"",""Rate"":""100""}},{""Tag"":""Attribute"",""Attributes"":{""Symbol"":""magic_intelligence"",""Rate"":""100""}}]"
19097,Equip,10510049,10,Thần Phệ Ngọc Lạc Quán,Hat4_4,1,100,1,59,1,100,-1,3160,2528,200,true,4,100,4,4,1,-1,-1,,"Hoàng tuyền lộ thượng đa tình chủng, Thần phệ vạn vật nhất trường không. <color=#00FF00><br>(Cả bộ do Mạnh Thanh Thanh của <color=#FFFF00>Nga My<color=#00FF00> thiết kế)<color=#00FF00>",,"[{""Tag"":""BaseAttribute"",""Attributes"":{""Symbol"":""magic_physdefbase"",""Value"":""330""}},{""Tag"":""BaseAttribute"",""Attributes"":{""Symbol"":""magic_magicdefbase"",""Value"":""330""}},{""Tag"":""Attribute"",""Attributes"":{""Symbol"":""magic_physdef"",""Rate"":""100""}},{""Tag"":""Attribute"",""Attributes"":{""Symbol"":""magic_magicdef"",""Rate"":""100""}},{""Tag"":""Attribute"",""Attributes"":{""Symbol"":""magic_energy"",""Rate"":""100""}},{""Tag"":""Attribute"",""Attributes"":{""Symbol"":""magic_intelligence"",""Rate"":""100""}}]"
19098,Equip,10510050,10,Chưa dùng,Hat1_1,1,91,2,-1,-1,10,-1,30,24,200,true,4,10,1,1,1,-1,-1,,Chưa dùng,,"[{""Tag"":""BaseAttribute"",""Attributes"":{""Symbol"":""magic_physdefbase"",""Value"":""42""}},{""Tag"":""BaseAttribute"",""Attributes"":{""Symbol"":""magic_magicdefbase"",""Value"":""42""}},{""Tag"":""Attribute"",""Attributes"":{""Symbol"":""magic_stamina"",""Rate"":""100""}}]"
19099,Equip,10510051,10,Tam Âm Thôi Miễn Mạo,Hat1_7,1,92,1,61,1,20,-1,109,87,200,true,4,20,1,1,1,-1,-1,,"Tinh Túc chi phong triệt cổ hàn, âm khí tập nhân, đoạt nhân chi phách (Gió Tinh Túc lạnh thấu xương, âm khí quấn thân, đoạt mạng người), vật này do đó mà tồn.<color=#00FF00><br>(Cả bộ do Hàn Thế Trung của <color=#FFFFFF><color=#FFFF00>Tinh Túc <color=#FFFFFF><color=#00FF00> thiết kế)",,"[{""Tag"":""BaseAttribute"",""Attributes"":{""Symbol"":""magic_physdefbase"",""Value"":""74""}},{""Tag"":""BaseAttribute"",""Attributes"":{""Symbol"":""magic_magicdefbase"",""Value"":""74""}},{""Tag"":""Attribute"",""Attributes"":{""Symbol"":""magic_stamina"",""Rate"":""100""}}]"
19100,Equip,10510052,10,Chưa dùng,Hat1_9,1,93,2,-1,-1,30,-1,169,135,200,true,4,30,1,1,1,-1,-1,,Chưa dùng,,"[{""Tag"":""BaseAttribute"",""Attributes"":{""Symbol"":""magic_physdefbase"",""Value"":""106""}},{""Tag"":""BaseAttribute"",""Attributes"":{""Symbol"":""magic_magicdefbase"",""Value"":""106""}},{""Tag"":""Attribute"",""Attributes"":{""Symbol"":""magic_stamina"",""Rate"":""100""}}]"
19101,Equip,10510053,10,Triền Hồn Huyền Minh Mạo,Hat1_10,1,94,1,63,1,40,-1,331,264,200,true,4,40,2,2,1,-1,-1,,"Triền hồn ác quỷ nhiễu thân tiền, huyền minh tiên nhân túc thanh chi, vật này do đó có tiếng.<color=#00FF00><br>(Cả bộ do Hàn Thế Trung của<color=#FFFFFF> <color=#FFFF00>Tinh Túc<color=#FFFFFF> <color=#00FF00> thiết kế)",,"[{""Tag"":""BaseAttribute"",""Attributes"":{""Symbol"":""magic_physdefbase"",""Value"":""138""}},{""Tag"":""BaseAttribute"",""Attributes"":{""Symbol"":""magic_magicdefbase"",""Value"":""138""}},{""Tag"":""Attribute"",""Attributes"":{""Symbol"":""magic_energy"",""Rate"":""100""}},{""Tag"":""Attribute"",""Attributes"":{""Symbol"":""magic_stamina"",""Rate"":""100""}}]"
19102,Equip,10510054,10,Chưa dùng,Hat1_14,1,95,2,-1,-1,50,-1,554,443,200,true,4,50,2,2,1,-1,-1,,Chưa dùng,,"[{""Tag"":""BaseAttribute"",""Attributes"":{""Symbol"":""magic_physdefbase"",""Value"":""170""}},{""Tag"":""BaseAttribute"",""Attributes"":{""Symbol"":""magic_magicdefbase"",""Value"":""170""}},{""Tag"":""Attribute"",""Attributes"":{""Symbol"":""magic_energy"",""Rate"":""100""}},{""Tag"":""Attribute"",""Attributes"":{""Symbol"":""magic_stamina"",""Rate"":""100""}}]"
19103,Equip,10510055,10,Chưa dùng,Hat1_15,1,96,2,-1,-1,60,-1,890,712,200,true,4,60,2,2,1,-1,-1,,Chưa dùng,,"[{""Tag"":""BaseAttribute"",""Attributes"":{""Symbol"":""magic_physdefbase"",""Value"":""202""}},{""Tag"":""BaseAttribute"",""Attributes"":{""Symbol"":""magic_magicdefbase"",""Value"":""202""}},{""Tag"":""Attribute"",""Attributes"":{""Symbol"":""magic_energy"",""Rate"":""100""}},{""Tag"":""Attribute"",""Attributes"":{""Symbol"":""magic_stamina"",""Rate"":""100""}}]"
19104,Equip,10510056,10,Luyện Tâm Mỵ Nguyệt Quán,Hat2_2,1,97,1,66,1,70,-1,1255,1004,200,true,4,70,3,3,1,-1,-1,,"U hồn luyện tâm vi tình đoạn, mị nguyệt lãnh sáp thùy nhân tri, vật này do đó có tiếng.<color=#00FF00><br>(Cả bộ do Hàn Thế Trung của<color=#FFFFFF> <color=#FFFF00>Tinh Túc <color=#FFFFFF><color=#00FF00> thiết kế)<color=#FFFFFF>.",,"[{""Tag"":""BaseAttribute"",""Attributes"":{""Symbol"":""magic_physdefbase"",""Value"":""234""}},{""Tag"":""BaseAttribute"",""Attributes"":{""Symbol"":""magic_magicdefbase"",""Value"":""234""}},{""Tag"":""Attribute"",""Attributes"":{""Symbol"":""magic_physdef"",""Rate"":""100""}},{""Tag"":""Attribute"",""Attributes"":{""Symbol"":""magic_energy"",""Rate"":""100""}},{""Tag"":""Attribute"",""Attributes"":{""Symbol"":""magic_stamina"",""Rate"":""100""}}]"
19105,Equip,10510057,10,Chưa dùng,Hat2_3,1,98,2,-1,-1,80,-1,1640,1312,200,true,4,80,3,3,1,-1,-1,,Chưa dùng,,"[{""Tag"":""BaseAttribute"",""Attributes"":{""Symbol"":""magic_physdefbase"",""Value"":""266""}},{""Tag"":""BaseAttribute"",""Attributes"":{""Symbol"":""magic_magicdefbase"",""Value"":""266""}},{""Tag"":""Attribute"",""Attributes"":{""Symbol"":""magic_physdef"",""Rate"":""100""}},{""Tag"":""Attribute"",""Attributes"":{""Symbol"":""magic_energy"",""Rate"":""100""}},{""Tag"":""Attribute"",""Attributes"":{""Symbol"":""magic_stamina"",""Rate"":""100""}}]"
19106,Equip,10510058,10,Chưa dùng,Hat2_8,1,99,2,-1,-1,90,-1,2240,1792,200,true,4,90,4,4,1,-1,-1,,Chưa dùng,,"[{""Tag"":""BaseAttribute"",""Attributes"":{""Symbol"":""magic_physdefbase"",""Value"":""298""}},{""Tag"":""BaseAttribute"",""Attributes"":{""Symbol"":""magic_magicdefbase"",""Value"":""298""}},{""Tag"":""Attribute"",""Attributes"":{""Symbol"":""magic_maxhp"",""Rate"":""100""}},{""Tag"":""Attribute"",""Attributes"":{""Symbol"":""magic_physdef"",""Rate"":""100""}},{""Tag"":""Attribute"",""Attributes"":{""Symbol"":""magic_energy"",""Rate"":""100""}},{""Tag"":""Attribute"",""Attributes"":{""Symbol"":""magic_stamina"",""Rate"":""100""}}]"
19107,Equip,10510059,10,Lưu Hồn Túc Diệt Quán,Hat2_10,1,100,1,71,1,100,-1,3160,2528,200,true,4,100,4,4,1,-1,-1,,"Lưu hồn dĩ miệt tình dã tận, Túc diệt bất tái ký tiền trần. <color=#00FF00><br>(Cả bộ do Hàn Thế Trung <color=#FFFF00>Tinh Túc<color=#00FF00> thiết kế)<color=#00FF00>",,"[{""Tag"":""BaseAttribute"",""Attributes"":{""Symbol"":""magic_physdefbase"",""Value"":""330""}},{""Tag"":""BaseAttribute"",""Attributes"":{""Symbol"":""magic_magicdefbase"",""Value"":""330""}},{""Tag"":""Attribute"",""Attributes"":{""Symbol"":""magic_maxhp"",""Rate"":""100""}},{""Tag"":""Attribute"",""Attributes"":{""Symbol"":""magic_physdef"",""Rate"":""100""}},{""Tag"":""Attribute"",""Attributes"":{""Symbol"":""magic_energy"",""Rate"":""100""}},{""Tag"":""Attribute"",""Attributes"":{""Symbol"":""magic_stamina"",""Rate"":""100""}}]"
19108,Equip,10510060,10,Đạp Tuyết Phân Kim Mạo,Hat2_11,1,91,1,72,1,10,-1,30,24,200,true,4,10,1,1,1,-1,-1,,"Đạp tuyết chiết mai vô tình thủ, phân kim bích lạc si tình chủng, vật này dựa đó mà tồn.<color=#00FF00><br>(Cả bộ do Phù Mẫn Nghi của<color=#FFFFFF> <color=#FFFF00>Thiên Sơn <color=#FFFFFF><color=#00FF00> thiết kế)",,"[{""Tag"":""BaseAttribute"",""Attributes"":{""Symbol"":""magic_physdefbase"",""Value"":""42""}},{""Tag"":""BaseAttribute"",""Attributes"":{""Symbol"":""magic_magicdefbase"",""Value"":""42""}},{""Tag"":""Attribute"",""Attributes"":{""Symbol"":""magic_strength"",""Rate"":""100""}}]"
19109,Equip,10510061,10,Chưa dùng,Hat2_7,1,102,2,-1,-1,20,-1,109,87,200,true,4,20,1,1,1,-1,-1,,Chưa dùng,,"[{""Tag"":""BaseAttribute"",""Attributes"":{""Symbol"":""magic_physdefbase"",""Value"":""74""}},{""Tag"":""BaseAttribute"",""Attributes"":{""Symbol"":""magic_magicdefbase"",""Value"":""74""}},{""Tag"":""Attribute"",""Attributes"":{""Symbol"":""magic_strength"",""Rate"":""100""}}]"
19110,Equip,10510062,10,Chưa dùng,Hat3_1,1,103,2,-1,-1,30,-1,169,135,200,true,4,30,1,1,1,-1,-1,,Chưa dùng,,"[{""Tag"":""BaseAttribute"",""Attributes"":{""Symbol"":""magic_physdefbase"",""Value"":""106""}},{""Tag"":""BaseAttribute"",""Attributes"":{""Symbol"":""magic_magicdefbase"",""Value"":""106""}},{""Tag"":""Attribute"",""Attributes"":{""Symbol"":""magic_strength"",""Rate"":""100""}}]"
19111,Equip,10510063,10,Chưa dùng,Hat2_16,1,104,2,-1,-1,40,-1,331,264,200,true,4,40,2,2,1,-1,-1,,Chưa dùng,,"[{""Tag"":""BaseAttribute"",""Attributes"":{""Symbol"":""magic_physdefbase"",""Value"":""138""}},{""Tag"":""BaseAttribute"",""Attributes"":{""Symbol"":""magic_magicdefbase"",""Value"":""138""}},{""Tag"":""Attribute"",""Attributes"":{""Symbol"":""magic_strength"",""Rate"":""100""}},{""Tag"":""Attribute"",""Attributes"":{""Symbol"":""magic_dexterity"",""Rate"":""100""}}]"
19112,Equip,10510064,10,Chưa dùng,Hat3_4,1,105,2,-1,-1,50,-1,554,443,200,true,4,50,2,2,1,-1,-1,,Chưa dùng,,"[{""Tag"":""BaseAttribute"",""Attributes"":{""Symbol"":""magic_physdefbase"",""Value"":""170""}},{""Tag"":""BaseAttribute"",""Attributes"":{""Symbol"":""magic_magicdefbase"",""Value"":""170""}},{""Tag"":""Attribute"",""Attributes"":{""Symbol"":""magic_strength"",""Rate"":""100""}},{""Tag"":""Attribute"",""Attributes"":{""Symbol"":""magic_dexterity"",""Rate"":""100""}}]"
19113,Equip,10510065,10,Lục Dương Hoán Mỵ Quán,Hat3_11,1,106,1,77,1,60,-1,890,712,200,true,4,60,2,2,1,-1,-1,,"Lục Dương chi tuyết dĩ hóa thủy, hoán mị chi tư thành du hồn, vật này do đó có tiếng.<color=#00FF00><br>(Cả bộ do Phù Mẫn Nghi của<color=#FFFFFF> <color=#FFFF00>Thiên Sơn<color=#FFFFFF> <color=#00FF00> thiết kế)<color=#FFFFFF>.",,"[{""Tag"":""BaseAttribute"",""Attributes"":{""Symbol"":""magic_physdefbase"",""Value"":""202""}},{""Tag"":""BaseAttribute"",""Attributes"":{""Symbol"":""magic_magicdefbase"",""Value"":""202""}},{""Tag"":""Attribute"",""Attributes"":{""Symbol"":""magic_strength"",""Rate"":""100""}},{""Tag"":""Attribute"",""Attributes"":{""Symbol"":""magic_dexterity"",""Rate"":""100""}}]"
19114,Equip,10510066,10,Nguyệt Phàm Mộ Vân Mạo,Hat3_6,1,107,1,78,1,70,-1,1255,1004,200,true,4,70,3,3,1,-1,-1,,"Lãnh nguyệt chiếu phàm phiếm thanh sầu, hà mộ chiếu vân nhất ti hồng, vật này dựa đó có tiếng.<color=#00FF00><br>(Cả bộ do Phù Mẫn Nghi của <color=#FFFFFF><color=#FFFF00>Thiên Sơn<color=#FFFFFF> <color=#00FF00> thiết kế)",,"[{""Tag"":""BaseAttribute"",""Attributes"":{""Symbol"":""magic_physdefbase"",""Value"":""234""}},{""Tag"":""BaseAttribute"",""Attributes"":{""Symbol"":""magic_magicdefbase"",""Value"":""234""}},{""Tag"":""Attribute"",""Attributes"":{""Symbol"":""magic_physdef"",""Rate"":""100""}},{""Tag"":""Attribute"",""Attributes"":{""Symbol"":""magic_strength"",""Rate"":""100""}},{""Tag"":""Attribute"",""Attributes"":{""Symbol"":""magic_dexterity"",""Rate"":""100""}}]"
19115,Equip,10510067,10,Chưa dùng,Hat3_8,1,108,2,-1,-1,80,-1,1640,1312,200,true,4,80,3,3,1,-1,-1,,Chưa dùng,,"[{""Tag"":""BaseAttribute"",""Attributes"":{""Symbol"":""magic_physdefbase"",""Value"":""266""}},{""Tag"":""BaseAttribute"",""Attributes"":{""Symbol"":""magic_magicdefbase"",""Value"":""266""}},{""Tag"":""Attribute"",""Attributes"":{""Symbol"":""magic_physdef"",""Rate"":""100""}},{""Tag"":""Attribute"",""Attributes"":{""Symbol"":""magic_strength"",""Rate"":""100""}},{""Tag"":""Attribute"",""Attributes"":{""Symbol"":""magic_dexterity"",""Rate"":""100""}}]"
19116,Equip,10510068,10,Tâm Vân Lăng Tuyết Mạo,Hat3_7,1,109,1,80,1,90,-1,2240,1792,200,true,4,90,4,4,1,-1,-1,,"Tâm tựa du vận phiêu vạn lý, Thần hạc minh khấp bạn bối tâm. <color=#00FF00><br>(Cả bộ do Phù Mẫn Nghi của <color=#FFFF00>Thiên Sơn<color=#00FF00> thiết kế)<color=#00FF00>",,"[{""Tag"":""BaseAttribute"",""Attributes"":{""Symbol"":""magic_physdefbase"",""Value"":""298""}},{""Tag"":""BaseAttribute"",""Attributes"":{""Symbol"":""magic_magicdefbase"",""Value"":""298""}},{""Tag"":""Attribute"",""Attributes"":{""Symbol"":""magic_physdef"",""Rate"":""100""}},{""Tag"":""Attribute"",""Attributes"":{""Symbol"":""magic_dodge"",""Rate"":""100""}},{""Tag"":""Attribute"",""Attributes"":{""Symbol"":""magic_strength"",""Rate"":""100""}},{""Tag"":""Attribute"",""Attributes"":{""Symbol"":""magic_dexterity"",""Rate"":""100""}}]"
19117,Equip,10510069,10,Bích Lạc Tả Ngân Mạo,Hat3_14,1,110,1,83,1,100,-1,3160,2528,200,true,4,100,4,4,1,-1,-1,,"Bích lạc hoàng tuyền hữu tình thiên, Ngân tả u minh vô tình hận. <color=#00FF00><br>(Cả bộ do Phù Mẫn Nghi của <color=#FFFF00>Thiên Sơn<color=#00FF00> thiết kế)<color=#00FF00>",,"[{""Tag"":""BaseAttribute"",""Attributes"":{""Symbol"":""magic_physdefbase"",""Value"":""330""}},{""Tag"":""BaseAttribute"",""Attributes"":{""Symbol"":""magic_magicdefbase"",""Value"":""330""}},{""Tag"":""Attribute"",""Attributes"":{""Symbol"":""magic_physdef"",""Rate"":""100""}},{""Tag"":""Attribute"",""Attributes"":{""Symbol"":""magic_dodge"",""Rate"":""100""}},{""Tag"":""Attribute"",""Attributes"":{""Symbol"":""magic_strength"",""Rate"":""100""}},{""Tag"":""Attribute"",""Attributes"":{""Symbol"":""magic_dexterity"",""Rate"":""100""}}]"
19118,Equip,10510070,10,Chưa dùng,Hat3_13,1,101,2,-1,-1,10,-1,30,24,200,true,4,10,1,1,1,-1,-1,,Chưa dùng,,"[{""Tag"":""BaseAttribute"",""Attributes"":{""Symbol"":""magic_physdefbase"",""Value"":""42""}},{""Tag"":""BaseAttribute"",""Attributes"":{""Symbol"":""magic_magicdefbase"",""Value"":""42""}},{""Tag"":""Attribute"",""Attributes"":{""Symbol"":""magic_energy"",""Rate"":""100""}}]"
19119,Equip,10510071,10,Chưa dùng,Hat3_12,1,102,2,-1,-1,20,-1,109,87,200,true,4,20,1,1,1,-1,-1,,Chưa dùng,,"[{""Tag"":""BaseAttribute"",""Attributes"":{""Symbol"":""magic_physdefbase"",""Value"":""74""}},{""Tag"":""BaseAttribute"",""Attributes"":{""Symbol"":""magic_magicdefbase"",""Value"":""74""}},{""Tag"":""Attribute"",""Attributes"":{""Symbol"":""magic_energy"",""Rate"":""100""}}]"
19120,Equip,10510072,10,Thương Trúc Thúy Lân Mạo,Hat3_15,1,103,1,86,1,30,-1,169,135,200,true,4,30,1,1,1,-1,-1,,"Thương Trúc vạn mủ bích mặc tâm, thúy lân luyện giáp hạ khiên trần, vật này do đó có tiếng.<color=#00FF00><br>(Cả bộ do Thạch Thanh Lộ của<color=#FFFFFF> <color=#FFFF00>Tiêu Dao<color=#FFFFFF> <color=#00FF00> thiết kế)",,"[{""Tag"":""BaseAttribute"",""Attributes"":{""Symbol"":""magic_physdefbase"",""Value"":""106""}},{""Tag"":""BaseAttribute"",""Attributes"":{""Symbol"":""magic_magicdefbase"",""Value"":""106""}},{""Tag"":""Attribute"",""Attributes"":{""Symbol"":""magic_energy"",""Rate"":""100""}}]"
19121,Equip,10510073,10,Chiết Mai Vân Long Mạo,Hat4_3,1,104,1,87,1,40,-1,331,264,200,true,4,40,2,2,1,-1,-1,,"Chiết mai sơn trung tâm ám thương, vân long vô tâm không bi ô, vật này do đó có tiếng.<color=#00FF00><br>(Cả bộ do Thạch Thanh Lộ của <color=#FFFFFF><color=#FFFF00>Tiêu Dao <color=#FFFFFF><color=#00FF00> thiết kế)",,"[{""Tag"":""BaseAttribute"",""Attributes"":{""Symbol"":""magic_physdefbase"",""Value"":""138""}},{""Tag"":""BaseAttribute"",""Attributes"":{""Symbol"":""magic_magicdefbase"",""Value"":""138""}},{""Tag"":""Attribute"",""Attributes"":{""Symbol"":""magic_energy"",""Rate"":""100""}},{""Tag"":""Attribute"",""Attributes"":{""Symbol"":""magic_intelligence"",""Rate"":""100""}}]"
19122,Equip,10510074,10,Chưa dùng,Hat4_4,1,105,2,-1,-1,50,-1,554,443,200,true,4,50,2,2,1,-1,-1,,Chưa dùng,,"[{""Tag"":""BaseAttribute"",""Attributes"":{""Symbol"":""magic_physdefbase"",""Value"":""170""}},{""Tag"":""BaseAttribute"",""Attributes"":{""Symbol"":""magic_magicdefbase"",""Value"":""170""}},{""Tag"":""Attribute"",""Attributes"":{""Symbol"":""magic_energy"",""Rate"":""100""}},{""Tag"":""Attribute"",""Attributes"":{""Symbol"":""magic_intelligence"",""Rate"":""100""}}]"
19123,Equip,10510075,10,Chưa dùng,Hat3_4,1,106,2,-1,-1,60,-1,890,712,200,true,4,60,2,2,1,-1,-1,,Chưa dùng,,"[{""Tag"":""BaseAttribute"",""Attributes"":{""Symbol"":""magic_physdefbase"",""Value"":""202""}},{""Tag"":""BaseAttribute"",""Attributes"":{""Symbol"":""magic_magicdefbase"",""Value"":""202""}},{""Tag"":""Attribute"",""Attributes"":{""Symbol"":""magic_energy"",""Rate"":""100""}},{""Tag"":""Attribute"",""Attributes"":{""Symbol"":""magic_intelligence"",""Rate"":""100""}}]"
19124,Equip,10510076,10,Chưa dùng,Hat3_11,1,107,2,-1,-1,70,-1,1255,1004,200,true,4,70,3,3,1,-1,-1,,Chưa dùng,,"[{""Tag"":""BaseAttribute"",""Attributes"":{""Symbol"":""magic_physdefbase"",""Value"":""234""}},{""Tag"":""BaseAttribute"",""Attributes"":{""Symbol"":""magic_magicdefbase"",""Value"":""234""}},{""Tag"":""Attribute"",""Attributes"":{""Symbol"":""magic_physdef"",""Rate"":""100""}},{""Tag"":""Attribute"",""Attributes"":{""Symbol"":""magic_energy"",""Rate"":""100""}},{""Tag"":""Attribute"",""Attributes"":{""Symbol"":""magic_intelligence"",""Rate"":""100""}}]"
19125,Equip,10510077,10,Tru Tiên Thủy Trúc Mão,Hat3_6,1,108,1,91,1,80,-1,1640,1312,200,true,4,80,3,3,1,-1,-1,,"Thúy trúc doanh doanh bích hoa âm, Dao trì chi lâm diễn tru tiên. <color=#00FF00><br>(Cả bộ do Thạch Thanh Lộ của <color=#FFFF00>Tiêu Dao<color=#00FF00> thiết kế)<color=#00FF00>",,"[{""Tag"":""BaseAttribute"",""Attributes"":{""Symbol"":""magic_physdefbase"",""Value"":""266""}},{""Tag"":""BaseAttribute"",""Attributes"":{""Symbol"":""magic_magicdefbase"",""Value"":""266""}},{""Tag"":""Attribute"",""Attributes"":{""Symbol"":""magic_physdef"",""Rate"":""100""}},{""Tag"":""Attribute"",""Attributes"":{""Symbol"":""magic_energy"",""Rate"":""100""}},{""Tag"":""Attribute"",""Attributes"":{""Symbol"":""magic_intelligence"",""Rate"":""100""}}]"
19126,Equip,10510078,10,Chưa dùng,Hat3_8,1,109,2,-1,-1,90,-1,2240,1792,200,true,4,90,4,4,1,-1,-1,,Chưa dùng,,"[{""Tag"":""BaseAttribute"",""Attributes"":{""Symbol"":""magic_physdefbase"",""Value"":""298""}},{""Tag"":""BaseAttribute"",""Attributes"":{""Symbol"":""magic_magicdefbase"",""Value"":""298""}},{""Tag"":""Attribute"",""Attributes"":{""Symbol"":""magic_physdef"",""Rate"":""100""}},{""Tag"":""Attribute"",""Attributes"":{""Symbol"":""magic_magicdef"",""Rate"":""100""}},{""Tag"":""Attribute"",""Attributes"":{""Symbol"":""magic_energy"",""Rate"":""100""}},{""Tag"":""Attribute"",""Attributes"":{""Symbol"":""magic_intelligence"",""Rate"":""100""}}]"
19127,Equip,10510079,10,Hành Vân Trúc Nguyệt Mạo,Hat3_7,1,110,1,95,1,100,-1,3160,2528,200,true,4,100,4,4,1,-1,-1,,"Hành vân trục nguyệt nguyên hữu tình, Đãn ngộ vô tri bạc tình lang. <color=#00FF00><br>(Cả bộ do Thạch Thanh Lộ của <color=#FFFF00>Tiêu Dao<color=#00FF00> thiết kế)<color=#00FF00>",,"[{""Tag"":""BaseAttribute"",""Attributes"":{""Symbol"":""magic_physdefbase"",""Value"":""330""}},{""Tag"":""BaseAttribute"",""Attributes"":{""Symbol"":""magic_magicdefbase"",""Value"":""330""}},{""Tag"":""Attribute"",""Attributes"":{""Symbol"":""magic_physdef"",""Rate"":""100""}},{""Tag"":""Attribute"",""Attributes"":{""Symbol"":""magic_magicdef"",""Rate"":""100""}},{""Tag"":""Attribute"",""Attributes"":{""Symbol"":""magic_energy"",""Rate"":""100""}},{""Tag"":""Attribute"",""Attributes"":{""Symbol"":""magic_intelligence"",""Rate"":""100""}}]"
19128,Equip,10510080,10,Chưa dùng,Hat3_14,1,101,2,-1,-1,10,-1,30,24,200,true,4,10,1,1,1,-1,-1,,Chưa dùng,,"[{""Tag"":""BaseAttribute"",""Attributes"":{""Symbol"":""magic_physdefbase"",""Value"":""42""}},{""Tag"":""BaseAttribute"",""Attributes"":{""Symbol"":""magic_magicdefbase"",""Value"":""42""}},{""Tag"":""Attribute"",""Attributes"":{""Symbol"":""magic_dexterity"",""Rate"":""100""}}]"
19129,Equip,10510081,10,Nhất Dương Long Ngâm Mạo,Hat3_13,1,102,1,97,1,20,-1,109,87,200,true,4,20,1,1,1,-1,-1,,"Võ công Thiên Long, lấy lục mạch lầm đầu nhất dương hơi thấp, vật này lấy đó đặt tên.<color=#00FF00><br>(Cả bộ do Tề Quy Điệp của <color=#FFFFFF><color=#FFFF00>Thiên Long <color=#FFFFFF><color=#00FF00> thiết kế)",,"[{""Tag"":""BaseAttribute"",""Attributes"":{""Symbol"":""magic_physdefbase"",""Value"":""74""}},{""Tag"":""BaseAttribute"",""Attributes"":{""Symbol"":""magic_magicdefbase"",""Value"":""74""}},{""Tag"":""Attribute"",""Attributes"":{""Symbol"":""magic_dexterity"",""Rate"":""100""}}]"
19130,Equip,10510082,10,Chưa dùng,Hat3_12,1,103,2,-1,-1,30,-1,169,135,200,true,4,30,1,1,1,-1,-1,,Chưa dùng,,"[{""Tag"":""BaseAttribute"",""Attributes"":{""Symbol"":""magic_physdefbase"",""Value"":""106""}},{""Tag"":""BaseAttribute"",""Attributes"":{""Symbol"":""magic_magicdefbase"",""Value"":""106""}},{""Tag"":""Attribute"",""Attributes"":{""Symbol"":""magic_dexterity"",""Rate"":""100""}}]"
19131,Equip,10510083,10,Thiếu Thương Mộ Lạc Quán,Hat3_15,1,104,1,99,1,40,-1,331,264,200,true,4,40,2,2,1,-1,-1,,"Thiếu Thương, một trong Lục Mạch Thần Kiếm, khí tẩu thiếu thương, kiếm khí chỉ hướng đối thủ lập tức có thể phong chặt huyệt đạo đối thủ, vật này lấy đó làm tên.<color=#00FF00><br>(Cả bộ do Tề Quy Điệp của <color=#FFFFFF><color=#FFFF00>Thiên Long<color=#FFFFFF> <color=#00FF00> thiết kế)",,"[{""Tag"":""BaseAttribute"",""Attributes"":{""Symbol"":""magic_physdefbase"",""Value"":""138""}},{""Tag"":""BaseAttribute"",""Attributes"":{""Symbol"":""magic_magicdefbase"",""Value"":""138""}},{""Tag"":""Attribute"",""Attributes"":{""Symbol"":""magic_stamina"",""Rate"":""100""}},{""Tag"":""Attribute"",""Attributes"":{""Symbol"":""magic_dexterity"",""Rate"":""100""}}]"
19132,Equip,10510084,10,Chưa dùng,Hat4_3,1,105,2,-1,-1,50,-1,554,443,200,true,4,50,2,2,1,-1,-1,,Chưa dùng,,"[{""Tag"":""BaseAttribute"",""Attributes"":{""Symbol"":""magic_physdefbase"",""Value"":""170""}},{""Tag"":""BaseAttribute"",""Attributes"":{""Symbol"":""magic_magicdefbase"",""Value"":""170""}},{""Tag"":""Attribute"",""Attributes"":{""Symbol"":""magic_stamina"",""Rate"":""100""}},{""Tag"":""Attribute"",""Attributes"":{""Symbol"":""magic_dexterity"",""Rate"":""100""}}]"
19133,Equip,10510085,10,Chưa dùng,Hat4_4,1,106,2,-1,-1,60,-1,890,712,200,true,4,60,2,2,1,-1,-1,,Chưa dùng,,"[{""Tag"":""BaseAttribute"",""Attributes"":{""Symbol"":""magic_physdefbase"",""Value"":""202""}},{""Tag"":""BaseAttribute"",""Attributes"":{""Symbol"":""magic_magicdefbase"",""Value"":""202""}},{""Tag"":""Attribute"",""Attributes"":{""Symbol"":""magic_stamina"",""Rate"":""100""}},{""Tag"":""Attribute"",""Attributes"":{""Symbol"":""magic_dexterity"",""Rate"":""100""}}]"
19134,Equip,10510086,10,Quan Xung Mộc Vũ Mạo,Hat3_11,1,107,1,102,1,70,-1,1255,1004,200,true,4,70,3,3,1,-1,-1,,"Quan Xung, một trong Lục Mạch Thần Kiếm, khí tẩu quan xung, nơi chỗ chân khí đi qua lưu thông toàn xương cốt, thần sắc sảng khoái, vật này do đó có tiếng.<color=#00FF00><br>(Cả bộ do Tề Quy Điệp của <color=#FFFFFF><color=#FFFF00>Thiên Long <color=#FFFFFF><color=#00FF00> thiết kế)",,"[{""Tag"":""BaseAttribute"",""Attributes"":{""Symbol"":""magic_physdefbase"",""Value"":""234""}},{""Tag"":""BaseAttribute"",""Attributes"":{""Symbol"":""magic_magicdefbase"",""Value"":""234""}},{""Tag"":""Attribute"",""Attributes"":{""Symbol"":""magic_physdef"",""Rate"":""100""}},{""Tag"":""Attribute"",""Attributes"":{""Symbol"":""magic_stamina"",""Rate"":""100""}},{""Tag"":""Attribute"",""Attributes"":{""Symbol"":""magic_dexterity"",""Rate"":""100""}}]"
19135,Equip,10510087,10,Chưa dùng,Hat3_6,1,108,2,-1,-1,80,-1,1640,1312,200,true,4,80,3,3,1,-1,-1,,Chưa dùng,,"[{""Tag"":""BaseAttribute"",""Attributes"":{""Symbol"":""magic_physdefbase"",""Value"":""266""}},{""Tag"":""BaseAttribute"",""Attributes"":{""Symbol"":""magic_magicdefbase"",""Value"":""266""}},{""Tag"":""Attribute"",""Attributes"":{""Symbol"":""magic_physdef"",""Rate"":""100""}},{""Tag"":""Attribute"",""Attributes"":{""Symbol"":""magic_stamina"",""Rate"":""100""}},{""Tag"":""Attribute"",""Attributes"":{""Symbol"":""magic_dexterity"",""Rate"":""100""}}]"
19136,Equip,10510088,10,Chưa dùng,Hat3_8,1,109,2,-1,-1,90,-1,2240,1792,200,true,4,90,4,4,1,-1,-1,,Chưa dùng,,"[{""Tag"":""BaseAttribute"",""Attributes"":{""Symbol"":""magic_physdefbase"",""Value"":""298""}},{""Tag"":""BaseAttribute"",""Attributes"":{""Symbol"":""magic_magicdefbase"",""Value"":""298""}},{""Tag"":""Attribute"",""Attributes"":{""Symbol"":""magic_physdef"",""Rate"":""100""}},{""Tag"":""Attribute"",""Attributes"":{""Symbol"":""magic_hit"",""Rate"":""100""}},{""Tag"":""Attribute"",""Attributes"":{""Symbol"":""magic_stamina"",""Rate"":""100""}},{""Tag"":""Attribute"",""Attributes"":{""Symbol"":""magic_dexterity"",""Rate"":""100""}}]"
19137,Equip,10510089,10,Thương Ngọc Long Lân Thủ,Hat3_7,1,110,1,107,1,100,-1,3160,2528,200,true,4,100,4,4,1,-1,-1,,"Thương lâm thanh ngọc số thiên niên, Long lạc kim lân dĩ vạn tái. <color=#00FF00><br>(Cả bộ do Tề Quy Điệp của<color=#FFFFFF> <color=#FFFF00>Thiên Long<color=#FFFFFF> <color=#00FF00> thiết kế)",,"[{""Tag"":""BaseAttribute"",""Attributes"":{""Symbol"":""magic_physdefbase"",""Value"":""330""}},{""Tag"":""BaseAttribute"",""Attributes"":{""Symbol"":""magic_magicdefbase"",""Value"":""330""}},{""Tag"":""Attribute"",""Attributes"":{""Symbol"":""magic_physdef"",""Rate"":""100""}},{""Tag"":""Attribute"",""Attributes"":{""Symbol"":""magic_hit"",""Rate"":""100""}},{""Tag"":""Attribute"",""Attributes"":{""Symbol"":""magic_stamina"",""Rate"":""100""}},{""Tag"":""Attribute"",""Attributes"":{""Symbol"":""magic_dexterity"",""Rate"":""100""}}]"
19138,Equip,10510090,10,Độ Lô Tây Thục Đoan,Hat3_5,1,98,1,145,1,76,-1,1255,1004,200,true,4,76,3,3,1,-1,-1,,"Thâm độ Nam Lô, trường khu Tây Thục, lực cự Đông Ngô. <color=#00FF00>Phù hợp với phái Thiên Long",,"[{""Tag"":""BaseAttribute"",""Attributes"":{""Symbol"":""magic_physdefbase"",""Value"":""234""}},{""Tag"":""BaseAttribute"",""Attributes"":{""Symbol"":""magic_magicdefbase"",""Value"":""234""}},{""Tag"":""Attribute"",""Attributes"":{""Symbol"":""magic_magicdef"",""Rate"":""100""}},{""Tag"":""Attribute"",""Attributes"":{""Symbol"":""magic_strength"",""Rate"":""100""}},{""Tag"":""Attribute"",""Attributes"":{""Symbol"":""magic_stamina"",""Rate"":""100""}}]"
19139,Equip,10510091,10,Y Lâu Khê Tà Luân,Hat3_5,1,98,1,146,1,76,-1,1255,1004,200,true,4,76,3,3,1,-1,-1,,"Y lâu tụ chỉ dương hoa tuyết, khê hựu tà, sơn hựu già, nhân khứ dã! <color=#00FF00>Phù hợp với tất cả môn phái",,"[{""Tag"":""BaseAttribute"",""Attributes"":{""Symbol"":""magic_physdefbase"",""Value"":""234""}},{""Tag"":""BaseAttribute"",""Attributes"":{""Symbol"":""magic_magicdefbase"",""Value"":""234""}},{""Tag"":""Attribute"",""Attributes"":{""Symbol"":""magic_magicdef"",""Rate"":""100""}},{""Tag"":""Attribute"",""Attributes"":{""Symbol"":""magic_dodge"",""Rate"":""100""}},{""Tag"":""Attribute"",""Attributes"":{""Symbol"":""magic_dexterity"",""Rate"":""100""}}]"
19140,Equip,10510093,10,Trần Phất Vũ Phong Quan,Hat4_1,1,99,1,148,1,86,-1,1640,1312,200,true,4,86,3,3,1,-1,-1,,"Ca dư trần phất phiến, vũ bãi phong hiên duệ.<color=#00FF00>",,"[{""Tag"":""BaseAttribute"",""Attributes"":{""Symbol"":""magic_physdefbase"",""Value"":""266""}},{""Tag"":""BaseAttribute"",""Attributes"":{""Symbol"":""magic_magicdefbase"",""Value"":""266""}},{""Tag"":""Attribute"",""Attributes"":{""Symbol"":""magic_magicdef"",""Rate"":""100""}},{""Tag"":""Attribute"",""Attributes"":{""Symbol"":""magic_hit"",""Rate"":""100""}},{""Tag"":""Attribute"",""Attributes"":{""Symbol"":""magic_strength"",""Rate"":""100""}}]"
19141,Equip,10510094,10,Hương Phần Hồng Lâu Tuyệt,Hat4_1,1,99,1,149,1,86,-1,1640,1312,200,true,4,86,3,3,1,-1,-1,,"Hương phần kim áp đỉnh, Nhàn bàng tiểu hồng lâu.<color=#00FF00>",,"[{""Tag"":""BaseAttribute"",""Attributes"":{""Symbol"":""magic_physdefbase"",""Value"":""266""}},{""Tag"":""BaseAttribute"",""Attributes"":{""Symbol"":""magic_magicdefbase"",""Value"":""266""}},{""Tag"":""Attribute"",""Attributes"":{""Symbol"":""magic_physatk"",""Rate"":""100""}},{""Tag"":""Attribute"",""Attributes"":{""Symbol"":""magic_strength"",""Rate"":""100""}},{""Tag"":""Attribute"",""Attributes"":{""Symbol"":""magic_stamina"",""Rate"":""100""}}]"
19142,Equip,10510095,10,Cầm Hoành Ly Tình Quan,Hat4_1,1,99,1,150,1,86,-1,1640,1312,200,true,4,86,3,3,1,-1,-1,,"Tất thượng cầm hoành, ai sầu động ly tình, Chỉ hạ phong sanh, tiêu sái lộng thanh thanh.<color=#00FF00>",,"[{""Tag"":""BaseAttribute"",""Attributes"":{""Symbol"":""magic_physdefbase"",""Value"":""266""}},{""Tag"":""BaseAttribute"",""Attributes"":{""Symbol"":""magic_magicdefbase"",""Value"":""266""}},{""Tag"":""Attribute"",""Attributes"":{""Symbol"":""magic_physdef"",""Rate"":""100""}},{""Tag"":""Attribute"",""Attributes"":{""Symbol"":""magic_stamina"",""Rate"":""100""}},{""Tag"":""Attribute"",""Attributes"":{""Symbol"":""magic_intelligence"",""Rate"":""100""}}]"
19143,Equip,10510096,10,Chưa dùng,Hat3_11,1,96,2,-1,-1,70,-1,1255,1004,200,true,4,70,3,3,1,-1,-1,,Chưa dùng,,"[{""Tag"":""BaseAttribute"",""Attributes"":{""Symbol"":""magic_physdefbase"",""Value"":""234""}},{""Tag"":""BaseAttribute"",""Attributes"":{""Symbol"":""magic_magicdefbase"",""Value"":""234""}},{""Tag"":""Attribute"",""Attributes"":{""Symbol"":""magic_physdef"",""Rate"":""100""}},{""Tag"":""Attribute"",""Attributes"":{""Symbol"":""magic_energy"",""Rate"":""100""}},{""Tag"":""Attribute"",""Attributes"":{""Symbol"":""magic_intelligence"",""Rate"":""100""}}]"
19144,Equip,10510097,10,Chưa dùng,Hat3_6,1,97,2,-1,-1,80,-1,1640,1312,200,true,4,80,3,3,1,-1,-1,,Chưa dùng,,"[{""Tag"":""BaseAttribute"",""Attributes"":{""Symbol"":""magic_physdefbase"",""Value"":""266""}},{""Tag"":""BaseAttribute"",""Attributes"":{""Symbol"":""magic_magicdefbase"",""Value"":""266""}},{""Tag"":""Attribute"",""Attributes"":{""Symbol"":""magic_physdef"",""Rate"":""100""}},{""Tag"":""Attribute"",""Attributes"":{""Symbol"":""magic_energy"",""Rate"":""100""}},{""Tag"":""Attribute"",""Attributes"":{""Symbol"":""magic_intelligence"",""Rate"":""100""}}]"
19145,Equip,10510098,10,Chưa dùng,Hat3_8,1,98,2,-1,-1,90,-1,2240,1792,200,true,4,90,4,4,1,-1,-1,,Chưa dùng,,"[{""Tag"":""BaseAttribute"",""Attributes"":{""Symbol"":""magic_physdefbase"",""Value"":""298""}},{""Tag"":""BaseAttribute"",""Attributes"":{""Symbol"":""magic_magicdefbase"",""Value"":""298""}},{""Tag"":""Attribute"",""Attributes"":{""Symbol"":""magic_physdef"",""Rate"":""100""}},{""Tag"":""Attribute"",""Attributes"":{""Symbol"":""magic_magicdef"",""Rate"":""100""}},{""Tag"":""Attribute"",""Attributes"":{""Symbol"":""magic_energy"",""Rate"":""100""}},{""Tag"":""Attribute"",""Attributes"":{""Symbol"":""magic_intelligence"",""Rate"":""100""}}]"
19146,Equip,10510099,10,Chưa dùng,Hat3_7,1,99,2,-1,-1,100,-1,3160,2528,200,true,4,100,4,4,1,-1,-1,,Chưa dùng,,"[{""Tag"":""BaseAttribute"",""Attributes"":{""Symbol"":""magic_physdefbase"",""Value"":""330""}},{""Tag"":""BaseAttribute"",""Attributes"":{""Symbol"":""magic_magicdefbase"",""Value"":""330""}},{""Tag"":""Attribute"",""Attributes"":{""Symbol"":""magic_physdef"",""Rate"":""100""}},{""Tag"":""Attribute"",""Attributes"":{""Symbol"":""magic_magicdef"",""Rate"":""100""}},{""Tag"":""Attribute"",""Attributes"":{""Symbol"":""magic_energy"",""Rate"":""100""}},{""Tag"":""Attribute"",""Attributes"":{""Symbol"":""magic_intelligence"",""Rate"":""100""}}]"
19147,Equip,10510100,10,Chưa dùng,Hat3_14,1,100,2,-1,-1,10,-1,30,24,200,true,4,10,1,1,1,-1,-1,,Chưa dùng,,"[{""Tag"":""BaseAttribute"",""Attributes"":{""Symbol"":""magic_physdefbase"",""Value"":""42""}},{""Tag"":""BaseAttribute"",""Attributes"":{""Symbol"":""magic_magicdefbase"",""Value"":""42""}},{""Tag"":""Attribute"",""Attributes"":{""Symbol"":""magic_dexterity"",""Rate"":""100""}}]"
19148,Equip,10510101,10,Chưa dùng,Hat3_13,1,101,2,-1,-1,20,-1,109,87,200,true,4,20,1,1,1,-1,-1,,Chưa dùng,,"[{""Tag"":""BaseAttribute"",""Attributes"":{""Symbol"":""magic_physdefbase"",""Value"":""74""}},{""Tag"":""BaseAttribute"",""Attributes"":{""Symbol"":""magic_magicdefbase"",""Value"":""74""}},{""Tag"":""Attribute"",""Attributes"":{""Symbol"":""magic_dexterity"",""Rate"":""100""}}]"
19149,Equip,10510102,10,Chưa dùng,Hat3_12,1,102,2,-1,-1,30,-1,169,135,200,true,4,30,1,1,1,-1,-1,,Chưa dùng,,"[{""Tag"":""BaseAttribute"",""Attributes"":{""Symbol"":""magic_physdefbase"",""Value"":""106""}},{""Tag"":""BaseAttribute"",""Attributes"":{""Symbol"":""magic_magicdefbase"",""Value"":""106""}},{""Tag"":""Attribute"",""Attributes"":{""Symbol"":""magic_dexterity"",""Rate"":""100""}}]"
19150,Equip,10510103,10,Chưa dùng,Hat3_15,1,103,2,-1,-1,40,-1,331,264,200,true,4,40,2,2,1,-1,-1,,Chưa dùng,,"[{""Tag"":""BaseAttribute"",""Attributes"":{""Symbol"":""magic_physdefbase"",""Value"":""138""}},{""Tag"":""BaseAttribute"",""Attributes"":{""Symbol"":""magic_magicdefbase"",""Value"":""138""}},{""Tag"":""Attribute"",""Attributes"":{""Symbol"":""magic_stamina"",""Rate"":""100""}},{""Tag"":""Attribute"",""Attributes"":{""Symbol"":""magic_dexterity"",""Rate"":""100""}}]"
19151,Equip,10510104,10,Chưa dùng,Hat4_3,1,104,2,-1,-1,50,-1,554,443,200,true,4,50,2,2,1,-1,-1,,Chưa dùng,,"[{""Tag"":""BaseAttribute"",""Attributes"":{""Symbol"":""magic_physdefbase"",""Value"":""170""}},{""Tag"":""BaseAttribute"",""Attributes"":{""Symbol"":""magic_magicdefbase"",""Value"":""170""}},{""Tag"":""Attribute"",""Attributes"":{""Symbol"":""magic_stamina"",""Rate"":""100""}},{""Tag"":""Attribute"",""Attributes"":{""Symbol"":""magic_dexterity"",""Rate"":""100""}}]"
19152,Equip,10510105,10,Chưa dùng,Hat4_4,1,105,2,-1,-1,60,-1,890,712,200,true,4,60,2,2,1,-1,-1,,Chưa dùng,,"[{""Tag"":""BaseAttribute"",""Attributes"":{""Symbol"":""magic_physdefbase"",""Value"":""202""}},{""Tag"":""BaseAttribute"",""Attributes"":{""Symbol"":""magic_magicdefbase"",""Value"":""202""}},{""Tag"":""Attribute"",""Attributes"":{""Symbol"":""magic_stamina"",""Rate"":""100""}},{""Tag"":""Attribute"",""Attributes"":{""Symbol"":""magic_dexterity"",""Rate"":""100""}}]"
19153,Equip,10510106,10,Chưa dùng,Hat3_11,1,106,2,-1,-1,70,-1,1255,1004,200,true,4,70,3,3,1,-1,-1,,Chưa dùng,,"[{""Tag"":""BaseAttribute"",""Attributes"":{""Symbol"":""magic_physdefbase"",""Value"":""234""}},{""Tag"":""BaseAttribute"",""Attributes"":{""Symbol"":""magic_magicdefbase"",""Value"":""234""}},{""Tag"":""Attribute"",""Attributes"":{""Symbol"":""magic_physdef"",""Rate"":""100""}},{""Tag"":""Attribute"",""Attributes"":{""Symbol"":""magic_stamina"",""Rate"":""100""}},{""Tag"":""Attribute"",""Attributes"":{""Symbol"":""magic_dexterity"",""Rate"":""100""}}]"
19154,Equip,10510107,10,Chưa dùng,Hat3_6,1,107,2,-1,-1,80,-1,1640,1312,200,true,4,80,3,3,1,-1,-1,,Chưa dùng,,"[{""Tag"":""BaseAttribute"",""Attributes"":{""Symbol"":""magic_physdefbase"",""Value"":""266""}},{""Tag"":""BaseAttribute"",""Attributes"":{""Symbol"":""magic_magicdefbase"",""Value"":""266""}},{""Tag"":""Attribute"",""Attributes"":{""Symbol"":""magic_physdef"",""Rate"":""100""}},{""Tag"":""Attribute"",""Attributes"":{""Symbol"":""magic_stamina"",""Rate"":""100""}},{""Tag"":""Attribute"",""Attributes"":{""Symbol"":""magic_dexterity"",""Rate"":""100""}}]"
19155,Equip,10510108,10,Chưa dùng,Hat3_8,1,108,2,-1,-1,90,-1,2240,1792,200,true,4,90,4,4,1,-1,-1,,Chưa dùng,,"[{""Tag"":""BaseAttribute"",""Attributes"":{""Symbol"":""magic_physdefbase"",""Value"":""298""}},{""Tag"":""BaseAttribute"",""Attributes"":{""Symbol"":""magic_magicdefbase"",""Value"":""298""}},{""Tag"":""Attribute"",""Attributes"":{""Symbol"":""magic_physdef"",""Rate"":""100""}},{""Tag"":""Attribute"",""Attributes"":{""Symbol"":""magic_hit"",""Rate"":""100""}},{""Tag"":""Attribute"",""Attributes"":{""Symbol"":""magic_stamina"",""Rate"":""100""}},{""Tag"":""Attribute"",""Attributes"":{""Symbol"":""magic_dexterity"",""Rate"":""100""}}]"
19156,Equip,10510109,10,Chưa dùng,Hat3_7,1,109,2,-1,-1,100,-1,3160,2528,200,true,4,100,4,4,1,-1,-1,,Chưa dùng,,"[{""Tag"":""BaseAttribute"",""Attributes"":{""Symbol"":""magic_physdefbase"",""Value"":""330""}},{""Tag"":""BaseAttribute"",""Attributes"":{""Symbol"":""magic_magicdefbase"",""Value"":""330""}},{""Tag"":""Attribute"",""Attributes"":{""Symbol"":""magic_physdef"",""Rate"":""100""}},{""Tag"":""Attribute"",""Attributes"":{""Symbol"":""magic_hit"",""Rate"":""100""}},{""Tag"":""Attribute"",""Attributes"":{""Symbol"":""magic_stamina"",""Rate"":""100""}},{""Tag"":""Attribute"",""Attributes"":{""Symbol"":""magic_dexterity"",""Rate"":""100""}}]"
19157,Equip,10510110,10,Bích Liễu Ty Mạo,Hat3_11,1,91,1,164,1,10,-1,30,24,200,true,4,10,1,1,1,-1,-1,,"Nộn liễu trừu ty, bích như noãn ngọc; tân tước nhiễu lương, xuân dĩ nghinh lai. Vật này sinh ra từ liễu.<color=#00FF00><br>(Cả bộ do Mộ Dung Thanh Sơn của <color=#FFFF00>Mộ Dung<color=#00FF00> thiết kế)<color=#00FF00>",,"[{""Tag"":""BaseAttribute"",""Attributes"":{""Symbol"":""magic_physdefbase"",""Value"":""42""}},{""Tag"":""BaseAttribute"",""Attributes"":{""Symbol"":""magic_magicdefbase"",""Value"":""42""}},{""Tag"":""Attribute"",""Attributes"":{""Symbol"":""magic_energy"",""Rate"":""100""}}]"
19158,Equip,10510111,10,Chưa dùng,Hat3_6,1,92,2,-1,-1,20,-1,109,87,200,true,4,20,1,1,1,-1,-1,,Chưa dùng,,"[{""Tag"":""BaseAttribute"",""Attributes"":{""Symbol"":""magic_physdefbase"",""Value"":""74""}},{""Tag"":""BaseAttribute"",""Attributes"":{""Symbol"":""magic_magicdefbase"",""Value"":""74""}},{""Tag"":""Attribute"",""Attributes"":{""Symbol"":""magic_energy"",""Rate"":""100""}}]"
19159,Equip,10510112,10,Chưa dùng,Hat3_8,1,93,2,-1,-1,30,-1,169,135,200,true,4,30,1,1,1,-1,-1,,Chưa dùng,,"[{""Tag"":""BaseAttribute"",""Attributes"":{""Symbol"":""magic_physdefbase"",""Value"":""106""}},{""Tag"":""BaseAttribute"",""Attributes"":{""Symbol"":""magic_magicdefbase"",""Value"":""106""}},{""Tag"":""Attribute"",""Attributes"":{""Symbol"":""magic_energy"",""Rate"":""100""}}]"
19160,Equip,10510113,10,Chưa dùng,Hat3_7,1,94,2,-1,-1,40,-1,331,264,200,true,4,40,2,2,1,-1,-1,,Chưa dùng,,"[{""Tag"":""BaseAttribute"",""Attributes"":{""Symbol"":""magic_physdefbase"",""Value"":""138""}},{""Tag"":""BaseAttribute"",""Attributes"":{""Symbol"":""magic_magicdefbase"",""Value"":""138""}},{""Tag"":""Attribute"",""Attributes"":{""Symbol"":""magic_energy"",""Rate"":""100""}},{""Tag"":""Attribute"",""Attributes"":{""Symbol"":""magic_stamina"",""Rate"":""100""}}]"
19161,Equip,10510114,10,Chưa dùng,Hat3_14,1,95,2,-1,-1,50,-1,554,443,200,true,4,50,2,2,1,-1,-1,,Chưa dùng,,"[{""Tag"":""BaseAttribute"",""Attributes"":{""Symbol"":""magic_physdefbase"",""Value"":""170""}},{""Tag"":""BaseAttribute"",""Attributes"":{""Symbol"":""magic_magicdefbase"",""Value"":""170""}},{""Tag"":""Attribute"",""Attributes"":{""Symbol"":""magic_energy"",""Rate"":""100""}},{""Tag"":""Attribute"",""Attributes"":{""Symbol"":""magic_stamina"",""Rate"":""100""}}]"
19162,Equip,10510115,10,Lôi Tập Quan,Hat3_13,1,96,1,169,1,60,-1,890,712,200,true,4,60,2,2,1,-1,-1,,"Ô vân già nhật lôi thanh cổn cổn, thiểm điện như lợi kiếm ban phách hạ, chúng sinh giai vi chi tỵ dật. Vật này sinh ra từ sấm.<color=#00FF00><br>(Cả bộ do Mộ Dung Thanh Sơn của <color=#FFFF00>Mộ Dung<color=#00FF00> thiết kế)<color=#00FF00>",,"[{""Tag"":""BaseAttribute"",""Attributes"":{""Symbol"":""magic_physdefbase"",""Value"":""202""}},{""Tag"":""BaseAttribute"",""Attributes"":{""Symbol"":""magic_magicdefbase"",""Value"":""202""}},{""Tag"":""Attribute"",""Attributes"":{""Symbol"":""magic_energy"",""Rate"":""100""}},{""Tag"":""Attribute"",""Attributes"":{""Symbol"":""magic_stamina"",""Rate"":""100""}}]"
19163,Equip,10510116,10,Tường Không Hạo Diêu Quan,Hat3_12,1,97,1,170,1,70,-1,1255,1004,200,true,4,70,3,3,1,-1,-1,,"Hạo diêu trường không, sồ ưng triển sí, tường thượng đãng hạ, truy vân trục nhật. Vật này sinh ra từ trời.<color=#00FF00><br>(Cả bộ do Mộ Dung Thanh Sơn của <color=#FFFF00>Mộ Dung<color=#00FF00> thiết kế)<color=#00FF00>",,"[{""Tag"":""BaseAttribute"",""Attributes"":{""Symbol"":""magic_physdefbase"",""Value"":""234""}},{""Tag"":""BaseAttribute"",""Attributes"":{""Symbol"":""magic_magicdefbase"",""Value"":""234""}},{""Tag"":""Attribute"",""Attributes"":{""Symbol"":""magic_magicdef"",""Rate"":""100""}},{""Tag"":""Attribute"",""Attributes"":{""Symbol"":""magic_energy"",""Rate"":""100""}},{""Tag"":""Attribute"",""Attributes"":{""Symbol"":""magic_stamina"",""Rate"":""100""}}]"
19164,Equip,10510117,10,Chưa dùng,Hat3_15,1,98,2,-1,-1,80,-1,1640,1312,200,true,4,80,3,3,1,-1,-1,,Chưa dùng,,"[{""Tag"":""BaseAttribute"",""Attributes"":{""Symbol"":""magic_physdefbase"",""Value"":""266""}},{""Tag"":""BaseAttribute"",""Attributes"":{""Symbol"":""magic_magicdefbase"",""Value"":""266""}},{""Tag"":""Attribute"",""Attributes"":{""Symbol"":""magic_magicdef"",""Rate"":""100""}},{""Tag"":""Attribute"",""Attributes"":{""Symbol"":""magic_energy"",""Rate"":""100""}},{""Tag"":""Attribute"",""Attributes"":{""Symbol"":""magic_stamina"",""Rate"":""100""}}]"
19165,Equip,10510118,10,Huyền Vũ Phong Mạo,Hat4_3,1,99,1,172,1,90,-1,2240,1792,200,true,4,90,4,4,1,-1,-1,,"Hồng hoang vũ trụ, thiên địa huyền hoàng, Âm dương song điểm, tứ tượng lục hợp. Vật sinh ra từ Huyền Vũ. <color=#00FF00><br>(Cả bộ do Mộ Dung Thanh Sơn của <color=#FFFF00>Mộ Dung<color=#00FF00> thiết kế)<color=#00FF00>",,"[{""Tag"":""BaseAttribute"",""Attributes"":{""Symbol"":""magic_physdefbase"",""Value"":""298""}},{""Tag"":""BaseAttribute"",""Attributes"":{""Symbol"":""magic_magicdefbase"",""Value"":""298""}},{""Tag"":""Attribute"",""Attributes"":{""Symbol"":""magic_magicdef"",""Rate"":""100""}},{""Tag"":""Attribute"",""Attributes"":{""Symbol"":""magic_dodge"",""Rate"":""100""}},{""Tag"":""Attribute"",""Attributes"":{""Symbol"":""magic_energy"",""Rate"":""100""}},{""Tag"":""Attribute"",""Attributes"":{""Symbol"":""magic_stamina"",""Rate"":""100""}}]"
19166,Equip,10510119,10,Nhuệ Phong Tướng Quan,Hat4_4,1,100,1,175,1,100,-1,3160,2528,200,true,4,100,4,4,1,-1,-1,,"Vua của các loại binh khí, thân dài 3 thước, vô cùng sắc bén. <color=#00FF00><br>(Cả bộ do Mộ Dung Thanh Sơn của <color=#FFFF00>Mộ Dung<color=#00FF00> thiết kế)<color=#00FF00>",,"[{""Tag"":""BaseAttribute"",""Attributes"":{""Symbol"":""magic_physdefbase"",""Value"":""330""}},{""Tag"":""BaseAttribute"",""Attributes"":{""Symbol"":""magic_magicdefbase"",""Value"":""330""}},{""Tag"":""Attribute"",""Attributes"":{""Symbol"":""magic_magicdef"",""Rate"":""100""}},{""Tag"":""Attribute"",""Attributes"":{""Symbol"":""magic_dodge"",""Rate"":""100""}},{""Tag"":""Attribute"",""Attributes"":{""Symbol"":""magic_energy"",""Rate"":""100""}},{""Tag"":""Attribute"",""Attributes"":{""Symbol"":""magic_stamina"",""Rate"":""100""}}]"
19167,Equip,10510120,10,Băng Ngưng Phong Hàn Mạo,Hat5_10,1,427,1,184,1,86,-1,1640,1312,200,true,20,95,4,4,1,-1,-1,,"Phong hoa khinh bổng giai nhân diện, Xuân tuyết sơ ngưng đào hoa tâm.<color=#00FF00>",,"[{""Tag"":""BaseAttribute"",""Attributes"":{""Symbol"":""magic_physdefbase"",""Value"":""298""}},{""Tag"":""BaseAttribute"",""Attributes"":{""Symbol"":""magic_magicdefbase"",""Value"":""298""}},{""Tag"":""Attribute"",""Attributes"":{""Symbol"":""magic_maxmp"",""Rate"":""100""}},{""Tag"":""Attribute"",""Attributes"":{""Symbol"":""magic_dodge"",""Rate"":""100""}},{""Tag"":""Attribute"",""Attributes"":{""Symbol"":""magic_stamina"",""Rate"":""100""}},{""Tag"":""Attribute"",""Attributes"":{""Symbol"":""magic_critdef"",""Rate"":""100""}}]"
19168,Equip,10510121,10,Hỏa Sí Phần Diệm Mạo,Hat5_6,1,425,1,185,1,86,-1,1640,1312,200,true,20,95,4,4,1,-1,-1,,"Tinh hỏa cửu chuyển dẫn đan tâm, Phần viêm ỷ nị tôi hào tình.<color=#00FF00>",,"[{""Tag"":""BaseAttribute"",""Attributes"":{""Symbol"":""magic_physdefbase"",""Value"":""298""}},{""Tag"":""BaseAttribute"",""Attributes"":{""Symbol"":""magic_magicdefbase"",""Value"":""298""}},{""Tag"":""Attribute"",""Attributes"":{""Symbol"":""magic_maxmp"",""Rate"":""100""}},{""Tag"":""Attribute"",""Attributes"":{""Symbol"":""magic_dodge"",""Rate"":""100""}},{""Tag"":""Attribute"",""Attributes"":{""Symbol"":""magic_stamina"",""Rate"":""100""}},{""Tag"":""Attribute"",""Attributes"":{""Symbol"":""magic_critdef"",""Rate"":""100""}}]"
19169,Equip,10510122,10,Huyền Quang Lôi Sát Mạo,Hat5_8,1,426,1,186,1,86,-1,1640,1312,200,true,20,95,4,4,1,-1,-1,,"Vân lôi chi khí hữu huyền tông, Sinh sinh lưu chuyển quang ảnh nồng.<color=#00FF00>",,"[{""Tag"":""BaseAttribute"",""Attributes"":{""Symbol"":""magic_physdefbase"",""Value"":""298""}},{""Tag"":""BaseAttribute"",""Attributes"":{""Symbol"":""magic_magicdefbase"",""Value"":""298""}},{""Tag"":""Attribute"",""Attributes"":{""Symbol"":""magic_maxmp"",""Rate"":""100""}},{""Tag"":""Attribute"",""Attributes"":{""Symbol"":""magic_dodge"",""Rate"":""100""}},{""Tag"":""Attribute"",""Attributes"":{""Symbol"":""magic_stamina"",""Rate"":""100""}},{""Tag"":""Attribute"",""Attributes"":{""Symbol"":""magic_critdef"",""Rate"":""100""}}]"
19170,Equip,10510123,10,Độc Ảnh Chướng Hoa Mạo,Hat5_12,1,428,1,187,1,86,-1,1640,1312,200,true,20,95,4,4,1,-1,-1,,"Bích ảnh thâm thâm dẫn vân phi, Tiêu trạch yểm yểm chướng hoa toái.<color=#00FF00>",,"[{""Tag"":""BaseAttribute"",""Attributes"":{""Symbol"":""magic_physdefbase"",""Value"":""298""}},{""Tag"":""BaseAttribute"",""Attributes"":{""Symbol"":""magic_magicdefbase"",""Value"":""298""}},{""Tag"":""Attribute"",""Attributes"":{""Symbol"":""magic_maxmp"",""Rate"":""100""}},{""Tag"":""Attribute"",""Attributes"":{""Symbol"":""magic_dodge"",""Rate"":""100""}},{""Tag"":""Attribute"",""Attributes"":{""Symbol"":""magic_stamina"",""Rate"":""100""}},{""Tag"":""Attribute"",""Attributes"":{""Symbol"":""magic_critdef"",""Rate"":""100""}}]"
19171,Equip,10510124,10,Băng Túy Ảnh Nguyệt Mạo,Hat5_11,1,415,1,188,1,96,-1,2240,1792,200,true,20,105,4,4,1,-1,-1,,"Hàn vân tôi nguyệt khinh sương vũ, Tố ảnh tận diệt lãnh hà trung.<color=#00FF00>",,"[{""Tag"":""BaseAttribute"",""Attributes"":{""Symbol"":""magic_physdefbase"",""Value"":""330""}},{""Tag"":""BaseAttribute"",""Attributes"":{""Symbol"":""magic_magicdefbase"",""Value"":""330""}},{""Tag"":""Attribute"",""Attributes"":{""Symbol"":""magic_maxmp"",""Rate"":""100""}},{""Tag"":""Attribute"",""Attributes"":{""Symbol"":""magic_dodge"",""Rate"":""100""}},{""Tag"":""Attribute"",""Attributes"":{""Symbol"":""magic_stamina"",""Rate"":""100""}},{""Tag"":""Attribute"",""Attributes"":{""Symbol"":""magic_critdef"",""Rate"":""100""}}]"
19172,Equip,10510125,10,Hỏa Ánh Tịch Dương Mạo,Hat5_7,1,413,1,189,1,96,-1,2240,1792,200,true,20,105,4,4,1,-1,-1,,"Vân dương phất tựu trụy thiên hỏa, Khô hải trầm liệt cửu châu hạc.<color=#00FF00>",,"[{""Tag"":""BaseAttribute"",""Attributes"":{""Symbol"":""magic_physdefbase"",""Value"":""330""}},{""Tag"":""BaseAttribute"",""Attributes"":{""Symbol"":""magic_magicdefbase"",""Value"":""330""}},{""Tag"":""Attribute"",""Attributes"":{""Symbol"":""magic_maxmp"",""Rate"":""100""}},{""Tag"":""Attribute"",""Attributes"":{""Symbol"":""magic_dodge"",""Rate"":""100""}},{""Tag"":""Attribute"",""Attributes"":{""Symbol"":""magic_stamina"",""Rate"":""100""}},{""Tag"":""Attribute"",""Attributes"":{""Symbol"":""magic_critdef"",""Rate"":""100""}}]"
19173,Equip,10510126,10,Huyền Minh Diệu Thần Mạo,Hat5_9,1,414,1,190,1,96,-1,2240,1792,200,true,20,105,4,4,1,-1,-1,,"Huyền quang nhất hiện thiên địa khai, Thanh trọc lưỡng phân tinh trần hiện.<color=#00FF00>",,"[{""Tag"":""BaseAttribute"",""Attributes"":{""Symbol"":""magic_physdefbase"",""Value"":""330""}},{""Tag"":""BaseAttribute"",""Attributes"":{""Symbol"":""magic_magicdefbase"",""Value"":""330""}},{""Tag"":""Attribute"",""Attributes"":{""Symbol"":""magic_maxmp"",""Rate"":""100""}},{""Tag"":""Attribute"",""Attributes"":{""Symbol"":""magic_dodge"",""Rate"":""100""}},{""Tag"":""Attribute"",""Attributes"":{""Symbol"":""magic_stamina"",""Rate"":""100""}},{""Tag"":""Attribute"",""Attributes"":{""Symbol"":""magic_critdef"",""Rate"":""100""}}]"
19174,Equip,10510127,10,Độc Minh Ảm Diệt Mạo,Hat5_13,1,416,1,191,1,96,-1,2240,1792,200,true,20,105,4,4,1,-1,-1,,"Nhược thủy đông lai thanh minh biến, Độc vân khả túy tự tại tiên.<color=#00FF00>",,"[{""Tag"":""BaseAttribute"",""Attributes"":{""Symbol"":""magic_physdefbase"",""Value"":""330""}},{""Tag"":""BaseAttribute"",""Attributes"":{""Symbol"":""magic_magicdefbase"",""Value"":""330""}},{""Tag"":""Attribute"",""Attributes"":{""Symbol"":""magic_maxmp"",""Rate"":""100""}},{""Tag"":""Attribute"",""Attributes"":{""Symbol"":""magic_dodge"",""Rate"":""100""}},{""Tag"":""Attribute"",""Attributes"":{""Symbol"":""magic_stamina"",""Rate"":""100""}},{""Tag"":""Attribute"",""Attributes"":{""Symbol"":""magic_critdef"",""Rate"":""100""}}]"
19175,Equip,10510128,10,Chưa dùng,Hat3_8,1,99,2,-1,-1,90,-1,2240,1792,200,true,4,90,4,4,1,-1,-1,,Chưa dùng,,"[{""Tag"":""BaseAttribute"",""Attributes"":{""Symbol"":""magic_physdefbase"",""Value"":""298""}},{""Tag"":""BaseAttribute"",""Attributes"":{""Symbol"":""magic_magicdefbase"",""Value"":""298""}},{""Tag"":""Attribute"",""Attributes"":{""Symbol"":""magic_magicdef"",""Rate"":""100""}},{""Tag"":""Attribute"",""Attributes"":{""Symbol"":""magic_dodge"",""Rate"":""100""}},{""Tag"":""Attribute"",""Attributes"":{""Symbol"":""magic_energy"",""Rate"":""100""}},{""Tag"":""Attribute"",""Attributes"":{""Symbol"":""magic_stamina"",""Rate"":""100""}}]"
19176,Equip,10510129,10,Chưa dùng,Hat3_7,1,100,2,-1,-1,100,-1,3160,2528,200,true,4,100,4,4,1,-1,-1,,Chưa dùng,,"[{""Tag"":""BaseAttribute"",""Attributes"":{""Symbol"":""magic_physdefbase"",""Value"":""330""}},{""Tag"":""BaseAttribute"",""Attributes"":{""Symbol"":""magic_magicdefbase"",""Value"":""330""}},{""Tag"":""Attribute"",""Attributes"":{""Symbol"":""magic_magicdef"",""Rate"":""100""}},{""Tag"":""Attribute"",""Attributes"":{""Symbol"":""magic_dodge"",""Rate"":""100""}},{""Tag"":""Attribute"",""Attributes"":{""Symbol"":""magic_energy"",""Rate"":""100""}},{""Tag"":""Attribute"",""Attributes"":{""Symbol"":""magic_stamina"",""Rate"":""100""}}]"
19177,Equip,10510130,10,Chưa dùng,Hat3_11,1,91,2,-1,-1,10,-1,30,24,200,true,4,10,1,1,1,-1,-1,,Chưa dùng,,"[{""Tag"":""BaseAttribute"",""Attributes"":{""Symbol"":""magic_physdefbase"",""Value"":""42""}},{""Tag"":""BaseAttribute"",""Attributes"":{""Symbol"":""magic_magicdefbase"",""Value"":""42""}},{""Tag"":""Attribute"",""Attributes"":{""Symbol"":""magic_energy"",""Rate"":""100""}}]"
19178,Equip,10510131,10,Chưa dùng,Hat3_6,1,92,2,-1,-1,20,-1,109,87,200,true,4,20,1,1,1,-1,-1,,Chưa dùng,,"[{""Tag"":""BaseAttribute"",""Attributes"":{""Symbol"":""magic_physdefbase"",""Value"":""74""}},{""Tag"":""BaseAttribute"",""Attributes"":{""Symbol"":""magic_magicdefbase"",""Value"":""74""}},{""Tag"":""Attribute"",""Attributes"":{""Symbol"":""magic_energy"",""Rate"":""100""}}]"
19179,Equip,10510132,10,Phi Hoa Ti Mão,Hat3_8,1,93,1,196,1,30,-1,169,135,200,true,4,30,1,1,1,-1,-1,,"Phi hoa tiễn tuyết, tàn hương hoàn nguyệt. Thanh phong nhất tiếu, thu thạch tựa giác. Vật sống nhờ Phi Hoa.<color=#00FF00><br>(Cả bộ do Đường Nhạc Xung của <color=#FFFF00>Đường Môn<color=#00FF00> thiết kế)",,"[{""Tag"":""BaseAttribute"",""Attributes"":{""Symbol"":""magic_physdefbase"",""Value"":""106""}},{""Tag"":""BaseAttribute"",""Attributes"":{""Symbol"":""magic_magicdefbase"",""Value"":""106""}},{""Tag"":""Attribute"",""Attributes"":{""Symbol"":""magic_dexterity"",""Rate"":""100""}}]"
19180,Equip,10510133,10,Phúc Tuyết Ti Mão,Hat3_7,1,94,1,197,1,40,-1,331,264,200,true,4,40,2,2,1,-1,-1,,"Ngân dung chúc tiêu, bích tận chi tiếu. Lê hoa bạn tuyết, vạn vật yêu nhiêu. Vật sinh ra từ tuyết. <color=#00FF00><br>(Cả bộ do Đường Nhạc Xung của <color=#FFFF00>Đường Môn<color=#00FF00> thiết kế)",,"[{""Tag"":""BaseAttribute"",""Attributes"":{""Symbol"":""magic_physdefbase"",""Value"":""138""}},{""Tag"":""BaseAttribute"",""Attributes"":{""Symbol"":""magic_magicdefbase"",""Value"":""138""}},{""Tag"":""Attribute"",""Attributes"":{""Symbol"":""magic_stamina"",""Rate"":""100""}},{""Tag"":""Attribute"",""Attributes"":{""Symbol"":""magic_dexterity"",""Rate"":""100""}}]"
19181,Equip,10510134,10,Chưa dùng,Hat3_14,1,95,2,-1,-1,50,-1,554,443,200,true,4,50,2,2,1,-1,-1,,Chưa dùng,,"[{""Tag"":""BaseAttribute"",""Attributes"":{""Symbol"":""magic_physdefbase"",""Value"":""170""}},{""Tag"":""BaseAttribute"",""Attributes"":{""Symbol"":""magic_magicdefbase"",""Value"":""170""}},{""Tag"":""Attribute"",""Attributes"":{""Symbol"":""magic_energy"",""Rate"":""100""}},{""Tag"":""Attribute"",""Attributes"":{""Symbol"":""magic_stamina"",""Rate"":""100""}}]"
19182,Equip,10510135,10,Chưa dùng,Hat3_13,1,96,2,-1,-1,60,-1,890,712,200,true,4,60,2,2,1,-1,-1,,Chưa dùng,,"[{""Tag"":""BaseAttribute"",""Attributes"":{""Symbol"":""magic_physdefbase"",""Value"":""202""}},{""Tag"":""BaseAttribute"",""Attributes"":{""Symbol"":""magic_magicdefbase"",""Value"":""202""}},{""Tag"":""Attribute"",""Attributes"":{""Symbol"":""magic_energy"",""Rate"":""100""}},{""Tag"":""Attribute"",""Attributes"":{""Symbol"":""magic_stamina"",""Rate"":""100""}}]"
19183,Equip,10510136,10,Chưa dùng,Hat3_12,1,97,2,-1,-1,70,-1,1255,1004,200,true,4,70,3,3,1,-1,-1,,Chưa dùng,,"[{""Tag"":""BaseAttribute"",""Attributes"":{""Symbol"":""magic_physdefbase"",""Value"":""234""}},{""Tag"":""BaseAttribute"",""Attributes"":{""Symbol"":""magic_magicdefbase"",""Value"":""234""}},{""Tag"":""Attribute"",""Attributes"":{""Symbol"":""magic_magicdef"",""Rate"":""100""}},{""Tag"":""Attribute"",""Attributes"":{""Symbol"":""magic_energy"",""Rate"":""100""}},{""Tag"":""Attribute"",""Attributes"":{""Symbol"":""magic_stamina"",""Rate"":""100""}}]"
19184,Equip,10510137,10,Vọng Nhật Thiên Quang Quán,Hat3_15,1,98,1,201,1,80,-1,1640,1312,200,true,4,80,3,3,1,-1,-1,,"Thập nhật đông thăng, sơn chước vân chưng. Thiên quang tận hiện, tiêu thổ khô thành. Vật sinh ra từ mặt trời. <color=#00FF00><br>(Cả bộ do Đường Nhạc Xung của <color=#FFFF00>Đường Môn<color=#00FF00> thiết kế)<color=#00FF00>",,"[{""Tag"":""BaseAttribute"",""Attributes"":{""Symbol"":""magic_physdefbase"",""Value"":""266""}},{""Tag"":""BaseAttribute"",""Attributes"":{""Symbol"":""magic_magicdefbase"",""Value"":""266""}},{""Tag"":""Attribute"",""Attributes"":{""Symbol"":""magic_magicdef"",""Rate"":""100""}},{""Tag"":""Attribute"",""Attributes"":{""Symbol"":""magic_stamina"",""Rate"":""100""}},{""Tag"":""Attribute"",""Attributes"":{""Symbol"":""magic_dexterity"",""Rate"":""100""}}]"
19185,Equip,10510138,10,Chưa dùng,Hat4_3,1,99,2,-1,-1,90,-1,2240,1792,200,true,4,90,4,4,1,-1,-1,,Chưa dùng,,"[{""Tag"":""BaseAttribute"",""Attributes"":{""Symbol"":""magic_physdefbase"",""Value"":""298""}},{""Tag"":""BaseAttribute"",""Attributes"":{""Symbol"":""magic_magicdefbase"",""Value"":""298""}},{""Tag"":""Attribute"",""Attributes"":{""Symbol"":""magic_magicdef"",""Rate"":""100""}},{""Tag"":""Attribute"",""Attributes"":{""Symbol"":""magic_dodge"",""Rate"":""100""}},{""Tag"":""Attribute"",""Attributes"":{""Symbol"":""magic_energy"",""Rate"":""100""}},{""Tag"":""Attribute"",""Attributes"":{""Symbol"":""magic_stamina"",""Rate"":""100""}}]"
19186,Equip,10510139,10,Sóc Quang Lục Hợp Quan,Hat4_4,1,100,1,205,1,100,-1,3160,2528,200,true,4,100,4,4,1,-1,-1,,"Lạc lạc hoa quang, xung vân nhi thượng. Minh diệu lục hợp, cử thế vô song. Vật sinh ra từ ánh sáng. <color=#00FF00><br>(Cả bộ do Đường Nhạc Xung của <color=#FFFF00>Đường Môn<color=#00FF00> thiết kế)<color=#00FF00>",,"[{""Tag"":""BaseAttribute"",""Attributes"":{""Symbol"":""magic_physdefbase"",""Value"":""330""}},{""Tag"":""BaseAttribute"",""Attributes"":{""Symbol"":""magic_magicdefbase"",""Value"":""330""}},{""Tag"":""Attribute"",""Attributes"":{""Symbol"":""magic_magicdef"",""Rate"":""100""}},{""Tag"":""Attribute"",""Attributes"":{""Symbol"":""magic_dodge"",""Rate"":""100""}},{""Tag"":""Attribute"",""Attributes"":{""Symbol"":""magic_stamina"",""Rate"":""100""}},{""Tag"":""Attribute"",""Attributes"":{""Symbol"":""magic_dexterity"",""Rate"":""100""}}]"
19187,Equip,10510140,10,Chưa dùng,Hat3_11,1,91,2,-1,-1,10,-1,30,24,200,true,4,10,1,1,1,-1,-1,,Chưa dùng,,"[{""Tag"":""BaseAttribute"",""Attributes"":{""Symbol"":""magic_physdefbase"",""Value"":""42""}},{""Tag"":""BaseAttribute"",""Attributes"":{""Symbol"":""magic_magicdefbase"",""Value"":""42""}},{""Tag"":""Attribute"",""Attributes"":{""Symbol"":""magic_energy"",""Rate"":""100""}}]"
19188,Equip,10510141,10,Chưa dùng,Hat3_6,1,92,2,-1,-1,20,-1,109,87,200,true,4,20,1,1,1,-1,-1,,Chưa dùng,,"[{""Tag"":""BaseAttribute"",""Attributes"":{""Symbol"":""magic_physdefbase"",""Value"":""74""}},{""Tag"":""BaseAttribute"",""Attributes"":{""Symbol"":""magic_magicdefbase"",""Value"":""74""}},{""Tag"":""Attribute"",""Attributes"":{""Symbol"":""magic_energy"",""Rate"":""100""}}]"
19189,Equip,10510142,10,Thúy Trúc Mão,Hat3_8,1,93,1,210,1,30,-1,169,135,200,true,4,30,1,1,1,-1,-1,,"Lâm trì tự ngọc, lộ tĩnh yên lục. Trinh tiết bất cải, quân tử tự cứ. Thử vật y trúc nhi sinh.<color=#00FF00><br>(Cả bộ do Lý Kế Long của <color=#FFFF00>Quỷ Cốc<color=#00FF00> thiết kế)",,"[{""Tag"":""BaseAttribute"",""Attributes"":{""Symbol"":""magic_physdefbase"",""Value"":""106""}},{""Tag"":""BaseAttribute"",""Attributes"":{""Symbol"":""magic_magicdefbase"",""Value"":""106""}},{""Tag"":""Attribute"",""Attributes"":{""Symbol"":""magic_dexterity"",""Rate"":""100""}}]"
19190,Equip,10510143,10,Kim Cúc Mão,Hat3_7,1,94,1,211,1,40,-1,331,264,200,true,4,40,2,2,1,-1,-1,,"Giai lan ngưng sương, kim ngạn dao quang. Nùng lộ thiển tiếu, thu phong hồi phương. Thử vật y cúc nhi sinh.<color=#00FF00><br>(Cả bộ do Lý Kế Long của <color=#FFFF00>Quỷ Cốc<color=#00FF00> thiết kế)",,"[{""Tag"":""BaseAttribute"",""Attributes"":{""Symbol"":""magic_physdefbase"",""Value"":""138""}},{""Tag"":""BaseAttribute"",""Attributes"":{""Symbol"":""magic_magicdefbase"",""Value"":""138""}},{""Tag"":""Attribute"",""Attributes"":{""Symbol"":""magic_stamina"",""Rate"":""100""}},{""Tag"":""Attribute"",""Attributes"":{""Symbol"":""magic_dexterity"",""Rate"":""100""}}]"
19191,Equip,10510144,10,Chưa dùng,Hat3_14,1,95,2,-1,-1,50,-1,554,443,200,true,4,50,2,2,1,-1,-1,,Chưa dùng,,"[{""Tag"":""BaseAttribute"",""Attributes"":{""Symbol"":""magic_physdefbase"",""Value"":""170""}},{""Tag"":""BaseAttribute"",""Attributes"":{""Symbol"":""magic_magicdefbase"",""Value"":""170""}},{""Tag"":""Attribute"",""Attributes"":{""Symbol"":""magic_energy"",""Rate"":""100""}},{""Tag"":""Attribute"",""Attributes"":{""Symbol"":""magic_stamina"",""Rate"":""100""}}]"
19192,Equip,10510145,10,Chưa dùng,Hat3_13,1,96,2,-1,-1,60,-1,890,712,200,true,4,60,2,2,1,-1,-1,,Chưa dùng,,"[{""Tag"":""BaseAttribute"",""Attributes"":{""Symbol"":""magic_physdefbase"",""Value"":""202""}},{""Tag"":""BaseAttribute"",""Attributes"":{""Symbol"":""magic_magicdefbase"",""Value"":""202""}},{""Tag"":""Attribute"",""Attributes"":{""Symbol"":""magic_energy"",""Rate"":""100""}},{""Tag"":""Attribute"",""Attributes"":{""Symbol"":""magic_stamina"",""Rate"":""100""}}]"
19193,Equip,10510146,10,Chưa dùng,Hat3_12,1,97,2,-1,-1,70,-1,1255,1004,200,true,4,70,3,3,1,-1,-1,,Chưa dùng,,"[{""Tag"":""BaseAttribute"",""Attributes"":{""Symbol"":""magic_physdefbase"",""Value"":""234""}},{""Tag"":""BaseAttribute"",""Attributes"":{""Symbol"":""magic_magicdefbase"",""Value"":""234""}},{""Tag"":""Attribute"",""Attributes"":{""Symbol"":""magic_magicdef"",""Rate"":""100""}},{""Tag"":""Attribute"",""Attributes"":{""Symbol"":""magic_energy"",""Rate"":""100""}},{""Tag"":""Attribute"",""Attributes"":{""Symbol"":""magic_stamina"",""Rate"":""100""}}]"
19194,Equip,10510147,10,Cửu Hạ Noãn Dương Quán,Hat3_15,1,98,1,215,1,80,-1,1640,1312,200,true,4,80,3,3,1,-1,-1,,"Trọng hạ chước chước, lưu dương dục hỏa. Vật tạo ra vào mùa hè.<color=#00FF00><br>(Cả bộ do Lý Kế Long của <color=#FFFF00>Quỷ Cốc<color=#00FF00> thiết kế)<color=#00FF00>",,"[{""Tag"":""BaseAttribute"",""Attributes"":{""Symbol"":""magic_physdefbase"",""Value"":""266""}},{""Tag"":""BaseAttribute"",""Attributes"":{""Symbol"":""magic_magicdefbase"",""Value"":""266""}},{""Tag"":""Attribute"",""Attributes"":{""Symbol"":""magic_magicdef"",""Rate"":""100""}},{""Tag"":""Attribute"",""Attributes"":{""Symbol"":""magic_stamina"",""Rate"":""100""}},{""Tag"":""Attribute"",""Attributes"":{""Symbol"":""magic_dexterity"",""Rate"":""100""}}]"
19195,Equip,10510148,10,Chưa dùng,Hat4_3,1,99,2,-1,-1,90,-1,2240,1792,200,true,4,90,4,4,1,-1,-1,,Chưa dùng,,"[{""Tag"":""BaseAttribute"",""Attributes"":{""Symbol"":""magic_physdefbase"",""Value"":""298""}},{""Tag"":""BaseAttribute"",""Attributes"":{""Symbol"":""magic_magicdefbase"",""Value"":""298""}},{""Tag"":""Attribute"",""Attributes"":{""Symbol"":""magic_magicdef"",""Rate"":""100""}},{""Tag"":""Attribute"",""Attributes"":{""Symbol"":""magic_dodge"",""Rate"":""100""}},{""Tag"":""Attribute"",""Attributes"":{""Symbol"":""magic_energy"",""Rate"":""100""}},{""Tag"":""Attribute"",""Attributes"":{""Symbol"":""magic_stamina"",""Rate"":""100""}}]"
19196,Equip,10510149,10,Tử Vi Huyền Quang Quán,Hat4_4,1,100,1,219,1,100,-1,3160,2528,200,true,4,100,4,4,1,-1,-1,,"Ánh sáng tím tỏa nhẹ, ngạo thi vô song. Vật tạo ra theo tử vi tinh thần.<color=#00FF00><br>(Cả bộ do Lý Kế Long của <color=#FFFF00>Quỷ Cốc<color=#00FF00> thiết kế)<color=#00FF00>",,"[{""Tag"":""BaseAttribute"",""Attributes"":{""Symbol"":""magic_physdefbase"",""Value"":""330""}},{""Tag"":""BaseAttribute"",""Attributes"":{""Symbol"":""magic_magicdefbase"",""Value"":""330""}},{""Tag"":""Attribute"",""Attributes"":{""Symbol"":""magic_magicdef"",""Rate"":""100""}},{""Tag"":""Attribute"",""Attributes"":{""Symbol"":""magic_dodge"",""Rate"":""100""}},{""Tag"":""Attribute"",""Attributes"":{""Symbol"":""magic_stamina"",""Rate"":""100""}},{""Tag"":""Attribute"",""Attributes"":{""Symbol"":""magic_dexterity"",""Rate"":""100""}}]"
19197,Equip,10510150,10,Hán Quảng Ti Mão,Hat3_8,1,93,1,223,1,30,-1,169,135,200,true,4,30,1,1,1,-1,-1,,"Hán chi quảng hĩ, bất khả vịnh tư. Giang chi vĩnh hĩ, bất khả phương tư. Vật này sinh gần hồ. <color=#00FF00><br>(Cả bộ do Yến Phản của <color=#FFFF00>Đào Hoa Đảo<color=#00FF00> thiết kế)",,"[{""Tag"":""BaseAttribute"",""Attributes"":{""Symbol"":""magic_physdefbase"",""Value"":""106""}},{""Tag"":""BaseAttribute"",""Attributes"":{""Symbol"":""magic_magicdefbase"",""Value"":""106""}},{""Tag"":""Attribute"",""Attributes"":{""Symbol"":""magic_dexterity"",""Rate"":""100""}}]"
19198,Equip,10510151,10,Yến Yến Ti Mão,Hat3_7,1,94,1,224,1,40,-1,331,264,200,true,4,40,2,2,1,-1,-1,,Vật phẩm được phỏng tác theo dáng chim én. <color=#00FF00> (Bộ này do Yến Phản của <color=#FFFF00>Đào Hoa Đảo <color=#00FF00> thiết kế),,"[{""Tag"":""BaseAttribute"",""Attributes"":{""Symbol"":""magic_physdefbase"",""Value"":""138""}},{""Tag"":""BaseAttribute"",""Attributes"":{""Symbol"":""magic_magicdefbase"",""Value"":""138""}},{""Tag"":""Attribute"",""Attributes"":{""Symbol"":""magic_stamina"",""Rate"":""100""}},{""Tag"":""Attribute"",""Attributes"":{""Symbol"":""magic_dexterity"",""Rate"":""100""}}]"
19199,Equip,10510152,10,Thương Vân Tế Nhật Quán,Hat3_15,1,98,1,228,1,80,-1,1640,1312,200,true,4,80,3,3,1,-1,-1,,"Giao Long tiềm uyên hề, bất quải vu võng la. Vật này có cánh. <color=#00FF00><br>(Cả bộ do Yến Phản của <color=#FFFF00>Đào Hoa Đảo<color=#00FF00> thiết kế)<color=#00FF00>Trang bị ",,"[{""Tag"":""BaseAttribute"",""Attributes"":{""Symbol"":""magic_physdefbase"",""Value"":""266""}},{""Tag"":""BaseAttribute"",""Attributes"":{""Symbol"":""magic_magicdefbase"",""Value"":""266""}},{""Tag"":""Attribute"",""Attributes"":{""Symbol"":""magic_physdef"",""Rate"":""100""}},{""Tag"":""Attribute"",""Attributes"":{""Symbol"":""magic_stamina"",""Rate"":""100""}},{""Tag"":""Attribute"",""Attributes"":{""Symbol"":""magic_dexterity"",""Rate"":""100""}}]"
19200,Equip,10510153,10,Thiên Hà Dạ Chuyển Quán,Hat4_4,1,100,1,232,1,100,-1,3160,2528,200,true,4,100,4,4,1,-1,-1,,"Lan dạ phi lai, phiêu tụ linh ngoại. Thiên hà ám trọng, vạn lai xuy sinh. Vật này sống ký sinh. <color=#00FF00><br>(Cả bộ do Yến Phản của <color=#FFFF00>Đào Hoa Đảo<color=#00FF00> thiết kế)<color=#00FF00>",,"[{""Tag"":""BaseAttribute"",""Attributes"":{""Symbol"":""magic_physdefbase"",""Value"":""330""}},{""Tag"":""BaseAttribute"",""Attributes"":{""Symbol"":""magic_magicdefbase"",""Value"":""330""}},{""Tag"":""Attribute"",""Attributes"":{""Symbol"":""magic_physdef"",""Rate"":""100""}},{""Tag"":""Attribute"",""Attributes"":{""Symbol"":""magic_dodge"",""Rate"":""100""}},{""Tag"":""Attribute"",""Attributes"":{""Symbol"":""magic_stamina"",""Rate"":""100""}},{""Tag"":""Attribute"",""Attributes"":{""Symbol"":""magic_dexterity"",""Rate"":""100""}}]"
19201,Equip,10510154,10,Cố Tri Ti Mão,Hat3_8,1,93,1,236,1,30,-1,169,135,200,true,4,30,1,1,1,-1,-1,,"Người ở đất khách, cũng là nỗi sầu. Vật này đại diện cho cố nhân.#r<color=#00FF00><br>(Cả bộ do Vân Kiêu của <color=#FFFF00>Tuyệt Tình<color=#00FF00> thiết kế)",,"[{""Tag"":""BaseAttribute"",""Attributes"":{""Symbol"":""magic_physdefbase"",""Value"":""106""}},{""Tag"":""BaseAttribute"",""Attributes"":{""Symbol"":""magic_magicdefbase"",""Value"":""106""}},{""Tag"":""Attribute"",""Attributes"":{""Symbol"":""magic_dexterity"",""Rate"":""100""}}]"
19202,Equip,10510155,10,Đương Quy Ti Mão,Hat3_7,1,94,1,237,1,40,-1,331,264,200,true,4,40,2,2,1,-1,-1,,"Gió bắc lạnh hiu, người đi tìm hồn. Vật này đại diện cho trở về.#r<color=#00FF00><br>(Cả bộ do Vân Kiêu của <color=#FFFF00>Tuyệt Tình<color=#00FF00> thiết kế)",,"[{""Tag"":""BaseAttribute"",""Attributes"":{""Symbol"":""magic_physdefbase"",""Value"":""138""}},{""Tag"":""BaseAttribute"",""Attributes"":{""Symbol"":""magic_magicdefbase"",""Value"":""138""}},{""Tag"":""Attribute"",""Attributes"":{""Symbol"":""magic_stamina"",""Rate"":""100""}},{""Tag"":""Attribute"",""Attributes"":{""Symbol"":""magic_dexterity"",""Rate"":""100""}}]"
19203,Equip,10510156,10,Yến Cố Quán,Hat3_15,1,98,1,241,1,80,-1,1640,1312,200,true,4,80,3,3,1,-1,-1,,"Yến phi trường không, tự thị hoàn sào. Yến phi hoàn minh, tự thị viết quy. Vật này sinh ra từ Yến.#r<color=#00FF00><br>(Cả bộ do Vân Kiêu của <color=#FFFF00>Tuyệt Tình<color=#00FF00> thiết kế) <color=#00FF00>",,"[{""Tag"":""BaseAttribute"",""Attributes"":{""Symbol"":""magic_physdefbase"",""Value"":""266""}},{""Tag"":""BaseAttribute"",""Attributes"":{""Symbol"":""magic_magicdefbase"",""Value"":""266""}},{""Tag"":""Attribute"",""Attributes"":{""Symbol"":""magic_physdef"",""Rate"":""100""}},{""Tag"":""Attribute"",""Attributes"":{""Symbol"":""magic_stamina"",""Rate"":""100""}},{""Tag"":""Attribute"",""Attributes"":{""Symbol"":""magic_dexterity"",""Rate"":""100""}}]"
19204,Equip,10510157,10,Phong Vãn Quán,Hat4_4,1,100,1,245,1,100,-1,3160,2528,200,true,4,100,4,4,1,-1,-1,,"Dưới ánh nắng vàng, lá phong đỏ âu. Vật này đại diện cho lá phong.#r<color=#00FF00><br>(Cả bộ do Vân Kiêu của <color=#FFFF00>Tuyệt Tình<color=#00FF00> thiết kế)",,"[{""Tag"":""BaseAttribute"",""Attributes"":{""Symbol"":""magic_physdefbase"",""Value"":""330""}},{""Tag"":""BaseAttribute"",""Attributes"":{""Symbol"":""magic_magicdefbase"",""Value"":""330""}},{""Tag"":""Attribute"",""Attributes"":{""Symbol"":""magic_physdef"",""Rate"":""100""}},{""Tag"":""Attribute"",""Attributes"":{""Symbol"":""magic_dodge"",""Rate"":""100""}},{""Tag"":""Attribute"",""Attributes"":{""Symbol"":""magic_stamina"",""Rate"":""100""}},{""Tag"":""Attribute"",""Attributes"":{""Symbol"":""magic_dexterity"",""Rate"":""100""}}]"
19205,Equip,10510158,10,Kinh Thảo Chức Mạo,Hat3_8,1,93,2,249,1,30,-1,169,135,200,true,4,30,1,1,1,-1,-1,,"Sinh ra giữa loạn thế, giữa gai góc máu tanh nơi Trung Nguyên. Vật này không phải binh cho đế vương, mà là vũ khí của kẻ sống sót.#r<color=#00FF00><br>(Cả bộ do Diệp Nhị Nương của <color=#FFFF00>Ác Nhân Cốc<color=#00FF00> thiết kế)",,"[{""Tag"":""BaseAttribute"",""Attributes"":{""Symbol"":""magic_physdefbase"",""Value"":""106""}},{""Tag"":""BaseAttribute"",""Attributes"":{""Symbol"":""magic_magicdefbase"",""Value"":""106""}},{""Tag"":""Attribute"",""Attributes"":{""Symbol"":""magic_dexterity"",""Rate"":""100""}}]"
19206,Equip,10510159,10,Bàn Căn Đầu Cân,Hat3_7,1,94,2,250,1,40,-1,331,264,200,true,4,40,2,2,1,-1,-1,,"Vật này sinh ra nơi gốc cây hoang dại giữa chốn u tịch, thấm khí thời gian, chẳng thuộc về nhân thế.#r<color=#00FF00><br>(Cả bộ do Diệp Nhị Nương của <color=#FFFF00>Ác Nhân Cốc<color=#00FF00> thiết kế)",,"[{""Tag"":""BaseAttribute"",""Attributes"":{""Symbol"":""magic_physdefbase"",""Value"":""138""}},{""Tag"":""BaseAttribute"",""Attributes"":{""Symbol"":""magic_magicdefbase"",""Value"":""138""}},{""Tag"":""Attribute"",""Attributes"":{""Symbol"":""magic_stamina"",""Rate"":""100""}},{""Tag"":""Attribute"",""Attributes"":{""Symbol"":""magic_dexterity"",""Rate"":""100""}}]"
19207,Equip,10510160,10,Tử Thuỷ Phù Bình Quán,Hat3_15,1,98,2,254,1,80,-1,1640,1312,200,true,4,80,3,3,1,-1,-1,,"Vật này mang sắc của bèo nước trôi, sinh trong thanh u, động trong sắc rực. Khi va chạm ánh sáng và bóng tối, liền thức tỉnh như tiếng chuông giữa hư không.#r<color=#00FF00><br>(Cả bộ do Diệp Nhị Nương của <color=#FFFF00>Ác Nhân Cốc<color=#00FF00> thiết kế)",,"[{""Tag"":""BaseAttribute"",""Attributes"":{""Symbol"":""magic_physdefbase"",""Value"":""266""}},{""Tag"":""BaseAttribute"",""Attributes"":{""Symbol"":""magic_magicdefbase"",""Value"":""266""}},{""Tag"":""Attribute"",""Attributes"":{""Symbol"":""magic_magicdef"",""Rate"":""100""}},{""Tag"":""Attribute"",""Attributes"":{""Symbol"":""magic_stamina"",""Rate"":""100""}},{""Tag"":""Attribute"",""Attributes"":{""Symbol"":""magic_dexterity"",""Rate"":""100""}}]"
19208,Equip,10510161,10,Khuynh Vân Tả Hải Quán,Hat4_4,1,100,2,258,1,100,-1,3160,2528,200,true,4,100,4,4,1,-1,-1,,"Vật này sinh từ sơn hải, dung chứa thế giới trong một niệm. Tựa nhỏ bé, mà ẩn uy lực khôn cùng.#r<color=#00FF00><br>(Cả bộ do Diệp Nhị Nương của <color=#FFFF00>Ác Nhân Cốc<color=#00FF00> thiết kế)",,"[{""Tag"":""BaseAttribute"",""Attributes"":{""Symbol"":""magic_physdefbase"",""Value"":""330""}},{""Tag"":""BaseAttribute"",""Attributes"":{""Symbol"":""magic_magicdefbase"",""Value"":""330""}},{""Tag"":""Attribute"",""Attributes"":{""Symbol"":""magic_magicdef"",""Rate"":""100""}},{""Tag"":""Attribute"",""Attributes"":{""Symbol"":""magic_dodge"",""Rate"":""100""}},{""Tag"":""Attribute"",""Attributes"":{""Symbol"":""magic_stamina"",""Rate"":""100""}},{""Tag"":""Attribute"",""Attributes"":{""Symbol"":""magic_dexterity"",""Rate"":""100""}}]"
19209,Equip,10511160,11,Kinh Thảo Trường Ngoa,Shoes2_15,4,33,2,249,4,30,-1,169,135,200,true,4,30,1,1,1,-1,-1,,"Sinh ra giữa loạn thế, giữa gai góc máu tanh nơi Trung Nguyên. Vật này không phải binh cho đế vương, mà là vũ khí của kẻ sống sót.#r<color=#00FF00><br>(Cả bộ do Diệp Nhị Nương của <color=#FFFF00>Ác Nhân Cốc<color=#00FF00> thiết kế)",,"[{""Tag"":""BaseAttribute"",""Attributes"":{""Symbol"":""magic_physdefbase"",""Value"":""106""}},{""Tag"":""BaseAttribute"",""Attributes"":{""Symbol"":""magic_magicdefbase"",""Value"":""106""}},{""Tag"":""Attribute"",""Attributes"":{""Symbol"":""magic_dexterity"",""Rate"":""100""}}]"
19210,Equip,10511161,11,Thuỳ Đằng Bì Ngoa,Shoes3_1,4,35,2,251,4,50,-1,554,443,200,true,4,50,2,2,1,-1,-1,,"Vật này sinh nơi bóng cổ đằng u tịch, thấm linh khí của sơn lâm hoang vắng. Tựa như say ngủ dưới tán rừng, chẳng biết phương hướng, mang theo khí tức tiêu dao, chẳng tranh cùng đời, chẳng vướng bụi trần.#r<color=#00FF00><br>(Cả bộ do Diệp Nhị Nương của <color=#FFFF00>Ác Nhân Cốc<color=#00FF00> thiết kế)",,"[{""Tag"":""BaseAttribute"",""Attributes"":{""Symbol"":""magic_physdefbase"",""Value"":""170""}},{""Tag"":""BaseAttribute"",""Attributes"":{""Symbol"":""magic_magicdefbase"",""Value"":""170""}},{""Tag"":""Attribute"",""Attributes"":{""Symbol"":""magic_stamina"",""Rate"":""100""}},{""Tag"":""Attribute"",""Attributes"":{""Symbol"":""magic_dexterity"",""Rate"":""100""}}]"
19211,Equip,10511162,11,Nguyệt Lưu Bì Ngoa,Shoes3_4,4,37,2,253,4,70,-1,1255,1004,200,true,4,70,3,3,1,-1,-1,,"Vật này sinh dưới ánh nguyệt lay bóng nước, thấm sắc sơn quang, vương hồn sương khói. Khi trăng soi, ánh trên thân nhẹ dao động như làn sóng, tựa mộng tựa thực, thoắt hiện thoắt ẩn, khí tức thanh tĩnh mà huyền diệu.#r<color=#00FF00><br>(Cả bộ do Diệp Nhị Nương của <color=#FFFF00>Ác Nhân Cốc<color=#00FF00> thiết kế)",,"[{""Tag"":""BaseAttribute"",""Attributes"":{""Symbol"":""magic_physdefbase"",""Value"":""234""}},{""Tag"":""BaseAttribute"",""Attributes"":{""Symbol"":""magic_magicdefbase"",""Value"":""234""}},{""Tag"":""Attribute"",""Attributes"":{""Symbol"":""magic_dodge"",""Rate"":""100""}},{""Tag"":""Attribute"",""Attributes"":{""Symbol"":""magic_stamina"",""Rate"":""100""}},{""Tag"":""Attribute"",""Attributes"":{""Symbol"":""magic_dexterity"",""Rate"":""100""}}]"
19212,Equip,10511163,11,Mộ Trúc Đề Huyết Ngoa,Shoes3_11,4,39,2,255,4,90,-1,2240,1792,200,true,4,90,4,4,1,-1,-1,,"Vật này sinh nơi đất cũ Tần nhân, hấp thụ oán khí đẫm lệ máu. Thân mang khí lạnh đêm mưa, phảng phất mùi tanh nơi gò hoang. Tựa tiếng cuốc khàn rơi máu, như lệ lão nhân nhỏ xuống giữa loạn thế - một vật không sinh vì vinh quang, mà tồn vì bi sử.#r<color=#00FF00><br>(Cả bộ do Diệp Nhị Nương của <color=#FFFF00>Ác Nhân Cốc<color=#00FF00> thiết kế)",,"[{""Tag"":""BaseAttribute"",""Attributes"":{""Symbol"":""magic_physdefbase"",""Value"":""298""}},{""Tag"":""BaseAttribute"",""Attributes"":{""Symbol"":""magic_magicdefbase"",""Value"":""298""}},{""Tag"":""Attribute"",""Attributes"":{""Symbol"":""magic_magicdef"",""Rate"":""100""}},{""Tag"":""Attribute"",""Attributes"":{""Symbol"":""magic_dodge"",""Rate"":""100""}},{""Tag"":""Attribute"",""Attributes"":{""Symbol"":""magic_stamina"",""Rate"":""100""}},{""Tag"":""Attribute"",""Attributes"":{""Symbol"":""magic_dexterity"",""Rate"":""100""}}]"
19213,Equip,10511164,11,Khuynh Vân Tả Hải Ngoa,Shoes3_8,4,40,2,258,4,100,-1,3160,2528,200,true,4,100,4,4,1,-1,-1,,"Vật này sinh từ sơn hải, dung chứa thế giới trong một niệm. Tựa nhỏ bé, mà ẩn uy lực khôn cùng.#r<color=#00FF00><br>(Cả bộ do Diệp Nhị Nương của <color=#FFFF00>Ác Nhân Cốc<color=#00FF00> thiết kế)",,"[{""Tag"":""BaseAttribute"",""Attributes"":{""Symbol"":""magic_physdefbase"",""Value"":""330""}},{""Tag"":""BaseAttribute"",""Attributes"":{""Symbol"":""magic_magicdefbase"",""Value"":""330""}},{""Tag"":""Attribute"",""Attributes"":{""Symbol"":""magic_magicdef"",""Rate"":""100""}},{""Tag"":""Attribute"",""Attributes"":{""Symbol"":""magic_dodge"",""Rate"":""100""}},{""Tag"":""Attribute"",""Attributes"":{""Symbol"":""magic_stamina"",""Rate"":""100""}},{""Tag"":""Attribute"",""Attributes"":{""Symbol"":""magic_dexterity"",""Rate"":""100""}}]"
19214,Equip,10511000,11,Ma Kha Vân Thiết Hài,Shoes1_1,4,51,1,0,4,10,-1,30,24,200,true,4,10,1,1,1,-1,-1,,"Sắc bất dị không, không bất dị sắc; sắc tức thị không, không tức thị sắc, thụ tưởng hành thức, diệc phúc như thị, vật này dựa Phật mà tồn.<color=#00FF00><br>(Cả bộ do Hồng Thái Vân của<color=#FFFFFF> <color=#FFFF00>Thiếu Lâm<color=#FFFFFF> <color=#00FF00> thiết kế)",,"[{""Tag"":""BaseAttribute"",""Attributes"":{""Symbol"":""magic_physdefbase"",""Value"":""42""}},{""Tag"":""BaseAttribute"",""Attributes"":{""Symbol"":""magic_magicdefbase"",""Value"":""42""}},{""Tag"":""Attribute"",""Attributes"":{""Symbol"":""magic_stamina"",""Rate"":""100""}}]"
19215,Equip,10511001,11,Chưa dùng,Shoes1_1,4,52,2,-1,-1,20,-1,109,87,200,true,4,20,1,1,1,-1,-1,,Chưa dùng,,"[{""Tag"":""BaseAttribute"",""Attributes"":{""Symbol"":""magic_physdefbase"",""Value"":""74""}},{""Tag"":""BaseAttribute"",""Attributes"":{""Symbol"":""magic_magicdefbase"",""Value"":""74""}},{""Tag"":""Attribute"",""Attributes"":{""Symbol"":""magic_stamina"",""Rate"":""100""}}]"
19216,Equip,10511002,11,Chưa dùng,Shoes1_2,4,53,2,-1,-1,30,-1,169,135,200,true,4,30,1,1,1,-1,-1,,Chưa dùng,,"[{""Tag"":""BaseAttribute"",""Attributes"":{""Symbol"":""magic_physdefbase"",""Value"":""106""}},{""Tag"":""BaseAttribute"",""Attributes"":{""Symbol"":""magic_magicdefbase"",""Value"":""106""}},{""Tag"":""Attribute"",""Attributes"":{""Symbol"":""magic_stamina"",""Rate"":""100""}}]"
19217,Equip,10511003,11,Chưa dùng,Shoes1_7,4,54,2,-1,-1,40,-1,331,264,200,true,4,40,2,2,1,-1,-1,,Chưa dùng,,"[{""Tag"":""BaseAttribute"",""Attributes"":{""Symbol"":""magic_physdefbase"",""Value"":""138""}},{""Tag"":""BaseAttribute"",""Attributes"":{""Symbol"":""magic_magicdefbase"",""Value"":""138""}},{""Tag"":""Attribute"",""Attributes"":{""Symbol"":""magic_strength"",""Rate"":""100""}},{""Tag"":""Attribute"",""Attributes"":{""Symbol"":""magic_stamina"",""Rate"":""100""}}]"
19218,Equip,10511004,11,Bát Nhã Ngân Thiết Hài,Shoes1_11,4,55,1,4,4,50,-1,554,443,200,true,4,50,2,2,1,-1,-1,,"Thông đạt thế gian pháp xuất thế gian pháp, dung thông vô ngại, cáp đáo hảo xứ, nhi hựu bất chấp thủ chư pháp đích đại trí tuệ, vật này sinh ra từ phật.<color=#00FF00> (Do Hồng Thái Vân của <color=#FFFF00>Thiếu Lâm<color=#00FF00> thiết kế)",,"[{""Tag"":""BaseAttribute"",""Attributes"":{""Symbol"":""magic_physdefbase"",""Value"":""170""}},{""Tag"":""BaseAttribute"",""Attributes"":{""Symbol"":""magic_magicdefbase"",""Value"":""170""}},{""Tag"":""Attribute"",""Attributes"":{""Symbol"":""magic_strength"",""Rate"":""100""}},{""Tag"":""Attribute"",""Attributes"":{""Symbol"":""magic_stamina"",""Rate"":""100""}}]"
19219,Equip,10511005,11,Chưa dùng,Shoes1_12,4,56,2,-1,-1,60,-1,890,712,200,true,4,60,2,2,1,-1,-1,,Chưa dùng,,"[{""Tag"":""BaseAttribute"",""Attributes"":{""Symbol"":""magic_physdefbase"",""Value"":""202""}},{""Tag"":""BaseAttribute"",""Attributes"":{""Symbol"":""magic_magicdefbase"",""Value"":""202""}},{""Tag"":""Attribute"",""Attributes"":{""Symbol"":""magic_strength"",""Rate"":""100""}},{""Tag"":""Attribute"",""Attributes"":{""Symbol"":""magic_stamina"",""Rate"":""100""}}]"
19220,Equip,10511006,11,Chưa dùng,Shoes1_16,4,57,2,-1,-1,70,-1,1255,1004,200,true,4,70,3,3,1,-1,-1,,Chưa dùng,,"[{""Tag"":""BaseAttribute"",""Attributes"":{""Symbol"":""magic_physdefbase"",""Value"":""234""}},{""Tag"":""BaseAttribute"",""Attributes"":{""Symbol"":""magic_magicdefbase"",""Value"":""234""}},{""Tag"":""Attribute"",""Attributes"":{""Symbol"":""magic_dodge"",""Rate"":""100""}},{""Tag"":""Attribute"",""Attributes"":{""Symbol"":""magic_strength"",""Rate"":""100""}},{""Tag"":""Attribute"",""Attributes"":{""Symbol"":""magic_stamina"",""Rate"":""100""}}]"
19221,Equip,10511007,11,Vô Trần Luyện Thiết Hài,Shoes2_3,4,58,1,7,4,80,-1,1640,1312,200,true,4,80,3,3,1,-1,-1,,"Lục trần gồm sắc, thanh, hương, vị, xúc, pháp. Giữ vững lục căn, không bị mê hoặc. Vật sinh ra từ Phật Pháp. <color=#00FF00><br>(Cả bộ do Hồng Thái Vân của <color=#FFFF00>Thiếu Lâm<color=#00FF00> thiết kế)<color=#00FF00>",,"[{""Tag"":""BaseAttribute"",""Attributes"":{""Symbol"":""magic_physdefbase"",""Value"":""266""}},{""Tag"":""BaseAttribute"",""Attributes"":{""Symbol"":""magic_magicdefbase"",""Value"":""266""}},{""Tag"":""Attribute"",""Attributes"":{""Symbol"":""magic_dodge"",""Rate"":""100""}},{""Tag"":""Attribute"",""Attributes"":{""Symbol"":""magic_strength"",""Rate"":""100""}},{""Tag"":""Attribute"",""Attributes"":{""Symbol"":""magic_stamina"",""Rate"":""100""}}]"
19222,Equip,10511008,11,Chưa dùng,Shoes2_6,4,59,2,-1,-1,90,-1,2240,1792,200,true,4,90,4,4,1,-1,-1,,Chưa dùng,,"[{""Tag"":""BaseAttribute"",""Attributes"":{""Symbol"":""magic_physdefbase"",""Value"":""298""}},{""Tag"":""BaseAttribute"",""Attributes"":{""Symbol"":""magic_magicdefbase"",""Value"":""298""}},{""Tag"":""Attribute"",""Attributes"":{""Symbol"":""magic_maxhp"",""Rate"":""100""}},{""Tag"":""Attribute"",""Attributes"":{""Symbol"":""magic_dodge"",""Rate"":""100""}},{""Tag"":""Attribute"",""Attributes"":{""Symbol"":""magic_strength"",""Rate"":""100""}},{""Tag"":""Attribute"",""Attributes"":{""Symbol"":""magic_stamina"",""Rate"":""100""}}]"
19223,Equip,10511009,11,Bồ Đề Nguyệt Lưu Hài,Shoes2_7,4,60,1,11,4,100,-1,3160,2528,200,true,4,100,4,4,1,-1,-1,,"Ngôn chính giải giả, chính giác dị hiệu. Phàn vân bồ đề, thử phiên vi giác, giác pháp tính cố. Mạt gia ngôn đạo, du lữ nghi cố. Cổ vân bồ đề đạo giả phi dã. Vật này sinh ra từ Phật Pháp. <color=#00FF00><br>(Cả bộ do Hồng Thái Vân của <color=#FFFF00>Thiếu Lâm<color=#00FF00> thiết kế)<color=#00FF00>",,"[{""Tag"":""BaseAttribute"",""Attributes"":{""Symbol"":""magic_physdefbase"",""Value"":""330""}},{""Tag"":""BaseAttribute"",""Attributes"":{""Symbol"":""magic_magicdefbase"",""Value"":""330""}},{""Tag"":""Attribute"",""Attributes"":{""Symbol"":""magic_maxhp"",""Rate"":""100""}},{""Tag"":""Attribute"",""Attributes"":{""Symbol"":""magic_dodge"",""Rate"":""100""}},{""Tag"":""Attribute"",""Attributes"":{""Symbol"":""magic_strength"",""Rate"":""100""}},{""Tag"":""Attribute"",""Attributes"":{""Symbol"":""magic_stamina"",""Rate"":""100""}}]"
19224,Equip,10511010,11,Chưa dùng,Shoes2_8,4,51,2,-1,-1,10,-1,30,24,200,true,4,10,1,1,1,-1,-1,,Chưa dùng,,"[{""Tag"":""BaseAttribute"",""Attributes"":{""Symbol"":""magic_physdefbase"",""Value"":""42""}},{""Tag"":""BaseAttribute"",""Attributes"":{""Symbol"":""magic_magicdefbase"",""Value"":""42""}},{""Tag"":""Attribute"",""Attributes"":{""Symbol"":""magic_strength"",""Rate"":""100""}}]"
19225,Equip,10511011,11,Chưa dùng,Shoes2_14,4,52,2,-1,-1,20,-1,109,87,200,true,4,20,1,1,1,-1,-1,,Chưa dùng,,"[{""Tag"":""BaseAttribute"",""Attributes"":{""Symbol"":""magic_physdefbase"",""Value"":""74""}},{""Tag"":""BaseAttribute"",""Attributes"":{""Symbol"":""magic_magicdefbase"",""Value"":""74""}},{""Tag"":""Attribute"",""Attributes"":{""Symbol"":""magic_strength"",""Rate"":""100""}}]"
19226,Equip,10511012,11,Liệt Hỏa Nghi Thiết Hài,Shoes2_15,4,53,1,14,4,30,-1,169,135,200,true,4,30,1,1,1,-1,-1,,"Thường thụ khoái lạc quang minh trung, nhược ngôn hữu bệnh vô thị xứ, vật này dựa Quang mà tồn.<color=#00FF00><br>(Cả bộ do Phương Bách Hoa của<color=#FFFFFF> <color=#FFFF00>Minh Giáo<color=#FFFFFF> <color=#00FF00> thiết kế)",,"[{""Tag"":""BaseAttribute"",""Attributes"":{""Symbol"":""magic_physdefbase"",""Value"":""106""}},{""Tag"":""BaseAttribute"",""Attributes"":{""Symbol"":""magic_magicdefbase"",""Value"":""106""}},{""Tag"":""Attribute"",""Attributes"":{""Symbol"":""magic_strength"",""Rate"":""100""}}]"
19227,Equip,10511013,11,Chưa dùng,Shoes2_16,4,54,2,-1,-1,40,-1,331,264,200,true,4,40,2,2,1,-1,-1,,Chưa dùng,,"[{""Tag"":""BaseAttribute"",""Attributes"":{""Symbol"":""magic_physdefbase"",""Value"":""138""}},{""Tag"":""BaseAttribute"",""Attributes"":{""Symbol"":""magic_magicdefbase"",""Value"":""138""}},{""Tag"":""Attribute"",""Attributes"":{""Symbol"":""magic_strength"",""Rate"":""100""}},{""Tag"":""Attribute"",""Attributes"":{""Symbol"":""magic_dexterity"",""Rate"":""100""}}]"
19228,Equip,10511014,11,Địa Hỏa Duyên Thiết Hài,Shoes3_1,4,55,1,16,4,50,-1,554,443,200,true,4,50,2,2,1,-1,-1,,"Xứ sở trang nghiêm giai thanh tịnh, chư ác bất tịnh bỉ nguyên vô, vật này dựa Quang mà tồn.<color=#00FF00><br>(Cả bộ do Phương Bách Hoa của <color=#FFFFFF><color=#FFFF00>Minh Giáo <color=#FFFFFF><color=#00FF00> thiết kế)",,"[{""Tag"":""BaseAttribute"",""Attributes"":{""Symbol"":""magic_physdefbase"",""Value"":""170""}},{""Tag"":""BaseAttribute"",""Attributes"":{""Symbol"":""magic_magicdefbase"",""Value"":""170""}},{""Tag"":""Attribute"",""Attributes"":{""Symbol"":""magic_strength"",""Rate"":""100""}},{""Tag"":""Attribute"",""Attributes"":{""Symbol"":""magic_dexterity"",""Rate"":""100""}}]"
19229,Equip,10511015,11,Chưa dùng,Shoes3_2,4,56,2,-1,-1,60,-1,890,712,200,true,4,60,2,2,1,-1,-1,,Chưa dùng,,"[{""Tag"":""BaseAttribute"",""Attributes"":{""Symbol"":""magic_physdefbase"",""Value"":""202""}},{""Tag"":""BaseAttribute"",""Attributes"":{""Symbol"":""magic_magicdefbase"",""Value"":""202""}},{""Tag"":""Attribute"",""Attributes"":{""Symbol"":""magic_strength"",""Rate"":""100""}},{""Tag"":""Attribute"",""Attributes"":{""Symbol"":""magic_dexterity"",""Rate"":""100""}}]"
19230,Equip,10511016,11,Thiên Hỏa Lưu Vân Hài,Shoes3_4,4,57,1,18,4,70,-1,1255,1004,200,true,4,70,3,3,1,-1,-1,,"Phần Ngã Tàn Khu, Hùng Hùng Thánh Hỏa, vật này dựa Quang mà tồn.<color=#00FF00><br>(Cả bộ do Phương Bách Hoa của <color=#FFFFFF><color=#FFFF00>Minh Giáo <color=#FFFFFF><color=#00FF00> thiết kế)",,"[{""Tag"":""BaseAttribute"",""Attributes"":{""Symbol"":""magic_physdefbase"",""Value"":""234""}},{""Tag"":""BaseAttribute"",""Attributes"":{""Symbol"":""magic_magicdefbase"",""Value"":""234""}},{""Tag"":""Attribute"",""Attributes"":{""Symbol"":""magic_dodge"",""Rate"":""100""}},{""Tag"":""Attribute"",""Attributes"":{""Symbol"":""magic_strength"",""Rate"":""100""}},{""Tag"":""Attribute"",""Attributes"":{""Symbol"":""magic_dexterity"",""Rate"":""100""}}]"
19231,Equip,10511017,11,Chưa dùng,Shoes3_5,4,58,2,-1,-1,80,-1,1640,1312,200,true,4,80,3,3,1,-1,-1,,Chưa dùng,,"[{""Tag"":""BaseAttribute"",""Attributes"":{""Symbol"":""magic_physdefbase"",""Value"":""266""}},{""Tag"":""BaseAttribute"",""Attributes"":{""Symbol"":""magic_magicdefbase"",""Value"":""266""}},{""Tag"":""Attribute"",""Attributes"":{""Symbol"":""magic_dodge"",""Rate"":""100""}},{""Tag"":""Attribute"",""Attributes"":{""Symbol"":""magic_strength"",""Rate"":""100""}},{""Tag"":""Attribute"",""Attributes"":{""Symbol"":""magic_dexterity"",""Rate"":""100""}}]"
19232,Equip,10511018,11,Thánh Hỏa Lăng Ba Hài,Shoes3_11,4,59,1,20,4,90,-1,2240,1792,200,true,4,90,4,4,1,-1,-1,,"Hành thiện để trừ ác, hỉ lạc bi sầu đều về với cát bụi. Vật sinh ra từ ánh sáng. <color=#00FF00><br>(Cả bộ do Phương Bạch Hoa của <color=#FFFF00>Minh Giáo<color=#00FF00> thiết kế)<color=#00FF00>",,"[{""Tag"":""BaseAttribute"",""Attributes"":{""Symbol"":""magic_physdefbase"",""Value"":""298""}},{""Tag"":""BaseAttribute"",""Attributes"":{""Symbol"":""magic_magicdefbase"",""Value"":""298""}},{""Tag"":""Attribute"",""Attributes"":{""Symbol"":""magic_physatk"",""Rate"":""100""}},{""Tag"":""Attribute"",""Attributes"":{""Symbol"":""magic_dodge"",""Rate"":""100""}},{""Tag"":""Attribute"",""Attributes"":{""Symbol"":""magic_strength"",""Rate"":""100""}},{""Tag"":""Attribute"",""Attributes"":{""Symbol"":""magic_dexterity"",""Rate"":""100""}}]"
19233,Equip,10511019,11,Cửu Dương Bích Lân Hài,Shoes3_8,4,60,1,23,4,100,-1,3160,2528,200,true,4,100,4,4,1,-1,-1,,"Thượng chí minh giới, hạ cập u đồ, sở hữu chúng sinh, giai do thử độ. Ma Ni chi hậu, niên thùy ngũ cửu, kim khí tướng hưng. Vật này sinh ra từ ánh sáng. <color=#00FF00><br>(Cả bộ do Phương Bạch Hoa của <color=#FFFF00>Minh Giáo<color=#00FF00> thiết kế)<color=#00FF00>",,"[{""Tag"":""BaseAttribute"",""Attributes"":{""Symbol"":""magic_physdefbase"",""Value"":""330""}},{""Tag"":""BaseAttribute"",""Attributes"":{""Symbol"":""magic_magicdefbase"",""Value"":""330""}},{""Tag"":""Attribute"",""Attributes"":{""Symbol"":""magic_physatk"",""Rate"":""100""}},{""Tag"":""Attribute"",""Attributes"":{""Symbol"":""magic_dodge"",""Rate"":""100""}},{""Tag"":""Attribute"",""Attributes"":{""Symbol"":""magic_strength"",""Rate"":""100""}},{""Tag"":""Attribute"",""Attributes"":{""Symbol"":""magic_dexterity"",""Rate"":""100""}}]"
19234,Equip,10511020,11,Chưa dùng,Shoes3_9,4,51,2,-1,-1,10,-1,30,24,200,true,4,10,1,1,1,-1,-1,,Chưa dùng,,"[{""Tag"":""BaseAttribute"",""Attributes"":{""Symbol"":""magic_physdefbase"",""Value"":""42""}},{""Tag"":""BaseAttribute"",""Attributes"":{""Symbol"":""magic_magicdefbase"",""Value"":""42""}},{""Tag"":""Attribute"",""Attributes"":{""Symbol"":""magic_dexterity"",""Rate"":""100""}}]"
19235,Equip,10511021,11,Tiềm Long Nhu Thiết Hài,Shoes3_13,4,52,1,25,4,20,-1,109,87,200,true,4,20,1,1,1,-1,-1,,"Quẻ Càn Dịch Kinh, Sơ cửu: Tiềm Long, vật dụng. <<Lời viết>>: 'Tiềm long, vật dụng', dương tại hạ dã., vật này dựa Long mà tồn.<color=#00FF00><br>(Cả bộ do Ngô Tuyết Kiều của <color=#FFFFFF><color=#FFFF00>Cái Bang<color=#FFFFFF> <color=#00FF00> thiết kế)",,"[{""Tag"":""BaseAttribute"",""Attributes"":{""Symbol"":""magic_physdefbase"",""Value"":""74""}},{""Tag"":""BaseAttribute"",""Attributes"":{""Symbol"":""magic_magicdefbase"",""Value"":""74""}},{""Tag"":""Attribute"",""Attributes"":{""Symbol"":""magic_dexterity"",""Rate"":""100""}}]"
19236,Equip,10511022,11,Chưa dùng,Shoes3_10,4,53,2,-1,-1,30,-1,169,135,200,true,4,30,1,1,1,-1,-1,,Chưa dùng,,"[{""Tag"":""BaseAttribute"",""Attributes"":{""Symbol"":""magic_physdefbase"",""Value"":""106""}},{""Tag"":""BaseAttribute"",""Attributes"":{""Symbol"":""magic_magicdefbase"",""Value"":""106""}},{""Tag"":""Attribute"",""Attributes"":{""Symbol"":""magic_dexterity"",""Rate"":""100""}}]"
19237,Equip,10511023,11,Chưa dùng,Shoes3_12,4,54,2,-1,-1,40,-1,331,264,200,true,4,40,2,2,1,-1,-1,,Chưa dùng,,"[{""Tag"":""BaseAttribute"",""Attributes"":{""Symbol"":""magic_physdefbase"",""Value"":""138""}},{""Tag"":""BaseAttribute"",""Attributes"":{""Symbol"":""magic_magicdefbase"",""Value"":""138""}},{""Tag"":""Attribute"",""Attributes"":{""Symbol"":""magic_stamina"",""Rate"":""100""}},{""Tag"":""Attribute"",""Attributes"":{""Symbol"":""magic_dexterity"",""Rate"":""100""}}]"
19238,Equip,10511024,11,Chưa dùng,Shoes3_15,4,55,2,-1,-1,50,-1,554,443,200,true,4,50,2,2,1,-1,-1,,Chưa dùng,,"[{""Tag"":""BaseAttribute"",""Attributes"":{""Symbol"":""magic_physdefbase"",""Value"":""170""}},{""Tag"":""BaseAttribute"",""Attributes"":{""Symbol"":""magic_magicdefbase"",""Value"":""170""}},{""Tag"":""Attribute"",""Attributes"":{""Symbol"":""magic_stamina"",""Rate"":""100""}},{""Tag"":""Attribute"",""Attributes"":{""Symbol"":""magic_dexterity"",""Rate"":""100""}}]"
19239,Equip,10511025,11,Tù Long Tàn Thiết Hài,Shoes3_16,4,56,1,29,4,60,-1,890,712,200,true,4,60,2,2,1,-1,-1,,"Tù Long nhân thể, nghịch lân trực tu, nộ khí bạo phát, vật này dựa Long mà tồn.<color=#00FF00><br>(Cả bộ do Ngô Tuyết Kiều của <color=#FFFFFF><color=#FFFF00>Cái Bang <color=#FFFFFF><color=#00FF00> thiết kế)<color=#FFFFFF> .",,"[{""Tag"":""BaseAttribute"",""Attributes"":{""Symbol"":""magic_physdefbase"",""Value"":""202""}},{""Tag"":""BaseAttribute"",""Attributes"":{""Symbol"":""magic_magicdefbase"",""Value"":""202""}},{""Tag"":""Attribute"",""Attributes"":{""Symbol"":""magic_stamina"",""Rate"":""100""}},{""Tag"":""Attribute"",""Attributes"":{""Symbol"":""magic_dexterity"",""Rate"":""100""}}]"
19240,Equip,10511026,11,Chưa dùng,Shoes4_1,4,57,2,-1,-1,70,-1,1255,1004,200,true,4,70,3,3,1,-1,-1,,Chưa dùng,,"[{""Tag"":""BaseAttribute"",""Attributes"":{""Symbol"":""magic_physdefbase"",""Value"":""234""}},{""Tag"":""BaseAttribute"",""Attributes"":{""Symbol"":""magic_magicdefbase"",""Value"":""234""}},{""Tag"":""Attribute"",""Attributes"":{""Symbol"":""magic_dodge"",""Rate"":""100""}},{""Tag"":""Attribute"",""Attributes"":{""Symbol"":""magic_stamina"",""Rate"":""100""}},{""Tag"":""Attribute"",""Attributes"":{""Symbol"":""magic_dexterity"",""Rate"":""100""}}]"
19241,Equip,10511027,11,Chưa dùng,Shoes4_3,4,58,2,-1,-1,80,-1,1640,1312,200,true,4,80,3,3,1,-1,-1,,Chưa dùng,,"[{""Tag"":""BaseAttribute"",""Attributes"":{""Symbol"":""magic_physdefbase"",""Value"":""266""}},{""Tag"":""BaseAttribute"",""Attributes"":{""Symbol"":""magic_magicdefbase"",""Value"":""266""}},{""Tag"":""Attribute"",""Attributes"":{""Symbol"":""magic_dodge"",""Rate"":""100""}},{""Tag"":""Attribute"",""Attributes"":{""Symbol"":""magic_stamina"",""Rate"":""100""}},{""Tag"":""Attribute"",""Attributes"":{""Symbol"":""magic_dexterity"",""Rate"":""100""}}]"
19242,Equip,10511028,11,Cầm Long Thúc Thiết Hài,Shoes4_8,4,59,1,32,4,90,-1,2240,1792,200,true,4,90,4,4,1,-1,-1,,Xuất xứ: Kinh dịch càn khôn Sơ Cửu: Tiềm long vật dụng. Vật sinh ra từ rồng. <color=#00FF00><br>(Cả bộ do Ngô Tuyết Kiều của <color=#FFFF00>Cái Bang<color=#00FF00>thiết kế)<color=#00FF00>,,"[{""Tag"":""BaseAttribute"",""Attributes"":{""Symbol"":""magic_physdefbase"",""Value"":""298""}},{""Tag"":""BaseAttribute"",""Attributes"":{""Symbol"":""magic_magicdefbase"",""Value"":""298""}},{""Tag"":""Attribute"",""Attributes"":{""Symbol"":""magic_physatk"",""Rate"":""100""}},{""Tag"":""Attribute"",""Attributes"":{""Symbol"":""magic_dodge"",""Rate"":""100""}},{""Tag"":""Attribute"",""Attributes"":{""Symbol"":""magic_stamina"",""Rate"":""100""}},{""Tag"":""Attribute"",""Attributes"":{""Symbol"":""magic_dexterity"",""Rate"":""100""}}]"
19243,Equip,10511029,11,Côn Bằng Ai Thương Chi Hài,Shoes4_9,4,60,1,35,4,100,-1,3160,2528,200,true,4,100,4,4,1,-1,-1,,"Thoán viết: Đại tai càn nguyên, vạn vật tư thủy, nãi thống thiên. Vân hành vũ thí, phẩm vật lưu hình. Đại minh chung thủy, lục vị thời thành, thời thừa lục long dĩ ngự thiên. Càn đạo biến hóa, các chính tính mệnh. Bảo hợp thái hòa, nãi lợi trinh. Thủ xuất thứ vật, vạn quốc hàm ninh. Vật này sinh ra từ rồng. <color=#00FF00><br>(Cả bộ do Ngô Tuyết Kiều của <color=#FFFF00>Cái Bang<color=#00FF00>thiết kế)<color=#00FF00>",,"[{""Tag"":""BaseAttribute"",""Attributes"":{""Symbol"":""magic_physdefbase"",""Value"":""330""}},{""Tag"":""BaseAttribute"",""Attributes"":{""Symbol"":""magic_magicdefbase"",""Value"":""330""}},{""Tag"":""Attribute"",""Attributes"":{""Symbol"":""magic_physatk"",""Rate"":""100""}},{""Tag"":""Attribute"",""Attributes"":{""Symbol"":""magic_dodge"",""Rate"":""100""}},{""Tag"":""Attribute"",""Attributes"":{""Symbol"":""magic_stamina"",""Rate"":""100""}},{""Tag"":""Attribute"",""Attributes"":{""Symbol"":""magic_dexterity"",""Rate"":""100""}}]"
19244,Equip,10511030,11,Vô Cực Tiêm Ty Hài,Shoes1_1,4,51,1,36,4,10,-1,30,24,200,true,4,10,1,1,1,-1,-1,,"<<Lão Tử>> Chương 28 viết: Tri kỳ bạch, Thủ kỳ hắc, Vi thiên hạ thức. Vi thiên hạ thức, thường đức bất thác, phục quy ô vô cực. Vật này lấy Đạo làm dựa mà tồn, gọi là Vô Cực.<color=#00FF00><br>(Cả bộ do Trương Tịnh Sơ của <color=#FFFFFF><color=#FFFF00>Võ Đang<color=#FFFFFF> <color=#00FF00> thiết kế)<color=#FFFFFF> .",,"[{""Tag"":""BaseAttribute"",""Attributes"":{""Symbol"":""magic_physdefbase"",""Value"":""42""}},{""Tag"":""BaseAttribute"",""Attributes"":{""Symbol"":""magic_magicdefbase"",""Value"":""42""}},{""Tag"":""Attribute"",""Attributes"":{""Symbol"":""magic_energy"",""Rate"":""100""}}]"
19245,Equip,10511031,11,Chưa dùng,Shoes1_1,4,32,2,-1,-1,20,-1,109,87,200,true,4,20,1,1,1,-1,-1,,Chưa dùng,,"[{""Tag"":""BaseAttribute"",""Attributes"":{""Symbol"":""magic_physdefbase"",""Value"":""74""}},{""Tag"":""BaseAttribute"",""Attributes"":{""Symbol"":""magic_magicdefbase"",""Value"":""74""}},{""Tag"":""Attribute"",""Attributes"":{""Symbol"":""magic_energy"",""Rate"":""100""}}]"
19246,Equip,10511032,11,Chưa dùng,Shoes1_2,4,33,2,-1,-1,30,-1,169,135,200,true,4,30,1,1,1,-1,-1,,Chưa dùng,,"[{""Tag"":""BaseAttribute"",""Attributes"":{""Symbol"":""magic_physdefbase"",""Value"":""106""}},{""Tag"":""BaseAttribute"",""Attributes"":{""Symbol"":""magic_magicdefbase"",""Value"":""106""}},{""Tag"":""Attribute"",""Attributes"":{""Symbol"":""magic_energy"",""Rate"":""100""}}]"
19247,Equip,10511033,11,Chưa dùng,Shoes1_7,4,34,2,-1,-1,40,-1,331,264,200,true,4,40,2,2,1,-1,-1,,Chưa dùng,,"[{""Tag"":""BaseAttribute"",""Attributes"":{""Symbol"":""magic_physdefbase"",""Value"":""138""}},{""Tag"":""BaseAttribute"",""Attributes"":{""Symbol"":""magic_magicdefbase"",""Value"":""138""}},{""Tag"":""Attribute"",""Attributes"":{""Symbol"":""magic_energy"",""Rate"":""100""}},{""Tag"":""Attribute"",""Attributes"":{""Symbol"":""magic_dexterity"",""Rate"":""100""}}]"
19248,Equip,10511034,11,Bát Quái Miên Ma Hài,Shoes1_11,4,35,1,40,4,50,-1,554,443,200,true,4,50,2,2,1,-1,-1,,"Vô Cực sinh Thái Cực, Thái Cực sinh Lưỡng Nghi, Lưỡng Nghi sinh Tứ Tượng, Tứ Tượng sinh Bát quái, vật này dựa bát quái mà tồn.<color=#00FF00><br>(Cả bộ do Trương Tịnh Sơ của <color=#FFFFFF><color=#FFFF00>Võ Đang <color=#FFFFFF><color=#00FF00> thiết kế)",,"[{""Tag"":""BaseAttribute"",""Attributes"":{""Symbol"":""magic_physdefbase"",""Value"":""170""}},{""Tag"":""BaseAttribute"",""Attributes"":{""Symbol"":""magic_magicdefbase"",""Value"":""170""}},{""Tag"":""Attribute"",""Attributes"":{""Symbol"":""magic_energy"",""Rate"":""100""}},{""Tag"":""Attribute"",""Attributes"":{""Symbol"":""magic_dexterity"",""Rate"":""100""}}]"
19249,Equip,10511035,11,Chưa dùng,Shoes1_12,4,36,2,-1,-1,60,-1,890,712,200,true,4,60,2,2,1,-1,-1,,Chưa dùng,,"[{""Tag"":""BaseAttribute"",""Attributes"":{""Symbol"":""magic_physdefbase"",""Value"":""202""}},{""Tag"":""BaseAttribute"",""Attributes"":{""Symbol"":""magic_magicdefbase"",""Value"":""202""}},{""Tag"":""Attribute"",""Attributes"":{""Symbol"":""magic_energy"",""Rate"":""100""}},{""Tag"":""Attribute"",""Attributes"":{""Symbol"":""magic_dexterity"",""Rate"":""100""}}]"
19250,Equip,10511036,11,Chưa dùng,Shoes1_16,4,37,2,-1,-1,70,-1,1255,1004,200,true,4,70,3,3,1,-1,-1,,Chưa dùng,,"[{""Tag"":""BaseAttribute"",""Attributes"":{""Symbol"":""magic_physdefbase"",""Value"":""234""}},{""Tag"":""BaseAttribute"",""Attributes"":{""Symbol"":""magic_magicdefbase"",""Value"":""234""}},{""Tag"":""Attribute"",""Attributes"":{""Symbol"":""magic_dodge"",""Rate"":""100""}},{""Tag"":""Attribute"",""Attributes"":{""Symbol"":""magic_energy"",""Rate"":""100""}},{""Tag"":""Attribute"",""Attributes"":{""Symbol"":""magic_dexterity"",""Rate"":""100""}}]"
19251,Equip,10511037,11,Ngũ Hành Phồn Ty Hài,Shoes2_3,4,38,1,43,4,80,-1,1640,1312,200,true,4,80,3,3,1,-1,-1,,"Trời có nhật nguyệt, đất có âm dương, trời có ngũ tinh, đất có ngũ hành, mọi vật tương sinh tương khắc, vật sinh ra từ ngũ hành. <color=#00FF00><br>(Cả bộ do Trương Tịnh Sơ của <color=#FFFF00>Võ Đang<color=#00FF00> thiết kế)<color=#00FF00>",,"[{""Tag"":""BaseAttribute"",""Attributes"":{""Symbol"":""magic_physdefbase"",""Value"":""266""}},{""Tag"":""BaseAttribute"",""Attributes"":{""Symbol"":""magic_magicdefbase"",""Value"":""266""}},{""Tag"":""Attribute"",""Attributes"":{""Symbol"":""magic_dodge"",""Rate"":""100""}},{""Tag"":""Attribute"",""Attributes"":{""Symbol"":""magic_energy"",""Rate"":""100""}},{""Tag"":""Attribute"",""Attributes"":{""Symbol"":""magic_dexterity"",""Rate"":""100""}}]"
19252,Equip,10511038,11,Chưa dùng,Shoes2_6,4,39,2,-1,-1,90,-1,2240,1792,200,true,4,90,4,4,1,-1,-1,,Chưa dùng,,"[{""Tag"":""BaseAttribute"",""Attributes"":{""Symbol"":""magic_physdefbase"",""Value"":""298""}},{""Tag"":""BaseAttribute"",""Attributes"":{""Symbol"":""magic_magicdefbase"",""Value"":""298""}},{""Tag"":""Attribute"",""Attributes"":{""Symbol"":""magic_magicatk"",""Rate"":""100""}},{""Tag"":""Attribute"",""Attributes"":{""Symbol"":""magic_dodge"",""Rate"":""100""}},{""Tag"":""Attribute"",""Attributes"":{""Symbol"":""magic_energy"",""Rate"":""100""}},{""Tag"":""Attribute"",""Attributes"":{""Symbol"":""magic_dexterity"",""Rate"":""100""}}]"
19253,Equip,10511039,11,Huyền Cơ Minh Thiên Hài,Shoes2_7,4,40,1,47,4,100,-1,3160,2528,200,true,4,100,4,4,1,-1,-1,,"Vô cực sinh thái cực, thái cực sinh lưỡng nghi, lưỡng nghi sinh tứ tượng, tứ tượng sinh bát quái, bát quái sinh lực thập tứ quái, khả động huyền cơ vu vô hình. Vật này nhờ vậy mà biến hóa khôn lường. <color=#00FF00><br>(Cả bộ do Trương Tịnh Sơ của <color=#FFFF00>Võ Đang<color=#00FF00> thiết kế)<color=#00FF00>",,"[{""Tag"":""BaseAttribute"",""Attributes"":{""Symbol"":""magic_physdefbase"",""Value"":""330""}},{""Tag"":""BaseAttribute"",""Attributes"":{""Symbol"":""magic_magicdefbase"",""Value"":""330""}},{""Tag"":""Attribute"",""Attributes"":{""Symbol"":""magic_magicatk"",""Rate"":""100""}},{""Tag"":""Attribute"",""Attributes"":{""Symbol"":""magic_dodge"",""Rate"":""100""}},{""Tag"":""Attribute"",""Attributes"":{""Symbol"":""magic_energy"",""Rate"":""100""}},{""Tag"":""Attribute"",""Attributes"":{""Symbol"":""magic_dexterity"",""Rate"":""100""}}]"
19254,Equip,10511040,11,Chưa dùng,Shoes2_8,4,31,2,-1,-1,10,-1,30,24,200,true,4,10,1,1,1,-1,-1,,Chưa dùng,,"[{""Tag"":""BaseAttribute"",""Attributes"":{""Symbol"":""magic_physdefbase"",""Value"":""42""}},{""Tag"":""BaseAttribute"",""Attributes"":{""Symbol"":""magic_magicdefbase"",""Value"":""42""}},{""Tag"":""Attribute"",""Attributes"":{""Symbol"":""magic_intelligence"",""Rate"":""100""}}]"
19255,Equip,10511041,11,Chưa dùng,Shoes2_14,4,32,2,-1,-1,20,-1,109,87,200,true,4,20,1,1,1,-1,-1,,Chưa dùng,,"[{""Tag"":""BaseAttribute"",""Attributes"":{""Symbol"":""magic_physdefbase"",""Value"":""74""}},{""Tag"":""BaseAttribute"",""Attributes"":{""Symbol"":""magic_magicdefbase"",""Value"":""74""}},{""Tag"":""Attribute"",""Attributes"":{""Symbol"":""magic_intelligence"",""Rate"":""100""}}]"
19256,Equip,10511042,11,Cửu Ảnh Minh Nguyệt Hài,Shoes2_15,4,33,1,50,4,30,-1,169,135,200,true,4,30,1,1,1,-1,-1,,"Hàm sa xạ ảnh, thân hình phiêu hốt bất định, một là chín chín là một, vật này dựa đấy mà tồn.<color=#00FF00><br>(Cả bộ do Mạnh Thanh Thanh<color=#FFFFFF> <color=#FFFF00>Nga My <color=#FFFFFF><color=#00FF00> thiết kế)<color=#FFFFFF>.",,"[{""Tag"":""BaseAttribute"",""Attributes"":{""Symbol"":""magic_physdefbase"",""Value"":""106""}},{""Tag"":""BaseAttribute"",""Attributes"":{""Symbol"":""magic_magicdefbase"",""Value"":""106""}},{""Tag"":""Attribute"",""Attributes"":{""Symbol"":""magic_intelligence"",""Rate"":""100""}}]"
19257,Equip,10511043,11,Chưa dùng,Shoes2_16,4,34,2,-1,-1,40,-1,331,264,200,true,4,40,2,2,1,-1,-1,,Chưa dùng,,"[{""Tag"":""BaseAttribute"",""Attributes"":{""Symbol"":""magic_physdefbase"",""Value"":""138""}},{""Tag"":""BaseAttribute"",""Attributes"":{""Symbol"":""magic_magicdefbase"",""Value"":""138""}},{""Tag"":""Attribute"",""Attributes"":{""Symbol"":""magic_energy"",""Rate"":""100""}},{""Tag"":""Attribute"",""Attributes"":{""Symbol"":""magic_intelligence"",""Rate"":""100""}}]"
19258,Equip,10511044,11,Khống Hạc Quang Tú Hài,Shoes3_1,4,35,1,52,4,50,-1,554,443,200,true,4,50,2,2,1,-1,-1,,"Hạc vũ cửu thiên, đích kỳ tất tiên giảm kỳ tốc, thương kỳ tốc thái âm kinh, dĩ vi khống hạc, vật này dựa đó mà tồn.<color=#00FF00><br>(Cả bộ do Mạnh Thanh Thanh của <color=#FFFFFF><color=#FFFF00>Nga My <color=#FFFFFF><color=#00FF00> thiết kế)",,"[{""Tag"":""BaseAttribute"",""Attributes"":{""Symbol"":""magic_physdefbase"",""Value"":""170""}},{""Tag"":""BaseAttribute"",""Attributes"":{""Symbol"":""magic_magicdefbase"",""Value"":""170""}},{""Tag"":""Attribute"",""Attributes"":{""Symbol"":""magic_energy"",""Rate"":""100""}},{""Tag"":""Attribute"",""Attributes"":{""Symbol"":""magic_intelligence"",""Rate"":""100""}}]"
19259,Equip,10511045,11,Chưa dùng,Shoes3_2,4,36,2,-1,-1,60,-1,890,712,200,true,4,60,2,2,1,-1,-1,,Chưa dùng,,"[{""Tag"":""BaseAttribute"",""Attributes"":{""Symbol"":""magic_physdefbase"",""Value"":""202""}},{""Tag"":""BaseAttribute"",""Attributes"":{""Symbol"":""magic_magicdefbase"",""Value"":""202""}},{""Tag"":""Attribute"",""Attributes"":{""Symbol"":""magic_energy"",""Rate"":""100""}},{""Tag"":""Attribute"",""Attributes"":{""Symbol"":""magic_intelligence"",""Rate"":""100""}}]"
19260,Equip,10511046,11,Hạc Ảnh Lưu Huỳnh Hài,Shoes3_4,4,37,1,54,4,70,-1,1255,1004,200,true,4,70,3,3,1,-1,-1,,"Lưu huỳnh phi hồng bích thiên mạch, hạc ảnh ngân ti lệ sầu niên, vật này dựa đó mà tồn.<color=#00FF00><br>(Cả bộ do Mạnh Thanh Thanh của <color=#FFFFFF><color=#FFFF00>Nga My <color=#FFFFFF><color=#00FF00> thiết kế)",,"[{""Tag"":""BaseAttribute"",""Attributes"":{""Symbol"":""magic_physdefbase"",""Value"":""234""}},{""Tag"":""BaseAttribute"",""Attributes"":{""Symbol"":""magic_magicdefbase"",""Value"":""234""}},{""Tag"":""Attribute"",""Attributes"":{""Symbol"":""magic_dodge"",""Rate"":""100""}},{""Tag"":""Attribute"",""Attributes"":{""Symbol"":""magic_energy"",""Rate"":""100""}},{""Tag"":""Attribute"",""Attributes"":{""Symbol"":""magic_intelligence"",""Rate"":""100""}}]"
19261,Equip,10511047,11,Chưa dùng,Shoes3_5,4,38,2,-1,-1,80,-1,1640,1312,200,true,4,80,3,3,1,-1,-1,,Chưa dùng,,"[{""Tag"":""BaseAttribute"",""Attributes"":{""Symbol"":""magic_physdefbase"",""Value"":""266""}},{""Tag"":""BaseAttribute"",""Attributes"":{""Symbol"":""magic_magicdefbase"",""Value"":""266""}},{""Tag"":""Attribute"",""Attributes"":{""Symbol"":""magic_dodge"",""Rate"":""100""}},{""Tag"":""Attribute"",""Attributes"":{""Symbol"":""magic_energy"",""Rate"":""100""}},{""Tag"":""Attribute"",""Attributes"":{""Symbol"":""magic_intelligence"",""Rate"":""100""}}]"
19262,Equip,10511048,11,Hồi Tâm Dung Tuyết Hài,Shoes3_11,4,39,1,56,4,90,-1,2240,1792,200,true,4,90,4,4,1,-1,-1,,"Tâm hồn bình lặng tựa nước trong hồ, hoài bão sâu tựa biển cả. <color=#00FF00><br>(Cả bộ do Mạnh Thanh Thanh của <color=#FFFF00>Nga My<color=#00FF00> thiết kế)<color=#00FF00>",,"[{""Tag"":""BaseAttribute"",""Attributes"":{""Symbol"":""magic_physdefbase"",""Value"":""298""}},{""Tag"":""BaseAttribute"",""Attributes"":{""Symbol"":""magic_magicdefbase"",""Value"":""298""}},{""Tag"":""Attribute"",""Attributes"":{""Symbol"":""magic_maxmp"",""Rate"":""100""}},{""Tag"":""Attribute"",""Attributes"":{""Symbol"":""magic_dodge"",""Rate"":""100""}},{""Tag"":""Attribute"",""Attributes"":{""Symbol"":""magic_energy"",""Rate"":""100""}},{""Tag"":""Attribute"",""Attributes"":{""Symbol"":""magic_intelligence"",""Rate"":""100""}}]"
19263,Equip,10511049,11,Thần Phệ Ngọc Lạc Hài,Shoes3_8,4,40,1,59,4,100,-1,3160,2528,200,true,4,100,4,4,1,-1,-1,,"Hoàng tuyền lộ thượng đa tình chủng, Thần phệ vạn vật nhất trường không. <color=#00FF00><br>(Cả bộ do Mạnh Thanh Thanh của <color=#FFFF00>Nga My<color=#00FF00> thiết kế)<color=#00FF00>",,"[{""Tag"":""BaseAttribute"",""Attributes"":{""Symbol"":""magic_physdefbase"",""Value"":""330""}},{""Tag"":""BaseAttribute"",""Attributes"":{""Symbol"":""magic_magicdefbase"",""Value"":""330""}},{""Tag"":""Attribute"",""Attributes"":{""Symbol"":""magic_maxmp"",""Rate"":""100""}},{""Tag"":""Attribute"",""Attributes"":{""Symbol"":""magic_dodge"",""Rate"":""100""}},{""Tag"":""Attribute"",""Attributes"":{""Symbol"":""magic_energy"",""Rate"":""100""}},{""Tag"":""Attribute"",""Attributes"":{""Symbol"":""magic_intelligence"",""Rate"":""100""}}]"
19264,Equip,10511050,11,Chưa dùng,Shoes3_9,4,31,2,-1,-1,10,-1,30,24,200,true,4,10,1,1,1,-1,-1,,Chưa dùng,,"[{""Tag"":""BaseAttribute"",""Attributes"":{""Symbol"":""magic_physdefbase"",""Value"":""42""}},{""Tag"":""BaseAttribute"",""Attributes"":{""Symbol"":""magic_magicdefbase"",""Value"":""42""}},{""Tag"":""Attribute"",""Attributes"":{""Symbol"":""magic_stamina"",""Rate"":""100""}}]"
19265,Equip,10511051,11,Tam Âm Thối Miễn Hài,Shoes3_13,4,32,1,61,4,20,-1,109,87,200,true,4,20,1,1,1,-1,-1,,"Tinh Túc chi phong triệt cổ hàn, âm khí tập nhân, đoạt nhân chi phách (Gió Tinh Túc lạnh thấu xương, âm khí quấn thân, đoạt mạng người), vật này do đó mà tồn.<color=#00FF00><br>(Cả bộ do Hàn Thế Trung của <color=#FFFFFF><color=#FFFF00>Tinh Túc <color=#FFFFFF><color=#00FF00> thiết kế)",,"[{""Tag"":""BaseAttribute"",""Attributes"":{""Symbol"":""magic_physdefbase"",""Value"":""74""}},{""Tag"":""BaseAttribute"",""Attributes"":{""Symbol"":""magic_magicdefbase"",""Value"":""74""}},{""Tag"":""Attribute"",""Attributes"":{""Symbol"":""magic_stamina"",""Rate"":""100""}}]"
19266,Equip,10511052,11,Chưa dùng,Shoes3_10,4,33,2,-1,-1,30,-1,169,135,200,true,4,30,1,1,1,-1,-1,,Chưa dùng,,"[{""Tag"":""BaseAttribute"",""Attributes"":{""Symbol"":""magic_physdefbase"",""Value"":""106""}},{""Tag"":""BaseAttribute"",""Attributes"":{""Symbol"":""magic_magicdefbase"",""Value"":""106""}},{""Tag"":""Attribute"",""Attributes"":{""Symbol"":""magic_stamina"",""Rate"":""100""}}]"
19267,Equip,10511053,11,Chưa dùng,Shoes3_12,4,34,2,-1,-1,40,-1,331,264,200,true,4,40,2,2,1,-1,-1,,Chưa dùng,,"[{""Tag"":""BaseAttribute"",""Attributes"":{""Symbol"":""magic_physdefbase"",""Value"":""138""}},{""Tag"":""BaseAttribute"",""Attributes"":{""Symbol"":""magic_magicdefbase"",""Value"":""138""}},{""Tag"":""Attribute"",""Attributes"":{""Symbol"":""magic_energy"",""Rate"":""100""}},{""Tag"":""Attribute"",""Attributes"":{""Symbol"":""magic_stamina"",""Rate"":""100""}}]"
19268,Equip,10511054,11,Chưa dùng,Shoes3_15,4,35,2,-1,-1,50,-1,554,443,200,true,4,50,2,2,1,-1,-1,,Chưa dùng,,"[{""Tag"":""BaseAttribute"",""Attributes"":{""Symbol"":""magic_physdefbase"",""Value"":""170""}},{""Tag"":""BaseAttribute"",""Attributes"":{""Symbol"":""magic_magicdefbase"",""Value"":""170""}},{""Tag"":""Attribute"",""Attributes"":{""Symbol"":""magic_energy"",""Rate"":""100""}},{""Tag"":""Attribute"",""Attributes"":{""Symbol"":""magic_stamina"",""Rate"":""100""}}]"
19269,Equip,10511055,11,Đoạt Hồn Trần Ty Hài,Shoes3_16,4,36,1,65,4,60,-1,890,712,200,true,4,60,2,2,1,-1,-1,,"Giang hồ phong ba khởi bất đoạn, binh qua giao chiến lập đoạn hồn, vật này lấy nó đặt tên.<color=#00FF00><br>(Cả bộ do Hàn Thế Xung của<color=#FFFFFF> <color=#FFFF00>Tinh Túc <color=#FFFFFF><color=#00FF00> thiết kế)",,"[{""Tag"":""BaseAttribute"",""Attributes"":{""Symbol"":""magic_physdefbase"",""Value"":""202""}},{""Tag"":""BaseAttribute"",""Attributes"":{""Symbol"":""magic_magicdefbase"",""Value"":""202""}},{""Tag"":""Attribute"",""Attributes"":{""Symbol"":""magic_energy"",""Rate"":""100""}},{""Tag"":""Attribute"",""Attributes"":{""Symbol"":""magic_stamina"",""Rate"":""100""}}]"
19270,Equip,10511056,11,Chưa dùng,Shoes4_1,4,37,2,-1,-1,70,-1,1255,1004,200,true,4,70,3,3,1,-1,-1,,Chưa dùng,,"[{""Tag"":""BaseAttribute"",""Attributes"":{""Symbol"":""magic_physdefbase"",""Value"":""234""}},{""Tag"":""BaseAttribute"",""Attributes"":{""Symbol"":""magic_magicdefbase"",""Value"":""234""}},{""Tag"":""Attribute"",""Attributes"":{""Symbol"":""magic_dodge"",""Rate"":""100""}},{""Tag"":""Attribute"",""Attributes"":{""Symbol"":""magic_energy"",""Rate"":""100""}},{""Tag"":""Attribute"",""Attributes"":{""Symbol"":""magic_stamina"",""Rate"":""100""}}]"
19271,Equip,10511057,11,Chưa dùng,Shoes4_3,4,38,2,-1,-1,80,-1,1640,1312,200,true,4,80,3,3,1,-1,-1,,Chưa dùng,,"[{""Tag"":""BaseAttribute"",""Attributes"":{""Symbol"":""magic_physdefbase"",""Value"":""266""}},{""Tag"":""BaseAttribute"",""Attributes"":{""Symbol"":""magic_magicdefbase"",""Value"":""266""}},{""Tag"":""Attribute"",""Attributes"":{""Symbol"":""magic_dodge"",""Rate"":""100""}},{""Tag"":""Attribute"",""Attributes"":{""Symbol"":""magic_energy"",""Rate"":""100""}},{""Tag"":""Attribute"",""Attributes"":{""Symbol"":""magic_stamina"",""Rate"":""100""}}]"
19272,Equip,10511058,11,Thần Mộc Kỳ Lân Hài,Shoes4_8,4,39,1,68,4,90,-1,2240,1792,200,true,4,90,4,4,1,-1,-1,,"Thần mộc huân hương ẩn độc trùng, Lão tiên luyện đắc bất lão công. <color=#00FF00><br>(Cả bộ do Hàn Thế Trung <color=#FFFF00>Tinh Túc<color=#00FF00> thiết kế)<color=#00FF00>",,"[{""Tag"":""BaseAttribute"",""Attributes"":{""Symbol"":""magic_physdefbase"",""Value"":""298""}},{""Tag"":""BaseAttribute"",""Attributes"":{""Symbol"":""magic_magicdefbase"",""Value"":""298""}},{""Tag"":""Attribute"",""Attributes"":{""Symbol"":""magic_magicatk"",""Rate"":""100""}},{""Tag"":""Attribute"",""Attributes"":{""Symbol"":""magic_dodge"",""Rate"":""100""}},{""Tag"":""Attribute"",""Attributes"":{""Symbol"":""magic_energy"",""Rate"":""100""}},{""Tag"":""Attribute"",""Attributes"":{""Symbol"":""magic_stamina"",""Rate"":""100""}}]"
19273,Equip,10511059,11,Lưu Hồn Túc Diệt Hài,Shoes4_9,4,40,1,71,4,100,-1,3160,2528,200,true,4,100,4,4,1,-1,-1,,"Lưu hồn dĩ miệt tình dã tận, Túc diệt bất tái ký tiền trần. <color=#00FF00><br>(Cả bộ do Hàn Thế Trung <color=#FFFF00>Tinh Túc<color=#00FF00> thiết kế)<color=#00FF00>",,"[{""Tag"":""BaseAttribute"",""Attributes"":{""Symbol"":""magic_physdefbase"",""Value"":""330""}},{""Tag"":""BaseAttribute"",""Attributes"":{""Symbol"":""magic_magicdefbase"",""Value"":""330""}},{""Tag"":""Attribute"",""Attributes"":{""Symbol"":""magic_magicatk"",""Rate"":""100""}},{""Tag"":""Attribute"",""Attributes"":{""Symbol"":""magic_dodge"",""Rate"":""100""}},{""Tag"":""Attribute"",""Attributes"":{""Symbol"":""magic_energy"",""Rate"":""100""}},{""Tag"":""Attribute"",""Attributes"":{""Symbol"":""magic_stamina"",""Rate"":""100""}}]"
19274,Equip,10511060,11,Đạp Tuyết Phân Kim Hài,Shoes1_1,4,31,1,72,4,10,-1,30,24,200,true,4,10,1,1,1,-1,-1,,"Đạp tuyết chiết mai vô tình thủ, phân kim bích lạc si tình chủng, vật này dựa đó mà tồn.<color=#00FF00><br>(Cả bộ do Phù Mẫn Nghi của<color=#FFFFFF> <color=#FFFF00>Thiên Sơn <color=#FFFFFF><color=#00FF00> thiết kế)",,"[{""Tag"":""BaseAttribute"",""Attributes"":{""Symbol"":""magic_physdefbase"",""Value"":""42""}},{""Tag"":""BaseAttribute"",""Attributes"":{""Symbol"":""magic_magicdefbase"",""Value"":""42""}},{""Tag"":""Attribute"",""Attributes"":{""Symbol"":""magic_strength"",""Rate"":""100""}}]"
19275,Equip,10511061,11,Chưa dùng,Shoes1_1,4,42,2,-1,-1,20,-1,109,87,200,true,4,20,1,1,1,-1,-1,,Chưa dùng,,"[{""Tag"":""BaseAttribute"",""Attributes"":{""Symbol"":""magic_physdefbase"",""Value"":""74""}},{""Tag"":""BaseAttribute"",""Attributes"":{""Symbol"":""magic_magicdefbase"",""Value"":""74""}},{""Tag"":""Attribute"",""Attributes"":{""Symbol"":""magic_strength"",""Rate"":""100""}}]"
19276,Equip,10511062,11,Chưa dùng,Shoes1_2,4,43,2,-1,-1,30,-1,169,135,200,true,4,30,1,1,1,-1,-1,,Chưa dùng,,"[{""Tag"":""BaseAttribute"",""Attributes"":{""Symbol"":""magic_physdefbase"",""Value"":""106""}},{""Tag"":""BaseAttribute"",""Attributes"":{""Symbol"":""magic_magicdefbase"",""Value"":""106""}},{""Tag"":""Attribute"",""Attributes"":{""Symbol"":""magic_strength"",""Rate"":""100""}}]"
19277,Equip,10511063,11,Chưa dùng,Shoes1_7,4,44,2,-1,-1,40,-1,331,264,200,true,4,40,2,2,1,-1,-1,,Chưa dùng,,"[{""Tag"":""BaseAttribute"",""Attributes"":{""Symbol"":""magic_physdefbase"",""Value"":""138""}},{""Tag"":""BaseAttribute"",""Attributes"":{""Symbol"":""magic_magicdefbase"",""Value"":""138""}},{""Tag"":""Attribute"",""Attributes"":{""Symbol"":""magic_strength"",""Rate"":""100""}},{""Tag"":""Attribute"",""Attributes"":{""Symbol"":""magic_dexterity"",""Rate"":""100""}}]"
19278,Equip,10511064,11,Bát Hoang Đoạn Vân Hài,Shoes1_11,4,45,1,76,4,50,-1,554,443,200,true,4,50,2,2,1,-1,-1,,"Bát hoang phiêu miễu tẩm ngọc hồn, vô phong đoạn vân diệc đoạn hồn, vật này do đó có tiếng.<color=#00FF00><br>(Cả bộ do Phù Mẫn Nghi của <color=#FFFFFF><color=#FFFF00>Thiên Sơn<color=#FFFFFF> <color=#00FF00> thiết kế)",,"[{""Tag"":""BaseAttribute"",""Attributes"":{""Symbol"":""magic_physdefbase"",""Value"":""170""}},{""Tag"":""BaseAttribute"",""Attributes"":{""Symbol"":""magic_magicdefbase"",""Value"":""170""}},{""Tag"":""Attribute"",""Attributes"":{""Symbol"":""magic_strength"",""Rate"":""100""}},{""Tag"":""Attribute"",""Attributes"":{""Symbol"":""magic_dexterity"",""Rate"":""100""}}]"
19279,Equip,10511065,11,Chưa dùng,Shoes1_12,4,46,2,-1,-1,60,-1,890,712,200,true,4,60,2,2,1,-1,-1,,Chưa dùng,,"[{""Tag"":""BaseAttribute"",""Attributes"":{""Symbol"":""magic_physdefbase"",""Value"":""202""}},{""Tag"":""BaseAttribute"",""Attributes"":{""Symbol"":""magic_magicdefbase"",""Value"":""202""}},{""Tag"":""Attribute"",""Attributes"":{""Symbol"":""magic_strength"",""Rate"":""100""}},{""Tag"":""Attribute"",""Attributes"":{""Symbol"":""magic_dexterity"",""Rate"":""100""}}]"
19280,Equip,10511066,11,Chưa dùng,Shoes1_16,4,47,2,-1,-1,70,-1,1255,1004,200,true,4,70,3,3,1,-1,-1,,Chưa dùng,,"[{""Tag"":""BaseAttribute"",""Attributes"":{""Symbol"":""magic_physdefbase"",""Value"":""234""}},{""Tag"":""BaseAttribute"",""Attributes"":{""Symbol"":""magic_magicdefbase"",""Value"":""234""}},{""Tag"":""Attribute"",""Attributes"":{""Symbol"":""magic_dodge"",""Rate"":""100""}},{""Tag"":""Attribute"",""Attributes"":{""Symbol"":""magic_strength"",""Rate"":""100""}},{""Tag"":""Attribute"",""Attributes"":{""Symbol"":""magic_dexterity"",""Rate"":""100""}}]"
19281,Equip,10511067,11,Địa Hạc Nghịch Trần Hài,Shoes2_3,4,48,1,79,4,80,-1,1640,1312,200,true,4,80,3,3,1,-1,-1,,"Địa hạc minh tiếu tựa ngã tâm, Nghịch trần thiên tầng bế u hồn. <color=#00FF00><br>(Cả bộ do Phù Mẫn Nghi của <color=#FFFF00>Thiên Sơn<color=#00FF00> thiết kế)<color=#00FF00>",,"[{""Tag"":""BaseAttribute"",""Attributes"":{""Symbol"":""magic_physdefbase"",""Value"":""266""}},{""Tag"":""BaseAttribute"",""Attributes"":{""Symbol"":""magic_magicdefbase"",""Value"":""266""}},{""Tag"":""Attribute"",""Attributes"":{""Symbol"":""magic_dodge"",""Rate"":""100""}},{""Tag"":""Attribute"",""Attributes"":{""Symbol"":""magic_strength"",""Rate"":""100""}},{""Tag"":""Attribute"",""Attributes"":{""Symbol"":""magic_dexterity"",""Rate"":""100""}}]"
19282,Equip,10511068,11,Chưa dùng,Shoes2_6,4,49,2,-1,-1,90,-1,2240,1792,200,true,4,90,4,4,1,-1,-1,,Chưa dùng,,"[{""Tag"":""BaseAttribute"",""Attributes"":{""Symbol"":""magic_physdefbase"",""Value"":""298""}},{""Tag"":""BaseAttribute"",""Attributes"":{""Symbol"":""magic_magicdefbase"",""Value"":""298""}},{""Tag"":""Attribute"",""Attributes"":{""Symbol"":""magic_hit"",""Rate"":""100""}},{""Tag"":""Attribute"",""Attributes"":{""Symbol"":""magic_dodge"",""Rate"":""100""}},{""Tag"":""Attribute"",""Attributes"":{""Symbol"":""magic_strength"",""Rate"":""100""}},{""Tag"":""Attribute"",""Attributes"":{""Symbol"":""magic_dexterity"",""Rate"":""100""}}]"
19283,Equip,10511069,11,Bích Lạc Tả Ngân Hài,Shoes2_7,4,50,1,83,4,100,-1,3160,2528,200,true,4,100,4,4,1,-1,-1,,"Bích lạc hoàng tuyền hữu tình thiên, Ngân tả u minh vô tình hận. <color=#00FF00><br>(Cả bộ do Phù Mẫn Nghi của <color=#FFFF00>Thiên Sơn<color=#00FF00> thiết kế)<color=#00FF00>",,"[{""Tag"":""BaseAttribute"",""Attributes"":{""Symbol"":""magic_physdefbase"",""Value"":""330""}},{""Tag"":""BaseAttribute"",""Attributes"":{""Symbol"":""magic_magicdefbase"",""Value"":""330""}},{""Tag"":""Attribute"",""Attributes"":{""Symbol"":""magic_hit"",""Rate"":""100""}},{""Tag"":""Attribute"",""Attributes"":{""Symbol"":""magic_dodge"",""Rate"":""100""}},{""Tag"":""Attribute"",""Attributes"":{""Symbol"":""magic_strength"",""Rate"":""100""}},{""Tag"":""Attribute"",""Attributes"":{""Symbol"":""magic_dexterity"",""Rate"":""100""}}]"
19284,Equip,10511070,11,Chưa dùng,Shoes2_8,4,41,2,-1,-1,10,-1,30,24,200,true,4,10,1,1,1,-1,-1,,Chưa dùng,,"[{""Tag"":""BaseAttribute"",""Attributes"":{""Symbol"":""magic_physdefbase"",""Value"":""42""}},{""Tag"":""BaseAttribute"",""Attributes"":{""Symbol"":""magic_magicdefbase"",""Value"":""42""}},{""Tag"":""Attribute"",""Attributes"":{""Symbol"":""magic_energy"",""Rate"":""100""}}]"
19285,Equip,10511071,11,Chưa dùng,Shoes2_14,4,42,2,-1,-1,20,-1,109,87,200,true,4,20,1,1,1,-1,-1,,Chưa dùng,,"[{""Tag"":""BaseAttribute"",""Attributes"":{""Symbol"":""magic_physdefbase"",""Value"":""74""}},{""Tag"":""BaseAttribute"",""Attributes"":{""Symbol"":""magic_magicdefbase"",""Value"":""74""}},{""Tag"":""Attribute"",""Attributes"":{""Symbol"":""magic_energy"",""Rate"":""100""}}]"
19286,Equip,10511072,11,Thương Trúc Thúy Lân Hài,Shoes2_15,4,43,1,86,4,30,-1,169,135,200,true,4,30,1,1,1,-1,-1,,"Thương Trúc vạn mủ bích mặc tâm, thúy lân luyện giáp hạ khiên trần, vật này do đó có tiếng.<color=#00FF00><br>(Cả bộ do Thạch Thanh Lộ của<color=#FFFFFF> <color=#FFFF00>Tiêu Dao<color=#FFFFFF> <color=#00FF00> thiết kế)",,"[{""Tag"":""BaseAttribute"",""Attributes"":{""Symbol"":""magic_physdefbase"",""Value"":""106""}},{""Tag"":""BaseAttribute"",""Attributes"":{""Symbol"":""magic_magicdefbase"",""Value"":""106""}},{""Tag"":""Attribute"",""Attributes"":{""Symbol"":""magic_energy"",""Rate"":""100""}}]"
19287,Equip,10511073,11,Chưa dùng,Shoes2_16,4,44,2,-1,-1,40,-1,331,264,200,true,4,40,2,2,1,-1,-1,,Chưa dùng,,"[{""Tag"":""BaseAttribute"",""Attributes"":{""Symbol"":""magic_physdefbase"",""Value"":""138""}},{""Tag"":""BaseAttribute"",""Attributes"":{""Symbol"":""magic_magicdefbase"",""Value"":""138""}},{""Tag"":""Attribute"",""Attributes"":{""Symbol"":""magic_energy"",""Rate"":""100""}},{""Tag"":""Attribute"",""Attributes"":{""Symbol"":""magic_intelligence"",""Rate"":""100""}}]"
19288,Equip,10511074,11,Thuần Dương Tản Tuyết Hài,Shoes3_1,4,45,1,88,4,50,-1,554,443,200,true,4,50,2,2,1,-1,-1,,"Khí thôn sơn hà chính khí lẫm, Thuần dương tản tuyết triều hoa niên, vật này do đó có tiếng.<color=#00FF00><br>(Cả bộ do Thạch Thanh Lộ của <color=#FFFFFF><color=#FFFF00>Tiêu Dao <color=#FFFFFF><color=#00FF00> thiết kế)",,"[{""Tag"":""BaseAttribute"",""Attributes"":{""Symbol"":""magic_physdefbase"",""Value"":""170""}},{""Tag"":""BaseAttribute"",""Attributes"":{""Symbol"":""magic_magicdefbase"",""Value"":""170""}},{""Tag"":""Attribute"",""Attributes"":{""Symbol"":""magic_energy"",""Rate"":""100""}},{""Tag"":""Attribute"",""Attributes"":{""Symbol"":""magic_intelligence"",""Rate"":""100""}}]"
19289,Equip,10511075,11,Chưa dùng,Shoes3_2,4,46,2,-1,-1,60,-1,890,712,200,true,4,60,2,2,1,-1,-1,,Chưa dùng,,"[{""Tag"":""BaseAttribute"",""Attributes"":{""Symbol"":""magic_physdefbase"",""Value"":""202""}},{""Tag"":""BaseAttribute"",""Attributes"":{""Symbol"":""magic_magicdefbase"",""Value"":""202""}},{""Tag"":""Attribute"",""Attributes"":{""Symbol"":""magic_energy"",""Rate"":""100""}},{""Tag"":""Attribute"",""Attributes"":{""Symbol"":""magic_intelligence"",""Rate"":""100""}}]"
19290,Equip,10511076,11,Độn Giáp Lạc Bích Hài,Shoes3_4,4,47,1,90,4,70,-1,1255,1004,200,true,4,70,3,3,1,-1,-1,,"Kì môn độn giáp thần tiên kỹ, bích lạc hoàng tuyền phệ quỷ thần, vật này do đó có tiếng.<color=#00FF00><br>(Cả bộ do Thạch Thanh Lộ của <color=#FFFFFF><color=#FFFF00>Tiêu Dao <color=#FFFFFF><color=#00FF00> thiết kế)",,"[{""Tag"":""BaseAttribute"",""Attributes"":{""Symbol"":""magic_physdefbase"",""Value"":""234""}},{""Tag"":""BaseAttribute"",""Attributes"":{""Symbol"":""magic_magicdefbase"",""Value"":""234""}},{""Tag"":""Attribute"",""Attributes"":{""Symbol"":""magic_dodge"",""Rate"":""100""}},{""Tag"":""Attribute"",""Attributes"":{""Symbol"":""magic_energy"",""Rate"":""100""}},{""Tag"":""Attribute"",""Attributes"":{""Symbol"":""magic_intelligence"",""Rate"":""100""}}]"
19291,Equip,10511077,11,Chưa dùng,Shoes3_5,4,48,2,-1,-1,80,-1,1640,1312,200,true,4,80,3,3,1,-1,-1,,Chưa dùng,,"[{""Tag"":""BaseAttribute"",""Attributes"":{""Symbol"":""magic_physdefbase"",""Value"":""266""}},{""Tag"":""BaseAttribute"",""Attributes"":{""Symbol"":""magic_magicdefbase"",""Value"":""266""}},{""Tag"":""Attribute"",""Attributes"":{""Symbol"":""magic_dodge"",""Rate"":""100""}},{""Tag"":""Attribute"",""Attributes"":{""Symbol"":""magic_energy"",""Rate"":""100""}},{""Tag"":""Attribute"",""Attributes"":{""Symbol"":""magic_intelligence"",""Rate"":""100""}}]"
19292,Equip,10511078,11,Lăng Yên Diệt Lân Hài,Shoes3_11,4,49,1,92,4,90,-1,2240,1792,200,true,4,90,4,4,1,-1,-1,,"Khinh linh phiêu diêu thủy vân gian, Thanh yên liêu nhiễu túy tựa tiên. <color=#00FF00><br>(Cả bộ do Thạch Thanh Lộ của <color=#FFFF00>Tiêu Dao<color=#00FF00> thiết kế)<color=#00FF00>",,"[{""Tag"":""BaseAttribute"",""Attributes"":{""Symbol"":""magic_physdefbase"",""Value"":""298""}},{""Tag"":""BaseAttribute"",""Attributes"":{""Symbol"":""magic_magicdefbase"",""Value"":""298""}},{""Tag"":""Attribute"",""Attributes"":{""Symbol"":""magic_maxmp"",""Rate"":""100""}},{""Tag"":""Attribute"",""Attributes"":{""Symbol"":""magic_dodge"",""Rate"":""100""}},{""Tag"":""Attribute"",""Attributes"":{""Symbol"":""magic_energy"",""Rate"":""100""}},{""Tag"":""Attribute"",""Attributes"":{""Symbol"":""magic_intelligence"",""Rate"":""100""}}]"
19293,Equip,10511079,11,Hành Vân Trúc Nguyệt Hài,Shoes3_8,4,50,1,95,4,100,-1,3160,2528,200,true,4,100,4,4,1,-1,-1,,"Hành vân trục nguyệt nguyên hữu tình, Đãn ngộ vô tri bạc tình lang. <color=#00FF00><br>(Cả bộ do Thạch Thanh Lộ của <color=#FFFF00>Tiêu Dao<color=#00FF00> thiết kế)<color=#00FF00>",,"[{""Tag"":""BaseAttribute"",""Attributes"":{""Symbol"":""magic_physdefbase"",""Value"":""330""}},{""Tag"":""BaseAttribute"",""Attributes"":{""Symbol"":""magic_magicdefbase"",""Value"":""330""}},{""Tag"":""Attribute"",""Attributes"":{""Symbol"":""magic_maxmp"",""Rate"":""100""}},{""Tag"":""Attribute"",""Attributes"":{""Symbol"":""magic_dodge"",""Rate"":""100""}},{""Tag"":""Attribute"",""Attributes"":{""Symbol"":""magic_energy"",""Rate"":""100""}},{""Tag"":""Attribute"",""Attributes"":{""Symbol"":""magic_intelligence"",""Rate"":""100""}}]"
19294,Equip,10511080,11,Chưa dùng,Shoes3_9,4,41,2,-1,-1,10,-1,30,24,200,true,4,10,1,1,1,-1,-1,,Chưa dùng,,"[{""Tag"":""BaseAttribute"",""Attributes"":{""Symbol"":""magic_physdefbase"",""Value"":""42""}},{""Tag"":""BaseAttribute"",""Attributes"":{""Symbol"":""magic_magicdefbase"",""Value"":""42""}},{""Tag"":""Attribute"",""Attributes"":{""Symbol"":""magic_dexterity"",""Rate"":""100""}}]"
19295,Equip,10511081,11,Nhất Dương Long Ngâm Hài,Shoes3_13,4,42,1,97,4,20,-1,109,87,200,true,4,20,1,1,1,-1,-1,,"Võ công Thiên Long, lấy lục mạch lầm đầu nhất dương hơi thấp, vật này lấy đó đặt tên.<color=#00FF00><br>(Cả bộ do Tề Quy Điệp của <color=#FFFFFF><color=#FFFF00>Thiên Long <color=#FFFFFF><color=#00FF00> thiết kế)",,"[{""Tag"":""BaseAttribute"",""Attributes"":{""Symbol"":""magic_physdefbase"",""Value"":""74""}},{""Tag"":""BaseAttribute"",""Attributes"":{""Symbol"":""magic_magicdefbase"",""Value"":""74""}},{""Tag"":""Attribute"",""Attributes"":{""Symbol"":""magic_dexterity"",""Rate"":""100""}}]"
19296,Equip,10511082,11,Chưa dùng,Shoes3_10,4,43,2,-1,-1,30,-1,169,135,200,true,4,30,1,1,1,-1,-1,,Chưa dùng,,"[{""Tag"":""BaseAttribute"",""Attributes"":{""Symbol"":""magic_physdefbase"",""Value"":""106""}},{""Tag"":""BaseAttribute"",""Attributes"":{""Symbol"":""magic_magicdefbase"",""Value"":""106""}},{""Tag"":""Attribute"",""Attributes"":{""Symbol"":""magic_dexterity"",""Rate"":""100""}}]"
19297,Equip,10511083,11,Chưa dùng,Shoes3_12,4,44,2,-1,-1,40,-1,331,264,200,true,4,40,2,2,1,-1,-1,,Chưa dùng,,"[{""Tag"":""BaseAttribute"",""Attributes"":{""Symbol"":""magic_physdefbase"",""Value"":""138""}},{""Tag"":""BaseAttribute"",""Attributes"":{""Symbol"":""magic_magicdefbase"",""Value"":""138""}},{""Tag"":""Attribute"",""Attributes"":{""Symbol"":""magic_stamina"",""Rate"":""100""}},{""Tag"":""Attribute"",""Attributes"":{""Symbol"":""magic_dexterity"",""Rate"":""100""}}]"
19298,Equip,10511084,11,Chưa dùng,Shoes3_15,4,45,2,-1,-1,50,-1,554,443,200,true,4,50,2,2,1,-1,-1,,Chưa dùng,,"[{""Tag"":""BaseAttribute"",""Attributes"":{""Symbol"":""magic_physdefbase"",""Value"":""170""}},{""Tag"":""BaseAttribute"",""Attributes"":{""Symbol"":""magic_magicdefbase"",""Value"":""170""}},{""Tag"":""Attribute"",""Attributes"":{""Symbol"":""magic_stamina"",""Rate"":""100""}},{""Tag"":""Attribute"",""Attributes"":{""Symbol"":""magic_dexterity"",""Rate"":""100""}}]"
19299,Equip,10511085,11,Thương Dương Thánh Ngọc Hài,Shoes3_16,4,46,1,101,4,60,-1,890,712,200,true,4,60,2,2,1,-1,-1,,"Thương Dương, một trong Lục Mạch Thần Kiếm, khí chạy Thương Dương, sau khi đánh trúng đối phương khiến khí huyết nghịch hành, vật này từ đó có tiếng.<color=#00FF00><br>(Cả bộ do Tề Quy Điệp của <color=#FFFFFF><color=#FFFF00>Thiên Long <color=#FFFFFF><color=#00FF00> thiết kế)",,"[{""Tag"":""BaseAttribute"",""Attributes"":{""Symbol"":""magic_physdefbase"",""Value"":""202""}},{""Tag"":""BaseAttribute"",""Attributes"":{""Symbol"":""magic_magicdefbase"",""Value"":""202""}},{""Tag"":""Attribute"",""Attributes"":{""Symbol"":""magic_stamina"",""Rate"":""100""}},{""Tag"":""Attribute"",""Attributes"":{""Symbol"":""magic_dexterity"",""Rate"":""100""}}]"
19300,Equip,10511086,11,Chưa dùng,Shoes4_1,4,47,2,-1,-1,70,-1,1255,1004,200,true,4,70,3,3,1,-1,-1,,Chưa dùng,,"[{""Tag"":""BaseAttribute"",""Attributes"":{""Symbol"":""magic_physdefbase"",""Value"":""234""}},{""Tag"":""BaseAttribute"",""Attributes"":{""Symbol"":""magic_magicdefbase"",""Value"":""234""}},{""Tag"":""Attribute"",""Attributes"":{""Symbol"":""magic_dodge"",""Rate"":""100""}},{""Tag"":""Attribute"",""Attributes"":{""Symbol"":""magic_stamina"",""Rate"":""100""}},{""Tag"":""Attribute"",""Attributes"":{""Symbol"":""magic_dexterity"",""Rate"":""100""}}]"
19301,Equip,10511087,11,Chưa dùng,Shoes4_3,4,48,2,-1,-1,80,-1,1640,1312,200,true,4,80,3,3,1,-1,-1,,Chưa dùng,,"[{""Tag"":""BaseAttribute"",""Attributes"":{""Symbol"":""magic_physdefbase"",""Value"":""266""}},{""Tag"":""BaseAttribute"",""Attributes"":{""Symbol"":""magic_magicdefbase"",""Value"":""266""}},{""Tag"":""Attribute"",""Attributes"":{""Symbol"":""magic_dodge"",""Rate"":""100""}},{""Tag"":""Attribute"",""Attributes"":{""Symbol"":""magic_stamina"",""Rate"":""100""}},{""Tag"":""Attribute"",""Attributes"":{""Symbol"":""magic_dexterity"",""Rate"":""100""}}]"
19302,Equip,10511088,11,Thiên Nam Giao Long Hài,Shoes4_8,4,49,1,104,4,90,-1,2240,1792,200,true,4,90,4,4,1,-1,-1,,"Thiên nam địa bắc giai đạp biến, Anh hùng hào kiệt tri ngã tâm. <color=#00FF00><br>(Cả bộ do Tề Quy Điệp của<color=#FFFFFF> <color=#FFFF00>Thiên Long<color=#FFFFFF> <color=#00FF00> thiết kế)",,"[{""Tag"":""BaseAttribute"",""Attributes"":{""Symbol"":""magic_physdefbase"",""Value"":""298""}},{""Tag"":""BaseAttribute"",""Attributes"":{""Symbol"":""magic_magicdefbase"",""Value"":""298""}},{""Tag"":""Attribute"",""Attributes"":{""Symbol"":""magic_hit"",""Rate"":""100""}},{""Tag"":""Attribute"",""Attributes"":{""Symbol"":""magic_dodge"",""Rate"":""100""}},{""Tag"":""Attribute"",""Attributes"":{""Symbol"":""magic_stamina"",""Rate"":""100""}},{""Tag"":""Attribute"",""Attributes"":{""Symbol"":""magic_dexterity"",""Rate"":""100""}}]"
19303,Equip,10511089,11,Thương Ngọc Long Lân Hài,Shoes4_9,4,50,1,107,4,100,-1,3160,2528,200,true,4,100,4,4,1,-1,-1,,"Thương lâm thanh ngọc số thiên niên, Long lạc kim lân dĩ vạn tái. <color=#00FF00><br>(Cả bộ do Tề Quy Điệp của<color=#FFFFFF> <color=#FFFF00>Thiên Long<color=#FFFFFF> <color=#00FF00> thiết kế)",,"[{""Tag"":""BaseAttribute"",""Attributes"":{""Symbol"":""magic_physdefbase"",""Value"":""330""}},{""Tag"":""BaseAttribute"",""Attributes"":{""Symbol"":""magic_magicdefbase"",""Value"":""330""}},{""Tag"":""Attribute"",""Attributes"":{""Symbol"":""magic_hit"",""Rate"":""100""}},{""Tag"":""Attribute"",""Attributes"":{""Symbol"":""magic_dodge"",""Rate"":""100""}},{""Tag"":""Attribute"",""Attributes"":{""Symbol"":""magic_stamina"",""Rate"":""100""}},{""Tag"":""Attribute"",""Attributes"":{""Symbol"":""magic_dexterity"",""Rate"":""100""}}]"
19304,Equip,10511090,11,Minh Nguyệt Tố Ảnh Ngoa,Shoes1_7,4,38,1,143,4,76,-1,1255,1004,200,true,4,76,3,3,1,-1,-1,,"Đương thời minh nguyệt, y y tố ảnh, hà khứ phi lai?<color=#00FF00>Phù hợp với Võ Đang, Tiêu Dao, Tinh Túc, Nga My, Mộ Dung, Đường Môn, Quỷ Cốc, Mạn Đà, Ác Nhân Cốc và Thiên Long",,"[{""Tag"":""BaseAttribute"",""Attributes"":{""Symbol"":""magic_physdefbase"",""Value"":""234""}},{""Tag"":""BaseAttribute"",""Attributes"":{""Symbol"":""magic_magicdefbase"",""Value"":""234""}},{""Tag"":""Attribute"",""Attributes"":{""Symbol"":""magic_dodge"",""Rate"":""100""}},{""Tag"":""Attribute"",""Attributes"":{""Symbol"":""magic_critatk"",""Rate"":""100""}},{""Tag"":""Attribute"",""Attributes"":{""Symbol"":""magic_energy"",""Rate"":""100""}}]"
19305,Equip,10511091,11,Bích Thiên Bắc Đẩu Ngoa,Shoes1_7,4,38,1,144,4,76,-1,1255,1004,200,true,4,76,3,3,1,-1,-1,,"Bích thiên như luyện, quang dao bắc đẩu lan can. Đây là nguồn gốc tên gọi của vật này.<color=#00FF00>Thích hợp cho Thiếu Lâm, Tuyệt Tình, Đào Hoa, Minh Giáo, Cái Bang, Thiên Sơn và Thiên Long",,"[{""Tag"":""BaseAttribute"",""Attributes"":{""Symbol"":""magic_physdefbase"",""Value"":""234""}},{""Tag"":""BaseAttribute"",""Attributes"":{""Symbol"":""magic_magicdefbase"",""Value"":""234""}},{""Tag"":""Attribute"",""Attributes"":{""Symbol"":""magic_dodge"",""Rate"":""100""}},{""Tag"":""Attribute"",""Attributes"":{""Symbol"":""magic_critatk"",""Rate"":""100""}},{""Tag"":""Attribute"",""Attributes"":{""Symbol"":""magic_strength"",""Rate"":""100""}}]"
19306,Equip,10511092,11,Độ Lô Tây Thục Di,Shoes1_7,4,38,1,145,4,76,-1,1255,1004,200,true,4,76,3,3,1,-1,-1,,"Thâm độ Nam Lô, trường khu Tây Thục, lực cự Đông Ngô. <color=#00FF00>Phù hợp với phái Thiên Long",,"[{""Tag"":""BaseAttribute"",""Attributes"":{""Symbol"":""magic_physdefbase"",""Value"":""234""}},{""Tag"":""BaseAttribute"",""Attributes"":{""Symbol"":""magic_magicdefbase"",""Value"":""234""}},{""Tag"":""Attribute"",""Attributes"":{""Symbol"":""magic_magicatk"",""Rate"":""100""}},{""Tag"":""Attribute"",""Attributes"":{""Symbol"":""magic_stamina"",""Rate"":""100""}},{""Tag"":""Attribute"",""Attributes"":{""Symbol"":""magic_dexterity"",""Rate"":""100""}}]"
19307,Equip,10511093,11,Y Lâu Khê Tà Đạc,Shoes1_7,4,38,1,146,4,76,-1,1255,1004,200,true,4,76,3,3,1,-1,-1,,"Y lâu tụ chỉ dương hoa tuyết, khê hựu tà, sơn hựu già, nhân khứ dã! <color=#00FF00>Phù hợp với tất cả môn phái",,"[{""Tag"":""BaseAttribute"",""Attributes"":{""Symbol"":""magic_physdefbase"",""Value"":""234""}},{""Tag"":""BaseAttribute"",""Attributes"":{""Symbol"":""magic_magicdefbase"",""Value"":""234""}},{""Tag"":""Attribute"",""Attributes"":{""Symbol"":""magic_dodge"",""Rate"":""100""}},{""Tag"":""Attribute"",""Attributes"":{""Symbol"":""magic_stamina"",""Rate"":""100""}},{""Tag"":""Attribute"",""Attributes"":{""Symbol"":""magic_dexterity"",""Rate"":""100""}}]"
19308,Equip,10511095,11,Trần Phất Vũ Phong Lý,Shoes4_6,4,39,1,148,4,86,-1,1640,1312,200,true,4,86,3,3,1,-1,-1,,"Ca dư trần phất phiến, vũ bãi phong hiên duệ.<color=#00FF00>",,"[{""Tag"":""BaseAttribute"",""Attributes"":{""Symbol"":""magic_physdefbase"",""Value"":""266""}},{""Tag"":""BaseAttribute"",""Attributes"":{""Symbol"":""magic_magicdefbase"",""Value"":""266""}},{""Tag"":""Attribute"",""Attributes"":{""Symbol"":""magic_dodge"",""Rate"":""100""}},{""Tag"":""Attribute"",""Attributes"":{""Symbol"":""magic_strength"",""Rate"":""100""}},{""Tag"":""Attribute"",""Attributes"":{""Symbol"":""magic_stamina"",""Rate"":""100""}}]"
19309,Equip,10511097,11,Thái Âm Trừng Hư Chi Ngân,Shoes4_11,4,40,1,152,4,96,-1,2240,1792,200,true,4,96,4,4,1,-1,-1,,"Tịch dương đáo ảnh tùng âm loạn, thái dịch trừng hư nguyệt ảnh khoan.<color=#00FF00>",,"[{""Tag"":""BaseAttribute"",""Attributes"":{""Symbol"":""magic_physdefbase"",""Value"":""298""}},{""Tag"":""BaseAttribute"",""Attributes"":{""Symbol"":""magic_magicdefbase"",""Value"":""298""}},{""Tag"":""Attribute"",""Attributes"":{""Symbol"":""magic_physdef"",""Rate"":""100""}},{""Tag"":""Attribute"",""Attributes"":{""Symbol"":""magic_hit"",""Rate"":""100""}},{""Tag"":""Attribute"",""Attributes"":{""Symbol"":""magic_strength"",""Rate"":""100""}},{""Tag"":""Attribute"",""Attributes"":{""Symbol"":""magic_stamina"",""Rate"":""100""}}]"
19310,Equip,10511098,11,Ngân Tranh Lộng Huyền Tốc,Shoes4_11,4,40,1,153,4,96,-1,2240,1792,200,true,4,96,4,4,1,-1,-1,,"Ngân tranh dục tướng tâm sự tả, Trường hu khí thanh dục lộng huyền.<color=#00FF00>",,"[{""Tag"":""BaseAttribute"",""Attributes"":{""Symbol"":""magic_physdefbase"",""Value"":""298""}},{""Tag"":""BaseAttribute"",""Attributes"":{""Symbol"":""magic_magicdefbase"",""Value"":""298""}},{""Tag"":""Attribute"",""Attributes"":{""Symbol"":""magic_physatk"",""Rate"":""100""}},{""Tag"":""Attribute"",""Attributes"":{""Symbol"":""magic_magicdef"",""Rate"":""100""}},{""Tag"":""Attribute"",""Attributes"":{""Symbol"":""magic_strength"",""Rate"":""100""}},{""Tag"":""Attribute"",""Attributes"":{""Symbol"":""magic_stamina"",""Rate"":""100""}}]"
19311,Equip,10511099,11,Hận Thiên Đăng Lâu Thuấn,Shoes4_11,4,40,1,154,4,96,-1,2240,1792,200,true,4,96,4,4,1,-1,-1,,"Đăng lâu ý, hận vô thượng thiên thê!<color=#00FF00>",,"[{""Tag"":""BaseAttribute"",""Attributes"":{""Symbol"":""magic_physdefbase"",""Value"":""298""}},{""Tag"":""BaseAttribute"",""Attributes"":{""Symbol"":""magic_magicdefbase"",""Value"":""298""}},{""Tag"":""Attribute"",""Attributes"":{""Symbol"":""magic_physdef"",""Rate"":""100""}},{""Tag"":""Attribute"",""Attributes"":{""Symbol"":""magic_dodge"",""Rate"":""100""}},{""Tag"":""Attribute"",""Attributes"":{""Symbol"":""magic_stamina"",""Rate"":""100""}},{""Tag"":""Attribute"",""Attributes"":{""Symbol"":""magic_dexterity"",""Rate"":""100""}}]"
19312,Equip,10511100,11,Chưa dùng,Shoes3_9,4,41,2,-1,-1,10,-1,30,24,200,true,4,10,1,1,1,-1,-1,,Chưa dùng,,"[{""Tag"":""BaseAttribute"",""Attributes"":{""Symbol"":""magic_physdefbase"",""Value"":""42""}},{""Tag"":""BaseAttribute"",""Attributes"":{""Symbol"":""magic_magicdefbase"",""Value"":""42""}},{""Tag"":""Attribute"",""Attributes"":{""Symbol"":""magic_dexterity"",""Rate"":""100""}}]"
19313,Equip,10511101,11,Chưa dùng,Shoes3_13,4,42,2,-1,-1,20,-1,109,87,200,true,4,20,1,1,1,-1,-1,,Chưa dùng,,"[{""Tag"":""BaseAttribute"",""Attributes"":{""Symbol"":""magic_physdefbase"",""Value"":""74""}},{""Tag"":""BaseAttribute"",""Attributes"":{""Symbol"":""magic_magicdefbase"",""Value"":""74""}},{""Tag"":""Attribute"",""Attributes"":{""Symbol"":""magic_dexterity"",""Rate"":""100""}}]"
19314,Equip,10511102,11,Chưa dùng,Shoes3_10,4,43,2,-1,-1,30,-1,169,135,200,true,4,30,1,1,1,-1,-1,,Chưa dùng,,"[{""Tag"":""BaseAttribute"",""Attributes"":{""Symbol"":""magic_physdefbase"",""Value"":""106""}},{""Tag"":""BaseAttribute"",""Attributes"":{""Symbol"":""magic_magicdefbase"",""Value"":""106""}},{""Tag"":""Attribute"",""Attributes"":{""Symbol"":""magic_dexterity"",""Rate"":""100""}}]"
19315,Equip,10511103,11,Chưa dùng,Shoes3_12,4,44,2,-1,-1,40,-1,331,264,200,true,4,40,2,2,1,-1,-1,,Chưa dùng,,"[{""Tag"":""BaseAttribute"",""Attributes"":{""Symbol"":""magic_physdefbase"",""Value"":""138""}},{""Tag"":""BaseAttribute"",""Attributes"":{""Symbol"":""magic_magicdefbase"",""Value"":""138""}},{""Tag"":""Attribute"",""Attributes"":{""Symbol"":""magic_stamina"",""Rate"":""100""}},{""Tag"":""Attribute"",""Attributes"":{""Symbol"":""magic_dexterity"",""Rate"":""100""}}]"
19316,Equip,10511104,11,Chưa dùng,Shoes3_15,4,45,2,-1,-1,50,-1,554,443,200,true,4,50,2,2,1,-1,-1,,Chưa dùng,,"[{""Tag"":""BaseAttribute"",""Attributes"":{""Symbol"":""magic_physdefbase"",""Value"":""170""}},{""Tag"":""BaseAttribute"",""Attributes"":{""Symbol"":""magic_magicdefbase"",""Value"":""170""}},{""Tag"":""Attribute"",""Attributes"":{""Symbol"":""magic_stamina"",""Rate"":""100""}},{""Tag"":""Attribute"",""Attributes"":{""Symbol"":""magic_dexterity"",""Rate"":""100""}}]"
19317,Equip,10511105,11,Chưa dùng,Shoes3_16,4,46,2,-1,-1,60,-1,890,712,200,true,4,60,2,2,1,-1,-1,,Chưa dùng,,"[{""Tag"":""BaseAttribute"",""Attributes"":{""Symbol"":""magic_physdefbase"",""Value"":""202""}},{""Tag"":""BaseAttribute"",""Attributes"":{""Symbol"":""magic_magicdefbase"",""Value"":""202""}},{""Tag"":""Attribute"",""Attributes"":{""Symbol"":""magic_stamina"",""Rate"":""100""}},{""Tag"":""Attribute"",""Attributes"":{""Symbol"":""magic_dexterity"",""Rate"":""100""}}]"
19318,Equip,10511106,11,Chưa dùng,Shoes4_1,4,47,2,-1,-1,70,-1,1255,1004,200,true,4,70,3,3,1,-1,-1,,Chưa dùng,,"[{""Tag"":""BaseAttribute"",""Attributes"":{""Symbol"":""magic_physdefbase"",""Value"":""234""}},{""Tag"":""BaseAttribute"",""Attributes"":{""Symbol"":""magic_magicdefbase"",""Value"":""234""}},{""Tag"":""Attribute"",""Attributes"":{""Symbol"":""magic_dodge"",""Rate"":""100""}},{""Tag"":""Attribute"",""Attributes"":{""Symbol"":""magic_stamina"",""Rate"":""100""}},{""Tag"":""Attribute"",""Attributes"":{""Symbol"":""magic_dexterity"",""Rate"":""100""}}]"
19319,Equip,10511107,11,Chưa dùng,Shoes4_3,4,48,2,-1,-1,80,-1,1640,1312,200,true,4,80,3,3,1,-1,-1,,Chưa dùng,,"[{""Tag"":""BaseAttribute"",""Attributes"":{""Symbol"":""magic_physdefbase"",""Value"":""266""}},{""Tag"":""BaseAttribute"",""Attributes"":{""Symbol"":""magic_magicdefbase"",""Value"":""266""}},{""Tag"":""Attribute"",""Attributes"":{""Symbol"":""magic_dodge"",""Rate"":""100""}},{""Tag"":""Attribute"",""Attributes"":{""Symbol"":""magic_stamina"",""Rate"":""100""}},{""Tag"":""Attribute"",""Attributes"":{""Symbol"":""magic_dexterity"",""Rate"":""100""}}]"
19320,Equip,10511108,11,Chưa dùng,Shoes4_8,4,49,2,-1,-1,90,-1,2240,1792,200,true,4,90,4,4,1,-1,-1,,Chưa dùng,,"[{""Tag"":""BaseAttribute"",""Attributes"":{""Symbol"":""magic_physdefbase"",""Value"":""298""}},{""Tag"":""BaseAttribute"",""Attributes"":{""Symbol"":""magic_magicdefbase"",""Value"":""298""}},{""Tag"":""Attribute"",""Attributes"":{""Symbol"":""magic_hit"",""Rate"":""100""}},{""Tag"":""Attribute"",""Attributes"":{""Symbol"":""magic_dodge"",""Rate"":""100""}},{""Tag"":""Attribute"",""Attributes"":{""Symbol"":""magic_stamina"",""Rate"":""100""}},{""Tag"":""Attribute"",""Attributes"":{""Symbol"":""magic_dexterity"",""Rate"":""100""}}]"
19321,Equip,10511109,11,Chưa dùng,Shoes4_9,4,50,2,-1,-1,100,-1,3160,2528,200,true,4,100,4,4,1,-1,-1,,Chưa dùng,,"[{""Tag"":""BaseAttribute"",""Attributes"":{""Symbol"":""magic_physdefbase"",""Value"":""330""}},{""Tag"":""BaseAttribute"",""Attributes"":{""Symbol"":""magic_magicdefbase"",""Value"":""330""}},{""Tag"":""Attribute"",""Attributes"":{""Symbol"":""magic_hit"",""Rate"":""100""}},{""Tag"":""Attribute"",""Attributes"":{""Symbol"":""magic_dodge"",""Rate"":""100""}},{""Tag"":""Attribute"",""Attributes"":{""Symbol"":""magic_stamina"",""Rate"":""100""}},{""Tag"":""Attribute"",""Attributes"":{""Symbol"":""magic_dexterity"",""Rate"":""100""}}]"
19322,Equip,10511110,11,Bích Liễu Nhuyễn Ngoa,Shoes2_8,4,31,1,164,4,10,-1,30,24,200,true,4,10,1,1,1,-1,-1,,"Nộn liễu trừu ty, bích như noãn ngọc; tân tước nhiễu lương, xuân dĩ nghinh lai. Vật này sinh ra từ liễu.<color=#00FF00><br>(Cả bộ do Mộ Dung Thanh Sơn của <color=#FFFF00>Mộ Dung<color=#00FF00> thiết kế)<color=#00FF00>",,"[{""Tag"":""BaseAttribute"",""Attributes"":{""Symbol"":""magic_physdefbase"",""Value"":""42""}},{""Tag"":""BaseAttribute"",""Attributes"":{""Symbol"":""magic_magicdefbase"",""Value"":""42""}},{""Tag"":""Attribute"",""Attributes"":{""Symbol"":""magic_energy"",""Rate"":""100""}}]"
19323,Equip,10511111,11,Chưa dùng,Shoes2_14,4,32,2,-1,-1,20,-1,109,87,200,true,4,20,1,1,1,-1,-1,,Chưa dùng,,"[{""Tag"":""BaseAttribute"",""Attributes"":{""Symbol"":""magic_physdefbase"",""Value"":""74""}},{""Tag"":""BaseAttribute"",""Attributes"":{""Symbol"":""magic_magicdefbase"",""Value"":""74""}},{""Tag"":""Attribute"",""Attributes"":{""Symbol"":""magic_energy"",""Rate"":""100""}}]"
19324,Equip,10511112,11,Chưa dùng,Shoes2_15,4,33,2,-1,-1,30,-1,169,135,200,true,4,30,1,1,1,-1,-1,,Chưa dùng,,"[{""Tag"":""BaseAttribute"",""Attributes"":{""Symbol"":""magic_physdefbase"",""Value"":""106""}},{""Tag"":""BaseAttribute"",""Attributes"":{""Symbol"":""magic_magicdefbase"",""Value"":""106""}},{""Tag"":""Attribute"",""Attributes"":{""Symbol"":""magic_energy"",""Rate"":""100""}}]"
19325,Equip,10511113,11,Chưa dùng,Shoes2_16,4,34,2,-1,-1,40,-1,331,264,200,true,4,40,2,2,1,-1,-1,,Chưa dùng,,"[{""Tag"":""BaseAttribute"",""Attributes"":{""Symbol"":""magic_physdefbase"",""Value"":""138""}},{""Tag"":""BaseAttribute"",""Attributes"":{""Symbol"":""magic_magicdefbase"",""Value"":""138""}},{""Tag"":""Attribute"",""Attributes"":{""Symbol"":""magic_energy"",""Rate"":""100""}},{""Tag"":""Attribute"",""Attributes"":{""Symbol"":""magic_stamina"",""Rate"":""100""}}]"
19326,Equip,10511114,11,Xán Tinh Bì Ngoa,Shoes3_1,4,35,1,168,4,50,-1,554,443,200,true,4,50,2,2,1,-1,-1,,"Lãng lãng dạ không, phồn tinh điểm điểm, thôi xán thiểm thước, đồng ánh loan nguyệt. Vật này sinh ra từ sao.<color=#00FF00><br>(Cả bộ do Mộ Dung Thanh Sơn của <color=#FFFF00>Mộ Dung<color=#00FF00> thiết kế)<color=#00FF00>",,"[{""Tag"":""BaseAttribute"",""Attributes"":{""Symbol"":""magic_physdefbase"",""Value"":""170""}},{""Tag"":""BaseAttribute"",""Attributes"":{""Symbol"":""magic_magicdefbase"",""Value"":""170""}},{""Tag"":""Attribute"",""Attributes"":{""Symbol"":""magic_energy"",""Rate"":""100""}},{""Tag"":""Attribute"",""Attributes"":{""Symbol"":""magic_stamina"",""Rate"":""100""}}]"
19327,Equip,10511115,11,Chưa dùng,Shoes3_2,4,36,2,-1,-1,60,-1,890,712,200,true,4,60,2,2,1,-1,-1,,Chưa dùng,,"[{""Tag"":""BaseAttribute"",""Attributes"":{""Symbol"":""magic_physdefbase"",""Value"":""202""}},{""Tag"":""BaseAttribute"",""Attributes"":{""Symbol"":""magic_magicdefbase"",""Value"":""202""}},{""Tag"":""Attribute"",""Attributes"":{""Symbol"":""magic_energy"",""Rate"":""100""}},{""Tag"":""Attribute"",""Attributes"":{""Symbol"":""magic_stamina"",""Rate"":""100""}}]"
19328,Equip,10511116,11,Chưa dùng,Shoes3_4,4,37,2,-1,-1,70,-1,1255,1004,200,true,4,70,3,3,1,-1,-1,,Chưa dùng,,"[{""Tag"":""BaseAttribute"",""Attributes"":{""Symbol"":""magic_physdefbase"",""Value"":""234""}},{""Tag"":""BaseAttribute"",""Attributes"":{""Symbol"":""magic_magicdefbase"",""Value"":""234""}},{""Tag"":""Attribute"",""Attributes"":{""Symbol"":""magic_dodge"",""Rate"":""100""}},{""Tag"":""Attribute"",""Attributes"":{""Symbol"":""magic_energy"",""Rate"":""100""}},{""Tag"":""Attribute"",""Attributes"":{""Symbol"":""magic_stamina"",""Rate"":""100""}}]"
19329,Equip,10511117,11,Hàn Sương Đạp Tuyết Hài,Shoes3_5,4,38,1,171,4,80,-1,1640,1312,200,true,4,80,3,3,1,-1,-1,,"Sương ngưng đại địa, băng tụ hồ bạc, Tuyết lạc phân phi, hình đơn ảnh chiếc. Vật sinh ra từ sương tuyết. <color=#00FF00><br>(Cả bộ do Mộ Dung Thanh Sơn của <color=#FFFF00>Mộ Dung<color=#00FF00> thiết kế)<color=#00FF00>",,"[{""Tag"":""BaseAttribute"",""Attributes"":{""Symbol"":""magic_physdefbase"",""Value"":""266""}},{""Tag"":""BaseAttribute"",""Attributes"":{""Symbol"":""magic_magicdefbase"",""Value"":""266""}},{""Tag"":""Attribute"",""Attributes"":{""Symbol"":""magic_dodge"",""Rate"":""100""}},{""Tag"":""Attribute"",""Attributes"":{""Symbol"":""magic_energy"",""Rate"":""100""}},{""Tag"":""Attribute"",""Attributes"":{""Symbol"":""magic_stamina"",""Rate"":""100""}}]"
19330,Equip,10511118,11,Chưa dùng,Shoes3_11,4,39,2,-1,-1,90,-1,2240,1792,200,true,4,90,4,4,1,-1,-1,,Chưa dùng,,"[{""Tag"":""BaseAttribute"",""Attributes"":{""Symbol"":""magic_physdefbase"",""Value"":""298""}},{""Tag"":""BaseAttribute"",""Attributes"":{""Symbol"":""magic_magicdefbase"",""Value"":""298""}},{""Tag"":""Attribute"",""Attributes"":{""Symbol"":""magic_magicdef"",""Rate"":""100""}},{""Tag"":""Attribute"",""Attributes"":{""Symbol"":""magic_dodge"",""Rate"":""100""}},{""Tag"":""Attribute"",""Attributes"":{""Symbol"":""magic_energy"",""Rate"":""100""}},{""Tag"":""Attribute"",""Attributes"":{""Symbol"":""magic_stamina"",""Rate"":""100""}}]"
19331,Equip,10511119,11,Nhuệ Phong Tướng Ngoa,Shoes3_8,4,40,1,175,4,100,-1,3160,2528,200,true,4,100,4,4,1,-1,-1,,"Vua của các loại binh khí, thân dài 3 thước, vô cùng sắc bén. <color=#00FF00><br>(Cả bộ do Mộ Dung Thanh Sơn của <color=#FFFF00>Mộ Dung<color=#00FF00> thiết kế)<color=#00FF00>",,"[{""Tag"":""BaseAttribute"",""Attributes"":{""Symbol"":""magic_physdefbase"",""Value"":""330""}},{""Tag"":""BaseAttribute"",""Attributes"":{""Symbol"":""magic_magicdefbase"",""Value"":""330""}},{""Tag"":""Attribute"",""Attributes"":{""Symbol"":""magic_magicdef"",""Rate"":""100""}},{""Tag"":""Attribute"",""Attributes"":{""Symbol"":""magic_dodge"",""Rate"":""100""}},{""Tag"":""Attribute"",""Attributes"":{""Symbol"":""magic_energy"",""Rate"":""100""}},{""Tag"":""Attribute"",""Attributes"":{""Symbol"":""magic_stamina"",""Rate"":""100""}}]"
19332,Equip,10511120,11,Băng Ngưng Phong Hàn Hài,Shoes5_10,4,431,1,184,4,86,-1,1640,1312,200,true,20,95,4,4,1,-1,-1,,"Phong hoa khinh bổng giai nhân diện, Xuân tuyết sơ ngưng đào hoa tâm.<color=#00FF00>",,"[{""Tag"":""BaseAttribute"",""Attributes"":{""Symbol"":""magic_physdefbase"",""Value"":""298""}},{""Tag"":""BaseAttribute"",""Attributes"":{""Symbol"":""magic_magicdefbase"",""Value"":""298""}},{""Tag"":""Attribute"",""Attributes"":{""Symbol"":""magic_stamina"",""Rate"":""100""}},{""Tag"":""Attribute"",""Attributes"":{""Symbol"":""magic_intelligence"",""Rate"":""100""}},{""Tag"":""Attribute"",""Attributes"":{""Symbol"":""magic_critdef"",""Rate"":""100""}},{""Tag"":""Attribute"",""Attributes"":{""Symbol"":""magic_allattributes"",""Rate"":""100""}}]"
19333,Equip,10511121,11,Hỏa Sí Phần Diễm Hài,Shoes5_6,4,429,1,185,4,86,-1,1640,1312,200,true,20,95,4,4,1,-1,-1,,"Tinh hỏa cửu chuyển dẫn đan tâm, Phần viêm ỷ nị tôi hào tình.<color=#00FF00>",,"[{""Tag"":""BaseAttribute"",""Attributes"":{""Symbol"":""magic_physdefbase"",""Value"":""298""}},{""Tag"":""BaseAttribute"",""Attributes"":{""Symbol"":""magic_magicdefbase"",""Value"":""298""}},{""Tag"":""Attribute"",""Attributes"":{""Symbol"":""magic_stamina"",""Rate"":""100""}},{""Tag"":""Attribute"",""Attributes"":{""Symbol"":""magic_intelligence"",""Rate"":""100""}},{""Tag"":""Attribute"",""Attributes"":{""Symbol"":""magic_critdef"",""Rate"":""100""}},{""Tag"":""Attribute"",""Attributes"":{""Symbol"":""magic_allattributes"",""Rate"":""100""}}]"
19334,Equip,10511122,11,Huyền Quang Lôi Sát Hài,Shoes5_8,4,430,1,186,4,86,-1,1640,1312,200,true,20,95,4,4,1,-1,-1,,"Vân lôi chi khí hữu huyền tông, Sinh sinh lưu chuyển quang ảnh nồng.<color=#00FF00>",,"[{""Tag"":""BaseAttribute"",""Attributes"":{""Symbol"":""magic_physdefbase"",""Value"":""298""}},{""Tag"":""BaseAttribute"",""Attributes"":{""Symbol"":""magic_magicdefbase"",""Value"":""298""}},{""Tag"":""Attribute"",""Attributes"":{""Symbol"":""magic_stamina"",""Rate"":""100""}},{""Tag"":""Attribute"",""Attributes"":{""Symbol"":""magic_intelligence"",""Rate"":""100""}},{""Tag"":""Attribute"",""Attributes"":{""Symbol"":""magic_critdef"",""Rate"":""100""}},{""Tag"":""Attribute"",""Attributes"":{""Symbol"":""magic_allattributes"",""Rate"":""100""}}]"
19335,Equip,10511123,11,Độc Ảnh Chướng Hoa Hài,Shoes5_12,4,432,1,187,4,86,-1,1640,1312,200,true,20,95,4,4,1,-1,-1,,"Bích ảnh thâm thâm dẫn vân phi, Tiêu trạch yểm yểm chướng hoa toái.<color=#00FF00>",,"[{""Tag"":""BaseAttribute"",""Attributes"":{""Symbol"":""magic_physdefbase"",""Value"":""298""}},{""Tag"":""BaseAttribute"",""Attributes"":{""Symbol"":""magic_magicdefbase"",""Value"":""298""}},{""Tag"":""Attribute"",""Attributes"":{""Symbol"":""magic_stamina"",""Rate"":""100""}},{""Tag"":""Attribute"",""Attributes"":{""Symbol"":""magic_intelligence"",""Rate"":""100""}},{""Tag"":""Attribute"",""Attributes"":{""Symbol"":""magic_critdef"",""Rate"":""100""}},{""Tag"":""Attribute"",""Attributes"":{""Symbol"":""magic_allattributes"",""Rate"":""100""}}]"
19336,Equip,10511124,11,Băng Túy Ảnh Nguyệt Hài,Shoes5_11,4,419,1,188,4,96,-1,2240,1792,200,true,20,105,4,4,1,-1,-1,,"Hàn vân tôi nguyệt khinh sương vũ, Tố ảnh tận diệt lãnh hà trung.<color=#00FF00>",,"[{""Tag"":""BaseAttribute"",""Attributes"":{""Symbol"":""magic_physdefbase"",""Value"":""330""}},{""Tag"":""BaseAttribute"",""Attributes"":{""Symbol"":""magic_magicdefbase"",""Value"":""330""}},{""Tag"":""Attribute"",""Attributes"":{""Symbol"":""magic_stamina"",""Rate"":""100""}},{""Tag"":""Attribute"",""Attributes"":{""Symbol"":""magic_intelligence"",""Rate"":""100""}},{""Tag"":""Attribute"",""Attributes"":{""Symbol"":""magic_critdef"",""Rate"":""100""}},{""Tag"":""Attribute"",""Attributes"":{""Symbol"":""magic_allattributes"",""Rate"":""100""}}]"
19337,Equip,10511125,11,Hỏa Ánh Tịch Dương Hài,Shoes5_7,4,417,1,189,4,96,-1,2240,1792,200,true,20,105,4,4,1,-1,-1,,"Vân dương phất tựu trụy thiên hỏa, Khô hải trầm liệt cửu châu hạc.<color=#00FF00>",,"[{""Tag"":""BaseAttribute"",""Attributes"":{""Symbol"":""magic_physdefbase"",""Value"":""330""}},{""Tag"":""BaseAttribute"",""Attributes"":{""Symbol"":""magic_magicdefbase"",""Value"":""330""}},{""Tag"":""Attribute"",""Attributes"":{""Symbol"":""magic_stamina"",""Rate"":""100""}},{""Tag"":""Attribute"",""Attributes"":{""Symbol"":""magic_intelligence"",""Rate"":""100""}},{""Tag"":""Attribute"",""Attributes"":{""Symbol"":""magic_critdef"",""Rate"":""100""}},{""Tag"":""Attribute"",""Attributes"":{""Symbol"":""magic_allattributes"",""Rate"":""100""}}]"
19338,Equip,10511126,11,Huyền Minh Diệu Thần Hài,Shoes5_9,4,418,1,190,4,96,-1,2240,1792,200,true,20,105,4,4,1,-1,-1,,"Huyền quang nhất hiện thiên địa khai, Thanh trọc lưỡng phân tinh trần hiện.<color=#00FF00>",,"[{""Tag"":""BaseAttribute"",""Attributes"":{""Symbol"":""magic_physdefbase"",""Value"":""330""}},{""Tag"":""BaseAttribute"",""Attributes"":{""Symbol"":""magic_magicdefbase"",""Value"":""330""}},{""Tag"":""Attribute"",""Attributes"":{""Symbol"":""magic_stamina"",""Rate"":""100""}},{""Tag"":""Attribute"",""Attributes"":{""Symbol"":""magic_intelligence"",""Rate"":""100""}},{""Tag"":""Attribute"",""Attributes"":{""Symbol"":""magic_critdef"",""Rate"":""100""}},{""Tag"":""Attribute"",""Attributes"":{""Symbol"":""magic_allattributes"",""Rate"":""100""}}]"
19339,Equip,10511127,11,Độc Minh Ảm Diệt Hài,Shoes5_13,4,420,1,191,4,96,-1,2240,1792,200,true,20,105,4,4,1,-1,-1,,"Nhược thủy đông lai thanh minh biến, Độc vân khả túy tự tại tiên.<color=#00FF00>",,"[{""Tag"":""BaseAttribute"",""Attributes"":{""Symbol"":""magic_physdefbase"",""Value"":""330""}},{""Tag"":""BaseAttribute"",""Attributes"":{""Symbol"":""magic_magicdefbase"",""Value"":""330""}},{""Tag"":""Attribute"",""Attributes"":{""Symbol"":""magic_stamina"",""Rate"":""100""}},{""Tag"":""Attribute"",""Attributes"":{""Symbol"":""magic_intelligence"",""Rate"":""100""}},{""Tag"":""Attribute"",""Attributes"":{""Symbol"":""magic_critdef"",""Rate"":""100""}},{""Tag"":""Attribute"",""Attributes"":{""Symbol"":""magic_allattributes"",""Rate"":""100""}}]"
19340,Equip,10511128,11,Chưa dùng,Hat3_8,4,39,2,-1,-1,90,-1,2240,1792,200,true,4,90,4,4,1,-1,-1,,Chưa dùng,,"[{""Tag"":""BaseAttribute"",""Attributes"":{""Symbol"":""magic_physdefbase"",""Value"":""298""}},{""Tag"":""BaseAttribute"",""Attributes"":{""Symbol"":""magic_magicdefbase"",""Value"":""298""}},{""Tag"":""Attribute"",""Attributes"":{""Symbol"":""magic_magicdef"",""Rate"":""100""}},{""Tag"":""Attribute"",""Attributes"":{""Symbol"":""magic_dodge"",""Rate"":""100""}},{""Tag"":""Attribute"",""Attributes"":{""Symbol"":""magic_energy"",""Rate"":""100""}},{""Tag"":""Attribute"",""Attributes"":{""Symbol"":""magic_stamina"",""Rate"":""100""}}]"
19341,Equip,10511129,11,Chưa dùng,Hat3_7,4,40,2,-1,-1,100,-1,3160,2528,200,true,4,100,4,4,1,-1,-1,,Chưa dùng,,"[{""Tag"":""BaseAttribute"",""Attributes"":{""Symbol"":""magic_physdefbase"",""Value"":""330""}},{""Tag"":""BaseAttribute"",""Attributes"":{""Symbol"":""magic_magicdefbase"",""Value"":""330""}},{""Tag"":""Attribute"",""Attributes"":{""Symbol"":""magic_magicdef"",""Rate"":""100""}},{""Tag"":""Attribute"",""Attributes"":{""Symbol"":""magic_dodge"",""Rate"":""100""}},{""Tag"":""Attribute"",""Attributes"":{""Symbol"":""magic_energy"",""Rate"":""100""}},{""Tag"":""Attribute"",""Attributes"":{""Symbol"":""magic_stamina"",""Rate"":""100""}}]"
19342,Equip,10511130,11,Chưa dùng,Shoes2_8,4,31,2,-1,-1,10,-1,30,24,200,true,4,10,1,1,1,-1,-1,,tips chưa thiết lập,,"[{""Tag"":""BaseAttribute"",""Attributes"":{""Symbol"":""magic_physdefbase"",""Value"":""42""}},{""Tag"":""BaseAttribute"",""Attributes"":{""Symbol"":""magic_magicdefbase"",""Value"":""42""}},{""Tag"":""Attribute"",""Attributes"":{""Symbol"":""magic_energy"",""Rate"":""100""}}]"
19343,Equip,10511131,11,Chưa dùng,Shoes2_14,4,32,2,-1,-1,20,-1,109,87,200,true,4,20,1,1,1,-1,-1,,Chưa dùng,,"[{""Tag"":""BaseAttribute"",""Attributes"":{""Symbol"":""magic_physdefbase"",""Value"":""74""}},{""Tag"":""BaseAttribute"",""Attributes"":{""Symbol"":""magic_magicdefbase"",""Value"":""74""}},{""Tag"":""Attribute"",""Attributes"":{""Symbol"":""magic_energy"",""Rate"":""100""}}]"
19344,Equip,10511132,11,Phi Hoa Nhuyễn Ngoa,Shoes2_15,4,33,1,196,4,30,-1,169,135,200,true,4,30,1,1,1,-1,-1,,"Phi hoa tiễn tuyết, tàn hương hoàn nguyệt. Thanh phong nhất tiếu, thu thạch tựa giác. Vật sống nhờ Phi Hoa.<color=#00FF00><br>(Cả bộ do Đường Nhạc Xung của <color=#FFFF00>Đường Môn<color=#00FF00> thiết kế)",,"[{""Tag"":""BaseAttribute"",""Attributes"":{""Symbol"":""magic_physdefbase"",""Value"":""106""}},{""Tag"":""BaseAttribute"",""Attributes"":{""Symbol"":""magic_magicdefbase"",""Value"":""106""}},{""Tag"":""Attribute"",""Attributes"":{""Symbol"":""magic_dexterity"",""Rate"":""100""}}]"
19345,Equip,10511133,11,Chưa dùng,Shoes2_16,4,34,2,-1,-1,40,-1,331,264,200,true,4,40,2,2,1,-1,-1,,Chưa dùng,,"[{""Tag"":""BaseAttribute"",""Attributes"":{""Symbol"":""magic_physdefbase"",""Value"":""138""}},{""Tag"":""BaseAttribute"",""Attributes"":{""Symbol"":""magic_magicdefbase"",""Value"":""138""}},{""Tag"":""Attribute"",""Attributes"":{""Symbol"":""magic_energy"",""Rate"":""100""}},{""Tag"":""Attribute"",""Attributes"":{""Symbol"":""magic_stamina"",""Rate"":""100""}}]"
19346,Equip,10511134,11,Khuynh Vân Bì Ngoa,Shoes3_1,4,35,1,198,4,50,-1,554,443,200,true,4,50,2,2,1,-1,-1,,"Lưu vân tự thủy, phong dao nhật thoái. Tử dương tịch chiếu, vũ mãn hà phi. Vật sinh ra từ mây. <color=#00FF00><br>(Cả bộ do Đường Nhạc Xung của <color=#FFFF00>Đường Môn<color=#00FF00> thiết kế)",,"[{""Tag"":""BaseAttribute"",""Attributes"":{""Symbol"":""magic_physdefbase"",""Value"":""170""}},{""Tag"":""BaseAttribute"",""Attributes"":{""Symbol"":""magic_magicdefbase"",""Value"":""170""}},{""Tag"":""Attribute"",""Attributes"":{""Symbol"":""magic_stamina"",""Rate"":""100""}},{""Tag"":""Attribute"",""Attributes"":{""Symbol"":""magic_dexterity"",""Rate"":""100""}}]"
19347,Equip,10511135,11,Chưa dùng,Shoes3_2,4,36,2,-1,-1,60,-1,890,712,200,true,4,60,2,2,1,-1,-1,,Chưa dùng,,"[{""Tag"":""BaseAttribute"",""Attributes"":{""Symbol"":""magic_physdefbase"",""Value"":""202""}},{""Tag"":""BaseAttribute"",""Attributes"":{""Symbol"":""magic_magicdefbase"",""Value"":""202""}},{""Tag"":""Attribute"",""Attributes"":{""Symbol"":""magic_energy"",""Rate"":""100""}},{""Tag"":""Attribute"",""Attributes"":{""Symbol"":""magic_stamina"",""Rate"":""100""}}]"
19348,Equip,10511136,11,Niệm Nguyệt Bì Ngoa,Shoes3_4,4,37,1,200,4,70,-1,1255,1004,200,true,4,70,3,3,1,-1,-1,,"Du du minh nguyệt, sương nhiễm bạch lộ. Tương tư tam tỉnh, xuân phong nhất độ. Vật sinh ra từ trăng. <color=#00FF00><br>(Cả bộ do Đường Nhạc Xung của <color=#FFFF00>Đường Môn<color=#00FF00> thiết kế)",,"[{""Tag"":""BaseAttribute"",""Attributes"":{""Symbol"":""magic_physdefbase"",""Value"":""234""}},{""Tag"":""BaseAttribute"",""Attributes"":{""Symbol"":""magic_magicdefbase"",""Value"":""234""}},{""Tag"":""Attribute"",""Attributes"":{""Symbol"":""magic_dodge"",""Rate"":""100""}},{""Tag"":""Attribute"",""Attributes"":{""Symbol"":""magic_stamina"",""Rate"":""100""}},{""Tag"":""Attribute"",""Attributes"":{""Symbol"":""magic_dexterity"",""Rate"":""100""}}]"
19349,Equip,10511137,11,Chưa dùng,Shoes3_5,4,38,2,-1,-1,80,-1,1640,1312,200,true,4,80,3,3,1,-1,-1,,Chưa dùng,,"[{""Tag"":""BaseAttribute"",""Attributes"":{""Symbol"":""magic_physdefbase"",""Value"":""266""}},{""Tag"":""BaseAttribute"",""Attributes"":{""Symbol"":""magic_magicdefbase"",""Value"":""266""}},{""Tag"":""Attribute"",""Attributes"":{""Symbol"":""magic_dodge"",""Rate"":""100""}},{""Tag"":""Attribute"",""Attributes"":{""Symbol"":""magic_energy"",""Rate"":""100""}},{""Tag"":""Attribute"",""Attributes"":{""Symbol"":""magic_stamina"",""Rate"":""100""}}]"
19350,Equip,10511138,11,Huyền Kình Kim Cương Ngoa,Shoes3_11,4,39,1,202,4,90,-1,2240,1792,200,true,4,90,4,4,1,-1,-1,,"Huyền hoàng đoạn thể, vạn pháp bất xâm. Vân hạc hiến vũ, lực thấu thiên quân. Vật sinh ra từ kim cương. <color=#00FF00><br>(Cả bộ do Đường Nhạc Xung của <color=#FFFF00>Đường Môn<color=#00FF00> thiết kế)<color=#00FF00>",,"[{""Tag"":""BaseAttribute"",""Attributes"":{""Symbol"":""magic_physdefbase"",""Value"":""298""}},{""Tag"":""BaseAttribute"",""Attributes"":{""Symbol"":""magic_magicdefbase"",""Value"":""298""}},{""Tag"":""Attribute"",""Attributes"":{""Symbol"":""magic_magicdef"",""Rate"":""100""}},{""Tag"":""Attribute"",""Attributes"":{""Symbol"":""magic_dodge"",""Rate"":""100""}},{""Tag"":""Attribute"",""Attributes"":{""Symbol"":""magic_stamina"",""Rate"":""100""}},{""Tag"":""Attribute"",""Attributes"":{""Symbol"":""magic_dexterity"",""Rate"":""100""}}]"
19351,Equip,10511139,11,Sóc Quang Lục Hợp Ngoa,Shoes3_8,4,40,1,205,4,100,-1,3160,2528,200,true,4,100,4,4,1,-1,-1,,"Lạc lạc hoa quang, xung vân nhi thượng. Minh diệu lục hợp, cử thế vô song. Vật sinh ra từ ánh sáng. <color=#00FF00><br>(Cả bộ do Đường Nhạc Xung của <color=#FFFF00>Đường Môn<color=#00FF00> thiết kế)<color=#00FF00>",,"[{""Tag"":""BaseAttribute"",""Attributes"":{""Symbol"":""magic_physdefbase"",""Value"":""330""}},{""Tag"":""BaseAttribute"",""Attributes"":{""Symbol"":""magic_magicdefbase"",""Value"":""330""}},{""Tag"":""Attribute"",""Attributes"":{""Symbol"":""magic_magicdef"",""Rate"":""100""}},{""Tag"":""Attribute"",""Attributes"":{""Symbol"":""magic_dodge"",""Rate"":""100""}},{""Tag"":""Attribute"",""Attributes"":{""Symbol"":""magic_stamina"",""Rate"":""100""}},{""Tag"":""Attribute"",""Attributes"":{""Symbol"":""magic_dexterity"",""Rate"":""100""}}]"
19352,Equip,10511140,11,Chưa dùng,Shoes2_8,4,31,2,-1,-1,10,-1,30,24,200,true,4,10,1,1,1,-1,-1,,tips chưa thiết lập,,"[{""Tag"":""BaseAttribute"",""Attributes"":{""Symbol"":""magic_physdefbase"",""Value"":""42""}},{""Tag"":""BaseAttribute"",""Attributes"":{""Symbol"":""magic_magicdefbase"",""Value"":""42""}},{""Tag"":""Attribute"",""Attributes"":{""Symbol"":""magic_energy"",""Rate"":""100""}}]"
19353,Equip,10511141,11,Chưa dùng,Shoes2_14,4,32,2,-1,-1,20,-1,109,87,200,true,4,20,1,1,1,-1,-1,,Chưa dùng,,"[{""Tag"":""BaseAttribute"",""Attributes"":{""Symbol"":""magic_physdefbase"",""Value"":""74""}},{""Tag"":""BaseAttribute"",""Attributes"":{""Symbol"":""magic_magicdefbase"",""Value"":""74""}},{""Tag"":""Attribute"",""Attributes"":{""Symbol"":""magic_energy"",""Rate"":""100""}}]"
19354,Equip,10511142,11,Thúy Trúc Ngoa,Shoes2_15,4,33,1,210,4,30,-1,169,135,200,true,4,30,1,1,1,-1,-1,,"Lâm trì tự ngọc, lộ tĩnh yên lục. Trinh tiết bất cải, quân tử tự cứ. Thử vật y trúc nhi sinh.<color=#00FF00><br>(Cả bộ do Lý Kế Long của <color=#FFFF00>Quỷ Cốc<color=#00FF00> thiết kế)",,"[{""Tag"":""BaseAttribute"",""Attributes"":{""Symbol"":""magic_physdefbase"",""Value"":""106""}},{""Tag"":""BaseAttribute"",""Attributes"":{""Symbol"":""magic_magicdefbase"",""Value"":""106""}},{""Tag"":""Attribute"",""Attributes"":{""Symbol"":""magic_dexterity"",""Rate"":""100""}}]"
19355,Equip,10511143,11,Chưa dùng,Shoes2_16,4,34,2,-1,-1,40,-1,331,264,200,true,4,40,2,2,1,-1,-1,,Chưa dùng,,"[{""Tag"":""BaseAttribute"",""Attributes"":{""Symbol"":""magic_physdefbase"",""Value"":""138""}},{""Tag"":""BaseAttribute"",""Attributes"":{""Symbol"":""magic_magicdefbase"",""Value"":""138""}},{""Tag"":""Attribute"",""Attributes"":{""Symbol"":""magic_energy"",""Rate"":""100""}},{""Tag"":""Attribute"",""Attributes"":{""Symbol"":""magic_stamina"",""Rate"":""100""}}]"
19356,Equip,10511144,11,Triều Nhan Bì Ngoa,Shoes3_1,4,35,1,212,4,50,-1,554,443,200,true,4,50,2,2,1,-1,-1,,"Nhất triều bất ngữ, nhất triều đồ mỹ. Nhất triều đồi lão, nhất triều thê thê. Thử vật y triều nhan nhi sinh .<color=#00FF00><br>(Cả bộ do Lý Kế Long của <color=#FFFF00>Quỷ Cốc<color=#00FF00> thiết kế)",,"[{""Tag"":""BaseAttribute"",""Attributes"":{""Symbol"":""magic_physdefbase"",""Value"":""170""}},{""Tag"":""BaseAttribute"",""Attributes"":{""Symbol"":""magic_magicdefbase"",""Value"":""170""}},{""Tag"":""Attribute"",""Attributes"":{""Symbol"":""magic_stamina"",""Rate"":""100""}},{""Tag"":""Attribute"",""Attributes"":{""Symbol"":""magic_dexterity"",""Rate"":""100""}}]"
19357,Equip,10511145,11,Chưa dùng,Shoes3_2,4,36,2,-1,-1,60,-1,890,712,200,true,4,60,2,2,1,-1,-1,,Chưa dùng,,"[{""Tag"":""BaseAttribute"",""Attributes"":{""Symbol"":""magic_physdefbase"",""Value"":""202""}},{""Tag"":""BaseAttribute"",""Attributes"":{""Symbol"":""magic_magicdefbase"",""Value"":""202""}},{""Tag"":""Attribute"",""Attributes"":{""Symbol"":""magic_energy"",""Rate"":""100""}},{""Tag"":""Attribute"",""Attributes"":{""Symbol"":""magic_stamina"",""Rate"":""100""}}]"
19358,Equip,10511146,11,Vịnh Xuân Bì Ngoa,Shoes3_4,4,37,1,214,4,70,-1,1255,1004,200,true,4,70,3,3,1,-1,-1,,"Thảo mộc nhập mộng, noãn đào hồi hồn. Xuân phong bất chí, hồng lục bất quy. Thử vật sơ xuân nhi sinh.<color=#00FF00><br>(Cả bộ do Lý Cơ Long của <color=#FFFF00>Quỷ Cốc<color=#00FF00> thiết kế)",,"[{""Tag"":""BaseAttribute"",""Attributes"":{""Symbol"":""magic_physdefbase"",""Value"":""234""}},{""Tag"":""BaseAttribute"",""Attributes"":{""Symbol"":""magic_magicdefbase"",""Value"":""234""}},{""Tag"":""Attribute"",""Attributes"":{""Symbol"":""magic_dodge"",""Rate"":""100""}},{""Tag"":""Attribute"",""Attributes"":{""Symbol"":""magic_stamina"",""Rate"":""100""}},{""Tag"":""Attribute"",""Attributes"":{""Symbol"":""magic_dexterity"",""Rate"":""100""}}]"
19359,Equip,10511147,11,Chưa dùng,Shoes3_5,4,38,2,-1,-1,80,-1,1640,1312,200,true,4,80,3,3,1,-1,-1,,Chưa dùng,,"[{""Tag"":""BaseAttribute"",""Attributes"":{""Symbol"":""magic_physdefbase"",""Value"":""266""}},{""Tag"":""BaseAttribute"",""Attributes"":{""Symbol"":""magic_magicdefbase"",""Value"":""266""}},{""Tag"":""Attribute"",""Attributes"":{""Symbol"":""magic_dodge"",""Rate"":""100""}},{""Tag"":""Attribute"",""Attributes"":{""Symbol"":""magic_energy"",""Rate"":""100""}},{""Tag"":""Attribute"",""Attributes"":{""Symbol"":""magic_stamina"",""Rate"":""100""}}]"
19360,Equip,10511148,11,Cẩm Thu Bảo Ngoa,Shoes3_11,4,39,1,216,4,90,-1,2240,1792,200,true,4,90,4,4,1,-1,-1,,"Thu phong bất tận, ly nhân hồn tiêu. Lệ lạc tàn hà, tương tư chiêu chiêu. Vật tạo ra vào tối mùa thu.<color=#00FF00><br>(Cả bộ do Lý Kế Long của <color=#FFFF00>Quỷ Cốc<color=#00FF00> thiết kế)<color=#00FF00>",,"[{""Tag"":""BaseAttribute"",""Attributes"":{""Symbol"":""magic_physdefbase"",""Value"":""298""}},{""Tag"":""BaseAttribute"",""Attributes"":{""Symbol"":""magic_magicdefbase"",""Value"":""298""}},{""Tag"":""Attribute"",""Attributes"":{""Symbol"":""magic_magicdef"",""Rate"":""100""}},{""Tag"":""Attribute"",""Attributes"":{""Symbol"":""magic_dodge"",""Rate"":""100""}},{""Tag"":""Attribute"",""Attributes"":{""Symbol"":""magic_stamina"",""Rate"":""100""}},{""Tag"":""Attribute"",""Attributes"":{""Symbol"":""magic_dexterity"",""Rate"":""100""}}]"
19361,Equip,10511149,11,Tử Vi Huyền Quang Ngoa,Shoes3_8,4,40,1,219,4,100,-1,3160,2528,200,true,4,100,4,4,1,-1,-1,,"Ánh sáng tím tỏa nhẹ, ngạo thi vô song. Vật tạo ra theo tử vi tinh thần.<color=#00FF00><br>(Cả bộ do Lý Kế Long của <color=#FFFF00>Quỷ Cốc<color=#00FF00> thiết kế)<color=#00FF00>",,"[{""Tag"":""BaseAttribute"",""Attributes"":{""Symbol"":""magic_physdefbase"",""Value"":""330""}},{""Tag"":""BaseAttribute"",""Attributes"":{""Symbol"":""magic_magicdefbase"",""Value"":""330""}},{""Tag"":""Attribute"",""Attributes"":{""Symbol"":""magic_magicdef"",""Rate"":""100""}},{""Tag"":""Attribute"",""Attributes"":{""Symbol"":""magic_dodge"",""Rate"":""100""}},{""Tag"":""Attribute"",""Attributes"":{""Symbol"":""magic_stamina"",""Rate"":""100""}},{""Tag"":""Attribute"",""Attributes"":{""Symbol"":""magic_dexterity"",""Rate"":""100""}}]"
19362,Equip,10511150,11,Hán Quảng Nhuyễn Ngoa,Shoes2_15,4,33,1,223,4,30,-1,169,135,200,true,4,30,1,1,1,-1,-1,,"Hán chi quảng hĩ, bất khả vịnh tư. Giang chi vĩnh hĩ, bất khả phương tư. Vật này sinh gần hồ. <color=#00FF00><br>(Cả bộ do Yến Phản của <color=#FFFF00>Đào Hoa Đảo<color=#00FF00> thiết kế)",,"[{""Tag"":""BaseAttribute"",""Attributes"":{""Symbol"":""magic_physdefbase"",""Value"":""106""}},{""Tag"":""BaseAttribute"",""Attributes"":{""Symbol"":""magic_magicdefbase"",""Value"":""106""}},{""Tag"":""Attribute"",""Attributes"":{""Symbol"":""magic_dexterity"",""Rate"":""100""}}]"
19363,Equip,10511151,11,Kiêm Hà Bì Ngoa,Shoes3_1,4,35,1,225,4,50,-1,554,443,200,true,4,50,2,2,1,-1,-1,,"Kiêm gia thương thương, bạch lộ vi sương. Sở vị y nhân, tại thủy nhất phương. Vật này sinh ở Kiêm Hà. <color=#00FF00><br>(Cả bộ do Yến Phản của <color=#FFFF00>Đào Hoa Đảo<color=#00FF00> thiết kế)",,"[{""Tag"":""BaseAttribute"",""Attributes"":{""Symbol"":""magic_physdefbase"",""Value"":""170""}},{""Tag"":""BaseAttribute"",""Attributes"":{""Symbol"":""magic_magicdefbase"",""Value"":""170""}},{""Tag"":""Attribute"",""Attributes"":{""Symbol"":""magic_stamina"",""Rate"":""100""}},{""Tag"":""Attribute"",""Attributes"":{""Symbol"":""magic_dexterity"",""Rate"":""100""}}]"
19364,Equip,10511152,11,Chung Phong Bì Ngoa,Shoes3_4,4,37,1,227,4,70,-1,1255,1004,200,true,4,70,3,3,1,-1,-1,,"Ngã vãn bất khả, khấp lập dĩ trữ. Chung phong bất hưu, chung vân bất lưu. Vật này sinh ra từ gió. <color=#00FF00><br>(Cả bộ do Yến Phản của <color=#FFFF00>Đào Hoa Đảo<color=#00FF00> thiết kế)",,"[{""Tag"":""BaseAttribute"",""Attributes"":{""Symbol"":""magic_physdefbase"",""Value"":""234""}},{""Tag"":""BaseAttribute"",""Attributes"":{""Symbol"":""magic_magicdefbase"",""Value"":""234""}},{""Tag"":""Attribute"",""Attributes"":{""Symbol"":""magic_dodge"",""Rate"":""100""}},{""Tag"":""Attribute"",""Attributes"":{""Symbol"":""magic_stamina"",""Rate"":""100""}},{""Tag"":""Attribute"",""Attributes"":{""Symbol"":""magic_dexterity"",""Rate"":""100""}}]"
19365,Equip,10511153,11,Thanh Châu Bảo Ngoa,Shoes3_11,4,39,1,229,4,90,-1,2240,1792,200,true,4,90,4,4,1,-1,-1,,"Phấn hà hồng thụ, ngẫu ti thành quần, thanh châu bộ lữ, thập lan điều xuân. Vật sinh sôi nhờ mùa xua.<color=#00FF00>(Nguyên bộ do <color=#FFFF00>Đào Hoa Đảo <color=#00FF00>Yến Phản thiết kế)<color=#00FF00>",,"[{""Tag"":""BaseAttribute"",""Attributes"":{""Symbol"":""magic_physdefbase"",""Value"":""298""}},{""Tag"":""BaseAttribute"",""Attributes"":{""Symbol"":""magic_magicdefbase"",""Value"":""298""}},{""Tag"":""Attribute"",""Attributes"":{""Symbol"":""magic_physdef"",""Rate"":""100""}},{""Tag"":""Attribute"",""Attributes"":{""Symbol"":""magic_dodge"",""Rate"":""100""}},{""Tag"":""Attribute"",""Attributes"":{""Symbol"":""magic_stamina"",""Rate"":""100""}},{""Tag"":""Attribute"",""Attributes"":{""Symbol"":""magic_dexterity"",""Rate"":""100""}}]"
19366,Equip,10511154,11,Thiên Hà Dạ Chuyển Ngoa,Shoes3_8,4,40,1,232,4,100,-1,3160,2528,200,true,4,100,4,4,1,-1,-1,,"Lan dạ phi lai, phiêu tụ linh ngoại. Thiên hà ám trọng, vạn lai xuy sinh. Vật này sống ký sinh. <color=#00FF00><br>(Cả bộ do Yến Phản của <color=#FFFF00>Đào Hoa Đảo<color=#00FF00> thiết kế)<color=#00FF00>",,"[{""Tag"":""BaseAttribute"",""Attributes"":{""Symbol"":""magic_physdefbase"",""Value"":""330""}},{""Tag"":""BaseAttribute"",""Attributes"":{""Symbol"":""magic_magicdefbase"",""Value"":""330""}},{""Tag"":""Attribute"",""Attributes"":{""Symbol"":""magic_physdef"",""Rate"":""100""}},{""Tag"":""Attribute"",""Attributes"":{""Symbol"":""magic_dodge"",""Rate"":""100""}},{""Tag"":""Attribute"",""Attributes"":{""Symbol"":""magic_stamina"",""Rate"":""100""}},{""Tag"":""Attribute"",""Attributes"":{""Symbol"":""magic_dexterity"",""Rate"":""100""}}]"
19367,Equip,10511155,11,Cố Tri Nhuyễn Ngoa,Shoes2_15,4,33,1,236,4,30,-1,169,135,200,true,4,30,1,1,1,-1,-1,,"Người ở đất khách, cũng là nỗi sầu. Vật này đại diện cho cố nhân.#r<color=#00FF00><br>(Cả bộ do Vân Kiêu của <color=#FFFF00>Tuyệt Tình<color=#00FF00> thiết kế)",,"[{""Tag"":""BaseAttribute"",""Attributes"":{""Symbol"":""magic_physdefbase"",""Value"":""106""}},{""Tag"":""BaseAttribute"",""Attributes"":{""Symbol"":""magic_magicdefbase"",""Value"":""106""}},{""Tag"":""Attribute"",""Attributes"":{""Symbol"":""magic_dexterity"",""Rate"":""100""}}]"
19368,Equip,10511156,11,Vô Cầu Bì Ngoa,Shoes3_1,4,35,1,238,4,50,-1,554,443,200,true,4,50,2,2,1,-1,-1,,"Ai hiểu tâm ta, sẽ hiểu lòng ta. Vật này đại diện cho tình cảm.#r<color=#00FF00><br>(Cả bộ do Vân Kiêu của <color=#FFFF00>Tuyệt Tình<color=#00FF00> thiết kế)",,"[{""Tag"":""BaseAttribute"",""Attributes"":{""Symbol"":""magic_physdefbase"",""Value"":""170""}},{""Tag"":""BaseAttribute"",""Attributes"":{""Symbol"":""magic_magicdefbase"",""Value"":""170""}},{""Tag"":""Attribute"",""Attributes"":{""Symbol"":""magic_stamina"",""Rate"":""100""}},{""Tag"":""Attribute"",""Attributes"":{""Symbol"":""magic_dexterity"",""Rate"":""100""}}]"
19369,Equip,10511157,11,Ý Sơ Bì Ngoa,Shoes3_4,4,37,1,240,4,70,-1,1255,1004,200,true,4,70,3,3,1,-1,-1,,"Không quên thuở đầu, ắt sẽ bền lâu. Vật này đại diện cho thuở đầu.#r<color=#00FF00><br>(Cả bộ do Vân Kiêu của <color=#FFFF00>Tuyệt Tình<color=#00FF00> thiết kế)",,"[{""Tag"":""BaseAttribute"",""Attributes"":{""Symbol"":""magic_physdefbase"",""Value"":""234""}},{""Tag"":""BaseAttribute"",""Attributes"":{""Symbol"":""magic_magicdefbase"",""Value"":""234""}},{""Tag"":""Attribute"",""Attributes"":{""Symbol"":""magic_dodge"",""Rate"":""100""}},{""Tag"":""Attribute"",""Attributes"":{""Symbol"":""magic_stamina"",""Rate"":""100""}},{""Tag"":""Attribute"",""Attributes"":{""Symbol"":""magic_dexterity"",""Rate"":""100""}}]"
19370,Equip,10511158,11,Âm Tế Bảo Ngoa,Shoes3_11,4,39,1,242,4,90,-1,2240,1792,200,true,4,90,4,4,1,-1,-1,,"Phấn hà hồng thụ, ngẫu ti thành quần, thanh châu bộ lữ, thập lan điều xuân. Vật sinh sôi nhờ mùa xua.#r<color=#00FF00><br>(Cả bộ do Vân Kiêu của <color=#FFFF00>Tuyệt Tình<color=#00FF00> thiết kế)<color=#00FF00>",,"[{""Tag"":""BaseAttribute"",""Attributes"":{""Symbol"":""magic_physdefbase"",""Value"":""298""}},{""Tag"":""BaseAttribute"",""Attributes"":{""Symbol"":""magic_magicdefbase"",""Value"":""298""}},{""Tag"":""Attribute"",""Attributes"":{""Symbol"":""magic_physdef"",""Rate"":""100""}},{""Tag"":""Attribute"",""Attributes"":{""Symbol"":""magic_dodge"",""Rate"":""100""}},{""Tag"":""Attribute"",""Attributes"":{""Symbol"":""magic_stamina"",""Rate"":""100""}},{""Tag"":""Attribute"",""Attributes"":{""Symbol"":""magic_dexterity"",""Rate"":""100""}}]"
19371,Equip,10511159,11,Phong Vãn Ngoa,Shoes3_8,4,40,1,245,4,100,-1,3160,2528,200,true,4,100,4,4,1,-1,-1,,"Dưới ánh nắng vàng, lá phong đỏ âu. Vật này đại diện cho lá phong.#r<color=#00FF00><br>(Cả bộ do Vân Kiêu của <color=#FFFF00>Tuyệt Tình<color=#00FF00> thiết kế)",,"[{""Tag"":""BaseAttribute"",""Attributes"":{""Symbol"":""magic_physdefbase"",""Value"":""330""}},{""Tag"":""BaseAttribute"",""Attributes"":{""Symbol"":""magic_magicdefbase"",""Value"":""330""}},{""Tag"":""Attribute"",""Attributes"":{""Symbol"":""magic_physdef"",""Rate"":""100""}},{""Tag"":""Attribute"",""Attributes"":{""Symbol"":""magic_dodge"",""Rate"":""100""}},{""Tag"":""Attribute"",""Attributes"":{""Symbol"":""magic_stamina"",""Rate"":""100""}},{""Tag"":""Attribute"",""Attributes"":{""Symbol"":""magic_dexterity"",""Rate"":""100""}}]"
19372,Equip,10512000,12,Ma Kha Vân Thiết Thủ,Cuff1_2,3,81,1,0,3,10,-1,30,24,200,true,4,10,1,1,1,-1,-1,,"Sắc bất dị không, không bất dị sắc; sắc tức thị không, không tức thị sắc, thụ tưởng hành thức, diệc phúc như thị, vật này dựa Phật mà tồn.<color=#00FF00><br>(Cả bộ do Hồng Thái Vân của<color=#FFFFFF> <color=#FFFF00>Thiếu Lâm<color=#FFFFFF> <color=#00FF00> thiết kế)",,"[{""Tag"":""BaseAttribute"",""Attributes"":{""Symbol"":""magic_physdefbase"",""Value"":""42""}},{""Tag"":""BaseAttribute"",""Attributes"":{""Symbol"":""magic_magicdefbase"",""Value"":""42""}},{""Tag"":""Attribute"",""Attributes"":{""Symbol"":""magic_stamina"",""Rate"":""100""}}]"
19373,Equip,10512001,12,Chưa dùng,Cuff1_2,3,82,2,-1,-1,20,-1,109,87,200,true,4,20,1,1,1,-1,-1,,Chưa dùng,,"[{""Tag"":""BaseAttribute"",""Attributes"":{""Symbol"":""magic_physdefbase"",""Value"":""74""}},{""Tag"":""BaseAttribute"",""Attributes"":{""Symbol"":""magic_magicdefbase"",""Value"":""74""}},{""Tag"":""Attribute"",""Attributes"":{""Symbol"":""magic_stamina"",""Rate"":""100""}}]"
19374,Equip,10512002,12,Chưa dùng,Cuff1_3,3,83,2,-1,-1,30,-1,169,135,200,true,4,30,1,1,1,-1,-1,,Chưa dùng,,"[{""Tag"":""BaseAttribute"",""Attributes"":{""Symbol"":""magic_physdefbase"",""Value"":""106""}},{""Tag"":""BaseAttribute"",""Attributes"":{""Symbol"":""magic_magicdefbase"",""Value"":""106""}},{""Tag"":""Attribute"",""Attributes"":{""Symbol"":""magic_stamina"",""Rate"":""100""}}]"
19375,Equip,10512003,12,Kim Cương Tán Thiết Thủ,Cuff1_6,3,84,1,3,3,40,-1,331,264,200,true,4,40,2,2,1,-1,-1,,"Chỉ vũ khí trong thần thoại Ấn độ và Phệ Đà. Trong Phật giáo, Kim cương ví như kiên cố, sắc nhọn, có thể phá tan tất cả, trở thành kiên cố, tượng trưng bất diệt, vật này dựa Phật mà tồn.<color=#00FF00><br>(Cả bộ do Hồng Thái Vân của<color=#FFFFFF> <color=#FFFF00>Thiếu Lâm<color=#FFFFFF> <color=#00FF00> thiết kế)",,"[{""Tag"":""BaseAttribute"",""Attributes"":{""Symbol"":""magic_physdefbase"",""Value"":""138""}},{""Tag"":""BaseAttribute"",""Attributes"":{""Symbol"":""magic_magicdefbase"",""Value"":""138""}},{""Tag"":""Attribute"",""Attributes"":{""Symbol"":""magic_strength"",""Rate"":""100""}},{""Tag"":""Attribute"",""Attributes"":{""Symbol"":""magic_stamina"",""Rate"":""100""}}]"
19376,Equip,10512004,12,Chưa dùng,Cuff1_10,3,85,2,-1,-1,50,-1,554,443,200,true,4,50,2,2,1,-1,-1,,Chưa dùng,,"[{""Tag"":""BaseAttribute"",""Attributes"":{""Symbol"":""magic_physdefbase"",""Value"":""170""}},{""Tag"":""BaseAttribute"",""Attributes"":{""Symbol"":""magic_magicdefbase"",""Value"":""170""}},{""Tag"":""Attribute"",""Attributes"":{""Symbol"":""magic_strength"",""Rate"":""100""}},{""Tag"":""Attribute"",""Attributes"":{""Symbol"":""magic_stamina"",""Rate"":""100""}}]"
19377,Equip,10512005,12,Chưa dùng,Cuff1_15,3,86,2,-1,-1,60,-1,890,712,200,true,4,60,2,2,1,-1,-1,,Chưa dùng,,"[{""Tag"":""BaseAttribute"",""Attributes"":{""Symbol"":""magic_physdefbase"",""Value"":""202""}},{""Tag"":""BaseAttribute"",""Attributes"":{""Symbol"":""magic_magicdefbase"",""Value"":""202""}},{""Tag"":""Attribute"",""Attributes"":{""Symbol"":""magic_strength"",""Rate"":""100""}},{""Tag"":""Attribute"",""Attributes"":{""Symbol"":""magic_stamina"",""Rate"":""100""}}]"
19378,Equip,10512006,12,Chưa dùng,Cuff2_3,3,87,2,-1,-1,70,-1,1255,1004,200,true,4,70,3,3,1,-1,-1,,Chưa dùng,,"[{""Tag"":""BaseAttribute"",""Attributes"":{""Symbol"":""magic_physdefbase"",""Value"":""234""}},{""Tag"":""BaseAttribute"",""Attributes"":{""Symbol"":""magic_magicdefbase"",""Value"":""234""}},{""Tag"":""Attribute"",""Attributes"":{""Symbol"":""magic_hit"",""Rate"":""100""}},{""Tag"":""Attribute"",""Attributes"":{""Symbol"":""magic_strength"",""Rate"":""100""}},{""Tag"":""Attribute"",""Attributes"":{""Symbol"":""magic_stamina"",""Rate"":""100""}}]"
19379,Equip,10512007,12,Chưa dùng,Cuff2_1,3,88,2,-1,-1,80,-1,1640,1312,200,true,4,80,3,3,1,-1,-1,,Chưa dùng,,"[{""Tag"":""BaseAttribute"",""Attributes"":{""Symbol"":""magic_physdefbase"",""Value"":""266""}},{""Tag"":""BaseAttribute"",""Attributes"":{""Symbol"":""magic_magicdefbase"",""Value"":""266""}},{""Tag"":""Attribute"",""Attributes"":{""Symbol"":""magic_hit"",""Rate"":""100""}},{""Tag"":""Attribute"",""Attributes"":{""Symbol"":""magic_strength"",""Rate"":""100""}},{""Tag"":""Attribute"",""Attributes"":{""Symbol"":""magic_stamina"",""Rate"":""100""}}]"
19380,Equip,10512008,12,Quy Ai Vân Chi Thủ,Cuff2_8,3,89,1,8,3,90,-1,2240,1792,200,true,4,90,4,4,1,-1,-1,,"Lĩnh ngộ ngũ uẩn giai không, vượt qua mọi khổ nạn. Vật này sinh ra từ Phật Pháp. <color=#00FF00><br>(Cả bộ do Hồng Thái Vân của <color=#FFFF00>Thiếu Lâm<color=#00FF00> thiết kế)<color=#00FF00>",,"[{""Tag"":""BaseAttribute"",""Attributes"":{""Symbol"":""magic_physdefbase"",""Value"":""298""}},{""Tag"":""BaseAttribute"",""Attributes"":{""Symbol"":""magic_magicdefbase"",""Value"":""298""}},{""Tag"":""Attribute"",""Attributes"":{""Symbol"":""magic_maxhp"",""Rate"":""100""}},{""Tag"":""Attribute"",""Attributes"":{""Symbol"":""magic_hit"",""Rate"":""100""}},{""Tag"":""Attribute"",""Attributes"":{""Symbol"":""magic_strength"",""Rate"":""100""}},{""Tag"":""Attribute"",""Attributes"":{""Symbol"":""magic_stamina"",""Rate"":""100""}}]"
19381,Equip,10512009,12,Bồ Đề Nguyệt Ảnh Thủ,Cuff2_7,3,90,1,11,3,100,-1,3160,2528,200,true,4,100,4,4,1,-1,-1,,"Ngôn chính giải giả, chính giác dị hiệu. Phàn vân bồ đề, thử phiên vi giác, giác pháp tính cố. Mạt gia ngôn đạo, du lữ nghi cố. Cổ vân bồ đề đạo giả phi dã. Vật này sinh ra từ Phật Pháp. <color=#00FF00><br>(Cả bộ do Hồng Thái Vân của <color=#FFFF00>Thiếu Lâm<color=#00FF00> thiết kế)<color=#00FF00>",,"[{""Tag"":""BaseAttribute"",""Attributes"":{""Symbol"":""magic_physdefbase"",""Value"":""330""}},{""Tag"":""BaseAttribute"",""Attributes"":{""Symbol"":""magic_magicdefbase"",""Value"":""330""}},{""Tag"":""Attribute"",""Attributes"":{""Symbol"":""magic_maxhp"",""Rate"":""100""}},{""Tag"":""Attribute"",""Attributes"":{""Symbol"":""magic_hit"",""Rate"":""100""}},{""Tag"":""Attribute"",""Attributes"":{""Symbol"":""magic_strength"",""Rate"":""100""}},{""Tag"":""Attribute"",""Attributes"":{""Symbol"":""magic_stamina"",""Rate"":""100""}}]"
19382,Equip,10512010,12,Chưa dùng,Cuff2_6,3,81,2,-1,-1,10,-1,30,24,200,true,4,10,1,1,1,-1,-1,,Chưa dùng,,"[{""Tag"":""BaseAttribute"",""Attributes"":{""Symbol"":""magic_physdefbase"",""Value"":""42""}},{""Tag"":""BaseAttribute"",""Attributes"":{""Symbol"":""magic_magicdefbase"",""Value"":""42""}},{""Tag"":""Attribute"",""Attributes"":{""Symbol"":""magic_strength"",""Rate"":""100""}}]"
19383,Equip,10512011,12,Chưa dùng,Cuff2_14,3,82,2,-1,-1,20,-1,109,87,200,true,4,20,1,1,1,-1,-1,,Chưa dùng,,"[{""Tag"":""BaseAttribute"",""Attributes"":{""Symbol"":""magic_physdefbase"",""Value"":""74""}},{""Tag"":""BaseAttribute"",""Attributes"":{""Symbol"":""magic_magicdefbase"",""Value"":""74""}},{""Tag"":""Attribute"",""Attributes"":{""Symbol"":""magic_strength"",""Rate"":""100""}}]"
19384,Equip,10512012,12,Liệt Diệm Nghi Thiết Thủ,Cuff2_10,3,83,1,14,3,30,-1,169,135,200,true,4,30,1,1,1,-1,-1,,"Thường thụ khoái lạc quang minh trung, nhược ngôn hữu bệnh vô thị xứ, vật này dựa Quang mà tồn.<color=#00FF00><br>(Cả bộ do Phương Bách Hoa của<color=#FFFFFF> <color=#FFFF00>Minh Giáo<color=#FFFFFF> <color=#00FF00> thiết kế)",,"[{""Tag"":""BaseAttribute"",""Attributes"":{""Symbol"":""magic_physdefbase"",""Value"":""106""}},{""Tag"":""BaseAttribute"",""Attributes"":{""Symbol"":""magic_magicdefbase"",""Value"":""106""}},{""Tag"":""Attribute"",""Attributes"":{""Symbol"":""magic_strength"",""Rate"":""100""}}]"
19385,Equip,10512013,12,Chưa dùng,Cuff2_12,3,84,2,-1,-1,40,-1,331,264,200,true,4,40,2,2,1,-1,-1,,Chưa dùng,,"[{""Tag"":""BaseAttribute"",""Attributes"":{""Symbol"":""magic_physdefbase"",""Value"":""138""}},{""Tag"":""BaseAttribute"",""Attributes"":{""Symbol"":""magic_magicdefbase"",""Value"":""138""}},{""Tag"":""Attribute"",""Attributes"":{""Symbol"":""magic_strength"",""Rate"":""100""}},{""Tag"":""Attribute"",""Attributes"":{""Symbol"":""magic_dexterity"",""Rate"":""100""}}]"
19386,Equip,10512014,12,Chưa dùng,Cuff3_1,3,85,2,-1,-1,50,-1,554,443,200,true,4,50,2,2,1,-1,-1,,Chưa dùng,,"[{""Tag"":""BaseAttribute"",""Attributes"":{""Symbol"":""magic_physdefbase"",""Value"":""170""}},{""Tag"":""BaseAttribute"",""Attributes"":{""Symbol"":""magic_magicdefbase"",""Value"":""170""}},{""Tag"":""Attribute"",""Attributes"":{""Symbol"":""magic_strength"",""Rate"":""100""}},{""Tag"":""Attribute"",""Attributes"":{""Symbol"":""magic_dexterity"",""Rate"":""100""}}]"
19387,Equip,10512015,12,Quy Trần Tuyển Thiết Thủ,Cuff3_2,3,86,1,17,3,60,-1,890,712,200,true,4,60,2,2,1,-1,-1,,"Khoái lạc sung biên thường khoan thái, ngôn hữu tương lăng vô thị xứ, vật này dựa Quang mà tồn.<color=#00FF00><br>(Cả bộ do Phương Bách Hoa của<color=#FFFFFF> <color=#FFFF00>Minh Giáo<color=#FFFFFF> <color=#00FF00> thiết kế)",,"[{""Tag"":""BaseAttribute"",""Attributes"":{""Symbol"":""magic_physdefbase"",""Value"":""202""}},{""Tag"":""BaseAttribute"",""Attributes"":{""Symbol"":""magic_magicdefbase"",""Value"":""202""}},{""Tag"":""Attribute"",""Attributes"":{""Symbol"":""magic_strength"",""Rate"":""100""}},{""Tag"":""Attribute"",""Attributes"":{""Symbol"":""magic_dexterity"",""Rate"":""100""}}]"
19388,Equip,10512016,12,Chưa dùng,Cuff3_11,3,87,2,-1,-1,70,-1,1255,1004,200,true,4,70,3,3,1,-1,-1,,Chưa dùng,,"[{""Tag"":""BaseAttribute"",""Attributes"":{""Symbol"":""magic_physdefbase"",""Value"":""234""}},{""Tag"":""BaseAttribute"",""Attributes"":{""Symbol"":""magic_magicdefbase"",""Value"":""234""}},{""Tag"":""Attribute"",""Attributes"":{""Symbol"":""magic_hit"",""Rate"":""100""}},{""Tag"":""Attribute"",""Attributes"":{""Symbol"":""magic_strength"",""Rate"":""100""}},{""Tag"":""Attribute"",""Attributes"":{""Symbol"":""magic_dexterity"",""Rate"":""100""}}]"
19389,Equip,10512017,12,Phần Diệt Mộ Nguyệt Thủ,Cuff3_12,3,88,1,19,3,80,-1,1640,1312,200,true,4,80,3,3,1,-1,-1,,"Sinh diệc hà hoan, tử diệc hà khổ. Vật này sinh ra từ ánh sáng. <color=#00FF00><br>(Cả bộ do Phương Bạch Hoa của <color=#FFFF00>Minh Giáo<color=#00FF00> thiết kế)<color=#00FF00>",,"[{""Tag"":""BaseAttribute"",""Attributes"":{""Symbol"":""magic_physdefbase"",""Value"":""266""}},{""Tag"":""BaseAttribute"",""Attributes"":{""Symbol"":""magic_magicdefbase"",""Value"":""266""}},{""Tag"":""Attribute"",""Attributes"":{""Symbol"":""magic_hit"",""Rate"":""100""}},{""Tag"":""Attribute"",""Attributes"":{""Symbol"":""magic_strength"",""Rate"":""100""}},{""Tag"":""Attribute"",""Attributes"":{""Symbol"":""magic_dexterity"",""Rate"":""100""}}]"
19390,Equip,10512018,12,Chưa dùng,Cuff3_3,3,89,2,-1,-1,90,-1,2240,1792,200,true,4,90,4,4,1,-1,-1,,Chưa dùng,,"[{""Tag"":""BaseAttribute"",""Attributes"":{""Symbol"":""magic_physdefbase"",""Value"":""298""}},{""Tag"":""BaseAttribute"",""Attributes"":{""Symbol"":""magic_magicdefbase"",""Value"":""298""}},{""Tag"":""Attribute"",""Attributes"":{""Symbol"":""magic_physatk"",""Rate"":""100""}},{""Tag"":""Attribute"",""Attributes"":{""Symbol"":""magic_hit"",""Rate"":""100""}},{""Tag"":""Attribute"",""Attributes"":{""Symbol"":""magic_strength"",""Rate"":""100""}},{""Tag"":""Attribute"",""Attributes"":{""Symbol"":""magic_dexterity"",""Rate"":""100""}}]"
19391,Equip,10512019,12,Cửu Dương Bích Lân Thủ,Cuff3_8,3,90,1,23,3,100,-1,3160,2528,200,true,4,100,4,4,1,-1,-1,,"Thượng chí minh giới, hạ cập u đồ, sở hữu chúng sinh, giai do thử độ. Ma Ni chi hậu, niên thùy ngũ cửu, kim khí tướng hưng. Vật này sinh ra từ ánh sáng. <color=#00FF00><br>(Cả bộ do Phương Bạch Hoa của <color=#FFFF00>Minh Giáo<color=#00FF00> thiết kế)<color=#00FF00>",,"[{""Tag"":""BaseAttribute"",""Attributes"":{""Symbol"":""magic_physdefbase"",""Value"":""330""}},{""Tag"":""BaseAttribute"",""Attributes"":{""Symbol"":""magic_magicdefbase"",""Value"":""330""}},{""Tag"":""Attribute"",""Attributes"":{""Symbol"":""magic_physatk"",""Rate"":""100""}},{""Tag"":""Attribute"",""Attributes"":{""Symbol"":""magic_hit"",""Rate"":""100""}},{""Tag"":""Attribute"",""Attributes"":{""Symbol"":""magic_strength"",""Rate"":""100""}},{""Tag"":""Attribute"",""Attributes"":{""Symbol"":""magic_dexterity"",""Rate"":""100""}}]"
19392,Equip,10512020,12,Chưa dùng,Cuff3_4,3,81,2,-1,-1,10,-1,30,24,200,true,4,10,1,1,1,-1,-1,,Chưa dùng,,"[{""Tag"":""BaseAttribute"",""Attributes"":{""Symbol"":""magic_physdefbase"",""Value"":""42""}},{""Tag"":""BaseAttribute"",""Attributes"":{""Symbol"":""magic_magicdefbase"",""Value"":""42""}},{""Tag"":""Attribute"",""Attributes"":{""Symbol"":""magic_dexterity"",""Rate"":""100""}}]"
19393,Equip,10512021,12,Tiềm Long Nhu Thiết Thủ,Cuff3_9,3,82,1,25,3,20,-1,109,87,200,true,4,20,1,1,1,-1,-1,,"Quẻ Càn Dịch Kinh, Sơ cửu: Tiềm Long, vật dụng. <<Lời viết>>: 'Tiềm long, vật dụng', dương tại hạ dã., vật này dựa Long mà tồn.<color=#00FF00><br>(Cả bộ do Ngô Tuyết Kiều của <color=#FFFFFF><color=#FFFF00>Cái Bang<color=#FFFFFF> <color=#00FF00> thiết kế)",,"[{""Tag"":""BaseAttribute"",""Attributes"":{""Symbol"":""magic_physdefbase"",""Value"":""74""}},{""Tag"":""BaseAttribute"",""Attributes"":{""Symbol"":""magic_magicdefbase"",""Value"":""74""}},{""Tag"":""Attribute"",""Attributes"":{""Symbol"":""magic_dexterity"",""Rate"":""100""}}]"
19394,Equip,10512022,12,Chưa dùng,Cuff4_3,3,83,2,-1,-1,30,-1,169,135,200,true,4,30,1,1,1,-1,-1,,Chưa dùng,,"[{""Tag"":""BaseAttribute"",""Attributes"":{""Symbol"":""magic_physdefbase"",""Value"":""106""}},{""Tag"":""BaseAttribute"",""Attributes"":{""Symbol"":""magic_magicdefbase"",""Value"":""106""}},{""Tag"":""Attribute"",""Attributes"":{""Symbol"":""magic_dexterity"",""Rate"":""100""}}]"
19395,Equip,10512023,12,Long Chiến Tiềm Thiết Thủ,Cuff4_4,3,84,1,27,3,40,-1,331,264,200,true,4,40,2,2,1,-1,-1,,"Quẻ Khôn Dịch Kinh Thượng lục: Long trận vu dã, kỳ huyết huyền hoàng. <<Lời viết>>: 'Long trận vu dã', kỳ đạo cùng dã., vật này dựa Long mà tồn.<color=#00FF00><br>(Cả bộ do Ngô Tuyết Kiều của<color=#FFFFFF> <color=#FFFF00>Cái Bang<color=#FFFFFF> <color=#00FF00> thiết kế)",,"[{""Tag"":""BaseAttribute"",""Attributes"":{""Symbol"":""magic_physdefbase"",""Value"":""138""}},{""Tag"":""BaseAttribute"",""Attributes"":{""Symbol"":""magic_magicdefbase"",""Value"":""138""}},{""Tag"":""Attribute"",""Attributes"":{""Symbol"":""magic_stamina"",""Rate"":""100""}},{""Tag"":""Attribute"",""Attributes"":{""Symbol"":""magic_dexterity"",""Rate"":""100""}}]"
19396,Equip,10512024,12,Chưa dùng,Cuff2_10,3,85,2,-1,-1,50,-1,554,443,200,true,4,50,2,2,1,-1,-1,,Chưa dùng,,"[{""Tag"":""BaseAttribute"",""Attributes"":{""Symbol"":""magic_physdefbase"",""Value"":""170""}},{""Tag"":""BaseAttribute"",""Attributes"":{""Symbol"":""magic_magicdefbase"",""Value"":""170""}},{""Tag"":""Attribute"",""Attributes"":{""Symbol"":""magic_stamina"",""Rate"":""100""}},{""Tag"":""Attribute"",""Attributes"":{""Symbol"":""magic_dexterity"",""Rate"":""100""}}]"
19397,Equip,10512025,12,Chưa dùng,Cuff2_12,3,86,2,-1,-1,60,-1,890,712,200,true,4,60,2,2,1,-1,-1,,Chưa dùng,,"[{""Tag"":""BaseAttribute"",""Attributes"":{""Symbol"":""magic_physdefbase"",""Value"":""202""}},{""Tag"":""BaseAttribute"",""Attributes"":{""Symbol"":""magic_magicdefbase"",""Value"":""202""}},{""Tag"":""Attribute"",""Attributes"":{""Symbol"":""magic_stamina"",""Rate"":""100""}},{""Tag"":""Attribute"",""Attributes"":{""Symbol"":""magic_dexterity"",""Rate"":""100""}}]"
19398,Equip,10512026,12,Thang Lung Bích Lạc Thủ,Cuff3_1,3,87,1,30,3,70,-1,1255,1004,200,true,4,70,3,3,1,-1,-1,,"Khí vận đan điền, du đại tiểu châu thiên, thương địch chi thời, khước năng ích kỷ. Vật này dựa vào Long mà tồn <color=#00FF00>(Do Ngô Tuyết Kiều của phái<color=#FFFF00> Cái Bang<color=#00FF00> tạo ra)",,"[{""Tag"":""BaseAttribute"",""Attributes"":{""Symbol"":""magic_physdefbase"",""Value"":""234""}},{""Tag"":""BaseAttribute"",""Attributes"":{""Symbol"":""magic_magicdefbase"",""Value"":""234""}},{""Tag"":""Attribute"",""Attributes"":{""Symbol"":""magic_hit"",""Rate"":""100""}},{""Tag"":""Attribute"",""Attributes"":{""Symbol"":""magic_stamina"",""Rate"":""100""}},{""Tag"":""Attribute"",""Attributes"":{""Symbol"":""magic_dexterity"",""Rate"":""100""}}]"
19399,Equip,10512027,12,Chưa dùng,Cuff3_12,3,88,2,-1,-1,80,-1,1640,1312,200,true,4,80,3,3,1,-1,-1,,Chưa dùng,,"[{""Tag"":""BaseAttribute"",""Attributes"":{""Symbol"":""magic_physdefbase"",""Value"":""266""}},{""Tag"":""BaseAttribute"",""Attributes"":{""Symbol"":""magic_magicdefbase"",""Value"":""266""}},{""Tag"":""Attribute"",""Attributes"":{""Symbol"":""magic_hit"",""Rate"":""100""}},{""Tag"":""Attribute"",""Attributes"":{""Symbol"":""magic_stamina"",""Rate"":""100""}},{""Tag"":""Attribute"",""Attributes"":{""Symbol"":""magic_dexterity"",""Rate"":""100""}}]"
19400,Equip,10512028,12,Chưa dùng,Cuff3_3,3,89,2,-1,-1,90,-1,2240,1792,200,true,4,90,4,4,1,-1,-1,,Chưa dùng,,"[{""Tag"":""BaseAttribute"",""Attributes"":{""Symbol"":""magic_physdefbase"",""Value"":""298""}},{""Tag"":""BaseAttribute"",""Attributes"":{""Symbol"":""magic_magicdefbase"",""Value"":""298""}},{""Tag"":""Attribute"",""Attributes"":{""Symbol"":""magic_hit"",""Rate"":""100""}},{""Tag"":""Attribute"",""Attributes"":{""Symbol"":""magic_dodge"",""Rate"":""100""}},{""Tag"":""Attribute"",""Attributes"":{""Symbol"":""magic_stamina"",""Rate"":""100""}},{""Tag"":""Attribute"",""Attributes"":{""Symbol"":""magic_dexterity"",""Rate"":""100""}}]"
19401,Equip,10512029,12,Côn Bằng Ai Thương Chi Thủ,Cuff3_8,3,90,1,35,3,100,-1,3160,2528,200,true,4,100,4,4,1,-1,-1,,"Thoán viết: Đại tai càn nguyên, vạn vật tư thủy, nãi thống thiên. Vân hành vũ thí, phẩm vật lưu hình. Đại minh chung thủy, lục vị thời thành, thời thừa lục long dĩ ngự thiên. Càn đạo biến hóa, các chính tính mệnh. Bảo hợp thái hòa, nãi lợi trinh. Thủ xuất thứ vật, vạn quốc hàm ninh. Vật này sinh ra từ rồng. <color=#00FF00><br>(Cả bộ do Ngô Tuyết Kiều của <color=#FFFF00>Cái Bang<color=#00FF00>thiết kế)<color=#00FF00>",,"[{""Tag"":""BaseAttribute"",""Attributes"":{""Symbol"":""magic_physdefbase"",""Value"":""330""}},{""Tag"":""BaseAttribute"",""Attributes"":{""Symbol"":""magic_magicdefbase"",""Value"":""330""}},{""Tag"":""Attribute"",""Attributes"":{""Symbol"":""magic_hit"",""Rate"":""100""}},{""Tag"":""Attribute"",""Attributes"":{""Symbol"":""magic_dodge"",""Rate"":""100""}},{""Tag"":""Attribute"",""Attributes"":{""Symbol"":""magic_stamina"",""Rate"":""100""}},{""Tag"":""Attribute"",""Attributes"":{""Symbol"":""magic_dexterity"",""Rate"":""100""}}]"
19402,Equip,10512030,12,Vô Cực Tiêm Ty Thủ,Cuff1_2,3,81,1,36,3,10,-1,30,24,200,true,4,10,1,1,1,-1,-1,,"<<Lão Tử>> Chương 28 viết: Tri kỳ bạch, Thủ kỳ hắc, Vi thiên hạ thức. Vi thiên hạ thức, thường đức bất thác, phục quy ô vô cực. Vật này lấy Đạo làm dựa mà tồn, gọi là Vô Cực.<color=#00FF00><br>(Cả bộ do Trương Tịnh Sơ của <color=#FFFFFF><color=#FFFF00>Võ Đang<color=#FFFFFF> <color=#00FF00> thiết kế)<color=#FFFFFF> .",,"[{""Tag"":""BaseAttribute"",""Attributes"":{""Symbol"":""magic_physdefbase"",""Value"":""42""}},{""Tag"":""BaseAttribute"",""Attributes"":{""Symbol"":""magic_magicdefbase"",""Value"":""42""}},{""Tag"":""Attribute"",""Attributes"":{""Symbol"":""magic_energy"",""Rate"":""100""}}]"
19403,Equip,10512031,12,Chưa dùng,Cuff1_2,3,62,2,-1,-1,20,-1,109,87,200,true,4,20,1,1,1,-1,-1,,Chưa dùng,,"[{""Tag"":""BaseAttribute"",""Attributes"":{""Symbol"":""magic_physdefbase"",""Value"":""74""}},{""Tag"":""BaseAttribute"",""Attributes"":{""Symbol"":""magic_magicdefbase"",""Value"":""74""}},{""Tag"":""Attribute"",""Attributes"":{""Symbol"":""magic_energy"",""Rate"":""100""}}]"
19404,Equip,10512032,12,Chưa dùng,Cuff1_3,3,63,2,-1,-1,30,-1,169,135,200,true,4,30,1,1,1,-1,-1,,Chưa dùng,,"[{""Tag"":""BaseAttribute"",""Attributes"":{""Symbol"":""magic_physdefbase"",""Value"":""106""}},{""Tag"":""BaseAttribute"",""Attributes"":{""Symbol"":""magic_magicdefbase"",""Value"":""106""}},{""Tag"":""Attribute"",""Attributes"":{""Symbol"":""magic_energy"",""Rate"":""100""}}]"
19405,Equip,10512033,12,Lục Hợp Ty Ma Thủ,Cuff1_6,3,64,1,39,3,40,-1,331,264,200,true,4,40,2,2,1,-1,-1,,"Mạnh Xuân với Mạnh Thu vi hợp, Trọng Xuân với Trọng Thu vi hợp, Quý Xuân dữ Quý Thu vi hợp. Mạnh Hạ dữ Mạnh Đông vi hợp, Trọng Hạ dữ Trọng Đông vi hợp, Quý Hạ dữ Quý Đông vi hợp. Ngôn mãn thiên địa gian dã. Nhất viết tứ phương thượng hạ vi lục hợp (Nói tứ phía trên dưới làm 6 hợp), vật này dựa lục hợp mà tồn.<color=#00FF00><br>(Cả bộ do Trương Tịnh Sơ của <color=#FFFFFF><color=#FFFF00>Võ Đang <color=#FFFFFF><color=#00FF00> thiết kế)",,"[{""Tag"":""BaseAttribute"",""Attributes"":{""Symbol"":""magic_physdefbase"",""Value"":""138""}},{""Tag"":""BaseAttribute"",""Attributes"":{""Symbol"":""magic_magicdefbase"",""Value"":""138""}},{""Tag"":""Attribute"",""Attributes"":{""Symbol"":""magic_energy"",""Rate"":""100""}},{""Tag"":""Attribute"",""Attributes"":{""Symbol"":""magic_dexterity"",""Rate"":""100""}}]"
19406,Equip,10512034,12,Chưa dùng,Cuff1_10,3,65,2,-1,-1,50,-1,554,443,200,true,4,50,2,2,1,-1,-1,,Chưa dùng,,"[{""Tag"":""BaseAttribute"",""Attributes"":{""Symbol"":""magic_physdefbase"",""Value"":""170""}},{""Tag"":""BaseAttribute"",""Attributes"":{""Symbol"":""magic_magicdefbase"",""Value"":""170""}},{""Tag"":""Attribute"",""Attributes"":{""Symbol"":""magic_energy"",""Rate"":""100""}},{""Tag"":""Attribute"",""Attributes"":{""Symbol"":""magic_dexterity"",""Rate"":""100""}}]"
19407,Equip,10512035,12,Chưa dùng,Cuff1_15,3,66,2,-1,-1,60,-1,890,712,200,true,4,60,2,2,1,-1,-1,,Chưa dùng,,"[{""Tag"":""BaseAttribute"",""Attributes"":{""Symbol"":""magic_physdefbase"",""Value"":""202""}},{""Tag"":""BaseAttribute"",""Attributes"":{""Symbol"":""magic_magicdefbase"",""Value"":""202""}},{""Tag"":""Attribute"",""Attributes"":{""Symbol"":""magic_energy"",""Rate"":""100""}},{""Tag"":""Attribute"",""Attributes"":{""Symbol"":""magic_dexterity"",""Rate"":""100""}}]"
19408,Equip,10512036,12,Chưa dùng,Cuff2_3,3,67,2,-1,-1,70,-1,1255,1004,200,true,4,70,3,3,1,-1,-1,,Chưa dùng,,"[{""Tag"":""BaseAttribute"",""Attributes"":{""Symbol"":""magic_physdefbase"",""Value"":""234""}},{""Tag"":""BaseAttribute"",""Attributes"":{""Symbol"":""magic_magicdefbase"",""Value"":""234""}},{""Tag"":""Attribute"",""Attributes"":{""Symbol"":""magic_hit"",""Rate"":""100""}},{""Tag"":""Attribute"",""Attributes"":{""Symbol"":""magic_energy"",""Rate"":""100""}},{""Tag"":""Attribute"",""Attributes"":{""Symbol"":""magic_dexterity"",""Rate"":""100""}}]"
19409,Equip,10512037,12,Chưa dùng,Cuff2_1,3,68,2,-1,-1,80,-1,1640,1312,200,true,4,80,3,3,1,-1,-1,,Chưa dùng,,"[{""Tag"":""BaseAttribute"",""Attributes"":{""Symbol"":""magic_physdefbase"",""Value"":""266""}},{""Tag"":""BaseAttribute"",""Attributes"":{""Symbol"":""magic_magicdefbase"",""Value"":""266""}},{""Tag"":""Attribute"",""Attributes"":{""Symbol"":""magic_hit"",""Rate"":""100""}},{""Tag"":""Attribute"",""Attributes"":{""Symbol"":""magic_energy"",""Rate"":""100""}},{""Tag"":""Attribute"",""Attributes"":{""Symbol"":""magic_dexterity"",""Rate"":""100""}}]"
19410,Equip,10512038,12,Thái Cực Khấp Hỏa Thủ,Cuff2_8,3,69,1,44,3,90,-1,2240,1792,200,true,4,90,4,4,1,-1,-1,,Vạn vật trong vũ trụ đều chia thành âm và dương. Vật này sinh ra từ thái cực. <color=#00FF00><br>(Cả bộ do Trương Tịnh Sơ của <color=#FFFF00>Võ Đang<color=#00FF00> thiết kế)<color=#00FF00>,,"[{""Tag"":""BaseAttribute"",""Attributes"":{""Symbol"":""magic_physdefbase"",""Value"":""298""}},{""Tag"":""BaseAttribute"",""Attributes"":{""Symbol"":""magic_magicdefbase"",""Value"":""298""}},{""Tag"":""Attribute"",""Attributes"":{""Symbol"":""magic_magicatk"",""Rate"":""100""}},{""Tag"":""Attribute"",""Attributes"":{""Symbol"":""magic_hit"",""Rate"":""100""}},{""Tag"":""Attribute"",""Attributes"":{""Symbol"":""magic_energy"",""Rate"":""100""}},{""Tag"":""Attribute"",""Attributes"":{""Symbol"":""magic_dexterity"",""Rate"":""100""}}]"
19411,Equip,10512039,12,Huyền Cơ Minh Thiên Thủ,Cuff2_7,3,70,1,47,3,100,-1,3160,2528,200,true,4,100,4,4,1,-1,-1,,"Vô cực sinh thái cực, thái cực sinh lưỡng nghi, lưỡng nghi sinh tứ tượng, tứ tượng sinh bát quái, bát quái sinh lực thập tứ quái, khả động huyền cơ vu vô hình. Vật này nhờ vậy mà biến hóa khôn lường. <color=#00FF00><br>(Cả bộ do Trương Tịnh Sơ của <color=#FFFF00>Võ Đang<color=#00FF00> thiết kế)<color=#00FF00>",,"[{""Tag"":""BaseAttribute"",""Attributes"":{""Symbol"":""magic_physdefbase"",""Value"":""330""}},{""Tag"":""BaseAttribute"",""Attributes"":{""Symbol"":""magic_magicdefbase"",""Value"":""330""}},{""Tag"":""Attribute"",""Attributes"":{""Symbol"":""magic_magicatk"",""Rate"":""100""}},{""Tag"":""Attribute"",""Attributes"":{""Symbol"":""magic_hit"",""Rate"":""100""}},{""Tag"":""Attribute"",""Attributes"":{""Symbol"":""magic_energy"",""Rate"":""100""}},{""Tag"":""Attribute"",""Attributes"":{""Symbol"":""magic_dexterity"",""Rate"":""100""}}]"
19412,Equip,10512040,12,Chưa dùng,Cuff2_6,3,61,2,-1,-1,10,-1,30,24,200,true,4,10,1,1,1,-1,-1,,Chưa dùng,,"[{""Tag"":""BaseAttribute"",""Attributes"":{""Symbol"":""magic_physdefbase"",""Value"":""42""}},{""Tag"":""BaseAttribute"",""Attributes"":{""Symbol"":""magic_magicdefbase"",""Value"":""42""}},{""Tag"":""Attribute"",""Attributes"":{""Symbol"":""magic_intelligence"",""Rate"":""100""}}]"
19413,Equip,10512041,12,Chưa dùng,Cuff2_14,3,62,2,-1,-1,20,-1,109,87,200,true,4,20,1,1,1,-1,-1,,Chưa dùng,,"[{""Tag"":""BaseAttribute"",""Attributes"":{""Symbol"":""magic_physdefbase"",""Value"":""74""}},{""Tag"":""BaseAttribute"",""Attributes"":{""Symbol"":""magic_magicdefbase"",""Value"":""74""}},{""Tag"":""Attribute"",""Attributes"":{""Symbol"":""magic_intelligence"",""Rate"":""100""}}]"
19414,Equip,10512042,12,Cửu Ảnh Minh Nguyệt Thủ,Cuff2_10,3,63,1,50,3,30,-1,169,135,200,true,4,30,1,1,1,-1,-1,,"Hàm sa xạ ảnh, thân hình phiêu hốt bất định, một là chín chín là một, vật này dựa đấy mà tồn.<color=#00FF00><br>(Cả bộ do Mạnh Thanh Thanh<color=#FFFFFF> <color=#FFFF00>Nga My <color=#FFFFFF><color=#00FF00> thiết kế)<color=#FFFFFF>.",,"[{""Tag"":""BaseAttribute"",""Attributes"":{""Symbol"":""magic_physdefbase"",""Value"":""106""}},{""Tag"":""BaseAttribute"",""Attributes"":{""Symbol"":""magic_magicdefbase"",""Value"":""106""}},{""Tag"":""Attribute"",""Attributes"":{""Symbol"":""magic_intelligence"",""Rate"":""100""}}]"
19415,Equip,10512043,12,Chưa dùng,Cuff2_12,3,64,2,-1,-1,40,-1,331,264,200,true,4,40,2,2,1,-1,-1,,Chưa dùng,,"[{""Tag"":""BaseAttribute"",""Attributes"":{""Symbol"":""magic_physdefbase"",""Value"":""138""}},{""Tag"":""BaseAttribute"",""Attributes"":{""Symbol"":""magic_magicdefbase"",""Value"":""138""}},{""Tag"":""Attribute"",""Attributes"":{""Symbol"":""magic_energy"",""Rate"":""100""}},{""Tag"":""Attribute"",""Attributes"":{""Symbol"":""magic_intelligence"",""Rate"":""100""}}]"
19416,Equip,10512044,12,Chưa dùng,Cuff3_1,3,65,2,-1,-1,50,-1,554,443,200,true,4,50,2,2,1,-1,-1,,Chưa dùng,,"[{""Tag"":""BaseAttribute"",""Attributes"":{""Symbol"":""magic_physdefbase"",""Value"":""170""}},{""Tag"":""BaseAttribute"",""Attributes"":{""Symbol"":""magic_magicdefbase"",""Value"":""170""}},{""Tag"":""Attribute"",""Attributes"":{""Symbol"":""magic_energy"",""Rate"":""100""}},{""Tag"":""Attribute"",""Attributes"":{""Symbol"":""magic_intelligence"",""Rate"":""100""}}]"
19417,Equip,10512045,12,Phiêu Tuyết Nhuyễn Ty Thủ,Cuff3_2,3,66,1,53,3,60,-1,890,712,200,true,4,60,2,2,1,-1,-1,,"Ngưng Yêu, như phiêu tuyết, tản tận mãn địa phồn hoa lạc, Khởi Vũ, như phiêu tuyết, từng là thiếu niên Hắc Phát Nhân, vật này dựa đó mà tồn.<color=#00FF00><br>(Cả bộ do Mạnh Thanh Thanh của<color=#FFFFFF> <color=#FFFF00>Nga My<color=#FFFFFF> <color=#00FF00> thiết kế)<color=#FFFFFF>.",,"[{""Tag"":""BaseAttribute"",""Attributes"":{""Symbol"":""magic_physdefbase"",""Value"":""202""}},{""Tag"":""BaseAttribute"",""Attributes"":{""Symbol"":""magic_magicdefbase"",""Value"":""202""}},{""Tag"":""Attribute"",""Attributes"":{""Symbol"":""magic_energy"",""Rate"":""100""}},{""Tag"":""Attribute"",""Attributes"":{""Symbol"":""magic_intelligence"",""Rate"":""100""}}]"
19418,Equip,10512046,12,Chưa dùng,Cuff3_11,3,67,2,-1,-1,70,-1,1255,1004,200,true,4,70,3,3,1,-1,-1,,Chưa dùng,,"[{""Tag"":""BaseAttribute"",""Attributes"":{""Symbol"":""magic_physdefbase"",""Value"":""234""}},{""Tag"":""BaseAttribute"",""Attributes"":{""Symbol"":""magic_magicdefbase"",""Value"":""234""}},{""Tag"":""Attribute"",""Attributes"":{""Symbol"":""magic_hit"",""Rate"":""100""}},{""Tag"":""Attribute"",""Attributes"":{""Symbol"":""magic_energy"",""Rate"":""100""}},{""Tag"":""Attribute"",""Attributes"":{""Symbol"":""magic_intelligence"",""Rate"":""100""}}]"
19419,Equip,10512047,12,Ngọc Nữ Vĩnh Nguyệt Thủ,Cuff3_12,3,68,1,55,3,80,-1,1640,1312,200,true,4,80,3,3,1,-1,-1,,"Ngọc nữ vô tâm tu nguyệt quán, Thiếu niên hữu tình khước nại hà. <color=#00FF00><br>(Cả bộ do Mạnh Thanh Thanh của <color=#FFFF00>Nga My<color=#00FF00> thiết kế)<color=#00FF00>",,"[{""Tag"":""BaseAttribute"",""Attributes"":{""Symbol"":""magic_physdefbase"",""Value"":""266""}},{""Tag"":""BaseAttribute"",""Attributes"":{""Symbol"":""magic_magicdefbase"",""Value"":""266""}},{""Tag"":""Attribute"",""Attributes"":{""Symbol"":""magic_hit"",""Rate"":""100""}},{""Tag"":""Attribute"",""Attributes"":{""Symbol"":""magic_energy"",""Rate"":""100""}},{""Tag"":""Attribute"",""Attributes"":{""Symbol"":""magic_intelligence"",""Rate"":""100""}}]"
19420,Equip,10512048,12,Chưa dùng,Cuff3_3,3,69,2,-1,-1,90,-1,2240,1792,200,true,4,90,4,4,1,-1,-1,,Chưa dùng,,"[{""Tag"":""BaseAttribute"",""Attributes"":{""Symbol"":""magic_physdefbase"",""Value"":""298""}},{""Tag"":""BaseAttribute"",""Attributes"":{""Symbol"":""magic_magicdefbase"",""Value"":""298""}},{""Tag"":""Attribute"",""Attributes"":{""Symbol"":""magic_maxmp"",""Rate"":""100""}},{""Tag"":""Attribute"",""Attributes"":{""Symbol"":""magic_hit"",""Rate"":""100""}},{""Tag"":""Attribute"",""Attributes"":{""Symbol"":""magic_energy"",""Rate"":""100""}},{""Tag"":""Attribute"",""Attributes"":{""Symbol"":""magic_intelligence"",""Rate"":""100""}}]"
19421,Equip,10512049,12,Thần Phệ Ngọc Lạc Thủ,Cuff3_8,3,70,1,59,3,100,-1,3160,2528,200,true,4,100,4,4,1,-1,-1,,"Hoàng tuyền lộ thượng đa tình chủng, Thần phệ vạn vật nhất trường không. <color=#00FF00><br>(Cả bộ do Mạnh Thanh Thanh của <color=#FFFF00>Nga My<color=#00FF00> thiết kế)<color=#00FF00>",,"[{""Tag"":""BaseAttribute"",""Attributes"":{""Symbol"":""magic_physdefbase"",""Value"":""330""}},{""Tag"":""BaseAttribute"",""Attributes"":{""Symbol"":""magic_magicdefbase"",""Value"":""330""}},{""Tag"":""Attribute"",""Attributes"":{""Symbol"":""magic_maxmp"",""Rate"":""100""}},{""Tag"":""Attribute"",""Attributes"":{""Symbol"":""magic_hit"",""Rate"":""100""}},{""Tag"":""Attribute"",""Attributes"":{""Symbol"":""magic_energy"",""Rate"":""100""}},{""Tag"":""Attribute"",""Attributes"":{""Symbol"":""magic_intelligence"",""Rate"":""100""}}]"
19422,Equip,10512050,12,Chưa dùng,Cuff3_4,3,61,2,-1,-1,10,-1,30,24,200,true,4,10,1,1,1,-1,-1,,Chưa dùng,,"[{""Tag"":""BaseAttribute"",""Attributes"":{""Symbol"":""magic_physdefbase"",""Value"":""42""}},{""Tag"":""BaseAttribute"",""Attributes"":{""Symbol"":""magic_magicdefbase"",""Value"":""42""}},{""Tag"":""Attribute"",""Attributes"":{""Symbol"":""magic_stamina"",""Rate"":""100""}}]"
19423,Equip,10512051,12,Tam Âm Thối Miễn Thủ,Cuff3_9,3,62,1,61,3,20,-1,109,87,200,true,4,20,1,1,1,-1,-1,,"Tinh Túc chi phong triệt cổ hàn, âm khí tập nhân, đoạt nhân chi phách (Gió Tinh Túc lạnh thấu xương, âm khí quấn thân, đoạt mạng người), vật này do đó mà tồn.<color=#00FF00><br>(Cả bộ do Hàn Thế Trung của <color=#FFFFFF><color=#FFFF00>Tinh Túc <color=#FFFFFF><color=#00FF00> thiết kế)",,"[{""Tag"":""BaseAttribute"",""Attributes"":{""Symbol"":""magic_physdefbase"",""Value"":""74""}},{""Tag"":""BaseAttribute"",""Attributes"":{""Symbol"":""magic_magicdefbase"",""Value"":""74""}},{""Tag"":""Attribute"",""Attributes"":{""Symbol"":""magic_stamina"",""Rate"":""100""}}]"
19424,Equip,10512052,12,Chưa dùng,Cuff4_3,3,63,2,-1,-1,30,-1,169,135,200,true,4,30,1,1,1,-1,-1,,Chưa dùng,,"[{""Tag"":""BaseAttribute"",""Attributes"":{""Symbol"":""magic_physdefbase"",""Value"":""106""}},{""Tag"":""BaseAttribute"",""Attributes"":{""Symbol"":""magic_magicdefbase"",""Value"":""106""}},{""Tag"":""Attribute"",""Attributes"":{""Symbol"":""magic_stamina"",""Rate"":""100""}}]"
19425,Equip,10512053,12,Triền Hồn Huyền Minh Thủ,Cuff4_4,3,64,1,63,3,40,-1,331,264,200,true,4,40,2,2,1,-1,-1,,"Triền hồn ác quỷ nhiễu thân tiền, huyền minh tiên nhân túc thanh chi, vật này do đó có tiếng.<color=#00FF00><br>(Cả bộ do Hàn Thế Trung của<color=#FFFFFF> <color=#FFFF00>Tinh Túc<color=#FFFFFF> <color=#00FF00> thiết kế)",,"[{""Tag"":""BaseAttribute"",""Attributes"":{""Symbol"":""magic_physdefbase"",""Value"":""138""}},{""Tag"":""BaseAttribute"",""Attributes"":{""Symbol"":""magic_magicdefbase"",""Value"":""138""}},{""Tag"":""Attribute"",""Attributes"":{""Symbol"":""magic_energy"",""Rate"":""100""}},{""Tag"":""Attribute"",""Attributes"":{""Symbol"":""magic_stamina"",""Rate"":""100""}}]"
19426,Equip,10512054,12,Chưa dùng,Cuff2_10,3,65,2,-1,-1,50,-1,554,443,200,true,4,50,2,2,1,-1,-1,,Chưa dùng,,"[{""Tag"":""BaseAttribute"",""Attributes"":{""Symbol"":""magic_physdefbase"",""Value"":""170""}},{""Tag"":""BaseAttribute"",""Attributes"":{""Symbol"":""magic_magicdefbase"",""Value"":""170""}},{""Tag"":""Attribute"",""Attributes"":{""Symbol"":""magic_energy"",""Rate"":""100""}},{""Tag"":""Attribute"",""Attributes"":{""Symbol"":""magic_stamina"",""Rate"":""100""}}]"
19427,Equip,10512055,12,Chưa dùng,Cuff2_12,3,66,2,-1,-1,60,-1,890,712,200,true,4,60,2,2,1,-1,-1,,Chưa dùng,,"[{""Tag"":""BaseAttribute"",""Attributes"":{""Symbol"":""magic_physdefbase"",""Value"":""202""}},{""Tag"":""BaseAttribute"",""Attributes"":{""Symbol"":""magic_magicdefbase"",""Value"":""202""}},{""Tag"":""Attribute"",""Attributes"":{""Symbol"":""magic_energy"",""Rate"":""100""}},{""Tag"":""Attribute"",""Attributes"":{""Symbol"":""magic_stamina"",""Rate"":""100""}}]"
19428,Equip,10512056,12,Luyện Tâm Mỵ Nguyệt Thủ,Cuff3_1,3,67,1,66,3,70,-1,1255,1004,200,true,4,70,3,3,1,-1,-1,,"U hồn luyện tâm vi tình đoạn, mị nguyệt lãnh sáp thùy nhân tri, vật này do đó có tiếng.<color=#00FF00><br>(Cả bộ do Hàn Thế Trung của<color=#FFFFFF> <color=#FFFF00>Tinh Túc <color=#FFFFFF><color=#00FF00> thiết kế)<color=#FFFFFF>.",,"[{""Tag"":""BaseAttribute"",""Attributes"":{""Symbol"":""magic_physdefbase"",""Value"":""234""}},{""Tag"":""BaseAttribute"",""Attributes"":{""Symbol"":""magic_magicdefbase"",""Value"":""234""}},{""Tag"":""Attribute"",""Attributes"":{""Symbol"":""magic_hit"",""Rate"":""100""}},{""Tag"":""Attribute"",""Attributes"":{""Symbol"":""magic_energy"",""Rate"":""100""}},{""Tag"":""Attribute"",""Attributes"":{""Symbol"":""magic_stamina"",""Rate"":""100""}}]"
19429,Equip,10512057,12,Chưa dùng,Cuff3_12,3,68,2,-1,-1,80,-1,1640,1312,200,true,4,80,3,3,1,-1,-1,,Chưa dùng,,"[{""Tag"":""BaseAttribute"",""Attributes"":{""Symbol"":""magic_physdefbase"",""Value"":""266""}},{""Tag"":""BaseAttribute"",""Attributes"":{""Symbol"":""magic_magicdefbase"",""Value"":""266""}},{""Tag"":""Attribute"",""Attributes"":{""Symbol"":""magic_hit"",""Rate"":""100""}},{""Tag"":""Attribute"",""Attributes"":{""Symbol"":""magic_energy"",""Rate"":""100""}},{""Tag"":""Attribute"",""Attributes"":{""Symbol"":""magic_stamina"",""Rate"":""100""}}]"
19430,Equip,10512058,12,Chưa dùng,Cuff3_3,3,69,2,-1,-1,90,-1,2240,1792,200,true,4,90,4,4,1,-1,-1,,Chưa dùng,,"[{""Tag"":""BaseAttribute"",""Attributes"":{""Symbol"":""magic_physdefbase"",""Value"":""298""}},{""Tag"":""BaseAttribute"",""Attributes"":{""Symbol"":""magic_magicdefbase"",""Value"":""298""}},{""Tag"":""Attribute"",""Attributes"":{""Symbol"":""magic_magicatk"",""Rate"":""100""}},{""Tag"":""Attribute"",""Attributes"":{""Symbol"":""magic_hit"",""Rate"":""100""}},{""Tag"":""Attribute"",""Attributes"":{""Symbol"":""magic_energy"",""Rate"":""100""}},{""Tag"":""Attribute"",""Attributes"":{""Symbol"":""magic_stamina"",""Rate"":""100""}}]"
19431,Equip,10512059,12,Lưu Hồn Túc Diệt Thủ,Cuff3_8,3,70,1,71,3,100,-1,3160,2528,200,true,4,100,4,4,1,-1,-1,,"Lưu hồn dĩ miệt tình dã tận, Túc diệt bất tái ký tiền trần. <color=#00FF00><br>(Cả bộ do Hàn Thế Trung <color=#FFFF00>Tinh Túc<color=#00FF00> thiết kế)<color=#00FF00>",,"[{""Tag"":""BaseAttribute"",""Attributes"":{""Symbol"":""magic_physdefbase"",""Value"":""330""}},{""Tag"":""BaseAttribute"",""Attributes"":{""Symbol"":""magic_magicdefbase"",""Value"":""330""}},{""Tag"":""Attribute"",""Attributes"":{""Symbol"":""magic_magicatk"",""Rate"":""100""}},{""Tag"":""Attribute"",""Attributes"":{""Symbol"":""magic_hit"",""Rate"":""100""}},{""Tag"":""Attribute"",""Attributes"":{""Symbol"":""magic_energy"",""Rate"":""100""}},{""Tag"":""Attribute"",""Attributes"":{""Symbol"":""magic_stamina"",""Rate"":""100""}}]"
19432,Equip,10512060,12,Đạp Tuyết Phân Kim Thủ,Cuff1_2,3,61,1,72,3,10,-1,30,24,200,true,4,10,1,1,1,-1,-1,,"Đạp tuyết chiết mai vô tình thủ, phân kim bích lạc si tình chủng, vật này dựa đó mà tồn.<color=#00FF00><br>(Cả bộ do Phù Mẫn Nghi của<color=#FFFFFF> <color=#FFFF00>Thiên Sơn <color=#FFFFFF><color=#00FF00> thiết kế)",,"[{""Tag"":""BaseAttribute"",""Attributes"":{""Symbol"":""magic_physdefbase"",""Value"":""42""}},{""Tag"":""BaseAttribute"",""Attributes"":{""Symbol"":""magic_magicdefbase"",""Value"":""42""}},{""Tag"":""Attribute"",""Attributes"":{""Symbol"":""magic_strength"",""Rate"":""100""}}]"
19433,Equip,10512061,12,Chưa dùng,Cuff1_2,3,72,2,-1,-1,20,-1,109,87,200,true,4,20,1,1,1,-1,-1,,Chưa dùng,,"[{""Tag"":""BaseAttribute"",""Attributes"":{""Symbol"":""magic_physdefbase"",""Value"":""74""}},{""Tag"":""BaseAttribute"",""Attributes"":{""Symbol"":""magic_magicdefbase"",""Value"":""74""}},{""Tag"":""Attribute"",""Attributes"":{""Symbol"":""magic_strength"",""Rate"":""100""}}]"
19434,Equip,10512062,12,Chưa dùng,Cuff1_3,3,73,2,-1,-1,30,-1,169,135,200,true,4,30,1,1,1,-1,-1,,Chưa dùng,,"[{""Tag"":""BaseAttribute"",""Attributes"":{""Symbol"":""magic_physdefbase"",""Value"":""106""}},{""Tag"":""BaseAttribute"",""Attributes"":{""Symbol"":""magic_magicdefbase"",""Value"":""106""}},{""Tag"":""Attribute"",""Attributes"":{""Symbol"":""magic_strength"",""Rate"":""100""}}]"
19435,Equip,10512063,12,Chân Thủy Tần Dao Thủ,Cuff1_6,3,74,1,75,3,40,-1,331,264,200,true,4,40,2,2,1,-1,-1,,"Chân Thủy Ngọc Nữ Bằng Lan Vọng, Tần Dao Thiếu Niên Bối Cảnh Thâm, vật này từ đó có tiếng.<color=#00FF00><br>(Cả bộ do Phù Mẫn Nghi của <color=#FFFFFF><color=#FFFF00>Thiên Sơn <color=#FFFFFF><color=#00FF00> thiết kế)",,"[{""Tag"":""BaseAttribute"",""Attributes"":{""Symbol"":""magic_physdefbase"",""Value"":""138""}},{""Tag"":""BaseAttribute"",""Attributes"":{""Symbol"":""magic_magicdefbase"",""Value"":""138""}},{""Tag"":""Attribute"",""Attributes"":{""Symbol"":""magic_strength"",""Rate"":""100""}},{""Tag"":""Attribute"",""Attributes"":{""Symbol"":""magic_dexterity"",""Rate"":""100""}}]"
19436,Equip,10512064,12,Chưa dùng,Cuff1_10,3,75,2,-1,-1,50,-1,554,443,200,true,4,50,2,2,1,-1,-1,,Chưa dùng,,"[{""Tag"":""BaseAttribute"",""Attributes"":{""Symbol"":""magic_physdefbase"",""Value"":""170""}},{""Tag"":""BaseAttribute"",""Attributes"":{""Symbol"":""magic_magicdefbase"",""Value"":""170""}},{""Tag"":""Attribute"",""Attributes"":{""Symbol"":""magic_strength"",""Rate"":""100""}},{""Tag"":""Attribute"",""Attributes"":{""Symbol"":""magic_dexterity"",""Rate"":""100""}}]"
19437,Equip,10512065,12,Chưa dùng,Cuff1_15,3,76,2,-1,-1,60,-1,890,712,200,true,4,60,2,2,1,-1,-1,,Chưa dùng,,"[{""Tag"":""BaseAttribute"",""Attributes"":{""Symbol"":""magic_physdefbase"",""Value"":""202""}},{""Tag"":""BaseAttribute"",""Attributes"":{""Symbol"":""magic_magicdefbase"",""Value"":""202""}},{""Tag"":""Attribute"",""Attributes"":{""Symbol"":""magic_strength"",""Rate"":""100""}},{""Tag"":""Attribute"",""Attributes"":{""Symbol"":""magic_dexterity"",""Rate"":""100""}}]"
19438,Equip,10512066,12,Chưa dùng,Cuff2_3,3,77,2,-1,-1,70,-1,1255,1004,200,true,4,70,3,3,1,-1,-1,,Chưa dùng,,"[{""Tag"":""BaseAttribute"",""Attributes"":{""Symbol"":""magic_physdefbase"",""Value"":""234""}},{""Tag"":""BaseAttribute"",""Attributes"":{""Symbol"":""magic_magicdefbase"",""Value"":""234""}},{""Tag"":""Attribute"",""Attributes"":{""Symbol"":""magic_hit"",""Rate"":""100""}},{""Tag"":""Attribute"",""Attributes"":{""Symbol"":""magic_strength"",""Rate"":""100""}},{""Tag"":""Attribute"",""Attributes"":{""Symbol"":""magic_dexterity"",""Rate"":""100""}}]"
19439,Equip,10512067,12,Chưa dùng,Cuff2_1,3,78,2,-1,-1,80,-1,1640,1312,200,true,4,80,3,3,1,-1,-1,,Chưa dùng,,"[{""Tag"":""BaseAttribute"",""Attributes"":{""Symbol"":""magic_physdefbase"",""Value"":""266""}},{""Tag"":""BaseAttribute"",""Attributes"":{""Symbol"":""magic_magicdefbase"",""Value"":""266""}},{""Tag"":""Attribute"",""Attributes"":{""Symbol"":""magic_hit"",""Rate"":""100""}},{""Tag"":""Attribute"",""Attributes"":{""Symbol"":""magic_strength"",""Rate"":""100""}},{""Tag"":""Attribute"",""Attributes"":{""Symbol"":""magic_dexterity"",""Rate"":""100""}}]"
19440,Equip,10512068,12,Tâm Vân Lăng Tuyết Thủ,Cuff2_8,3,79,1,80,3,90,-1,2240,1792,200,true,4,90,4,4,1,-1,-1,,"Tâm tựa du vận phiêu vạn lý, Thần hạc minh khấp bạn bối tâm. <color=#00FF00><br>(Cả bộ do Phù Mẫn Nghi của <color=#FFFF00>Thiên Sơn<color=#00FF00> thiết kế)<color=#00FF00>",,"[{""Tag"":""BaseAttribute"",""Attributes"":{""Symbol"":""magic_physdefbase"",""Value"":""298""}},{""Tag"":""BaseAttribute"",""Attributes"":{""Symbol"":""magic_magicdefbase"",""Value"":""298""}},{""Tag"":""Attribute"",""Attributes"":{""Symbol"":""magic_physatk"",""Rate"":""100""}},{""Tag"":""Attribute"",""Attributes"":{""Symbol"":""magic_hit"",""Rate"":""100""}},{""Tag"":""Attribute"",""Attributes"":{""Symbol"":""magic_strength"",""Rate"":""100""}},{""Tag"":""Attribute"",""Attributes"":{""Symbol"":""magic_dexterity"",""Rate"":""100""}}]"
19441,Equip,10512069,12,Bích Lạc Tả Ngân Thủ,Cuff2_7,3,80,1,83,3,100,-1,3160,2528,200,true,4,100,4,4,1,-1,-1,,"Bích lạc hoàng tuyền hữu tình thiên, Ngân tả u minh vô tình hận. <color=#00FF00><br>(Cả bộ do Phù Mẫn Nghi của <color=#FFFF00>Thiên Sơn<color=#00FF00> thiết kế)<color=#00FF00>",,"[{""Tag"":""BaseAttribute"",""Attributes"":{""Symbol"":""magic_physdefbase"",""Value"":""330""}},{""Tag"":""BaseAttribute"",""Attributes"":{""Symbol"":""magic_magicdefbase"",""Value"":""330""}},{""Tag"":""Attribute"",""Attributes"":{""Symbol"":""magic_physatk"",""Rate"":""100""}},{""Tag"":""Attribute"",""Attributes"":{""Symbol"":""magic_hit"",""Rate"":""100""}},{""Tag"":""Attribute"",""Attributes"":{""Symbol"":""magic_strength"",""Rate"":""100""}},{""Tag"":""Attribute"",""Attributes"":{""Symbol"":""magic_dexterity"",""Rate"":""100""}}]"
19442,Equip,10512070,12,Chưa dùng,Cuff2_6,3,71,2,-1,-1,10,-1,30,24,200,true,4,10,1,1,1,-1,-1,,Chưa dùng,,"[{""Tag"":""BaseAttribute"",""Attributes"":{""Symbol"":""magic_physdefbase"",""Value"":""42""}},{""Tag"":""BaseAttribute"",""Attributes"":{""Symbol"":""magic_magicdefbase"",""Value"":""42""}},{""Tag"":""Attribute"",""Attributes"":{""Symbol"":""magic_energy"",""Rate"":""100""}}]"
19443,Equip,10512071,12,Chưa dùng,Cuff2_14,3,72,2,-1,-1,20,-1,109,87,200,true,4,20,1,1,1,-1,-1,,Chưa dùng,,"[{""Tag"":""BaseAttribute"",""Attributes"":{""Symbol"":""magic_physdefbase"",""Value"":""74""}},{""Tag"":""BaseAttribute"",""Attributes"":{""Symbol"":""magic_magicdefbase"",""Value"":""74""}},{""Tag"":""Attribute"",""Attributes"":{""Symbol"":""magic_energy"",""Rate"":""100""}}]"
19444,Equip,10512072,12,Thương Trúc Thủy Lân Thủ,Cuff2_10,3,73,1,86,3,30,-1,169,135,200,true,4,30,1,1,1,-1,-1,,"Thương Trúc vạn mủ bích mặc tâm, thúy lân luyện giáp hạ khiên trần, vật này do đó có tiếng.<color=#00FF00><br>(Cả bộ do Thạch Thanh Lộ của<color=#FFFFFF> <color=#FFFF00>Tiêu Dao<color=#FFFFFF> <color=#00FF00> thiết kế)",,"[{""Tag"":""BaseAttribute"",""Attributes"":{""Symbol"":""magic_physdefbase"",""Value"":""106""}},{""Tag"":""BaseAttribute"",""Attributes"":{""Symbol"":""magic_magicdefbase"",""Value"":""106""}},{""Tag"":""Attribute"",""Attributes"":{""Symbol"":""magic_energy"",""Rate"":""100""}}]"
19445,Equip,10512073,12,Chưa dùng,Cuff2_12,3,74,2,-1,-1,40,-1,331,264,200,true,4,40,2,2,1,-1,-1,,Chưa dùng,,"[{""Tag"":""BaseAttribute"",""Attributes"":{""Symbol"":""magic_physdefbase"",""Value"":""138""}},{""Tag"":""BaseAttribute"",""Attributes"":{""Symbol"":""magic_magicdefbase"",""Value"":""138""}},{""Tag"":""Attribute"",""Attributes"":{""Symbol"":""magic_energy"",""Rate"":""100""}},{""Tag"":""Attribute"",""Attributes"":{""Symbol"":""magic_intelligence"",""Rate"":""100""}}]"
19446,Equip,10512074,12,Chưa dùng,Cuff3_1,3,75,2,-1,-1,50,-1,554,443,200,true,4,50,2,2,1,-1,-1,,Chưa dùng,,"[{""Tag"":""BaseAttribute"",""Attributes"":{""Symbol"":""magic_physdefbase"",""Value"":""170""}},{""Tag"":""BaseAttribute"",""Attributes"":{""Symbol"":""magic_magicdefbase"",""Value"":""170""}},{""Tag"":""Attribute"",""Attributes"":{""Symbol"":""magic_energy"",""Rate"":""100""}},{""Tag"":""Attribute"",""Attributes"":{""Symbol"":""magic_intelligence"",""Rate"":""100""}}]"
19447,Equip,10512075,12,Lạc Anh Long Lân Thủ,Cuff3_2,3,76,1,89,3,60,-1,890,712,200,true,4,60,2,2,1,-1,-1,,"Lạc anh phân phân ai oán thâm, kim long tạ lân độ hoa niên, vật này do đó có tiếng.<color=#00FF00><br>(Cả bộ do Thạch Thanh Lộ của <color=#FFFFFF><color=#FFFF00>Tiêu Dao<color=#FFFFFF> <color=#00FF00> thiết kế)",,"[{""Tag"":""BaseAttribute"",""Attributes"":{""Symbol"":""magic_physdefbase"",""Value"":""202""}},{""Tag"":""BaseAttribute"",""Attributes"":{""Symbol"":""magic_magicdefbase"",""Value"":""202""}},{""Tag"":""Attribute"",""Attributes"":{""Symbol"":""magic_energy"",""Rate"":""100""}},{""Tag"":""Attribute"",""Attributes"":{""Symbol"":""magic_intelligence"",""Rate"":""100""}}]"
19448,Equip,10512076,12,Chưa dùng,Cuff3_11,3,77,2,-1,-1,70,-1,1255,1004,200,true,4,70,3,3,1,-1,-1,,Chưa dùng,,"[{""Tag"":""BaseAttribute"",""Attributes"":{""Symbol"":""magic_physdefbase"",""Value"":""234""}},{""Tag"":""BaseAttribute"",""Attributes"":{""Symbol"":""magic_magicdefbase"",""Value"":""234""}},{""Tag"":""Attribute"",""Attributes"":{""Symbol"":""magic_hit"",""Rate"":""100""}},{""Tag"":""Attribute"",""Attributes"":{""Symbol"":""magic_energy"",""Rate"":""100""}},{""Tag"":""Attribute"",""Attributes"":{""Symbol"":""magic_intelligence"",""Rate"":""100""}}]"
19449,Equip,10512077,12,Tru Tiên Thủy Trúc Thủ,Cuff3_12,3,78,1,91,3,80,-1,1640,1312,200,true,4,80,3,3,1,-1,-1,,"Thúy trúc doanh doanh bích hoa âm, Dao trì chi lâm diễn tru tiên. <color=#00FF00><br>(Cả bộ do Thạch Thanh Lộ của <color=#FFFF00>Tiêu Dao<color=#00FF00> thiết kế)<color=#00FF00>",,"[{""Tag"":""BaseAttribute"",""Attributes"":{""Symbol"":""magic_physdefbase"",""Value"":""266""}},{""Tag"":""BaseAttribute"",""Attributes"":{""Symbol"":""magic_magicdefbase"",""Value"":""266""}},{""Tag"":""Attribute"",""Attributes"":{""Symbol"":""magic_hit"",""Rate"":""100""}},{""Tag"":""Attribute"",""Attributes"":{""Symbol"":""magic_energy"",""Rate"":""100""}},{""Tag"":""Attribute"",""Attributes"":{""Symbol"":""magic_intelligence"",""Rate"":""100""}}]"
19450,Equip,10512078,12,Chưa dùng,Cuff3_3,3,79,2,-1,-1,90,-1,2240,1792,200,true,4,90,4,4,1,-1,-1,,Chưa dùng,,"[{""Tag"":""BaseAttribute"",""Attributes"":{""Symbol"":""magic_physdefbase"",""Value"":""298""}},{""Tag"":""BaseAttribute"",""Attributes"":{""Symbol"":""magic_magicdefbase"",""Value"":""298""}},{""Tag"":""Attribute"",""Attributes"":{""Symbol"":""magic_maxmp"",""Rate"":""100""}},{""Tag"":""Attribute"",""Attributes"":{""Symbol"":""magic_hit"",""Rate"":""100""}},{""Tag"":""Attribute"",""Attributes"":{""Symbol"":""magic_energy"",""Rate"":""100""}},{""Tag"":""Attribute"",""Attributes"":{""Symbol"":""magic_intelligence"",""Rate"":""100""}}]"
19451,Equip,10512079,12,Hành Vân Trục Nguyệt Thủ,Cuff3_8,3,80,1,95,3,100,-1,3160,2528,200,true,4,100,4,4,1,-1,-1,,"Hành vân trục nguyệt nguyên hữu tình, Đãn ngộ vô tri bạc tình lang. <color=#00FF00><br>(Cả bộ do Thạch Thanh Lộ của <color=#FFFF00>Tiêu Dao<color=#00FF00> thiết kế)<color=#00FF00>",,"[{""Tag"":""BaseAttribute"",""Attributes"":{""Symbol"":""magic_physdefbase"",""Value"":""330""}},{""Tag"":""BaseAttribute"",""Attributes"":{""Symbol"":""magic_magicdefbase"",""Value"":""330""}},{""Tag"":""Attribute"",""Attributes"":{""Symbol"":""magic_maxmp"",""Rate"":""100""}},{""Tag"":""Attribute"",""Attributes"":{""Symbol"":""magic_hit"",""Rate"":""100""}},{""Tag"":""Attribute"",""Attributes"":{""Symbol"":""magic_energy"",""Rate"":""100""}},{""Tag"":""Attribute"",""Attributes"":{""Symbol"":""magic_intelligence"",""Rate"":""100""}}]"
19452,Equip,10512080,12,Chưa dùng,Cuff3_4,3,71,2,-1,-1,10,-1,30,24,200,true,4,10,1,1,1,-1,-1,,Chưa dùng,,"[{""Tag"":""BaseAttribute"",""Attributes"":{""Symbol"":""magic_physdefbase"",""Value"":""42""}},{""Tag"":""BaseAttribute"",""Attributes"":{""Symbol"":""magic_magicdefbase"",""Value"":""42""}},{""Tag"":""Attribute"",""Attributes"":{""Symbol"":""magic_dexterity"",""Rate"":""100""}}]"
19453,Equip,10512081,12,Nhất Dương Long Ngâm Thủ,Cuff3_9,3,72,1,97,3,20,-1,109,87,200,true,4,20,1,1,1,-1,-1,,"Võ công Thiên Long, lấy lục mạch lầm đầu nhất dương hơi thấp, vật này lấy đó đặt tên.<color=#00FF00><br>(Cả bộ do Tề Quy Điệp của <color=#FFFFFF><color=#FFFF00>Thiên Long <color=#FFFFFF><color=#00FF00> thiết kế)",,"[{""Tag"":""BaseAttribute"",""Attributes"":{""Symbol"":""magic_physdefbase"",""Value"":""74""}},{""Tag"":""BaseAttribute"",""Attributes"":{""Symbol"":""magic_magicdefbase"",""Value"":""74""}},{""Tag"":""Attribute"",""Attributes"":{""Symbol"":""magic_dexterity"",""Rate"":""100""}}]"
19454,Equip,10512082,12,Chưa dùng,Cuff4_3,3,73,2,-1,-1,30,-1,169,135,200,true,4,30,1,1,1,-1,-1,,Chưa dùng,,"[{""Tag"":""BaseAttribute"",""Attributes"":{""Symbol"":""magic_physdefbase"",""Value"":""106""}},{""Tag"":""BaseAttribute"",""Attributes"":{""Symbol"":""magic_magicdefbase"",""Value"":""106""}},{""Tag"":""Attribute"",""Attributes"":{""Symbol"":""magic_dexterity"",""Rate"":""100""}}]"
19455,Equip,10512083,12,Thiếu Thương Mộ Lạc Thủ,Cuff4_4,3,74,1,99,3,40,-1,331,264,200,true,4,40,2,2,1,-1,-1,,"Thiếu Thương, một trong Lục Mạch Thần Kiếm, khí tẩu thiếu thương, kiếm khí chỉ hướng đối thủ lập tức có thể phong chặt huyệt đạo đối thủ, vật này lấy đó làm tên.<color=#00FF00><br>(Cả bộ do Tề Quy Điệp của <color=#FFFFFF><color=#FFFF00>Thiên Long<color=#FFFFFF> <color=#00FF00> thiết kế)",,"[{""Tag"":""BaseAttribute"",""Attributes"":{""Symbol"":""magic_physdefbase"",""Value"":""138""}},{""Tag"":""BaseAttribute"",""Attributes"":{""Symbol"":""magic_magicdefbase"",""Value"":""138""}},{""Tag"":""Attribute"",""Attributes"":{""Symbol"":""magic_stamina"",""Rate"":""100""}},{""Tag"":""Attribute"",""Attributes"":{""Symbol"":""magic_dexterity"",""Rate"":""100""}}]"
19456,Equip,10512084,12,Chưa dùng,Cuff2_10,3,75,2,-1,-1,50,-1,554,443,200,true,4,50,2,2,1,-1,-1,,Chưa dùng,,"[{""Tag"":""BaseAttribute"",""Attributes"":{""Symbol"":""magic_physdefbase"",""Value"":""170""}},{""Tag"":""BaseAttribute"",""Attributes"":{""Symbol"":""magic_magicdefbase"",""Value"":""170""}},{""Tag"":""Attribute"",""Attributes"":{""Symbol"":""magic_stamina"",""Rate"":""100""}},{""Tag"":""Attribute"",""Attributes"":{""Symbol"":""magic_dexterity"",""Rate"":""100""}}]"
19457,Equip,10512085,12,Chưa dùng,Cuff2_12,3,76,2,-1,-1,60,-1,890,712,200,true,4,60,2,2,1,-1,-1,,Chưa dùng,,"[{""Tag"":""BaseAttribute"",""Attributes"":{""Symbol"":""magic_physdefbase"",""Value"":""202""}},{""Tag"":""BaseAttribute"",""Attributes"":{""Symbol"":""magic_magicdefbase"",""Value"":""202""}},{""Tag"":""Attribute"",""Attributes"":{""Symbol"":""magic_stamina"",""Rate"":""100""}},{""Tag"":""Attribute"",""Attributes"":{""Symbol"":""magic_dexterity"",""Rate"":""100""}}]"
19458,Equip,10512086,12,Quan Xung Mộc Vũ Thủ,Cuff3_1,3,77,1,102,3,70,-1,1255,1004,200,true,4,70,3,3,1,-1,-1,,"Quan Xung, một trong Lục Mạch Thần Kiếm, khí tẩu quan xung, nơi chỗ chân khí đi qua lưu thông toàn xương cốt, thần sắc sảng khoái, vật này do đó có tiếng.<color=#00FF00><br>(Cả bộ do Tề Quy Điệp của <color=#FFFFFF><color=#FFFF00>Thiên Long <color=#FFFFFF><color=#00FF00> thiết kế)",,"[{""Tag"":""BaseAttribute"",""Attributes"":{""Symbol"":""magic_physdefbase"",""Value"":""234""}},{""Tag"":""BaseAttribute"",""Attributes"":{""Symbol"":""magic_magicdefbase"",""Value"":""234""}},{""Tag"":""Attribute"",""Attributes"":{""Symbol"":""magic_hit"",""Rate"":""100""}},{""Tag"":""Attribute"",""Attributes"":{""Symbol"":""magic_stamina"",""Rate"":""100""}},{""Tag"":""Attribute"",""Attributes"":{""Symbol"":""magic_dexterity"",""Rate"":""100""}}]"
19459,Equip,10512087,12,Chưa dùng,Cuff3_12,3,78,2,-1,-1,80,-1,1640,1312,200,true,4,80,3,3,1,-1,-1,,Chưa dùng,,"[{""Tag"":""BaseAttribute"",""Attributes"":{""Symbol"":""magic_physdefbase"",""Value"":""266""}},{""Tag"":""BaseAttribute"",""Attributes"":{""Symbol"":""magic_magicdefbase"",""Value"":""266""}},{""Tag"":""Attribute"",""Attributes"":{""Symbol"":""magic_hit"",""Rate"":""100""}},{""Tag"":""Attribute"",""Attributes"":{""Symbol"":""magic_stamina"",""Rate"":""100""}},{""Tag"":""Attribute"",""Attributes"":{""Symbol"":""magic_dexterity"",""Rate"":""100""}}]"
19460,Equip,10512088,12,Chưa dùng,Cuff3_3,3,79,2,-1,-1,90,-1,2240,1792,200,true,4,90,4,4,1,-1,-1,,Chưa dùng,,"[{""Tag"":""BaseAttribute"",""Attributes"":{""Symbol"":""magic_physdefbase"",""Value"":""298""}},{""Tag"":""BaseAttribute"",""Attributes"":{""Symbol"":""magic_magicdefbase"",""Value"":""298""}},{""Tag"":""Attribute"",""Attributes"":{""Symbol"":""magic_maxhp"",""Rate"":""100""}},{""Tag"":""Attribute"",""Attributes"":{""Symbol"":""magic_hit"",""Rate"":""100""}},{""Tag"":""Attribute"",""Attributes"":{""Symbol"":""magic_stamina"",""Rate"":""100""}},{""Tag"":""Attribute"",""Attributes"":{""Symbol"":""magic_dexterity"",""Rate"":""100""}}]"
19461,Equip,10512089,12,Thương Ngọc Long Lân Trảo,Cuff3_8,3,80,1,107,3,100,-1,3160,2528,200,true,4,100,4,4,1,-1,-1,,"Thương lâm thanh ngọc số thiên niên, Long lạc kim lân dĩ vạn tái. <color=#00FF00><br>(Cả bộ do Tề Quy Điệp của<color=#FFFFFF> <color=#FFFF00>Thiên Long<color=#FFFFFF> <color=#00FF00> thiết kế)",,"[{""Tag"":""BaseAttribute"",""Attributes"":{""Symbol"":""magic_physdefbase"",""Value"":""330""}},{""Tag"":""BaseAttribute"",""Attributes"":{""Symbol"":""magic_magicdefbase"",""Value"":""330""}},{""Tag"":""Attribute"",""Attributes"":{""Symbol"":""magic_maxhp"",""Rate"":""100""}},{""Tag"":""Attribute"",""Attributes"":{""Symbol"":""magic_hit"",""Rate"":""100""}},{""Tag"":""Attribute"",""Attributes"":{""Symbol"":""magic_stamina"",""Rate"":""100""}},{""Tag"":""Attribute"",""Attributes"":{""Symbol"":""magic_dexterity"",""Rate"":""100""}}]"
19462,Equip,10512090,12,Hương Phần Hồng Lâu Linh,Cuff4_1,3,69,1,149,3,86,-1,1640,1312,200,true,4,86,3,3,1,-1,-1,,"Hương phần kim áp đỉnh, Nhàn bàng tiểu hồng lâu.<color=#00FF00>",,"[{""Tag"":""BaseAttribute"",""Attributes"":{""Symbol"":""magic_physdefbase"",""Value"":""266""}},{""Tag"":""BaseAttribute"",""Attributes"":{""Symbol"":""magic_magicdefbase"",""Value"":""266""}},{""Tag"":""Attribute"",""Attributes"":{""Symbol"":""magic_magicatk"",""Rate"":""100""}},{""Tag"":""Attribute"",""Attributes"":{""Symbol"":""magic_energy"",""Rate"":""100""}},{""Tag"":""Attribute"",""Attributes"":{""Symbol"":""magic_stamina"",""Rate"":""100""}}]"
19463,Equip,10512091,12,Cầm Hoành Ly Tình Diệt,Cuff4_1,3,69,1,150,3,86,-1,1640,1312,200,true,4,86,3,3,1,-1,-1,,"Tất thượng cầm hoành, ai sầu động ly tình, Chỉ hạ phong sanh, tiêu sái lộng thanh thanh.<color=#00FF00>",,"[{""Tag"":""BaseAttribute"",""Attributes"":{""Symbol"":""magic_physdefbase"",""Value"":""266""}},{""Tag"":""BaseAttribute"",""Attributes"":{""Symbol"":""magic_magicdefbase"",""Value"":""266""}},{""Tag"":""Attribute"",""Attributes"":{""Symbol"":""magic_magicdef"",""Rate"":""100""}},{""Tag"":""Attribute"",""Attributes"":{""Symbol"":""magic_dodge"",""Rate"":""100""}},{""Tag"":""Attribute"",""Attributes"":{""Symbol"":""magic_stamina"",""Rate"":""100""}}]"
19464,Equip,10512093,12,Thái Âm Trừng Hư Thủ,Cuff4_6,3,70,1,152,3,96,-1,2240,1792,200,true,4,96,4,4,1,-1,-1,,"Tịch dương đáo ảnh tùng âm loạn, thái dịch trừng hư nguyệt ảnh khoan.<color=#00FF00>",,"[{""Tag"":""BaseAttribute"",""Attributes"":{""Symbol"":""magic_physdefbase"",""Value"":""298""}},{""Tag"":""BaseAttribute"",""Attributes"":{""Symbol"":""magic_magicdefbase"",""Value"":""298""}},{""Tag"":""Attribute"",""Attributes"":{""Symbol"":""magic_maxhp"",""Rate"":""100""}},{""Tag"":""Attribute"",""Attributes"":{""Symbol"":""magic_physdef"",""Rate"":""100""}},{""Tag"":""Attribute"",""Attributes"":{""Symbol"":""magic_strength"",""Rate"":""100""}},{""Tag"":""Attribute"",""Attributes"":{""Symbol"":""magic_dexterity"",""Rate"":""100""}}]"
19465,Equip,10512094,12,Ngân Tranh Lộng Huyền Tự,Cuff4_6,3,70,1,153,3,96,-1,2240,1792,200,true,4,96,4,4,1,-1,-1,,"Ngân tranh dục tướng tâm sự tả, Trường hu khí thanh dục lộng huyền.<color=#00FF00>",,"[{""Tag"":""BaseAttribute"",""Attributes"":{""Symbol"":""magic_physdefbase"",""Value"":""298""}},{""Tag"":""BaseAttribute"",""Attributes"":{""Symbol"":""magic_magicdefbase"",""Value"":""298""}},{""Tag"":""Attribute"",""Attributes"":{""Symbol"":""magic_maxhp"",""Rate"":""100""}},{""Tag"":""Attribute"",""Attributes"":{""Symbol"":""magic_hit"",""Rate"":""100""}},{""Tag"":""Attribute"",""Attributes"":{""Symbol"":""magic_strength"",""Rate"":""100""}},{""Tag"":""Attribute"",""Attributes"":{""Symbol"":""magic_energy"",""Rate"":""100""}}]"
19466,Equip,10512095,12,Hận Thiên Đăng Lâu Khâm,Cuff4_6,3,70,1,154,3,96,-1,2240,1792,200,true,4,96,4,4,1,-1,-1,,"Đăng lâu ý, hận vô thượng thiên thê!<color=#00FF00>",,"[{""Tag"":""BaseAttribute"",""Attributes"":{""Symbol"":""magic_physdefbase"",""Value"":""298""}},{""Tag"":""BaseAttribute"",""Attributes"":{""Symbol"":""magic_magicdefbase"",""Value"":""298""}},{""Tag"":""Attribute"",""Attributes"":{""Symbol"":""magic_maxhp"",""Rate"":""100""}},{""Tag"":""Attribute"",""Attributes"":{""Symbol"":""magic_magicdef"",""Rate"":""100""}},{""Tag"":""Attribute"",""Attributes"":{""Symbol"":""magic_stamina"",""Rate"":""100""}},{""Tag"":""Attribute"",""Attributes"":{""Symbol"":""magic_dexterity"",""Rate"":""100""}}]"
19467,Equip,10512096,12,Chưa dùng,Cuff3_11,3,71,2,-1,-1,70,-1,1255,1004,200,true,4,70,3,3,1,-1,-1,,Chưa dùng,,"[{""Tag"":""BaseAttribute"",""Attributes"":{""Symbol"":""magic_physdefbase"",""Value"":""234""}},{""Tag"":""BaseAttribute"",""Attributes"":{""Symbol"":""magic_magicdefbase"",""Value"":""234""}},{""Tag"":""Attribute"",""Attributes"":{""Symbol"":""magic_hit"",""Rate"":""100""}},{""Tag"":""Attribute"",""Attributes"":{""Symbol"":""magic_energy"",""Rate"":""100""}},{""Tag"":""Attribute"",""Attributes"":{""Symbol"":""magic_intelligence"",""Rate"":""100""}}]"
19468,Equip,10512097,12,Chưa dùng,Cuff3_12,3,72,2,-1,-1,80,-1,1640,1312,200,true,4,80,3,3,1,-1,-1,,Chưa dùng,,"[{""Tag"":""BaseAttribute"",""Attributes"":{""Symbol"":""magic_physdefbase"",""Value"":""266""}},{""Tag"":""BaseAttribute"",""Attributes"":{""Symbol"":""magic_magicdefbase"",""Value"":""266""}},{""Tag"":""Attribute"",""Attributes"":{""Symbol"":""magic_hit"",""Rate"":""100""}},{""Tag"":""Attribute"",""Attributes"":{""Symbol"":""magic_energy"",""Rate"":""100""}},{""Tag"":""Attribute"",""Attributes"":{""Symbol"":""magic_intelligence"",""Rate"":""100""}}]"
19469,Equip,10512098,12,Chưa dùng,Cuff3_3,3,73,2,-1,-1,90,-1,2240,1792,200,true,4,90,4,4,1,-1,-1,,Chưa dùng,,"[{""Tag"":""BaseAttribute"",""Attributes"":{""Symbol"":""magic_physdefbase"",""Value"":""298""}},{""Tag"":""BaseAttribute"",""Attributes"":{""Symbol"":""magic_magicdefbase"",""Value"":""298""}},{""Tag"":""Attribute"",""Attributes"":{""Symbol"":""magic_maxmp"",""Rate"":""100""}},{""Tag"":""Attribute"",""Attributes"":{""Symbol"":""magic_hit"",""Rate"":""100""}},{""Tag"":""Attribute"",""Attributes"":{""Symbol"":""magic_energy"",""Rate"":""100""}},{""Tag"":""Attribute"",""Attributes"":{""Symbol"":""magic_intelligence"",""Rate"":""100""}}]"
19470,Equip,10512099,12,Chưa dùng,Cuff3_8,3,74,2,-1,-1,100,-1,3160,2528,200,true,4,100,4,4,1,-1,-1,,Chưa dùng,,"[{""Tag"":""BaseAttribute"",""Attributes"":{""Symbol"":""magic_physdefbase"",""Value"":""330""}},{""Tag"":""BaseAttribute"",""Attributes"":{""Symbol"":""magic_magicdefbase"",""Value"":""330""}},{""Tag"":""Attribute"",""Attributes"":{""Symbol"":""magic_maxmp"",""Rate"":""100""}},{""Tag"":""Attribute"",""Attributes"":{""Symbol"":""magic_hit"",""Rate"":""100""}},{""Tag"":""Attribute"",""Attributes"":{""Symbol"":""magic_energy"",""Rate"":""100""}},{""Tag"":""Attribute"",""Attributes"":{""Symbol"":""magic_intelligence"",""Rate"":""100""}}]"
19471,Equip,10512100,12,Chưa dùng,Cuff3_4,3,71,2,-1,-1,10,-1,30,24,200,true,4,10,1,1,1,-1,-1,,Chưa dùng,,"[{""Tag"":""BaseAttribute"",""Attributes"":{""Symbol"":""magic_physdefbase"",""Value"":""42""}},{""Tag"":""BaseAttribute"",""Attributes"":{""Symbol"":""magic_magicdefbase"",""Value"":""42""}},{""Tag"":""Attribute"",""Attributes"":{""Symbol"":""magic_dexterity"",""Rate"":""100""}}]"
19472,Equip,10512101,12,Chưa dùng,Cuff3_9,3,72,2,-1,-1,20,-1,109,87,200,true,4,20,1,1,1,-1,-1,,Chưa dùng,,"[{""Tag"":""BaseAttribute"",""Attributes"":{""Symbol"":""magic_physdefbase"",""Value"":""74""}},{""Tag"":""BaseAttribute"",""Attributes"":{""Symbol"":""magic_magicdefbase"",""Value"":""74""}},{""Tag"":""Attribute"",""Attributes"":{""Symbol"":""magic_dexterity"",""Rate"":""100""}}]"
19473,Equip,10512102,12,Chưa dùng,Cuff4_3,3,73,2,-1,-1,30,-1,169,135,200,true,4,30,1,1,1,-1,-1,,Chưa dùng,,"[{""Tag"":""BaseAttribute"",""Attributes"":{""Symbol"":""magic_physdefbase"",""Value"":""106""}},{""Tag"":""BaseAttribute"",""Attributes"":{""Symbol"":""magic_magicdefbase"",""Value"":""106""}},{""Tag"":""Attribute"",""Attributes"":{""Symbol"":""magic_dexterity"",""Rate"":""100""}}]"
19474,Equip,10512103,12,Chưa dùng,Cuff4_4,3,74,2,-1,-1,40,-1,331,264,200,true,4,40,2,2,1,-1,-1,,Chưa dùng,,"[{""Tag"":""BaseAttribute"",""Attributes"":{""Symbol"":""magic_physdefbase"",""Value"":""138""}},{""Tag"":""BaseAttribute"",""Attributes"":{""Symbol"":""magic_magicdefbase"",""Value"":""138""}},{""Tag"":""Attribute"",""Attributes"":{""Symbol"":""magic_stamina"",""Rate"":""100""}},{""Tag"":""Attribute"",""Attributes"":{""Symbol"":""magic_dexterity"",""Rate"":""100""}}]"
19475,Equip,10512104,12,Chưa dùng,Cuff2_10,3,75,2,-1,-1,50,-1,554,443,200,true,4,50,2,2,1,-1,-1,,Chưa dùng,,"[{""Tag"":""BaseAttribute"",""Attributes"":{""Symbol"":""magic_physdefbase"",""Value"":""170""}},{""Tag"":""BaseAttribute"",""Attributes"":{""Symbol"":""magic_magicdefbase"",""Value"":""170""}},{""Tag"":""Attribute"",""Attributes"":{""Symbol"":""magic_stamina"",""Rate"":""100""}},{""Tag"":""Attribute"",""Attributes"":{""Symbol"":""magic_dexterity"",""Rate"":""100""}}]"
19476,Equip,10512105,12,Chưa dùng,Cuff2_12,3,76,2,-1,-1,60,-1,890,712,200,true,4,60,2,2,1,-1,-1,,Chưa dùng,,"[{""Tag"":""BaseAttribute"",""Attributes"":{""Symbol"":""magic_physdefbase"",""Value"":""202""}},{""Tag"":""BaseAttribute"",""Attributes"":{""Symbol"":""magic_magicdefbase"",""Value"":""202""}},{""Tag"":""Attribute"",""Attributes"":{""Symbol"":""magic_stamina"",""Rate"":""100""}},{""Tag"":""Attribute"",""Attributes"":{""Symbol"":""magic_dexterity"",""Rate"":""100""}}]"
19477,Equip,10512106,12,Chưa dùng,Cuff3_1,3,77,2,-1,-1,70,-1,1255,1004,200,true,4,70,3,3,1,-1,-1,,Chưa dùng,,"[{""Tag"":""BaseAttribute"",""Attributes"":{""Symbol"":""magic_physdefbase"",""Value"":""234""}},{""Tag"":""BaseAttribute"",""Attributes"":{""Symbol"":""magic_magicdefbase"",""Value"":""234""}},{""Tag"":""Attribute"",""Attributes"":{""Symbol"":""magic_hit"",""Rate"":""100""}},{""Tag"":""Attribute"",""Attributes"":{""Symbol"":""magic_stamina"",""Rate"":""100""}},{""Tag"":""Attribute"",""Attributes"":{""Symbol"":""magic_dexterity"",""Rate"":""100""}}]"
19478,Equip,10512107,12,Chưa dùng,Cuff3_12,3,78,2,-1,-1,80,-1,1640,1312,200,true,4,80,3,3,1,-1,-1,,Chưa dùng,,"[{""Tag"":""BaseAttribute"",""Attributes"":{""Symbol"":""magic_physdefbase"",""Value"":""266""}},{""Tag"":""BaseAttribute"",""Attributes"":{""Symbol"":""magic_magicdefbase"",""Value"":""266""}},{""Tag"":""Attribute"",""Attributes"":{""Symbol"":""magic_hit"",""Rate"":""100""}},{""Tag"":""Attribute"",""Attributes"":{""Symbol"":""magic_stamina"",""Rate"":""100""}},{""Tag"":""Attribute"",""Attributes"":{""Symbol"":""magic_dexterity"",""Rate"":""100""}}]"
19479,Equip,10512108,12,Chưa dùng,Cuff3_3,3,79,2,-1,-1,90,-1,2240,1792,200,true,4,90,4,4,1,-1,-1,,Chưa dùng,,"[{""Tag"":""BaseAttribute"",""Attributes"":{""Symbol"":""magic_physdefbase"",""Value"":""298""}},{""Tag"":""BaseAttribute"",""Attributes"":{""Symbol"":""magic_magicdefbase"",""Value"":""298""}},{""Tag"":""Attribute"",""Attributes"":{""Symbol"":""magic_maxhp"",""Rate"":""100""}},{""Tag"":""Attribute"",""Attributes"":{""Symbol"":""magic_hit"",""Rate"":""100""}},{""Tag"":""Attribute"",""Attributes"":{""Symbol"":""magic_stamina"",""Rate"":""100""}},{""Tag"":""Attribute"",""Attributes"":{""Symbol"":""magic_dexterity"",""Rate"":""100""}}]"
19480,Equip,10512109,12,Chưa dùng,Cuff3_8,3,80,2,-1,-1,100,-1,3160,2528,200,true,4,100,4,4,1,-1,-1,,Chưa dùng,,"[{""Tag"":""BaseAttribute"",""Attributes"":{""Symbol"":""magic_physdefbase"",""Value"":""330""}},{""Tag"":""BaseAttribute"",""Attributes"":{""Symbol"":""magic_magicdefbase"",""Value"":""330""}},{""Tag"":""Attribute"",""Attributes"":{""Symbol"":""magic_maxhp"",""Rate"":""100""}},{""Tag"":""Attribute"",""Attributes"":{""Symbol"":""magic_hit"",""Rate"":""100""}},{""Tag"":""Attribute"",""Attributes"":{""Symbol"":""magic_stamina"",""Rate"":""100""}},{""Tag"":""Attribute"",""Attributes"":{""Symbol"":""magic_dexterity"",""Rate"":""100""}}]"
19481,Equip,10512110,12,Bích Liễu Hộ Thủ,Cuff2_6,3,61,1,164,3,10,-1,30,24,200,true,4,10,1,1,1,-1,-1,,"Nộn liễu trừu ty, bích như noãn ngọc; tân tước nhiễu lương, xuân dĩ nghinh lai. Vật này sinh ra từ liễu.<color=#00FF00><br>(Cả bộ do Mộ Dung Thanh Sơn của <color=#FFFF00>Mộ Dung<color=#00FF00> thiết kế)<color=#00FF00>",,"[{""Tag"":""BaseAttribute"",""Attributes"":{""Symbol"":""magic_physdefbase"",""Value"":""42""}},{""Tag"":""BaseAttribute"",""Attributes"":{""Symbol"":""magic_magicdefbase"",""Value"":""42""}},{""Tag"":""Attribute"",""Attributes"":{""Symbol"":""magic_energy"",""Rate"":""100""}}]"
19482,Equip,10512111,12,Chưa dùng,Cuff2_14,3,62,2,-1,-1,20,-1,109,87,200,true,4,20,1,1,1,-1,-1,,Chưa dùng,,"[{""Tag"":""BaseAttribute"",""Attributes"":{""Symbol"":""magic_physdefbase"",""Value"":""74""}},{""Tag"":""BaseAttribute"",""Attributes"":{""Symbol"":""magic_magicdefbase"",""Value"":""74""}},{""Tag"":""Attribute"",""Attributes"":{""Symbol"":""magic_energy"",""Rate"":""100""}}]"
19483,Equip,10512112,12,Chưa dùng,Cuff2_10,3,63,2,-1,-1,30,-1,169,135,200,true,4,30,1,1,1,-1,-1,,Chưa dùng,,"[{""Tag"":""BaseAttribute"",""Attributes"":{""Symbol"":""magic_physdefbase"",""Value"":""106""}},{""Tag"":""BaseAttribute"",""Attributes"":{""Symbol"":""magic_magicdefbase"",""Value"":""106""}},{""Tag"":""Attribute"",""Attributes"":{""Symbol"":""magic_energy"",""Rate"":""100""}}]"
19484,Equip,10512113,12,Ánh Nguyệt Như Ngọc Thủ,Cuff2_12,3,64,1,167,3,40,-1,331,264,200,true,4,40,2,2,1,-1,-1,,"Mỗi đêm 15, trăng rằm treo cao, như mỹ ngọc giữa trời, soi rọi khắp nhân gian. Vật này sinh ra từ trăng.<color=#00FF00><br>(Cả bộ do Mộ Dung Thanh Sơn của <color=#FFFF00>Mộ Dung<color=#00FF00> thiết kế)<color=#00FF00>",,"[{""Tag"":""BaseAttribute"",""Attributes"":{""Symbol"":""magic_physdefbase"",""Value"":""138""}},{""Tag"":""BaseAttribute"",""Attributes"":{""Symbol"":""magic_magicdefbase"",""Value"":""138""}},{""Tag"":""Attribute"",""Attributes"":{""Symbol"":""magic_energy"",""Rate"":""100""}},{""Tag"":""Attribute"",""Attributes"":{""Symbol"":""magic_stamina"",""Rate"":""100""}}]"
19485,Equip,10512114,12,Chưa dùng,Cuff3_1,3,65,2,-1,-1,50,-1,554,443,200,true,4,50,2,2,1,-1,-1,,Chưa dùng,,"[{""Tag"":""BaseAttribute"",""Attributes"":{""Symbol"":""magic_physdefbase"",""Value"":""170""}},{""Tag"":""BaseAttribute"",""Attributes"":{""Symbol"":""magic_magicdefbase"",""Value"":""170""}},{""Tag"":""Attribute"",""Attributes"":{""Symbol"":""magic_energy"",""Rate"":""100""}},{""Tag"":""Attribute"",""Attributes"":{""Symbol"":""magic_stamina"",""Rate"":""100""}}]"
19486,Equip,10512115,12,Chưa dùng,Cuff3_2,3,66,2,-1,-1,60,-1,890,712,200,true,4,60,2,2,1,-1,-1,,Chưa dùng,,"[{""Tag"":""BaseAttribute"",""Attributes"":{""Symbol"":""magic_physdefbase"",""Value"":""202""}},{""Tag"":""BaseAttribute"",""Attributes"":{""Symbol"":""magic_magicdefbase"",""Value"":""202""}},{""Tag"":""Attribute"",""Attributes"":{""Symbol"":""magic_energy"",""Rate"":""100""}},{""Tag"":""Attribute"",""Attributes"":{""Symbol"":""magic_stamina"",""Rate"":""100""}}]"
19487,Equip,10512116,12,Chưa dùng,Cuff3_11,3,67,2,-1,-1,70,-1,1255,1004,200,true,4,70,3,3,1,-1,-1,,Chưa dùng,,"[{""Tag"":""BaseAttribute"",""Attributes"":{""Symbol"":""magic_physdefbase"",""Value"":""234""}},{""Tag"":""BaseAttribute"",""Attributes"":{""Symbol"":""magic_magicdefbase"",""Value"":""234""}},{""Tag"":""Attribute"",""Attributes"":{""Symbol"":""magic_hit"",""Rate"":""100""}},{""Tag"":""Attribute"",""Attributes"":{""Symbol"":""magic_energy"",""Rate"":""100""}},{""Tag"":""Attribute"",""Attributes"":{""Symbol"":""magic_stamina"",""Rate"":""100""}}]"
19488,Equip,10512117,12,Chưa dùng,Cuff3_12,3,68,2,-1,-1,80,-1,1640,1312,200,true,4,80,3,3,1,-1,-1,,Chưa dùng,,"[{""Tag"":""BaseAttribute"",""Attributes"":{""Symbol"":""magic_physdefbase"",""Value"":""266""}},{""Tag"":""BaseAttribute"",""Attributes"":{""Symbol"":""magic_magicdefbase"",""Value"":""266""}},{""Tag"":""Attribute"",""Attributes"":{""Symbol"":""magic_hit"",""Rate"":""100""}},{""Tag"":""Attribute"",""Attributes"":{""Symbol"":""magic_energy"",""Rate"":""100""}},{""Tag"":""Attribute"",""Attributes"":{""Symbol"":""magic_stamina"",""Rate"":""100""}}]"
19489,Equip,10512118,12,Huyền Vũ Hộ Thủ,Cuff3_3,3,69,1,172,3,90,-1,2240,1792,200,true,4,90,4,4,1,-1,-1,,"Hồng hoang vũ trụ, thiên địa huyền hoàng, Âm dương song điểm, tứ tượng lục hợp. Vật sinh ra từ Huyền Vũ. <color=#00FF00><br>(Cả bộ do Mộ Dung Thanh Sơn của <color=#FFFF00>Mộ Dung<color=#00FF00> thiết kế)<color=#00FF00>",,"[{""Tag"":""BaseAttribute"",""Attributes"":{""Symbol"":""magic_physdefbase"",""Value"":""298""}},{""Tag"":""BaseAttribute"",""Attributes"":{""Symbol"":""magic_magicdefbase"",""Value"":""298""}},{""Tag"":""Attribute"",""Attributes"":{""Symbol"":""magic_magicatk"",""Rate"":""100""}},{""Tag"":""Attribute"",""Attributes"":{""Symbol"":""magic_hit"",""Rate"":""100""}},{""Tag"":""Attribute"",""Attributes"":{""Symbol"":""magic_energy"",""Rate"":""100""}},{""Tag"":""Attribute"",""Attributes"":{""Symbol"":""magic_stamina"",""Rate"":""100""}}]"
19490,Equip,10512119,12,Nhuệ Phong Hộ Thủ,Cuff3_8,3,70,1,175,3,100,-1,3160,2528,200,true,4,100,4,4,1,-1,-1,,"Vua của các loại binh khí, thân dài 3 thước, vô cùng sắc bén. <color=#00FF00><br>(Cả bộ do Mộ Dung Thanh Sơn của <color=#FFFF00>Mộ Dung<color=#00FF00> thiết kế)<color=#00FF00>",,"[{""Tag"":""BaseAttribute"",""Attributes"":{""Symbol"":""magic_physdefbase"",""Value"":""330""}},{""Tag"":""BaseAttribute"",""Attributes"":{""Symbol"":""magic_magicdefbase"",""Value"":""330""}},{""Tag"":""Attribute"",""Attributes"":{""Symbol"":""magic_magicatk"",""Rate"":""100""}},{""Tag"":""Attribute"",""Attributes"":{""Symbol"":""magic_hit"",""Rate"":""100""}},{""Tag"":""Attribute"",""Attributes"":{""Symbol"":""magic_energy"",""Rate"":""100""}},{""Tag"":""Attribute"",""Attributes"":{""Symbol"":""magic_stamina"",""Rate"":""100""}}]"
19491,Equip,10512120,12,Băng Ngưng Phong Hàn Hộ Thủ,Cuff5_5,3,423,1,184,3,86,-1,1640,1312,200,true,20,95,4,4,1,-1,-1,,"Phong hoa khinh bổng giai nhân diện, Xuân tuyết sơ ngưng đào hoa tâm.<color=#00FF00>",,"[{""Tag"":""BaseAttribute"",""Attributes"":{""Symbol"":""magic_physdefbase"",""Value"":""298""}},{""Tag"":""BaseAttribute"",""Attributes"":{""Symbol"":""magic_magicdefbase"",""Value"":""298""}},{""Tag"":""Attribute"",""Attributes"":{""Symbol"":""magic_hit"",""Rate"":""100""}},{""Tag"":""Attribute"",""Attributes"":{""Symbol"":""magic_critatk"",""Rate"":""100""}},{""Tag"":""Attribute"",""Attributes"":{""Symbol"":""magic_dexterity"",""Rate"":""100""}},{""Tag"":""Attribute"",""Attributes"":{""Symbol"":""magic_allattributes"",""Rate"":""100""}}]"
19492,Equip,10512121,12,Hỏa Sí Phần Diễm Hộ Thủ,Cuff5_1,3,421,1,185,3,86,-1,1640,1312,200,true,20,95,4,4,1,-1,-1,,"Tinh hỏa cửu chuyển dẫn đan tâm, Phần viêm ỷ nị tôi hào tình.<color=#00FF00>",,"[{""Tag"":""BaseAttribute"",""Attributes"":{""Symbol"":""magic_physdefbase"",""Value"":""298""}},{""Tag"":""BaseAttribute"",""Attributes"":{""Symbol"":""magic_magicdefbase"",""Value"":""298""}},{""Tag"":""Attribute"",""Attributes"":{""Symbol"":""magic_hit"",""Rate"":""100""}},{""Tag"":""Attribute"",""Attributes"":{""Symbol"":""magic_critatk"",""Rate"":""100""}},{""Tag"":""Attribute"",""Attributes"":{""Symbol"":""magic_dexterity"",""Rate"":""100""}},{""Tag"":""Attribute"",""Attributes"":{""Symbol"":""magic_allattributes"",""Rate"":""100""}}]"
19493,Equip,10512122,12,Huyền Quang Lôi Sát Hộ Thủ,Cuff5_3,3,422,1,186,3,86,-1,1640,1312,200,true,20,95,4,4,1,-1,-1,,"Vân lôi chi khí hữu huyền tông, Sinh sinh lưu chuyển quang ảnh nồng.<color=#00FF00>",,"[{""Tag"":""BaseAttribute"",""Attributes"":{""Symbol"":""magic_physdefbase"",""Value"":""298""}},{""Tag"":""BaseAttribute"",""Attributes"":{""Symbol"":""magic_magicdefbase"",""Value"":""298""}},{""Tag"":""Attribute"",""Attributes"":{""Symbol"":""magic_hit"",""Rate"":""100""}},{""Tag"":""Attribute"",""Attributes"":{""Symbol"":""magic_critatk"",""Rate"":""100""}},{""Tag"":""Attribute"",""Attributes"":{""Symbol"":""magic_dexterity"",""Rate"":""100""}},{""Tag"":""Attribute"",""Attributes"":{""Symbol"":""magic_allattributes"",""Rate"":""100""}}]"
19494,Equip,10512123,12,Độc Ảnh Chướng Hoa Hộ Thủ,Cuff5_7,3,424,1,187,3,86,-1,1640,1312,200,true,20,95,4,4,1,-1,-1,,"Bích ảnh thâm thâm dẫn vân phi, Tiêu trạch yểm yểm chướng hoa toái.<color=#00FF00>",,"[{""Tag"":""BaseAttribute"",""Attributes"":{""Symbol"":""magic_physdefbase"",""Value"":""298""}},{""Tag"":""BaseAttribute"",""Attributes"":{""Symbol"":""magic_magicdefbase"",""Value"":""298""}},{""Tag"":""Attribute"",""Attributes"":{""Symbol"":""magic_hit"",""Rate"":""100""}},{""Tag"":""Attribute"",""Attributes"":{""Symbol"":""magic_critatk"",""Rate"":""100""}},{""Tag"":""Attribute"",""Attributes"":{""Symbol"":""magic_dexterity"",""Rate"":""100""}},{""Tag"":""Attribute"",""Attributes"":{""Symbol"":""magic_allattributes"",""Rate"":""100""}}]"
19495,Equip,10512124,12,Băng Túy Ảnh Nguyệt Hộ Thủ,Cuff5_6,3,411,1,188,3,96,-1,2240,1792,200,true,20,105,4,4,1,-1,-1,,"Hàn vân tôi nguyệt khinh sương vũ, Tố ảnh tận diệt lãnh hà trung.<color=#00FF00>",,"[{""Tag"":""BaseAttribute"",""Attributes"":{""Symbol"":""magic_physdefbase"",""Value"":""330""}},{""Tag"":""BaseAttribute"",""Attributes"":{""Symbol"":""magic_magicdefbase"",""Value"":""330""}},{""Tag"":""Attribute"",""Attributes"":{""Symbol"":""magic_hit"",""Rate"":""100""}},{""Tag"":""Attribute"",""Attributes"":{""Symbol"":""magic_critatk"",""Rate"":""100""}},{""Tag"":""Attribute"",""Attributes"":{""Symbol"":""magic_dexterity"",""Rate"":""100""}},{""Tag"":""Attribute"",""Attributes"":{""Symbol"":""magic_allattributes"",""Rate"":""100""}}]"
19496,Equip,10512125,12,Hỏa Ánh Tịch Dương Hộ Thủ,Cuff5_2,3,409,1,189,3,96,-1,2240,1792,200,true,20,105,4,4,1,-1,-1,,"Vân dương phất tựu trụy thiên hỏa, Khô hải trầm liệt cửu châu hạc.<color=#00FF00>",,"[{""Tag"":""BaseAttribute"",""Attributes"":{""Symbol"":""magic_physdefbase"",""Value"":""330""}},{""Tag"":""BaseAttribute"",""Attributes"":{""Symbol"":""magic_magicdefbase"",""Value"":""330""}},{""Tag"":""Attribute"",""Attributes"":{""Symbol"":""magic_hit"",""Rate"":""100""}},{""Tag"":""Attribute"",""Attributes"":{""Symbol"":""magic_critatk"",""Rate"":""100""}},{""Tag"":""Attribute"",""Attributes"":{""Symbol"":""magic_dexterity"",""Rate"":""100""}},{""Tag"":""Attribute"",""Attributes"":{""Symbol"":""magic_allattributes"",""Rate"":""100""}}]"
19497,Equip,10512126,12,Huyền Minh Diệu Thần Hộ Thủ,Cuff5_4,3,410,1,190,3,96,-1,2240,1792,200,true,20,105,4,4,1,-1,-1,,"Huyền quang nhất hiện thiên địa khai, Thanh trọc lưỡng phân tinh trần hiện.<color=#00FF00>",,"[{""Tag"":""BaseAttribute"",""Attributes"":{""Symbol"":""magic_physdefbase"",""Value"":""330""}},{""Tag"":""BaseAttribute"",""Attributes"":{""Symbol"":""magic_magicdefbase"",""Value"":""330""}},{""Tag"":""Attribute"",""Attributes"":{""Symbol"":""magic_hit"",""Rate"":""100""}},{""Tag"":""Attribute"",""Attributes"":{""Symbol"":""magic_critatk"",""Rate"":""100""}},{""Tag"":""Attribute"",""Attributes"":{""Symbol"":""magic_dexterity"",""Rate"":""100""}},{""Tag"":""Attribute"",""Attributes"":{""Symbol"":""magic_allattributes"",""Rate"":""100""}}]"
19498,Equip,10512127,12,Độc Minh Ảm Diệt Hộ Thủ,Cuff5_8,3,412,1,191,3,96,-1,2240,1792,200,true,20,105,4,4,1,-1,-1,,"Nhược thủy đông lai thanh minh biến, Độc vân khả túy tự tại tiên.<color=#00FF00>",,"[{""Tag"":""BaseAttribute"",""Attributes"":{""Symbol"":""magic_physdefbase"",""Value"":""330""}},{""Tag"":""BaseAttribute"",""Attributes"":{""Symbol"":""magic_magicdefbase"",""Value"":""330""}},{""Tag"":""Attribute"",""Attributes"":{""Symbol"":""magic_hit"",""Rate"":""100""}},{""Tag"":""Attribute"",""Attributes"":{""Symbol"":""magic_critatk"",""Rate"":""100""}},{""Tag"":""Attribute"",""Attributes"":{""Symbol"":""magic_dexterity"",""Rate"":""100""}},{""Tag"":""Attribute"",""Attributes"":{""Symbol"":""magic_allattributes"",""Rate"":""100""}}]"
19499,Equip,10512128,12,Chưa dùng,Hat3_8,3,69,2,-1,-1,90,-1,2240,1792,200,true,4,90,4,4,1,-1,-1,,Chưa dùng,,"[{""Tag"":""BaseAttribute"",""Attributes"":{""Symbol"":""magic_physdefbase"",""Value"":""298""}},{""Tag"":""BaseAttribute"",""Attributes"":{""Symbol"":""magic_magicdefbase"",""Value"":""298""}},{""Tag"":""Attribute"",""Attributes"":{""Symbol"":""magic_magicatk"",""Rate"":""100""}},{""Tag"":""Attribute"",""Attributes"":{""Symbol"":""magic_hit"",""Rate"":""100""}},{""Tag"":""Attribute"",""Attributes"":{""Symbol"":""magic_energy"",""Rate"":""100""}},{""Tag"":""Attribute"",""Attributes"":{""Symbol"":""magic_stamina"",""Rate"":""100""}}]"
19500,Equip,10512129,12,Chưa dùng,Hat3_7,3,70,2,-1,-1,100,-1,3160,2528,200,true,4,100,4,4,1,-1,-1,,Chưa dùng,,"[{""Tag"":""BaseAttribute"",""Attributes"":{""Symbol"":""magic_physdefbase"",""Value"":""330""}},{""Tag"":""BaseAttribute"",""Attributes"":{""Symbol"":""magic_magicdefbase"",""Value"":""330""}},{""Tag"":""Attribute"",""Attributes"":{""Symbol"":""magic_magicatk"",""Rate"":""100""}},{""Tag"":""Attribute"",""Attributes"":{""Symbol"":""magic_hit"",""Rate"":""100""}},{""Tag"":""Attribute"",""Attributes"":{""Symbol"":""magic_energy"",""Rate"":""100""}},{""Tag"":""Attribute"",""Attributes"":{""Symbol"":""magic_stamina"",""Rate"":""100""}}]"
