ID,Name,Icon,ItemLevel,RequireLevel,BoundMoney,BasePrice,SellPrice,Throwable,Sellable,Bound,Stack,MaxUsageTimes,DurationHour,ExtraHint,ScriptID,TypeDesc,Description,IDFamily10M
30071172,<color=#1A9FFF>Chân Nguyên Ngoại Thủ (Cấp 2)</color>,ZhenYuan4_5,1,1,false,4,1,true,true,false,1,-1,-1,,-1,Chân Nguyên,"Viên chân nguyên quý hiếm, gắn lên trang bị sẽ gia tăng <color=#FFFF00>thuộc tính</color> vốn có của <color=#00FF00>trang bị</color> cũng như thuộc tính tăng cường của <color=#00FF00>bảo thạch</color> đã được khảm nạm trên trang bị đó.",3
30071173,<color=#1A9FFF>Chân Nguyên Ngoại Thủ (Cấp 3)</color>,ZhenYuan4_5,1,1,false,4,1,true,true,false,1,-1,-1,,-1,Chân Nguyên,"Viên chân nguyên quý hiếm, gắn lên trang bị sẽ gia tăng <color=#FFFF00>thuộc tính</color> vốn có của <color=#00FF00>trang bị</color> cũng như thuộc tính tăng cường của <color=#00FF00>bảo thạch</color> đã được khảm nạm trên trang bị đó.",3
30071174,<color=#1A9FFF>Chân Nguyên Ngoại Thủ (Cấp 4)</color>,ZhenYuan4_5,1,1,false,4,1,true,true,false,1,-1,-1,,-1,Chân Nguyên,"Viên chân nguyên quý hiếm, gắn lên trang bị sẽ gia tăng <color=#FFFF00>thuộc tính</color> vốn có của <color=#00FF00>trang bị</color> cũng như thuộc tính tăng cường của <color=#00FF00>bảo thạch</color> đã được khảm nạm trên trang bị đó.",3
30071175,<color=#1A9FFF>Chân Nguyên Ngoại Thủ (Cấp 5)</color>,ZhenYuan4_5,1,1,false,4,1,true,true,false,1,-1,-1,,-1,Chân Nguyên,"Viên chân nguyên quý hiếm, gắn lên trang bị sẽ gia tăng <color=#FFFF00>thuộc tính</color> vốn có của <color=#00FF00>trang bị</color> cũng như thuộc tính tăng cường của <color=#00FF00>bảo thạch</color> đã được khảm nạm trên trang bị đó.",3
30071176,<color=#1A9FFF>Chân Nguyên Ngoại Thủ (Cấp 6)</color>,ZhenYuan4_5,1,1,false,4,1,true,true,false,1,-1,-1,,-1,Chân Nguyên,"Viên chân nguyên quý hiếm, gắn lên trang bị sẽ gia tăng <color=#FFFF00>thuộc tính</color> vốn có của <color=#00FF00>trang bị</color> cũng như thuộc tính tăng cường của <color=#00FF00>bảo thạch</color> đã được khảm nạm trên trang bị đó.",3
30071177,<color=#1A9FFF>Chân Nguyên Ngoại Thủ (Cấp 7)</color>,ZhenYuan4_5,1,1,false,4,1,true,true,false,1,-1,-1,,-1,Chân Nguyên,"Viên chân nguyên quý hiếm, gắn lên trang bị sẽ gia tăng <color=#FFFF00>thuộc tính</color> vốn có của <color=#00FF00>trang bị</color> cũng như thuộc tính tăng cường của <color=#00FF00>bảo thạch</color> đã được khảm nạm trên trang bị đó.",3
30071178,<color=#1A9FFF>Chân Nguyên Ngoại Thủ (Cấp 8)</color>,ZhenYuan4_5,1,1,false,4,1,true,true,false,1,-1,-1,,-1,Chân Nguyên,"Viên chân nguyên quý hiếm, gắn lên trang bị sẽ gia tăng <color=#FFFF00>thuộc tính</color> vốn có của <color=#00FF00>trang bị</color> cũng như thuộc tính tăng cường của <color=#00FF00>bảo thạch</color> đã được khảm nạm trên trang bị đó.",3
30071179,<color=#1A9FFF>Chân Nguyên Ngoại Thủ (Cấp 9)</color>,ZhenYuan4_5,1,1,false,4,1,true,true,false,1,-1,-1,,-1,Chân Nguyên,"Viên chân nguyên quý hiếm, gắn lên trang bị sẽ gia tăng <color=#FFFF00>thuộc tính</color> vốn có của <color=#00FF00>trang bị</color> cũng như thuộc tính tăng cường của <color=#00FF00>bảo thạch</color> đã được khảm nạm trên trang bị đó.",3
30071180,<color=#1A9FFF>Chân Nguyên Ngoại Thủ (Cấp 10)</color>,ZhenYuan4_5,1,1,false,4,1,true,true,false,1,-1,-1,,-1,Chân Nguyên,"Viên chân nguyên quý hiếm, gắn lên trang bị sẽ gia tăng <color=#FFFF00>thuộc tính</color> vốn có của <color=#00FF00>trang bị</color> cũng như thuộc tính tăng cường của <color=#00FF00>bảo thạch</color> đã được khảm nạm trên trang bị đó.",3
30071181,<color=#D829FF>Chân Nguyên Ngoại Thủ (Cấp 1)</color>,ZhenYuan4_6,1,1,false,4,1,true,true,false,1,-1,-1,,-1,Chân Nguyên,"Viên chân nguyên quý hiếm, gắn lên trang bị sẽ gia tăng <color=#FFFF00>thuộc tính</color> vốn có của <color=#00FF00>trang bị</color> cũng như thuộc tính tăng cường của <color=#00FF00>bảo thạch</color> đã được khảm nạm trên trang bị đó.",3
30071182,<color=#D829FF>Chân Nguyên Ngoại Thủ (Cấp 2)</color>,ZhenYuan4_6,1,1,false,4,1,true,true,false,1,-1,-1,,-1,Chân Nguyên,"Viên chân nguyên quý hiếm, gắn lên trang bị sẽ gia tăng <color=#FFFF00>thuộc tính</color> vốn có của <color=#00FF00>trang bị</color> cũng như thuộc tính tăng cường của <color=#00FF00>bảo thạch</color> đã được khảm nạm trên trang bị đó.",3
30071183,<color=#D829FF>Chân Nguyên Ngoại Thủ (Cấp 3)</color>,ZhenYuan4_6,1,1,false,4,1,true,true,false,1,-1,-1,,-1,Chân Nguyên,"Viên chân nguyên quý hiếm, gắn lên trang bị sẽ gia tăng <color=#FFFF00>thuộc tính</color> vốn có của <color=#00FF00>trang bị</color> cũng như thuộc tính tăng cường của <color=#00FF00>bảo thạch</color> đã được khảm nạm trên trang bị đó.",3
30071184,<color=#D829FF>Chân Nguyên Ngoại Thủ (Cấp 4)</color>,ZhenYuan4_6,1,1,false,4,1,true,true,false,1,-1,-1,,-1,Chân Nguyên,"Viên chân nguyên quý hiếm, gắn lên trang bị sẽ gia tăng <color=#FFFF00>thuộc tính</color> vốn có của <color=#00FF00>trang bị</color> cũng như thuộc tính tăng cường của <color=#00FF00>bảo thạch</color> đã được khảm nạm trên trang bị đó.",3
30071185,<color=#D829FF>Chân Nguyên Ngoại Thủ (Cấp 5)</color>,ZhenYuan4_6,1,1,false,4,1,true,true,false,1,-1,-1,,-1,Chân Nguyên,"Viên chân nguyên quý hiếm, gắn lên trang bị sẽ gia tăng <color=#FFFF00>thuộc tính</color> vốn có của <color=#00FF00>trang bị</color> cũng như thuộc tính tăng cường của <color=#00FF00>bảo thạch</color> đã được khảm nạm trên trang bị đó.",3
30071186,<color=#D829FF>Chân Nguyên Ngoại Thủ (Cấp 6)</color>,ZhenYuan4_6,1,1,false,4,1,true,true,false,1,-1,-1,,-1,Chân Nguyên,"Viên chân nguyên quý hiếm, gắn lên trang bị sẽ gia tăng <color=#FFFF00>thuộc tính</color> vốn có của <color=#00FF00>trang bị</color> cũng như thuộc tính tăng cường của <color=#00FF00>bảo thạch</color> đã được khảm nạm trên trang bị đó.",3
30071187,<color=#D829FF>Chân Nguyên Ngoại Thủ (Cấp 7)</color>,ZhenYuan4_6,1,1,false,4,1,true,true,false,1,-1,-1,,-1,Chân Nguyên,"Viên chân nguyên quý hiếm, gắn lên trang bị sẽ gia tăng <color=#FFFF00>thuộc tính</color> vốn có của <color=#00FF00>trang bị</color> cũng như thuộc tính tăng cường của <color=#00FF00>bảo thạch</color> đã được khảm nạm trên trang bị đó.",3
30071188,<color=#D829FF>Chân Nguyên Ngoại Thủ (Cấp 8)</color>,ZhenYuan4_6,1,1,false,4,1,true,true,false,1,-1,-1,,-1,Chân Nguyên,"Viên chân nguyên quý hiếm, gắn lên trang bị sẽ gia tăng <color=#FFFF00>thuộc tính</color> vốn có của <color=#00FF00>trang bị</color> cũng như thuộc tính tăng cường của <color=#00FF00>bảo thạch</color> đã được khảm nạm trên trang bị đó.",3
30071189,<color=#D829FF>Chân Nguyên Ngoại Thủ (Cấp 9)</color>,ZhenYuan4_6,1,1,false,4,1,true,true,false,1,-1,-1,,-1,Chân Nguyên,"Viên chân nguyên quý hiếm, gắn lên trang bị sẽ gia tăng <color=#FFFF00>thuộc tính</color> vốn có của <color=#00FF00>trang bị</color> cũng như thuộc tính tăng cường của <color=#00FF00>bảo thạch</color> đã được khảm nạm trên trang bị đó.",3
30071190,<color=#D829FF>Chân Nguyên Ngoại Thủ (Cấp 10)</color>,ZhenYuan4_6,1,1,false,4,1,true,true,false,1,-1,-1,,-1,Chân Nguyên,"Viên chân nguyên quý hiếm, gắn lên trang bị sẽ gia tăng <color=#FFFF00>thuộc tính</color> vốn có của <color=#00FF00>trang bị</color> cũng như thuộc tính tăng cường của <color=#00FF00>bảo thạch</color> đã được khảm nạm trên trang bị đó.",3
30071191,<color=#FF8B0F>Chân Nguyên Ngoại Thủ (Cấp 1)</color>,ZhenYuan4_7,1,1,false,4,1,true,true,false,1,-1,-1,,-1,Chân Nguyên,"Viên chân nguyên quý hiếm, gắn lên trang bị sẽ gia tăng <color=#FFFF00>thuộc tính</color> vốn có của <color=#00FF00>trang bị</color> cũng như thuộc tính tăng cường của <color=#00FF00>bảo thạch</color> đã được khảm nạm trên trang bị đó.",3
30071192,<color=#FF8B0F>Chân Nguyên Ngoại Thủ (Cấp 2)</color>,ZhenYuan4_7,1,1,false,4,1,true,true,false,1,-1,-1,,-1,Chân Nguyên,"Viên chân nguyên quý hiếm, gắn lên trang bị sẽ gia tăng <color=#FFFF00>thuộc tính</color> vốn có của <color=#00FF00>trang bị</color> cũng như thuộc tính tăng cường của <color=#00FF00>bảo thạch</color> đã được khảm nạm trên trang bị đó.",3
30071193,<color=#FF8B0F>Chân Nguyên Ngoại Thủ (Cấp 3)</color>,ZhenYuan4_7,1,1,false,4,1,true,true,false,1,-1,-1,,-1,Chân Nguyên,"Viên chân nguyên quý hiếm, gắn lên trang bị sẽ gia tăng <color=#FFFF00>thuộc tính</color> vốn có của <color=#00FF00>trang bị</color> cũng như thuộc tính tăng cường của <color=#00FF00>bảo thạch</color> đã được khảm nạm trên trang bị đó.",3
30071194,<color=#FF8B0F>Chân Nguyên Ngoại Thủ (Cấp 4)</color>,ZhenYuan4_7,1,1,false,4,1,true,true,false,1,-1,-1,,-1,Chân Nguyên,"Viên chân nguyên quý hiếm, gắn lên trang bị sẽ gia tăng <color=#FFFF00>thuộc tính</color> vốn có của <color=#00FF00>trang bị</color> cũng như thuộc tính tăng cường của <color=#00FF00>bảo thạch</color> đã được khảm nạm trên trang bị đó.",3
30071195,<color=#FF8B0F>Chân Nguyên Ngoại Thủ (Cấp 5)</color>,ZhenYuan4_7,1,1,false,4,1,true,true,false,1,-1,-1,,-1,Chân Nguyên,"Viên chân nguyên quý hiếm, gắn lên trang bị sẽ gia tăng <color=#FFFF00>thuộc tính</color> vốn có của <color=#00FF00>trang bị</color> cũng như thuộc tính tăng cường của <color=#00FF00>bảo thạch</color> đã được khảm nạm trên trang bị đó.",3
30071196,<color=#FF8B0F>Chân Nguyên Ngoại Thủ (Cấp 6)</color>,ZhenYuan4_7,1,1,false,4,1,true,true,false,1,-1,-1,,-1,Chân Nguyên,"Viên chân nguyên quý hiếm, gắn lên trang bị sẽ gia tăng <color=#FFFF00>thuộc tính</color> vốn có của <color=#00FF00>trang bị</color> cũng như thuộc tính tăng cường của <color=#00FF00>bảo thạch</color> đã được khảm nạm trên trang bị đó.",3
30071197,<color=#FF8B0F>Chân Nguyên Ngoại Thủ (Cấp 7)</color>,ZhenYuan4_7,1,1,false,4,1,true,true,false,1,-1,-1,,-1,Chân Nguyên,"Viên chân nguyên quý hiếm, gắn lên trang bị sẽ gia tăng <color=#FFFF00>thuộc tính</color> vốn có của <color=#00FF00>trang bị</color> cũng như thuộc tính tăng cường của <color=#00FF00>bảo thạch</color> đã được khảm nạm trên trang bị đó.",3
30071198,<color=#FF8B0F>Chân Nguyên Ngoại Thủ (Cấp 8)</color>,ZhenYuan4_7,1,1,false,4,1,true,true,false,1,-1,-1,,-1,Chân Nguyên,"Viên chân nguyên quý hiếm, gắn lên trang bị sẽ gia tăng <color=#FFFF00>thuộc tính</color> vốn có của <color=#00FF00>trang bị</color> cũng như thuộc tính tăng cường của <color=#00FF00>bảo thạch</color> đã được khảm nạm trên trang bị đó.",3
30071199,<color=#FF8B0F>Chân Nguyên Ngoại Thủ (Cấp 9)</color>,ZhenYuan4_7,1,1,false,4,1,true,true,false,1,-1,-1,,-1,Chân Nguyên,"Viên chân nguyên quý hiếm, gắn lên trang bị sẽ gia tăng <color=#FFFF00>thuộc tính</color> vốn có của <color=#00FF00>trang bị</color> cũng như thuộc tính tăng cường của <color=#00FF00>bảo thạch</color> đã được khảm nạm trên trang bị đó.",3
30071200,<color=#FF8B0F>Chân Nguyên Ngoại Thủ (Cấp 10)</color>,ZhenYuan4_7,1,1,false,4,1,true,true,false,1,-1,-1,,-1,Chân Nguyên,"Viên chân nguyên quý hiếm, gắn lên trang bị sẽ gia tăng <color=#FFFF00>thuộc tính</color> vốn có của <color=#00FF00>trang bị</color> cũng như thuộc tính tăng cường của <color=#00FF00>bảo thạch</color> đã được khảm nạm trên trang bị đó.",3
30071201,<color=#FFFF00>Chân Nguyên Ngoại Thủ (Cấp 1)</color>,ZhenYuanGold1_7,1,1,false,4,1,true,true,false,1,-1,-1,,-1,Chân Nguyên,"Viên chân nguyên quý hiếm, gắn lên trang bị sẽ gia tăng <color=#FFFF00>thuộc tính</color> vốn có của <color=#00FF00>trang bị</color> cũng như thuộc tính tăng cường của <color=#00FF00>bảo thạch</color> đã được khảm nạm trên trang bị đó.",3
30071202,<color=#FFFF00>Chân Nguyên Ngoại Thủ (Cấp 2)</color>,ZhenYuanGold1_7,1,1,false,4,1,true,true,false,1,-1,-1,,-1,Chân Nguyên,"Viên chân nguyên quý hiếm, gắn lên trang bị sẽ gia tăng <color=#FFFF00>thuộc tính</color> vốn có của <color=#00FF00>trang bị</color> cũng như thuộc tính tăng cường của <color=#00FF00>bảo thạch</color> đã được khảm nạm trên trang bị đó.",3
30071203,<color=#FFFF00>Chân Nguyên Ngoại Thủ (Cấp 3)</color>,ZhenYuanGold1_7,1,1,false,4,1,true,true,false,1,-1,-1,,-1,Chân Nguyên,"Viên chân nguyên quý hiếm, gắn lên trang bị sẽ gia tăng <color=#FFFF00>thuộc tính</color> vốn có của <color=#00FF00>trang bị</color> cũng như thuộc tính tăng cường của <color=#00FF00>bảo thạch</color> đã được khảm nạm trên trang bị đó.",3
30071204,<color=#FFFF00>Chân Nguyên Ngoại Thủ (Cấp 4)</color>,ZhenYuanGold1_7,1,1,false,4,1,true,true,false,1,-1,-1,,-1,Chân Nguyên,"Viên chân nguyên quý hiếm, gắn lên trang bị sẽ gia tăng <color=#FFFF00>thuộc tính</color> vốn có của <color=#00FF00>trang bị</color> cũng như thuộc tính tăng cường của <color=#00FF00>bảo thạch</color> đã được khảm nạm trên trang bị đó.",3
30071205,<color=#FFFF00>Chân Nguyên Ngoại Thủ (Cấp 5)</color>,ZhenYuanGold1_7,1,1,false,4,1,true,true,false,1,-1,-1,,-1,Chân Nguyên,"Viên chân nguyên quý hiếm, gắn lên trang bị sẽ gia tăng <color=#FFFF00>thuộc tính</color> vốn có của <color=#00FF00>trang bị</color> cũng như thuộc tính tăng cường của <color=#00FF00>bảo thạch</color> đã được khảm nạm trên trang bị đó.",3
30071206,<color=#FFFF00>Chân Nguyên Ngoại Thủ (Cấp 6)</color>,ZhenYuanGold1_7,1,1,false,4,1,true,true,false,1,-1,-1,,-1,Chân Nguyên,"Viên chân nguyên quý hiếm, gắn lên trang bị sẽ gia tăng <color=#FFFF00>thuộc tính</color> vốn có của <color=#00FF00>trang bị</color> cũng như thuộc tính tăng cường của <color=#00FF00>bảo thạch</color> đã được khảm nạm trên trang bị đó.",3
30071207,<color=#FFFF00>Chân Nguyên Ngoại Thủ (Cấp 7)</color>,ZhenYuanGold1_7,1,1,false,4,1,true,true,false,1,-1,-1,,-1,Chân Nguyên,"Viên chân nguyên quý hiếm, gắn lên trang bị sẽ gia tăng <color=#FFFF00>thuộc tính</color> vốn có của <color=#00FF00>trang bị</color> cũng như thuộc tính tăng cường của <color=#00FF00>bảo thạch</color> đã được khảm nạm trên trang bị đó.",3
30071208,<color=#FFFF00>Chân Nguyên Ngoại Thủ (Cấp 8)</color>,ZhenYuanGold1_7,1,1,false,4,1,true,true,false,1,-1,-1,,-1,Chân Nguyên,"Viên chân nguyên quý hiếm, gắn lên trang bị sẽ gia tăng <color=#FFFF00>thuộc tính</color> vốn có của <color=#00FF00>trang bị</color> cũng như thuộc tính tăng cường của <color=#00FF00>bảo thạch</color> đã được khảm nạm trên trang bị đó.",3
30071209,<color=#FFFF00>Chân Nguyên Ngoại Thủ (Cấp 9)</color>,ZhenYuanGold1_7,1,1,false,4,1,true,true,false,1,-1,-1,,-1,Chân Nguyên,"Viên chân nguyên quý hiếm, gắn lên trang bị sẽ gia tăng <color=#FFFF00>thuộc tính</color> vốn có của <color=#00FF00>trang bị</color> cũng như thuộc tính tăng cường của <color=#00FF00>bảo thạch</color> đã được khảm nạm trên trang bị đó.",3
30071210,<color=#FFFF00>Chân Nguyên Ngoại Thủ (Cấp 10)</color>,ZhenYuanGold1_7,1,1,false,4,1,true,true,false,1,-1,-1,,-1,Chân Nguyên,"Viên chân nguyên quý hiếm, gắn lên trang bị sẽ gia tăng <color=#FFFF00>thuộc tính</color> vốn có của <color=#00FF00>trang bị</color> cũng như thuộc tính tăng cường của <color=#00FF00>bảo thạch</color> đã được khảm nạm trên trang bị đó.",3
30071211,<color=#FFFFFF>Chân Nguyên Chính Xác (Cấp 1)</color>,ZhenYuan4_8,1,1,false,4,1,true,true,false,1,-1,-1,,-1,Chân Nguyên,"Viên chân nguyên quý hiếm, gắn lên trang bị sẽ gia tăng <color=#FFFF00>thuộc tính</color> vốn có của <color=#00FF00>trang bị</color> cũng như thuộc tính tăng cường của <color=#00FF00>bảo thạch</color> đã được khảm nạm trên trang bị đó.",3
30071212,<color=#FFFFFF>Chân Nguyên Chính Xác (Cấp 2)</color>,ZhenYuan4_8,1,1,false,4,1,true,true,false,1,-1,-1,,-1,Chân Nguyên,"Viên chân nguyên quý hiếm, gắn lên trang bị sẽ gia tăng <color=#FFFF00>thuộc tính</color> vốn có của <color=#00FF00>trang bị</color> cũng như thuộc tính tăng cường của <color=#00FF00>bảo thạch</color> đã được khảm nạm trên trang bị đó.",3
30071213,<color=#FFFFFF>Chân Nguyên Chính Xác (Cấp 3)</color>,ZhenYuan4_8,1,1,false,4,1,true,true,false,1,-1,-1,,-1,Chân Nguyên,"Viên chân nguyên quý hiếm, gắn lên trang bị sẽ gia tăng <color=#FFFF00>thuộc tính</color> vốn có của <color=#00FF00>trang bị</color> cũng như thuộc tính tăng cường của <color=#00FF00>bảo thạch</color> đã được khảm nạm trên trang bị đó.",3
30071214,<color=#FFFFFF>Chân Nguyên Chính Xác (Cấp 4)</color>,ZhenYuan4_8,1,1,false,4,1,true,true,false,1,-1,-1,,-1,Chân Nguyên,"Viên chân nguyên quý hiếm, gắn lên trang bị sẽ gia tăng <color=#FFFF00>thuộc tính</color> vốn có của <color=#00FF00>trang bị</color> cũng như thuộc tính tăng cường của <color=#00FF00>bảo thạch</color> đã được khảm nạm trên trang bị đó.",3
30071215,<color=#FFFFFF>Chân Nguyên Chính Xác (Cấp 5)</color>,ZhenYuan4_8,1,1,false,4,1,true,true,false,1,-1,-1,,-1,Chân Nguyên,"Viên chân nguyên quý hiếm, gắn lên trang bị sẽ gia tăng <color=#FFFF00>thuộc tính</color> vốn có của <color=#00FF00>trang bị</color> cũng như thuộc tính tăng cường của <color=#00FF00>bảo thạch</color> đã được khảm nạm trên trang bị đó.",3
30071216,<color=#FFFFFF>Chân Nguyên Chính Xác (Cấp 6)</color>,ZhenYuan4_8,1,1,false,4,1,true,true,false,1,-1,-1,,-1,Chân Nguyên,"Viên chân nguyên quý hiếm, gắn lên trang bị sẽ gia tăng <color=#FFFF00>thuộc tính</color> vốn có của <color=#00FF00>trang bị</color> cũng như thuộc tính tăng cường của <color=#00FF00>bảo thạch</color> đã được khảm nạm trên trang bị đó.",3
30071217,<color=#FFFFFF>Chân Nguyên Chính Xác (Cấp 7)</color>,ZhenYuan4_8,1,1,false,4,1,true,true,false,1,-1,-1,,-1,Chân Nguyên,"Viên chân nguyên quý hiếm, gắn lên trang bị sẽ gia tăng <color=#FFFF00>thuộc tính</color> vốn có của <color=#00FF00>trang bị</color> cũng như thuộc tính tăng cường của <color=#00FF00>bảo thạch</color> đã được khảm nạm trên trang bị đó.",3
30071218,<color=#FFFFFF>Chân Nguyên Chính Xác (Cấp 8)</color>,ZhenYuan4_8,1,1,false,4,1,true,true,false,1,-1,-1,,-1,Chân Nguyên,"Viên chân nguyên quý hiếm, gắn lên trang bị sẽ gia tăng <color=#FFFF00>thuộc tính</color> vốn có của <color=#00FF00>trang bị</color> cũng như thuộc tính tăng cường của <color=#00FF00>bảo thạch</color> đã được khảm nạm trên trang bị đó.",3
30071219,<color=#FFFFFF>Chân Nguyên Chính Xác (Cấp 9)</color>,ZhenYuan4_8,1,1,false,4,1,true,true,false,1,-1,-1,,-1,Chân Nguyên,"Viên chân nguyên quý hiếm, gắn lên trang bị sẽ gia tăng <color=#FFFF00>thuộc tính</color> vốn có của <color=#00FF00>trang bị</color> cũng như thuộc tính tăng cường của <color=#00FF00>bảo thạch</color> đã được khảm nạm trên trang bị đó.",3
30071220,<color=#FFFFFF>Chân Nguyên Chính Xác (Cấp 10)</color>,ZhenYuan4_8,1,1,false,4,1,true,true,false,1,-1,-1,,-1,Chân Nguyên,"Viên chân nguyên quý hiếm, gắn lên trang bị sẽ gia tăng <color=#FFFF00>thuộc tính</color> vốn có của <color=#00FF00>trang bị</color> cũng như thuộc tính tăng cường của <color=#00FF00>bảo thạch</color> đã được khảm nạm trên trang bị đó.",3
30071221,<color=#00FF00>Chân Nguyên Chính Xác (Cấp 1)</color>,ZhenYuan4_9,1,1,false,4,1,true,true,false,1,-1,-1,,-1,Chân Nguyên,"Viên chân nguyên quý hiếm, gắn lên trang bị sẽ gia tăng <color=#FFFF00>thuộc tính</color> vốn có của <color=#00FF00>trang bị</color> cũng như thuộc tính tăng cường của <color=#00FF00>bảo thạch</color> đã được khảm nạm trên trang bị đó.",3
30071222,<color=#00FF00>Chân Nguyên Chính Xác (Cấp 2)</color>,ZhenYuan4_9,1,1,false,4,1,true,true,false,1,-1,-1,,-1,Chân Nguyên,"Viên chân nguyên quý hiếm, gắn lên trang bị sẽ gia tăng <color=#FFFF00>thuộc tính</color> vốn có của <color=#00FF00>trang bị</color> cũng như thuộc tính tăng cường của <color=#00FF00>bảo thạch</color> đã được khảm nạm trên trang bị đó.",3
30071223,<color=#00FF00>Chân Nguyên Chính Xác (Cấp 3)</color>,ZhenYuan4_9,1,1,false,4,1,true,true,false,1,-1,-1,,-1,Chân Nguyên,"Viên chân nguyên quý hiếm, gắn lên trang bị sẽ gia tăng <color=#FFFF00>thuộc tính</color> vốn có của <color=#00FF00>trang bị</color> cũng như thuộc tính tăng cường của <color=#00FF00>bảo thạch</color> đã được khảm nạm trên trang bị đó.",3
30071224,<color=#00FF00>Chân Nguyên Chính Xác (Cấp 4)</color>,ZhenYuan4_9,1,1,false,4,1,true,true,false,1,-1,-1,,-1,Chân Nguyên,"Viên chân nguyên quý hiếm, gắn lên trang bị sẽ gia tăng <color=#FFFF00>thuộc tính</color> vốn có của <color=#00FF00>trang bị</color> cũng như thuộc tính tăng cường của <color=#00FF00>bảo thạch</color> đã được khảm nạm trên trang bị đó.",3
30071225,<color=#00FF00>Chân Nguyên Chính Xác (Cấp 5)</color>,ZhenYuan4_9,1,1,false,4,1,true,true,false,1,-1,-1,,-1,Chân Nguyên,"Viên chân nguyên quý hiếm, gắn lên trang bị sẽ gia tăng <color=#FFFF00>thuộc tính</color> vốn có của <color=#00FF00>trang bị</color> cũng như thuộc tính tăng cường của <color=#00FF00>bảo thạch</color> đã được khảm nạm trên trang bị đó.",3
30071226,<color=#00FF00>Chân Nguyên Chính Xác (Cấp 6)</color>,ZhenYuan4_9,1,1,false,4,1,true,true,false,1,-1,-1,,-1,Chân Nguyên,"Viên chân nguyên quý hiếm, gắn lên trang bị sẽ gia tăng <color=#FFFF00>thuộc tính</color> vốn có của <color=#00FF00>trang bị</color> cũng như thuộc tính tăng cường của <color=#00FF00>bảo thạch</color> đã được khảm nạm trên trang bị đó.",3
30071227,<color=#00FF00>Chân Nguyên Chính Xác (Cấp 7)</color>,ZhenYuan4_9,1,1,false,4,1,true,true,false,1,-1,-1,,-1,Chân Nguyên,"Viên chân nguyên quý hiếm, gắn lên trang bị sẽ gia tăng <color=#FFFF00>thuộc tính</color> vốn có của <color=#00FF00>trang bị</color> cũng như thuộc tính tăng cường của <color=#00FF00>bảo thạch</color> đã được khảm nạm trên trang bị đó.",3
30071228,<color=#00FF00>Chân Nguyên Chính Xác (Cấp 8)</color>,ZhenYuan4_9,1,1,false,4,1,true,true,false,1,-1,-1,,-1,Chân Nguyên,"Viên chân nguyên quý hiếm, gắn lên trang bị sẽ gia tăng <color=#FFFF00>thuộc tính</color> vốn có của <color=#00FF00>trang bị</color> cũng như thuộc tính tăng cường của <color=#00FF00>bảo thạch</color> đã được khảm nạm trên trang bị đó.",3
30071229,<color=#00FF00>Chân Nguyên Chính Xác (Cấp 9)</color>,ZhenYuan4_9,1,1,false,4,1,true,true,false,1,-1,-1,,-1,Chân Nguyên,"Viên chân nguyên quý hiếm, gắn lên trang bị sẽ gia tăng <color=#FFFF00>thuộc tính</color> vốn có của <color=#00FF00>trang bị</color> cũng như thuộc tính tăng cường của <color=#00FF00>bảo thạch</color> đã được khảm nạm trên trang bị đó.",3
30071230,<color=#00FF00>Chân Nguyên Chính Xác (Cấp 10)</color>,ZhenYuan4_9,1,1,false,4,1,true,true,false,1,-1,-1,,-1,Chân Nguyên,"Viên chân nguyên quý hiếm, gắn lên trang bị sẽ gia tăng <color=#FFFF00>thuộc tính</color> vốn có của <color=#00FF00>trang bị</color> cũng như thuộc tính tăng cường của <color=#00FF00>bảo thạch</color> đã được khảm nạm trên trang bị đó.",3
30071231,<color=#1A9FFF>Chân Nguyên Chính Xác (Cấp 1)</color>,ZhenYuan4_10,1,1,false,4,1,true,true,false,1,-1,-1,,-1,Chân Nguyên,"Viên chân nguyên quý hiếm, gắn lên trang bị sẽ gia tăng <color=#FFFF00>thuộc tính</color> vốn có của <color=#00FF00>trang bị</color> cũng như thuộc tính tăng cường của <color=#00FF00>bảo thạch</color> đã được khảm nạm trên trang bị đó.",3
30071232,<color=#1A9FFF>Chân Nguyên Chính Xác (Cấp 2)</color>,ZhenYuan4_10,1,1,false,4,1,true,true,false,1,-1,-1,,-1,Chân Nguyên,"Viên chân nguyên quý hiếm, gắn lên trang bị sẽ gia tăng <color=#FFFF00>thuộc tính</color> vốn có của <color=#00FF00>trang bị</color> cũng như thuộc tính tăng cường của <color=#00FF00>bảo thạch</color> đã được khảm nạm trên trang bị đó.",3
30071233,<color=#1A9FFF>Chân Nguyên Chính Xác (Cấp 3)</color>,ZhenYuan4_10,1,1,false,4,1,true,true,false,1,-1,-1,,-1,Chân Nguyên,"Viên chân nguyên quý hiếm, gắn lên trang bị sẽ gia tăng <color=#FFFF00>thuộc tính</color> vốn có của <color=#00FF00>trang bị</color> cũng như thuộc tính tăng cường của <color=#00FF00>bảo thạch</color> đã được khảm nạm trên trang bị đó.",3
30071234,<color=#1A9FFF>Chân Nguyên Chính Xác (Cấp 4)</color>,ZhenYuan4_10,1,1,false,4,1,true,true,false,1,-1,-1,,-1,Chân Nguyên,"Viên chân nguyên quý hiếm, gắn lên trang bị sẽ gia tăng <color=#FFFF00>thuộc tính</color> vốn có của <color=#00FF00>trang bị</color> cũng như thuộc tính tăng cường của <color=#00FF00>bảo thạch</color> đã được khảm nạm trên trang bị đó.",3
30071235,<color=#1A9FFF>Chân Nguyên Chính Xác (Cấp 5)</color>,ZhenYuan4_10,1,1,false,4,1,true,true,false,1,-1,-1,,-1,Chân Nguyên,"Viên chân nguyên quý hiếm, gắn lên trang bị sẽ gia tăng <color=#FFFF00>thuộc tính</color> vốn có của <color=#00FF00>trang bị</color> cũng như thuộc tính tăng cường của <color=#00FF00>bảo thạch</color> đã được khảm nạm trên trang bị đó.",3
30071236,<color=#1A9FFF>Chân Nguyên Chính Xác (Cấp 6)</color>,ZhenYuan4_10,1,1,false,4,1,true,true,false,1,-1,-1,,-1,Chân Nguyên,"Viên chân nguyên quý hiếm, gắn lên trang bị sẽ gia tăng <color=#FFFF00>thuộc tính</color> vốn có của <color=#00FF00>trang bị</color> cũng như thuộc tính tăng cường của <color=#00FF00>bảo thạch</color> đã được khảm nạm trên trang bị đó.",3
30071237,<color=#1A9FFF>Chân Nguyên Chính Xác (Cấp 7)</color>,ZhenYuan4_10,1,1,false,4,1,true,true,false,1,-1,-1,,-1,Chân Nguyên,"Viên chân nguyên quý hiếm, gắn lên trang bị sẽ gia tăng <color=#FFFF00>thuộc tính</color> vốn có của <color=#00FF00>trang bị</color> cũng như thuộc tính tăng cường của <color=#00FF00>bảo thạch</color> đã được khảm nạm trên trang bị đó.",3
30071238,<color=#1A9FFF>Chân Nguyên Chính Xác (Cấp 8)</color>,ZhenYuan4_10,1,1,false,4,1,true,true,false,1,-1,-1,,-1,Chân Nguyên,"Viên chân nguyên quý hiếm, gắn lên trang bị sẽ gia tăng <color=#FFFF00>thuộc tính</color> vốn có của <color=#00FF00>trang bị</color> cũng như thuộc tính tăng cường của <color=#00FF00>bảo thạch</color> đã được khảm nạm trên trang bị đó.",3
30071239,<color=#1A9FFF>Chân Nguyên Chính Xác (Cấp 9)</color>,ZhenYuan4_10,1,1,false,4,1,true,true,false,1,-1,-1,,-1,Chân Nguyên,"Viên chân nguyên quý hiếm, gắn lên trang bị sẽ gia tăng <color=#FFFF00>thuộc tính</color> vốn có của <color=#00FF00>trang bị</color> cũng như thuộc tính tăng cường của <color=#00FF00>bảo thạch</color> đã được khảm nạm trên trang bị đó.",3
30071240,<color=#1A9FFF>Chân Nguyên Chính Xác (Cấp 10)</color>,ZhenYuan4_10,1,1,false,4,1,true,true,false,1,-1,-1,,-1,Chân Nguyên,"Viên chân nguyên quý hiếm, gắn lên trang bị sẽ gia tăng <color=#FFFF00>thuộc tính</color> vốn có của <color=#00FF00>trang bị</color> cũng như thuộc tính tăng cường của <color=#00FF00>bảo thạch</color> đã được khảm nạm trên trang bị đó.",3
30071241,<color=#D829FF>Chân Nguyên Chính Xác (Cấp 1)</color>,ZhenYuan4_11,1,1,false,4,1,true,true,false,1,-1,-1,,-1,Chân Nguyên,"Viên chân nguyên quý hiếm, gắn lên trang bị sẽ gia tăng <color=#FFFF00>thuộc tính</color> vốn có của <color=#00FF00>trang bị</color> cũng như thuộc tính tăng cường của <color=#00FF00>bảo thạch</color> đã được khảm nạm trên trang bị đó.",3
30071242,<color=#D829FF>Chân Nguyên Chính Xác (Cấp 2)</color>,ZhenYuan4_11,1,1,false,4,1,true,true,false,1,-1,-1,,-1,Chân Nguyên,"Viên chân nguyên quý hiếm, gắn lên trang bị sẽ gia tăng <color=#FFFF00>thuộc tính</color> vốn có của <color=#00FF00>trang bị</color> cũng như thuộc tính tăng cường của <color=#00FF00>bảo thạch</color> đã được khảm nạm trên trang bị đó.",3
30071243,<color=#D829FF>Chân Nguyên Chính Xác (Cấp 3)</color>,ZhenYuan4_11,1,1,false,4,1,true,true,false,1,-1,-1,,-1,Chân Nguyên,"Viên chân nguyên quý hiếm, gắn lên trang bị sẽ gia tăng <color=#FFFF00>thuộc tính</color> vốn có của <color=#00FF00>trang bị</color> cũng như thuộc tính tăng cường của <color=#00FF00>bảo thạch</color> đã được khảm nạm trên trang bị đó.",3
30071244,<color=#D829FF>Chân Nguyên Chính Xác (Cấp 4)</color>,ZhenYuan4_11,1,1,false,4,1,true,true,false,1,-1,-1,,-1,Chân Nguyên,"Viên chân nguyên quý hiếm, gắn lên trang bị sẽ gia tăng <color=#FFFF00>thuộc tính</color> vốn có của <color=#00FF00>trang bị</color> cũng như thuộc tính tăng cường của <color=#00FF00>bảo thạch</color> đã được khảm nạm trên trang bị đó.",3
30071245,<color=#D829FF>Chân Nguyên Chính Xác (Cấp 5)</color>,ZhenYuan4_11,1,1,false,4,1,true,true,false,1,-1,-1,,-1,Chân Nguyên,"Viên chân nguyên quý hiếm, gắn lên trang bị sẽ gia tăng <color=#FFFF00>thuộc tính</color> vốn có của <color=#00FF00>trang bị</color> cũng như thuộc tính tăng cường của <color=#00FF00>bảo thạch</color> đã được khảm nạm trên trang bị đó.",3
30071246,<color=#D829FF>Chân Nguyên Chính Xác (Cấp 6)</color>,ZhenYuan4_11,1,1,false,4,1,true,true,false,1,-1,-1,,-1,Chân Nguyên,"Viên chân nguyên quý hiếm, gắn lên trang bị sẽ gia tăng <color=#FFFF00>thuộc tính</color> vốn có của <color=#00FF00>trang bị</color> cũng như thuộc tính tăng cường của <color=#00FF00>bảo thạch</color> đã được khảm nạm trên trang bị đó.",3
30071247,<color=#D829FF>Chân Nguyên Chính Xác (Cấp 7)</color>,ZhenYuan4_11,1,1,false,4,1,true,true,false,1,-1,-1,,-1,Chân Nguyên,"Viên chân nguyên quý hiếm, gắn lên trang bị sẽ gia tăng <color=#FFFF00>thuộc tính</color> vốn có của <color=#00FF00>trang bị</color> cũng như thuộc tính tăng cường của <color=#00FF00>bảo thạch</color> đã được khảm nạm trên trang bị đó.",3
30071248,<color=#D829FF>Chân Nguyên Chính Xác (Cấp 8)</color>,ZhenYuan4_11,1,1,false,4,1,true,true,false,1,-1,-1,,-1,Chân Nguyên,"Viên chân nguyên quý hiếm, gắn lên trang bị sẽ gia tăng <color=#FFFF00>thuộc tính</color> vốn có của <color=#00FF00>trang bị</color> cũng như thuộc tính tăng cường của <color=#00FF00>bảo thạch</color> đã được khảm nạm trên trang bị đó.",3
30071249,<color=#D829FF>Chân Nguyên Chính Xác (Cấp 9)</color>,ZhenYuan4_11,1,1,false,4,1,true,true,false,1,-1,-1,,-1,Chân Nguyên,"Viên chân nguyên quý hiếm, gắn lên trang bị sẽ gia tăng <color=#FFFF00>thuộc tính</color> vốn có của <color=#00FF00>trang bị</color> cũng như thuộc tính tăng cường của <color=#00FF00>bảo thạch</color> đã được khảm nạm trên trang bị đó.",3
30071250,<color=#D829FF>Chân Nguyên Chính Xác (Cấp 10)</color>,ZhenYuan4_11,1,1,false,4,1,true,true,false,1,-1,-1,,-1,Chân Nguyên,"Viên chân nguyên quý hiếm, gắn lên trang bị sẽ gia tăng <color=#FFFF00>thuộc tính</color> vốn có của <color=#00FF00>trang bị</color> cũng như thuộc tính tăng cường của <color=#00FF00>bảo thạch</color> đã được khảm nạm trên trang bị đó.",3
30071251,<color=#FF8B0F>Chân Nguyên Chính Xác (Cấp 1)</color>,ZhenYuan4_12,1,1,false,4,1,true,true,false,1,-1,-1,,-1,Chân Nguyên,"Viên chân nguyên quý hiếm, gắn lên trang bị sẽ gia tăng <color=#FFFF00>thuộc tính</color> vốn có của <color=#00FF00>trang bị</color> cũng như thuộc tính tăng cường của <color=#00FF00>bảo thạch</color> đã được khảm nạm trên trang bị đó.",3
30071252,<color=#FF8B0F>Chân Nguyên Chính Xác (Cấp 2)</color>,ZhenYuan4_12,1,1,false,4,1,true,true,false,1,-1,-1,,-1,Chân Nguyên,"Viên chân nguyên quý hiếm, gắn lên trang bị sẽ gia tăng <color=#FFFF00>thuộc tính</color> vốn có của <color=#00FF00>trang bị</color> cũng như thuộc tính tăng cường của <color=#00FF00>bảo thạch</color> đã được khảm nạm trên trang bị đó.",3
30071253,<color=#FF8B0F>Chân Nguyên Chính Xác (Cấp 3)</color>,ZhenYuan4_12,1,1,false,4,1,true,true,false,1,-1,-1,,-1,Chân Nguyên,"Viên chân nguyên quý hiếm, gắn lên trang bị sẽ gia tăng <color=#FFFF00>thuộc tính</color> vốn có của <color=#00FF00>trang bị</color> cũng như thuộc tính tăng cường của <color=#00FF00>bảo thạch</color> đã được khảm nạm trên trang bị đó.",3
30071254,<color=#FF8B0F>Chân Nguyên Chính Xác (Cấp 4)</color>,ZhenYuan4_12,1,1,false,4,1,true,true,false,1,-1,-1,,-1,Chân Nguyên,"Viên chân nguyên quý hiếm, gắn lên trang bị sẽ gia tăng <color=#FFFF00>thuộc tính</color> vốn có của <color=#00FF00>trang bị</color> cũng như thuộc tính tăng cường của <color=#00FF00>bảo thạch</color> đã được khảm nạm trên trang bị đó.",3
30071255,<color=#FF8B0F>Chân Nguyên Chính Xác (Cấp 5)</color>,ZhenYuan4_12,1,1,false,4,1,true,true,false,1,-1,-1,,-1,Chân Nguyên,"Viên chân nguyên quý hiếm, gắn lên trang bị sẽ gia tăng <color=#FFFF00>thuộc tính</color> vốn có của <color=#00FF00>trang bị</color> cũng như thuộc tính tăng cường của <color=#00FF00>bảo thạch</color> đã được khảm nạm trên trang bị đó.",3
30071256,<color=#FF8B0F>Chân Nguyên Chính Xác (Cấp 6)</color>,ZhenYuan4_12,1,1,false,4,1,true,true,false,1,-1,-1,,-1,Chân Nguyên,"Viên chân nguyên quý hiếm, gắn lên trang bị sẽ gia tăng <color=#FFFF00>thuộc tính</color> vốn có của <color=#00FF00>trang bị</color> cũng như thuộc tính tăng cường của <color=#00FF00>bảo thạch</color> đã được khảm nạm trên trang bị đó.",3
30071257,<color=#FF8B0F>Chân Nguyên Chính Xác (Cấp 7)</color>,ZhenYuan4_12,1,1,false,4,1,true,true,false,1,-1,-1,,-1,Chân Nguyên,"Viên chân nguyên quý hiếm, gắn lên trang bị sẽ gia tăng <color=#FFFF00>thuộc tính</color> vốn có của <color=#00FF00>trang bị</color> cũng như thuộc tính tăng cường của <color=#00FF00>bảo thạch</color> đã được khảm nạm trên trang bị đó.",3
30071258,<color=#FF8B0F>Chân Nguyên Chính Xác (Cấp 8)</color>,ZhenYuan4_12,1,1,false,4,1,true,true,false,1,-1,-1,,-1,Chân Nguyên,"Viên chân nguyên quý hiếm, gắn lên trang bị sẽ gia tăng <color=#FFFF00>thuộc tính</color> vốn có của <color=#00FF00>trang bị</color> cũng như thuộc tính tăng cường của <color=#00FF00>bảo thạch</color> đã được khảm nạm trên trang bị đó.",3
30071259,<color=#FF8B0F>Chân Nguyên Chính Xác (Cấp 9)</color>,ZhenYuan4_12,1,1,false,4,1,true,true,false,1,-1,-1,,-1,Chân Nguyên,"Viên chân nguyên quý hiếm, gắn lên trang bị sẽ gia tăng <color=#FFFF00>thuộc tính</color> vốn có của <color=#00FF00>trang bị</color> cũng như thuộc tính tăng cường của <color=#00FF00>bảo thạch</color> đã được khảm nạm trên trang bị đó.",3
30071260,<color=#FF8B0F>Chân Nguyên Chính Xác (Cấp 10)</color>,ZhenYuan4_12,1,1,false,4,1,true,true,false,1,-1,-1,,-1,Chân Nguyên,"Viên chân nguyên quý hiếm, gắn lên trang bị sẽ gia tăng <color=#FFFF00>thuộc tính</color> vốn có của <color=#00FF00>trang bị</color> cũng như thuộc tính tăng cường của <color=#00FF00>bảo thạch</color> đã được khảm nạm trên trang bị đó.",3
30071261,<color=#FFFF00>Chân Nguyên Chính Xác (Cấp 1)</color>,ZhenYuanGold1_12,1,1,false,4,1,true,true,false,1,-1,-1,,-1,Chân Nguyên,"Viên chân nguyên quý hiếm, gắn lên trang bị sẽ gia tăng <color=#FFFF00>thuộc tính</color> vốn có của <color=#00FF00>trang bị</color> cũng như thuộc tính tăng cường của <color=#00FF00>bảo thạch</color> đã được khảm nạm trên trang bị đó.",3
30071262,<color=#FFFF00>Chân Nguyên Chính Xác (Cấp 2)</color>,ZhenYuanGold1_12,1,1,false,4,1,true,true,false,1,-1,-1,,-1,Chân Nguyên,"Viên chân nguyên quý hiếm, gắn lên trang bị sẽ gia tăng <color=#FFFF00>thuộc tính</color> vốn có của <color=#00FF00>trang bị</color> cũng như thuộc tính tăng cường của <color=#00FF00>bảo thạch</color> đã được khảm nạm trên trang bị đó.",3
30071263,<color=#FFFF00>Chân Nguyên Chính Xác (Cấp 3)</color>,ZhenYuanGold1_12,1,1,false,4,1,true,true,false,1,-1,-1,,-1,Chân Nguyên,"Viên chân nguyên quý hiếm, gắn lên trang bị sẽ gia tăng <color=#FFFF00>thuộc tính</color> vốn có của <color=#00FF00>trang bị</color> cũng như thuộc tính tăng cường của <color=#00FF00>bảo thạch</color> đã được khảm nạm trên trang bị đó.",3
30071264,<color=#FFFF00>Chân Nguyên Chính Xác (Cấp 4)</color>,ZhenYuanGold1_12,1,1,false,4,1,true,true,false,1,-1,-1,,-1,Chân Nguyên,"Viên chân nguyên quý hiếm, gắn lên trang bị sẽ gia tăng <color=#FFFF00>thuộc tính</color> vốn có của <color=#00FF00>trang bị</color> cũng như thuộc tính tăng cường của <color=#00FF00>bảo thạch</color> đã được khảm nạm trên trang bị đó.",3
30071265,<color=#FFFF00>Chân Nguyên Chính Xác (Cấp 5)</color>,ZhenYuanGold1_12,1,1,false,4,1,true,true,false,1,-1,-1,,-1,Chân Nguyên,"Viên chân nguyên quý hiếm, gắn lên trang bị sẽ gia tăng <color=#FFFF00>thuộc tính</color> vốn có của <color=#00FF00>trang bị</color> cũng như thuộc tính tăng cường của <color=#00FF00>bảo thạch</color> đã được khảm nạm trên trang bị đó.",3
30071266,<color=#FFFF00>Chân Nguyên Chính Xác (Cấp 6)</color>,ZhenYuanGold1_12,1,1,false,4,1,true,true,false,1,-1,-1,,-1,Chân Nguyên,"Viên chân nguyên quý hiếm, gắn lên trang bị sẽ gia tăng <color=#FFFF00>thuộc tính</color> vốn có của <color=#00FF00>trang bị</color> cũng như thuộc tính tăng cường của <color=#00FF00>bảo thạch</color> đã được khảm nạm trên trang bị đó.",3
30071267,<color=#FFFF00>Chân Nguyên Chính Xác (Cấp 7)</color>,ZhenYuanGold1_12,1,1,false,4,1,true,true,false,1,-1,-1,,-1,Chân Nguyên,"Viên chân nguyên quý hiếm, gắn lên trang bị sẽ gia tăng <color=#FFFF00>thuộc tính</color> vốn có của <color=#00FF00>trang bị</color> cũng như thuộc tính tăng cường của <color=#00FF00>bảo thạch</color> đã được khảm nạm trên trang bị đó.",3
30071268,<color=#FFFF00>Chân Nguyên Chính Xác (Cấp 8)</color>,ZhenYuanGold1_12,1,1,false,4,1,true,true,false,1,-1,-1,,-1,Chân Nguyên,"Viên chân nguyên quý hiếm, gắn lên trang bị sẽ gia tăng <color=#FFFF00>thuộc tính</color> vốn có của <color=#00FF00>trang bị</color> cũng như thuộc tính tăng cường của <color=#00FF00>bảo thạch</color> đã được khảm nạm trên trang bị đó.",3
30071269,<color=#FFFF00>Chân Nguyên Chính Xác (Cấp 9)</color>,ZhenYuanGold1_12,1,1,false,4,1,true,true,false,1,-1,-1,,-1,Chân Nguyên,"Viên chân nguyên quý hiếm, gắn lên trang bị sẽ gia tăng <color=#FFFF00>thuộc tính</color> vốn có của <color=#00FF00>trang bị</color> cũng như thuộc tính tăng cường của <color=#00FF00>bảo thạch</color> đã được khảm nạm trên trang bị đó.",3
30071270,<color=#FFFF00>Chân Nguyên Chính Xác (Cấp 10)</color>,ZhenYuanGold1_12,1,1,false,4,1,true,true,false,1,-1,-1,,-1,Chân Nguyên,"Viên chân nguyên quý hiếm, gắn lên trang bị sẽ gia tăng <color=#FFFF00>thuộc tính</color> vốn có của <color=#00FF00>trang bị</color> cũng như thuộc tính tăng cường của <color=#00FF00>bảo thạch</color> đã được khảm nạm trên trang bị đó.",3
30071271,<color=#FFFFFF>Chân Nguyên Né Tránh (Cấp 1)</color>,ZhenYuan4_13,1,1,false,4,1,true,true,false,1,-1,-1,,-1,Chân Nguyên,"Viên chân nguyên quý hiếm, gắn lên trang bị sẽ gia tăng <color=#FFFF00>thuộc tính</color> vốn có của <color=#00FF00>trang bị</color> cũng như thuộc tính tăng cường của <color=#00FF00>bảo thạch</color> đã được khảm nạm trên trang bị đó.",3
30071272,<color=#FFFFFF>Chân Nguyên Né Tránh (Cấp 2)</color>,ZhenYuan4_13,1,1,false,4,1,true,true,false,1,-1,-1,,-1,Chân Nguyên,"Viên chân nguyên quý hiếm, gắn lên trang bị sẽ gia tăng <color=#FFFF00>thuộc tính</color> vốn có của <color=#00FF00>trang bị</color> cũng như thuộc tính tăng cường của <color=#00FF00>bảo thạch</color> đã được khảm nạm trên trang bị đó.",3
30071273,<color=#FFFFFF>Chân Nguyên Né Tránh (Cấp 3)</color>,ZhenYuan4_13,1,1,false,4,1,true,true,false,1,-1,-1,,-1,Chân Nguyên,"Viên chân nguyên quý hiếm, gắn lên trang bị sẽ gia tăng <color=#FFFF00>thuộc tính</color> vốn có của <color=#00FF00>trang bị</color> cũng như thuộc tính tăng cường của <color=#00FF00>bảo thạch</color> đã được khảm nạm trên trang bị đó.",3
30071274,<color=#FFFFFF>Chân Nguyên Né Tránh (Cấp 4)</color>,ZhenYuan4_13,1,1,false,4,1,true,true,false,1,-1,-1,,-1,Chân Nguyên,"Viên chân nguyên quý hiếm, gắn lên trang bị sẽ gia tăng <color=#FFFF00>thuộc tính</color> vốn có của <color=#00FF00>trang bị</color> cũng như thuộc tính tăng cường của <color=#00FF00>bảo thạch</color> đã được khảm nạm trên trang bị đó.",3
30071275,<color=#FFFFFF>Chân Nguyên Né Tránh (Cấp 5)</color>,ZhenYuan4_13,1,1,false,4,1,true,true,false,1,-1,-1,,-1,Chân Nguyên,"Viên chân nguyên quý hiếm, gắn lên trang bị sẽ gia tăng <color=#FFFF00>thuộc tính</color> vốn có của <color=#00FF00>trang bị</color> cũng như thuộc tính tăng cường của <color=#00FF00>bảo thạch</color> đã được khảm nạm trên trang bị đó.",3
30071276,<color=#FFFFFF>Chân Nguyên Né Tránh (Cấp 6)</color>,ZhenYuan4_13,1,1,false,4,1,true,true,false,1,-1,-1,,-1,Chân Nguyên,"Viên chân nguyên quý hiếm, gắn lên trang bị sẽ gia tăng <color=#FFFF00>thuộc tính</color> vốn có của <color=#00FF00>trang bị</color> cũng như thuộc tính tăng cường của <color=#00FF00>bảo thạch</color> đã được khảm nạm trên trang bị đó.",3
30071277,<color=#FFFFFF>Chân Nguyên Né Tránh (Cấp 7)</color>,ZhenYuan4_13,1,1,false,4,1,true,true,false,1,-1,-1,,-1,Chân Nguyên,"Viên chân nguyên quý hiếm, gắn lên trang bị sẽ gia tăng <color=#FFFF00>thuộc tính</color> vốn có của <color=#00FF00>trang bị</color> cũng như thuộc tính tăng cường của <color=#00FF00>bảo thạch</color> đã được khảm nạm trên trang bị đó.",3
30071278,<color=#FFFFFF>Chân Nguyên Né Tránh (Cấp 8)</color>,ZhenYuan4_13,1,1,false,4,1,true,true,false,1,-1,-1,,-1,Chân Nguyên,"Viên chân nguyên quý hiếm, gắn lên trang bị sẽ gia tăng <color=#FFFF00>thuộc tính</color> vốn có của <color=#00FF00>trang bị</color> cũng như thuộc tính tăng cường của <color=#00FF00>bảo thạch</color> đã được khảm nạm trên trang bị đó.",3
30071279,<color=#FFFFFF>Chân Nguyên Né Tránh (Cấp 9)</color>,ZhenYuan4_13,1,1,false,4,1,true,true,false,1,-1,-1,,-1,Chân Nguyên,"Viên chân nguyên quý hiếm, gắn lên trang bị sẽ gia tăng <color=#FFFF00>thuộc tính</color> vốn có của <color=#00FF00>trang bị</color> cũng như thuộc tính tăng cường của <color=#00FF00>bảo thạch</color> đã được khảm nạm trên trang bị đó.",3
30071280,<color=#FFFFFF>Chân Nguyên Né Tránh (Cấp 10)</color>,ZhenYuan4_13,1,1,false,4,1,true,true,false,1,-1,-1,,-1,Chân Nguyên,"Viên chân nguyên quý hiếm, gắn lên trang bị sẽ gia tăng <color=#FFFF00>thuộc tính</color> vốn có của <color=#00FF00>trang bị</color> cũng như thuộc tính tăng cường của <color=#00FF00>bảo thạch</color> đã được khảm nạm trên trang bị đó.",3
30071281,<color=#00FF00>Chân Nguyên Né Tránh (Cấp 1)</color>,ZhenYuan4_14,1,1,false,4,1,true,true,false,1,-1,-1,,-1,Chân Nguyên,"Viên chân nguyên quý hiếm, gắn lên trang bị sẽ gia tăng <color=#FFFF00>thuộc tính</color> vốn có của <color=#00FF00>trang bị</color> cũng như thuộc tính tăng cường của <color=#00FF00>bảo thạch</color> đã được khảm nạm trên trang bị đó.",3
30071282,<color=#00FF00>Chân Nguyên Né Tránh (Cấp 2)</color>,ZhenYuan4_14,1,1,false,4,1,true,true,false,1,-1,-1,,-1,Chân Nguyên,"Viên chân nguyên quý hiếm, gắn lên trang bị sẽ gia tăng <color=#FFFF00>thuộc tính</color> vốn có của <color=#00FF00>trang bị</color> cũng như thuộc tính tăng cường của <color=#00FF00>bảo thạch</color> đã được khảm nạm trên trang bị đó.",3
30071283,<color=#00FF00>Chân Nguyên Né Tránh (Cấp 3)</color>,ZhenYuan4_14,1,1,false,4,1,true,true,false,1,-1,-1,,-1,Chân Nguyên,"Viên chân nguyên quý hiếm, gắn lên trang bị sẽ gia tăng <color=#FFFF00>thuộc tính</color> vốn có của <color=#00FF00>trang bị</color> cũng như thuộc tính tăng cường của <color=#00FF00>bảo thạch</color> đã được khảm nạm trên trang bị đó.",3
30071284,<color=#00FF00>Chân Nguyên Né Tránh (Cấp 4)</color>,ZhenYuan4_14,1,1,false,4,1,true,true,false,1,-1,-1,,-1,Chân Nguyên,"Viên chân nguyên quý hiếm, gắn lên trang bị sẽ gia tăng <color=#FFFF00>thuộc tính</color> vốn có của <color=#00FF00>trang bị</color> cũng như thuộc tính tăng cường của <color=#00FF00>bảo thạch</color> đã được khảm nạm trên trang bị đó.",3
30071285,<color=#00FF00>Chân Nguyên Né Tránh (Cấp 5)</color>,ZhenYuan4_14,1,1,false,4,1,true,true,false,1,-1,-1,,-1,Chân Nguyên,"Viên chân nguyên quý hiếm, gắn lên trang bị sẽ gia tăng <color=#FFFF00>thuộc tính</color> vốn có của <color=#00FF00>trang bị</color> cũng như thuộc tính tăng cường của <color=#00FF00>bảo thạch</color> đã được khảm nạm trên trang bị đó.",3
30071286,<color=#00FF00>Chân Nguyên Né Tránh (Cấp 6)</color>,ZhenYuan4_14,1,1,false,4,1,true,true,false,1,-1,-1,,-1,Chân Nguyên,"Viên chân nguyên quý hiếm, gắn lên trang bị sẽ gia tăng <color=#FFFF00>thuộc tính</color> vốn có của <color=#00FF00>trang bị</color> cũng như thuộc tính tăng cường của <color=#00FF00>bảo thạch</color> đã được khảm nạm trên trang bị đó.",3
30071287,<color=#00FF00>Chân Nguyên Né Tránh (Cấp 7)</color>,ZhenYuan4_14,1,1,false,4,1,true,true,false,1,-1,-1,,-1,Chân Nguyên,"Viên chân nguyên quý hiếm, gắn lên trang bị sẽ gia tăng <color=#FFFF00>thuộc tính</color> vốn có của <color=#00FF00>trang bị</color> cũng như thuộc tính tăng cường của <color=#00FF00>bảo thạch</color> đã được khảm nạm trên trang bị đó.",3
30071288,<color=#00FF00>Chân Nguyên Né Tránh (Cấp 8)</color>,ZhenYuan4_14,1,1,false,4,1,true,true,false,1,-1,-1,,-1,Chân Nguyên,"Viên chân nguyên quý hiếm, gắn lên trang bị sẽ gia tăng <color=#FFFF00>thuộc tính</color> vốn có của <color=#00FF00>trang bị</color> cũng như thuộc tính tăng cường của <color=#00FF00>bảo thạch</color> đã được khảm nạm trên trang bị đó.",3
30071289,<color=#00FF00>Chân Nguyên Né Tránh (Cấp 9)</color>,ZhenYuan4_14,1,1,false,4,1,true,true,false,1,-1,-1,,-1,Chân Nguyên,"Viên chân nguyên quý hiếm, gắn lên trang bị sẽ gia tăng <color=#FFFF00>thuộc tính</color> vốn có của <color=#00FF00>trang bị</color> cũng như thuộc tính tăng cường của <color=#00FF00>bảo thạch</color> đã được khảm nạm trên trang bị đó.",3
30071290,<color=#00FF00>Chân Nguyên Né Tránh (Cấp 10)</color>,ZhenYuan4_14,1,1,false,4,1,true,true,false,1,-1,-1,,-1,Chân Nguyên,"Viên chân nguyên quý hiếm, gắn lên trang bị sẽ gia tăng <color=#FFFF00>thuộc tính</color> vốn có của <color=#00FF00>trang bị</color> cũng như thuộc tính tăng cường của <color=#00FF00>bảo thạch</color> đã được khảm nạm trên trang bị đó.",3
30071291,<color=#1A9FFF>Chân Nguyên Né Tránh (Cấp 1)</color>,ZhenYuan4_15,1,1,false,4,1,true,true,false,1,-1,-1,,-1,Chân Nguyên,"Viên chân nguyên quý hiếm, gắn lên trang bị sẽ gia tăng <color=#FFFF00>thuộc tính</color> vốn có của <color=#00FF00>trang bị</color> cũng như thuộc tính tăng cường của <color=#00FF00>bảo thạch</color> đã được khảm nạm trên trang bị đó.",3
30071292,<color=#1A9FFF>Chân Nguyên Né Tránh (Cấp 2)</color>,ZhenYuan4_15,1,1,false,4,1,true,true,false,1,-1,-1,,-1,Chân Nguyên,"Viên chân nguyên quý hiếm, gắn lên trang bị sẽ gia tăng <color=#FFFF00>thuộc tính</color> vốn có của <color=#00FF00>trang bị</color> cũng như thuộc tính tăng cường của <color=#00FF00>bảo thạch</color> đã được khảm nạm trên trang bị đó.",3
30071293,<color=#1A9FFF>Chân Nguyên Né Tránh (Cấp 3)</color>,ZhenYuan4_15,1,1,false,4,1,true,true,false,1,-1,-1,,-1,Chân Nguyên,"Viên chân nguyên quý hiếm, gắn lên trang bị sẽ gia tăng <color=#FFFF00>thuộc tính</color> vốn có của <color=#00FF00>trang bị</color> cũng như thuộc tính tăng cường của <color=#00FF00>bảo thạch</color> đã được khảm nạm trên trang bị đó.",3
30071294,<color=#1A9FFF>Chân Nguyên Né Tránh (Cấp 4)</color>,ZhenYuan4_15,1,1,false,4,1,true,true,false,1,-1,-1,,-1,Chân Nguyên,"Viên chân nguyên quý hiếm, gắn lên trang bị sẽ gia tăng <color=#FFFF00>thuộc tính</color> vốn có của <color=#00FF00>trang bị</color> cũng như thuộc tính tăng cường của <color=#00FF00>bảo thạch</color> đã được khảm nạm trên trang bị đó.",3
30071295,<color=#1A9FFF>Chân Nguyên Né Tránh (Cấp 5)</color>,ZhenYuan4_15,1,1,false,4,1,true,true,false,1,-1,-1,,-1,Chân Nguyên,"Viên chân nguyên quý hiếm, gắn lên trang bị sẽ gia tăng <color=#FFFF00>thuộc tính</color> vốn có của <color=#00FF00>trang bị</color> cũng như thuộc tính tăng cường của <color=#00FF00>bảo thạch</color> đã được khảm nạm trên trang bị đó.",3
30071296,<color=#1A9FFF>Chân Nguyên Né Tránh (Cấp 6)</color>,ZhenYuan4_15,1,1,false,4,1,true,true,false,1,-1,-1,,-1,Chân Nguyên,"Viên chân nguyên quý hiếm, gắn lên trang bị sẽ gia tăng <color=#FFFF00>thuộc tính</color> vốn có của <color=#00FF00>trang bị</color> cũng như thuộc tính tăng cường của <color=#00FF00>bảo thạch</color> đã được khảm nạm trên trang bị đó.",3
30071297,<color=#1A9FFF>Chân Nguyên Né Tránh (Cấp 7)</color>,ZhenYuan4_15,1,1,false,4,1,true,true,false,1,-1,-1,,-1,Chân Nguyên,"Viên chân nguyên quý hiếm, gắn lên trang bị sẽ gia tăng <color=#FFFF00>thuộc tính</color> vốn có của <color=#00FF00>trang bị</color> cũng như thuộc tính tăng cường của <color=#00FF00>bảo thạch</color> đã được khảm nạm trên trang bị đó.",3
30071298,<color=#1A9FFF>Chân Nguyên Né Tránh (Cấp 8)</color>,ZhenYuan4_15,1,1,false,4,1,true,true,false,1,-1,-1,,-1,Chân Nguyên,"Viên chân nguyên quý hiếm, gắn lên trang bị sẽ gia tăng <color=#FFFF00>thuộc tính</color> vốn có của <color=#00FF00>trang bị</color> cũng như thuộc tính tăng cường của <color=#00FF00>bảo thạch</color> đã được khảm nạm trên trang bị đó.",3
30071299,<color=#1A9FFF>Chân Nguyên Né Tránh (Cấp 9)</color>,ZhenYuan4_15,1,1,false,4,1,true,true,false,1,-1,-1,,-1,Chân Nguyên,"Viên chân nguyên quý hiếm, gắn lên trang bị sẽ gia tăng <color=#FFFF00>thuộc tính</color> vốn có của <color=#00FF00>trang bị</color> cũng như thuộc tính tăng cường của <color=#00FF00>bảo thạch</color> đã được khảm nạm trên trang bị đó.",3
30071300,<color=#1A9FFF>Chân Nguyên Né Tránh (Cấp 10)</color>,ZhenYuan4_15,1,1,false,4,1,true,true,false,1,-1,-1,,-1,Chân Nguyên,"Viên chân nguyên quý hiếm, gắn lên trang bị sẽ gia tăng <color=#FFFF00>thuộc tính</color> vốn có của <color=#00FF00>trang bị</color> cũng như thuộc tính tăng cường của <color=#00FF00>bảo thạch</color> đã được khảm nạm trên trang bị đó.",3
30071301,<color=#D829FF>Chân Nguyên Né Tránh (Cấp 1)</color>,ZhenYuan4_16,1,1,false,4,1,true,true,false,1,-1,-1,,-1,Chân Nguyên,"Viên chân nguyên quý hiếm, gắn lên trang bị sẽ gia tăng <color=#FFFF00>thuộc tính</color> vốn có của <color=#00FF00>trang bị</color> cũng như thuộc tính tăng cường của <color=#00FF00>bảo thạch</color> đã được khảm nạm trên trang bị đó.",3
30071302,<color=#D829FF>Chân Nguyên Né Tránh (Cấp 2)</color>,ZhenYuan4_16,1,1,false,4,1,true,true,false,1,-1,-1,,-1,Chân Nguyên,"Viên chân nguyên quý hiếm, gắn lên trang bị sẽ gia tăng <color=#FFFF00>thuộc tính</color> vốn có của <color=#00FF00>trang bị</color> cũng như thuộc tính tăng cường của <color=#00FF00>bảo thạch</color> đã được khảm nạm trên trang bị đó.",3
30071303,<color=#D829FF>Chân Nguyên Né Tránh (Cấp 3)</color>,ZhenYuan4_16,1,1,false,4,1,true,true,false,1,-1,-1,,-1,Chân Nguyên,"Viên chân nguyên quý hiếm, gắn lên trang bị sẽ gia tăng <color=#FFFF00>thuộc tính</color> vốn có của <color=#00FF00>trang bị</color> cũng như thuộc tính tăng cường của <color=#00FF00>bảo thạch</color> đã được khảm nạm trên trang bị đó.",3
30071304,<color=#D829FF>Chân Nguyên Né Tránh (Cấp 4)</color>,ZhenYuan4_16,1,1,false,4,1,true,true,false,1,-1,-1,,-1,Chân Nguyên,"Viên chân nguyên quý hiếm, gắn lên trang bị sẽ gia tăng <color=#FFFF00>thuộc tính</color> vốn có của <color=#00FF00>trang bị</color> cũng như thuộc tính tăng cường của <color=#00FF00>bảo thạch</color> đã được khảm nạm trên trang bị đó.",3
30071305,<color=#D829FF>Chân Nguyên Né Tránh (Cấp 5)</color>,ZhenYuan4_16,1,1,false,4,1,true,true,false,1,-1,-1,,-1,Chân Nguyên,"Viên chân nguyên quý hiếm, gắn lên trang bị sẽ gia tăng <color=#FFFF00>thuộc tính</color> vốn có của <color=#00FF00>trang bị</color> cũng như thuộc tính tăng cường của <color=#00FF00>bảo thạch</color> đã được khảm nạm trên trang bị đó.",3
30071306,<color=#D829FF>Chân Nguyên Né Tránh (Cấp 6)</color>,ZhenYuan4_16,1,1,false,4,1,true,true,false,1,-1,-1,,-1,Chân Nguyên,"Viên chân nguyên quý hiếm, gắn lên trang bị sẽ gia tăng <color=#FFFF00>thuộc tính</color> vốn có của <color=#00FF00>trang bị</color> cũng như thuộc tính tăng cường của <color=#00FF00>bảo thạch</color> đã được khảm nạm trên trang bị đó.",3
30071307,<color=#D829FF>Chân Nguyên Né Tránh (Cấp 7)</color>,ZhenYuan4_16,1,1,false,4,1,true,true,false,1,-1,-1,,-1,Chân Nguyên,"Viên chân nguyên quý hiếm, gắn lên trang bị sẽ gia tăng <color=#FFFF00>thuộc tính</color> vốn có của <color=#00FF00>trang bị</color> cũng như thuộc tính tăng cường của <color=#00FF00>bảo thạch</color> đã được khảm nạm trên trang bị đó.",3
30071308,<color=#D829FF>Chân Nguyên Né Tránh (Cấp 8)</color>,ZhenYuan4_16,1,1,false,4,1,true,true,false,1,-1,-1,,-1,Chân Nguyên,"Viên chân nguyên quý hiếm, gắn lên trang bị sẽ gia tăng <color=#FFFF00>thuộc tính</color> vốn có của <color=#00FF00>trang bị</color> cũng như thuộc tính tăng cường của <color=#00FF00>bảo thạch</color> đã được khảm nạm trên trang bị đó.",3
30071309,<color=#D829FF>Chân Nguyên Né Tránh (Cấp 9)</color>,ZhenYuan4_16,1,1,false,4,1,true,true,false,1,-1,-1,,-1,Chân Nguyên,"Viên chân nguyên quý hiếm, gắn lên trang bị sẽ gia tăng <color=#FFFF00>thuộc tính</color> vốn có của <color=#00FF00>trang bị</color> cũng như thuộc tính tăng cường của <color=#00FF00>bảo thạch</color> đã được khảm nạm trên trang bị đó.",3
30071310,<color=#D829FF>Chân Nguyên Né Tránh (Cấp 10)</color>,ZhenYuan4_16,1,1,false,4,1,true,true,false,1,-1,-1,,-1,Chân Nguyên,"Viên chân nguyên quý hiếm, gắn lên trang bị sẽ gia tăng <color=#FFFF00>thuộc tính</color> vốn có của <color=#00FF00>trang bị</color> cũng như thuộc tính tăng cường của <color=#00FF00>bảo thạch</color> đã được khảm nạm trên trang bị đó.",3
30071311,<color=#FF8B0F>Chân Nguyên Né Tránh (Cấp 1)</color>,ZhenYuan5_1,1,1,false,4,1,true,true,false,1,-1,-1,,-1,Chân Nguyên,"Viên chân nguyên quý hiếm, gắn lên trang bị sẽ gia tăng <color=#FFFF00>thuộc tính</color> vốn có của <color=#00FF00>trang bị</color> cũng như thuộc tính tăng cường của <color=#00FF00>bảo thạch</color> đã được khảm nạm trên trang bị đó.",3
30071312,<color=#FF8B0F>Chân Nguyên Né Tránh (Cấp 2)</color>,ZhenYuan5_1,1,1,false,4,1,true,true,false,1,-1,-1,,-1,Chân Nguyên,"Viên chân nguyên quý hiếm, gắn lên trang bị sẽ gia tăng <color=#FFFF00>thuộc tính</color> vốn có của <color=#00FF00>trang bị</color> cũng như thuộc tính tăng cường của <color=#00FF00>bảo thạch</color> đã được khảm nạm trên trang bị đó.",3
30071313,<color=#FF8B0F>Chân Nguyên Né Tránh (Cấp 3)</color>,ZhenYuan5_1,1,1,false,4,1,true,true,false,1,-1,-1,,-1,Chân Nguyên,"Viên chân nguyên quý hiếm, gắn lên trang bị sẽ gia tăng <color=#FFFF00>thuộc tính</color> vốn có của <color=#00FF00>trang bị</color> cũng như thuộc tính tăng cường của <color=#00FF00>bảo thạch</color> đã được khảm nạm trên trang bị đó.",3
30071314,<color=#FF8B0F>Chân Nguyên Né Tránh (Cấp 4)</color>,ZhenYuan5_1,1,1,false,4,1,true,true,false,1,-1,-1,,-1,Chân Nguyên,"Viên chân nguyên quý hiếm, gắn lên trang bị sẽ gia tăng <color=#FFFF00>thuộc tính</color> vốn có của <color=#00FF00>trang bị</color> cũng như thuộc tính tăng cường của <color=#00FF00>bảo thạch</color> đã được khảm nạm trên trang bị đó.",3
30071315,<color=#FF8B0F>Chân Nguyên Né Tránh (Cấp 5)</color>,ZhenYuan5_1,1,1,false,4,1,true,true,false,1,-1,-1,,-1,Chân Nguyên,"Viên chân nguyên quý hiếm, gắn lên trang bị sẽ gia tăng <color=#FFFF00>thuộc tính</color> vốn có của <color=#00FF00>trang bị</color> cũng như thuộc tính tăng cường của <color=#00FF00>bảo thạch</color> đã được khảm nạm trên trang bị đó.",3
30071316,<color=#FF8B0F>Chân Nguyên Né Tránh (Cấp 6)</color>,ZhenYuan5_1,1,1,false,4,1,true,true,false,1,-1,-1,,-1,Chân Nguyên,"Viên chân nguyên quý hiếm, gắn lên trang bị sẽ gia tăng <color=#FFFF00>thuộc tính</color> vốn có của <color=#00FF00>trang bị</color> cũng như thuộc tính tăng cường của <color=#00FF00>bảo thạch</color> đã được khảm nạm trên trang bị đó.",3
30071317,<color=#FF8B0F>Chân Nguyên Né Tránh (Cấp 7)</color>,ZhenYuan5_1,1,1,false,4,1,true,true,false,1,-1,-1,,-1,Chân Nguyên,"Viên chân nguyên quý hiếm, gắn lên trang bị sẽ gia tăng <color=#FFFF00>thuộc tính</color> vốn có của <color=#00FF00>trang bị</color> cũng như thuộc tính tăng cường của <color=#00FF00>bảo thạch</color> đã được khảm nạm trên trang bị đó.",3
30071318,<color=#FF8B0F>Chân Nguyên Né Tránh (Cấp 8)</color>,ZhenYuan5_1,1,1,false,4,1,true,true,false,1,-1,-1,,-1,Chân Nguyên,"Viên chân nguyên quý hiếm, gắn lên trang bị sẽ gia tăng <color=#FFFF00>thuộc tính</color> vốn có của <color=#00FF00>trang bị</color> cũng như thuộc tính tăng cường của <color=#00FF00>bảo thạch</color> đã được khảm nạm trên trang bị đó.",3
30071319,<color=#FF8B0F>Chân Nguyên Né Tránh (Cấp 9)</color>,ZhenYuan5_1,1,1,false,4,1,true,true,false,1,-1,-1,,-1,Chân Nguyên,"Viên chân nguyên quý hiếm, gắn lên trang bị sẽ gia tăng <color=#FFFF00>thuộc tính</color> vốn có của <color=#00FF00>trang bị</color> cũng như thuộc tính tăng cường của <color=#00FF00>bảo thạch</color> đã được khảm nạm trên trang bị đó.",3
30071320,<color=#FF8B0F>Chân Nguyên Né Tránh (Cấp 10)</color>,ZhenYuan5_1,1,1,false,4,1,true,true,false,1,-1,-1,,-1,Chân Nguyên,"Viên chân nguyên quý hiếm, gắn lên trang bị sẽ gia tăng <color=#FFFF00>thuộc tính</color> vốn có của <color=#00FF00>trang bị</color> cũng như thuộc tính tăng cường của <color=#00FF00>bảo thạch</color> đã được khảm nạm trên trang bị đó.",3
30071321,<color=#FFFF00>Chân Nguyên Né Tránh (Cấp 1)</color>,ZhenYuanGold1_1,1,1,false,4,1,true,true,false,1,-1,-1,,-1,Chân Nguyên,"Viên chân nguyên quý hiếm, gắn lên trang bị sẽ gia tăng <color=#FFFF00>thuộc tính</color> vốn có của <color=#00FF00>trang bị</color> cũng như thuộc tính tăng cường của <color=#00FF00>bảo thạch</color> đã được khảm nạm trên trang bị đó.",3
30071322,<color=#FFFF00>Chân Nguyên Né Tránh (Cấp 2)</color>,ZhenYuanGold1_1,1,1,false,4,1,true,true,false,1,-1,-1,,-1,Chân Nguyên,"Viên chân nguyên quý hiếm, gắn lên trang bị sẽ gia tăng <color=#FFFF00>thuộc tính</color> vốn có của <color=#00FF00>trang bị</color> cũng như thuộc tính tăng cường của <color=#00FF00>bảo thạch</color> đã được khảm nạm trên trang bị đó.",3
30071323,<color=#FFFF00>Chân Nguyên Né Tránh (Cấp 3)</color>,ZhenYuanGold1_1,1,1,false,4,1,true,true,false,1,-1,-1,,-1,Chân Nguyên,"Viên chân nguyên quý hiếm, gắn lên trang bị sẽ gia tăng <color=#FFFF00>thuộc tính</color> vốn có của <color=#00FF00>trang bị</color> cũng như thuộc tính tăng cường của <color=#00FF00>bảo thạch</color> đã được khảm nạm trên trang bị đó.",3
30071324,<color=#FFFF00>Chân Nguyên Né Tránh (Cấp 4)</color>,ZhenYuanGold1_1,1,1,false,4,1,true,true,false,1,-1,-1,,-1,Chân Nguyên,"Viên chân nguyên quý hiếm, gắn lên trang bị sẽ gia tăng <color=#FFFF00>thuộc tính</color> vốn có của <color=#00FF00>trang bị</color> cũng như thuộc tính tăng cường của <color=#00FF00>bảo thạch</color> đã được khảm nạm trên trang bị đó.",3
30071325,<color=#FFFF00>Chân Nguyên Né Tránh (Cấp 5)</color>,ZhenYuanGold1_1,1,1,false,4,1,true,true,false,1,-1,-1,,-1,Chân Nguyên,"Viên chân nguyên quý hiếm, gắn lên trang bị sẽ gia tăng <color=#FFFF00>thuộc tính</color> vốn có của <color=#00FF00>trang bị</color> cũng như thuộc tính tăng cường của <color=#00FF00>bảo thạch</color> đã được khảm nạm trên trang bị đó.",3
30071326,<color=#FFFF00>Chân Nguyên Né Tránh (Cấp 6)</color>,ZhenYuanGold1_1,1,1,false,4,1,true,true,false,1,-1,-1,,-1,Chân Nguyên,"Viên chân nguyên quý hiếm, gắn lên trang bị sẽ gia tăng <color=#FFFF00>thuộc tính</color> vốn có của <color=#00FF00>trang bị</color> cũng như thuộc tính tăng cường của <color=#00FF00>bảo thạch</color> đã được khảm nạm trên trang bị đó.",3
30071327,<color=#FFFF00>Chân Nguyên Né Tránh (Cấp 7)</color>,ZhenYuanGold1_1,1,1,false,4,1,true,true,false,1,-1,-1,,-1,Chân Nguyên,"Viên chân nguyên quý hiếm, gắn lên trang bị sẽ gia tăng <color=#FFFF00>thuộc tính</color> vốn có của <color=#00FF00>trang bị</color> cũng như thuộc tính tăng cường của <color=#00FF00>bảo thạch</color> đã được khảm nạm trên trang bị đó.",3
30071328,<color=#FFFF00>Chân Nguyên Né Tránh (Cấp 8)</color>,ZhenYuanGold1_1,1,1,false,4,1,true,true,false,1,-1,-1,,-1,Chân Nguyên,"Viên chân nguyên quý hiếm, gắn lên trang bị sẽ gia tăng <color=#FFFF00>thuộc tính</color> vốn có của <color=#00FF00>trang bị</color> cũng như thuộc tính tăng cường của <color=#00FF00>bảo thạch</color> đã được khảm nạm trên trang bị đó.",3
30071329,<color=#FFFF00>Chân Nguyên Né Tránh (Cấp 9)</color>,ZhenYuanGold1_1,1,1,false,4,1,true,true,false,1,-1,-1,,-1,Chân Nguyên,"Viên chân nguyên quý hiếm, gắn lên trang bị sẽ gia tăng <color=#FFFF00>thuộc tính</color> vốn có của <color=#00FF00>trang bị</color> cũng như thuộc tính tăng cường của <color=#00FF00>bảo thạch</color> đã được khảm nạm trên trang bị đó.",3
30071330,<color=#FFFF00>Chân Nguyên Né Tránh (Cấp 10)</color>,ZhenYuanGold1_1,1,1,false,4,1,true,true,false,1,-1,-1,,-1,Chân Nguyên,"Viên chân nguyên quý hiếm, gắn lên trang bị sẽ gia tăng <color=#FFFF00>thuộc tính</color> vốn có của <color=#00FF00>trang bị</color> cũng như thuộc tính tăng cường của <color=#00FF00>bảo thạch</color> đã được khảm nạm trên trang bị đó.",3
30071331,<color=#FFFFFF>Chân Nguyên Hội Công (Cấp 1)</color>,ZhenYuan5_2,1,1,false,4,1,true,true,false,1,-1,-1,,-1,Chân Nguyên,"Viên chân nguyên quý hiếm, gắn lên trang bị sẽ gia tăng <color=#FFFF00>thuộc tính</color> vốn có của <color=#00FF00>trang bị</color> cũng như thuộc tính tăng cường của <color=#00FF00>bảo thạch</color> đã được khảm nạm trên trang bị đó.",3
30071332,<color=#FFFFFF>Chân Nguyên Hội Công (Cấp 2)</color>,ZhenYuan5_2,1,1,false,4,1,true,true,false,1,-1,-1,,-1,Chân Nguyên,"Viên chân nguyên quý hiếm, gắn lên trang bị sẽ gia tăng <color=#FFFF00>thuộc tính</color> vốn có của <color=#00FF00>trang bị</color> cũng như thuộc tính tăng cường của <color=#00FF00>bảo thạch</color> đã được khảm nạm trên trang bị đó.",3
30071333,<color=#FFFFFF>Chân Nguyên Hội Công (Cấp 3)</color>,ZhenYuan5_2,1,1,false,4,1,true,true,false,1,-1,-1,,-1,Chân Nguyên,"Viên chân nguyên quý hiếm, gắn lên trang bị sẽ gia tăng <color=#FFFF00>thuộc tính</color> vốn có của <color=#00FF00>trang bị</color> cũng như thuộc tính tăng cường của <color=#00FF00>bảo thạch</color> đã được khảm nạm trên trang bị đó.",3
30071334,<color=#FFFFFF>Chân Nguyên Hội Công (Cấp 4)</color>,ZhenYuan5_2,1,1,false,4,1,true,true,false,1,-1,-1,,-1,Chân Nguyên,"Viên chân nguyên quý hiếm, gắn lên trang bị sẽ gia tăng <color=#FFFF00>thuộc tính</color> vốn có của <color=#00FF00>trang bị</color> cũng như thuộc tính tăng cường của <color=#00FF00>bảo thạch</color> đã được khảm nạm trên trang bị đó.",3
30071335,<color=#FFFFFF>Chân Nguyên Hội Công (Cấp 5)</color>,ZhenYuan5_2,1,1,false,4,1,true,true,false,1,-1,-1,,-1,Chân Nguyên,"Viên chân nguyên quý hiếm, gắn lên trang bị sẽ gia tăng <color=#FFFF00>thuộc tính</color> vốn có của <color=#00FF00>trang bị</color> cũng như thuộc tính tăng cường của <color=#00FF00>bảo thạch</color> đã được khảm nạm trên trang bị đó.",3
30071336,<color=#FFFFFF>Chân Nguyên Hội Công (Cấp 6)</color>,ZhenYuan5_2,1,1,false,4,1,true,true,false,1,-1,-1,,-1,Chân Nguyên,"Viên chân nguyên quý hiếm, gắn lên trang bị sẽ gia tăng <color=#FFFF00>thuộc tính</color> vốn có của <color=#00FF00>trang bị</color> cũng như thuộc tính tăng cường của <color=#00FF00>bảo thạch</color> đã được khảm nạm trên trang bị đó.",3
30071337,<color=#FFFFFF>Chân Nguyên Hội Công (Cấp 7)</color>,ZhenYuan5_2,1,1,false,4,1,true,true,false,1,-1,-1,,-1,Chân Nguyên,"Viên chân nguyên quý hiếm, gắn lên trang bị sẽ gia tăng <color=#FFFF00>thuộc tính</color> vốn có của <color=#00FF00>trang bị</color> cũng như thuộc tính tăng cường của <color=#00FF00>bảo thạch</color> đã được khảm nạm trên trang bị đó.",3
30071338,<color=#FFFFFF>Chân Nguyên Hội Công (Cấp 8)</color>,ZhenYuan5_2,1,1,false,4,1,true,true,false,1,-1,-1,,-1,Chân Nguyên,"Viên chân nguyên quý hiếm, gắn lên trang bị sẽ gia tăng <color=#FFFF00>thuộc tính</color> vốn có của <color=#00FF00>trang bị</color> cũng như thuộc tính tăng cường của <color=#00FF00>bảo thạch</color> đã được khảm nạm trên trang bị đó.",3
30071339,<color=#FFFFFF>Chân Nguyên Hội Công (Cấp 9)</color>,ZhenYuan5_2,1,1,false,4,1,true,true,false,1,-1,-1,,-1,Chân Nguyên,"Viên chân nguyên quý hiếm, gắn lên trang bị sẽ gia tăng <color=#FFFF00>thuộc tính</color> vốn có của <color=#00FF00>trang bị</color> cũng như thuộc tính tăng cường của <color=#00FF00>bảo thạch</color> đã được khảm nạm trên trang bị đó.",3
30071340,<color=#FFFFFF>Chân Nguyên Hội Công (Cấp 10)</color>,ZhenYuan5_2,1,1,false,4,1,true,true,false,1,-1,-1,,-1,Chân Nguyên,"Viên chân nguyên quý hiếm, gắn lên trang bị sẽ gia tăng <color=#FFFF00>thuộc tính</color> vốn có của <color=#00FF00>trang bị</color> cũng như thuộc tính tăng cường của <color=#00FF00>bảo thạch</color> đã được khảm nạm trên trang bị đó.",3
30071341,<color=#00FF00>Chân Nguyên Hội Công (Cấp 1)</color>,ZhenYuan5_3,1,1,false,4,1,true,true,false,1,-1,-1,,-1,Chân Nguyên,"Viên chân nguyên quý hiếm, gắn lên trang bị sẽ gia tăng <color=#FFFF00>thuộc tính</color> vốn có của <color=#00FF00>trang bị</color> cũng như thuộc tính tăng cường của <color=#00FF00>bảo thạch</color> đã được khảm nạm trên trang bị đó.",3
30071342,<color=#00FF00>Chân Nguyên Hội Công (Cấp 2)</color>,ZhenYuan5_3,1,1,false,4,1,true,true,false,1,-1,-1,,-1,Chân Nguyên,"Viên chân nguyên quý hiếm, gắn lên trang bị sẽ gia tăng <color=#FFFF00>thuộc tính</color> vốn có của <color=#00FF00>trang bị</color> cũng như thuộc tính tăng cường của <color=#00FF00>bảo thạch</color> đã được khảm nạm trên trang bị đó.",3
30071343,<color=#00FF00>Chân Nguyên Hội Công (Cấp 3)</color>,ZhenYuan5_3,1,1,false,4,1,true,true,false,1,-1,-1,,-1,Chân Nguyên,"Viên chân nguyên quý hiếm, gắn lên trang bị sẽ gia tăng <color=#FFFF00>thuộc tính</color> vốn có của <color=#00FF00>trang bị</color> cũng như thuộc tính tăng cường của <color=#00FF00>bảo thạch</color> đã được khảm nạm trên trang bị đó.",3
30071344,<color=#00FF00>Chân Nguyên Hội Công (Cấp 4)</color>,ZhenYuan5_3,1,1,false,4,1,true,true,false,1,-1,-1,,-1,Chân Nguyên,"Viên chân nguyên quý hiếm, gắn lên trang bị sẽ gia tăng <color=#FFFF00>thuộc tính</color> vốn có của <color=#00FF00>trang bị</color> cũng như thuộc tính tăng cường của <color=#00FF00>bảo thạch</color> đã được khảm nạm trên trang bị đó.",3
30071345,<color=#00FF00>Chân Nguyên Hội Công (Cấp 5)</color>,ZhenYuan5_3,1,1,false,4,1,true,true,false,1,-1,-1,,-1,Chân Nguyên,"Viên chân nguyên quý hiếm, gắn lên trang bị sẽ gia tăng <color=#FFFF00>thuộc tính</color> vốn có của <color=#00FF00>trang bị</color> cũng như thuộc tính tăng cường của <color=#00FF00>bảo thạch</color> đã được khảm nạm trên trang bị đó.",3
30071346,<color=#00FF00>Chân Nguyên Hội Công (Cấp 6)</color>,ZhenYuan5_3,1,1,false,4,1,true,true,false,1,-1,-1,,-1,Chân Nguyên,"Viên chân nguyên quý hiếm, gắn lên trang bị sẽ gia tăng <color=#FFFF00>thuộc tính</color> vốn có của <color=#00FF00>trang bị</color> cũng như thuộc tính tăng cường của <color=#00FF00>bảo thạch</color> đã được khảm nạm trên trang bị đó.",3
30071347,<color=#00FF00>Chân Nguyên Hội Công (Cấp 7)</color>,ZhenYuan5_3,1,1,false,4,1,true,true,false,1,-1,-1,,-1,Chân Nguyên,"Viên chân nguyên quý hiếm, gắn lên trang bị sẽ gia tăng <color=#FFFF00>thuộc tính</color> vốn có của <color=#00FF00>trang bị</color> cũng như thuộc tính tăng cường của <color=#00FF00>bảo thạch</color> đã được khảm nạm trên trang bị đó.",3
30071348,<color=#00FF00>Chân Nguyên Hội Công (Cấp 8)</color>,ZhenYuan5_3,1,1,false,4,1,true,true,false,1,-1,-1,,-1,Chân Nguyên,"Viên chân nguyên quý hiếm, gắn lên trang bị sẽ gia tăng <color=#FFFF00>thuộc tính</color> vốn có của <color=#00FF00>trang bị</color> cũng như thuộc tính tăng cường của <color=#00FF00>bảo thạch</color> đã được khảm nạm trên trang bị đó.",3
30071349,<color=#00FF00>Chân Nguyên Hội Công (Cấp 9)</color>,ZhenYuan5_3,1,1,false,4,1,true,true,false,1,-1,-1,,-1,Chân Nguyên,"Viên chân nguyên quý hiếm, gắn lên trang bị sẽ gia tăng <color=#FFFF00>thuộc tính</color> vốn có của <color=#00FF00>trang bị</color> cũng như thuộc tính tăng cường của <color=#00FF00>bảo thạch</color> đã được khảm nạm trên trang bị đó.",3
30071350,<color=#00FF00>Chân Nguyên Hội Công (Cấp 10)</color>,ZhenYuan5_3,1,1,false,4,1,true,true,false,1,-1,-1,,-1,Chân Nguyên,"Viên chân nguyên quý hiếm, gắn lên trang bị sẽ gia tăng <color=#FFFF00>thuộc tính</color> vốn có của <color=#00FF00>trang bị</color> cũng như thuộc tính tăng cường của <color=#00FF00>bảo thạch</color> đã được khảm nạm trên trang bị đó.",3
30071351,<color=#1A9FFF>Chân Nguyên Hội Công (Cấp 1)</color>,ZhenYuan5_4,1,1,false,4,1,true,true,false,1,-1,-1,,-1,Chân Nguyên,"Viên chân nguyên quý hiếm, gắn lên trang bị sẽ gia tăng <color=#FFFF00>thuộc tính</color> vốn có của <color=#00FF00>trang bị</color> cũng như thuộc tính tăng cường của <color=#00FF00>bảo thạch</color> đã được khảm nạm trên trang bị đó.",3
30071352,<color=#1A9FFF>Chân Nguyên Hội Công (Cấp 2)</color>,ZhenYuan5_4,1,1,false,4,1,true,true,false,1,-1,-1,,-1,Chân Nguyên,"Viên chân nguyên quý hiếm, gắn lên trang bị sẽ gia tăng <color=#FFFF00>thuộc tính</color> vốn có của <color=#00FF00>trang bị</color> cũng như thuộc tính tăng cường của <color=#00FF00>bảo thạch</color> đã được khảm nạm trên trang bị đó.",3
30071353,<color=#1A9FFF>Chân Nguyên Hội Công (Cấp 3)</color>,ZhenYuan5_4,1,1,false,4,1,true,true,false,1,-1,-1,,-1,Chân Nguyên,"Viên chân nguyên quý hiếm, gắn lên trang bị sẽ gia tăng <color=#FFFF00>thuộc tính</color> vốn có của <color=#00FF00>trang bị</color> cũng như thuộc tính tăng cường của <color=#00FF00>bảo thạch</color> đã được khảm nạm trên trang bị đó.",3
30071354,<color=#1A9FFF>Chân Nguyên Hội Công (Cấp 4)</color>,ZhenYuan5_4,1,1,false,4,1,true,true,false,1,-1,-1,,-1,Chân Nguyên,"Viên chân nguyên quý hiếm, gắn lên trang bị sẽ gia tăng <color=#FFFF00>thuộc tính</color> vốn có của <color=#00FF00>trang bị</color> cũng như thuộc tính tăng cường của <color=#00FF00>bảo thạch</color> đã được khảm nạm trên trang bị đó.",3
30071355,<color=#1A9FFF>Chân Nguyên Hội Công (Cấp 5)</color>,ZhenYuan5_4,1,1,false,4,1,true,true,false,1,-1,-1,,-1,Chân Nguyên,"Viên chân nguyên quý hiếm, gắn lên trang bị sẽ gia tăng <color=#FFFF00>thuộc tính</color> vốn có của <color=#00FF00>trang bị</color> cũng như thuộc tính tăng cường của <color=#00FF00>bảo thạch</color> đã được khảm nạm trên trang bị đó.",3
30071356,<color=#1A9FFF>Chân Nguyên Hội Công (Cấp 6)</color>,ZhenYuan5_4,1,1,false,4,1,true,true,false,1,-1,-1,,-1,Chân Nguyên,"Viên chân nguyên quý hiếm, gắn lên trang bị sẽ gia tăng <color=#FFFF00>thuộc tính</color> vốn có của <color=#00FF00>trang bị</color> cũng như thuộc tính tăng cường của <color=#00FF00>bảo thạch</color> đã được khảm nạm trên trang bị đó.",3
30071357,<color=#1A9FFF>Chân Nguyên Hội Công (Cấp 7)</color>,ZhenYuan5_4,1,1,false,4,1,true,true,false,1,-1,-1,,-1,Chân Nguyên,"Viên chân nguyên quý hiếm, gắn lên trang bị sẽ gia tăng <color=#FFFF00>thuộc tính</color> vốn có của <color=#00FF00>trang bị</color> cũng như thuộc tính tăng cường của <color=#00FF00>bảo thạch</color> đã được khảm nạm trên trang bị đó.",3
30071358,<color=#1A9FFF>Chân Nguyên Hội Công (Cấp 8)</color>,ZhenYuan5_4,1,1,false,4,1,true,true,false,1,-1,-1,,-1,Chân Nguyên,"Viên chân nguyên quý hiếm, gắn lên trang bị sẽ gia tăng <color=#FFFF00>thuộc tính</color> vốn có của <color=#00FF00>trang bị</color> cũng như thuộc tính tăng cường của <color=#00FF00>bảo thạch</color> đã được khảm nạm trên trang bị đó.",3
30071359,<color=#1A9FFF>Chân Nguyên Hội Công (Cấp 9)</color>,ZhenYuan5_4,1,1,false,4,1,true,true,false,1,-1,-1,,-1,Chân Nguyên,"Viên chân nguyên quý hiếm, gắn lên trang bị sẽ gia tăng <color=#FFFF00>thuộc tính</color> vốn có của <color=#00FF00>trang bị</color> cũng như thuộc tính tăng cường của <color=#00FF00>bảo thạch</color> đã được khảm nạm trên trang bị đó.",3
30071360,<color=#1A9FFF>Chân Nguyên Hội Công (Cấp 10)</color>,ZhenYuan5_4,1,1,false,4,1,true,true,false,1,-1,-1,,-1,Chân Nguyên,"Viên chân nguyên quý hiếm, gắn lên trang bị sẽ gia tăng <color=#FFFF00>thuộc tính</color> vốn có của <color=#00FF00>trang bị</color> cũng như thuộc tính tăng cường của <color=#00FF00>bảo thạch</color> đã được khảm nạm trên trang bị đó.",3
30071361,<color=#D829FF>Chân Nguyên Hội Công (Cấp 1)</color>,ZhenYuan5_5,1,1,false,4,1,true,true,false,1,-1,-1,,-1,Chân Nguyên,"Viên chân nguyên quý hiếm, gắn lên trang bị sẽ gia tăng <color=#FFFF00>thuộc tính</color> vốn có của <color=#00FF00>trang bị</color> cũng như thuộc tính tăng cường của <color=#00FF00>bảo thạch</color> đã được khảm nạm trên trang bị đó.",3
30071362,<color=#D829FF>Chân Nguyên Hội Công (Cấp 2)</color>,ZhenYuan5_5,1,1,false,4,1,true,true,false,1,-1,-1,,-1,Chân Nguyên,"Viên chân nguyên quý hiếm, gắn lên trang bị sẽ gia tăng <color=#FFFF00>thuộc tính</color> vốn có của <color=#00FF00>trang bị</color> cũng như thuộc tính tăng cường của <color=#00FF00>bảo thạch</color> đã được khảm nạm trên trang bị đó.",3
30071363,<color=#D829FF>Chân Nguyên Hội Công (Cấp 3)</color>,ZhenYuan5_5,1,1,false,4,1,true,true,false,1,-1,-1,,-1,Chân Nguyên,"Viên chân nguyên quý hiếm, gắn lên trang bị sẽ gia tăng <color=#FFFF00>thuộc tính</color> vốn có của <color=#00FF00>trang bị</color> cũng như thuộc tính tăng cường của <color=#00FF00>bảo thạch</color> đã được khảm nạm trên trang bị đó.",3
30071364,<color=#D829FF>Chân Nguyên Hội Công (Cấp 4)</color>,ZhenYuan5_5,1,1,false,4,1,true,true,false,1,-1,-1,,-1,Chân Nguyên,"Viên chân nguyên quý hiếm, gắn lên trang bị sẽ gia tăng <color=#FFFF00>thuộc tính</color> vốn có của <color=#00FF00>trang bị</color> cũng như thuộc tính tăng cường của <color=#00FF00>bảo thạch</color> đã được khảm nạm trên trang bị đó.",3
30071365,<color=#D829FF>Chân Nguyên Hội Công (Cấp 5)</color>,ZhenYuan5_5,1,1,false,4,1,true,true,false,1,-1,-1,,-1,Chân Nguyên,"Viên chân nguyên quý hiếm, gắn lên trang bị sẽ gia tăng <color=#FFFF00>thuộc tính</color> vốn có của <color=#00FF00>trang bị</color> cũng như thuộc tính tăng cường của <color=#00FF00>bảo thạch</color> đã được khảm nạm trên trang bị đó.",3
30071366,<color=#D829FF>Chân Nguyên Hội Công (Cấp 6)</color>,ZhenYuan5_5,1,1,false,4,1,true,true,false,1,-1,-1,,-1,Chân Nguyên,"Viên chân nguyên quý hiếm, gắn lên trang bị sẽ gia tăng <color=#FFFF00>thuộc tính</color> vốn có của <color=#00FF00>trang bị</color> cũng như thuộc tính tăng cường của <color=#00FF00>bảo thạch</color> đã được khảm nạm trên trang bị đó.",3
30071367,<color=#D829FF>Chân Nguyên Hội Công (Cấp 7)</color>,ZhenYuan5_5,1,1,false,4,1,true,true,false,1,-1,-1,,-1,Chân Nguyên,"Viên chân nguyên quý hiếm, gắn lên trang bị sẽ gia tăng <color=#FFFF00>thuộc tính</color> vốn có của <color=#00FF00>trang bị</color> cũng như thuộc tính tăng cường của <color=#00FF00>bảo thạch</color> đã được khảm nạm trên trang bị đó.",3
30071368,<color=#D829FF>Chân Nguyên Hội Công (Cấp 8)</color>,ZhenYuan5_5,1,1,false,4,1,true,true,false,1,-1,-1,,-1,Chân Nguyên,"Viên chân nguyên quý hiếm, gắn lên trang bị sẽ gia tăng <color=#FFFF00>thuộc tính</color> vốn có của <color=#00FF00>trang bị</color> cũng như thuộc tính tăng cường của <color=#00FF00>bảo thạch</color> đã được khảm nạm trên trang bị đó.",3
30071369,<color=#D829FF>Chân Nguyên Hội Công (Cấp 9)</color>,ZhenYuan5_5,1,1,false,4,1,true,true,false,1,-1,-1,,-1,Chân Nguyên,"Viên chân nguyên quý hiếm, gắn lên trang bị sẽ gia tăng <color=#FFFF00>thuộc tính</color> vốn có của <color=#00FF00>trang bị</color> cũng như thuộc tính tăng cường của <color=#00FF00>bảo thạch</color> đã được khảm nạm trên trang bị đó.",3
30071370,<color=#D829FF>Chân Nguyên Hội Công (Cấp 10)</color>,ZhenYuan5_5,1,1,false,4,1,true,true,false,1,-1,-1,,-1,Chân Nguyên,"Viên chân nguyên quý hiếm, gắn lên trang bị sẽ gia tăng <color=#FFFF00>thuộc tính</color> vốn có của <color=#00FF00>trang bị</color> cũng như thuộc tính tăng cường của <color=#00FF00>bảo thạch</color> đã được khảm nạm trên trang bị đó.",3
30071371,<color=#FF8B0F>Chân Nguyên Hội Công (Cấp 1)</color>,ZhenYuan5_6,1,1,false,4,1,true,true,false,1,-1,-1,,-1,Chân Nguyên,"Viên chân nguyên quý hiếm, gắn lên trang bị sẽ gia tăng <color=#FFFF00>thuộc tính</color> vốn có của <color=#00FF00>trang bị</color> cũng như thuộc tính tăng cường của <color=#00FF00>bảo thạch</color> đã được khảm nạm trên trang bị đó.",3
30071372,<color=#FF8B0F>Chân Nguyên Hội Công (Cấp 2)</color>,ZhenYuan5_6,1,1,false,4,1,true,true,false,1,-1,-1,,-1,Chân Nguyên,"Viên chân nguyên quý hiếm, gắn lên trang bị sẽ gia tăng <color=#FFFF00>thuộc tính</color> vốn có của <color=#00FF00>trang bị</color> cũng như thuộc tính tăng cường của <color=#00FF00>bảo thạch</color> đã được khảm nạm trên trang bị đó.",3
30071373,<color=#FF8B0F>Chân Nguyên Hội Công (Cấp 3)</color>,ZhenYuan5_6,1,1,false,4,1,true,true,false,1,-1,-1,,-1,Chân Nguyên,"Viên chân nguyên quý hiếm, gắn lên trang bị sẽ gia tăng <color=#FFFF00>thuộc tính</color> vốn có của <color=#00FF00>trang bị</color> cũng như thuộc tính tăng cường của <color=#00FF00>bảo thạch</color> đã được khảm nạm trên trang bị đó.",3
30071374,<color=#FF8B0F>Chân Nguyên Hội Công (Cấp 4)</color>,ZhenYuan5_6,1,1,false,4,1,true,true,false,1,-1,-1,,-1,Chân Nguyên,"Viên chân nguyên quý hiếm, gắn lên trang bị sẽ gia tăng <color=#FFFF00>thuộc tính</color> vốn có của <color=#00FF00>trang bị</color> cũng như thuộc tính tăng cường của <color=#00FF00>bảo thạch</color> đã được khảm nạm trên trang bị đó.",3
30071375,<color=#FF8B0F>Chân Nguyên Hội Công (Cấp 5)</color>,ZhenYuan5_6,1,1,false,4,1,true,true,false,1,-1,-1,,-1,Chân Nguyên,"Viên chân nguyên quý hiếm, gắn lên trang bị sẽ gia tăng <color=#FFFF00>thuộc tính</color> vốn có của <color=#00FF00>trang bị</color> cũng như thuộc tính tăng cường của <color=#00FF00>bảo thạch</color> đã được khảm nạm trên trang bị đó.",3
30071376,<color=#FF8B0F>Chân Nguyên Hội Công (Cấp 6)</color>,ZhenYuan5_6,1,1,false,4,1,true,true,false,1,-1,-1,,-1,Chân Nguyên,"Viên chân nguyên quý hiếm, gắn lên trang bị sẽ gia tăng <color=#FFFF00>thuộc tính</color> vốn có của <color=#00FF00>trang bị</color> cũng như thuộc tính tăng cường của <color=#00FF00>bảo thạch</color> đã được khảm nạm trên trang bị đó.",3
30071377,<color=#FF8B0F>Chân Nguyên Hội Công (Cấp 7)</color>,ZhenYuan5_6,1,1,false,4,1,true,true,false,1,-1,-1,,-1,Chân Nguyên,"Viên chân nguyên quý hiếm, gắn lên trang bị sẽ gia tăng <color=#FFFF00>thuộc tính</color> vốn có của <color=#00FF00>trang bị</color> cũng như thuộc tính tăng cường của <color=#00FF00>bảo thạch</color> đã được khảm nạm trên trang bị đó.",3
30071378,<color=#FF8B0F>Chân Nguyên Hội Công (Cấp 8)</color>,ZhenYuan5_6,1,1,false,4,1,true,true,false,1,-1,-1,,-1,Chân Nguyên,"Viên chân nguyên quý hiếm, gắn lên trang bị sẽ gia tăng <color=#FFFF00>thuộc tính</color> vốn có của <color=#00FF00>trang bị</color> cũng như thuộc tính tăng cường của <color=#00FF00>bảo thạch</color> đã được khảm nạm trên trang bị đó.",3
30071379,<color=#FF8B0F>Chân Nguyên Hội Công (Cấp 9)</color>,ZhenYuan5_6,1,1,false,4,1,true,true,false,1,-1,-1,,-1,Chân Nguyên,"Viên chân nguyên quý hiếm, gắn lên trang bị sẽ gia tăng <color=#FFFF00>thuộc tính</color> vốn có của <color=#00FF00>trang bị</color> cũng như thuộc tính tăng cường của <color=#00FF00>bảo thạch</color> đã được khảm nạm trên trang bị đó.",3
30071380,<color=#FF8B0F>Chân Nguyên Hội Công (Cấp 10)</color>,ZhenYuan5_6,1,1,false,4,1,true,true,false,1,-1,-1,,-1,Chân Nguyên,"Viên chân nguyên quý hiếm, gắn lên trang bị sẽ gia tăng <color=#FFFF00>thuộc tính</color> vốn có của <color=#00FF00>trang bị</color> cũng như thuộc tính tăng cường của <color=#00FF00>bảo thạch</color> đã được khảm nạm trên trang bị đó.",3
30071381,<color=#FFFF00>Chân Nguyên Hội Công (Cấp 1)</color>,ZhenYuanGold1_6,1,1,false,4,1,true,true,false,1,-1,-1,,-1,Chân Nguyên,"Viên chân nguyên quý hiếm, gắn lên trang bị sẽ gia tăng <color=#FFFF00>thuộc tính</color> vốn có của <color=#00FF00>trang bị</color> cũng như thuộc tính tăng cường của <color=#00FF00>bảo thạch</color> đã được khảm nạm trên trang bị đó.",3
30071382,<color=#FFFF00>Chân Nguyên Hội Công (Cấp 2)</color>,ZhenYuanGold1_6,1,1,false,4,1,true,true,false,1,-1,-1,,-1,Chân Nguyên,"Viên chân nguyên quý hiếm, gắn lên trang bị sẽ gia tăng <color=#FFFF00>thuộc tính</color> vốn có của <color=#00FF00>trang bị</color> cũng như thuộc tính tăng cường của <color=#00FF00>bảo thạch</color> đã được khảm nạm trên trang bị đó.",3
30071383,<color=#FFFF00>Chân Nguyên Hội Công (Cấp 3)</color>,ZhenYuanGold1_6,1,1,false,4,1,true,true,false,1,-1,-1,,-1,Chân Nguyên,"Viên chân nguyên quý hiếm, gắn lên trang bị sẽ gia tăng <color=#FFFF00>thuộc tính</color> vốn có của <color=#00FF00>trang bị</color> cũng như thuộc tính tăng cường của <color=#00FF00>bảo thạch</color> đã được khảm nạm trên trang bị đó.",3
30071384,<color=#FFFF00>Chân Nguyên Hội Công (Cấp 4)</color>,ZhenYuanGold1_6,1,1,false,4,1,true,true,false,1,-1,-1,,-1,Chân Nguyên,"Viên chân nguyên quý hiếm, gắn lên trang bị sẽ gia tăng <color=#FFFF00>thuộc tính</color> vốn có của <color=#00FF00>trang bị</color> cũng như thuộc tính tăng cường của <color=#00FF00>bảo thạch</color> đã được khảm nạm trên trang bị đó.",3
30071385,<color=#FFFF00>Chân Nguyên Hội Công (Cấp 5)</color>,ZhenYuanGold1_6,1,1,false,4,1,true,true,false,1,-1,-1,,-1,Chân Nguyên,"Viên chân nguyên quý hiếm, gắn lên trang bị sẽ gia tăng <color=#FFFF00>thuộc tính</color> vốn có của <color=#00FF00>trang bị</color> cũng như thuộc tính tăng cường của <color=#00FF00>bảo thạch</color> đã được khảm nạm trên trang bị đó.",3
30071386,<color=#FFFF00>Chân Nguyên Hội Công (Cấp 6)</color>,ZhenYuanGold1_6,1,1,false,4,1,true,true,false,1,-1,-1,,-1,Chân Nguyên,"Viên chân nguyên quý hiếm, gắn lên trang bị sẽ gia tăng <color=#FFFF00>thuộc tính</color> vốn có của <color=#00FF00>trang bị</color> cũng như thuộc tính tăng cường của <color=#00FF00>bảo thạch</color> đã được khảm nạm trên trang bị đó.",3
30071387,<color=#FFFF00>Chân Nguyên Hội Công (Cấp 7)</color>,ZhenYuanGold1_6,1,1,false,4,1,true,true,false,1,-1,-1,,-1,Chân Nguyên,"Viên chân nguyên quý hiếm, gắn lên trang bị sẽ gia tăng <color=#FFFF00>thuộc tính</color> vốn có của <color=#00FF00>trang bị</color> cũng như thuộc tính tăng cường của <color=#00FF00>bảo thạch</color> đã được khảm nạm trên trang bị đó.",3
30071388,<color=#FFFF00>Chân Nguyên Hội Công (Cấp 8)</color>,ZhenYuanGold1_6,1,1,false,4,1,true,true,false,1,-1,-1,,-1,Chân Nguyên,"Viên chân nguyên quý hiếm, gắn lên trang bị sẽ gia tăng <color=#FFFF00>thuộc tính</color> vốn có của <color=#00FF00>trang bị</color> cũng như thuộc tính tăng cường của <color=#00FF00>bảo thạch</color> đã được khảm nạm trên trang bị đó.",3
30071389,<color=#FFFF00>Chân Nguyên Hội Công (Cấp 9)</color>,ZhenYuanGold1_6,1,1,false,4,1,true,true,false,1,-1,-1,,-1,Chân Nguyên,"Viên chân nguyên quý hiếm, gắn lên trang bị sẽ gia tăng <color=#FFFF00>thuộc tính</color> vốn có của <color=#00FF00>trang bị</color> cũng như thuộc tính tăng cường của <color=#00FF00>bảo thạch</color> đã được khảm nạm trên trang bị đó.",3
30071390,<color=#FFFF00>Chân Nguyên Hội Công (Cấp 10)</color>,ZhenYuanGold1_6,1,1,false,4,1,true,true,false,1,-1,-1,,-1,Chân Nguyên,"Viên chân nguyên quý hiếm, gắn lên trang bị sẽ gia tăng <color=#FFFF00>thuộc tính</color> vốn có của <color=#00FF00>trang bị</color> cũng như thuộc tính tăng cường của <color=#00FF00>bảo thạch</color> đã được khảm nạm trên trang bị đó.",3
30071391,<color=#FFFFFF>Chân Nguyên Hội Thủ (Cấp 1)</color>,ZhenYuan5_7,1,1,false,4,1,true,true,false,1,-1,-1,,-1,Chân Nguyên,"Viên chân nguyên quý hiếm, gắn lên trang bị sẽ gia tăng <color=#FFFF00>thuộc tính</color> vốn có của <color=#00FF00>trang bị</color> cũng như thuộc tính tăng cường của <color=#00FF00>bảo thạch</color> đã được khảm nạm trên trang bị đó.",3
30071392,<color=#FFFFFF>Chân Nguyên Hội Thủ (Cấp 2)</color>,ZhenYuan5_7,1,1,false,4,1,true,true,false,1,-1,-1,,-1,Chân Nguyên,"Viên chân nguyên quý hiếm, gắn lên trang bị sẽ gia tăng <color=#FFFF00>thuộc tính</color> vốn có của <color=#00FF00>trang bị</color> cũng như thuộc tính tăng cường của <color=#00FF00>bảo thạch</color> đã được khảm nạm trên trang bị đó.",3
30071393,<color=#FFFFFF>Chân Nguyên Hội Thủ (Cấp 3)</color>,ZhenYuan5_7,1,1,false,4,1,true,true,false,1,-1,-1,,-1,Chân Nguyên,"Viên chân nguyên quý hiếm, gắn lên trang bị sẽ gia tăng <color=#FFFF00>thuộc tính</color> vốn có của <color=#00FF00>trang bị</color> cũng như thuộc tính tăng cường của <color=#00FF00>bảo thạch</color> đã được khảm nạm trên trang bị đó.",3
30071394,<color=#FFFFFF>Chân Nguyên Hội Thủ (Cấp 4)</color>,ZhenYuan5_7,1,1,false,4,1,true,true,false,1,-1,-1,,-1,Chân Nguyên,"Viên chân nguyên quý hiếm, gắn lên trang bị sẽ gia tăng <color=#FFFF00>thuộc tính</color> vốn có của <color=#00FF00>trang bị</color> cũng như thuộc tính tăng cường của <color=#00FF00>bảo thạch</color> đã được khảm nạm trên trang bị đó.",3
30071395,<color=#FFFFFF>Chân Nguyên Hội Thủ (Cấp 5)</color>,ZhenYuan5_7,1,1,false,4,1,true,true,false,1,-1,-1,,-1,Chân Nguyên,"Viên chân nguyên quý hiếm, gắn lên trang bị sẽ gia tăng <color=#FFFF00>thuộc tính</color> vốn có của <color=#00FF00>trang bị</color> cũng như thuộc tính tăng cường của <color=#00FF00>bảo thạch</color> đã được khảm nạm trên trang bị đó.",3
30071396,<color=#FFFFFF>Chân Nguyên Hội Thủ (Cấp 6)</color>,ZhenYuan5_7,1,1,false,4,1,true,true,false,1,-1,-1,,-1,Chân Nguyên,"Viên chân nguyên quý hiếm, gắn lên trang bị sẽ gia tăng <color=#FFFF00>thuộc tính</color> vốn có của <color=#00FF00>trang bị</color> cũng như thuộc tính tăng cường của <color=#00FF00>bảo thạch</color> đã được khảm nạm trên trang bị đó.",3
30071397,<color=#FFFFFF>Chân Nguyên Hội Thủ (Cấp 7)</color>,ZhenYuan5_7,1,1,false,4,1,true,true,false,1,-1,-1,,-1,Chân Nguyên,"Viên chân nguyên quý hiếm, gắn lên trang bị sẽ gia tăng <color=#FFFF00>thuộc tính</color> vốn có của <color=#00FF00>trang bị</color> cũng như thuộc tính tăng cường của <color=#00FF00>bảo thạch</color> đã được khảm nạm trên trang bị đó.",3
30071398,<color=#FFFFFF>Chân Nguyên Hội Thủ (Cấp 8)</color>,ZhenYuan5_7,1,1,false,4,1,true,true,false,1,-1,-1,,-1,Chân Nguyên,"Viên chân nguyên quý hiếm, gắn lên trang bị sẽ gia tăng <color=#FFFF00>thuộc tính</color> vốn có của <color=#00FF00>trang bị</color> cũng như thuộc tính tăng cường của <color=#00FF00>bảo thạch</color> đã được khảm nạm trên trang bị đó.",3
30071399,<color=#FFFFFF>Chân Nguyên Hội Thủ (Cấp 9)</color>,ZhenYuan5_7,1,1,false,4,1,true,true,false,1,-1,-1,,-1,Chân Nguyên,"Viên chân nguyên quý hiếm, gắn lên trang bị sẽ gia tăng <color=#FFFF00>thuộc tính</color> vốn có của <color=#00FF00>trang bị</color> cũng như thuộc tính tăng cường của <color=#00FF00>bảo thạch</color> đã được khảm nạm trên trang bị đó.",3
30071400,<color=#FFFFFF>Chân Nguyên Hội Thủ (Cấp 10)</color>,ZhenYuan5_7,1,1,false,4,1,true,true,false,1,-1,-1,,-1,Chân Nguyên,"Viên chân nguyên quý hiếm, gắn lên trang bị sẽ gia tăng <color=#FFFF00>thuộc tính</color> vốn có của <color=#00FF00>trang bị</color> cũng như thuộc tính tăng cường của <color=#00FF00>bảo thạch</color> đã được khảm nạm trên trang bị đó.",3
30071401,<color=#00FF00>Chân Nguyên Hội Thủ (Cấp 1)</color>,ZhenYuan5_8,1,1,false,4,1,true,true,false,1,-1,-1,,-1,Chân Nguyên,"Viên chân nguyên quý hiếm, gắn lên trang bị sẽ gia tăng <color=#FFFF00>thuộc tính</color> vốn có của <color=#00FF00>trang bị</color> cũng như thuộc tính tăng cường của <color=#00FF00>bảo thạch</color> đã được khảm nạm trên trang bị đó.",3
30071402,<color=#00FF00>Chân Nguyên Hội Thủ (Cấp 2)</color>,ZhenYuan5_8,1,1,false,4,1,true,true,false,1,-1,-1,,-1,Chân Nguyên,"Viên chân nguyên quý hiếm, gắn lên trang bị sẽ gia tăng <color=#FFFF00>thuộc tính</color> vốn có của <color=#00FF00>trang bị</color> cũng như thuộc tính tăng cường của <color=#00FF00>bảo thạch</color> đã được khảm nạm trên trang bị đó.",3
30071403,<color=#00FF00>Chân Nguyên Hội Thủ (Cấp 3)</color>,ZhenYuan5_8,1,1,false,4,1,true,true,false,1,-1,-1,,-1,Chân Nguyên,"Viên chân nguyên quý hiếm, gắn lên trang bị sẽ gia tăng <color=#FFFF00>thuộc tính</color> vốn có của <color=#00FF00>trang bị</color> cũng như thuộc tính tăng cường của <color=#00FF00>bảo thạch</color> đã được khảm nạm trên trang bị đó.",3
30071404,<color=#00FF00>Chân Nguyên Hội Thủ (Cấp 4)</color>,ZhenYuan5_8,1,1,false,4,1,true,true,false,1,-1,-1,,-1,Chân Nguyên,"Viên chân nguyên quý hiếm, gắn lên trang bị sẽ gia tăng <color=#FFFF00>thuộc tính</color> vốn có của <color=#00FF00>trang bị</color> cũng như thuộc tính tăng cường của <color=#00FF00>bảo thạch</color> đã được khảm nạm trên trang bị đó.",3
30071405,<color=#00FF00>Chân Nguyên Hội Thủ (Cấp 5)</color>,ZhenYuan5_8,1,1,false,4,1,true,true,false,1,-1,-1,,-1,Chân Nguyên,"Viên chân nguyên quý hiếm, gắn lên trang bị sẽ gia tăng <color=#FFFF00>thuộc tính</color> vốn có của <color=#00FF00>trang bị</color> cũng như thuộc tính tăng cường của <color=#00FF00>bảo thạch</color> đã được khảm nạm trên trang bị đó.",3
30071406,<color=#00FF00>Chân Nguyên Hội Thủ (Cấp 6)</color>,ZhenYuan5_8,1,1,false,4,1,true,true,false,1,-1,-1,,-1,Chân Nguyên,"Viên chân nguyên quý hiếm, gắn lên trang bị sẽ gia tăng <color=#FFFF00>thuộc tính</color> vốn có của <color=#00FF00>trang bị</color> cũng như thuộc tính tăng cường của <color=#00FF00>bảo thạch</color> đã được khảm nạm trên trang bị đó.",3
30071407,<color=#00FF00>Chân Nguyên Hội Thủ (Cấp 7)</color>,ZhenYuan5_8,1,1,false,4,1,true,true,false,1,-1,-1,,-1,Chân Nguyên,"Viên chân nguyên quý hiếm, gắn lên trang bị sẽ gia tăng <color=#FFFF00>thuộc tính</color> vốn có của <color=#00FF00>trang bị</color> cũng như thuộc tính tăng cường của <color=#00FF00>bảo thạch</color> đã được khảm nạm trên trang bị đó.",3
30071408,<color=#00FF00>Chân Nguyên Hội Thủ (Cấp 8)</color>,ZhenYuan5_8,1,1,false,4,1,true,true,false,1,-1,-1,,-1,Chân Nguyên,"Viên chân nguyên quý hiếm, gắn lên trang bị sẽ gia tăng <color=#FFFF00>thuộc tính</color> vốn có của <color=#00FF00>trang bị</color> cũng như thuộc tính tăng cường của <color=#00FF00>bảo thạch</color> đã được khảm nạm trên trang bị đó.",3
30071409,<color=#00FF00>Chân Nguyên Hội Thủ (Cấp 9)</color>,ZhenYuan5_8,1,1,false,4,1,true,true,false,1,-1,-1,,-1,Chân Nguyên,"Viên chân nguyên quý hiếm, gắn lên trang bị sẽ gia tăng <color=#FFFF00>thuộc tính</color> vốn có của <color=#00FF00>trang bị</color> cũng như thuộc tính tăng cường của <color=#00FF00>bảo thạch</color> đã được khảm nạm trên trang bị đó.",3
30071410,<color=#00FF00>Chân Nguyên Hội Thủ (Cấp 10)</color>,ZhenYuan5_8,1,1,false,4,1,true,true,false,1,-1,-1,,-1,Chân Nguyên,"Viên chân nguyên quý hiếm, gắn lên trang bị sẽ gia tăng <color=#FFFF00>thuộc tính</color> vốn có của <color=#00FF00>trang bị</color> cũng như thuộc tính tăng cường của <color=#00FF00>bảo thạch</color> đã được khảm nạm trên trang bị đó.",3
30071411,<color=#1A9FFF>Chân Nguyên Hội Thủ (Cấp 1)</color>,ZhenYuan5_9,1,1,false,4,1,true,true,false,1,-1,-1,,-1,Chân Nguyên,"Viên chân nguyên quý hiếm, gắn lên trang bị sẽ gia tăng <color=#FFFF00>thuộc tính</color> vốn có của <color=#00FF00>trang bị</color> cũng như thuộc tính tăng cường của <color=#00FF00>bảo thạch</color> đã được khảm nạm trên trang bị đó.",3
30071412,<color=#1A9FFF>Chân Nguyên Hội Thủ (Cấp 2)</color>,ZhenYuan5_9,1,1,false,4,1,true,true,false,1,-1,-1,,-1,Chân Nguyên,"Viên chân nguyên quý hiếm, gắn lên trang bị sẽ gia tăng <color=#FFFF00>thuộc tính</color> vốn có của <color=#00FF00>trang bị</color> cũng như thuộc tính tăng cường của <color=#00FF00>bảo thạch</color> đã được khảm nạm trên trang bị đó.",3
30071413,<color=#1A9FFF>Chân Nguyên Hội Thủ (Cấp 3)</color>,ZhenYuan5_9,1,1,false,4,1,true,true,false,1,-1,-1,,-1,Chân Nguyên,"Viên chân nguyên quý hiếm, gắn lên trang bị sẽ gia tăng <color=#FFFF00>thuộc tính</color> vốn có của <color=#00FF00>trang bị</color> cũng như thuộc tính tăng cường của <color=#00FF00>bảo thạch</color> đã được khảm nạm trên trang bị đó.",3
30071414,<color=#1A9FFF>Chân Nguyên Hội Thủ (Cấp 4)</color>,ZhenYuan5_9,1,1,false,4,1,true,true,false,1,-1,-1,,-1,Chân Nguyên,"Viên chân nguyên quý hiếm, gắn lên trang bị sẽ gia tăng <color=#FFFF00>thuộc tính</color> vốn có của <color=#00FF00>trang bị</color> cũng như thuộc tính tăng cường của <color=#00FF00>bảo thạch</color> đã được khảm nạm trên trang bị đó.",3
30071415,<color=#1A9FFF>Chân Nguyên Hội Thủ (Cấp 5)</color>,ZhenYuan5_9,1,1,false,4,1,true,true,false,1,-1,-1,,-1,Chân Nguyên,"Viên chân nguyên quý hiếm, gắn lên trang bị sẽ gia tăng <color=#FFFF00>thuộc tính</color> vốn có của <color=#00FF00>trang bị</color> cũng như thuộc tính tăng cường của <color=#00FF00>bảo thạch</color> đã được khảm nạm trên trang bị đó.",3
30071416,<color=#1A9FFF>Chân Nguyên Hội Thủ (Cấp 6)</color>,ZhenYuan5_9,1,1,false,4,1,true,true,false,1,-1,-1,,-1,Chân Nguyên,"Viên chân nguyên quý hiếm, gắn lên trang bị sẽ gia tăng <color=#FFFF00>thuộc tính</color> vốn có của <color=#00FF00>trang bị</color> cũng như thuộc tính tăng cường của <color=#00FF00>bảo thạch</color> đã được khảm nạm trên trang bị đó.",3
30071417,<color=#1A9FFF>Chân Nguyên Hội Thủ (Cấp 7)</color>,ZhenYuan5_9,1,1,false,4,1,true,true,false,1,-1,-1,,-1,Chân Nguyên,"Viên chân nguyên quý hiếm, gắn lên trang bị sẽ gia tăng <color=#FFFF00>thuộc tính</color> vốn có của <color=#00FF00>trang bị</color> cũng như thuộc tính tăng cường của <color=#00FF00>bảo thạch</color> đã được khảm nạm trên trang bị đó.",3
30071418,<color=#1A9FFF>Chân Nguyên Hội Thủ (Cấp 8)</color>,ZhenYuan5_9,1,1,false,4,1,true,true,false,1,-1,-1,,-1,Chân Nguyên,"Viên chân nguyên quý hiếm, gắn lên trang bị sẽ gia tăng <color=#FFFF00>thuộc tính</color> vốn có của <color=#00FF00>trang bị</color> cũng như thuộc tính tăng cường của <color=#00FF00>bảo thạch</color> đã được khảm nạm trên trang bị đó.",3
30071419,<color=#1A9FFF>Chân Nguyên Hội Thủ (Cấp 9)</color>,ZhenYuan5_9,1,1,false,4,1,true,true,false,1,-1,-1,,-1,Chân Nguyên,"Viên chân nguyên quý hiếm, gắn lên trang bị sẽ gia tăng <color=#FFFF00>thuộc tính</color> vốn có của <color=#00FF00>trang bị</color> cũng như thuộc tính tăng cường của <color=#00FF00>bảo thạch</color> đã được khảm nạm trên trang bị đó.",3
30071420,<color=#1A9FFF>Chân Nguyên Hội Thủ (Cấp 10)</color>,ZhenYuan5_9,1,1,false,4,1,true,true,false,1,-1,-1,,-1,Chân Nguyên,"Viên chân nguyên quý hiếm, gắn lên trang bị sẽ gia tăng <color=#FFFF00>thuộc tính</color> vốn có của <color=#00FF00>trang bị</color> cũng như thuộc tính tăng cường của <color=#00FF00>bảo thạch</color> đã được khảm nạm trên trang bị đó.",3
30071421,<color=#D829FF>Chân Nguyên Hội Thủ (Cấp 1)</color>,ZhenYuan5_10,1,1,false,4,1,true,true,false,1,-1,-1,,-1,Chân Nguyên,"Viên chân nguyên quý hiếm, gắn lên trang bị sẽ gia tăng <color=#FFFF00>thuộc tính</color> vốn có của <color=#00FF00>trang bị</color> cũng như thuộc tính tăng cường của <color=#00FF00>bảo thạch</color> đã được khảm nạm trên trang bị đó.",3
30071422,<color=#D829FF>Chân Nguyên Hội Thủ (Cấp 2)</color>,ZhenYuan5_10,1,1,false,4,1,true,true,false,1,-1,-1,,-1,Chân Nguyên,"Viên chân nguyên quý hiếm, gắn lên trang bị sẽ gia tăng <color=#FFFF00>thuộc tính</color> vốn có của <color=#00FF00>trang bị</color> cũng như thuộc tính tăng cường của <color=#00FF00>bảo thạch</color> đã được khảm nạm trên trang bị đó.",3
30071423,<color=#D829FF>Chân Nguyên Hội Thủ (Cấp 3)</color>,ZhenYuan5_10,1,1,false,4,1,true,true,false,1,-1,-1,,-1,Chân Nguyên,"Viên chân nguyên quý hiếm, gắn lên trang bị sẽ gia tăng <color=#FFFF00>thuộc tính</color> vốn có của <color=#00FF00>trang bị</color> cũng như thuộc tính tăng cường của <color=#00FF00>bảo thạch</color> đã được khảm nạm trên trang bị đó.",3
30071424,<color=#D829FF>Chân Nguyên Hội Thủ (Cấp 4)</color>,ZhenYuan5_10,1,1,false,4,1,true,true,false,1,-1,-1,,-1,Chân Nguyên,"Viên chân nguyên quý hiếm, gắn lên trang bị sẽ gia tăng <color=#FFFF00>thuộc tính</color> vốn có của <color=#00FF00>trang bị</color> cũng như thuộc tính tăng cường của <color=#00FF00>bảo thạch</color> đã được khảm nạm trên trang bị đó.",3
30071425,<color=#D829FF>Chân Nguyên Hội Thủ (Cấp 5)</color>,ZhenYuan5_10,1,1,false,4,1,true,true,false,1,-1,-1,,-1,Chân Nguyên,"Viên chân nguyên quý hiếm, gắn lên trang bị sẽ gia tăng <color=#FFFF00>thuộc tính</color> vốn có của <color=#00FF00>trang bị</color> cũng như thuộc tính tăng cường của <color=#00FF00>bảo thạch</color> đã được khảm nạm trên trang bị đó.",3
30071426,<color=#D829FF>Chân Nguyên Hội Thủ (Cấp 6)</color>,ZhenYuan5_10,1,1,false,4,1,true,true,false,1,-1,-1,,-1,Chân Nguyên,"Viên chân nguyên quý hiếm, gắn lên trang bị sẽ gia tăng <color=#FFFF00>thuộc tính</color> vốn có của <color=#00FF00>trang bị</color> cũng như thuộc tính tăng cường của <color=#00FF00>bảo thạch</color> đã được khảm nạm trên trang bị đó.",3
30071427,<color=#D829FF>Chân Nguyên Hội Thủ (Cấp 7)</color>,ZhenYuan5_10,1,1,false,4,1,true,true,false,1,-1,-1,,-1,Chân Nguyên,"Viên chân nguyên quý hiếm, gắn lên trang bị sẽ gia tăng <color=#FFFF00>thuộc tính</color> vốn có của <color=#00FF00>trang bị</color> cũng như thuộc tính tăng cường của <color=#00FF00>bảo thạch</color> đã được khảm nạm trên trang bị đó.",3
30071428,<color=#D829FF>Chân Nguyên Hội Thủ (Cấp 8)</color>,ZhenYuan5_10,1,1,false,4,1,true,true,false,1,-1,-1,,-1,Chân Nguyên,"Viên chân nguyên quý hiếm, gắn lên trang bị sẽ gia tăng <color=#FFFF00>thuộc tính</color> vốn có của <color=#00FF00>trang bị</color> cũng như thuộc tính tăng cường của <color=#00FF00>bảo thạch</color> đã được khảm nạm trên trang bị đó.",3
30071429,<color=#D829FF>Chân Nguyên Hội Thủ (Cấp 9)</color>,ZhenYuan5_10,1,1,false,4,1,true,true,false,1,-1,-1,,-1,Chân Nguyên,"Viên chân nguyên quý hiếm, gắn lên trang bị sẽ gia tăng <color=#FFFF00>thuộc tính</color> vốn có của <color=#00FF00>trang bị</color> cũng như thuộc tính tăng cường của <color=#00FF00>bảo thạch</color> đã được khảm nạm trên trang bị đó.",3
30071430,<color=#D829FF>Chân Nguyên Hội Thủ (Cấp 10)</color>,ZhenYuan5_10,1,1,false,4,1,true,true,false,1,-1,-1,,-1,Chân Nguyên,"Viên chân nguyên quý hiếm, gắn lên trang bị sẽ gia tăng <color=#FFFF00>thuộc tính</color> vốn có của <color=#00FF00>trang bị</color> cũng như thuộc tính tăng cường của <color=#00FF00>bảo thạch</color> đã được khảm nạm trên trang bị đó.",3
30071431,<color=#FF8B0F>Chân Nguyên Hội Thủ (Cấp 1)</color>,ZhenYuan5_11,1,1,false,4,1,true,true,false,1,-1,-1,,-1,Chân Nguyên,"Viên chân nguyên quý hiếm, gắn lên trang bị sẽ gia tăng <color=#FFFF00>thuộc tính</color> vốn có của <color=#00FF00>trang bị</color> cũng như thuộc tính tăng cường của <color=#00FF00>bảo thạch</color> đã được khảm nạm trên trang bị đó.",3
30071432,<color=#FF8B0F>Chân Nguyên Hội Thủ (Cấp 2)</color>,ZhenYuan5_11,1,1,false,4,1,true,true,false,1,-1,-1,,-1,Chân Nguyên,"Viên chân nguyên quý hiếm, gắn lên trang bị sẽ gia tăng <color=#FFFF00>thuộc tính</color> vốn có của <color=#00FF00>trang bị</color> cũng như thuộc tính tăng cường của <color=#00FF00>bảo thạch</color> đã được khảm nạm trên trang bị đó.",3
30071433,<color=#FF8B0F>Chân Nguyên Hội Thủ (Cấp 3)</color>,ZhenYuan5_11,1,1,false,4,1,true,true,false,1,-1,-1,,-1,Chân Nguyên,"Viên chân nguyên quý hiếm, gắn lên trang bị sẽ gia tăng <color=#FFFF00>thuộc tính</color> vốn có của <color=#00FF00>trang bị</color> cũng như thuộc tính tăng cường của <color=#00FF00>bảo thạch</color> đã được khảm nạm trên trang bị đó.",3
30071434,<color=#FF8B0F>Chân Nguyên Hội Thủ (Cấp 4)</color>,ZhenYuan5_11,1,1,false,4,1,true,true,false,1,-1,-1,,-1,Chân Nguyên,"Viên chân nguyên quý hiếm, gắn lên trang bị sẽ gia tăng <color=#FFFF00>thuộc tính</color> vốn có của <color=#00FF00>trang bị</color> cũng như thuộc tính tăng cường của <color=#00FF00>bảo thạch</color> đã được khảm nạm trên trang bị đó.",3
30071435,<color=#FF8B0F>Chân Nguyên Hội Thủ (Cấp 5)</color>,ZhenYuan5_11,1,1,false,4,1,true,true,false,1,-1,-1,,-1,Chân Nguyên,"Viên chân nguyên quý hiếm, gắn lên trang bị sẽ gia tăng <color=#FFFF00>thuộc tính</color> vốn có của <color=#00FF00>trang bị</color> cũng như thuộc tính tăng cường của <color=#00FF00>bảo thạch</color> đã được khảm nạm trên trang bị đó.",3
30071436,<color=#FF8B0F>Chân Nguyên Hội Thủ (Cấp 6)</color>,ZhenYuan5_11,1,1,false,4,1,true,true,false,1,-1,-1,,-1,Chân Nguyên,"Viên chân nguyên quý hiếm, gắn lên trang bị sẽ gia tăng <color=#FFFF00>thuộc tính</color> vốn có của <color=#00FF00>trang bị</color> cũng như thuộc tính tăng cường của <color=#00FF00>bảo thạch</color> đã được khảm nạm trên trang bị đó.",3
30071437,<color=#FF8B0F>Chân Nguyên Hội Thủ (Cấp 7)</color>,ZhenYuan5_11,1,1,false,4,1,true,true,false,1,-1,-1,,-1,Chân Nguyên,"Viên chân nguyên quý hiếm, gắn lên trang bị sẽ gia tăng <color=#FFFF00>thuộc tính</color> vốn có của <color=#00FF00>trang bị</color> cũng như thuộc tính tăng cường của <color=#00FF00>bảo thạch</color> đã được khảm nạm trên trang bị đó.",3
30071438,<color=#FF8B0F>Chân Nguyên Hội Thủ (Cấp 8)</color>,ZhenYuan5_11,1,1,false,4,1,true,true,false,1,-1,-1,,-1,Chân Nguyên,"Viên chân nguyên quý hiếm, gắn lên trang bị sẽ gia tăng <color=#FFFF00>thuộc tính</color> vốn có của <color=#00FF00>trang bị</color> cũng như thuộc tính tăng cường của <color=#00FF00>bảo thạch</color> đã được khảm nạm trên trang bị đó.",3
30071439,<color=#FF8B0F>Chân Nguyên Hội Thủ (Cấp 9)</color>,ZhenYuan5_11,1,1,false,4,1,true,true,false,1,-1,-1,,-1,Chân Nguyên,"Viên chân nguyên quý hiếm, gắn lên trang bị sẽ gia tăng <color=#FFFF00>thuộc tính</color> vốn có của <color=#00FF00>trang bị</color> cũng như thuộc tính tăng cường của <color=#00FF00>bảo thạch</color> đã được khảm nạm trên trang bị đó.",3
30071440,<color=#FF8B0F>Chân Nguyên Hội Thủ (Cấp 10)</color>,ZhenYuan5_11,1,1,false,4,1,true,true,false,1,-1,-1,,-1,Chân Nguyên,"Viên chân nguyên quý hiếm, gắn lên trang bị sẽ gia tăng <color=#FFFF00>thuộc tính</color> vốn có của <color=#00FF00>trang bị</color> cũng như thuộc tính tăng cường của <color=#00FF00>bảo thạch</color> đã được khảm nạm trên trang bị đó.",3
30071441,<color=#FFFF00>Chân Nguyên Hội Thủ (Cấp 1)</color>,ZhenYuanGold1_11,1,1,false,4,1,true,true,false,1,-1,-1,,-1,Chân Nguyên,"Viên chân nguyên quý hiếm, gắn lên trang bị sẽ gia tăng <color=#FFFF00>thuộc tính</color> vốn có của <color=#00FF00>trang bị</color> cũng như thuộc tính tăng cường của <color=#00FF00>bảo thạch</color> đã được khảm nạm trên trang bị đó.",3
30071442,<color=#FFFF00>Chân Nguyên Hội Thủ (Cấp 2)</color>,ZhenYuanGold1_11,1,1,false,4,1,true,true,false,1,-1,-1,,-1,Chân Nguyên,"Viên chân nguyên quý hiếm, gắn lên trang bị sẽ gia tăng <color=#FFFF00>thuộc tính</color> vốn có của <color=#00FF00>trang bị</color> cũng như thuộc tính tăng cường của <color=#00FF00>bảo thạch</color> đã được khảm nạm trên trang bị đó.",3
30071443,<color=#FFFF00>Chân Nguyên Hội Thủ (Cấp 3)</color>,ZhenYuanGold1_11,1,1,false,4,1,true,true,false,1,-1,-1,,-1,Chân Nguyên,"Viên chân nguyên quý hiếm, gắn lên trang bị sẽ gia tăng <color=#FFFF00>thuộc tính</color> vốn có của <color=#00FF00>trang bị</color> cũng như thuộc tính tăng cường của <color=#00FF00>bảo thạch</color> đã được khảm nạm trên trang bị đó.",3
30071444,<color=#FFFF00>Chân Nguyên Hội Thủ (Cấp 4)</color>,ZhenYuanGold1_11,1,1,false,4,1,true,true,false,1,-1,-1,,-1,Chân Nguyên,"Viên chân nguyên quý hiếm, gắn lên trang bị sẽ gia tăng <color=#FFFF00>thuộc tính</color> vốn có của <color=#00FF00>trang bị</color> cũng như thuộc tính tăng cường của <color=#00FF00>bảo thạch</color> đã được khảm nạm trên trang bị đó.",3
30071445,<color=#FFFF00>Chân Nguyên Hội Thủ (Cấp 5)</color>,ZhenYuanGold1_11,1,1,false,4,1,true,true,false,1,-1,-1,,-1,Chân Nguyên,"Viên chân nguyên quý hiếm, gắn lên trang bị sẽ gia tăng <color=#FFFF00>thuộc tính</color> vốn có của <color=#00FF00>trang bị</color> cũng như thuộc tính tăng cường của <color=#00FF00>bảo thạch</color> đã được khảm nạm trên trang bị đó.",3
30071446,<color=#FFFF00>Chân Nguyên Hội Thủ (Cấp 6)</color>,ZhenYuanGold1_11,1,1,false,4,1,true,true,false,1,-1,-1,,-1,Chân Nguyên,"Viên chân nguyên quý hiếm, gắn lên trang bị sẽ gia tăng <color=#FFFF00>thuộc tính</color> vốn có của <color=#00FF00>trang bị</color> cũng như thuộc tính tăng cường của <color=#00FF00>bảo thạch</color> đã được khảm nạm trên trang bị đó.",3
30071447,<color=#FFFF00>Chân Nguyên Hội Thủ (Cấp 7)</color>,ZhenYuanGold1_11,1,1,false,4,1,true,true,false,1,-1,-1,,-1,Chân Nguyên,"Viên chân nguyên quý hiếm, gắn lên trang bị sẽ gia tăng <color=#FFFF00>thuộc tính</color> vốn có của <color=#00FF00>trang bị</color> cũng như thuộc tính tăng cường của <color=#00FF00>bảo thạch</color> đã được khảm nạm trên trang bị đó.",3
30071448,<color=#FFFF00>Chân Nguyên Hội Thủ (Cấp 8)</color>,ZhenYuanGold1_11,1,1,false,4,1,true,true,false,1,-1,-1,,-1,Chân Nguyên,"Viên chân nguyên quý hiếm, gắn lên trang bị sẽ gia tăng <color=#FFFF00>thuộc tính</color> vốn có của <color=#00FF00>trang bị</color> cũng như thuộc tính tăng cường của <color=#00FF00>bảo thạch</color> đã được khảm nạm trên trang bị đó.",3
30071449,<color=#FFFF00>Chân Nguyên Hội Thủ (Cấp 9)</color>,ZhenYuanGold1_11,1,1,false,4,1,true,true,false,1,-1,-1,,-1,Chân Nguyên,"Viên chân nguyên quý hiếm, gắn lên trang bị sẽ gia tăng <color=#FFFF00>thuộc tính</color> vốn có của <color=#00FF00>trang bị</color> cũng như thuộc tính tăng cường của <color=#00FF00>bảo thạch</color> đã được khảm nạm trên trang bị đó.",3
30071450,<color=#FFFF00>Chân Nguyên Hội Thủ (Cấp 10)</color>,ZhenYuanGold1_11,1,1,false,4,1,true,true,false,1,-1,-1,,-1,Chân Nguyên,"Viên chân nguyên quý hiếm, gắn lên trang bị sẽ gia tăng <color=#FFFF00>thuộc tính</color> vốn có của <color=#00FF00>trang bị</color> cũng như thuộc tính tăng cường của <color=#00FF00>bảo thạch</color> đã được khảm nạm trên trang bị đó.",3
30071451,<color=#FFFFFF>Chân Nguyên Băng Công (Cấp 1)</color>,ZhenYuan5_12,1,1,false,4,1,true,true,false,1,-1,-1,,-1,Chân Nguyên,"Viên chân nguyên quý hiếm, gắn lên trang bị sẽ gia tăng <color=#FFFF00>thuộc tính</color> vốn có của <color=#00FF00>trang bị</color> cũng như thuộc tính tăng cường của <color=#00FF00>bảo thạch</color> đã được khảm nạm trên trang bị đó.",3
30071452,<color=#FFFFFF>Chân Nguyên Băng Công (Cấp 2)</color>,ZhenYuan5_12,1,1,false,4,1,true,true,false,1,-1,-1,,-1,Chân Nguyên,"Viên chân nguyên quý hiếm, gắn lên trang bị sẽ gia tăng <color=#FFFF00>thuộc tính</color> vốn có của <color=#00FF00>trang bị</color> cũng như thuộc tính tăng cường của <color=#00FF00>bảo thạch</color> đã được khảm nạm trên trang bị đó.",3
30071453,<color=#FFFFFF>Chân Nguyên Băng Công (Cấp 3)</color>,ZhenYuan5_12,1,1,false,4,1,true,true,false,1,-1,-1,,-1,Chân Nguyên,"Viên chân nguyên quý hiếm, gắn lên trang bị sẽ gia tăng <color=#FFFF00>thuộc tính</color> vốn có của <color=#00FF00>trang bị</color> cũng như thuộc tính tăng cường của <color=#00FF00>bảo thạch</color> đã được khảm nạm trên trang bị đó.",3
30071454,<color=#FFFFFF>Chân Nguyên Băng Công (Cấp 4)</color>,ZhenYuan5_12,1,1,false,4,1,true,true,false,1,-1,-1,,-1,Chân Nguyên,"Viên chân nguyên quý hiếm, gắn lên trang bị sẽ gia tăng <color=#FFFF00>thuộc tính</color> vốn có của <color=#00FF00>trang bị</color> cũng như thuộc tính tăng cường của <color=#00FF00>bảo thạch</color> đã được khảm nạm trên trang bị đó.",3
30071455,<color=#FFFFFF>Chân Nguyên Băng Công (Cấp 5)</color>,ZhenYuan5_12,1,1,false,4,1,true,true,false,1,-1,-1,,-1,Chân Nguyên,"Viên chân nguyên quý hiếm, gắn lên trang bị sẽ gia tăng <color=#FFFF00>thuộc tính</color> vốn có của <color=#00FF00>trang bị</color> cũng như thuộc tính tăng cường của <color=#00FF00>bảo thạch</color> đã được khảm nạm trên trang bị đó.",3
30071456,<color=#FFFFFF>Chân Nguyên Băng Công (Cấp 6)</color>,ZhenYuan5_12,1,1,false,4,1,true,true,false,1,-1,-1,,-1,Chân Nguyên,"Viên chân nguyên quý hiếm, gắn lên trang bị sẽ gia tăng <color=#FFFF00>thuộc tính</color> vốn có của <color=#00FF00>trang bị</color> cũng như thuộc tính tăng cường của <color=#00FF00>bảo thạch</color> đã được khảm nạm trên trang bị đó.",3
30071457,<color=#FFFFFF>Chân Nguyên Băng Công (Cấp 7)</color>,ZhenYuan5_12,1,1,false,4,1,true,true,false,1,-1,-1,,-1,Chân Nguyên,"Viên chân nguyên quý hiếm, gắn lên trang bị sẽ gia tăng <color=#FFFF00>thuộc tính</color> vốn có của <color=#00FF00>trang bị</color> cũng như thuộc tính tăng cường của <color=#00FF00>bảo thạch</color> đã được khảm nạm trên trang bị đó.",3
30071458,<color=#FFFFFF>Chân Nguyên Băng Công (Cấp 8)</color>,ZhenYuan5_12,1,1,false,4,1,true,true,false,1,-1,-1,,-1,Chân Nguyên,"Viên chân nguyên quý hiếm, gắn lên trang bị sẽ gia tăng <color=#FFFF00>thuộc tính</color> vốn có của <color=#00FF00>trang bị</color> cũng như thuộc tính tăng cường của <color=#00FF00>bảo thạch</color> đã được khảm nạm trên trang bị đó.",3
30071459,<color=#FFFFFF>Chân Nguyên Băng Công (Cấp 9)</color>,ZhenYuan5_12,1,1,false,4,1,true,true,false,1,-1,-1,,-1,Chân Nguyên,"Viên chân nguyên quý hiếm, gắn lên trang bị sẽ gia tăng <color=#FFFF00>thuộc tính</color> vốn có của <color=#00FF00>trang bị</color> cũng như thuộc tính tăng cường của <color=#00FF00>bảo thạch</color> đã được khảm nạm trên trang bị đó.",3
30071460,<color=#FFFFFF>Chân Nguyên Băng Công (Cấp 10)</color>,ZhenYuan5_12,1,1,false,4,1,true,true,false,1,-1,-1,,-1,Chân Nguyên,"Viên chân nguyên quý hiếm, gắn lên trang bị sẽ gia tăng <color=#FFFF00>thuộc tính</color> vốn có của <color=#00FF00>trang bị</color> cũng như thuộc tính tăng cường của <color=#00FF00>bảo thạch</color> đã được khảm nạm trên trang bị đó.",3
30071461,<color=#00FF00>Chân Nguyên Băng Công (Cấp 1)</color>,ZhenYuan5_13,1,1,false,4,1,true,true,false,1,-1,-1,,-1,Chân Nguyên,"Viên chân nguyên quý hiếm, gắn lên trang bị sẽ gia tăng <color=#FFFF00>thuộc tính</color> vốn có của <color=#00FF00>trang bị</color> cũng như thuộc tính tăng cường của <color=#00FF00>bảo thạch</color> đã được khảm nạm trên trang bị đó.",3
30071462,<color=#00FF00>Chân Nguyên Băng Công (Cấp 2)</color>,ZhenYuan5_13,1,1,false,4,1,true,true,false,1,-1,-1,,-1,Chân Nguyên,"Viên chân nguyên quý hiếm, gắn lên trang bị sẽ gia tăng <color=#FFFF00>thuộc tính</color> vốn có của <color=#00FF00>trang bị</color> cũng như thuộc tính tăng cường của <color=#00FF00>bảo thạch</color> đã được khảm nạm trên trang bị đó.",3
30071463,<color=#00FF00>Chân Nguyên Băng Công (Cấp 3)</color>,ZhenYuan5_13,1,1,false,4,1,true,true,false,1,-1,-1,,-1,Chân Nguyên,"Viên chân nguyên quý hiếm, gắn lên trang bị sẽ gia tăng <color=#FFFF00>thuộc tính</color> vốn có của <color=#00FF00>trang bị</color> cũng như thuộc tính tăng cường của <color=#00FF00>bảo thạch</color> đã được khảm nạm trên trang bị đó.",3
30071464,<color=#00FF00>Chân Nguyên Băng Công (Cấp 4)</color>,ZhenYuan5_13,1,1,false,4,1,true,true,false,1,-1,-1,,-1,Chân Nguyên,"Viên chân nguyên quý hiếm, gắn lên trang bị sẽ gia tăng <color=#FFFF00>thuộc tính</color> vốn có của <color=#00FF00>trang bị</color> cũng như thuộc tính tăng cường của <color=#00FF00>bảo thạch</color> đã được khảm nạm trên trang bị đó.",3
30071465,<color=#00FF00>Chân Nguyên Băng Công (Cấp 5)</color>,ZhenYuan5_13,1,1,false,4,1,true,true,false,1,-1,-1,,-1,Chân Nguyên,"Viên chân nguyên quý hiếm, gắn lên trang bị sẽ gia tăng <color=#FFFF00>thuộc tính</color> vốn có của <color=#00FF00>trang bị</color> cũng như thuộc tính tăng cường của <color=#00FF00>bảo thạch</color> đã được khảm nạm trên trang bị đó.",3
30071466,<color=#00FF00>Chân Nguyên Băng Công (Cấp 6)</color>,ZhenYuan5_13,1,1,false,4,1,true,true,false,1,-1,-1,,-1,Chân Nguyên,"Viên chân nguyên quý hiếm, gắn lên trang bị sẽ gia tăng <color=#FFFF00>thuộc tính</color> vốn có của <color=#00FF00>trang bị</color> cũng như thuộc tính tăng cường của <color=#00FF00>bảo thạch</color> đã được khảm nạm trên trang bị đó.",3
30071467,<color=#00FF00>Chân Nguyên Băng Công (Cấp 7)</color>,ZhenYuan5_13,1,1,false,4,1,true,true,false,1,-1,-1,,-1,Chân Nguyên,"Viên chân nguyên quý hiếm, gắn lên trang bị sẽ gia tăng <color=#FFFF00>thuộc tính</color> vốn có của <color=#00FF00>trang bị</color> cũng như thuộc tính tăng cường của <color=#00FF00>bảo thạch</color> đã được khảm nạm trên trang bị đó.",3
30071468,<color=#00FF00>Chân Nguyên Băng Công (Cấp 8)</color>,ZhenYuan5_13,1,1,false,4,1,true,true,false,1,-1,-1,,-1,Chân Nguyên,"Viên chân nguyên quý hiếm, gắn lên trang bị sẽ gia tăng <color=#FFFF00>thuộc tính</color> vốn có của <color=#00FF00>trang bị</color> cũng như thuộc tính tăng cường của <color=#00FF00>bảo thạch</color> đã được khảm nạm trên trang bị đó.",3
30071469,<color=#00FF00>Chân Nguyên Băng Công (Cấp 9)</color>,ZhenYuan5_13,1,1,false,4,1,true,true,false,1,-1,-1,,-1,Chân Nguyên,"Viên chân nguyên quý hiếm, gắn lên trang bị sẽ gia tăng <color=#FFFF00>thuộc tính</color> vốn có của <color=#00FF00>trang bị</color> cũng như thuộc tính tăng cường của <color=#00FF00>bảo thạch</color> đã được khảm nạm trên trang bị đó.",3
30071470,<color=#00FF00>Chân Nguyên Băng Công (Cấp 10)</color>,ZhenYuan5_13,1,1,false,4,1,true,true,false,1,-1,-1,,-1,Chân Nguyên,"Viên chân nguyên quý hiếm, gắn lên trang bị sẽ gia tăng <color=#FFFF00>thuộc tính</color> vốn có của <color=#00FF00>trang bị</color> cũng như thuộc tính tăng cường của <color=#00FF00>bảo thạch</color> đã được khảm nạm trên trang bị đó.",3
30071471,<color=#1A9FFF>Chân Nguyên Băng Công (Cấp 1)</color>,ZhenYuan5_14,1,1,false,4,1,true,true,false,1,-1,-1,,-1,Chân Nguyên,"Viên chân nguyên quý hiếm, gắn lên trang bị sẽ gia tăng <color=#FFFF00>thuộc tính</color> vốn có của <color=#00FF00>trang bị</color> cũng như thuộc tính tăng cường của <color=#00FF00>bảo thạch</color> đã được khảm nạm trên trang bị đó.",3
30071472,<color=#1A9FFF>Chân Nguyên Băng Công (Cấp 2)</color>,ZhenYuan5_14,1,1,false,4,1,true,true,false,1,-1,-1,,-1,Chân Nguyên,"Viên chân nguyên quý hiếm, gắn lên trang bị sẽ gia tăng <color=#FFFF00>thuộc tính</color> vốn có của <color=#00FF00>trang bị</color> cũng như thuộc tính tăng cường của <color=#00FF00>bảo thạch</color> đã được khảm nạm trên trang bị đó.",3
30071473,<color=#1A9FFF>Chân Nguyên Băng Công (Cấp 3)</color>,ZhenYuan5_14,1,1,false,4,1,true,true,false,1,-1,-1,,-1,Chân Nguyên,"Viên chân nguyên quý hiếm, gắn lên trang bị sẽ gia tăng <color=#FFFF00>thuộc tính</color> vốn có của <color=#00FF00>trang bị</color> cũng như thuộc tính tăng cường của <color=#00FF00>bảo thạch</color> đã được khảm nạm trên trang bị đó.",3
30071474,<color=#1A9FFF>Chân Nguyên Băng Công (Cấp 4)</color>,ZhenYuan5_14,1,1,false,4,1,true,true,false,1,-1,-1,,-1,Chân Nguyên,"Viên chân nguyên quý hiếm, gắn lên trang bị sẽ gia tăng <color=#FFFF00>thuộc tính</color> vốn có của <color=#00FF00>trang bị</color> cũng như thuộc tính tăng cường của <color=#00FF00>bảo thạch</color> đã được khảm nạm trên trang bị đó.",3
30071475,<color=#1A9FFF>Chân Nguyên Băng Công (Cấp 5)</color>,ZhenYuan5_14,1,1,false,4,1,true,true,false,1,-1,-1,,-1,Chân Nguyên,"Viên chân nguyên quý hiếm, gắn lên trang bị sẽ gia tăng <color=#FFFF00>thuộc tính</color> vốn có của <color=#00FF00>trang bị</color> cũng như thuộc tính tăng cường của <color=#00FF00>bảo thạch</color> đã được khảm nạm trên trang bị đó.",3
30071476,<color=#1A9FFF>Chân Nguyên Băng Công (Cấp 6)</color>,ZhenYuan5_14,1,1,false,4,1,true,true,false,1,-1,-1,,-1,Chân Nguyên,"Viên chân nguyên quý hiếm, gắn lên trang bị sẽ gia tăng <color=#FFFF00>thuộc tính</color> vốn có của <color=#00FF00>trang bị</color> cũng như thuộc tính tăng cường của <color=#00FF00>bảo thạch</color> đã được khảm nạm trên trang bị đó.",3
30071477,<color=#1A9FFF>Chân Nguyên Băng Công (Cấp 7)</color>,ZhenYuan5_14,1,1,false,4,1,true,true,false,1,-1,-1,,-1,Chân Nguyên,"Viên chân nguyên quý hiếm, gắn lên trang bị sẽ gia tăng <color=#FFFF00>thuộc tính</color> vốn có của <color=#00FF00>trang bị</color> cũng như thuộc tính tăng cường của <color=#00FF00>bảo thạch</color> đã được khảm nạm trên trang bị đó.",3
30071478,<color=#1A9FFF>Chân Nguyên Băng Công (Cấp 8)</color>,ZhenYuan5_14,1,1,false,4,1,true,true,false,1,-1,-1,,-1,Chân Nguyên,"Viên chân nguyên quý hiếm, gắn lên trang bị sẽ gia tăng <color=#FFFF00>thuộc tính</color> vốn có của <color=#00FF00>trang bị</color> cũng như thuộc tính tăng cường của <color=#00FF00>bảo thạch</color> đã được khảm nạm trên trang bị đó.",3
30071479,<color=#1A9FFF>Chân Nguyên Băng Công (Cấp 9)</color>,ZhenYuan5_14,1,1,false,4,1,true,true,false,1,-1,-1,,-1,Chân Nguyên,"Viên chân nguyên quý hiếm, gắn lên trang bị sẽ gia tăng <color=#FFFF00>thuộc tính</color> vốn có của <color=#00FF00>trang bị</color> cũng như thuộc tính tăng cường của <color=#00FF00>bảo thạch</color> đã được khảm nạm trên trang bị đó.",3
30071480,<color=#1A9FFF>Chân Nguyên Băng Công (Cấp 10)</color>,ZhenYuan5_14,1,1,false,4,1,true,true,false,1,-1,-1,,-1,Chân Nguyên,"Viên chân nguyên quý hiếm, gắn lên trang bị sẽ gia tăng <color=#FFFF00>thuộc tính</color> vốn có của <color=#00FF00>trang bị</color> cũng như thuộc tính tăng cường của <color=#00FF00>bảo thạch</color> đã được khảm nạm trên trang bị đó.",3
30071481,<color=#D829FF>Chân Nguyên Băng Công (Cấp 1)</color>,ZhenYuan5_15,1,1,false,4,1,true,true,false,1,-1,-1,,-1,Chân Nguyên,"Viên chân nguyên quý hiếm, gắn lên trang bị sẽ gia tăng <color=#FFFF00>thuộc tính</color> vốn có của <color=#00FF00>trang bị</color> cũng như thuộc tính tăng cường của <color=#00FF00>bảo thạch</color> đã được khảm nạm trên trang bị đó.",3
30071482,<color=#D829FF>Chân Nguyên Băng Công (Cấp 2)</color>,ZhenYuan5_15,1,1,false,4,1,true,true,false,1,-1,-1,,-1,Chân Nguyên,"Viên chân nguyên quý hiếm, gắn lên trang bị sẽ gia tăng <color=#FFFF00>thuộc tính</color> vốn có của <color=#00FF00>trang bị</color> cũng như thuộc tính tăng cường của <color=#00FF00>bảo thạch</color> đã được khảm nạm trên trang bị đó.",3
30071483,<color=#D829FF>Chân Nguyên Băng Công (Cấp 3)</color>,ZhenYuan5_15,1,1,false,4,1,true,true,false,1,-1,-1,,-1,Chân Nguyên,"Viên chân nguyên quý hiếm, gắn lên trang bị sẽ gia tăng <color=#FFFF00>thuộc tính</color> vốn có của <color=#00FF00>trang bị</color> cũng như thuộc tính tăng cường của <color=#00FF00>bảo thạch</color> đã được khảm nạm trên trang bị đó.",3
30071484,<color=#D829FF>Chân Nguyên Băng Công (Cấp 4)</color>,ZhenYuan5_15,1,1,false,4,1,true,true,false,1,-1,-1,,-1,Chân Nguyên,"Viên chân nguyên quý hiếm, gắn lên trang bị sẽ gia tăng <color=#FFFF00>thuộc tính</color> vốn có của <color=#00FF00>trang bị</color> cũng như thuộc tính tăng cường của <color=#00FF00>bảo thạch</color> đã được khảm nạm trên trang bị đó.",3
30071485,<color=#D829FF>Chân Nguyên Băng Công (Cấp 5)</color>,ZhenYuan5_15,1,1,false,4,1,true,true,false,1,-1,-1,,-1,Chân Nguyên,"Viên chân nguyên quý hiếm, gắn lên trang bị sẽ gia tăng <color=#FFFF00>thuộc tính</color> vốn có của <color=#00FF00>trang bị</color> cũng như thuộc tính tăng cường của <color=#00FF00>bảo thạch</color> đã được khảm nạm trên trang bị đó.",3
30071486,<color=#D829FF>Chân Nguyên Băng Công (Cấp 6)</color>,ZhenYuan5_15,1,1,false,4,1,true,true,false,1,-1,-1,,-1,Chân Nguyên,"Viên chân nguyên quý hiếm, gắn lên trang bị sẽ gia tăng <color=#FFFF00>thuộc tính</color> vốn có của <color=#00FF00>trang bị</color> cũng như thuộc tính tăng cường của <color=#00FF00>bảo thạch</color> đã được khảm nạm trên trang bị đó.",3
30071487,<color=#D829FF>Chân Nguyên Băng Công (Cấp 7)</color>,ZhenYuan5_15,1,1,false,4,1,true,true,false,1,-1,-1,,-1,Chân Nguyên,"Viên chân nguyên quý hiếm, gắn lên trang bị sẽ gia tăng <color=#FFFF00>thuộc tính</color> vốn có của <color=#00FF00>trang bị</color> cũng như thuộc tính tăng cường của <color=#00FF00>bảo thạch</color> đã được khảm nạm trên trang bị đó.",3
30071488,<color=#D829FF>Chân Nguyên Băng Công (Cấp 8)</color>,ZhenYuan5_15,1,1,false,4,1,true,true,false,1,-1,-1,,-1,Chân Nguyên,"Viên chân nguyên quý hiếm, gắn lên trang bị sẽ gia tăng <color=#FFFF00>thuộc tính</color> vốn có của <color=#00FF00>trang bị</color> cũng như thuộc tính tăng cường của <color=#00FF00>bảo thạch</color> đã được khảm nạm trên trang bị đó.",3
30071489,<color=#D829FF>Chân Nguyên Băng Công (Cấp 9)</color>,ZhenYuan5_15,1,1,false,4,1,true,true,false,1,-1,-1,,-1,Chân Nguyên,"Viên chân nguyên quý hiếm, gắn lên trang bị sẽ gia tăng <color=#FFFF00>thuộc tính</color> vốn có của <color=#00FF00>trang bị</color> cũng như thuộc tính tăng cường của <color=#00FF00>bảo thạch</color> đã được khảm nạm trên trang bị đó.",3
30071490,<color=#D829FF>Chân Nguyên Băng Công (Cấp 10)</color>,ZhenYuan5_15,1,1,false,4,1,true,true,false,1,-1,-1,,-1,Chân Nguyên,"Viên chân nguyên quý hiếm, gắn lên trang bị sẽ gia tăng <color=#FFFF00>thuộc tính</color> vốn có của <color=#00FF00>trang bị</color> cũng như thuộc tính tăng cường của <color=#00FF00>bảo thạch</color> đã được khảm nạm trên trang bị đó.",3
30071491,<color=#FF8B0F>Chân Nguyên Băng Công (Cấp 1)</color>,ZhenYuan5_16,1,1,false,4,1,true,true,false,1,-1,-1,,-1,Chân Nguyên,"Viên chân nguyên quý hiếm, gắn lên trang bị sẽ gia tăng <color=#FFFF00>thuộc tính</color> vốn có của <color=#00FF00>trang bị</color> cũng như thuộc tính tăng cường của <color=#00FF00>bảo thạch</color> đã được khảm nạm trên trang bị đó.",3
30071492,<color=#FF8B0F>Chân Nguyên Băng Công (Cấp 2)</color>,ZhenYuan5_16,1,1,false,4,1,true,true,false,1,-1,-1,,-1,Chân Nguyên,"Viên chân nguyên quý hiếm, gắn lên trang bị sẽ gia tăng <color=#FFFF00>thuộc tính</color> vốn có của <color=#00FF00>trang bị</color> cũng như thuộc tính tăng cường của <color=#00FF00>bảo thạch</color> đã được khảm nạm trên trang bị đó.",3
30071493,<color=#FF8B0F>Chân Nguyên Băng Công (Cấp 3)</color>,ZhenYuan5_16,1,1,false,4,1,true,true,false,1,-1,-1,,-1,Chân Nguyên,"Viên chân nguyên quý hiếm, gắn lên trang bị sẽ gia tăng <color=#FFFF00>thuộc tính</color> vốn có của <color=#00FF00>trang bị</color> cũng như thuộc tính tăng cường của <color=#00FF00>bảo thạch</color> đã được khảm nạm trên trang bị đó.",3
30071494,<color=#FF8B0F>Chân Nguyên Băng Công (Cấp 4)</color>,ZhenYuan5_16,1,1,false,4,1,true,true,false,1,-1,-1,,-1,Chân Nguyên,"Viên chân nguyên quý hiếm, gắn lên trang bị sẽ gia tăng <color=#FFFF00>thuộc tính</color> vốn có của <color=#00FF00>trang bị</color> cũng như thuộc tính tăng cường của <color=#00FF00>bảo thạch</color> đã được khảm nạm trên trang bị đó.",3
30071495,<color=#FF8B0F>Chân Nguyên Băng Công (Cấp 5)</color>,ZhenYuan5_16,1,1,false,4,1,true,true,false,1,-1,-1,,-1,Chân Nguyên,"Viên chân nguyên quý hiếm, gắn lên trang bị sẽ gia tăng <color=#FFFF00>thuộc tính</color> vốn có của <color=#00FF00>trang bị</color> cũng như thuộc tính tăng cường của <color=#00FF00>bảo thạch</color> đã được khảm nạm trên trang bị đó.",3
30071496,<color=#FF8B0F>Chân Nguyên Băng Công (Cấp 6)</color>,ZhenYuan5_16,1,1,false,4,1,true,true,false,1,-1,-1,,-1,Chân Nguyên,"Viên chân nguyên quý hiếm, gắn lên trang bị sẽ gia tăng <color=#FFFF00>thuộc tính</color> vốn có của <color=#00FF00>trang bị</color> cũng như thuộc tính tăng cường của <color=#00FF00>bảo thạch</color> đã được khảm nạm trên trang bị đó.",3
30071497,<color=#FF8B0F>Chân Nguyên Băng Công (Cấp 7)</color>,ZhenYuan5_16,1,1,false,4,1,true,true,false,1,-1,-1,,-1,Chân Nguyên,"Viên chân nguyên quý hiếm, gắn lên trang bị sẽ gia tăng <color=#FFFF00>thuộc tính</color> vốn có của <color=#00FF00>trang bị</color> cũng như thuộc tính tăng cường của <color=#00FF00>bảo thạch</color> đã được khảm nạm trên trang bị đó.",3
30071498,<color=#FF8B0F>Chân Nguyên Băng Công (Cấp 8)</color>,ZhenYuan5_16,1,1,false,4,1,true,true,false,1,-1,-1,,-1,Chân Nguyên,"Viên chân nguyên quý hiếm, gắn lên trang bị sẽ gia tăng <color=#FFFF00>thuộc tính</color> vốn có của <color=#00FF00>trang bị</color> cũng như thuộc tính tăng cường của <color=#00FF00>bảo thạch</color> đã được khảm nạm trên trang bị đó.",3
30071499,<color=#FF8B0F>Chân Nguyên Băng Công (Cấp 9)</color>,ZhenYuan5_16,1,1,false,4,1,true,true,false,1,-1,-1,,-1,Chân Nguyên,"Viên chân nguyên quý hiếm, gắn lên trang bị sẽ gia tăng <color=#FFFF00>thuộc tính</color> vốn có của <color=#00FF00>trang bị</color> cũng như thuộc tính tăng cường của <color=#00FF00>bảo thạch</color> đã được khảm nạm trên trang bị đó.",3
30071500,<color=#FF8B0F>Chân Nguyên Băng Công (Cấp 10)</color>,ZhenYuan5_16,1,1,false,4,1,true,true,false,1,-1,-1,,-1,Chân Nguyên,"Viên chân nguyên quý hiếm, gắn lên trang bị sẽ gia tăng <color=#FFFF00>thuộc tính</color> vốn có của <color=#00FF00>trang bị</color> cũng như thuộc tính tăng cường của <color=#00FF00>bảo thạch</color> đã được khảm nạm trên trang bị đó.",3
30071501,<color=#FFFF00>Chân Nguyên Băng Công (Cấp 1)</color>,ZhenYuanGold1_16,1,1,false,4,1,true,true,false,1,-1,-1,,-1,Chân Nguyên,"Viên chân nguyên quý hiếm, gắn lên trang bị sẽ gia tăng <color=#FFFF00>thuộc tính</color> vốn có của <color=#00FF00>trang bị</color> cũng như thuộc tính tăng cường của <color=#00FF00>bảo thạch</color> đã được khảm nạm trên trang bị đó.",3
30071502,<color=#FFFF00>Chân Nguyên Băng Công (Cấp 2)</color>,ZhenYuanGold1_16,1,1,false,4,1,true,true,false,1,-1,-1,,-1,Chân Nguyên,"Viên chân nguyên quý hiếm, gắn lên trang bị sẽ gia tăng <color=#FFFF00>thuộc tính</color> vốn có của <color=#00FF00>trang bị</color> cũng như thuộc tính tăng cường của <color=#00FF00>bảo thạch</color> đã được khảm nạm trên trang bị đó.",3
30071503,<color=#FFFF00>Chân Nguyên Băng Công (Cấp 3)</color>,ZhenYuanGold1_16,1,1,false,4,1,true,true,false,1,-1,-1,,-1,Chân Nguyên,"Viên chân nguyên quý hiếm, gắn lên trang bị sẽ gia tăng <color=#FFFF00>thuộc tính</color> vốn có của <color=#00FF00>trang bị</color> cũng như thuộc tính tăng cường của <color=#00FF00>bảo thạch</color> đã được khảm nạm trên trang bị đó.",3
30071504,<color=#FFFF00>Chân Nguyên Băng Công (Cấp 4)</color>,ZhenYuanGold1_16,1,1,false,4,1,true,true,false,1,-1,-1,,-1,Chân Nguyên,"Viên chân nguyên quý hiếm, gắn lên trang bị sẽ gia tăng <color=#FFFF00>thuộc tính</color> vốn có của <color=#00FF00>trang bị</color> cũng như thuộc tính tăng cường của <color=#00FF00>bảo thạch</color> đã được khảm nạm trên trang bị đó.",3
30071505,<color=#FFFF00>Chân Nguyên Băng Công (Cấp 5)</color>,ZhenYuanGold1_16,1,1,false,4,1,true,true,false,1,-1,-1,,-1,Chân Nguyên,"Viên chân nguyên quý hiếm, gắn lên trang bị sẽ gia tăng <color=#FFFF00>thuộc tính</color> vốn có của <color=#00FF00>trang bị</color> cũng như thuộc tính tăng cường của <color=#00FF00>bảo thạch</color> đã được khảm nạm trên trang bị đó.",3
30071506,<color=#FFFF00>Chân Nguyên Băng Công (Cấp 6)</color>,ZhenYuanGold1_16,1,1,false,4,1,true,true,false,1,-1,-1,,-1,Chân Nguyên,"Viên chân nguyên quý hiếm, gắn lên trang bị sẽ gia tăng <color=#FFFF00>thuộc tính</color> vốn có của <color=#00FF00>trang bị</color> cũng như thuộc tính tăng cường của <color=#00FF00>bảo thạch</color> đã được khảm nạm trên trang bị đó.",3
30071507,<color=#FFFF00>Chân Nguyên Băng Công (Cấp 7)</color>,ZhenYuanGold1_16,1,1,false,4,1,true,true,false,1,-1,-1,,-1,Chân Nguyên,"Viên chân nguyên quý hiếm, gắn lên trang bị sẽ gia tăng <color=#FFFF00>thuộc tính</color> vốn có của <color=#00FF00>trang bị</color> cũng như thuộc tính tăng cường của <color=#00FF00>bảo thạch</color> đã được khảm nạm trên trang bị đó.",3
30071508,<color=#FFFF00>Chân Nguyên Băng Công (Cấp 8)</color>,ZhenYuanGold1_16,1,1,false,4,1,true,true,false,1,-1,-1,,-1,Chân Nguyên,"Viên chân nguyên quý hiếm, gắn lên trang bị sẽ gia tăng <color=#FFFF00>thuộc tính</color> vốn có của <color=#00FF00>trang bị</color> cũng như thuộc tính tăng cường của <color=#00FF00>bảo thạch</color> đã được khảm nạm trên trang bị đó.",3
30071509,<color=#FFFF00>Chân Nguyên Băng Công (Cấp 9)</color>,ZhenYuanGold1_16,1,1,false,4,1,true,true,false,1,-1,-1,,-1,Chân Nguyên,"Viên chân nguyên quý hiếm, gắn lên trang bị sẽ gia tăng <color=#FFFF00>thuộc tính</color> vốn có của <color=#00FF00>trang bị</color> cũng như thuộc tính tăng cường của <color=#00FF00>bảo thạch</color> đã được khảm nạm trên trang bị đó.",3
30071510,<color=#FFFF00>Chân Nguyên Băng Công (Cấp 10)</color>,ZhenYuanGold1_16,1,1,false,4,1,true,true,false,1,-1,-1,,-1,Chân Nguyên,"Viên chân nguyên quý hiếm, gắn lên trang bị sẽ gia tăng <color=#FFFF00>thuộc tính</color> vốn có của <color=#00FF00>trang bị</color> cũng như thuộc tính tăng cường của <color=#00FF00>bảo thạch</color> đã được khảm nạm trên trang bị đó.",3
30071511,<color=#FFFFFF>Chân Nguyên Hỏa Công (Cấp 1)</color>,ZhenYuan6_1,1,1,false,4,1,true,true,false,1,-1,-1,,-1,Chân Nguyên,"Viên chân nguyên quý hiếm, gắn lên trang bị sẽ gia tăng <color=#FFFF00>thuộc tính</color> vốn có của <color=#00FF00>trang bị</color> cũng như thuộc tính tăng cường của <color=#00FF00>bảo thạch</color> đã được khảm nạm trên trang bị đó.",3
30071512,<color=#FFFFFF>Chân Nguyên Hỏa Công (Cấp 2)</color>,ZhenYuan6_1,1,1,false,4,1,true,true,false,1,-1,-1,,-1,Chân Nguyên,"Viên chân nguyên quý hiếm, gắn lên trang bị sẽ gia tăng <color=#FFFF00>thuộc tính</color> vốn có của <color=#00FF00>trang bị</color> cũng như thuộc tính tăng cường của <color=#00FF00>bảo thạch</color> đã được khảm nạm trên trang bị đó.",3
30071513,<color=#FFFFFF>Chân Nguyên Hỏa Công (Cấp 3)</color>,ZhenYuan6_1,1,1,false,4,1,true,true,false,1,-1,-1,,-1,Chân Nguyên,"Viên chân nguyên quý hiếm, gắn lên trang bị sẽ gia tăng <color=#FFFF00>thuộc tính</color> vốn có của <color=#00FF00>trang bị</color> cũng như thuộc tính tăng cường của <color=#00FF00>bảo thạch</color> đã được khảm nạm trên trang bị đó.",3
30071514,<color=#FFFFFF>Chân Nguyên Hỏa Công (Cấp 4)</color>,ZhenYuan6_1,1,1,false,4,1,true,true,false,1,-1,-1,,-1,Chân Nguyên,"Viên chân nguyên quý hiếm, gắn lên trang bị sẽ gia tăng <color=#FFFF00>thuộc tính</color> vốn có của <color=#00FF00>trang bị</color> cũng như thuộc tính tăng cường của <color=#00FF00>bảo thạch</color> đã được khảm nạm trên trang bị đó.",3
30071515,<color=#FFFFFF>Chân Nguyên Hỏa Công (Cấp 5)</color>,ZhenYuan6_1,1,1,false,4,1,true,true,false,1,-1,-1,,-1,Chân Nguyên,"Viên chân nguyên quý hiếm, gắn lên trang bị sẽ gia tăng <color=#FFFF00>thuộc tính</color> vốn có của <color=#00FF00>trang bị</color> cũng như thuộc tính tăng cường của <color=#00FF00>bảo thạch</color> đã được khảm nạm trên trang bị đó.",3
30071516,<color=#FFFFFF>Chân Nguyên Hỏa Công (Cấp 6)</color>,ZhenYuan6_1,1,1,false,4,1,true,true,false,1,-1,-1,,-1,Chân Nguyên,"Viên chân nguyên quý hiếm, gắn lên trang bị sẽ gia tăng <color=#FFFF00>thuộc tính</color> vốn có của <color=#00FF00>trang bị</color> cũng như thuộc tính tăng cường của <color=#00FF00>bảo thạch</color> đã được khảm nạm trên trang bị đó.",3
30071517,<color=#FFFFFF>Chân Nguyên Hỏa Công (Cấp 7)</color>,ZhenYuan6_1,1,1,false,4,1,true,true,false,1,-1,-1,,-1,Chân Nguyên,"Viên chân nguyên quý hiếm, gắn lên trang bị sẽ gia tăng <color=#FFFF00>thuộc tính</color> vốn có của <color=#00FF00>trang bị</color> cũng như thuộc tính tăng cường của <color=#00FF00>bảo thạch</color> đã được khảm nạm trên trang bị đó.",3
30071518,<color=#FFFFFF>Chân Nguyên Hỏa Công (Cấp 8)</color>,ZhenYuan6_1,1,1,false,4,1,true,true,false,1,-1,-1,,-1,Chân Nguyên,"Viên chân nguyên quý hiếm, gắn lên trang bị sẽ gia tăng <color=#FFFF00>thuộc tính</color> vốn có của <color=#00FF00>trang bị</color> cũng như thuộc tính tăng cường của <color=#00FF00>bảo thạch</color> đã được khảm nạm trên trang bị đó.",3
30071519,<color=#FFFFFF>Chân Nguyên Hỏa Công (Cấp 9)</color>,ZhenYuan6_1,1,1,false,4,1,true,true,false,1,-1,-1,,-1,Chân Nguyên,"Viên chân nguyên quý hiếm, gắn lên trang bị sẽ gia tăng <color=#FFFF00>thuộc tính</color> vốn có của <color=#00FF00>trang bị</color> cũng như thuộc tính tăng cường của <color=#00FF00>bảo thạch</color> đã được khảm nạm trên trang bị đó.",3
30071520,<color=#FFFFFF>Chân Nguyên Hỏa Công (Cấp 10)</color>,ZhenYuan6_1,1,1,false,4,1,true,true,false,1,-1,-1,,-1,Chân Nguyên,"Viên chân nguyên quý hiếm, gắn lên trang bị sẽ gia tăng <color=#FFFF00>thuộc tính</color> vốn có của <color=#00FF00>trang bị</color> cũng như thuộc tính tăng cường của <color=#00FF00>bảo thạch</color> đã được khảm nạm trên trang bị đó.",3
30071521,<color=#00FF00>Chân Nguyên Hỏa Công (Cấp 1)</color>,ZhenYuan6_2,1,1,false,4,1,true,true,false,1,-1,-1,,-1,Chân Nguyên,"Viên chân nguyên quý hiếm, gắn lên trang bị sẽ gia tăng <color=#FFFF00>thuộc tính</color> vốn có của <color=#00FF00>trang bị</color> cũng như thuộc tính tăng cường của <color=#00FF00>bảo thạch</color> đã được khảm nạm trên trang bị đó.",3
30071522,<color=#00FF00>Chân Nguyên Hỏa Công (Cấp 2)</color>,ZhenYuan6_2,1,1,false,4,1,true,true,false,1,-1,-1,,-1,Chân Nguyên,"Viên chân nguyên quý hiếm, gắn lên trang bị sẽ gia tăng <color=#FFFF00>thuộc tính</color> vốn có của <color=#00FF00>trang bị</color> cũng như thuộc tính tăng cường của <color=#00FF00>bảo thạch</color> đã được khảm nạm trên trang bị đó.",3
30071523,<color=#00FF00>Chân Nguyên Hỏa Công (Cấp 3)</color>,ZhenYuan6_2,1,1,false,4,1,true,true,false,1,-1,-1,,-1,Chân Nguyên,"Viên chân nguyên quý hiếm, gắn lên trang bị sẽ gia tăng <color=#FFFF00>thuộc tính</color> vốn có của <color=#00FF00>trang bị</color> cũng như thuộc tính tăng cường của <color=#00FF00>bảo thạch</color> đã được khảm nạm trên trang bị đó.",3
30071524,<color=#00FF00>Chân Nguyên Hỏa Công (Cấp 4)</color>,ZhenYuan6_2,1,1,false,4,1,true,true,false,1,-1,-1,,-1,Chân Nguyên,"Viên chân nguyên quý hiếm, gắn lên trang bị sẽ gia tăng <color=#FFFF00>thuộc tính</color> vốn có của <color=#00FF00>trang bị</color> cũng như thuộc tính tăng cường của <color=#00FF00>bảo thạch</color> đã được khảm nạm trên trang bị đó.",3
30071525,<color=#00FF00>Chân Nguyên Hỏa Công (Cấp 5)</color>,ZhenYuan6_2,1,1,false,4,1,true,true,false,1,-1,-1,,-1,Chân Nguyên,"Viên chân nguyên quý hiếm, gắn lên trang bị sẽ gia tăng <color=#FFFF00>thuộc tính</color> vốn có của <color=#00FF00>trang bị</color> cũng như thuộc tính tăng cường của <color=#00FF00>bảo thạch</color> đã được khảm nạm trên trang bị đó.",3
30071526,<color=#00FF00>Chân Nguyên Hỏa Công (Cấp 6)</color>,ZhenYuan6_2,1,1,false,4,1,true,true,false,1,-1,-1,,-1,Chân Nguyên,"Viên chân nguyên quý hiếm, gắn lên trang bị sẽ gia tăng <color=#FFFF00>thuộc tính</color> vốn có của <color=#00FF00>trang bị</color> cũng như thuộc tính tăng cường của <color=#00FF00>bảo thạch</color> đã được khảm nạm trên trang bị đó.",3
30071527,<color=#00FF00>Chân Nguyên Hỏa Công (Cấp 7)</color>,ZhenYuan6_2,1,1,false,4,1,true,true,false,1,-1,-1,,-1,Chân Nguyên,"Viên chân nguyên quý hiếm, gắn lên trang bị sẽ gia tăng <color=#FFFF00>thuộc tính</color> vốn có của <color=#00FF00>trang bị</color> cũng như thuộc tính tăng cường của <color=#00FF00>bảo thạch</color> đã được khảm nạm trên trang bị đó.",3
30071528,<color=#00FF00>Chân Nguyên Hỏa Công (Cấp 8)</color>,ZhenYuan6_2,1,1,false,4,1,true,true,false,1,-1,-1,,-1,Chân Nguyên,"Viên chân nguyên quý hiếm, gắn lên trang bị sẽ gia tăng <color=#FFFF00>thuộc tính</color> vốn có của <color=#00FF00>trang bị</color> cũng như thuộc tính tăng cường của <color=#00FF00>bảo thạch</color> đã được khảm nạm trên trang bị đó.",3
30071529,<color=#00FF00>Chân Nguyên Hỏa Công (Cấp 9)</color>,ZhenYuan6_2,1,1,false,4,1,true,true,false,1,-1,-1,,-1,Chân Nguyên,"Viên chân nguyên quý hiếm, gắn lên trang bị sẽ gia tăng <color=#FFFF00>thuộc tính</color> vốn có của <color=#00FF00>trang bị</color> cũng như thuộc tính tăng cường của <color=#00FF00>bảo thạch</color> đã được khảm nạm trên trang bị đó.",3
30071530,<color=#00FF00>Chân Nguyên Hỏa Công (Cấp 10)</color>,ZhenYuan6_2,1,1,false,4,1,true,true,false,1,-1,-1,,-1,Chân Nguyên,"Viên chân nguyên quý hiếm, gắn lên trang bị sẽ gia tăng <color=#FFFF00>thuộc tính</color> vốn có của <color=#00FF00>trang bị</color> cũng như thuộc tính tăng cường của <color=#00FF00>bảo thạch</color> đã được khảm nạm trên trang bị đó.",3
30071531,<color=#1A9FFF>Chân Nguyên Hỏa Công (Cấp 1)</color>,ZhenYuan6_3,1,1,false,4,1,true,true,false,1,-1,-1,,-1,Chân Nguyên,"Viên chân nguyên quý hiếm, gắn lên trang bị sẽ gia tăng <color=#FFFF00>thuộc tính</color> vốn có của <color=#00FF00>trang bị</color> cũng như thuộc tính tăng cường của <color=#00FF00>bảo thạch</color> đã được khảm nạm trên trang bị đó.",3
30071532,<color=#1A9FFF>Chân Nguyên Hỏa Công (Cấp 2)</color>,ZhenYuan6_3,1,1,false,4,1,true,true,false,1,-1,-1,,-1,Chân Nguyên,"Viên chân nguyên quý hiếm, gắn lên trang bị sẽ gia tăng <color=#FFFF00>thuộc tính</color> vốn có của <color=#00FF00>trang bị</color> cũng như thuộc tính tăng cường của <color=#00FF00>bảo thạch</color> đã được khảm nạm trên trang bị đó.",3
30071533,<color=#1A9FFF>Chân Nguyên Hỏa Công (Cấp 3)</color>,ZhenYuan6_3,1,1,false,4,1,true,true,false,1,-1,-1,,-1,Chân Nguyên,"Viên chân nguyên quý hiếm, gắn lên trang bị sẽ gia tăng <color=#FFFF00>thuộc tính</color> vốn có của <color=#00FF00>trang bị</color> cũng như thuộc tính tăng cường của <color=#00FF00>bảo thạch</color> đã được khảm nạm trên trang bị đó.",3
30071534,<color=#1A9FFF>Chân Nguyên Hỏa Công (Cấp 4)</color>,ZhenYuan6_3,1,1,false,4,1,true,true,false,1,-1,-1,,-1,Chân Nguyên,"Viên chân nguyên quý hiếm, gắn lên trang bị sẽ gia tăng <color=#FFFF00>thuộc tính</color> vốn có của <color=#00FF00>trang bị</color> cũng như thuộc tính tăng cường của <color=#00FF00>bảo thạch</color> đã được khảm nạm trên trang bị đó.",3
30071535,<color=#1A9FFF>Chân Nguyên Hỏa Công (Cấp 5)</color>,ZhenYuan6_3,1,1,false,4,1,true,true,false,1,-1,-1,,-1,Chân Nguyên,"Viên chân nguyên quý hiếm, gắn lên trang bị sẽ gia tăng <color=#FFFF00>thuộc tính</color> vốn có của <color=#00FF00>trang bị</color> cũng như thuộc tính tăng cường của <color=#00FF00>bảo thạch</color> đã được khảm nạm trên trang bị đó.",3
30071536,<color=#1A9FFF>Chân Nguyên Hỏa Công (Cấp 6)</color>,ZhenYuan6_3,1,1,false,4,1,true,true,false,1,-1,-1,,-1,Chân Nguyên,"Viên chân nguyên quý hiếm, gắn lên trang bị sẽ gia tăng <color=#FFFF00>thuộc tính</color> vốn có của <color=#00FF00>trang bị</color> cũng như thuộc tính tăng cường của <color=#00FF00>bảo thạch</color> đã được khảm nạm trên trang bị đó.",3
30071537,<color=#1A9FFF>Chân Nguyên Hỏa Công (Cấp 7)</color>,ZhenYuan6_3,1,1,false,4,1,true,true,false,1,-1,-1,,-1,Chân Nguyên,"Viên chân nguyên quý hiếm, gắn lên trang bị sẽ gia tăng <color=#FFFF00>thuộc tính</color> vốn có của <color=#00FF00>trang bị</color> cũng như thuộc tính tăng cường của <color=#00FF00>bảo thạch</color> đã được khảm nạm trên trang bị đó.",3
30071538,<color=#1A9FFF>Chân Nguyên Hỏa Công (Cấp 8)</color>,ZhenYuan6_3,1,1,false,4,1,true,true,false,1,-1,-1,,-1,Chân Nguyên,"Viên chân nguyên quý hiếm, gắn lên trang bị sẽ gia tăng <color=#FFFF00>thuộc tính</color> vốn có của <color=#00FF00>trang bị</color> cũng như thuộc tính tăng cường của <color=#00FF00>bảo thạch</color> đã được khảm nạm trên trang bị đó.",3
30071539,<color=#1A9FFF>Chân Nguyên Hỏa Công (Cấp 9)</color>,ZhenYuan6_3,1,1,false,4,1,true,true,false,1,-1,-1,,-1,Chân Nguyên,"Viên chân nguyên quý hiếm, gắn lên trang bị sẽ gia tăng <color=#FFFF00>thuộc tính</color> vốn có của <color=#00FF00>trang bị</color> cũng như thuộc tính tăng cường của <color=#00FF00>bảo thạch</color> đã được khảm nạm trên trang bị đó.",3
30071540,<color=#1A9FFF>Chân Nguyên Hỏa Công (Cấp 10)</color>,ZhenYuan6_3,1,1,false,4,1,true,true,false,1,-1,-1,,-1,Chân Nguyên,"Viên chân nguyên quý hiếm, gắn lên trang bị sẽ gia tăng <color=#FFFF00>thuộc tính</color> vốn có của <color=#00FF00>trang bị</color> cũng như thuộc tính tăng cường của <color=#00FF00>bảo thạch</color> đã được khảm nạm trên trang bị đó.",3
30071541,<color=#D829FF>Chân Nguyên Hỏa Công (Cấp 1)</color>,ZhenYuan6_4,1,1,false,4,1,true,true,false,1,-1,-1,,-1,Chân Nguyên,"Viên chân nguyên quý hiếm, gắn lên trang bị sẽ gia tăng <color=#FFFF00>thuộc tính</color> vốn có của <color=#00FF00>trang bị</color> cũng như thuộc tính tăng cường của <color=#00FF00>bảo thạch</color> đã được khảm nạm trên trang bị đó.",3
30071542,<color=#D829FF>Chân Nguyên Hỏa Công (Cấp 2)</color>,ZhenYuan6_4,1,1,false,4,1,true,true,false,1,-1,-1,,-1,Chân Nguyên,"Viên chân nguyên quý hiếm, gắn lên trang bị sẽ gia tăng <color=#FFFF00>thuộc tính</color> vốn có của <color=#00FF00>trang bị</color> cũng như thuộc tính tăng cường của <color=#00FF00>bảo thạch</color> đã được khảm nạm trên trang bị đó.",3
30071543,<color=#D829FF>Chân Nguyên Hỏa Công (Cấp 3)</color>,ZhenYuan6_4,1,1,false,4,1,true,true,false,1,-1,-1,,-1,Chân Nguyên,"Viên chân nguyên quý hiếm, gắn lên trang bị sẽ gia tăng <color=#FFFF00>thuộc tính</color> vốn có của <color=#00FF00>trang bị</color> cũng như thuộc tính tăng cường của <color=#00FF00>bảo thạch</color> đã được khảm nạm trên trang bị đó.",3
30071544,<color=#D829FF>Chân Nguyên Hỏa Công (Cấp 4)</color>,ZhenYuan6_4,1,1,false,4,1,true,true,false,1,-1,-1,,-1,Chân Nguyên,"Viên chân nguyên quý hiếm, gắn lên trang bị sẽ gia tăng <color=#FFFF00>thuộc tính</color> vốn có của <color=#00FF00>trang bị</color> cũng như thuộc tính tăng cường của <color=#00FF00>bảo thạch</color> đã được khảm nạm trên trang bị đó.",3
30071545,<color=#D829FF>Chân Nguyên Hỏa Công (Cấp 5)</color>,ZhenYuan6_4,1,1,false,4,1,true,true,false,1,-1,-1,,-1,Chân Nguyên,"Viên chân nguyên quý hiếm, gắn lên trang bị sẽ gia tăng <color=#FFFF00>thuộc tính</color> vốn có của <color=#00FF00>trang bị</color> cũng như thuộc tính tăng cường của <color=#00FF00>bảo thạch</color> đã được khảm nạm trên trang bị đó.",3
30071546,<color=#D829FF>Chân Nguyên Hỏa Công (Cấp 6)</color>,ZhenYuan6_4,1,1,false,4,1,true,true,false,1,-1,-1,,-1,Chân Nguyên,"Viên chân nguyên quý hiếm, gắn lên trang bị sẽ gia tăng <color=#FFFF00>thuộc tính</color> vốn có của <color=#00FF00>trang bị</color> cũng như thuộc tính tăng cường của <color=#00FF00>bảo thạch</color> đã được khảm nạm trên trang bị đó.",3
30071547,<color=#D829FF>Chân Nguyên Hỏa Công (Cấp 7)</color>,ZhenYuan6_4,1,1,false,4,1,true,true,false,1,-1,-1,,-1,Chân Nguyên,"Viên chân nguyên quý hiếm, gắn lên trang bị sẽ gia tăng <color=#FFFF00>thuộc tính</color> vốn có của <color=#00FF00>trang bị</color> cũng như thuộc tính tăng cường của <color=#00FF00>bảo thạch</color> đã được khảm nạm trên trang bị đó.",3
30071548,<color=#D829FF>Chân Nguyên Hỏa Công (Cấp 8)</color>,ZhenYuan6_4,1,1,false,4,1,true,true,false,1,-1,-1,,-1,Chân Nguyên,"Viên chân nguyên quý hiếm, gắn lên trang bị sẽ gia tăng <color=#FFFF00>thuộc tính</color> vốn có của <color=#00FF00>trang bị</color> cũng như thuộc tính tăng cường của <color=#00FF00>bảo thạch</color> đã được khảm nạm trên trang bị đó.",3
30071549,<color=#D829FF>Chân Nguyên Hỏa Công (Cấp 9)</color>,ZhenYuan6_4,1,1,false,4,1,true,true,false,1,-1,-1,,-1,Chân Nguyên,"Viên chân nguyên quý hiếm, gắn lên trang bị sẽ gia tăng <color=#FFFF00>thuộc tính</color> vốn có của <color=#00FF00>trang bị</color> cũng như thuộc tính tăng cường của <color=#00FF00>bảo thạch</color> đã được khảm nạm trên trang bị đó.",3
30071550,<color=#D829FF>Chân Nguyên Hỏa Công (Cấp 10)</color>,ZhenYuan6_4,1,1,false,4,1,true,true,false,1,-1,-1,,-1,Chân Nguyên,"Viên chân nguyên quý hiếm, gắn lên trang bị sẽ gia tăng <color=#FFFF00>thuộc tính</color> vốn có của <color=#00FF00>trang bị</color> cũng như thuộc tính tăng cường của <color=#00FF00>bảo thạch</color> đã được khảm nạm trên trang bị đó.",3
30071551,<color=#FF8B0F>Chân Nguyên Hỏa Công (Cấp 1)</color>,ZhenYuan6_5,1,1,false,4,1,true,true,false,1,-1,-1,,-1,Chân Nguyên,"Viên chân nguyên quý hiếm, gắn lên trang bị sẽ gia tăng <color=#FFFF00>thuộc tính</color> vốn có của <color=#00FF00>trang bị</color> cũng như thuộc tính tăng cường của <color=#00FF00>bảo thạch</color> đã được khảm nạm trên trang bị đó.",3
30071552,<color=#FF8B0F>Chân Nguyên Hỏa Công (Cấp 2)</color>,ZhenYuan6_5,1,1,false,4,1,true,true,false,1,-1,-1,,-1,Chân Nguyên,"Viên chân nguyên quý hiếm, gắn lên trang bị sẽ gia tăng <color=#FFFF00>thuộc tính</color> vốn có của <color=#00FF00>trang bị</color> cũng như thuộc tính tăng cường của <color=#00FF00>bảo thạch</color> đã được khảm nạm trên trang bị đó.",3
30071553,<color=#FF8B0F>Chân Nguyên Hỏa Công (Cấp 3)</color>,ZhenYuan6_5,1,1,false,4,1,true,true,false,1,-1,-1,,-1,Chân Nguyên,"Viên chân nguyên quý hiếm, gắn lên trang bị sẽ gia tăng <color=#FFFF00>thuộc tính</color> vốn có của <color=#00FF00>trang bị</color> cũng như thuộc tính tăng cường của <color=#00FF00>bảo thạch</color> đã được khảm nạm trên trang bị đó.",3
30071554,<color=#FF8B0F>Chân Nguyên Hỏa Công (Cấp 4)</color>,ZhenYuan6_5,1,1,false,4,1,true,true,false,1,-1,-1,,-1,Chân Nguyên,"Viên chân nguyên quý hiếm, gắn lên trang bị sẽ gia tăng <color=#FFFF00>thuộc tính</color> vốn có của <color=#00FF00>trang bị</color> cũng như thuộc tính tăng cường của <color=#00FF00>bảo thạch</color> đã được khảm nạm trên trang bị đó.",3
30071555,<color=#FF8B0F>Chân Nguyên Hỏa Công (Cấp 5)</color>,ZhenYuan6_5,1,1,false,4,1,true,true,false,1,-1,-1,,-1,Chân Nguyên,"Viên chân nguyên quý hiếm, gắn lên trang bị sẽ gia tăng <color=#FFFF00>thuộc tính</color> vốn có của <color=#00FF00>trang bị</color> cũng như thuộc tính tăng cường của <color=#00FF00>bảo thạch</color> đã được khảm nạm trên trang bị đó.",3
30071556,<color=#FF8B0F>Chân Nguyên Hỏa Công (Cấp 6)</color>,ZhenYuan6_5,1,1,false,4,1,true,true,false,1,-1,-1,,-1,Chân Nguyên,"Viên chân nguyên quý hiếm, gắn lên trang bị sẽ gia tăng <color=#FFFF00>thuộc tính</color> vốn có của <color=#00FF00>trang bị</color> cũng như thuộc tính tăng cường của <color=#00FF00>bảo thạch</color> đã được khảm nạm trên trang bị đó.",3
30071557,<color=#FF8B0F>Chân Nguyên Hỏa Công (Cấp 7)</color>,ZhenYuan6_5,1,1,false,4,1,true,true,false,1,-1,-1,,-1,Chân Nguyên,"Viên chân nguyên quý hiếm, gắn lên trang bị sẽ gia tăng <color=#FFFF00>thuộc tính</color> vốn có của <color=#00FF00>trang bị</color> cũng như thuộc tính tăng cường của <color=#00FF00>bảo thạch</color> đã được khảm nạm trên trang bị đó.",3
30071558,<color=#FF8B0F>Chân Nguyên Hỏa Công (Cấp 8)</color>,ZhenYuan6_5,1,1,false,4,1,true,true,false,1,-1,-1,,-1,Chân Nguyên,"Viên chân nguyên quý hiếm, gắn lên trang bị sẽ gia tăng <color=#FFFF00>thuộc tính</color> vốn có của <color=#00FF00>trang bị</color> cũng như thuộc tính tăng cường của <color=#00FF00>bảo thạch</color> đã được khảm nạm trên trang bị đó.",3
30071559,<color=#FF8B0F>Chân Nguyên Hỏa Công (Cấp 9)</color>,ZhenYuan6_5,1,1,false,4,1,true,true,false,1,-1,-1,,-1,Chân Nguyên,"Viên chân nguyên quý hiếm, gắn lên trang bị sẽ gia tăng <color=#FFFF00>thuộc tính</color> vốn có của <color=#00FF00>trang bị</color> cũng như thuộc tính tăng cường của <color=#00FF00>bảo thạch</color> đã được khảm nạm trên trang bị đó.",3
30071560,<color=#FF8B0F>Chân Nguyên Hỏa Công (Cấp 10)</color>,ZhenYuan6_5,1,1,false,4,1,true,true,false,1,-1,-1,,-1,Chân Nguyên,"Viên chân nguyên quý hiếm, gắn lên trang bị sẽ gia tăng <color=#FFFF00>thuộc tính</color> vốn có của <color=#00FF00>trang bị</color> cũng như thuộc tính tăng cường của <color=#00FF00>bảo thạch</color> đã được khảm nạm trên trang bị đó.",3
30071561,<color=#FFFF00>Chân Nguyên Hỏa Công (Cấp 1)</color>,ZhenYuanGold1_5,1,1,false,4,1,true,true,false,1,-1,-1,,-1,Chân Nguyên,"Viên chân nguyên quý hiếm, gắn lên trang bị sẽ gia tăng <color=#FFFF00>thuộc tính</color> vốn có của <color=#00FF00>trang bị</color> cũng như thuộc tính tăng cường của <color=#00FF00>bảo thạch</color> đã được khảm nạm trên trang bị đó.",3
30071562,<color=#FFFF00>Chân Nguyên Hỏa Công (Cấp 2)</color>,ZhenYuanGold1_5,1,1,false,4,1,true,true,false,1,-1,-1,,-1,Chân Nguyên,"Viên chân nguyên quý hiếm, gắn lên trang bị sẽ gia tăng <color=#FFFF00>thuộc tính</color> vốn có của <color=#00FF00>trang bị</color> cũng như thuộc tính tăng cường của <color=#00FF00>bảo thạch</color> đã được khảm nạm trên trang bị đó.",3
30071563,<color=#FFFF00>Chân Nguyên Hỏa Công (Cấp 3)</color>,ZhenYuanGold1_5,1,1,false,4,1,true,true,false,1,-1,-1,,-1,Chân Nguyên,"Viên chân nguyên quý hiếm, gắn lên trang bị sẽ gia tăng <color=#FFFF00>thuộc tính</color> vốn có của <color=#00FF00>trang bị</color> cũng như thuộc tính tăng cường của <color=#00FF00>bảo thạch</color> đã được khảm nạm trên trang bị đó.",3
30071564,<color=#FFFF00>Chân Nguyên Hỏa Công (Cấp 4)</color>,ZhenYuanGold1_5,1,1,false,4,1,true,true,false,1,-1,-1,,-1,Chân Nguyên,"Viên chân nguyên quý hiếm, gắn lên trang bị sẽ gia tăng <color=#FFFF00>thuộc tính</color> vốn có của <color=#00FF00>trang bị</color> cũng như thuộc tính tăng cường của <color=#00FF00>bảo thạch</color> đã được khảm nạm trên trang bị đó.",3
30071565,<color=#FFFF00>Chân Nguyên Hỏa Công (Cấp 5)</color>,ZhenYuanGold1_5,1,1,false,4,1,true,true,false,1,-1,-1,,-1,Chân Nguyên,"Viên chân nguyên quý hiếm, gắn lên trang bị sẽ gia tăng <color=#FFFF00>thuộc tính</color> vốn có của <color=#00FF00>trang bị</color> cũng như thuộc tính tăng cường của <color=#00FF00>bảo thạch</color> đã được khảm nạm trên trang bị đó.",3
30071566,<color=#FFFF00>Chân Nguyên Hỏa Công (Cấp 6)</color>,ZhenYuanGold1_5,1,1,false,4,1,true,true,false,1,-1,-1,,-1,Chân Nguyên,"Viên chân nguyên quý hiếm, gắn lên trang bị sẽ gia tăng <color=#FFFF00>thuộc tính</color> vốn có của <color=#00FF00>trang bị</color> cũng như thuộc tính tăng cường của <color=#00FF00>bảo thạch</color> đã được khảm nạm trên trang bị đó.",3
30071567,<color=#FFFF00>Chân Nguyên Hỏa Công (Cấp 7)</color>,ZhenYuanGold1_5,1,1,false,4,1,true,true,false,1,-1,-1,,-1,Chân Nguyên,"Viên chân nguyên quý hiếm, gắn lên trang bị sẽ gia tăng <color=#FFFF00>thuộc tính</color> vốn có của <color=#00FF00>trang bị</color> cũng như thuộc tính tăng cường của <color=#00FF00>bảo thạch</color> đã được khảm nạm trên trang bị đó.",3
30071568,<color=#FFFF00>Chân Nguyên Hỏa Công (Cấp 8)</color>,ZhenYuanGold1_5,1,1,false,4,1,true,true,false,1,-1,-1,,-1,Chân Nguyên,"Viên chân nguyên quý hiếm, gắn lên trang bị sẽ gia tăng <color=#FFFF00>thuộc tính</color> vốn có của <color=#00FF00>trang bị</color> cũng như thuộc tính tăng cường của <color=#00FF00>bảo thạch</color> đã được khảm nạm trên trang bị đó.",3
30071569,<color=#FFFF00>Chân Nguyên Hỏa Công (Cấp 9)</color>,ZhenYuanGold1_5,1,1,false,4,1,true,true,false,1,-1,-1,,-1,Chân Nguyên,"Viên chân nguyên quý hiếm, gắn lên trang bị sẽ gia tăng <color=#FFFF00>thuộc tính</color> vốn có của <color=#00FF00>trang bị</color> cũng như thuộc tính tăng cường của <color=#00FF00>bảo thạch</color> đã được khảm nạm trên trang bị đó.",3
30071570,<color=#FFFF00>Chân Nguyên Hỏa Công (Cấp 10)</color>,ZhenYuanGold1_5,1,1,false,4,1,true,true,false,1,-1,-1,,-1,Chân Nguyên,"Viên chân nguyên quý hiếm, gắn lên trang bị sẽ gia tăng <color=#FFFF00>thuộc tính</color> vốn có của <color=#00FF00>trang bị</color> cũng như thuộc tính tăng cường của <color=#00FF00>bảo thạch</color> đã được khảm nạm trên trang bị đó.",3
30071571,<color=#FFFFFF>Chân Nguyên Huyền Công (Cấp 1)</color>,ZhenYuan6_6,1,1,false,4,1,true,true,false,1,-1,-1,,-1,Chân Nguyên,"Viên chân nguyên quý hiếm, gắn lên trang bị sẽ gia tăng <color=#FFFF00>thuộc tính</color> vốn có của <color=#00FF00>trang bị</color> cũng như thuộc tính tăng cường của <color=#00FF00>bảo thạch</color> đã được khảm nạm trên trang bị đó.",3
30071572,<color=#FFFFFF>Chân Nguyên Huyền Công (Cấp 2)</color>,ZhenYuan6_6,1,1,false,4,1,true,true,false,1,-1,-1,,-1,Chân Nguyên,"Viên chân nguyên quý hiếm, gắn lên trang bị sẽ gia tăng <color=#FFFF00>thuộc tính</color> vốn có của <color=#00FF00>trang bị</color> cũng như thuộc tính tăng cường của <color=#00FF00>bảo thạch</color> đã được khảm nạm trên trang bị đó.",3
30071573,<color=#FFFFFF>Chân Nguyên Huyền Công (Cấp 3)</color>,ZhenYuan6_6,1,1,false,4,1,true,true,false,1,-1,-1,,-1,Chân Nguyên,"Viên chân nguyên quý hiếm, gắn lên trang bị sẽ gia tăng <color=#FFFF00>thuộc tính</color> vốn có của <color=#00FF00>trang bị</color> cũng như thuộc tính tăng cường của <color=#00FF00>bảo thạch</color> đã được khảm nạm trên trang bị đó.",3
30071574,<color=#FFFFFF>Chân Nguyên Huyền Công (Cấp 4)</color>,ZhenYuan6_6,1,1,false,4,1,true,true,false,1,-1,-1,,-1,Chân Nguyên,"Viên chân nguyên quý hiếm, gắn lên trang bị sẽ gia tăng <color=#FFFF00>thuộc tính</color> vốn có của <color=#00FF00>trang bị</color> cũng như thuộc tính tăng cường của <color=#00FF00>bảo thạch</color> đã được khảm nạm trên trang bị đó.",3
30071575,<color=#FFFFFF>Chân Nguyên Huyền Công (Cấp 5)</color>,ZhenYuan6_6,1,1,false,4,1,true,true,false,1,-1,-1,,-1,Chân Nguyên,"Viên chân nguyên quý hiếm, gắn lên trang bị sẽ gia tăng <color=#FFFF00>thuộc tính</color> vốn có của <color=#00FF00>trang bị</color> cũng như thuộc tính tăng cường của <color=#00FF00>bảo thạch</color> đã được khảm nạm trên trang bị đó.",3
30071576,<color=#FFFFFF>Chân Nguyên Huyền Công (Cấp 6)</color>,ZhenYuan6_6,1,1,false,4,1,true,true,false,1,-1,-1,,-1,Chân Nguyên,"Viên chân nguyên quý hiếm, gắn lên trang bị sẽ gia tăng <color=#FFFF00>thuộc tính</color> vốn có của <color=#00FF00>trang bị</color> cũng như thuộc tính tăng cường của <color=#00FF00>bảo thạch</color> đã được khảm nạm trên trang bị đó.",3
30071577,<color=#FFFFFF>Chân Nguyên Huyền Công (Cấp 7)</color>,ZhenYuan6_6,1,1,false,4,1,true,true,false,1,-1,-1,,-1,Chân Nguyên,"Viên chân nguyên quý hiếm, gắn lên trang bị sẽ gia tăng <color=#FFFF00>thuộc tính</color> vốn có của <color=#00FF00>trang bị</color> cũng như thuộc tính tăng cường của <color=#00FF00>bảo thạch</color> đã được khảm nạm trên trang bị đó.",3
30071578,<color=#FFFFFF>Chân Nguyên Huyền Công (Cấp 8)</color>,ZhenYuan6_6,1,1,false,4,1,true,true,false,1,-1,-1,,-1,Chân Nguyên,"Viên chân nguyên quý hiếm, gắn lên trang bị sẽ gia tăng <color=#FFFF00>thuộc tính</color> vốn có của <color=#00FF00>trang bị</color> cũng như thuộc tính tăng cường của <color=#00FF00>bảo thạch</color> đã được khảm nạm trên trang bị đó.",3
30071579,<color=#FFFFFF>Chân Nguyên Huyền Công (Cấp 9)</color>,ZhenYuan6_6,1,1,false,4,1,true,true,false,1,-1,-1,,-1,Chân Nguyên,"Viên chân nguyên quý hiếm, gắn lên trang bị sẽ gia tăng <color=#FFFF00>thuộc tính</color> vốn có của <color=#00FF00>trang bị</color> cũng như thuộc tính tăng cường của <color=#00FF00>bảo thạch</color> đã được khảm nạm trên trang bị đó.",3
30071580,<color=#FFFFFF>Chân Nguyên Huyền Công (Cấp 10)</color>,ZhenYuan6_6,1,1,false,4,1,true,true,false,1,-1,-1,,-1,Chân Nguyên,"Viên chân nguyên quý hiếm, gắn lên trang bị sẽ gia tăng <color=#FFFF00>thuộc tính</color> vốn có của <color=#00FF00>trang bị</color> cũng như thuộc tính tăng cường của <color=#00FF00>bảo thạch</color> đã được khảm nạm trên trang bị đó.",3
30071581,<color=#00FF00>Chân Nguyên Huyền Công (Cấp 1)</color>,ZhenYuan6_7,1,1,false,4,1,true,true,false,1,-1,-1,,-1,Chân Nguyên,"Viên chân nguyên quý hiếm, gắn lên trang bị sẽ gia tăng <color=#FFFF00>thuộc tính</color> vốn có của <color=#00FF00>trang bị</color> cũng như thuộc tính tăng cường của <color=#00FF00>bảo thạch</color> đã được khảm nạm trên trang bị đó.",3
30071582,<color=#00FF00>Chân Nguyên Huyền Công (Cấp 2)</color>,ZhenYuan6_7,1,1,false,4,1,true,true,false,1,-1,-1,,-1,Chân Nguyên,"Viên chân nguyên quý hiếm, gắn lên trang bị sẽ gia tăng <color=#FFFF00>thuộc tính</color> vốn có của <color=#00FF00>trang bị</color> cũng như thuộc tính tăng cường của <color=#00FF00>bảo thạch</color> đã được khảm nạm trên trang bị đó.",3
30071583,<color=#00FF00>Chân Nguyên Huyền Công (Cấp 3)</color>,ZhenYuan6_7,1,1,false,4,1,true,true,false,1,-1,-1,,-1,Chân Nguyên,"Viên chân nguyên quý hiếm, gắn lên trang bị sẽ gia tăng <color=#FFFF00>thuộc tính</color> vốn có của <color=#00FF00>trang bị</color> cũng như thuộc tính tăng cường của <color=#00FF00>bảo thạch</color> đã được khảm nạm trên trang bị đó.",3
30071584,<color=#00FF00>Chân Nguyên Huyền Công (Cấp 4)</color>,ZhenYuan6_7,1,1,false,4,1,true,true,false,1,-1,-1,,-1,Chân Nguyên,"Viên chân nguyên quý hiếm, gắn lên trang bị sẽ gia tăng <color=#FFFF00>thuộc tính</color> vốn có của <color=#00FF00>trang bị</color> cũng như thuộc tính tăng cường của <color=#00FF00>bảo thạch</color> đã được khảm nạm trên trang bị đó.",3
30071585,<color=#00FF00>Chân Nguyên Huyền Công (Cấp 5)</color>,ZhenYuan6_7,1,1,false,4,1,true,true,false,1,-1,-1,,-1,Chân Nguyên,"Viên chân nguyên quý hiếm, gắn lên trang bị sẽ gia tăng <color=#FFFF00>thuộc tính</color> vốn có của <color=#00FF00>trang bị</color> cũng như thuộc tính tăng cường của <color=#00FF00>bảo thạch</color> đã được khảm nạm trên trang bị đó.",3
30071586,<color=#00FF00>Chân Nguyên Huyền Công (Cấp 6)</color>,ZhenYuan6_7,1,1,false,4,1,true,true,false,1,-1,-1,,-1,Chân Nguyên,"Viên chân nguyên quý hiếm, gắn lên trang bị sẽ gia tăng <color=#FFFF00>thuộc tính</color> vốn có của <color=#00FF00>trang bị</color> cũng như thuộc tính tăng cường của <color=#00FF00>bảo thạch</color> đã được khảm nạm trên trang bị đó.",3
30071587,<color=#00FF00>Chân Nguyên Huyền Công (Cấp 7)</color>,ZhenYuan6_7,1,1,false,4,1,true,true,false,1,-1,-1,,-1,Chân Nguyên,"Viên chân nguyên quý hiếm, gắn lên trang bị sẽ gia tăng <color=#FFFF00>thuộc tính</color> vốn có của <color=#00FF00>trang bị</color> cũng như thuộc tính tăng cường của <color=#00FF00>bảo thạch</color> đã được khảm nạm trên trang bị đó.",3
30071588,<color=#00FF00>Chân Nguyên Huyền Công (Cấp 8)</color>,ZhenYuan6_7,1,1,false,4,1,true,true,false,1,-1,-1,,-1,Chân Nguyên,"Viên chân nguyên quý hiếm, gắn lên trang bị sẽ gia tăng <color=#FFFF00>thuộc tính</color> vốn có của <color=#00FF00>trang bị</color> cũng như thuộc tính tăng cường của <color=#00FF00>bảo thạch</color> đã được khảm nạm trên trang bị đó.",3
30071589,<color=#00FF00>Chân Nguyên Huyền Công (Cấp 9)</color>,ZhenYuan6_7,1,1,false,4,1,true,true,false,1,-1,-1,,-1,Chân Nguyên,"Viên chân nguyên quý hiếm, gắn lên trang bị sẽ gia tăng <color=#FFFF00>thuộc tính</color> vốn có của <color=#00FF00>trang bị</color> cũng như thuộc tính tăng cường của <color=#00FF00>bảo thạch</color> đã được khảm nạm trên trang bị đó.",3
30071590,<color=#00FF00>Chân Nguyên Huyền Công (Cấp 10)</color>,ZhenYuan6_7,1,1,false,4,1,true,true,false,1,-1,-1,,-1,Chân Nguyên,"Viên chân nguyên quý hiếm, gắn lên trang bị sẽ gia tăng <color=#FFFF00>thuộc tính</color> vốn có của <color=#00FF00>trang bị</color> cũng như thuộc tính tăng cường của <color=#00FF00>bảo thạch</color> đã được khảm nạm trên trang bị đó.",3
30071591,<color=#1A9FFF>Chân Nguyên Huyền Công (Cấp 1)</color>,ZhenYuan6_8,1,1,false,4,1,true,true,false,1,-1,-1,,-1,Chân Nguyên,"Viên chân nguyên quý hiếm, gắn lên trang bị sẽ gia tăng <color=#FFFF00>thuộc tính</color> vốn có của <color=#00FF00>trang bị</color> cũng như thuộc tính tăng cường của <color=#00FF00>bảo thạch</color> đã được khảm nạm trên trang bị đó.",3
30071592,<color=#1A9FFF>Chân Nguyên Huyền Công (Cấp 2)</color>,ZhenYuan6_8,1,1,false,4,1,true,true,false,1,-1,-1,,-1,Chân Nguyên,"Viên chân nguyên quý hiếm, gắn lên trang bị sẽ gia tăng <color=#FFFF00>thuộc tính</color> vốn có của <color=#00FF00>trang bị</color> cũng như thuộc tính tăng cường của <color=#00FF00>bảo thạch</color> đã được khảm nạm trên trang bị đó.",3
30071593,<color=#1A9FFF>Chân Nguyên Huyền Công (Cấp 3)</color>,ZhenYuan6_8,1,1,false,4,1,true,true,false,1,-1,-1,,-1,Chân Nguyên,"Viên chân nguyên quý hiếm, gắn lên trang bị sẽ gia tăng <color=#FFFF00>thuộc tính</color> vốn có của <color=#00FF00>trang bị</color> cũng như thuộc tính tăng cường của <color=#00FF00>bảo thạch</color> đã được khảm nạm trên trang bị đó.",3
30071594,<color=#1A9FFF>Chân Nguyên Huyền Công (Cấp 4)</color>,ZhenYuan6_8,1,1,false,4,1,true,true,false,1,-1,-1,,-1,Chân Nguyên,"Viên chân nguyên quý hiếm, gắn lên trang bị sẽ gia tăng <color=#FFFF00>thuộc tính</color> vốn có của <color=#00FF00>trang bị</color> cũng như thuộc tính tăng cường của <color=#00FF00>bảo thạch</color> đã được khảm nạm trên trang bị đó.",3
30071595,<color=#1A9FFF>Chân Nguyên Huyền Công (Cấp 5)</color>,ZhenYuan6_8,1,1,false,4,1,true,true,false,1,-1,-1,,-1,Chân Nguyên,"Viên chân nguyên quý hiếm, gắn lên trang bị sẽ gia tăng <color=#FFFF00>thuộc tính</color> vốn có của <color=#00FF00>trang bị</color> cũng như thuộc tính tăng cường của <color=#00FF00>bảo thạch</color> đã được khảm nạm trên trang bị đó.",3
30071596,<color=#1A9FFF>Chân Nguyên Huyền Công (Cấp 6)</color>,ZhenYuan6_8,1,1,false,4,1,true,true,false,1,-1,-1,,-1,Chân Nguyên,"Viên chân nguyên quý hiếm, gắn lên trang bị sẽ gia tăng <color=#FFFF00>thuộc tính</color> vốn có của <color=#00FF00>trang bị</color> cũng như thuộc tính tăng cường của <color=#00FF00>bảo thạch</color> đã được khảm nạm trên trang bị đó.",3
30071597,<color=#1A9FFF>Chân Nguyên Huyền Công (Cấp 7)</color>,ZhenYuan6_8,1,1,false,4,1,true,true,false,1,-1,-1,,-1,Chân Nguyên,"Viên chân nguyên quý hiếm, gắn lên trang bị sẽ gia tăng <color=#FFFF00>thuộc tính</color> vốn có của <color=#00FF00>trang bị</color> cũng như thuộc tính tăng cường của <color=#00FF00>bảo thạch</color> đã được khảm nạm trên trang bị đó.",3
30071598,<color=#1A9FFF>Chân Nguyên Huyền Công (Cấp 8)</color>,ZhenYuan6_8,1,1,false,4,1,true,true,false,1,-1,-1,,-1,Chân Nguyên,"Viên chân nguyên quý hiếm, gắn lên trang bị sẽ gia tăng <color=#FFFF00>thuộc tính</color> vốn có của <color=#00FF00>trang bị</color> cũng như thuộc tính tăng cường của <color=#00FF00>bảo thạch</color> đã được khảm nạm trên trang bị đó.",3
30071599,<color=#1A9FFF>Chân Nguyên Huyền Công (Cấp 9)</color>,ZhenYuan6_8,1,1,false,4,1,true,true,false,1,-1,-1,,-1,Chân Nguyên,"Viên chân nguyên quý hiếm, gắn lên trang bị sẽ gia tăng <color=#FFFF00>thuộc tính</color> vốn có của <color=#00FF00>trang bị</color> cũng như thuộc tính tăng cường của <color=#00FF00>bảo thạch</color> đã được khảm nạm trên trang bị đó.",3
30071600,<color=#1A9FFF>Chân Nguyên Huyền Công (Cấp 10)</color>,ZhenYuan6_8,1,1,false,4,1,true,true,false,1,-1,-1,,-1,Chân Nguyên,"Viên chân nguyên quý hiếm, gắn lên trang bị sẽ gia tăng <color=#FFFF00>thuộc tính</color> vốn có của <color=#00FF00>trang bị</color> cũng như thuộc tính tăng cường của <color=#00FF00>bảo thạch</color> đã được khảm nạm trên trang bị đó.",3
30071601,<color=#D829FF>Chân Nguyên Huyền Công (Cấp 1)</color>,ZhenYuan6_9,1,1,false,4,1,true,true,false,1,-1,-1,,-1,Chân Nguyên,"Viên chân nguyên quý hiếm, gắn lên trang bị sẽ gia tăng <color=#FFFF00>thuộc tính</color> vốn có của <color=#00FF00>trang bị</color> cũng như thuộc tính tăng cường của <color=#00FF00>bảo thạch</color> đã được khảm nạm trên trang bị đó.",3
30071602,<color=#D829FF>Chân Nguyên Huyền Công (Cấp 2)</color>,ZhenYuan6_9,1,1,false,4,1,true,true,false,1,-1,-1,,-1,Chân Nguyên,"Viên chân nguyên quý hiếm, gắn lên trang bị sẽ gia tăng <color=#FFFF00>thuộc tính</color> vốn có của <color=#00FF00>trang bị</color> cũng như thuộc tính tăng cường của <color=#00FF00>bảo thạch</color> đã được khảm nạm trên trang bị đó.",3
30071603,<color=#D829FF>Chân Nguyên Huyền Công (Cấp 3)</color>,ZhenYuan6_9,1,1,false,4,1,true,true,false,1,-1,-1,,-1,Chân Nguyên,"Viên chân nguyên quý hiếm, gắn lên trang bị sẽ gia tăng <color=#FFFF00>thuộc tính</color> vốn có của <color=#00FF00>trang bị</color> cũng như thuộc tính tăng cường của <color=#00FF00>bảo thạch</color> đã được khảm nạm trên trang bị đó.",3
30071604,<color=#D829FF>Chân Nguyên Huyền Công (Cấp 4)</color>,ZhenYuan6_9,1,1,false,4,1,true,true,false,1,-1,-1,,-1,Chân Nguyên,"Viên chân nguyên quý hiếm, gắn lên trang bị sẽ gia tăng <color=#FFFF00>thuộc tính</color> vốn có của <color=#00FF00>trang bị</color> cũng như thuộc tính tăng cường của <color=#00FF00>bảo thạch</color> đã được khảm nạm trên trang bị đó.",3
30071605,<color=#D829FF>Chân Nguyên Huyền Công (Cấp 5)</color>,ZhenYuan6_9,1,1,false,4,1,true,true,false,1,-1,-1,,-1,Chân Nguyên,"Viên chân nguyên quý hiếm, gắn lên trang bị sẽ gia tăng <color=#FFFF00>thuộc tính</color> vốn có của <color=#00FF00>trang bị</color> cũng như thuộc tính tăng cường của <color=#00FF00>bảo thạch</color> đã được khảm nạm trên trang bị đó.",3
30071606,<color=#D829FF>Chân Nguyên Huyền Công (Cấp 6)</color>,ZhenYuan6_9,1,1,false,4,1,true,true,false,1,-1,-1,,-1,Chân Nguyên,"Viên chân nguyên quý hiếm, gắn lên trang bị sẽ gia tăng <color=#FFFF00>thuộc tính</color> vốn có của <color=#00FF00>trang bị</color> cũng như thuộc tính tăng cường của <color=#00FF00>bảo thạch</color> đã được khảm nạm trên trang bị đó.",3
30071607,<color=#D829FF>Chân Nguyên Huyền Công (Cấp 7)</color>,ZhenYuan6_9,1,1,false,4,1,true,true,false,1,-1,-1,,-1,Chân Nguyên,"Viên chân nguyên quý hiếm, gắn lên trang bị sẽ gia tăng <color=#FFFF00>thuộc tính</color> vốn có của <color=#00FF00>trang bị</color> cũng như thuộc tính tăng cường của <color=#00FF00>bảo thạch</color> đã được khảm nạm trên trang bị đó.",3
30071608,<color=#D829FF>Chân Nguyên Huyền Công (Cấp 8)</color>,ZhenYuan6_9,1,1,false,4,1,true,true,false,1,-1,-1,,-1,Chân Nguyên,"Viên chân nguyên quý hiếm, gắn lên trang bị sẽ gia tăng <color=#FFFF00>thuộc tính</color> vốn có của <color=#00FF00>trang bị</color> cũng như thuộc tính tăng cường của <color=#00FF00>bảo thạch</color> đã được khảm nạm trên trang bị đó.",3
30071609,<color=#D829FF>Chân Nguyên Huyền Công (Cấp 9)</color>,ZhenYuan6_9,1,1,false,4,1,true,true,false,1,-1,-1,,-1,Chân Nguyên,"Viên chân nguyên quý hiếm, gắn lên trang bị sẽ gia tăng <color=#FFFF00>thuộc tính</color> vốn có của <color=#00FF00>trang bị</color> cũng như thuộc tính tăng cường của <color=#00FF00>bảo thạch</color> đã được khảm nạm trên trang bị đó.",3
30071610,<color=#D829FF>Chân Nguyên Huyền Công (Cấp 10)</color>,ZhenYuan6_9,1,1,false,4,1,true,true,false,1,-1,-1,,-1,Chân Nguyên,"Viên chân nguyên quý hiếm, gắn lên trang bị sẽ gia tăng <color=#FFFF00>thuộc tính</color> vốn có của <color=#00FF00>trang bị</color> cũng như thuộc tính tăng cường của <color=#00FF00>bảo thạch</color> đã được khảm nạm trên trang bị đó.",3
30071611,<color=#FF8B0F>Chân Nguyên Huyền Công (Cấp 1)</color>,ZhenYuan6_10,1,1,false,4,1,true,true,false,1,-1,-1,,-1,Chân Nguyên,"Viên chân nguyên quý hiếm, gắn lên trang bị sẽ gia tăng <color=#FFFF00>thuộc tính</color> vốn có của <color=#00FF00>trang bị</color> cũng như thuộc tính tăng cường của <color=#00FF00>bảo thạch</color> đã được khảm nạm trên trang bị đó.",3
30071612,<color=#FF8B0F>Chân Nguyên Huyền Công (Cấp 2)</color>,ZhenYuan6_10,1,1,false,4,1,true,true,false,1,-1,-1,,-1,Chân Nguyên,"Viên chân nguyên quý hiếm, gắn lên trang bị sẽ gia tăng <color=#FFFF00>thuộc tính</color> vốn có của <color=#00FF00>trang bị</color> cũng như thuộc tính tăng cường của <color=#00FF00>bảo thạch</color> đã được khảm nạm trên trang bị đó.",3
30071613,<color=#FF8B0F>Chân Nguyên Huyền Công (Cấp 3)</color>,ZhenYuan6_10,1,1,false,4,1,true,true,false,1,-1,-1,,-1,Chân Nguyên,"Viên chân nguyên quý hiếm, gắn lên trang bị sẽ gia tăng <color=#FFFF00>thuộc tính</color> vốn có của <color=#00FF00>trang bị</color> cũng như thuộc tính tăng cường của <color=#00FF00>bảo thạch</color> đã được khảm nạm trên trang bị đó.",3
30071614,<color=#FF8B0F>Chân Nguyên Huyền Công (Cấp 4)</color>,ZhenYuan6_10,1,1,false,4,1,true,true,false,1,-1,-1,,-1,Chân Nguyên,"Viên chân nguyên quý hiếm, gắn lên trang bị sẽ gia tăng <color=#FFFF00>thuộc tính</color> vốn có của <color=#00FF00>trang bị</color> cũng như thuộc tính tăng cường của <color=#00FF00>bảo thạch</color> đã được khảm nạm trên trang bị đó.",3
30071615,<color=#FF8B0F>Chân Nguyên Huyền Công (Cấp 5)</color>,ZhenYuan6_10,1,1,false,4,1,true,true,false,1,-1,-1,,-1,Chân Nguyên,"Viên chân nguyên quý hiếm, gắn lên trang bị sẽ gia tăng <color=#FFFF00>thuộc tính</color> vốn có của <color=#00FF00>trang bị</color> cũng như thuộc tính tăng cường của <color=#00FF00>bảo thạch</color> đã được khảm nạm trên trang bị đó.",3
30071616,<color=#FF8B0F>Chân Nguyên Huyền Công (Cấp 6)</color>,ZhenYuan6_10,1,1,false,4,1,true,true,false,1,-1,-1,,-1,Chân Nguyên,"Viên chân nguyên quý hiếm, gắn lên trang bị sẽ gia tăng <color=#FFFF00>thuộc tính</color> vốn có của <color=#00FF00>trang bị</color> cũng như thuộc tính tăng cường của <color=#00FF00>bảo thạch</color> đã được khảm nạm trên trang bị đó.",3
30071617,<color=#FF8B0F>Chân Nguyên Huyền Công (Cấp 7)</color>,ZhenYuan6_10,1,1,false,4,1,true,true,false,1,-1,-1,,-1,Chân Nguyên,"Viên chân nguyên quý hiếm, gắn lên trang bị sẽ gia tăng <color=#FFFF00>thuộc tính</color> vốn có của <color=#00FF00>trang bị</color> cũng như thuộc tính tăng cường của <color=#00FF00>bảo thạch</color> đã được khảm nạm trên trang bị đó.",3
30071618,<color=#FF8B0F>Chân Nguyên Huyền Công (Cấp 8)</color>,ZhenYuan6_10,1,1,false,4,1,true,true,false,1,-1,-1,,-1,Chân Nguyên,"Viên chân nguyên quý hiếm, gắn lên trang bị sẽ gia tăng <color=#FFFF00>thuộc tính</color> vốn có của <color=#00FF00>trang bị</color> cũng như thuộc tính tăng cường của <color=#00FF00>bảo thạch</color> đã được khảm nạm trên trang bị đó.",3
30071619,<color=#FF8B0F>Chân Nguyên Huyền Công (Cấp 9)</color>,ZhenYuan6_10,1,1,false,4,1,true,true,false,1,-1,-1,,-1,Chân Nguyên,"Viên chân nguyên quý hiếm, gắn lên trang bị sẽ gia tăng <color=#FFFF00>thuộc tính</color> vốn có của <color=#00FF00>trang bị</color> cũng như thuộc tính tăng cường của <color=#00FF00>bảo thạch</color> đã được khảm nạm trên trang bị đó.",3
30071620,<color=#FF8B0F>Chân Nguyên Huyền Công (Cấp 10)</color>,ZhenYuan6_10,1,1,false,4,1,true,true,false,1,-1,-1,,-1,Chân Nguyên,"Viên chân nguyên quý hiếm, gắn lên trang bị sẽ gia tăng <color=#FFFF00>thuộc tính</color> vốn có của <color=#00FF00>trang bị</color> cũng như thuộc tính tăng cường của <color=#00FF00>bảo thạch</color> đã được khảm nạm trên trang bị đó.",3
30071621,<color=#FFFF00>Chân Nguyên Huyền Công (Cấp 1)</color>,ZhenYuanGold1_10,1,1,false,4,1,true,true,false,1,-1,-1,,-1,Chân Nguyên,"Viên chân nguyên quý hiếm, gắn lên trang bị sẽ gia tăng <color=#FFFF00>thuộc tính</color> vốn có của <color=#00FF00>trang bị</color> cũng như thuộc tính tăng cường của <color=#00FF00>bảo thạch</color> đã được khảm nạm trên trang bị đó.",3
30071622,<color=#FFFF00>Chân Nguyên Huyền Công (Cấp 2)</color>,ZhenYuanGold1_10,1,1,false,4,1,true,true,false,1,-1,-1,,-1,Chân Nguyên,"Viên chân nguyên quý hiếm, gắn lên trang bị sẽ gia tăng <color=#FFFF00>thuộc tính</color> vốn có của <color=#00FF00>trang bị</color> cũng như thuộc tính tăng cường của <color=#00FF00>bảo thạch</color> đã được khảm nạm trên trang bị đó.",3
30071623,<color=#FFFF00>Chân Nguyên Huyền Công (Cấp 3)</color>,ZhenYuanGold1_10,1,1,false,4,1,true,true,false,1,-1,-1,,-1,Chân Nguyên,"Viên chân nguyên quý hiếm, gắn lên trang bị sẽ gia tăng <color=#FFFF00>thuộc tính</color> vốn có của <color=#00FF00>trang bị</color> cũng như thuộc tính tăng cường của <color=#00FF00>bảo thạch</color> đã được khảm nạm trên trang bị đó.",3
30071624,<color=#FFFF00>Chân Nguyên Huyền Công (Cấp 4)</color>,ZhenYuanGold1_10,1,1,false,4,1,true,true,false,1,-1,-1,,-1,Chân Nguyên,"Viên chân nguyên quý hiếm, gắn lên trang bị sẽ gia tăng <color=#FFFF00>thuộc tính</color> vốn có của <color=#00FF00>trang bị</color> cũng như thuộc tính tăng cường của <color=#00FF00>bảo thạch</color> đã được khảm nạm trên trang bị đó.",3
30071625,<color=#FFFF00>Chân Nguyên Huyền Công (Cấp 5)</color>,ZhenYuanGold1_10,1,1,false,4,1,true,true,false,1,-1,-1,,-1,Chân Nguyên,"Viên chân nguyên quý hiếm, gắn lên trang bị sẽ gia tăng <color=#FFFF00>thuộc tính</color> vốn có của <color=#00FF00>trang bị</color> cũng như thuộc tính tăng cường của <color=#00FF00>bảo thạch</color> đã được khảm nạm trên trang bị đó.",3
30071626,<color=#FFFF00>Chân Nguyên Huyền Công (Cấp 6)</color>,ZhenYuanGold1_10,1,1,false,4,1,true,true,false,1,-1,-1,,-1,Chân Nguyên,"Viên chân nguyên quý hiếm, gắn lên trang bị sẽ gia tăng <color=#FFFF00>thuộc tính</color> vốn có của <color=#00FF00>trang bị</color> cũng như thuộc tính tăng cường của <color=#00FF00>bảo thạch</color> đã được khảm nạm trên trang bị đó.",3
30071627,<color=#FFFF00>Chân Nguyên Huyền Công (Cấp 7)</color>,ZhenYuanGold1_10,1,1,false,4,1,true,true,false,1,-1,-1,,-1,Chân Nguyên,"Viên chân nguyên quý hiếm, gắn lên trang bị sẽ gia tăng <color=#FFFF00>thuộc tính</color> vốn có của <color=#00FF00>trang bị</color> cũng như thuộc tính tăng cường của <color=#00FF00>bảo thạch</color> đã được khảm nạm trên trang bị đó.",3
30071628,<color=#FFFF00>Chân Nguyên Huyền Công (Cấp 8)</color>,ZhenYuanGold1_10,1,1,false,4,1,true,true,false,1,-1,-1,,-1,Chân Nguyên,"Viên chân nguyên quý hiếm, gắn lên trang bị sẽ gia tăng <color=#FFFF00>thuộc tính</color> vốn có của <color=#00FF00>trang bị</color> cũng như thuộc tính tăng cường của <color=#00FF00>bảo thạch</color> đã được khảm nạm trên trang bị đó.",3
30071629,<color=#FFFF00>Chân Nguyên Huyền Công (Cấp 9)</color>,ZhenYuanGold1_10,1,1,false,4,1,true,true,false,1,-1,-1,,-1,Chân Nguyên,"Viên chân nguyên quý hiếm, gắn lên trang bị sẽ gia tăng <color=#FFFF00>thuộc tính</color> vốn có của <color=#00FF00>trang bị</color> cũng như thuộc tính tăng cường của <color=#00FF00>bảo thạch</color> đã được khảm nạm trên trang bị đó.",3
30071630,<color=#FFFF00>Chân Nguyên Huyền Công (Cấp 10)</color>,ZhenYuanGold1_10,1,1,false,4,1,true,true,false,1,-1,-1,,-1,Chân Nguyên,"Viên chân nguyên quý hiếm, gắn lên trang bị sẽ gia tăng <color=#FFFF00>thuộc tính</color> vốn có của <color=#00FF00>trang bị</color> cũng như thuộc tính tăng cường của <color=#00FF00>bảo thạch</color> đã được khảm nạm trên trang bị đó.",3
30071631,<color=#FFFFFF>Chân Nguyên Độc Công (Cấp 1)</color>,ZhenYuan6_11,1,1,false,4,1,true,true,false,1,-1,-1,,-1,Chân Nguyên,"Viên chân nguyên quý hiếm, gắn lên trang bị sẽ gia tăng <color=#FFFF00>thuộc tính</color> vốn có của <color=#00FF00>trang bị</color> cũng như thuộc tính tăng cường của <color=#00FF00>bảo thạch</color> đã được khảm nạm trên trang bị đó.",3
30071632,<color=#FFFFFF>Chân Nguyên Độc Công (Cấp 2)</color>,ZhenYuan6_11,1,1,false,4,1,true,true,false,1,-1,-1,,-1,Chân Nguyên,"Viên chân nguyên quý hiếm, gắn lên trang bị sẽ gia tăng <color=#FFFF00>thuộc tính</color> vốn có của <color=#00FF00>trang bị</color> cũng như thuộc tính tăng cường của <color=#00FF00>bảo thạch</color> đã được khảm nạm trên trang bị đó.",3
30071633,<color=#FFFFFF>Chân Nguyên Độc Công (Cấp 3)</color>,ZhenYuan6_11,1,1,false,4,1,true,true,false,1,-1,-1,,-1,Chân Nguyên,"Viên chân nguyên quý hiếm, gắn lên trang bị sẽ gia tăng <color=#FFFF00>thuộc tính</color> vốn có của <color=#00FF00>trang bị</color> cũng như thuộc tính tăng cường của <color=#00FF00>bảo thạch</color> đã được khảm nạm trên trang bị đó.",3
30071634,<color=#FFFFFF>Chân Nguyên Độc Công (Cấp 4)</color>,ZhenYuan6_11,1,1,false,4,1,true,true,false,1,-1,-1,,-1,Chân Nguyên,"Viên chân nguyên quý hiếm, gắn lên trang bị sẽ gia tăng <color=#FFFF00>thuộc tính</color> vốn có của <color=#00FF00>trang bị</color> cũng như thuộc tính tăng cường của <color=#00FF00>bảo thạch</color> đã được khảm nạm trên trang bị đó.",3
30071635,<color=#FFFFFF>Chân Nguyên Độc Công (Cấp 5)</color>,ZhenYuan6_11,1,1,false,4,1,true,true,false,1,-1,-1,,-1,Chân Nguyên,"Viên chân nguyên quý hiếm, gắn lên trang bị sẽ gia tăng <color=#FFFF00>thuộc tính</color> vốn có của <color=#00FF00>trang bị</color> cũng như thuộc tính tăng cường của <color=#00FF00>bảo thạch</color> đã được khảm nạm trên trang bị đó.",3
30071636,<color=#FFFFFF>Chân Nguyên Độc Công (Cấp 6)</color>,ZhenYuan6_11,1,1,false,4,1,true,true,false,1,-1,-1,,-1,Chân Nguyên,"Viên chân nguyên quý hiếm, gắn lên trang bị sẽ gia tăng <color=#FFFF00>thuộc tính</color> vốn có của <color=#00FF00>trang bị</color> cũng như thuộc tính tăng cường của <color=#00FF00>bảo thạch</color> đã được khảm nạm trên trang bị đó.",3
30071637,<color=#FFFFFF>Chân Nguyên Độc Công (Cấp 7)</color>,ZhenYuan6_11,1,1,false,4,1,true,true,false,1,-1,-1,,-1,Chân Nguyên,"Viên chân nguyên quý hiếm, gắn lên trang bị sẽ gia tăng <color=#FFFF00>thuộc tính</color> vốn có của <color=#00FF00>trang bị</color> cũng như thuộc tính tăng cường của <color=#00FF00>bảo thạch</color> đã được khảm nạm trên trang bị đó.",3
30071638,<color=#FFFFFF>Chân Nguyên Độc Công (Cấp 8)</color>,ZhenYuan6_11,1,1,false,4,1,true,true,false,1,-1,-1,,-1,Chân Nguyên,"Viên chân nguyên quý hiếm, gắn lên trang bị sẽ gia tăng <color=#FFFF00>thuộc tính</color> vốn có của <color=#00FF00>trang bị</color> cũng như thuộc tính tăng cường của <color=#00FF00>bảo thạch</color> đã được khảm nạm trên trang bị đó.",3
30071639,<color=#FFFFFF>Chân Nguyên Độc Công (Cấp 9)</color>,ZhenYuan6_11,1,1,false,4,1,true,true,false,1,-1,-1,,-1,Chân Nguyên,"Viên chân nguyên quý hiếm, gắn lên trang bị sẽ gia tăng <color=#FFFF00>thuộc tính</color> vốn có của <color=#00FF00>trang bị</color> cũng như thuộc tính tăng cường của <color=#00FF00>bảo thạch</color> đã được khảm nạm trên trang bị đó.",3
30071640,<color=#FFFFFF>Chân Nguyên Độc Công (Cấp 10)</color>,ZhenYuan6_11,1,1,false,4,1,true,true,false,1,-1,-1,,-1,Chân Nguyên,"Viên chân nguyên quý hiếm, gắn lên trang bị sẽ gia tăng <color=#FFFF00>thuộc tính</color> vốn có của <color=#00FF00>trang bị</color> cũng như thuộc tính tăng cường của <color=#00FF00>bảo thạch</color> đã được khảm nạm trên trang bị đó.",3
30071641,<color=#00FF00>Chân Nguyên Độc Công (Cấp 1)</color>,ZhenYuan6_12,1,1,false,4,1,true,true,false,1,-1,-1,,-1,Chân Nguyên,"Viên chân nguyên quý hiếm, gắn lên trang bị sẽ gia tăng <color=#FFFF00>thuộc tính</color> vốn có của <color=#00FF00>trang bị</color> cũng như thuộc tính tăng cường của <color=#00FF00>bảo thạch</color> đã được khảm nạm trên trang bị đó.",3
30071642,<color=#00FF00>Chân Nguyên Độc Công (Cấp 2)</color>,ZhenYuan6_12,1,1,false,4,1,true,true,false,1,-1,-1,,-1,Chân Nguyên,"Viên chân nguyên quý hiếm, gắn lên trang bị sẽ gia tăng <color=#FFFF00>thuộc tính</color> vốn có của <color=#00FF00>trang bị</color> cũng như thuộc tính tăng cường của <color=#00FF00>bảo thạch</color> đã được khảm nạm trên trang bị đó.",3
30071643,<color=#00FF00>Chân Nguyên Độc Công (Cấp 3)</color>,ZhenYuan6_12,1,1,false,4,1,true,true,false,1,-1,-1,,-1,Chân Nguyên,"Viên chân nguyên quý hiếm, gắn lên trang bị sẽ gia tăng <color=#FFFF00>thuộc tính</color> vốn có của <color=#00FF00>trang bị</color> cũng như thuộc tính tăng cường của <color=#00FF00>bảo thạch</color> đã được khảm nạm trên trang bị đó.",3
30071644,<color=#00FF00>Chân Nguyên Độc Công (Cấp 4)</color>,ZhenYuan6_12,1,1,false,4,1,true,true,false,1,-1,-1,,-1,Chân Nguyên,"Viên chân nguyên quý hiếm, gắn lên trang bị sẽ gia tăng <color=#FFFF00>thuộc tính</color> vốn có của <color=#00FF00>trang bị</color> cũng như thuộc tính tăng cường của <color=#00FF00>bảo thạch</color> đã được khảm nạm trên trang bị đó.",3
30071645,<color=#00FF00>Chân Nguyên Độc Công (Cấp 5)</color>,ZhenYuan6_12,1,1,false,4,1,true,true,false,1,-1,-1,,-1,Chân Nguyên,"Viên chân nguyên quý hiếm, gắn lên trang bị sẽ gia tăng <color=#FFFF00>thuộc tính</color> vốn có của <color=#00FF00>trang bị</color> cũng như thuộc tính tăng cường của <color=#00FF00>bảo thạch</color> đã được khảm nạm trên trang bị đó.",3
30071646,<color=#00FF00>Chân Nguyên Độc Công (Cấp 6)</color>,ZhenYuan6_12,1,1,false,4,1,true,true,false,1,-1,-1,,-1,Chân Nguyên,"Viên chân nguyên quý hiếm, gắn lên trang bị sẽ gia tăng <color=#FFFF00>thuộc tính</color> vốn có của <color=#00FF00>trang bị</color> cũng như thuộc tính tăng cường của <color=#00FF00>bảo thạch</color> đã được khảm nạm trên trang bị đó.",3
30071647,<color=#00FF00>Chân Nguyên Độc Công (Cấp 7)</color>,ZhenYuan6_12,1,1,false,4,1,true,true,false,1,-1,-1,,-1,Chân Nguyên,"Viên chân nguyên quý hiếm, gắn lên trang bị sẽ gia tăng <color=#FFFF00>thuộc tính</color> vốn có của <color=#00FF00>trang bị</color> cũng như thuộc tính tăng cường của <color=#00FF00>bảo thạch</color> đã được khảm nạm trên trang bị đó.",3
30071648,<color=#00FF00>Chân Nguyên Độc Công (Cấp 8)</color>,ZhenYuan6_12,1,1,false,4,1,true,true,false,1,-1,-1,,-1,Chân Nguyên,"Viên chân nguyên quý hiếm, gắn lên trang bị sẽ gia tăng <color=#FFFF00>thuộc tính</color> vốn có của <color=#00FF00>trang bị</color> cũng như thuộc tính tăng cường của <color=#00FF00>bảo thạch</color> đã được khảm nạm trên trang bị đó.",3
30071649,<color=#00FF00>Chân Nguyên Độc Công (Cấp 9)</color>,ZhenYuan6_12,1,1,false,4,1,true,true,false,1,-1,-1,,-1,Chân Nguyên,"Viên chân nguyên quý hiếm, gắn lên trang bị sẽ gia tăng <color=#FFFF00>thuộc tính</color> vốn có của <color=#00FF00>trang bị</color> cũng như thuộc tính tăng cường của <color=#00FF00>bảo thạch</color> đã được khảm nạm trên trang bị đó.",3
30071650,<color=#00FF00>Chân Nguyên Độc Công (Cấp 10)</color>,ZhenYuan6_12,1,1,false,4,1,true,true,false,1,-1,-1,,-1,Chân Nguyên,"Viên chân nguyên quý hiếm, gắn lên trang bị sẽ gia tăng <color=#FFFF00>thuộc tính</color> vốn có của <color=#00FF00>trang bị</color> cũng như thuộc tính tăng cường của <color=#00FF00>bảo thạch</color> đã được khảm nạm trên trang bị đó.",3
30071651,<color=#1A9FFF>Chân Nguyên Độc Công (Cấp 1)</color>,ZhenYuan6_13,1,1,false,4,1,true,true,false,1,-1,-1,,-1,Chân Nguyên,"Viên chân nguyên quý hiếm, gắn lên trang bị sẽ gia tăng <color=#FFFF00>thuộc tính</color> vốn có của <color=#00FF00>trang bị</color> cũng như thuộc tính tăng cường của <color=#00FF00>bảo thạch</color> đã được khảm nạm trên trang bị đó.",3
30071652,<color=#1A9FFF>Chân Nguyên Độc Công (Cấp 2)</color>,ZhenYuan6_13,1,1,false,4,1,true,true,false,1,-1,-1,,-1,Chân Nguyên,"Viên chân nguyên quý hiếm, gắn lên trang bị sẽ gia tăng <color=#FFFF00>thuộc tính</color> vốn có của <color=#00FF00>trang bị</color> cũng như thuộc tính tăng cường của <color=#00FF00>bảo thạch</color> đã được khảm nạm trên trang bị đó.",3
30071653,<color=#1A9FFF>Chân Nguyên Độc Công (Cấp 3)</color>,ZhenYuan6_13,1,1,false,4,1,true,true,false,1,-1,-1,,-1,Chân Nguyên,"Viên chân nguyên quý hiếm, gắn lên trang bị sẽ gia tăng <color=#FFFF00>thuộc tính</color> vốn có của <color=#00FF00>trang bị</color> cũng như thuộc tính tăng cường của <color=#00FF00>bảo thạch</color> đã được khảm nạm trên trang bị đó.",3
30071654,<color=#1A9FFF>Chân Nguyên Độc Công (Cấp 4)</color>,ZhenYuan6_13,1,1,false,4,1,true,true,false,1,-1,-1,,-1,Chân Nguyên,"Viên chân nguyên quý hiếm, gắn lên trang bị sẽ gia tăng <color=#FFFF00>thuộc tính</color> vốn có của <color=#00FF00>trang bị</color> cũng như thuộc tính tăng cường của <color=#00FF00>bảo thạch</color> đã được khảm nạm trên trang bị đó.",3
30071655,<color=#1A9FFF>Chân Nguyên Độc Công (Cấp 5)</color>,ZhenYuan6_13,1,1,false,4,1,true,true,false,1,-1,-1,,-1,Chân Nguyên,"Viên chân nguyên quý hiếm, gắn lên trang bị sẽ gia tăng <color=#FFFF00>thuộc tính</color> vốn có của <color=#00FF00>trang bị</color> cũng như thuộc tính tăng cường của <color=#00FF00>bảo thạch</color> đã được khảm nạm trên trang bị đó.",3
30071656,<color=#1A9FFF>Chân Nguyên Độc Công (Cấp 6)</color>,ZhenYuan6_13,1,1,false,4,1,true,true,false,1,-1,-1,,-1,Chân Nguyên,"Viên chân nguyên quý hiếm, gắn lên trang bị sẽ gia tăng <color=#FFFF00>thuộc tính</color> vốn có của <color=#00FF00>trang bị</color> cũng như thuộc tính tăng cường của <color=#00FF00>bảo thạch</color> đã được khảm nạm trên trang bị đó.",3
30071657,<color=#1A9FFF>Chân Nguyên Độc Công (Cấp 7)</color>,ZhenYuan6_13,1,1,false,4,1,true,true,false,1,-1,-1,,-1,Chân Nguyên,"Viên chân nguyên quý hiếm, gắn lên trang bị sẽ gia tăng <color=#FFFF00>thuộc tính</color> vốn có của <color=#00FF00>trang bị</color> cũng như thuộc tính tăng cường của <color=#00FF00>bảo thạch</color> đã được khảm nạm trên trang bị đó.",3
30071658,<color=#1A9FFF>Chân Nguyên Độc Công (Cấp 8)</color>,ZhenYuan6_13,1,1,false,4,1,true,true,false,1,-1,-1,,-1,Chân Nguyên,"Viên chân nguyên quý hiếm, gắn lên trang bị sẽ gia tăng <color=#FFFF00>thuộc tính</color> vốn có của <color=#00FF00>trang bị</color> cũng như thuộc tính tăng cường của <color=#00FF00>bảo thạch</color> đã được khảm nạm trên trang bị đó.",3
30071659,<color=#1A9FFF>Chân Nguyên Độc Công (Cấp 9)</color>,ZhenYuan6_13,1,1,false,4,1,true,true,false,1,-1,-1,,-1,Chân Nguyên,"Viên chân nguyên quý hiếm, gắn lên trang bị sẽ gia tăng <color=#FFFF00>thuộc tính</color> vốn có của <color=#00FF00>trang bị</color> cũng như thuộc tính tăng cường của <color=#00FF00>bảo thạch</color> đã được khảm nạm trên trang bị đó.",3
30071660,<color=#1A9FFF>Chân Nguyên Độc Công (Cấp 10)</color>,ZhenYuan6_13,1,1,false,4,1,true,true,false,1,-1,-1,,-1,Chân Nguyên,"Viên chân nguyên quý hiếm, gắn lên trang bị sẽ gia tăng <color=#FFFF00>thuộc tính</color> vốn có của <color=#00FF00>trang bị</color> cũng như thuộc tính tăng cường của <color=#00FF00>bảo thạch</color> đã được khảm nạm trên trang bị đó.",3
30071661,<color=#D829FF>Chân Nguyên Độc Công (Cấp 1)</color>,ZhenYuan6_14,1,1,false,4,1,true,true,false,1,-1,-1,,-1,Chân Nguyên,"Viên chân nguyên quý hiếm, gắn lên trang bị sẽ gia tăng <color=#FFFF00>thuộc tính</color> vốn có của <color=#00FF00>trang bị</color> cũng như thuộc tính tăng cường của <color=#00FF00>bảo thạch</color> đã được khảm nạm trên trang bị đó.",3
30071662,<color=#D829FF>Chân Nguyên Độc Công (Cấp 2)</color>,ZhenYuan6_14,1,1,false,4,1,true,true,false,1,-1,-1,,-1,Chân Nguyên,"Viên chân nguyên quý hiếm, gắn lên trang bị sẽ gia tăng <color=#FFFF00>thuộc tính</color> vốn có của <color=#00FF00>trang bị</color> cũng như thuộc tính tăng cường của <color=#00FF00>bảo thạch</color> đã được khảm nạm trên trang bị đó.",3
30071663,<color=#D829FF>Chân Nguyên Độc Công (Cấp 3)</color>,ZhenYuan6_14,1,1,false,4,1,true,true,false,1,-1,-1,,-1,Chân Nguyên,"Viên chân nguyên quý hiếm, gắn lên trang bị sẽ gia tăng <color=#FFFF00>thuộc tính</color> vốn có của <color=#00FF00>trang bị</color> cũng như thuộc tính tăng cường của <color=#00FF00>bảo thạch</color> đã được khảm nạm trên trang bị đó.",3
30071664,<color=#D829FF>Chân Nguyên Độc Công (Cấp 4)</color>,ZhenYuan6_14,1,1,false,4,1,true,true,false,1,-1,-1,,-1,Chân Nguyên,"Viên chân nguyên quý hiếm, gắn lên trang bị sẽ gia tăng <color=#FFFF00>thuộc tính</color> vốn có của <color=#00FF00>trang bị</color> cũng như thuộc tính tăng cường của <color=#00FF00>bảo thạch</color> đã được khảm nạm trên trang bị đó.",3
30071665,<color=#D829FF>Chân Nguyên Độc Công (Cấp 5)</color>,ZhenYuan6_14,1,1,false,4,1,true,true,false,1,-1,-1,,-1,Chân Nguyên,"Viên chân nguyên quý hiếm, gắn lên trang bị sẽ gia tăng <color=#FFFF00>thuộc tính</color> vốn có của <color=#00FF00>trang bị</color> cũng như thuộc tính tăng cường của <color=#00FF00>bảo thạch</color> đã được khảm nạm trên trang bị đó.",3
30071666,<color=#D829FF>Chân Nguyên Độc Công (Cấp 6)</color>,ZhenYuan6_14,1,1,false,4,1,true,true,false,1,-1,-1,,-1,Chân Nguyên,"Viên chân nguyên quý hiếm, gắn lên trang bị sẽ gia tăng <color=#FFFF00>thuộc tính</color> vốn có của <color=#00FF00>trang bị</color> cũng như thuộc tính tăng cường của <color=#00FF00>bảo thạch</color> đã được khảm nạm trên trang bị đó.",3
30071667,<color=#D829FF>Chân Nguyên Độc Công (Cấp 7)</color>,ZhenYuan6_14,1,1,false,4,1,true,true,false,1,-1,-1,,-1,Chân Nguyên,"Viên chân nguyên quý hiếm, gắn lên trang bị sẽ gia tăng <color=#FFFF00>thuộc tính</color> vốn có của <color=#00FF00>trang bị</color> cũng như thuộc tính tăng cường của <color=#00FF00>bảo thạch</color> đã được khảm nạm trên trang bị đó.",3
30071668,<color=#D829FF>Chân Nguyên Độc Công (Cấp 8)</color>,ZhenYuan6_14,1,1,false,4,1,true,true,false,1,-1,-1,,-1,Chân Nguyên,"Viên chân nguyên quý hiếm, gắn lên trang bị sẽ gia tăng <color=#FFFF00>thuộc tính</color> vốn có của <color=#00FF00>trang bị</color> cũng như thuộc tính tăng cường của <color=#00FF00>bảo thạch</color> đã được khảm nạm trên trang bị đó.",3
30071669,<color=#D829FF>Chân Nguyên Độc Công (Cấp 9)</color>,ZhenYuan6_14,1,1,false,4,1,true,true,false,1,-1,-1,,-1,Chân Nguyên,"Viên chân nguyên quý hiếm, gắn lên trang bị sẽ gia tăng <color=#FFFF00>thuộc tính</color> vốn có của <color=#00FF00>trang bị</color> cũng như thuộc tính tăng cường của <color=#00FF00>bảo thạch</color> đã được khảm nạm trên trang bị đó.",3
30071670,<color=#D829FF>Chân Nguyên Độc Công (Cấp 10)</color>,ZhenYuan6_14,1,1,false,4,1,true,true,false,1,-1,-1,,-1,Chân Nguyên,"Viên chân nguyên quý hiếm, gắn lên trang bị sẽ gia tăng <color=#FFFF00>thuộc tính</color> vốn có của <color=#00FF00>trang bị</color> cũng như thuộc tính tăng cường của <color=#00FF00>bảo thạch</color> đã được khảm nạm trên trang bị đó.",3
30071671,<color=#FF8B0F>Chân Nguyên Độc Công (Cấp 1)</color>,ZhenYuan6_15,1,1,false,4,1,true,true,false,1,-1,-1,,-1,Chân Nguyên,"Viên chân nguyên quý hiếm, gắn lên trang bị sẽ gia tăng <color=#FFFF00>thuộc tính</color> vốn có của <color=#00FF00>trang bị</color> cũng như thuộc tính tăng cường của <color=#00FF00>bảo thạch</color> đã được khảm nạm trên trang bị đó.",3
30071672,<color=#FF8B0F>Chân Nguyên Độc Công (Cấp 2)</color>,ZhenYuan6_15,1,1,false,4,1,true,true,false,1,-1,-1,,-1,Chân Nguyên,"Viên chân nguyên quý hiếm, gắn lên trang bị sẽ gia tăng <color=#FFFF00>thuộc tính</color> vốn có của <color=#00FF00>trang bị</color> cũng như thuộc tính tăng cường của <color=#00FF00>bảo thạch</color> đã được khảm nạm trên trang bị đó.",3
30071673,<color=#FF8B0F>Chân Nguyên Độc Công (Cấp 3)</color>,ZhenYuan6_15,1,1,false,4,1,true,true,false,1,-1,-1,,-1,Chân Nguyên,"Viên chân nguyên quý hiếm, gắn lên trang bị sẽ gia tăng <color=#FFFF00>thuộc tính</color> vốn có của <color=#00FF00>trang bị</color> cũng như thuộc tính tăng cường của <color=#00FF00>bảo thạch</color> đã được khảm nạm trên trang bị đó.",3
30071674,<color=#FF8B0F>Chân Nguyên Độc Công (Cấp 4)</color>,ZhenYuan6_15,1,1,false,4,1,true,true,false,1,-1,-1,,-1,Chân Nguyên,"Viên chân nguyên quý hiếm, gắn lên trang bị sẽ gia tăng <color=#FFFF00>thuộc tính</color> vốn có của <color=#00FF00>trang bị</color> cũng như thuộc tính tăng cường của <color=#00FF00>bảo thạch</color> đã được khảm nạm trên trang bị đó.",3
30071675,<color=#FF8B0F>Chân Nguyên Độc Công (Cấp 5)</color>,ZhenYuan6_15,1,1,false,4,1,true,true,false,1,-1,-1,,-1,Chân Nguyên,"Viên chân nguyên quý hiếm, gắn lên trang bị sẽ gia tăng <color=#FFFF00>thuộc tính</color> vốn có của <color=#00FF00>trang bị</color> cũng như thuộc tính tăng cường của <color=#00FF00>bảo thạch</color> đã được khảm nạm trên trang bị đó.",3
30071676,<color=#FF8B0F>Chân Nguyên Độc Công (Cấp 6)</color>,ZhenYuan6_15,1,1,false,4,1,true,true,false,1,-1,-1,,-1,Chân Nguyên,"Viên chân nguyên quý hiếm, gắn lên trang bị sẽ gia tăng <color=#FFFF00>thuộc tính</color> vốn có của <color=#00FF00>trang bị</color> cũng như thuộc tính tăng cường của <color=#00FF00>bảo thạch</color> đã được khảm nạm trên trang bị đó.",3
30071677,<color=#FF8B0F>Chân Nguyên Độc Công (Cấp 7)</color>,ZhenYuan6_15,1,1,false,4,1,true,true,false,1,-1,-1,,-1,Chân Nguyên,"Viên chân nguyên quý hiếm, gắn lên trang bị sẽ gia tăng <color=#FFFF00>thuộc tính</color> vốn có của <color=#00FF00>trang bị</color> cũng như thuộc tính tăng cường của <color=#00FF00>bảo thạch</color> đã được khảm nạm trên trang bị đó.",3
30071678,<color=#FF8B0F>Chân Nguyên Độc Công (Cấp 8)</color>,ZhenYuan6_15,1,1,false,4,1,true,true,false,1,-1,-1,,-1,Chân Nguyên,"Viên chân nguyên quý hiếm, gắn lên trang bị sẽ gia tăng <color=#FFFF00>thuộc tính</color> vốn có của <color=#00FF00>trang bị</color> cũng như thuộc tính tăng cường của <color=#00FF00>bảo thạch</color> đã được khảm nạm trên trang bị đó.",3
30071679,<color=#FF8B0F>Chân Nguyên Độc Công (Cấp 9)</color>,ZhenYuan6_15,1,1,false,4,1,true,true,false,1,-1,-1,,-1,Chân Nguyên,"Viên chân nguyên quý hiếm, gắn lên trang bị sẽ gia tăng <color=#FFFF00>thuộc tính</color> vốn có của <color=#00FF00>trang bị</color> cũng như thuộc tính tăng cường của <color=#00FF00>bảo thạch</color> đã được khảm nạm trên trang bị đó.",3
30071680,<color=#FF8B0F>Chân Nguyên Độc Công (Cấp 10)</color>,ZhenYuan6_15,1,1,false,4,1,true,true,false,1,-1,-1,,-1,Chân Nguyên,"Viên chân nguyên quý hiếm, gắn lên trang bị sẽ gia tăng <color=#FFFF00>thuộc tính</color> vốn có của <color=#00FF00>trang bị</color> cũng như thuộc tính tăng cường của <color=#00FF00>bảo thạch</color> đã được khảm nạm trên trang bị đó.",3
30071681,<color=#FFFF00>Chân Nguyên Độc Công (Cấp 1)</color>,ZhenYuanGold1_15,1,1,false,4,1,true,true,false,1,-1,-1,,-1,Chân Nguyên,"Viên chân nguyên quý hiếm, gắn lên trang bị sẽ gia tăng <color=#FFFF00>thuộc tính</color> vốn có của <color=#00FF00>trang bị</color> cũng như thuộc tính tăng cường của <color=#00FF00>bảo thạch</color> đã được khảm nạm trên trang bị đó.",3
30071682,<color=#FFFF00>Chân Nguyên Độc Công (Cấp 2)</color>,ZhenYuanGold1_15,1,1,false,4,1,true,true,false,1,-1,-1,,-1,Chân Nguyên,"Viên chân nguyên quý hiếm, gắn lên trang bị sẽ gia tăng <color=#FFFF00>thuộc tính</color> vốn có của <color=#00FF00>trang bị</color> cũng như thuộc tính tăng cường của <color=#00FF00>bảo thạch</color> đã được khảm nạm trên trang bị đó.",3
30071683,<color=#FFFF00>Chân Nguyên Độc Công (Cấp 3)</color>,ZhenYuanGold1_15,1,1,false,4,1,true,true,false,1,-1,-1,,-1,Chân Nguyên,"Viên chân nguyên quý hiếm, gắn lên trang bị sẽ gia tăng <color=#FFFF00>thuộc tính</color> vốn có của <color=#00FF00>trang bị</color> cũng như thuộc tính tăng cường của <color=#00FF00>bảo thạch</color> đã được khảm nạm trên trang bị đó.",3
30071684,<color=#FFFF00>Chân Nguyên Độc Công (Cấp 4)</color>,ZhenYuanGold1_15,1,1,false,4,1,true,true,false,1,-1,-1,,-1,Chân Nguyên,"Viên chân nguyên quý hiếm, gắn lên trang bị sẽ gia tăng <color=#FFFF00>thuộc tính</color> vốn có của <color=#00FF00>trang bị</color> cũng như thuộc tính tăng cường của <color=#00FF00>bảo thạch</color> đã được khảm nạm trên trang bị đó.",3
30071685,<color=#FFFF00>Chân Nguyên Độc Công (Cấp 5)</color>,ZhenYuanGold1_15,1,1,false,4,1,true,true,false,1,-1,-1,,-1,Chân Nguyên,"Viên chân nguyên quý hiếm, gắn lên trang bị sẽ gia tăng <color=#FFFF00>thuộc tính</color> vốn có của <color=#00FF00>trang bị</color> cũng như thuộc tính tăng cường của <color=#00FF00>bảo thạch</color> đã được khảm nạm trên trang bị đó.",3
30071686,<color=#FFFF00>Chân Nguyên Độc Công (Cấp 6)</color>,ZhenYuanGold1_15,1,1,false,4,1,true,true,false,1,-1,-1,,-1,Chân Nguyên,"Viên chân nguyên quý hiếm, gắn lên trang bị sẽ gia tăng <color=#FFFF00>thuộc tính</color> vốn có của <color=#00FF00>trang bị</color> cũng như thuộc tính tăng cường của <color=#00FF00>bảo thạch</color> đã được khảm nạm trên trang bị đó.",3
30071687,<color=#FFFF00>Chân Nguyên Độc Công (Cấp 7)</color>,ZhenYuanGold1_15,1,1,false,4,1,true,true,false,1,-1,-1,,-1,Chân Nguyên,"Viên chân nguyên quý hiếm, gắn lên trang bị sẽ gia tăng <color=#FFFF00>thuộc tính</color> vốn có của <color=#00FF00>trang bị</color> cũng như thuộc tính tăng cường của <color=#00FF00>bảo thạch</color> đã được khảm nạm trên trang bị đó.",3
30071688,<color=#FFFF00>Chân Nguyên Độc Công (Cấp 8)</color>,ZhenYuanGold1_15,1,1,false,4,1,true,true,false,1,-1,-1,,-1,Chân Nguyên,"Viên chân nguyên quý hiếm, gắn lên trang bị sẽ gia tăng <color=#FFFF00>thuộc tính</color> vốn có của <color=#00FF00>trang bị</color> cũng như thuộc tính tăng cường của <color=#00FF00>bảo thạch</color> đã được khảm nạm trên trang bị đó.",3
30071689,<color=#FFFF00>Chân Nguyên Độc Công (Cấp 9)</color>,ZhenYuanGold1_15,1,1,false,4,1,true,true,false,1,-1,-1,,-1,Chân Nguyên,"Viên chân nguyên quý hiếm, gắn lên trang bị sẽ gia tăng <color=#FFFF00>thuộc tính</color> vốn có của <color=#00FF00>trang bị</color> cũng như thuộc tính tăng cường của <color=#00FF00>bảo thạch</color> đã được khảm nạm trên trang bị đó.",3
30071690,<color=#FFFF00>Chân Nguyên Độc Công (Cấp 10)</color>,ZhenYuanGold1_15,1,1,false,4,1,true,true,false,1,-1,-1,,-1,Chân Nguyên,"Viên chân nguyên quý hiếm, gắn lên trang bị sẽ gia tăng <color=#FFFF00>thuộc tính</color> vốn có của <color=#00FF00>trang bị</color> cũng như thuộc tính tăng cường của <color=#00FF00>bảo thạch</color> đã được khảm nạm trên trang bị đó.",3
30900004,Địa Sát cường hóa tinh hoa,Cloth3_4,1,1,true,4,1,true,true,false,15000,-1,-1,,-1,Vật liệu đặc thù,"Nguyên liệu cường hóa trang bị phổ thông (Vũ Khí, Hộ Uyển, Giới Chỉ, Hộ Phù, Hạng Liên, Y Phục, Hộ Thủ, Mão, Hộ Kiên, Hài, Yêu Đai, Ám Khí, Long Văn, Lệnh Bài, Hào Hiệp Ấn), sử dụng để cường hóa trang bị dưới cấp 40, tối đa cường hóa đến cấp 9.",3
30900005,Thiên Cang cường hóa tinh hoa,Cloth3_3,2,1,true,4,1,true,true,false,15000,-1,-1,,-1,Vật liệu đặc thù,"Nguyên liệu cường hóa trang bị cao cấp (Vũ Khí, Hộ Uyển, Giới Chỉ, Hộ Phù, Hạng Liên, Y Phục, Hộ Thủ, Mão, Hộ Kiên, Hài, Yêu Đai, Ám Khí, Long Văn, Lệnh Bài, Hào Hiệp Ấn), sử dụng để cường hóa trang bị từ cấp 40 trở lên, tối đa cường hóa đến cấp 9.",3
30900006,Chí Tôn cường hóa tinh hoa,CircularTaskTool47_12,2,1,true,4,1,true,true,false,15000,-1,-1,,-1,Vật liệu đặc thù,"Nguyên liệu cường hóa trang bị cực hạn (Vũ Khí, Hộ Uyển, Giới Chỉ, Hộ Phù, Hạng Liên, Y Phục, Hộ Thủ, Mão, Hộ Kiên, Hài, Yêu Đai, Ám Khí, Long Văn, Lệnh Bài, Hào Hiệp Ấn), sử dụng để cường hóa trang bị cực hạn cường hóa từ cấp 9 trở lên.",3
30900007,Kim Cương Sa,Treasure_13,1,1,true,4,1,true,true,false,15000,-1,-1,,-1,Đạo cụ đặc thù,"Loại đá cứng như thép, có thể dùng để giám định lại tư chất của trang bị (Vũ Khí, Hộ Uyển, Giới Chỉ, Hộ Phù, Hạng Liên, Y Phục, Hộ Thủ, Mão, Hộ Kiên, Hài, Yêu Đai, Ám Khí, Long Văn, Lệnh Bài, Hào Hiệp Ấn).",3
30900008,Nhuận Vật Lộ,TaskTools6_2,1,1,true,4,1,true,true,false,15000,-1,-1,,-1,Đạo cụ đặc thù,"Một loại dịch vô cùng quý hiếm, có thể gia tăng số lần sửa chữa trang bị chỉ định (không áp dụng với thần khí) lên 1.",3
30900009,Sơ cấp Bảo Thạch Tương Khảm Phù,Cloth3_5,1,1,true,4,1,true,true,false,15000,-1,-1,,-1,Vật liệu đặc thù,"Công thức phổ thông được sử dụng trong quá trình tương khảm bảo thạch vào trang bị. Quá trình có thể thất bại, bảo thạch có thể bị vỡ vụn, làm giảm <color=#00FF00>2 cấp</color> hoặc vỡ nát hoàn toàn với bảo thạch từ <color=#00FF00>2 cấp trở xuống</color>, có thể sử dụng kết hợp với <color=#fff71a>[Cực Suất Châu]</color>, khi thất bại, bảo thạch sẽ chỉ bị giảm <color=#00FF00>1 cấp</color>.<br><color=#FFCC00>Tỷ lệ khảm nạm thành công đạt 50%",3
30900010,Cao cấp Bảo Thạch Tương Khảm Phù,Cloth3_6,2,1,true,4,1,true,true,false,15000,-1,-1,,-1,Vật liệu đặc thù,Công thức quan trọng trong tương khảm bảo thạch vào trang bị. Quá trình tương khảm cao cấp luôn luôn thành công.<br><color=#FFCC00>Tỷ lệ khảm nạm thành công đạt 100%,3
30900011,Cực Suất Châu,Cloth2_15,1,1,true,4,1,true,true,false,15000,-1,-1,,-1,Vật liệu đặc thù,"Viên ngọc thần kỳ giúp giảm độ vỡ vụn của bảo thạch trong tương khảm phổ thông khi tương khảm thất bại.<br><color=#00FF00>Chỉ sử dụng trong quá trình tương khảm phổ thông khi thất bại, bảo thạch sẽ chỉ bị giảm <color=#00FF00>1 cấp</color>",3
30900013,Sơ cấp khắc danh phù,Charm3_1,1,1,true,4,1,true,true,false,15000,-1,-1,,-1,Vật liệu đặc thù,"Khắc danh phù phổ thông, sử dụng để tạc khắc trang bị (Vũ Khí, Hộ Uyển, Giới Chỉ, Hộ Phù, Hạng Liên, Y Phục, Hộ Thủ, Mão, Hộ Kiên, Hài, Yêu Đai, Ám Khí, Long Văn, Lệnh Bài, Hào Hiệp Ấn) dưới cấp 50, giúp tăng <color=#00ff00>10%</color> thuộc tính cơ bản của trang bị.",3
30900014,Cao cấp khắc danh phù,Charm3_2,2,1,true,4,1,true,true,false,15000,-1,-1,,-1,Vật liệu đặc thù,"Khắc danh phù cao cấp, sử dụng để tạc khắc trang bị (Vũ Khí, Hộ Uyển, Giới Chỉ, Hộ Phù, Hạng Liên, Y Phục, Hộ Thủ, Mão, Hộ Kiên, Hài, Yêu Đai, Ám Khí, Long Văn, Lệnh Bài, Hào Hiệp Ấn) từ cấp 50 trở lên, giúp tăng <color=#00ff00>10%</color> thuộc tính cơ bản của trang bị.",3
30900015,Sơ cấp Bảo Thạch hợp thành phù,Cloth3_7,1,1,true,4,1,true,true,false,15000,-1,-1,,-1,Vật liệu đặc thù,"Phù chú phổ thông, sử dụng trong hợp thành bảo thạch từ cấp 3 trở xuống. Tối đa 5 viên bảo thạch, mỗi viên tương đương 25% tỷ lệ thành công, thao tác yêu cầu tối thiểu 50% tỷ lệ thành công mới có thể thực hiện được. Hợp thành thất bại sẽ làm vỡ vụn toàn bộ bảo thạch nguyên liệu, không thể sử dụng thêm.",3
30900016,Cao cấp Bảo Thạch hợp thành phù,Cloth3_8,1,1,true,4,1,true,true,false,15000,-1,-1,,-1,Vật liệu đặc thù,"Phù chú phổ thông, sử dụng trong hợp thành bảo thạch từ cấp 4 trở lên. Tối đa 5 viên bảo thạch, mỗi viên tương đương 25% tỷ lệ thành công, thao tác yêu cầu tối thiểu 50% tỷ lệ thành công mới có thể thực hiện được. Hợp thành thất bại sẽ làm vỡ vụn toàn bộ bảo thạch nguyên liệu, không thể sử dụng thêm.",3
30900026,Bảo thạch điêu trác phù cấp 1,Scroll_7,1,1,true,4,1,true,true,false,15000,-1,-1,,-1,Vật liệu đặc thù,"Phù chú phổ thông, sử dụng để điêu trác Trí Tuệ Bảo Thạch thành một viên Thuần Tịnh Trí Tuệ Bảo Thạch cấp 1.",3
30900027,Bảo thạch điêu trác phù cấp 2,Scroll_7,2,1,true,4,1,true,true,false,15000,-1,-1,,-1,Vật liệu đặc thù,"Phù chú phổ thông, sử dụng để điêu trác Trí Tuệ Bảo Thạch thành một viên Thuần Tịnh Trí Tuệ Bảo Thạch cấp 2.",3
30900028,Bảo thạch điêu trác phù cấp 3,Scroll_7,3,1,true,4,1,true,true,false,15000,-1,-1,,-1,Vật liệu đặc thù,"Phù chú phổ thông, sử dụng để điêu trác Trí Tuệ Bảo Thạch thành một viên Thuần Tịnh Trí Tuệ Bảo Thạch cấp 3.",3
30900029,Bảo thạch điêu trác phù cấp 4,Scroll_7,4,1,true,4,1,true,true,false,15000,-1,-1,,-1,Vật liệu đặc thù,"Phù chú phổ thông, sử dụng để điêu trác Trí Tuệ Bảo Thạch thành một viên Thuần Tịnh Trí Tuệ Bảo Thạch cấp 4.",3
30900030,Bảo thạch điêu trác phù cấp 5,Scroll_8,5,1,true,4,1,true,true,false,15000,-1,-1,,-1,Vật liệu đặc thù,"Phù chú cao cấp, sử dụng để điêu trác Trí Tuệ Bảo Thạch thành một viên Thuần Tịnh Trí Tuệ Bảo Thạch cấp 5.",3
30900031,Bảo thạch điêu trác phù cấp 6,Scroll_8,6,1,true,4,1,true,true,false,15000,-1,-1,,-1,Vật liệu đặc thù,"Phù chú cao cấp, sử dụng để điêu trác Trí Tuệ Bảo Thạch thành một viên Thuần Tịnh Trí Tuệ Bảo Thạch cấp 6.",3
30900032,Bảo thạch điêu trác phù cấp 7,Scroll_8,7,1,true,4,1,true,true,false,15000,-1,-1,,-1,Vật liệu đặc thù,"Phù chú cao cấp, sử dụng để điêu trác Trí Tuệ Bảo Thạch thành một viên Thuần Tịnh Trí Tuệ Bảo Thạch cấp 7.",3
30900033,Bảo thạch điêu trác phù cấp 8,Scroll_8,8,1,true,4,1,true,true,false,15000,-1,-1,,-1,Vật liệu đặc thù,"Phù chú cao cấp, sử dụng để điêu trác Trí Tuệ Bảo Thạch thành một viên Thuần Tịnh Trí Tuệ Bảo Thạch cấp 8.",3
30900034,Bảo thạch điêu trác phù cấp 9,Scroll_8,9,1,true,4,1,true,true,false,15000,-1,-1,,-1,Vật liệu đặc thù,"Phù chú cao cấp, sử dụng để điêu trác Trí Tuệ Bảo Thạch thành một viên Thuần Tịnh Trí Tuệ Bảo Thạch cấp 9.",3
30900035,Sơ cấp Bảo Thạch trích trừ phù,Cloth2_16,1,1,true,4,1,true,true,false,15000,-1,-1,,-1,Vật liệu đặc thù,"Phù chú phổ thông, sử dụng để tháo gỡ bảo thạch đã khảm nạm khỏi trang bị, nhưng sẽ làm giảm cấp độ của bảo thạch đi 1 cấp (bảo thạch cấp 1 sẽ bị vỡ vụn không thể sử dụng được sau khi tháo), đồng thời bảo thạch sau khi tháo khỏi trang bị sẽ khóa.",3
30900036,Cao cấp Bảo Thạch trích trừ phù,Charm3_4,2,1,true,4,1,true,true,false,15000,-1,-1,,-1,Vật liệu đặc thù,"Phù chú cao cấp, sử dụng để tháo gỡ bảo thạch đã khảm nạm khỏi trang bị, cấp độ bảo thạch sau khi tháo sẽ giữ nguyên, đồng thời bảo thạch sau khi tháo khỏi trang bị sẽ khóa.",3
30900037,Sơ cấp Bảo Thạch dung luyện phù,CircularTaskTool7_14,1,1,true,4,1,true,true,false,15000,-1,-1,,-1,Vật liệu đặc thù,"Phù chú phổ thông, sử dụng kết hợp 3 viên Thuần Tịnh Trí Tuệ Bảo Thạch dung luyện thành một viên Minh Thạch cấp độ từ cấp 4 trở xuống.",3
30900038,Cao cấp Bảo Thạch dung luyện phù,CircularTaskTool7_15,2,1,true,4,1,true,true,false,15000,-1,-1,,-1,Vật liệu đặc thù,"Phù chú cao cấp, sử dụng kết hợp 3 viên Thuần Tịnh Trí Tuệ Bảo Thạch dung luyện thành một viên Minh Thạch cấp độ từ cấp 5 trở lên.",3
30900039,Bảo Thạch Đoái Hoán Phù (Cấp 1),CircularTaskTool9_13,1,1,true,4,1,true,true,false,15000,-1,-1,,-1,Vật liệu đặc thù,"Phù chú phổ thông, sử dụng có thể dùng 1 viên bảo thạch cấp 1 bất kỳ đổi thành bảo thạch cùng cấp khác tùy loại.",3
30900040,Bảo Thạch Đoái Hoán Phù (Cấp 2),CircularTaskTool9_13,1,1,true,4,1,true,true,false,15000,-1,-1,,-1,Vật liệu đặc thù,"Phù chú phổ thông, sử dụng có thể dùng 1 viên bảo thạch cấp 2 bất kỳ đổi thành bảo thạch cùng cấp khác tùy loại.",3
30900041,Bảo Thạch Đoái Hoán Phù (Cấp 3),CircularTaskTool9_13,1,1,true,4,1,true,true,false,15000,-1,-1,,-1,Vật liệu đặc thù,"Phù chú phổ thông, sử dụng có thể dùng 1 viên bảo thạch cấp 3 bất kỳ đổi thành bảo thạch cùng cấp khác tùy loại.",3
30900042,Bảo Thạch Đoái Hoán Phù (Cấp 4),CircularTaskTool9_13,1,1,true,4,1,true,true,false,15000,-1,-1,,-1,Vật liệu đặc thù,"Phù chú phổ thông, sử dụng có thể dùng 1 viên bảo thạch cấp 4 bất kỳ đổi thành bảo thạch cùng cấp khác tùy loại.",3
30900043,Bảo Thạch Đoái Hoán Phù (Cấp 5),CircularTaskTool9_13,1,1,true,4,1,true,true,false,15000,-1,-1,,-1,Vật liệu đặc thù,"Phù chú cao cấp, sử dụng có thể dùng 1 viên bảo thạch cấp 5 bất kỳ đổi thành bảo thạch cùng cấp khác tùy loại.",3
30900044,Bảo Thạch Đoái Hoán Phù (Cấp 6),CircularTaskTool9_13,1,1,true,4,1,true,true,false,15000,-1,-1,,-1,Vật liệu đặc thù,"Phù chú cao cấp, sử dụng có thể dùng 1 viên bảo thạch cấp 6 bất kỳ đổi thành bảo thạch cùng cấp khác tùy loại.",3
30900045,Bảo Thạch Đoái Hoán Phù (Cấp 7),CircularTaskTool9_13,1,1,true,4,1,true,true,false,15000,-1,-1,,-1,Vật liệu đặc thù,"Phù chú siêu cấp, sử dụng có thể dùng 1 viên bảo thạch cấp 7 bất kỳ đổi thành bảo thạch cùng cấp khác tùy loại.",3
30900046,Bảo Thạch Đoái Hoán Phù (Cấp 8),CircularTaskTool9_13,1,1,true,4,1,true,true,false,15000,-1,-1,,-1,Vật liệu đặc thù,"Phù chú siêu cấp, sử dụng có thể dùng 1 viên bảo thạch cấp 8 bất kỳ đổi thành bảo thạch cùng cấp khác tùy loại.",3
30900047,Bảo Thạch Đoái Hoán Phù (Cấp 9),CircularTaskTool9_13,1,1,true,4,1,true,true,false,15000,-1,-1,,-1,Vật liệu đặc thù,"Phù chú siêu cấp, sử dụng có thể dùng 1 viên bảo thạch cấp 9 bất kỳ đổi thành bảo thạch cùng cấp khác tùy loại.",3
30900048,Thuần Tịnh Đoái Hoán Phù (Cấp 1),CircularTaskTool9_14,1,1,true,4,1,true,true,false,15000,-1,-1,,-1,Vật liệu đặc thù,"Phù chú phổ thông, sử dụng có thể dùng 1 viên thuần tịnh bảo thạch cấp 1 bất kỳ đổi thành thuần tịnh bảo thạch cùng cấp khác tùy loại.",3
30900049,Thuần Tịnh Đoái Hoán Phù (Cấp 2),CircularTaskTool9_14,1,1,true,4,1,true,true,false,15000,-1,-1,,-1,Vật liệu đặc thù,"Phù chú phổ thông, sử dụng có thể dùng 1 viên thuần tịnh bảo thạch cấp 2 bất kỳ đổi thành thuần tịnh bảo thạch cùng cấp khác tùy loại.",3
30900050,Thuần Tịnh Đoái Hoán Phù (Cấp 3),CircularTaskTool9_14,1,1,true,4,1,true,true,false,15000,-1,-1,,-1,Vật liệu đặc thù,"Phù chú phổ thông, sử dụng có thể dùng 1 viên thuần tịnh bảo thạch cấp 3 bất kỳ đổi thành thuần tịnh bảo thạch cùng cấp khác tùy loại.",3
30900051,Thuần Tịnh Đoái Hoán Phù (Cấp 4),CircularTaskTool9_14,1,1,true,4,1,true,true,false,15000,-1,-1,,-1,Vật liệu đặc thù,"Phù chú phổ thông, sử dụng có thể dùng 1 viên thuần tịnh bảo thạch cấp 4 bất kỳ đổi thành thuần tịnh bảo thạch cùng cấp khác tùy loại.",3
30900052,Thuần Tịnh Đoái Hoán Phù (Cấp 5),CircularTaskTool9_14,1,1,true,4,1,true,true,false,15000,-1,-1,,-1,Vật liệu đặc thù,"Phù chú cao cấp, sử dụng có thể dùng 1 viên thuần tịnh bảo thạch cấp 5 bất kỳ đổi thành thuần tịnh bảo thạch cùng cấp khác tùy loại.",3
30900053,Thuần Tịnh Đoái Hoán Phù (Cấp 6),CircularTaskTool9_14,1,1,true,4,1,true,true,false,15000,-1,-1,,-1,Vật liệu đặc thù,"Phù chú cao cấp, sử dụng có thể dùng 1 viên thuần tịnh bảo thạch cấp 6 bất kỳ đổi thành thuần tịnh bảo thạch cùng cấp khác tùy loại.",3
30900054,Thuần Tịnh Đoái Hoán Phù (Cấp 7),CircularTaskTool9_14,1,1,true,4,1,true,true,false,15000,-1,-1,,-1,Vật liệu đặc thù,"Phù chú siêu cấp, sử dụng có thể dùng 1 viên thuần tịnh bảo thạch cấp 7 bất kỳ đổi thành thuần tịnh bảo thạch cùng cấp khác tùy loại.",3
30900055,Thuần Tịnh Đoái Hoán Phù (Cấp 8),CircularTaskTool9_14,1,1,true,4,1,true,true,false,15000,-1,-1,,-1,Vật liệu đặc thù,"Phù chú siêu cấp, sử dụng có thể dùng 1 viên thuần tịnh bảo thạch cấp 8 bất kỳ đổi thành thuần tịnh bảo thạch cùng cấp khác tùy loại.",3
30900056,Thuần Tịnh Đoái Hoán Phù (Cấp 9),CircularTaskTool9_14,1,1,true,4,1,true,true,false,15000,-1,-1,,-1,Vật liệu đặc thù,"Phù chú siêu cấp, sử dụng có thể dùng 1 viên thuần tịnh bảo thạch cấp 9 bất kỳ đổi thành thuần tịnh bảo thạch cùng cấp khác tùy loại.",3
30900057,Minh Thạch Đoái Hoán Phù (Cấp 1),CircularTaskTool9_12,1,1,true,4,1,true,true,false,15000,-1,-1,,-1,Vật liệu đặc thù,"Phù chú phổ thông, sử dụng có thể dùng 1 viên Minh Tinh bảo thạch cấp 1 bất kỳ đổi thành Minh Tinh bảo thạch cùng cấp khác tùy loại.",3
30900058,Minh Thạch Đoái Hoán Phù (Cấp 2),CircularTaskTool9_12,1,1,true,4,1,true,true,false,15000,-1,-1,,-1,Vật liệu đặc thù,"Phù chú phổ thông, sử dụng có thể dùng 1 viên Minh Tinh bảo thạch cấp 2 bất kỳ đổi thành Minh Tinh bảo thạch cùng cấp khác tùy loại.",3
30900059,Minh Thạch Đoái Hoán Phù (Cấp 3),CircularTaskTool9_12,1,1,true,4,1,true,true,false,15000,-1,-1,,-1,Vật liệu đặc thù,"Phù chú phổ thông, sử dụng có thể dùng 1 viên Minh Tinh bảo thạch cấp 3 bất kỳ đổi thành Minh Tinh bảo thạch cùng cấp khác tùy loại.",3
30900060,Minh Thạch Đoái Hoán Phù (Cấp 4),CircularTaskTool9_12,1,1,true,4,1,true,true,false,15000,-1,-1,,-1,Vật liệu đặc thù,"Phù chú phổ thông, sử dụng có thể dùng 1 viên Minh Tinh bảo thạch cấp 4 bất kỳ đổi thành Minh Tinh bảo thạch cùng cấp khác tùy loại.",3
30900061,Minh Thạch Đoái Hoán Phù (Cấp 5),CircularTaskTool9_12,1,1,true,4,1,true,true,false,15000,-1,-1,,-1,Vật liệu đặc thù,"Phù chú cao cấp, sử dụng có thể dùng 1 viên Minh Tinh bảo thạch cấp 5 bất kỳ đổi thành Minh Tinh bảo thạch cùng cấp khác tùy loại.",3
30900062,Minh Thạch Đoái Hoán Phù (Cấp 6),CircularTaskTool9_12,1,1,true,4,1,true,true,false,15000,-1,-1,,-1,Vật liệu đặc thù,"Phù chú cao cấp, sử dụng có thể dùng 1 viên Minh Tinh bảo thạch cấp 6 bất kỳ đổi thành Minh Tinh bảo thạch cùng cấp khác tùy loại.",3
30900063,Minh Thạch Đoái Hoán Phù (Cấp 7),CircularTaskTool9_12,1,1,true,4,1,true,true,false,15000,-1,-1,,-1,Vật liệu đặc thù,"Phù chú siêu cấp, sử dụng có thể dùng 1 viên Minh Tinh bảo thạch cấp 7 bất kỳ đổi thành Minh Tinh bảo thạch cùng cấp khác tùy loại.",3
30900064,Minh Thạch Đoái Hoán Phù (Cấp 8),CircularTaskTool9_12,1,1,true,4,1,true,true,false,15000,-1,-1,,-1,Vật liệu đặc thù,"Phù chú siêu cấp, sử dụng có thể dùng 1 viên Minh Tinh bảo thạch cấp 8 bất kỳ đổi thành Minh Tinh bảo thạch cùng cấp khác tùy loại.",3
30900065,Minh Thạch Đoái Hoán Phù (Cấp 9),CircularTaskTool9_12,1,1,true,4,1,true,true,false,15000,-1,-1,,-1,Vật liệu đặc thù,"Phù chú siêu cấp, sử dụng có thể dùng 1 viên Minh Tinh bảo thạch cấp 9 bất kỳ đổi thành Minh Tinh bảo thạch cùng cấp khác tùy loại.",3
30900066,Hứa Nguyện Quả,Huodong_3_13,1,1,true,4,1,true,true,false,15000,-1,-1,,-1,Đạo cụ đặc thù,"Loại quả thần kỳ, hái từ Hứa Nguyện Thụ. Thu thập đủ số lượng nhất định có thể đến <color=#00FF00>Đại Lý</color> tìm <color=#FFFF00>Tôn Bát Gia</color> để đổi lấy phần thưởng hấp dẫn.",3
30900067,Xu Kim Tệ,CircularTaskTool98_6,1,1,false,1000,500,true,true,false,15000,-1,-1,,-1,Vật phẩm Cạnh Kỹ Trường,"Có thể đến thương tiệm đổi thành <style=""#-06"">",3
30900068,Xu Kim Tệ Khóa,CircularTaskTool98_5,1,1,true,2000,500,true,true,true,15000,-1,-1,,-1,Vật phẩm Cạnh Kỹ Trường,"Có thể đến thương tiệm đổi thành <style=""#-03"">",3
30900069,Đồng Kim Tệ,CircularTaskTool98_8,1,1,false,400000,100000,true,true,false,15000,-1,-1,,-1,Vật phẩm Cạnh Kỹ Trường,"Có thể đến thương tiệm đổi thành <style=""#-06"">",3
30900070,Đồng Kim Tệ Khóa,CircularTaskTool98_7,1,1,true,400000,100000,true,true,true,15000,-1,-1,,-1,Vật phẩm Cạnh Kỹ Trường,"Có thể đến thương tiệm đổi thành <style=""#-03"">",3
30900071,Thỏi Kim Tệ,CircularTaskTool98_9,1,1,false,4000000,1000000,true,true,false,15000,-1,-1,,-1,Vật phẩm Cạnh Kỹ Trường,"Có thể đến thương tiệm đổi thành <style=""#-06"">",3
30900072,Đại Hoàn Đơn,CircularTaskTool112_2,10,10,true,10000,100,true,true,false,15000,-1,-1,MEXP_10000,9999993,Vật phẩm Cạnh Kỹ Trường,"Linh dược quý hiếm, sử dụng có thể tăng kinh nghiệm cho bản thân.#r<color=#00FF00>Lưu ý: Khi giá trị kinh nghiệm vượt quá giới hạn thì sẽ không thể tăng thêm nữa nhưng vẫn tiêu hao vật phẩm. Hãy chú ý kỹ trước khi sử dụng.",3
31000100,Mê Ảnh Tầm Tung,CommonLiveSkill2_6,1,1,true,4,1,true,true,false,1,-1,720,,-1,Đạo cụ đặc thù,"Kim châm thần kỳ, có thể sử dụng để tìm kiếm vị trí của người chơi khác. Cho biết chính xác bản đồ và vị trí đang đứng.",3
31000101,Vụ Ảnh Tầm Tung,CommonLiveSkill2_7,1,1,true,4,1,true,true,false,1,-1,72,,-1,Đạo cụ đặc thù,"Kim châm thần kỳ, có thể sử dụng để tìm kiếm vị trí của người chơi khác. Cho biết chính xác bản đồ và vị trí đang đứng.",3
31000200,Chiêu Hồn Ngọc - Test,Charm4_16,1,1,true,4,1,true,true,false,15000,-1,-1,ZHY_1850;12138_2;3_-1_true_true,9999990,Chiêu hồn đạo cụ,Triệu hồi <color=#FFFF00>Viễn Cổ Kỳ Hồn</color> hoặc <color=#FFFF00>Trấn Bảo Long Vương</color> tại <color=#00FF00>Đại Lý</color> hoặc <color=#00FF00>Lạc Dương</color>.,3
31000500,Quân Thiên Thông Hành Lệnh,Banner_1,1,1,true,4,1,true,true,true,15000,-1,-1,,-1,Đạo cụ đặc thù,Tấm thông hành lệnh này sử dụng để vào phụ bản <color=#FFFF00>Quân Thiên Thành</color> cùng các thành viên trong <color=#00FF00>bang hội</color> tại <color=#00FF00>Phạm Thuần Nhân</color> ở <color=#00FF00>Lạc Dương</color>.,3
31000501,Triều Kinh Thông Hành Lệnh,Banner_2,1,1,true,4,1,true,true,true,15000,-1,-1,,-1,Đạo cụ đặc thù,Tấm thông hành lệnh này sử dụng để vào phụ bản <color=#FFFF00>Triều Kinh Thành</color> cùng các thành viên trong <color=#00FF00>bang hội</color> tại <color=#00FF00>Phạm Thuần Nhân</color> ở <color=#00FF00>Lạc Dương</color>.,3
31000502,La Phù Thông Hành Lệnh,Banner_3,1,1,true,4,1,true,true,true,15000,-1,-1,,-1,Đạo cụ đặc thù,Tấm thông hành lệnh này sử dụng để vào phụ bản <color=#FFFF00>La Phù Thành</color> cùng các thành viên trong <color=#00FF00>bang hội</color> tại <color=#00FF00>Phạm Thuần Nhân</color> ở <color=#00FF00>Lạc Dương</color>.,3
31000503,Quân Thiên Bí Cảnh Đồ,Charm_8,1,1,true,4,1,true,true,false,15000,-1,-1,,-1,Đạo cụ đặc thù,Tấm bản đồ bí cảnh này sử dụng để tạo lập phụ bản <color=#FFFF00>Quân Thiên Thành</color> cho toàn bộ các thành viên <color=#00FF00>bang hội</color> tại <color=#00FF00>Phạm Thuần Nhân</color> ở <color=#00FF00>Lạc Dương</color>. Mỗi thành viên cần có <color=#FFFF00>[Quân Thiên Thông Hành Lệnh]</color> để có thể tham gia.,3
31000504,Triều Kinh Bí Cảnh Đồ,Charm_9,1,1,true,4,1,true,true,false,15000,-1,-1,,-1,Đạo cụ đặc thù,Tấm bản đồ bí cảnh này sử dụng để tạo lập phụ bản <color=#FFFF00>Triều Kinh Thành</color> cho toàn bộ các thành viên <color=#00FF00>bang hội</color> tại <color=#00FF00>Phạm Thuần Nhân</color> ở <color=#00FF00>Lạc Dương</color>. Mỗi thành viên cần có <color=#FFFF00>[Triều Kinh Thông Hành Lệnh]</color> để có thể tham gia.,3
31000505,La Phù Bí Cảnh Đồ,Charm_10,1,1,true,4,1,true,true,false,15000,-1,-1,,-1,Đạo cụ đặc thù,Tấm bản đồ bí cảnh này sử dụng để tạo lập phụ bản <color=#FFFF00>La Phù Thành</color> cho toàn bộ các thành viên <color=#00FF00>bang hội</color> tại <color=#00FF00>Phạm Thuần Nhân</color> ở <color=#00FF00>Lạc Dương</color>. Mỗi thành viên cần có <color=#FFFF00>[La Phù Thông Hành Lệnh]</color> để có thể tham gia.,3
31010000,Thỏi Vàng Thô,Treasure2_8,1,1,true,1000000,200000,true,true,true,15000,-1,-1,,-1,Vật liệu đặc thù,"Thỏi vàng thô chưa qua tinh chế, có được khi mở bảo sương trong <color=#FFFF00>Phụ bản Bang Hội</color>. Có thể đem bán cho thương nhân để đổi lấy số tiền vàng nhất định.",3
31020000,Ngũ Sắc Linh Thạch,CircularTaskTool32_3,1,1,true,4,1,true,true,false,15000,-1,-1,,-1,Đạo cụ đặc thù,"Viên ngọc 5 màu sắc rực rỡ, với số lượng nhất định, có thể sử dụng để <color=#00FF00>thăng cấp</color> cho <color=#FFFF00>phụ thân</color>.<br><color=#00FF00>Liên quan đến tính năng phụ thân, có thể đến Phụng Minh Trấn tìm Chu Ỷ Thiên để tìm hiểu và thao tác",3
31020001,Lục Dạ Thạch,CircularTaskTool35_14,1,1,true,4,1,true,true,false,15000,-1,-1,,-1,Đạo cụ đặc thù,"Viên đá bình thường màu đen tuyền, nhưng khi cho vào bóng tối sẽ phát lên ánh sáng xanh lục nên gọi là lục dạ. Với số lượng nhất định, có thể sử dụng để <color=#00FF00>thăng cấp kỹ năng</color> cho <color=#FFFF00>phụ thân</color>.<br><color=#00FF00>Liên quan đến tính năng phụ thân, có thể đến Phụng Minh Trấn tìm Chu Ỷ Thiên để tìm hiểu và thao tác",3
31020011,Sách kỹ năng: Huyết Lưu (Cấp 1),fuqiskill_6,1,1,true,4,1,true,true,false,15000,-1,-1,FS_1401,-1,Đạo cụ đặc thù,"Kỹ năng phục hồi huyết cho chủ nhân. Có thể sử dụng để <color=#00FF00>học kỹ năng</color> <color=#FFFF00>[Huyết Lưu (Cấp 1)]</color> của <color=#FFFF00>phụ thân</color>.<br><color=#00FF00>Liên quan đến tính năng phụ thân, có thể đến Phụng Minh Trấn tìm Chu Ỷ Thiên để tìm hiểu và thao tác",3
31020012,Sách kỹ năng: Huyết Lưu (Cấp 2),fuqiskill_6,1,1,true,4,1,true,true,false,15000,-1,-1,FS_1402,-1,Đạo cụ đặc thù,"Kỹ năng phục hồi huyết cho chủ nhân. Có thể sử dụng để làm nguyên liệu <color=#00FF00>thăng cấp kỹ năng</color> <color=#FFFF00>[Huyết Lưu (Cấp 1)]</color> lên <color=#FFFF00>[Huyết Lưu (Cấp 2)]</color> của <color=#FFFF00>phụ thân</color>.<br><color=#00FF00>Liên quan đến tính năng phụ thân, có thể đến Phụng Minh Trấn tìm Chu Ỷ Thiên để tìm hiểu và thao tác",3
31020013,Sách kỹ năng: Huyết Lưu (Cấp 3),fuqiskill_6,1,1,true,4,1,true,true,false,15000,-1,-1,FS_1403,-1,Đạo cụ đặc thù,"Kỹ năng phục hồi huyết cho chủ nhân. Có thể sử dụng để làm nguyên liệu <color=#00FF00>thăng cấp kỹ năng</color> <color=#FFFF00>[Huyết Lưu (Cấp 2)]</color> lên <color=#FFFF00>[Huyết Lưu (Cấp 3)]</color> của <color=#FFFF00>phụ thân</color>.<br><color=#00FF00>Liên quan đến tính năng phụ thân, có thể đến Phụng Minh Trấn tìm Chu Ỷ Thiên để tìm hiểu và thao tác",3
31020014,Sách kỹ năng: Huyết Lưu (Cấp 4),fuqiskill_6,1,1,true,4,1,true,true,false,15000,-1,-1,FS_1404,-1,Đạo cụ đặc thù,"Kỹ năng phục hồi huyết cho chủ nhân. Có thể sử dụng để làm nguyên liệu <color=#00FF00>thăng cấp kỹ năng</color> <color=#FFFF00>[Huyết Lưu (Cấp 3)]</color> lên <color=#FFFF00>[Huyết Lưu (Cấp 4)]</color> của <color=#FFFF00>phụ thân</color>.<br><color=#00FF00>Liên quan đến tính năng phụ thân, có thể đến Phụng Minh Trấn tìm Chu Ỷ Thiên để tìm hiểu và thao tác",3
31020015,Sách kỹ năng: Huyết Lưu (Cấp 5),fuqiskill_6,1,1,true,4,1,true,true,false,15000,-1,-1,FS_1405,-1,Đạo cụ đặc thù,"Kỹ năng phục hồi huyết cho chủ nhân. Có thể sử dụng để làm nguyên liệu <color=#00FF00>thăng cấp kỹ năng</color> <color=#FFFF00>[Huyết Lưu (Cấp 4)]</color> lên <color=#FFFF00>[Huyết Lưu (Cấp 5)]</color> của <color=#FFFF00>phụ thân</color>.<br><color=#00FF00>Liên quan đến tính năng phụ thân, có thể đến Phụng Minh Trấn tìm Chu Ỷ Thiên để tìm hiểu và thao tác",3
31020016,Sách kỹ năng: Huyết Lưu (Cấp 6),fuqiskill_6,1,1,true,4,1,true,true,false,15000,-1,-1,FS_1406,-1,Đạo cụ đặc thù,"Kỹ năng phục hồi huyết cho chủ nhân. Có thể sử dụng để làm nguyên liệu <color=#00FF00>thăng cấp kỹ năng</color> <color=#FFFF00>[Huyết Lưu (Cấp 5)]</color> lên <color=#FFFF00>[Huyết Lưu (Cấp 6)]</color> của <color=#FFFF00>phụ thân</color>.<br><color=#00FF00>Liên quan đến tính năng phụ thân, có thể đến Phụng Minh Trấn tìm Chu Ỷ Thiên để tìm hiểu và thao tác",3
31020017,Sách kỹ năng: Huyết Lưu (Cấp 7),fuqiskill_6,1,1,true,4,1,true,true,false,15000,-1,-1,FS_1407,-1,Đạo cụ đặc thù,"Kỹ năng phục hồi huyết cho chủ nhân. Có thể sử dụng để làm nguyên liệu <color=#00FF00>thăng cấp kỹ năng</color> <color=#FFFF00>[Huyết Lưu (Cấp 6)]</color> lên <color=#FFFF00>[Huyết Lưu (Cấp 7)]</color> của <color=#FFFF00>phụ thân</color>.<br><color=#00FF00>Liên quan đến tính năng phụ thân, có thể đến Phụng Minh Trấn tìm Chu Ỷ Thiên để tìm hiểu và thao tác",3
31020018,Sách kỹ năng: Huyết Lưu (Cấp 8),fuqiskill_6,1,1,true,4,1,true,true,false,15000,-1,-1,FS_1408,-1,Đạo cụ đặc thù,"Kỹ năng phục hồi huyết cho chủ nhân. Có thể sử dụng để làm nguyên liệu <color=#00FF00>thăng cấp kỹ năng</color> <color=#FFFF00>[Huyết Lưu (Cấp 7)]</color> lên <color=#FFFF00>[Huyết Lưu (Cấp 8)]</color> của <color=#FFFF00>phụ thân</color>.<br><color=#00FF00>Liên quan đến tính năng phụ thân, có thể đến Phụng Minh Trấn tìm Chu Ỷ Thiên để tìm hiểu và thao tác",3
31020019,Sách kỹ năng: Huyết Lưu (Cấp 9),fuqiskill_6,1,1,true,4,1,true,true,false,15000,-1,-1,FS_1409,-1,Đạo cụ đặc thù,"Kỹ năng phục hồi huyết cho chủ nhân. Có thể sử dụng để làm nguyên liệu <color=#00FF00>thăng cấp kỹ năng</color> <color=#FFFF00>[Huyết Lưu (Cấp 8)]</color> lên <color=#FFFF00>[Huyết Lưu (Cấp 9)]</color> của <color=#FFFF00>phụ thân</color>.<br><color=#00FF00>Liên quan đến tính năng phụ thân, có thể đến Phụng Minh Trấn tìm Chu Ỷ Thiên để tìm hiểu và thao tác",3
31020020,Sách kỹ năng: Huyết Lưu (Cấp 10),fuqiskill_6,1,1,true,4,1,true,true,false,15000,-1,-1,FS_1410,-1,Đạo cụ đặc thù,"Kỹ năng phục hồi huyết cho chủ nhân. Có thể sử dụng để làm nguyên liệu <color=#00FF00>thăng cấp kỹ năng</color> <color=#FFFF00>[Huyết Lưu (Cấp 9)]</color> lên <color=#FFFF00>[Huyết Lưu (Cấp 10)]</color> của <color=#FFFF00>phụ thân</color>.<br><color=#00FF00>Liên quan đến tính năng phụ thân, có thể đến Phụng Minh Trấn tìm Chu Ỷ Thiên để tìm hiểu và thao tác",3
31020021,Sách kỹ năng: Khí Lưu (Cấp 1),fuqiskill_9,1,1,true,4,1,true,true,false,15000,-1,-1,FS_1411,-1,Đạo cụ đặc thù,"Kỹ năng phục hồi khí cho chủ nhân. Có thể sử dụng để <color=#00FF00>học kỹ năng</color> <color=#FFFF00>[Khí Lưu (Cấp 1)]</color> của <color=#FFFF00>phụ thân</color>.<br><color=#00FF00>Liên quan đến tính năng phụ thân, có thể đến Phụng Minh Trấn tìm Chu Ỷ Thiên để tìm hiểu và thao tác",3
31020022,Sách kỹ năng: Khí Lưu (Cấp 2),fuqiskill_9,1,1,true,4,1,true,true,false,15000,-1,-1,FS_1412,-1,Đạo cụ đặc thù,"Kỹ năng phục hồi khí cho chủ nhân. Có thể sử dụng để làm nguyên liệu <color=#00FF00>thăng cấp kỹ năng</color> <color=#FFFF00>[Khí Lưu (Cấp 1)]</color> lên <color=#FFFF00>[Khí Lưu (Cấp 2)]</color> của <color=#FFFF00>phụ thân</color>.<br><color=#00FF00>Liên quan đến tính năng phụ thân, có thể đến Phụng Minh Trấn tìm Chu Ỷ Thiên để tìm hiểu và thao tác",3
31020023,Sách kỹ năng: Khí Lưu (Cấp 3),fuqiskill_9,1,1,true,4,1,true,true,false,15000,-1,-1,FS_1413,-1,Đạo cụ đặc thù,"Kỹ năng phục hồi khí cho chủ nhân. Có thể sử dụng để làm nguyên liệu <color=#00FF00>thăng cấp kỹ năng</color> <color=#FFFF00>[Khí Lưu (Cấp 2)]</color> lên <color=#FFFF00>[Khí Lưu (Cấp 3)]</color> của <color=#FFFF00>phụ thân</color>.<br><color=#00FF00>Liên quan đến tính năng phụ thân, có thể đến Phụng Minh Trấn tìm Chu Ỷ Thiên để tìm hiểu và thao tác",3
31020024,Sách kỹ năng: Khí Lưu (Cấp 4),fuqiskill_9,1,1,true,4,1,true,true,false,15000,-1,-1,FS_1414,-1,Đạo cụ đặc thù,"Kỹ năng phục hồi khí cho chủ nhân. Có thể sử dụng để làm nguyên liệu <color=#00FF00>thăng cấp kỹ năng</color> <color=#FFFF00>[Khí Lưu (Cấp 3)]</color> lên <color=#FFFF00>[Khí Lưu (Cấp 4)]</color> của <color=#FFFF00>phụ thân</color>.<br><color=#00FF00>Liên quan đến tính năng phụ thân, có thể đến Phụng Minh Trấn tìm Chu Ỷ Thiên để tìm hiểu và thao tác",3
31020025,Sách kỹ năng: Khí Lưu (Cấp 5),fuqiskill_9,1,1,true,4,1,true,true,false,15000,-1,-1,FS_1415,-1,Đạo cụ đặc thù,"Kỹ năng phục hồi khí cho chủ nhân. Có thể sử dụng để làm nguyên liệu <color=#00FF00>thăng cấp kỹ năng</color> <color=#FFFF00>[Khí Lưu (Cấp 4)]</color> lên <color=#FFFF00>[Khí Lưu (Cấp 5)]</color> của <color=#FFFF00>phụ thân</color>.<br><color=#00FF00>Liên quan đến tính năng phụ thân, có thể đến Phụng Minh Trấn tìm Chu Ỷ Thiên để tìm hiểu và thao tác",3
31020026,Sách kỹ năng: Khí Lưu (Cấp 6),fuqiskill_9,1,1,true,4,1,true,true,false,15000,-1,-1,FS_1416,-1,Đạo cụ đặc thù,"Kỹ năng phục hồi khí cho chủ nhân. Có thể sử dụng để làm nguyên liệu <color=#00FF00>thăng cấp kỹ năng</color> <color=#FFFF00>[Khí Lưu (Cấp 5)]</color> lên <color=#FFFF00>[Khí Lưu (Cấp 6)]</color> của <color=#FFFF00>phụ thân</color>.<br><color=#00FF00>Liên quan đến tính năng phụ thân, có thể đến Phụng Minh Trấn tìm Chu Ỷ Thiên để tìm hiểu và thao tác",3
31020027,Sách kỹ năng: Khí Lưu (Cấp 7),fuqiskill_9,1,1,true,4,1,true,true,false,15000,-1,-1,FS_1417,-1,Đạo cụ đặc thù,"Kỹ năng phục hồi khí cho chủ nhân. Có thể sử dụng để làm nguyên liệu <color=#00FF00>thăng cấp kỹ năng</color> <color=#FFFF00>[Khí Lưu (Cấp 6)]</color> lên <color=#FFFF00>[Khí Lưu (Cấp 7)]</color> của <color=#FFFF00>phụ thân</color>.<br><color=#00FF00>Liên quan đến tính năng phụ thân, có thể đến Phụng Minh Trấn tìm Chu Ỷ Thiên để tìm hiểu và thao tác",3
31020028,Sách kỹ năng: Khí Lưu (Cấp 8),fuqiskill_9,1,1,true,4,1,true,true,false,15000,-1,-1,FS_1418,-1,Đạo cụ đặc thù,"Kỹ năng phục hồi khí cho chủ nhân. Có thể sử dụng để làm nguyên liệu <color=#00FF00>thăng cấp kỹ năng</color> <color=#FFFF00>[Khí Lưu (Cấp 7)]</color> lên <color=#FFFF00>[Khí Lưu (Cấp 8)]</color> của <color=#FFFF00>phụ thân</color>.<br><color=#00FF00>Liên quan đến tính năng phụ thân, có thể đến Phụng Minh Trấn tìm Chu Ỷ Thiên để tìm hiểu và thao tác",3
31020029,Sách kỹ năng: Khí Lưu (Cấp 9),fuqiskill_9,1,1,true,4,1,true,true,false,15000,-1,-1,FS_1419,-1,Đạo cụ đặc thù,"Kỹ năng phục hồi khí cho chủ nhân. Có thể sử dụng để làm nguyên liệu <color=#00FF00>thăng cấp kỹ năng</color> <color=#FFFF00>[Khí Lưu (Cấp 8)]</color> lên <color=#FFFF00>[Khí Lưu (Cấp 9)]</color> của <color=#FFFF00>phụ thân</color>.<br><color=#00FF00>Liên quan đến tính năng phụ thân, có thể đến Phụng Minh Trấn tìm Chu Ỷ Thiên để tìm hiểu và thao tác",3
31020030,Sách kỹ năng: Khí Lưu (Cấp 10),fuqiskill_9,1,1,true,4,1,true,true,false,15000,-1,-1,FS_1420,-1,Đạo cụ đặc thù,"Kỹ năng phục hồi khí cho chủ nhân. Có thể sử dụng để làm nguyên liệu <color=#00FF00>thăng cấp kỹ năng</color> <color=#FFFF00>[Khí Lưu (Cấp 9)]</color> lên <color=#FFFF00>[Khí Lưu (Cấp 10)]</color> của <color=#FFFF00>phụ thân</color>.<br><color=#00FF00>Liên quan đến tính năng phụ thân, có thể đến Phụng Minh Trấn tìm Chu Ỷ Thiên để tìm hiểu và thao tác",3
31020031,Sách kỹ năng: Nộ Lưu (Cấp 1),fuqiskill_7,1,1,true,4,1,true,true,false,15000,-1,-1,FS_1421,-1,Đạo cụ đặc thù,"Kỹ năng phục hồi nộ khí cho chủ nhân. Có thể sử dụng để <color=#00FF00>học kỹ năng</color> <color=#FFFF00>[Nộ Lưu (Cấp 1)]</color> của <color=#FFFF00>phụ thân</color>.<br><color=#00FF00>Liên quan đến tính năng phụ thân, có thể đến Phụng Minh Trấn tìm Chu Ỷ Thiên để tìm hiểu và thao tác",3
31020032,Sách kỹ năng: Nộ Lưu (Cấp 2),fuqiskill_7,1,1,true,4,1,true,true,false,15000,-1,-1,FS_1422,-1,Đạo cụ đặc thù,"Kỹ năng phục hồi nộ khí cho chủ nhân. Có thể sử dụng để làm nguyên liệu <color=#00FF00>thăng cấp kỹ năng</color> <color=#FFFF00>[Nộ Lưu (Cấp 1)]</color> lên <color=#FFFF00>[Nộ Lưu (Cấp 2)]</color> của <color=#FFFF00>phụ thân</color>.<br><color=#00FF00>Liên quan đến tính năng phụ thân, có thể đến Phụng Minh Trấn tìm Chu Ỷ Thiên để tìm hiểu và thao tác",3
31020033,Sách kỹ năng: Nộ Lưu (Cấp 3),fuqiskill_7,1,1,true,4,1,true,true,false,15000,-1,-1,FS_1423,-1,Đạo cụ đặc thù,"Kỹ năng phục hồi nộ khí cho chủ nhân. Có thể sử dụng để làm nguyên liệu <color=#00FF00>thăng cấp kỹ năng</color> <color=#FFFF00>[Nộ Lưu (Cấp 2)]</color> lên <color=#FFFF00>[Nộ Lưu (Cấp 3)]</color> của <color=#FFFF00>phụ thân</color>.<br><color=#00FF00>Liên quan đến tính năng phụ thân, có thể đến Phụng Minh Trấn tìm Chu Ỷ Thiên để tìm hiểu và thao tác",3
31020034,Sách kỹ năng: Nộ Lưu (Cấp 4),fuqiskill_7,1,1,true,4,1,true,true,false,15000,-1,-1,FS_1424,-1,Đạo cụ đặc thù,"Kỹ năng phục hồi nộ khí cho chủ nhân. Có thể sử dụng để làm nguyên liệu <color=#00FF00>thăng cấp kỹ năng</color> <color=#FFFF00>[Nộ Lưu (Cấp 3)]</color> lên <color=#FFFF00>[Nộ Lưu (Cấp 4)]</color> của <color=#FFFF00>phụ thân</color>.<br><color=#00FF00>Liên quan đến tính năng phụ thân, có thể đến Phụng Minh Trấn tìm Chu Ỷ Thiên để tìm hiểu và thao tác",3
31020035,Sách kỹ năng: Nộ Lưu (Cấp 5),fuqiskill_7,1,1,true,4,1,true,true,false,15000,-1,-1,FS_1425,-1,Đạo cụ đặc thù,"Kỹ năng phục hồi nộ khí cho chủ nhân. Có thể sử dụng để làm nguyên liệu <color=#00FF00>thăng cấp kỹ năng</color> <color=#FFFF00>[Nộ Lưu (Cấp 4)]</color> lên <color=#FFFF00>[Nộ Lưu (Cấp 5)]</color> của <color=#FFFF00>phụ thân</color>.<br><color=#00FF00>Liên quan đến tính năng phụ thân, có thể đến Phụng Minh Trấn tìm Chu Ỷ Thiên để tìm hiểu và thao tác",3
31020036,Sách kỹ năng: Nộ Lưu (Cấp 6),fuqiskill_7,1,1,true,4,1,true,true,false,15000,-1,-1,FS_1426,-1,Đạo cụ đặc thù,"Kỹ năng phục hồi nộ khí cho chủ nhân. Có thể sử dụng để làm nguyên liệu <color=#00FF00>thăng cấp kỹ năng</color> <color=#FFFF00>[Nộ Lưu (Cấp 5)]</color> lên <color=#FFFF00>[Nộ Lưu (Cấp 6)]</color> của <color=#FFFF00>phụ thân</color>.<br><color=#00FF00>Liên quan đến tính năng phụ thân, có thể đến Phụng Minh Trấn tìm Chu Ỷ Thiên để tìm hiểu và thao tác",3
31020037,Sách kỹ năng: Nộ Lưu (Cấp 7),fuqiskill_7,1,1,true,4,1,true,true,false,15000,-1,-1,FS_1427,-1,Đạo cụ đặc thù,"Kỹ năng phục hồi nộ khí cho chủ nhân. Có thể sử dụng để làm nguyên liệu <color=#00FF00>thăng cấp kỹ năng</color> <color=#FFFF00>[Nộ Lưu (Cấp 6)]</color> lên <color=#FFFF00>[Nộ Lưu (Cấp 7)]</color> của <color=#FFFF00>phụ thân</color>.<br><color=#00FF00>Liên quan đến tính năng phụ thân, có thể đến Phụng Minh Trấn tìm Chu Ỷ Thiên để tìm hiểu và thao tác",3
31020038,Sách kỹ năng: Nộ Lưu (Cấp 8),fuqiskill_7,1,1,true,4,1,true,true,false,15000,-1,-1,FS_1428,-1,Đạo cụ đặc thù,"Kỹ năng phục hồi nộ khí cho chủ nhân. Có thể sử dụng để làm nguyên liệu <color=#00FF00>thăng cấp kỹ năng</color> <color=#FFFF00>[Nộ Lưu (Cấp 7)]</color> lên <color=#FFFF00>[Nộ Lưu (Cấp 8)]</color> của <color=#FFFF00>phụ thân</color>.<br><color=#00FF00>Liên quan đến tính năng phụ thân, có thể đến Phụng Minh Trấn tìm Chu Ỷ Thiên để tìm hiểu và thao tác",3
31020039,Sách kỹ năng: Nộ Lưu (Cấp 9),fuqiskill_7,1,1,true,4,1,true,true,false,15000,-1,-1,FS_1429,-1,Đạo cụ đặc thù,"Kỹ năng phục hồi nộ khí cho chủ nhân. Có thể sử dụng để làm nguyên liệu <color=#00FF00>thăng cấp kỹ năng</color> <color=#FFFF00>[Nộ Lưu (Cấp 8)]</color> lên <color=#FFFF00>[Nộ Lưu (Cấp 9)]</color> của <color=#FFFF00>phụ thân</color>.<br><color=#00FF00>Liên quan đến tính năng phụ thân, có thể đến Phụng Minh Trấn tìm Chu Ỷ Thiên để tìm hiểu và thao tác",3
31020040,Sách kỹ năng: Nộ Lưu (Cấp 10),fuqiskill_7,1,1,true,4,1,true,true,false,15000,-1,-1,FS_1430,-1,Đạo cụ đặc thù,"Kỹ năng phục hồi nộ khí cho chủ nhân. Có thể sử dụng để làm nguyên liệu <color=#00FF00>thăng cấp kỹ năng</color> <color=#FFFF00>[Nộ Lưu (Cấp 9)]</color> lên <color=#FFFF00>[Nộ Lưu (Cấp 10)]</color> của <color=#FFFF00>phụ thân</color>.<br><color=#00FF00>Liên quan đến tính năng phụ thân, có thể đến Phụng Minh Trấn tìm Chu Ỷ Thiên để tìm hiểu và thao tác",3
31020041,Sách kỹ năng: Khí Nộ Lưu (Cấp 1),fuqiskill_8,1,1,true,4,1,true,true,false,15000,-1,-1,FS_1431,-1,Đạo cụ đặc thù,"Kỹ năng phục hồi khí, nộ khí cho chủ nhân. Có thể sử dụng để <color=#00FF00>học kỹ năng</color> <color=#FFFF00>[Khí Nộ Lưu (Cấp 1)]</color> của <color=#FFFF00>phụ thân</color>.<br><color=#00FF00>Liên quan đến tính năng phụ thân, có thể đến Phụng Minh Trấn tìm Chu Ỷ Thiên để tìm hiểu và thao tác",3
31020042,Sách kỹ năng: Khí Nộ Lưu (Cấp 2),fuqiskill_8,1,1,true,4,1,true,true,false,15000,-1,-1,FS_1432,-1,Đạo cụ đặc thù,"Kỹ năng phục hồi khí, nộ khí cho chủ nhân. Có thể sử dụng để làm nguyên liệu <color=#00FF00>thăng cấp kỹ năng</color> <color=#FFFF00>[Khí Nộ Lưu (Cấp 1)]</color> lên <color=#FFFF00>[Khí Nộ Lưu (Cấp 2)]</color> của <color=#FFFF00>phụ thân</color>.<br><color=#00FF00>Liên quan đến tính năng phụ thân, có thể đến Phụng Minh Trấn tìm Chu Ỷ Thiên để tìm hiểu và thao tác",3
31020043,Sách kỹ năng: Khí Nộ Lưu (Cấp 3),fuqiskill_8,1,1,true,4,1,true,true,false,15000,-1,-1,FS_1433,-1,Đạo cụ đặc thù,"Kỹ năng phục hồi khí, nộ khí cho chủ nhân. Có thể sử dụng để làm nguyên liệu <color=#00FF00>thăng cấp kỹ năng</color> <color=#FFFF00>[Khí Nộ Lưu (Cấp 2)]</color> lên <color=#FFFF00>[Khí Nộ Lưu (Cấp 3)]</color> của <color=#FFFF00>phụ thân</color>.<br><color=#00FF00>Liên quan đến tính năng phụ thân, có thể đến Phụng Minh Trấn tìm Chu Ỷ Thiên để tìm hiểu và thao tác",3
31020044,Sách kỹ năng: Khí Nộ Lưu (Cấp 4),fuqiskill_8,1,1,true,4,1,true,true,false,15000,-1,-1,FS_1434,-1,Đạo cụ đặc thù,"Kỹ năng phục hồi khí, nộ khí cho chủ nhân. Có thể sử dụng để làm nguyên liệu <color=#00FF00>thăng cấp kỹ năng</color> <color=#FFFF00>[Khí Nộ Lưu (Cấp 3)]</color> lên <color=#FFFF00>[Khí Nộ Lưu (Cấp 4)]</color> của <color=#FFFF00>phụ thân</color>.<br><color=#00FF00>Liên quan đến tính năng phụ thân, có thể đến Phụng Minh Trấn tìm Chu Ỷ Thiên để tìm hiểu và thao tác",3
31020045,Sách kỹ năng: Khí Nộ Lưu (Cấp 5),fuqiskill_8,1,1,true,4,1,true,true,false,15000,-1,-1,FS_1435,-1,Đạo cụ đặc thù,"Kỹ năng phục hồi khí, nộ khí cho chủ nhân. Có thể sử dụng để làm nguyên liệu <color=#00FF00>thăng cấp kỹ năng</color> <color=#FFFF00>[Khí Nộ Lưu (Cấp 4)]</color> lên <color=#FFFF00>[Khí Nộ Lưu (Cấp 5)]</color> của <color=#FFFF00>phụ thân</color>.<br><color=#00FF00>Liên quan đến tính năng phụ thân, có thể đến Phụng Minh Trấn tìm Chu Ỷ Thiên để tìm hiểu và thao tác",3
31020046,Sách kỹ năng: Khí Nộ Lưu (Cấp 6),fuqiskill_8,1,1,true,4,1,true,true,false,15000,-1,-1,FS_1436,-1,Đạo cụ đặc thù,"Kỹ năng phục hồi khí, nộ khí cho chủ nhân. Có thể sử dụng để làm nguyên liệu <color=#00FF00>thăng cấp kỹ năng</color> <color=#FFFF00>[Khí Nộ Lưu (Cấp 5)]</color> lên <color=#FFFF00>[Khí Nộ Lưu (Cấp 6)]</color> của <color=#FFFF00>phụ thân</color>.<br><color=#00FF00>Liên quan đến tính năng phụ thân, có thể đến Phụng Minh Trấn tìm Chu Ỷ Thiên để tìm hiểu và thao tác",3
31020047,Sách kỹ năng: Khí Nộ Lưu (Cấp 7),fuqiskill_8,1,1,true,4,1,true,true,false,15000,-1,-1,FS_1437,-1,Đạo cụ đặc thù,"Kỹ năng phục hồi khí, nộ khí cho chủ nhân. Có thể sử dụng để làm nguyên liệu <color=#00FF00>thăng cấp kỹ năng</color> <color=#FFFF00>[Khí Nộ Lưu (Cấp 6)]</color> lên <color=#FFFF00>[Khí Nộ Lưu (Cấp 7)]</color> của <color=#FFFF00>phụ thân</color>.<br><color=#00FF00>Liên quan đến tính năng phụ thân, có thể đến Phụng Minh Trấn tìm Chu Ỷ Thiên để tìm hiểu và thao tác",3
31020048,Sách kỹ năng: Khí Nộ Lưu (Cấp 8),fuqiskill_8,1,1,true,4,1,true,true,false,15000,-1,-1,FS_1438,-1,Đạo cụ đặc thù,"Kỹ năng phục hồi khí, nộ khí cho chủ nhân. Có thể sử dụng để làm nguyên liệu <color=#00FF00>thăng cấp kỹ năng</color> <color=#FFFF00>[Khí Nộ Lưu (Cấp 7)]</color> lên <color=#FFFF00>[Khí Nộ Lưu (Cấp 8)]</color> của <color=#FFFF00>phụ thân</color>.<br><color=#00FF00>Liên quan đến tính năng phụ thân, có thể đến Phụng Minh Trấn tìm Chu Ỷ Thiên để tìm hiểu và thao tác",3
31020049,Sách kỹ năng: Khí Nộ Lưu (Cấp 9),fuqiskill_8,1,1,true,4,1,true,true,false,15000,-1,-1,FS_1439,-1,Đạo cụ đặc thù,"Kỹ năng phục hồi khí, nộ khí cho chủ nhân. Có thể sử dụng để làm nguyên liệu <color=#00FF00>thăng cấp kỹ năng</color> <color=#FFFF00>[Khí Nộ Lưu (Cấp 8)]</color> lên <color=#FFFF00>[Khí Nộ Lưu (Cấp 9)]</color> của <color=#FFFF00>phụ thân</color>.<br><color=#00FF00>Liên quan đến tính năng phụ thân, có thể đến Phụng Minh Trấn tìm Chu Ỷ Thiên để tìm hiểu và thao tác",3
31020050,Sách kỹ năng: Khí Nộ Lưu (Cấp 10),fuqiskill_8,1,1,true,4,1,true,true,false,15000,-1,-1,FS_1440,-1,Đạo cụ đặc thù,"Kỹ năng phục hồi khí, nộ khí cho chủ nhân. Có thể sử dụng để làm nguyên liệu <color=#00FF00>thăng cấp kỹ năng</color> <color=#FFFF00>[Khí Nộ Lưu (Cấp 9)]</color> lên <color=#FFFF00>[Khí Nộ Lưu (Cấp 10)]</color> của <color=#FFFF00>phụ thân</color>.<br><color=#00FF00>Liên quan đến tính năng phụ thân, có thể đến Phụng Minh Trấn tìm Chu Ỷ Thiên để tìm hiểu và thao tác",3
31020051,Sách kỹ năng: Huyết Nộ Lưu (Cấp 1),fuqiskill_11,1,1,true,4,1,true,true,false,15000,-1,-1,FS_1441,-1,Đạo cụ đặc thù,"Kỹ năng phục hồi huyết, nộ khí cho chủ nhân. Có thể sử dụng để <color=#00FF00>học kỹ năng</color> <color=#FFFF00>[Huyết Nộ Lưu (Cấp 1)]</color> của <color=#FFFF00>phụ thân</color>.<br><color=#00FF00>Liên quan đến tính năng phụ thân, có thể đến Phụng Minh Trấn tìm Chu Ỷ Thiên để tìm hiểu và thao tác",3
31020052,Sách kỹ năng: Huyết Nộ Lưu (Cấp 2),fuqiskill_11,1,1,true,4,1,true,true,false,15000,-1,-1,FS_1442,-1,Đạo cụ đặc thù,"Kỹ năng phục hồi huyết, nộ khí cho chủ nhân. Có thể sử dụng để làm nguyên liệu <color=#00FF00>thăng cấp kỹ năng</color> <color=#FFFF00>[Huyết Nộ Lưu (Cấp 1)]</color> lên <color=#FFFF00>[Huyết Nộ Lưu (Cấp 2)]</color> của <color=#FFFF00>phụ thân</color>.<br><color=#00FF00>Liên quan đến tính năng phụ thân, có thể đến Phụng Minh Trấn tìm Chu Ỷ Thiên để tìm hiểu và thao tác",3
31020053,Sách kỹ năng: Huyết Nộ Lưu (Cấp 3),fuqiskill_11,1,1,true,4,1,true,true,false,15000,-1,-1,FS_1443,-1,Đạo cụ đặc thù,"Kỹ năng phục hồi huyết, nộ khí cho chủ nhân. Có thể sử dụng để làm nguyên liệu <color=#00FF00>thăng cấp kỹ năng</color> <color=#FFFF00>[Huyết Nộ Lưu (Cấp 2)]</color> lên <color=#FFFF00>[Huyết Nộ Lưu (Cấp 3)]</color> của <color=#FFFF00>phụ thân</color>.<br><color=#00FF00>Liên quan đến tính năng phụ thân, có thể đến Phụng Minh Trấn tìm Chu Ỷ Thiên để tìm hiểu và thao tác",3
31020054,Sách kỹ năng: Huyết Nộ Lưu (Cấp 4),fuqiskill_11,1,1,true,4,1,true,true,false,15000,-1,-1,FS_1444,-1,Đạo cụ đặc thù,"Kỹ năng phục hồi huyết, nộ khí cho chủ nhân. Có thể sử dụng để làm nguyên liệu <color=#00FF00>thăng cấp kỹ năng</color> <color=#FFFF00>[Huyết Nộ Lưu (Cấp 3)]</color> lên <color=#FFFF00>[Huyết Nộ Lưu (Cấp 4)]</color> của <color=#FFFF00>phụ thân</color>.<br><color=#00FF00>Liên quan đến tính năng phụ thân, có thể đến Phụng Minh Trấn tìm Chu Ỷ Thiên để tìm hiểu và thao tác",3
31020055,Sách kỹ năng: Huyết Nộ Lưu (Cấp 5),fuqiskill_11,1,1,true,4,1,true,true,false,15000,-1,-1,FS_1445,-1,Đạo cụ đặc thù,"Kỹ năng phục hồi huyết, nộ khí cho chủ nhân. Có thể sử dụng để làm nguyên liệu <color=#00FF00>thăng cấp kỹ năng</color> <color=#FFFF00>[Huyết Nộ Lưu (Cấp 4)]</color> lên <color=#FFFF00>[Huyết Nộ Lưu (Cấp 5)]</color> của <color=#FFFF00>phụ thân</color>.<br><color=#00FF00>Liên quan đến tính năng phụ thân, có thể đến Phụng Minh Trấn tìm Chu Ỷ Thiên để tìm hiểu và thao tác",3
31020056,Sách kỹ năng: Huyết Nộ Lưu (Cấp 6),fuqiskill_11,1,1,true,4,1,true,true,false,15000,-1,-1,FS_1446,-1,Đạo cụ đặc thù,"Kỹ năng phục hồi huyết, nộ khí cho chủ nhân. Có thể sử dụng để làm nguyên liệu <color=#00FF00>thăng cấp kỹ năng</color> <color=#FFFF00>[Huyết Nộ Lưu (Cấp 5)]</color> lên <color=#FFFF00>[Huyết Nộ Lưu (Cấp 6)]</color> của <color=#FFFF00>phụ thân</color>.<br><color=#00FF00>Liên quan đến tính năng phụ thân, có thể đến Phụng Minh Trấn tìm Chu Ỷ Thiên để tìm hiểu và thao tác",3
31020057,Sách kỹ năng: Huyết Nộ Lưu (Cấp 7),fuqiskill_11,1,1,true,4,1,true,true,false,15000,-1,-1,FS_1447,-1,Đạo cụ đặc thù,"Kỹ năng phục hồi huyết, nộ khí cho chủ nhân. Có thể sử dụng để làm nguyên liệu <color=#00FF00>thăng cấp kỹ năng</color> <color=#FFFF00>[Huyết Nộ Lưu (Cấp 6)]</color> lên <color=#FFFF00>[Huyết Nộ Lưu (Cấp 7)]</color> của <color=#FFFF00>phụ thân</color>.<br><color=#00FF00>Liên quan đến tính năng phụ thân, có thể đến Phụng Minh Trấn tìm Chu Ỷ Thiên để tìm hiểu và thao tác",3
31020058,Sách kỹ năng: Huyết Nộ Lưu (Cấp 8),fuqiskill_11,1,1,true,4,1,true,true,false,15000,-1,-1,FS_1448,-1,Đạo cụ đặc thù,"Kỹ năng phục hồi huyết, nộ khí cho chủ nhân. Có thể sử dụng để làm nguyên liệu <color=#00FF00>thăng cấp kỹ năng</color> <color=#FFFF00>[Huyết Nộ Lưu (Cấp 7)]</color> lên <color=#FFFF00>[Huyết Nộ Lưu (Cấp 8)]</color> của <color=#FFFF00>phụ thân</color>.<br><color=#00FF00>Liên quan đến tính năng phụ thân, có thể đến Phụng Minh Trấn tìm Chu Ỷ Thiên để tìm hiểu và thao tác",3
31020059,Sách kỹ năng: Huyết Nộ Lưu (Cấp 9),fuqiskill_11,1,1,true,4,1,true,true,false,15000,-1,-1,FS_1449,-1,Đạo cụ đặc thù,"Kỹ năng phục hồi huyết, nộ khí cho chủ nhân. Có thể sử dụng để làm nguyên liệu <color=#00FF00>thăng cấp kỹ năng</color> <color=#FFFF00>[Huyết Nộ Lưu (Cấp 8)]</color> lên <color=#FFFF00>[Huyết Nộ Lưu (Cấp 9)]</color> của <color=#FFFF00>phụ thân</color>.<br><color=#00FF00>Liên quan đến tính năng phụ thân, có thể đến Phụng Minh Trấn tìm Chu Ỷ Thiên để tìm hiểu và thao tác",3
31020060,Sách kỹ năng: Huyết Nộ Lưu (Cấp 10),fuqiskill_11,1,1,true,4,1,true,true,false,15000,-1,-1,FS_1450,-1,Đạo cụ đặc thù,"Kỹ năng phục hồi huyết, nộ khí cho chủ nhân. Có thể sử dụng để làm nguyên liệu <color=#00FF00>thăng cấp kỹ năng</color> <color=#FFFF00>[Huyết Nộ Lưu (Cấp 9)]</color> lên <color=#FFFF00>[Huyết Nộ Lưu (Cấp 10)]</color> của <color=#FFFF00>phụ thân</color>.<br><color=#00FF00>Liên quan đến tính năng phụ thân, có thể đến Phụng Minh Trấn tìm Chu Ỷ Thiên để tìm hiểu và thao tác",3
31020061,Sách kỹ năng: Huyết Khí Nộ Lưu (Cấp 1),fuqiskill_10,1,1,true,4,1,true,true,false,15000,-1,-1,FS_1451,-1,Đạo cụ đặc thù,"Kỹ năng phục hồi huyết, khí, nộ khí cho chủ nhân. Có thể sử dụng để <color=#00FF00>học kỹ năng</color> <color=#FFFF00>[Huyết Khí Nộ Lưu (Cấp 1)]</color> của <color=#FFFF00>phụ thân</color>.<br><color=#00FF00>Liên quan đến tính năng phụ thân, có thể đến Phụng Minh Trấn tìm Chu Ỷ Thiên để tìm hiểu và thao tác",3
31020062,Sách kỹ năng: Huyết Khí Nộ Lưu (Cấp 2),fuqiskill_10,1,1,true,4,1,true,true,false,15000,-1,-1,FS_1452,-1,Đạo cụ đặc thù,"Kỹ năng phục hồi huyết, khí, nộ khí cho chủ nhân. Có thể sử dụng để làm nguyên liệu <color=#00FF00>thăng cấp kỹ năng</color> <color=#FFFF00>[Huyết Khí Nộ Lưu (Cấp 1)]</color> lên <color=#FFFF00>[Huyết Khí Nộ Lưu (Cấp 2)]</color> của <color=#FFFF00>phụ thân</color>.<br><color=#00FF00>Liên quan đến tính năng phụ thân, có thể đến Phụng Minh Trấn tìm Chu Ỷ Thiên để tìm hiểu và thao tác",3
31020063,Sách kỹ năng: Huyết Khí Nộ Lưu (Cấp 3),fuqiskill_10,1,1,true,4,1,true,true,false,15000,-1,-1,FS_1453,-1,Đạo cụ đặc thù,"Kỹ năng phục hồi huyết, khí, nộ khí cho chủ nhân. Có thể sử dụng để làm nguyên liệu <color=#00FF00>thăng cấp kỹ năng</color> <color=#FFFF00>[Huyết Khí Nộ Lưu (Cấp 2)]</color> lên <color=#FFFF00>[Huyết Khí Nộ Lưu (Cấp 3)]</color> của <color=#FFFF00>phụ thân</color>.<br><color=#00FF00>Liên quan đến tính năng phụ thân, có thể đến Phụng Minh Trấn tìm Chu Ỷ Thiên để tìm hiểu và thao tác",3
31020064,Sách kỹ năng: Huyết Khí Nộ Lưu (Cấp 4),fuqiskill_10,1,1,true,4,1,true,true,false,15000,-1,-1,FS_1454,-1,Đạo cụ đặc thù,"Kỹ năng phục hồi huyết, khí, nộ khí cho chủ nhân. Có thể sử dụng để làm nguyên liệu <color=#00FF00>thăng cấp kỹ năng</color> <color=#FFFF00>[Huyết Khí Nộ Lưu (Cấp 3)]</color> lên <color=#FFFF00>[Huyết Khí Nộ Lưu (Cấp 4)]</color> của <color=#FFFF00>phụ thân</color>.<br><color=#00FF00>Liên quan đến tính năng phụ thân, có thể đến Phụng Minh Trấn tìm Chu Ỷ Thiên để tìm hiểu và thao tác",3
31020065,Sách kỹ năng: Huyết Khí Nộ Lưu (Cấp 5),fuqiskill_10,1,1,true,4,1,true,true,false,15000,-1,-1,FS_1455,-1,Đạo cụ đặc thù,"Kỹ năng phục hồi huyết, khí, nộ khí cho chủ nhân. Có thể sử dụng để làm nguyên liệu <color=#00FF00>thăng cấp kỹ năng</color> <color=#FFFF00>[Huyết Khí Nộ Lưu (Cấp 4)]</color> lên <color=#FFFF00>[Huyết Khí Nộ Lưu (Cấp 5)]</color> của <color=#FFFF00>phụ thân</color>.<br><color=#00FF00>Liên quan đến tính năng phụ thân, có thể đến Phụng Minh Trấn tìm Chu Ỷ Thiên để tìm hiểu và thao tác",3
31020066,Sách kỹ năng: Huyết Khí Nộ Lưu (Cấp 6),fuqiskill_10,1,1,true,4,1,true,true,false,15000,-1,-1,FS_1456,-1,Đạo cụ đặc thù,"Kỹ năng phục hồi huyết, khí, nộ khí cho chủ nhân. Có thể sử dụng để làm nguyên liệu <color=#00FF00>thăng cấp kỹ năng</color> <color=#FFFF00>[Huyết Khí Nộ Lưu (Cấp 5)]</color> lên <color=#FFFF00>[Huyết Khí Nộ Lưu (Cấp 6)]</color> của <color=#FFFF00>phụ thân</color>.<br><color=#00FF00>Liên quan đến tính năng phụ thân, có thể đến Phụng Minh Trấn tìm Chu Ỷ Thiên để tìm hiểu và thao tác",3
31020067,Sách kỹ năng: Huyết Khí Nộ Lưu (Cấp 7),fuqiskill_10,1,1,true,4,1,true,true,false,15000,-1,-1,FS_1457,-1,Đạo cụ đặc thù,"Kỹ năng phục hồi huyết, khí, nộ khí cho chủ nhân. Có thể sử dụng để làm nguyên liệu <color=#00FF00>thăng cấp kỹ năng</color> <color=#FFFF00>[Huyết Khí Nộ Lưu (Cấp 6)]</color> lên <color=#FFFF00>[Huyết Khí Nộ Lưu (Cấp 7)]</color> của <color=#FFFF00>phụ thân</color>.<br><color=#00FF00>Liên quan đến tính năng phụ thân, có thể đến Phụng Minh Trấn tìm Chu Ỷ Thiên để tìm hiểu và thao tác",3
31020068,Sách kỹ năng: Huyết Khí Nộ Lưu (Cấp 8),fuqiskill_10,1,1,true,4,1,true,true,false,15000,-1,-1,FS_1458,-1,Đạo cụ đặc thù,"Kỹ năng phục hồi huyết, khí, nộ khí cho chủ nhân. Có thể sử dụng để làm nguyên liệu <color=#00FF00>thăng cấp kỹ năng</color> <color=#FFFF00>[Huyết Khí Nộ Lưu (Cấp 7)]</color> lên <color=#FFFF00>[Huyết Khí Nộ Lưu (Cấp 8)]</color> của <color=#FFFF00>phụ thân</color>.<br><color=#00FF00>Liên quan đến tính năng phụ thân, có thể đến Phụng Minh Trấn tìm Chu Ỷ Thiên để tìm hiểu và thao tác",3
31020069,Sách kỹ năng: Huyết Khí Nộ Lưu (Cấp 9),fuqiskill_10,1,1,true,4,1,true,true,false,15000,-1,-1,FS_1459,-1,Đạo cụ đặc thù,"Kỹ năng phục hồi huyết, khí, nộ khí cho chủ nhân. Có thể sử dụng để làm nguyên liệu <color=#00FF00>thăng cấp kỹ năng</color> <color=#FFFF00>[Huyết Khí Nộ Lưu (Cấp 8)]</color> lên <color=#FFFF00>[Huyết Khí Nộ Lưu (Cấp 9)]</color> của <color=#FFFF00>phụ thân</color>.<br><color=#00FF00>Liên quan đến tính năng phụ thân, có thể đến Phụng Minh Trấn tìm Chu Ỷ Thiên để tìm hiểu và thao tác",3
31020070,Sách kỹ năng: Huyết Khí Nộ Lưu (Cấp 10),fuqiskill_10,1,1,true,4,1,true,true,false,15000,-1,-1,FS_1460,-1,Đạo cụ đặc thù,"Kỹ năng phục hồi huyết, khí, nộ khí cho chủ nhân. Có thể sử dụng để làm nguyên liệu <color=#00FF00>thăng cấp kỹ năng</color> <color=#FFFF00>[Huyết Khí Nộ Lưu (Cấp 9)]</color> lên <color=#FFFF00>[Huyết Khí Nộ Lưu (Cấp 10)]</color> của <color=#FFFF00>phụ thân</color>.<br><color=#00FF00>Liên quan đến tính năng phụ thân, có thể đến Phụng Minh Trấn tìm Chu Ỷ Thiên để tìm hiểu và thao tác",3
31020071,Sách kỹ năng: Huyết Liệu (Cấp 1),PetSkill4_4,1,1,true,4,1,true,true,false,15000,-1,-1,FS_1461,-1,Đạo cụ đặc thù,"Kỹ năng phục hồi huyết cho chủ nhân. Có thể sử dụng để <color=#00FF00>học kỹ năng</color> <color=#FFFF00>[Huyết Liệu (Cấp 1)]</color> của <color=#FFFF00>phụ thân</color>.<br><color=#00FF00>Liên quan đến tính năng phụ thân, có thể đến Phụng Minh Trấn tìm Chu Ỷ Thiên để tìm hiểu và thao tác",3
31020072,Sách kỹ năng: Huyết Liệu (Cấp 2),PetSkill4_4,1,1,true,4,1,true,true,false,15000,-1,-1,FS_1462,-1,Đạo cụ đặc thù,"Kỹ năng phục hồi huyết cho chủ nhân. Có thể sử dụng để <color=#00FF00>học kỹ năng</color> <color=#FFFF00>[Huyết Liệu (Cấp 2)]</color> của <color=#FFFF00>phụ thân</color>.<br><color=#00FF00>Liên quan đến tính năng phụ thân, có thể đến Phụng Minh Trấn tìm Chu Ỷ Thiên để tìm hiểu và thao tác",3
31020073,Sách kỹ năng: Huyết Liệu (Cấp 3),PetSkill4_4,1,1,true,4,1,true,true,false,15000,-1,-1,FS_1463,-1,Đạo cụ đặc thù,"Kỹ năng phục hồi huyết cho chủ nhân. Có thể sử dụng để <color=#00FF00>học kỹ năng</color> <color=#FFFF00>[Huyết Liệu (Cấp 3)]</color> của <color=#FFFF00>phụ thân</color>.<br><color=#00FF00>Liên quan đến tính năng phụ thân, có thể đến Phụng Minh Trấn tìm Chu Ỷ Thiên để tìm hiểu và thao tác",3
31020074,Sách kỹ năng: Huyết Liệu (Cấp 4),PetSkill4_4,1,1,true,4,1,true,true,false,15000,-1,-1,FS_1464,-1,Đạo cụ đặc thù,"Kỹ năng phục hồi huyết cho chủ nhân. Có thể sử dụng để <color=#00FF00>học kỹ năng</color> <color=#FFFF00>[Huyết Liệu (Cấp 4)]</color> của <color=#FFFF00>phụ thân</color>.<br><color=#00FF00>Liên quan đến tính năng phụ thân, có thể đến Phụng Minh Trấn tìm Chu Ỷ Thiên để tìm hiểu và thao tác",3
31020075,Sách kỹ năng: Huyết Liệu (Cấp 5),PetSkill4_4,1,1,true,4,1,true,true,false,15000,-1,-1,FS_1465,-1,Đạo cụ đặc thù,"Kỹ năng phục hồi huyết cho chủ nhân. Có thể sử dụng để <color=#00FF00>học kỹ năng</color> <color=#FFFF00>[Huyết Liệu (Cấp 5)]</color> của <color=#FFFF00>phụ thân</color>.<br><color=#00FF00>Liên quan đến tính năng phụ thân, có thể đến Phụng Minh Trấn tìm Chu Ỷ Thiên để tìm hiểu và thao tác",3
31020076,Sách kỹ năng: Huyết Liệu (Cấp 6),PetSkill4_4,1,1,true,4,1,true,true,false,15000,-1,-1,FS_1466,-1,Đạo cụ đặc thù,"Kỹ năng phục hồi huyết cho chủ nhân. Có thể sử dụng để <color=#00FF00>học kỹ năng</color> <color=#FFFF00>[Huyết Liệu (Cấp 6)]</color> của <color=#FFFF00>phụ thân</color>.<br><color=#00FF00>Liên quan đến tính năng phụ thân, có thể đến Phụng Minh Trấn tìm Chu Ỷ Thiên để tìm hiểu và thao tác",3
31020077,Sách kỹ năng: Huyết Liệu (Cấp 7),PetSkill4_4,1,1,true,4,1,true,true,false,15000,-1,-1,FS_1467,-1,Đạo cụ đặc thù,"Kỹ năng phục hồi huyết cho chủ nhân. Có thể sử dụng để <color=#00FF00>học kỹ năng</color> <color=#FFFF00>[Huyết Liệu (Cấp 7)]</color> của <color=#FFFF00>phụ thân</color>.<br><color=#00FF00>Liên quan đến tính năng phụ thân, có thể đến Phụng Minh Trấn tìm Chu Ỷ Thiên để tìm hiểu và thao tác",3
31020078,Sách kỹ năng: Huyết Liệu (Cấp 8),PetSkill4_4,1,1,true,4,1,true,true,false,15000,-1,-1,FS_1468,-1,Đạo cụ đặc thù,"Kỹ năng phục hồi huyết cho chủ nhân. Có thể sử dụng để <color=#00FF00>học kỹ năng</color> <color=#FFFF00>[Huyết Liệu (Cấp 8)]</color> của <color=#FFFF00>phụ thân</color>.<br><color=#00FF00>Liên quan đến tính năng phụ thân, có thể đến Phụng Minh Trấn tìm Chu Ỷ Thiên để tìm hiểu và thao tác",3
31020079,Sách kỹ năng: Huyết Liệu (Cấp 9),PetSkill4_4,1,1,true,4,1,true,true,false,15000,-1,-1,FS_1469,-1,Đạo cụ đặc thù,"Kỹ năng phục hồi huyết cho chủ nhân. Có thể sử dụng để <color=#00FF00>học kỹ năng</color> <color=#FFFF00>[Huyết Liệu (Cấp 9)]</color> của <color=#FFFF00>phụ thân</color>.<br><color=#00FF00>Liên quan đến tính năng phụ thân, có thể đến Phụng Minh Trấn tìm Chu Ỷ Thiên để tìm hiểu và thao tác",3
31020080,Sách kỹ năng: Huyết Liệu (Cấp 10),PetSkill4_4,1,1,true,4,1,true,true,false,15000,-1,-1,FS_1470,-1,Đạo cụ đặc thù,"Kỹ năng phục hồi huyết cho chủ nhân. Có thể sử dụng để <color=#00FF00>học kỹ năng</color> <color=#FFFF00>[Huyết Liệu (Cấp 10)]</color> của <color=#FFFF00>phụ thân</color>.<br><color=#00FF00>Liên quan đến tính năng phụ thân, có thể đến Phụng Minh Trấn tìm Chu Ỷ Thiên để tìm hiểu và thao tác",3
31020081,Sách kỹ năng: Khí Liệu (Cấp 1),PetSkill4_3,1,1,true,4,1,true,true,false,15000,-1,-1,FS_1471,-1,Đạo cụ đặc thù,"Kỹ năng phục hồi khí cho chủ nhân. Có thể sử dụng để <color=#00FF00>học kỹ năng</color> <color=#FFFF00>[Khí Liệu (Cấp 1)]</color> của <color=#FFFF00>phụ thân</color>.<br><color=#00FF00>Liên quan đến tính năng phụ thân, có thể đến Phụng Minh Trấn tìm Chu Ỷ Thiên để tìm hiểu và thao tác",3
31020082,Sách kỹ năng: Khí Liệu (Cấp 2),PetSkill4_3,1,1,true,4,1,true,true,false,15000,-1,-1,FS_1472,-1,Đạo cụ đặc thù,"Kỹ năng phục hồi khí cho chủ nhân. Có thể sử dụng để <color=#00FF00>học kỹ năng</color> <color=#FFFF00>[Khí Liệu (Cấp 2)]</color> của <color=#FFFF00>phụ thân</color>.<br><color=#00FF00>Liên quan đến tính năng phụ thân, có thể đến Phụng Minh Trấn tìm Chu Ỷ Thiên để tìm hiểu và thao tác",3
31020083,Sách kỹ năng: Khí Liệu (Cấp 3),PetSkill4_3,1,1,true,4,1,true,true,false,15000,-1,-1,FS_1473,-1,Đạo cụ đặc thù,"Kỹ năng phục hồi khí cho chủ nhân. Có thể sử dụng để <color=#00FF00>học kỹ năng</color> <color=#FFFF00>[Khí Liệu (Cấp 3)]</color> của <color=#FFFF00>phụ thân</color>.<br><color=#00FF00>Liên quan đến tính năng phụ thân, có thể đến Phụng Minh Trấn tìm Chu Ỷ Thiên để tìm hiểu và thao tác",3
31020084,Sách kỹ năng: Khí Liệu (Cấp 4),PetSkill4_3,1,1,true,4,1,true,true,false,15000,-1,-1,FS_1474,-1,Đạo cụ đặc thù,"Kỹ năng phục hồi khí cho chủ nhân. Có thể sử dụng để <color=#00FF00>học kỹ năng</color> <color=#FFFF00>[Khí Liệu (Cấp 4)]</color> của <color=#FFFF00>phụ thân</color>.<br><color=#00FF00>Liên quan đến tính năng phụ thân, có thể đến Phụng Minh Trấn tìm Chu Ỷ Thiên để tìm hiểu và thao tác",3
31020085,Sách kỹ năng: Khí Liệu (Cấp 5),PetSkill4_3,1,1,true,4,1,true,true,false,15000,-1,-1,FS_1475,-1,Đạo cụ đặc thù,"Kỹ năng phục hồi khí cho chủ nhân. Có thể sử dụng để <color=#00FF00>học kỹ năng</color> <color=#FFFF00>[Khí Liệu (Cấp 5)]</color> của <color=#FFFF00>phụ thân</color>.<br><color=#00FF00>Liên quan đến tính năng phụ thân, có thể đến Phụng Minh Trấn tìm Chu Ỷ Thiên để tìm hiểu và thao tác",3
31020086,Sách kỹ năng: Khí Liệu (Cấp 6),PetSkill4_3,1,1,true,4,1,true,true,false,15000,-1,-1,FS_1476,-1,Đạo cụ đặc thù,"Kỹ năng phục hồi khí cho chủ nhân. Có thể sử dụng để <color=#00FF00>học kỹ năng</color> <color=#FFFF00>[Khí Liệu (Cấp 6)]</color> của <color=#FFFF00>phụ thân</color>.<br><color=#00FF00>Liên quan đến tính năng phụ thân, có thể đến Phụng Minh Trấn tìm Chu Ỷ Thiên để tìm hiểu và thao tác",3
31020087,Sách kỹ năng: Khí Liệu (Cấp 7),PetSkill4_3,1,1,true,4,1,true,true,false,15000,-1,-1,FS_1477,-1,Đạo cụ đặc thù,"Kỹ năng phục hồi khí cho chủ nhân. Có thể sử dụng để <color=#00FF00>học kỹ năng</color> <color=#FFFF00>[Khí Liệu (Cấp 7)]</color> của <color=#FFFF00>phụ thân</color>.<br><color=#00FF00>Liên quan đến tính năng phụ thân, có thể đến Phụng Minh Trấn tìm Chu Ỷ Thiên để tìm hiểu và thao tác",3
31020088,Sách kỹ năng: Khí Liệu (Cấp 8),PetSkill4_3,1,1,true,4,1,true,true,false,15000,-1,-1,FS_1478,-1,Đạo cụ đặc thù,"Kỹ năng phục hồi khí cho chủ nhân. Có thể sử dụng để <color=#00FF00>học kỹ năng</color> <color=#FFFF00>[Khí Liệu (Cấp 8)]</color> của <color=#FFFF00>phụ thân</color>.<br><color=#00FF00>Liên quan đến tính năng phụ thân, có thể đến Phụng Minh Trấn tìm Chu Ỷ Thiên để tìm hiểu và thao tác",3
31020089,Sách kỹ năng: Khí Liệu (Cấp 9),PetSkill4_3,1,1,true,4,1,true,true,false,15000,-1,-1,FS_1479,-1,Đạo cụ đặc thù,"Kỹ năng phục hồi khí cho chủ nhân. Có thể sử dụng để <color=#00FF00>học kỹ năng</color> <color=#FFFF00>[Khí Liệu (Cấp 9)]</color> của <color=#FFFF00>phụ thân</color>.<br><color=#00FF00>Liên quan đến tính năng phụ thân, có thể đến Phụng Minh Trấn tìm Chu Ỷ Thiên để tìm hiểu và thao tác",3
31020090,Sách kỹ năng: Khí Liệu (Cấp 10),PetSkill4_3,1,1,true,4,1,true,true,false,15000,-1,-1,FS_1480,-1,Đạo cụ đặc thù,"Kỹ năng phục hồi khí cho chủ nhân. Có thể sử dụng để <color=#00FF00>học kỹ năng</color> <color=#FFFF00>[Khí Liệu (Cấp 10)]</color> của <color=#FFFF00>phụ thân</color>.<br><color=#00FF00>Liên quan đến tính năng phụ thân, có thể đến Phụng Minh Trấn tìm Chu Ỷ Thiên để tìm hiểu và thao tác",3
31030000,Thần Bí Bảo Hạp - Phiêu Phiêu Áp,taiwanzhuanyong9_14,1,1,false,4,1,true,true,false,15000,-1,-1,FSF_1,9999987,Phụ thân bảo hạp,"Chiếc hộp kỳ lạ, dung hòa sức mạnh của âm dương. Mở ra nhận được <color=#00FF00>phụ thân</color> tương ứng đẳng cấp <color=#FFFF00>1</color>.",3
31030001,Thần Bí Bảo Hạp - Phiêu Phiêu Thố,taiwanzhuanyong9_14,1,1,false,4,1,true,true,false,15000,-1,-1,FSF_2,9999987,Phụ thân bảo hạp,"Chiếc hộp kỳ lạ, dung hòa sức mạnh của âm dương. Mở ra nhận được <color=#00FF00>phụ thân</color> tương ứng đẳng cấp <color=#FFFF00>1</color>.",3
31030002,Thần Bí Bảo Hạp - Thố,taiwanzhuanyong9_14,1,1,false,4,1,true,true,false,15000,-1,-1,FSF_3,9999987,Phụ thân bảo hạp,"Chiếc hộp kỳ lạ, dung hòa sức mạnh của âm dương. Mở ra nhận được <color=#00FF00>phụ thân</color> tương ứng đẳng cấp <color=#FFFF00>1</color>.",3
31030003,Thần Bí Bảo Hạp - Thố,taiwanzhuanyong9_14,1,1,false,4,1,true,true,false,15000,-1,-1,FSF_4,9999987,Phụ thân bảo hạp,"Chiếc hộp kỳ lạ, dung hòa sức mạnh của âm dương. Mở ra nhận được <color=#00FF00>phụ thân</color> tương ứng đẳng cấp <color=#FFFF00>1</color>.",3
31030004,Thần Bí Bảo Hạp - Yến Tử,taiwanzhuanyong9_14,1,1,false,4,1,true,true,false,15000,-1,-1,FSF_6,9999987,Phụ thân bảo hạp,"Chiếc hộp kỳ lạ, dung hòa sức mạnh của âm dương. Mở ra nhận được <color=#00FF00>phụ thân</color> tương ứng đẳng cấp <color=#FFFF00>1</color>.",3
31030005,Thần Bí Bảo Hạp - Yến Tử,taiwanzhuanyong9_14,1,1,false,4,1,true,true,false,15000,-1,-1,FSF_7,9999987,Phụ thân bảo hạp,"Chiếc hộp kỳ lạ, dung hòa sức mạnh của âm dương. Mở ra nhận được <color=#00FF00>phụ thân</color> tương ứng đẳng cấp <color=#FFFF00>1</color>.",3
31030006,Thần Bí Bảo Hạp - Quy,taiwanzhuanyong9_14,1,1,false,4,1,true,true,false,15000,-1,-1,FSF_9,9999987,Phụ thân bảo hạp,"Chiếc hộp kỳ lạ, dung hòa sức mạnh của âm dương. Mở ra nhận được <color=#00FF00>phụ thân</color> tương ứng đẳng cấp <color=#FFFF00>1</color>.",3
31030007,Thần Bí Bảo Hạp - Quy,taiwanzhuanyong9_14,1,1,false,4,1,true,true,false,15000,-1,-1,FSF_10,9999987,Phụ thân bảo hạp,"Chiếc hộp kỳ lạ, dung hòa sức mạnh của âm dương. Mở ra nhận được <color=#00FF00>phụ thân</color> tương ứng đẳng cấp <color=#FFFF00>1</color>.",3
31030008,Thần Bí Bảo Hạp - Anh Vũ A,taiwanzhuanyong9_14,1,1,false,4,1,true,true,false,15000,-1,-1,FSF_29,9999987,Phụ thân bảo hạp,"Chiếc hộp kỳ lạ, dung hòa sức mạnh của âm dương. Mở ra nhận được <color=#00FF00>phụ thân</color> tương ứng đẳng cấp <color=#FFFF00>1</color>.",3
31030009,Thần Bí Bảo Hạp - Anh Vũ B,taiwanzhuanyong9_14,1,1,false,4,1,true,true,false,15000,-1,-1,FSF_30,9999987,Phụ thân bảo hạp,"Chiếc hộp kỳ lạ, dung hòa sức mạnh của âm dương. Mở ra nhận được <color=#00FF00>phụ thân</color> tương ứng đẳng cấp <color=#FFFF00>1</color>.",3
31030010,Thần Bí Bảo Hạp - Anh Vũ C,taiwanzhuanyong9_14,1,1,false,4,1,true,true,false,15000,-1,-1,FSF_31,9999987,Phụ thân bảo hạp,"Chiếc hộp kỳ lạ, dung hòa sức mạnh của âm dương. Mở ra nhận được <color=#00FF00>phụ thân</color> tương ứng đẳng cấp <color=#FFFF00>1</color>.",3
31030011,Thần Bí Bảo Hạp - Anh Vũ D,taiwanzhuanyong9_14,1,1,false,4,1,true,true,false,15000,-1,-1,FSF_32,9999987,Phụ thân bảo hạp,"Chiếc hộp kỳ lạ, dung hòa sức mạnh của âm dương. Mở ra nhận được <color=#00FF00>phụ thân</color> tương ứng đẳng cấp <color=#FFFF00>1</color>.",3
31030012,Thần Bí Bảo Hạp - Tích Dịch A,taiwanzhuanyong9_14,1,1,false,4,1,true,true,false,15000,-1,-1,FSF_33,9999987,Phụ thân bảo hạp,"Chiếc hộp kỳ lạ, dung hòa sức mạnh của âm dương. Mở ra nhận được <color=#00FF00>phụ thân</color> tương ứng đẳng cấp <color=#FFFF00>1</color>.",3
31030013,Thần Bí Bảo Hạp - Tích Dịch B,taiwanzhuanyong9_14,1,1,false,4,1,true,true,false,15000,-1,-1,FSF_34,9999987,Phụ thân bảo hạp,"Chiếc hộp kỳ lạ, dung hòa sức mạnh của âm dương. Mở ra nhận được <color=#00FF00>phụ thân</color> tương ứng đẳng cấp <color=#FFFF00>1</color>.",3
31030014,Thần Bí Bảo Hạp - Tích Dịch C,taiwanzhuanyong9_14,1,1,false,4,1,true,true,false,15000,-1,-1,FSF_35,9999987,Phụ thân bảo hạp,"Chiếc hộp kỳ lạ, dung hòa sức mạnh của âm dương. Mở ra nhận được <color=#00FF00>phụ thân</color> tương ứng đẳng cấp <color=#FFFF00>1</color>.",3
31030015,Thần Bí Bảo Hạp - Tích Dịch D,taiwanzhuanyong9_14,1,1,false,4,1,true,true,false,15000,-1,-1,FSF_36,9999987,Phụ thân bảo hạp,"Chiếc hộp kỳ lạ, dung hòa sức mạnh của âm dương. Mở ra nhận được <color=#00FF00>phụ thân</color> tương ứng đẳng cấp <color=#FFFF00>1</color>.",3
31030016,Thần Bí Bảo Hạp - Miêu Đầu Ưng A,taiwanzhuanyong9_14,1,1,false,4,1,true,true,false,15000,-1,-1,FSF_49,9999987,Phụ thân bảo hạp,"Chiếc hộp kỳ lạ, dung hòa sức mạnh của âm dương. Mở ra nhận được <color=#00FF00>phụ thân</color> tương ứng đẳng cấp <color=#FFFF00>1</color>.",3
31030017,Thần Bí Bảo Hạp - Miêu Đầu Ưng B,taiwanzhuanyong9_14,1,1,false,4,1,true,true,false,15000,-1,-1,FSF_50,9999987,Phụ thân bảo hạp,"Chiếc hộp kỳ lạ, dung hòa sức mạnh của âm dương. Mở ra nhận được <color=#00FF00>phụ thân</color> tương ứng đẳng cấp <color=#FFFF00>1</color>.",3
31030018,Thần Bí Bảo Hạp - Miêu Đầu Ưng C,taiwanzhuanyong9_14,1,1,false,4,1,true,true,false,15000,-1,-1,FSF_51,9999987,Phụ thân bảo hạp,"Chiếc hộp kỳ lạ, dung hòa sức mạnh của âm dương. Mở ra nhận được <color=#00FF00>phụ thân</color> tương ứng đẳng cấp <color=#FFFF00>1</color>.",3
31030019,Thần Bí Bảo Hạp - Miêu Đầu Ưng D,taiwanzhuanyong9_14,1,1,false,4,1,true,true,false,15000,-1,-1,FSF_52,9999987,Phụ thân bảo hạp,"Chiếc hộp kỳ lạ, dung hòa sức mạnh của âm dương. Mở ra nhận được <color=#00FF00>phụ thân</color> tương ứng đẳng cấp <color=#FFFF00>1</color>.",3
31030020,Thần Bí Bảo Hạp - Ưng A,taiwanzhuanyong9_14,1,1,false,4,1,true,true,false,15000,-1,-1,FSF_75,9999987,Phụ thân bảo hạp,"Chiếc hộp kỳ lạ, dung hòa sức mạnh của âm dương. Mở ra nhận được <color=#00FF00>phụ thân</color> tương ứng đẳng cấp <color=#FFFF00>1</color>.",3
31030021,Thần Bí Bảo Hạp - Ưng B,taiwanzhuanyong9_14,1,1,false,4,1,true,true,false,15000,-1,-1,FSF_76,9999987,Phụ thân bảo hạp,"Chiếc hộp kỳ lạ, dung hòa sức mạnh của âm dương. Mở ra nhận được <color=#00FF00>phụ thân</color> tương ứng đẳng cấp <color=#FFFF00>1</color>.",3
31030022,Thần Bí Bảo Hạp - Ưng C,taiwanzhuanyong9_14,1,1,false,4,1,true,true,false,15000,-1,-1,FSF_77,9999987,Phụ thân bảo hạp,"Chiếc hộp kỳ lạ, dung hòa sức mạnh của âm dương. Mở ra nhận được <color=#00FF00>phụ thân</color> tương ứng đẳng cấp <color=#FFFF00>1</color>.",3
31030023,Thần Bí Bảo Hạp - Ưng D,taiwanzhuanyong9_14,1,1,false,4,1,true,true,false,15000,-1,-1,FSF_78,9999987,Phụ thân bảo hạp,"Chiếc hộp kỳ lạ, dung hòa sức mạnh của âm dương. Mở ra nhận được <color=#00FF00>phụ thân</color> tương ứng đẳng cấp <color=#FFFF00>1</color>.",3
31030024,Thần Bí Bảo Hạp - Ưng E,taiwanzhuanyong9_14,1,1,false,4,1,true,true,false,15000,-1,-1,FSF_79,9999987,Phụ thân bảo hạp,"Chiếc hộp kỳ lạ, dung hòa sức mạnh của âm dương. Mở ra nhận được <color=#00FF00>phụ thân</color> tương ứng đẳng cấp <color=#FFFF00>1</color>.",3
31030025,Thần Bí Bảo Hạp - Băng Điêu Long,taiwanzhuanyong9_14,1,1,false,4,1,true,true,false,15000,-1,-1,FSF_984,9999987,Phụ thân bảo hạp,"Chiếc hộp kỳ lạ, dung hòa sức mạnh của âm dương. Mở ra nhận được <color=#00FF00>phụ thân</color> tương ứng đẳng cấp <color=#FFFF00>1</color>.",3
31030026,Thần Bí Bảo Hạp - Linh Mị Nhi,taiwanzhuanyong9_14,1,1,false,4,1,true,true,false,15000,-1,-1,FSF_1770,9999987,Phụ thân bảo hạp,"Chiếc hộp kỳ lạ, dung hòa sức mạnh của âm dương. Mở ra nhận được <color=#00FF00>phụ thân</color> tương ứng đẳng cấp <color=#FFFF00>1</color>.",3
36000000,Bách Biến Như Ý - Phiêu Phiêu Áp,TaskTools4_4,1,1,false,4,1,true,true,false,15000,-1,-1,BSF_1,9999989,Biến thân phù,"Viên đá quý hiếm, sử dụng giúp các hạ học được khả năng <color=#FFFF00>biến hình</color> thành sinh vật tương ứng, có thể tắt bật và chọn loại biến thân tùy ý tại giao diện <color=#00FF00>Biến thân</color>.",3
36000001,Bách Biến Như Ý - Tiểu Thần Long,TaskTools4_4,1,1,false,4,1,true,true,false,15000,-1,-1,BSF_1257,9999989,Biến thân phù,"Viên đá quý hiếm, sử dụng giúp các hạ học được khả năng <color=#FFFF00>biến hình</color> thành sinh vật tương ứng, có thể tắt bật và chọn loại biến thân tùy ý tại giao diện <color=#00FF00>Biến thân</color>.",3
36000002,Bách Biến Như Ý - Thố Tử Bảo Bảo,TaskTools4_4,1,1,false,4,1,true,true,false,15000,-1,-1,BSF_5,9999989,Biến thân phù,"Viên đá quý hiếm, sử dụng giúp các hạ học được khả năng <color=#FFFF00>biến hình</color> thành sinh vật tương ứng, có thể tắt bật và chọn loại biến thân tùy ý tại giao diện <color=#00FF00>Biến thân</color>.",3
36000003,Bách Biến Như Ý - Thố Biến Dị,TaskTools4_4,1,1,false,4,1,true,true,false,15000,-1,-1,BSF_4,9999989,Biến thân phù,"Viên đá quý hiếm, sử dụng giúp các hạ học được khả năng <color=#FFFF00>biến hình</color> thành sinh vật tương ứng, có thể tắt bật và chọn loại biến thân tùy ý tại giao diện <color=#00FF00>Biến thân</color>.",3
36000004,Bách Biến Như Ý - Quy Biến Dị,TaskTools4_4,1,1,false,4,1,true,true,false,15000,-1,-1,BSF_10,9999989,Biến thân phù,"Viên đá quý hiếm, sử dụng giúp các hạ học được khả năng <color=#FFFF00>biến hình</color> thành sinh vật tương ứng, có thể tắt bật và chọn loại biến thân tùy ý tại giao diện <color=#00FF00>Biến thân</color>.",3
36000005,Bách Biến Như Ý - Quy Bảo Bảo,TaskTools4_4,1,1,false,4,1,true,true,false,15000,-1,-1,BSF_11,9999989,Biến thân phù,"Viên đá quý hiếm, sử dụng giúp các hạ học được khả năng <color=#FFFF00>biến hình</color> thành sinh vật tương ứng, có thể tắt bật và chọn loại biến thân tùy ý tại giao diện <color=#00FF00>Biến thân</color>.",3
36000006,Bách Biến Như Ý - Cẩu Tử Biến Dị,TaskTools4_4,1,1,false,4,1,true,true,false,15000,-1,-1,BSF_13,9999989,Biến thân phù,"Viên đá quý hiếm, sử dụng giúp các hạ học được khả năng <color=#FFFF00>biến hình</color> thành sinh vật tương ứng, có thể tắt bật và chọn loại biến thân tùy ý tại giao diện <color=#00FF00>Biến thân</color>.",3
36000007,Bách Biến Như Ý - Cẩu Tử Bảo Bảo,TaskTools4_4,1,1,false,4,1,true,true,false,15000,-1,-1,BSF_14,9999989,Biến thân phù,"Viên đá quý hiếm, sử dụng giúp các hạ học được khả năng <color=#FFFF00>biến hình</color> thành sinh vật tương ứng, có thể tắt bật và chọn loại biến thân tùy ý tại giao diện <color=#00FF00>Biến thân</color>.",3
36000008,Bách Biến Như Ý - Anh Vũ Biến Dị,TaskTools4_4,1,1,false,4,1,true,true,false,15000,-1,-1,BSF_30,9999989,Biến thân phù,"Viên đá quý hiếm, sử dụng giúp các hạ học được khả năng <color=#FFFF00>biến hình</color> thành sinh vật tương ứng, có thể tắt bật và chọn loại biến thân tùy ý tại giao diện <color=#00FF00>Biến thân</color>.",3
36000009,Bách Biến Như Ý - Anh Vũ Biến Dị,TaskTools4_4,1,1,false,4,1,true,true,false,15000,-1,-1,BSF_31,9999989,Biến thân phù,"Viên đá quý hiếm, sử dụng giúp các hạ học được khả năng <color=#FFFF00>biến hình</color> thành sinh vật tương ứng, có thể tắt bật và chọn loại biến thân tùy ý tại giao diện <color=#00FF00>Biến thân</color>.",3
36000010,Bách Biến Như Ý - Anh Vũ Bảo Bảo,TaskTools4_4,1,1,false,4,1,true,true,false,15000,-1,-1,BSF_32,9999989,Biến thân phù,"Viên đá quý hiếm, sử dụng giúp các hạ học được khả năng <color=#FFFF00>biến hình</color> thành sinh vật tương ứng, có thể tắt bật và chọn loại biến thân tùy ý tại giao diện <color=#00FF00>Biến thân</color>.",3
36000011,Bách Biến Như Ý - Đường Lang Biến Dị,TaskTools4_4,1,1,false,4,1,true,true,false,15000,-1,-1,BSF_42,9999989,Biến thân phù,"Viên đá quý hiếm, sử dụng giúp các hạ học được khả năng <color=#FFFF00>biến hình</color> thành sinh vật tương ứng, có thể tắt bật và chọn loại biến thân tùy ý tại giao diện <color=#00FF00>Biến thân</color>.",3
36000012,Bách Biến Như Ý - Đường Lang Biến Dị,TaskTools4_4,1,1,false,4,1,true,true,false,15000,-1,-1,BSF_43,9999989,Biến thân phù,"Viên đá quý hiếm, sử dụng giúp các hạ học được khả năng <color=#FFFF00>biến hình</color> thành sinh vật tương ứng, có thể tắt bật và chọn loại biến thân tùy ý tại giao diện <color=#00FF00>Biến thân</color>.",3
36000013,Bách Biến Như Ý - Đường Lang Bảo Bảo,TaskTools4_4,1,1,false,4,1,true,true,false,15000,-1,-1,BSF_44,9999989,Biến thân phù,"Viên đá quý hiếm, sử dụng giúp các hạ học được khả năng <color=#FFFF00>biến hình</color> thành sinh vật tương ứng, có thể tắt bật và chọn loại biến thân tùy ý tại giao diện <color=#00FF00>Biến thân</color>.",3
36000014,Bách Biến Như Ý - Yến Tử Biến Dị,TaskTools4_4,1,1,false,4,1,true,true,false,15000,-1,-1,BSF_7,9999989,Biến thân phù,"Viên đá quý hiếm, sử dụng giúp các hạ học được khả năng <color=#FFFF00>biến hình</color> thành sinh vật tương ứng, có thể tắt bật và chọn loại biến thân tùy ý tại giao diện <color=#00FF00>Biến thân</color>.",3
36000015,Bách Biến Như Ý - Yến Tử Bảo Bảo,TaskTools4_4,1,1,false,4,1,true,true,false,15000,-1,-1,BSF_8,9999989,Biến thân phù,"Viên đá quý hiếm, sử dụng giúp các hạ học được khả năng <color=#FFFF00>biến hình</color> thành sinh vật tương ứng, có thể tắt bật và chọn loại biến thân tùy ý tại giao diện <color=#00FF00>Biến thân</color>.",3
36000016,Bách Biến Như Ý - Nhím Biến Dị,TaskTools4_4,1,1,false,4,1,true,true,false,15000,-1,-1,BSF_16,9999989,Biến thân phù,"Viên đá quý hiếm, sử dụng giúp các hạ học được khả năng <color=#FFFF00>biến hình</color> thành sinh vật tương ứng, có thể tắt bật và chọn loại biến thân tùy ý tại giao diện <color=#00FF00>Biến thân</color>.",3
36000017,Bách Biến Như Ý - Nhím Bảo Bảo,TaskTools4_4,1,1,false,4,1,true,true,false,15000,-1,-1,BSF_17,9999989,Biến thân phù,"Viên đá quý hiếm, sử dụng giúp các hạ học được khả năng <color=#FFFF00>biến hình</color> thành sinh vật tương ứng, có thể tắt bật và chọn loại biến thân tùy ý tại giao diện <color=#00FF00>Biến thân</color>.",3
36000018,Bách Biến Như Ý - Hầu Tử Biến Dị,TaskTools4_4,1,1,false,4,1,true,true,false,15000,-1,-1,BSF_19,9999989,Biến thân phù,"Viên đá quý hiếm, sử dụng giúp các hạ học được khả năng <color=#FFFF00>biến hình</color> thành sinh vật tương ứng, có thể tắt bật và chọn loại biến thân tùy ý tại giao diện <color=#00FF00>Biến thân</color>.",3
36000019,Bách Biến Như Ý - Hầu Tử Bảo Bảo,TaskTools4_4,1,1,false,4,1,true,true,false,15000,-1,-1,BSF_20,9999989,Biến thân phù,"Viên đá quý hiếm, sử dụng giúp các hạ học được khả năng <color=#FFFF00>biến hình</color> thành sinh vật tương ứng, có thể tắt bật và chọn loại biến thân tùy ý tại giao diện <color=#00FF00>Biến thân</color>.",3
36000020,Bách Biến Như Ý - Tùng Thử Biến Dị,TaskTools4_4,1,1,false,4,1,true,true,false,15000,-1,-1,BSF_22,9999989,Biến thân phù,"Viên đá quý hiếm, sử dụng giúp các hạ học được khả năng <color=#FFFF00>biến hình</color> thành sinh vật tương ứng, có thể tắt bật và chọn loại biến thân tùy ý tại giao diện <color=#00FF00>Biến thân</color>.",3
36000021,Bách Biến Như Ý - Tùng Thử Biến Dị,TaskTools4_4,1,1,false,4,1,true,true,false,15000,-1,-1,BSF_23,9999989,Biến thân phù,"Viên đá quý hiếm, sử dụng giúp các hạ học được khả năng <color=#FFFF00>biến hình</color> thành sinh vật tương ứng, có thể tắt bật và chọn loại biến thân tùy ý tại giao diện <color=#00FF00>Biến thân</color>.",3
36000022,Bách Biến Như Ý - Tùng Thử Bảo Bảo,TaskTools4_4,1,1,false,4,1,true,true,false,15000,-1,-1,BSF_24,9999989,Biến thân phù,"Viên đá quý hiếm, sử dụng giúp các hạ học được khả năng <color=#FFFF00>biến hình</color> thành sinh vật tương ứng, có thể tắt bật và chọn loại biến thân tùy ý tại giao diện <color=#00FF00>Biến thân</color>.",3
36000023,Bách Biến Như Ý - Hoán Hùng Biến Dị,TaskTools4_4,1,1,false,4,1,true,true,false,15000,-1,-1,BSF_26,9999989,Biến thân phù,"Viên đá quý hiếm, sử dụng giúp các hạ học được khả năng <color=#FFFF00>biến hình</color> thành sinh vật tương ứng, có thể tắt bật và chọn loại biến thân tùy ý tại giao diện <color=#00FF00>Biến thân</color>.",3
36000024,Bách Biến Như Ý - Hoán Hùng Biến Dị,TaskTools4_4,1,1,false,4,1,true,true,false,15000,-1,-1,BSF_27,9999989,Biến thân phù,"Viên đá quý hiếm, sử dụng giúp các hạ học được khả năng <color=#FFFF00>biến hình</color> thành sinh vật tương ứng, có thể tắt bật và chọn loại biến thân tùy ý tại giao diện <color=#00FF00>Biến thân</color>.",3
36000025,Bách Biến Như Ý - Hoán Hùng Bảo Bảo,TaskTools4_4,1,1,false,4,1,true,true,false,15000,-1,-1,BSF_28,9999989,Biến thân phù,"Viên đá quý hiếm, sử dụng giúp các hạ học được khả năng <color=#FFFF00>biến hình</color> thành sinh vật tương ứng, có thể tắt bật và chọn loại biến thân tùy ý tại giao diện <color=#00FF00>Biến thân</color>.",3
36000026,Bách Biến Như Ý - Tích Dịch Biến Dị,TaskTools4_4,1,1,false,4,1,true,true,false,15000,-1,-1,BSF_34,9999989,Biến thân phù,"Viên đá quý hiếm, sử dụng giúp các hạ học được khả năng <color=#FFFF00>biến hình</color> thành sinh vật tương ứng, có thể tắt bật và chọn loại biến thân tùy ý tại giao diện <color=#00FF00>Biến thân</color>.",3
36000027,Bách Biến Như Ý - Tích Dịch Biến Dị,TaskTools4_4,1,1,false,4,1,true,true,false,15000,-1,-1,BSF_35,9999989,Biến thân phù,"Viên đá quý hiếm, sử dụng giúp các hạ học được khả năng <color=#FFFF00>biến hình</color> thành sinh vật tương ứng, có thể tắt bật và chọn loại biến thân tùy ý tại giao diện <color=#00FF00>Biến thân</color>.",3
36000028,Bách Biến Như Ý - Tích Dịch Bảo Bảo,TaskTools4_4,1,1,false,4,1,true,true,false,15000,-1,-1,BSF_36,9999989,Biến thân phù,"Viên đá quý hiếm, sử dụng giúp các hạ học được khả năng <color=#FFFF00>biến hình</color> thành sinh vật tương ứng, có thể tắt bật và chọn loại biến thân tùy ý tại giao diện <color=#00FF00>Biến thân</color>.",3
36000029,Bách Biến Như Ý - Biên Bức Biến Dị,TaskTools4_4,1,1,false,4,1,true,true,false,15000,-1,-1,BSF_38,9999989,Biến thân phù,"Viên đá quý hiếm, sử dụng giúp các hạ học được khả năng <color=#FFFF00>biến hình</color> thành sinh vật tương ứng, có thể tắt bật và chọn loại biến thân tùy ý tại giao diện <color=#00FF00>Biến thân</color>.",3
36000030,Bách Biến Như Ý - Biên Bức Biến Dị,TaskTools4_4,1,1,false,4,1,true,true,false,15000,-1,-1,BSF_39,9999989,Biến thân phù,"Viên đá quý hiếm, sử dụng giúp các hạ học được khả năng <color=#FFFF00>biến hình</color> thành sinh vật tương ứng, có thể tắt bật và chọn loại biến thân tùy ý tại giao diện <color=#00FF00>Biến thân</color>.",3
36000031,Bách Biến Như Ý - Biên Bức Bảo Bảo,TaskTools4_4,1,1,false,4,1,true,true,false,15000,-1,-1,BSF_40,9999989,Biến thân phù,"Viên đá quý hiếm, sử dụng giúp các hạ học được khả năng <color=#FFFF00>biến hình</color> thành sinh vật tương ứng, có thể tắt bật và chọn loại biến thân tùy ý tại giao diện <color=#00FF00>Biến thân</color>.",3
36000032,Bách Biến Như Ý - Ngạc Ngư Biến Dị,TaskTools4_4,1,1,false,4,1,true,true,false,15000,-1,-1,BSF_46,9999989,Biến thân phù,"Viên đá quý hiếm, sử dụng giúp các hạ học được khả năng <color=#FFFF00>biến hình</color> thành sinh vật tương ứng, có thể tắt bật và chọn loại biến thân tùy ý tại giao diện <color=#00FF00>Biến thân</color>.",3
36000033,Bách Biến Như Ý - Ngạc Ngư Biến Dị,TaskTools4_4,1,1,false,4,1,true,true,false,15000,-1,-1,BSF_47,9999989,Biến thân phù,"Viên đá quý hiếm, sử dụng giúp các hạ học được khả năng <color=#FFFF00>biến hình</color> thành sinh vật tương ứng, có thể tắt bật và chọn loại biến thân tùy ý tại giao diện <color=#00FF00>Biến thân</color>.",3
36000034,Bách Biến Như Ý - Ngạc Ngư Bảo Bảo,TaskTools4_4,1,1,false,4,1,true,true,false,15000,-1,-1,BSF_48,9999989,Biến thân phù,"Viên đá quý hiếm, sử dụng giúp các hạ học được khả năng <color=#FFFF00>biến hình</color> thành sinh vật tương ứng, có thể tắt bật và chọn loại biến thân tùy ý tại giao diện <color=#00FF00>Biến thân</color>.",3
36000035,Bách Biến Như Ý - Tuần Lộc,TaskTools4_4,1,1,false,4,1,true,true,false,15000,-1,-1,BSF_948,9999989,Biến thân phù,"Viên đá quý hiếm, sử dụng giúp các hạ học được khả năng <color=#FFFF00>biến hình</color> thành sinh vật tương ứng, có thể tắt bật và chọn loại biến thân tùy ý tại giao diện <color=#00FF00>Biến thân</color>.",3
36000036,Bách Biến Như Ý - Tiêu Tiêu,TaskTools4_4,1,1,false,4,1,true,true,false,15000,-1,-1,BSF_1875,9999989,Biến thân phù,"Viên đá quý hiếm, sử dụng giúp các hạ học được khả năng <color=#FFFF00>biến hình</color> thành sinh vật tương ứng, có thể tắt bật và chọn loại biến thân tùy ý tại giao diện <color=#00FF00>Biến thân</color>.",3
39000000,Hộp Quà Biến Thân,CircularTaskTool19_7,1,1,false,1,1,true,true,true,1,-1,-1,,9999999,Kỳ vật sự kiện,Nhận <color=#FFFF00> Một Món Quà Đặc Biệt.,3
37000000,Bang Môn Khuếch Trương,Xiulian1_4,1,30,true,1,1,true,true,true,15000,-1,-1,,-1,Vật liệu đặc thù,<color=#00FF00>Gia Tăng độ Khuếch Trương 20 điểm cho bang hội,3
37000001,Phối Sức: Phẩm Trúc Nhi Ca,TopDecorate1_1,1,1,false,4,1,true,true,false,15000,-1,-1,SFS_1,9999986,Phối sức thời trang,"Phối sức xa xỉ phẩm, trang bị sẽ kích hoạt vĩnh viễn <color=#00FF00>Phối Sức: Phẩm Trúc Nhi Ca</color> tại vị trí <color=#00FF00>đầu</color>. Có thể tắt bật và chọn loại phối sức tùy ý tại giao diện <color=#00FF00>Phối sức</color>, cùng lúc có thể có tối đa <color=#00FF00>2 loại phối sức</color> được kích hoạt.",3
37000002,Phối Sức: Mạch Ẩn Thanh Tri,BackDecorate1_1,1,1,false,4,1,true,true,false,15000,-1,-1,SFS_2,9999986,Phối sức thời trang,"Phối sức xa xỉ phẩm, trang bị sẽ kích hoạt vĩnh viễn <color=#00FF00>Phối Sức: Mạch Ẩn Thanh Tri</color> tại vị trí <color=#00FF00>lưng</color>. Có thể tắt bật và chọn loại phối sức tùy ý tại giao diện <color=#00FF00>Phối sức</color>, cùng lúc có thể có tối đa <color=#00FF00>2 loại phối sức</color> được kích hoạt.",3
37000003,Phối Sức: Lưu Kim Phi Vũ,TopDecorate1_2,1,1,false,4,1,true,true,false,15000,-1,-1,SFS_3,9999986,Phối sức thời trang,"Phối sức xa xỉ phẩm, trang bị sẽ kích hoạt vĩnh viễn <color=#00FF00>Phối Sức: Lưu Kim Phi Vũ</color> tại vị trí <color=#00FF00>đầu</color>. Có thể tắt bật và chọn loại phối sức tùy ý tại giao diện <color=#00FF00>Phối sức</color>, cùng lúc có thể có tối đa <color=#00FF00>2 loại phối sức</color> được kích hoạt.",3
37000004,Phối Sức: Kim Ô Diệu Thế,BackDecorate1_2,1,1,false,4,1,true,true,false,15000,-1,-1,SFS_4,9999986,Phối sức thời trang,"Phối sức xa xỉ phẩm, trang bị sẽ kích hoạt vĩnh viễn <color=#00FF00>Phối Sức: Kim Ô Diệu Thế</color> tại vị trí <color=#00FF00>lưng</color>. Có thể tắt bật và chọn loại phối sức tùy ý tại giao diện <color=#00FF00>Phối sức</color>, cùng lúc có thể có tối đa <color=#00FF00>2 loại phối sức</color> được kích hoạt.",3
37000005,Phối Sức: Lông Công,TopDecorate1_3,1,1,false,4,1,true,true,false,15000,-1,-1,SFS_5,9999986,Phối sức thời trang,"Phối sức xa xỉ phẩm, trang bị sẽ kích hoạt vĩnh viễn <color=#00FF00>Phối Sức: Lông Công</color> tại vị trí <color=#00FF00>đầu</color>. Có thể tắt bật và chọn loại phối sức tùy ý tại giao diện <color=#00FF00>Phối sức</color>, cùng lúc có thể có tối đa <color=#00FF00>2 loại phối sức</color> được kích hoạt.",3
37000006,Phối Sức: Hộ Bối Kỳ,BackDecorate1_3,1,1,false,4,1,true,true,false,15000,-1,-1,SFS_6,9999986,Phối sức thời trang,"Phối sức xa xỉ phẩm, trang bị sẽ kích hoạt vĩnh viễn <color=#00FF00>Phối Sức: Hộ Bối Kỳ</color> tại vị trí <color=#00FF00>lưng</color>. Có thể tắt bật và chọn loại phối sức tùy ý tại giao diện <color=#00FF00>Phối sức</color>, cùng lúc có thể có tối đa <color=#00FF00>2 loại phối sức</color> được kích hoạt.",3
37000007,Phối Sức: Thanh Hoa Ánh Huy,TopDecorate1_4,1,1,false,4,1,true,true,false,15000,-1,-1,SFS_7,9999986,Phối sức thời trang,"Phối sức xa xỉ phẩm, trang bị sẽ kích hoạt vĩnh viễn <color=#00FF00>Phối Sức: Thanh Hoa Ánh Huy</color> tại vị trí <color=#00FF00>đầu</color>. Có thể tắt bật và chọn loại phối sức tùy ý tại giao diện <color=#00FF00>Phối sức</color>, cùng lúc có thể có tối đa <color=#00FF00>2 loại phối sức</color> được kích hoạt.",3
37000008,Phối Sức: Bát Thi Trục Nhật,BackDecorate1_4,1,1,false,4,1,true,true,false,15000,-1,-1,SFS_8,9999986,Phối sức thời trang,"Phối sức xa xỉ phẩm, trang bị sẽ kích hoạt vĩnh viễn <color=#00FF00>Phối Sức: Bát Thi Trục Nhật</color> tại vị trí <color=#00FF00>lưng</color>. Có thể tắt bật và chọn loại phối sức tùy ý tại giao diện <color=#00FF00>Phối sức</color>, cùng lúc có thể có tối đa <color=#00FF00>2 loại phối sức</color> được kích hoạt.",3
37000009,Phối Sức: Tai Thỏ Dễ Thương,TopDecorate1_5,1,1,false,4,1,true,true,false,15000,-1,-1,SFS_9,9999986,Phối sức thời trang,"Phối sức xa xỉ phẩm, trang bị sẽ kích hoạt vĩnh viễn <color=#00FF00>Phối Sức: Tai Thỏ Dễ Thương</color> tại vị trí <color=#00FF00>đầu</color>. Có thể tắt bật và chọn loại phối sức tùy ý tại giao diện <color=#00FF00>Phối sức</color>, cùng lúc có thể có tối đa <color=#00FF00>2 loại phối sức</color> được kích hoạt.",3
37000010,Phối Sức: Một Ngàn Lẻ Một Đêm,BackDecorate1_5,1,1,false,4,1,true,true,false,15000,-1,-1,SFS_10,9999986,Phối sức thời trang,"Phối sức xa xỉ phẩm, trang bị sẽ kích hoạt vĩnh viễn <color=#00FF00>Phối Sức: Một Ngàn Lẻ Một Đêm</color> tại vị trí <color=#00FF00>lưng</color>. Có thể tắt bật và chọn loại phối sức tùy ý tại giao diện <color=#00FF00>Phối sức</color>, cùng lúc có thể có tối đa <color=#00FF00>2 loại phối sức</color> được kích hoạt.",3
37000011,Phối Sức: Phong Vũ Đồng Quy,TopDecorate1_6,1,1,false,4,1,true,true,false,15000,-1,-1,SFS_11,9999986,Phối sức thời trang,"Phối sức xa xỉ phẩm, trang bị sẽ kích hoạt vĩnh viễn <color=#00FF00>Phối Sức: Phong Vũ Đồng Quy</color> tại vị trí <color=#00FF00>lưng</color>. Có thể tắt bật và chọn loại phối sức tùy ý tại giao diện <color=#00FF00>Phối sức</color>, cùng lúc có thể có tối đa <color=#00FF00>2 loại phối sức</color> được kích hoạt.",3
37000012,Phối Sức: Hùng Miêu Hiệp,TopDecorate1_15,1,1,false,4,1,true,true,false,15000,-1,-1,SFS_22,9999986,Phối sức thời trang,"Phối sức xa xỉ phẩm, trang bị sẽ kích hoạt vĩnh viễn <color=#00FF00>Phối Sức: Hùng Miêu Hiệp</color> tại vị trí <color=#00FF00>lưng</color>. Có thể tắt bật và chọn loại phối sức tùy ý tại giao diện <color=#00FF00>Phối sức</color>, cùng lúc có thể có tối đa <color=#00FF00>2 loại phối sức</color> được kích hoạt.",3
37010024,Trứng trân thú: Thố Tử (Cấp 5),Cloth2_12,5,5,true,0,0,true,true,false,1,-1,-1,,9999995,Trứng trân thú,"Trứng Trân Thú quý hiếm, nở ra trân thú <color=#00FF00> Thố Tử </color>Bảo Bảo <color=#00FF00>cấp 5</color> <color=#FFFF00>[Nội]</color> ",3
37010025,Trứng trân thú: Yến Tử (Cấp 5),Cloth2_12,5,5,true,0,0,true,true,false,1,-1,-1,,9999995,Trứng trân thú,"Trứng Trân Thú quý hiếm, nở ra trân thú <color=#00FF00> Yến Tử </color>Bảo Bảo <color=#00FF00>cấp 5</color> <color=#FFFF00>[Bình]</color> ",3
37010026,Trứng trân thú: Quy (Cấp 5),Cloth2_12,5,5,true,0,0,true,true,false,1,-1,-1,,9999995,Trứng trân thú,"Trứng Trân Thú quý hiếm, nở ra trân thú <color=#00FF00> Quy </color>Bảo Bảo <color=#00FF00>cấp 5</color> <color=#FFFF00>[Ngoại]</color> ",3
37010027,Trứng trân thú: Cẩu Tử (Cấp 5),Cloth2_12,5,5,true,0,0,true,true,false,1,-1,-1,,9999995,Trứng trân thú,"Trứng Trân Thú quý hiếm, nở ra trân thú <color=#00FF00> Cẩu Tử </color>Bảo Bảo <color=#00FF00>cấp 5</color> <color=#FFFF00>[Ngoại]</color> ",3
37010028,Trứng trân thú: Nhím (Cấp 5),Cloth2_12,5,5,true,0,0,true,true,false,1,-1,-1,,9999995,Trứng trân thú,"Trứng Trân Thú quý hiếm, nở ra trân thú <color=#00FF00> Nhím </color>Bảo Bảo <color=#00FF00>cấp 5</color> <color=#FFFF00>[Bình]</color> ",3
37010029,Trứng trân thú: Hầu Tử (Cấp 5),Cloth2_12,5,5,true,0,0,true,true,false,1,-1,-1,,9999995,Trứng trân thú,"Trứng Trân Thú quý hiếm, nở ra trân thú <color=#00FF00> Hầu Tử </color>Bảo Bảo <color=#00FF00>cấp 5</color> <color=#FFFF00>[Nội]</color> ",3
37010030,Trứng trân thú: Tùng Thử (Cấp 5),Cloth2_12,5,5,true,0,0,true,true,false,1,-1,-1,,9999995,Trứng trân thú,"Trứng Trân Thú quý hiếm, nở ra trân thú <color=#00FF00> Tùng Thử </color>Bảo Bảo <color=#00FF00>cấp 5</color> <color=#FFFF00>[Nội]</color> ",3
37010031,Trứng trân thú: Hoán Hùng (Cấp 5),Cloth2_12,5,5,true,0,0,true,true,false,1,-1,-1,,9999995,Trứng trân thú,"Trứng Trân Thú quý hiếm, nở ra trân thú <color=#00FF00> Hoán Hùng </color>Bảo Bảo <color=#00FF00>cấp 5</color> <color=#FFFF00>[Ngoại]</color> ",3
37010032,Trứng trân thú: Anh Vũ (Cấp 5),Cloth2_12,5,5,true,0,0,true,true,false,1,-1,-1,,9999995,Trứng trân thú,"Trứng Trân Thú quý hiếm, nở ra trân thú <color=#00FF00> Anh Vũ </color>Bảo Bảo <color=#00FF00>cấp 5</color> <color=#FFFF00>[Nội]</color> ",3
37010033,Trứng trân thú: Tích Dịch (Cấp 5),Cloth2_12,5,5,true,0,0,true,true,false,1,-1,-1,,9999995,Trứng trân thú,"Trứng Trân Thú quý hiếm, nở ra trân thú <color=#00FF00> Tích Dịch </color>Bảo Bảo <color=#00FF00>cấp 5</color> <color=#FFFF00>[Bình]</color> ",3
37010034,Trứng trân thú: Biên Bức (Cấp 5),Cloth2_12,5,5,true,0,0,true,true,false,1,-1,-1,,9999995,Trứng trân thú,"Trứng Trân Thú quý hiếm, nở ra trân thú <color=#00FF00> Biên Bức </color>Bảo Bảo <color=#00FF00>cấp 5</color> <color=#FFFF00>[Bình]</color> ",3
37010035,Trứng trân thú: Đường Lang (Cấp 5),Cloth2_12,5,5,true,0,0,true,true,false,1,-1,-1,,9999995,Trứng trân thú,"Trứng Trân Thú quý hiếm, nở ra trân thú <color=#00FF00> Đường Lang </color>Bảo Bảo <color=#00FF00>cấp 5</color> <color=#FFFF00>[Ngoại]</color> ",3
37010036,Trứng trân thú: Ngạc Ngư (Cấp 5),Cloth2_12,5,5,true,0,0,true,true,false,1,-1,-1,,9999995,Trứng trân thú,"Trứng Trân Thú quý hiếm, nở ra trân thú <color=#00FF00> Ngạc Ngư </color>Bảo Bảo <color=#00FF00>cấp 5</color> <color=#FFFF00>[Nội]</color> ",3
37010037,Trứng trân thú: Miêu Đầu Ưng (Cấp 45),Cloth2_12,45,45,true,0,0,true,true,false,1,-1,-1,,9999995,Trứng trân thú,"Trứng Trân Thú quý hiếm, nở ra trân thú <color=#00FF00> Miêu Đầu Ưng </color>Bảo Bảo <color=#00FF00>cấp 45</color> <color=#FFFF00>[Nội]</color> ",3
37010038,Trứng trân thú: Chồn (Cấp 45),Cloth2_12,45,45,true,0,0,true,true,false,1,-1,-1,,9999995,Trứng trân thú,"Trứng Trân Thú quý hiếm, nở ra trân thú <color=#00FF00> Chồn </color>Bảo Bảo <color=#00FF00>cấp 45</color> <color=#FFFF00>[Ngoại]</color> ",3
37010039,Trứng trân thú: Hổ (Cấp 45),Cloth2_12,45,45,true,0,0,true,true,false,1,-1,-1,,9999995,Trứng trân thú,"Trứng Trân Thú quý hiếm, nở ra trân thú <color=#00FF00> Hổ </color>Bảo Bảo <color=#00FF00>cấp 45</color> <color=#FFFF00>[Ngoại]</color> ",3
37010040,Trứng trân thú: Dã Trư (Cấp 45),Cloth2_12,45,45,true,0,0,true,true,false,1,-1,-1,,9999995,Trứng trân thú,"Trứng Trân Thú quý hiếm, nở ra trân thú <color=#00FF00> Dã Trư </color>Bảo Bảo <color=#00FF00>cấp 45</color> <color=#FFFF00>[Ngoại]</color> ",3
37010041,Trứng trân thú: Băng Tằm (Cấp 55),Cloth2_12,55,55,true,0,0,true,true,false,1,-1,-1,,9999995,Trứng trân thú,"Trứng Trân Thú quý hiếm, nở ra trân thú <color=#00FF00> Băng Tằm </color>Bảo Bảo <color=#00FF00>cấp 55</color> <color=#FFFF00>[Nội]</color> ",3
37010042,Trứng trân thú: Ưng (Cấp 55),Cloth2_12,55,55,true,0,0,true,true,false,1,-1,-1,,9999995,Trứng trân thú,"Trứng Trân Thú quý hiếm, nở ra trân thú <color=#00FF00> Ưng </color>Bảo Bảo <color=#00FF00>cấp 55</color> <color=#FFFF00>[Nội]</color> ",3
37010043,Trứng trân thú: Đà Điểu (Cấp 55),Cloth2_12,55,55,true,0,0,true,true,false,1,-1,-1,,9999995,Trứng trân thú,"Trứng Trân Thú quý hiếm, nở ra trân thú <color=#00FF00> Đà Điểu </color>Bảo Bảo <color=#00FF00>cấp 55</color> <color=#FFFF00>[Bình]</color> ",3
37010044,Trứng trân thú: Báo (Cấp 55),Cloth2_12,55,55,true,0,0,true,true,false,1,-1,-1,,9999995,Trứng trân thú,"Trứng Trân Thú quý hiếm, nở ra trân thú <color=#00FF00> Báo </color>Bảo Bảo <color=#00FF00>cấp 55</color> <color=#FFFF00>[Ngoại]</color> ",3
37010045,Trứng trân thú: Bắc Cực Hùng (Cấp 65),Cloth2_12,65,65,true,0,0,true,true,false,1,-1,-1,,9999995,Trứng trân thú,"Trứng Trân Thú quý hiếm, nở ra trân thú <color=#00FF00> Bắc Cực Hùng </color>Bảo Bảo <color=#00FF00>cấp 65</color> <color=#FFFF00>[Ngoại]</color> ",3
37010046,Trứng trân thú: Khổng Tước (Cấp 65),Cloth2_12,65,65,true,0,0,true,true,false,1,-1,-1,,9999995,Trứng trân thú,"Trứng Trân Thú quý hiếm, nở ra trân thú <color=#00FF00> Khổng Tước </color>Bảo Bảo <color=#00FF00>cấp 65</color> <color=#FFFF00>[Nội]</color> ",3
37010047,Trứng trân thú: Kiếm Xỉ Hổ (Cấp 65),Cloth2_12,65,65,true,0,0,true,true,false,1,-1,-1,,9999995,Trứng trân thú,"Trứng Trân Thú quý hiếm, nở ra trân thú <color=#00FF00> Kiếm Xỉ Hổ </color>Bảo Bảo <color=#00FF00>cấp 65</color> <color=#FFFF00>[Ngoại]</color> ",3
37010048,Trứng trân thú: Tinh Tinh (Cấp 65),Cloth2_12,65,65,true,0,0,true,true,false,1,-1,-1,,9999995,Trứng trân thú,"Trứng Trân Thú quý hiếm, nở ra trân thú <color=#00FF00> Tinh Tinh </color>Bảo Bảo <color=#00FF00>cấp 65</color> <color=#FFFF00>[Bình]</color> ",3
37010049,Trứng trân thú: Tê Ngưu (Cấp 75),Cloth2_12,75,75,true,0,0,true,true,false,1,-1,-1,,9999995,Trứng trân thú,"Trứng Trân Thú quý hiếm, nở ra trân thú <color=#00FF00> Tê Ngưu </color>Bảo Bảo <color=#00FF00>cấp 75</color> <color=#FFFF00>[Ngoại]</color> ",3
37010050,Trứng trân thú: Tuyết Điêu (Cấp 75),Cloth2_12,75,75,true,0,0,true,true,false,1,-1,-1,,9999995,Trứng trân thú,"Trứng Trân Thú quý hiếm, nở ra trân thú <color=#00FF00> Tuyết Điêu </color>Bảo Bảo <color=#00FF00>cấp 75</color> <color=#FFFF00>[Nội]</color> ",3
37010051,Trứng trân thú: Long Kiếm (Cấp 75),Cloth2_12,75,75,true,0,0,true,true,false,1,-1,-1,,9999995,Trứng trân thú,"Trứng Trân Thú quý hiếm, nở ra trân thú <color=#00FF00> Long Kiếm </color>Bảo Bảo <color=#00FF00>cấp 75</color> <color=#FFFF00>[Nội]</color> ",3
37010052,Trứng trân thú: Bác Mã (Cấp 75),Cloth2_12,75,75,true,0,0,true,true,false,1,-1,-1,,9999995,Trứng trân thú,"Trứng Trân Thú quý hiếm, nở ra trân thú <color=#00FF00> Bác Mã </color>Bảo Bảo <color=#00FF00>cấp 75</color> <color=#FFFF00>[Ngoại]</color> ",3
37010053,Trứng trân thú: Sồ Phụng (Cấp 85),Cloth2_12,85,85,true,0,0,true,true,false,1,-1,-1,,9999995,Trứng trân thú,"Trứng Trân Thú quý hiếm, nở ra trân thú <color=#00FF00> Sồ Phụng </color>Bảo Bảo <color=#00FF00>cấp 85</color> <color=#FFFF00>[Nội]</color> ",3
37010054,Trứng trân thú: Niên Thú (Cấp 85),Cloth2_12,85,85,true,0,0,true,true,false,1,-1,-1,,9999995,Trứng trân thú,"Trứng Trân Thú quý hiếm, nở ra trân thú <color=#00FF00> Niên Thú </color>Bảo Bảo <color=#00FF00>cấp 85</color> <color=#FFFF00>[Ngoại]</color> ",3
37010055,Trứng trân thú: Long Quy (Cấp 85),Cloth2_12,85,85,true,0,0,true,true,false,1,-1,-1,,9999995,Trứng trân thú,"Trứng Trân Thú quý hiếm, nở ra trân thú <color=#00FF00> Long Quy </color>Bảo Bảo <color=#00FF00>cấp 85</color> <color=#FFFF00>[Bình]</color> ",3
37010056,Trứng trân thú: Anh Chiêu (Cấp 85),Cloth2_12,85,85,true,0,0,true,true,false,1,-1,-1,,9999995,Trứng trân thú,"Trứng Trân Thú quý hiếm, nở ra trân thú <color=#00FF00> Anh Chiêu </color>Bảo Bảo <color=#00FF00>cấp 85</color> <color=#FFFF00>[Bình]</color> ",3
37010057,Trứng trân thú: Kỳ Lân (Cấp 95),Cloth2_12,95,95,true,0,0,true,true,false,1,-1,-1,,9999995,Trứng trân thú,"Trứng Trân Thú quý hiếm, nở ra trân thú <color=#00FF00> Kỳ Lân </color>Bảo Bảo <color=#00FF00>cấp 95</color> <color=#FFFF00>[Ngoại]</color> ",3
37010058,Trứng trân thú: Giao Long (Cấp 95),Cloth2_12,95,95,true,0,0,true,true,false,1,-1,-1,,9999995,Trứng trân thú,"Trứng Trân Thú quý hiếm, nở ra trân thú <color=#00FF00> Giao Long </color>Bảo Bảo <color=#00FF00>cấp 95</color> <color=#FFFF00>[Nội]</color> ",3
37010059,Trứng trân thú: Sài Miêu (Cấp 20),Cloth2_12,20,20,true,0,0,true,true,false,1,-1,-1,,9999995,Trứng trân thú,"Trứng Trân Thú quý hiếm, nở ra trân thú <color=#00FF00> Sài Miêu </color>Bảo Bảo <color=#00FF00>cấp 20</color> <color=#FFFF00>[Nội]</color> ",3
37010060,Trứng trân thú: Kê (Cấp 5),Cloth2_12,5,5,true,0,0,true,true,false,1,-1,-1,,9999995,Trứng trân thú,"Trứng Trân Thú quý hiếm, nở ra trân thú <color=#00FF00> Kê </color>Bảo Bảo <color=#00FF00>cấp 5</color> <color=#FFFF00>[Nội]</color> ",3
37010061,Trứng trân thú: Áp Tử (Cấp 5),Cloth2_12,5,5,true,0,0,true,true,false,1,-1,-1,,9999995,Trứng trân thú,"Trứng Trân Thú quý hiếm, nở ra trân thú <color=#00FF00> Áp Tử </color>Bảo Bảo <color=#00FF00>cấp 5</color> <color=#FFFF00>[Nội]</color> ",3
37010062,Trứng trân thú: Kỹ Gia Dương (Cấp 5),Cloth2_12,5,5,true,0,0,true,true,false,1,-1,-1,,9999995,Trứng trân thú,"Trứng Trân Thú quý hiếm, nở ra trân thú <color=#00FF00> Kỹ Gia Dương </color>Bảo Bảo <color=#00FF00>cấp 5</color> <color=#FFFF00>[Ngoại]</color> ",3
37010063,Trứng trân thú: Mao Lư (Cấp 5),Cloth2_12,5,5,true,0,0,true,true,false,1,-1,-1,,9999995,Trứng trân thú,"Trứng Trân Thú quý hiếm, nở ra trân thú <color=#00FF00> Mao Lư </color>Bảo Bảo <color=#00FF00>cấp 5</color> <color=#FFFF00>[Bình]</color> ",3
37010064,Trứng trân thú: Nga (Cấp 5),Cloth2_12,5,5,true,0,0,true,true,false,1,-1,-1,,9999995,Trứng trân thú,"Trứng Trân Thú quý hiếm, nở ra trân thú <color=#00FF00> Nga </color>Bảo Bảo <color=#00FF00>cấp 5</color> <color=#FFFF00>[Nội]</color> ",3
37010065,Trứng trân thú: Bá Vương Long (Cấp 5),Cloth2_12,5,5,true,0,0,true,true,false,1,-1,-1,,9999995,Trứng trân thú,"Trứng Trân Thú quý hiếm, nở ra trân thú <color=#00FF00> Bá Vương Long </color>Bảo Bảo <color=#00FF00>cấp 5</color> <color=#FFFF00>[Ngoại]</color> ",3
37010066,Trứng trân thú: Xí Nga (Cấp 5),Cloth2_12,5,5,true,0,0,true,true,false,1,-1,-1,,9999995,Trứng trân thú,"Trứng Trân Thú quý hiếm, nở ra trân thú <color=#00FF00> Xí Nga </color>Bảo Bảo <color=#00FF00>cấp 5</color> <color=#FFFF00>[Nội]</color> ",3
37010067,Trứng trân thú: Đại Thử (Cấp 75),Cloth2_12,75,75,true,0,0,true,true,false,1,-1,-1,,9999995,Trứng trân thú,"Trứng Trân Thú quý hiếm, nở ra trân thú <color=#00FF00> Đại Thử </color>Bảo Bảo <color=#00FF00>cấp 75</color> <color=#FFFF00>[Bình]</color> ",3
37010068,Trứng trân thú: Áp Chủy Thú (Cấp 5),Cloth2_12,5,5,true,0,0,true,true,false,1,-1,-1,,9999995,Trứng trân thú,"Trứng Trân Thú quý hiếm, nở ra trân thú <color=#00FF00> Áp Chủy Thú </color>Bảo Bảo <color=#00FF00>cấp 5</color> <color=#FFFF00>[Nội]</color> ",3
37010069,Trứng trân thú: Trư (Cấp 5),Cloth2_12,5,5,true,0,0,true,true,false,1,-1,-1,,9999995,Trứng trân thú,"Trứng Trân Thú quý hiếm, nở ra trân thú <color=#00FF00> Trư </color>Bảo Bảo <color=#00FF00>cấp 5</color> <color=#FFFF00>[Ngoại]</color> ",3
37010070,Trứng trân thú: Thanh Oa (Cấp 5),Cloth2_12,5,5,true,0,0,true,true,false,1,-1,-1,,9999995,Trứng trân thú,"Trứng Trân Thú quý hiếm, nở ra trân thú <color=#00FF00> Thanh Oa </color>Bảo Bảo <color=#00FF00>cấp 5</color> <color=#FFFF00>[Nội]</color> ",3
37010071,Trứng trân thú: Tiểu Tượng (Cấp 75),Cloth2_12,75,75,true,0,0,true,true,false,1,-1,-1,,9999995,Trứng trân thú,"Trứng Trân Thú quý hiếm, nở ra trân thú <color=#00FF00> Tiểu Tượng </color>Bảo Bảo <color=#00FF00>cấp 75</color> <color=#FFFF00>[Bình]</color> ",3
37010072,Trứng trân thú: Tuyết Hồ (Cấp 5),Cloth2_12,5,5,true,0,0,true,true,false,1,-1,-1,,9999995,Trứng trân thú,"Trứng Trân Thú quý hiếm, nở ra trân thú <color=#00FF00> Tuyết Hồ </color>Bảo Bảo <color=#00FF00>cấp 5</color> <color=#FFFF00>[Nội]</color> ",3
37010073,Trứng trân thú: Lang (Cấp 5),Cloth2_12,5,5,true,0,0,true,true,false,1,-1,-1,,9999995,Trứng trân thú,"Trứng Trân Thú quý hiếm, nở ra trân thú <color=#00FF00> Lang </color>Bảo Bảo <color=#00FF00>cấp 5</color> <color=#FFFF00>[Ngoại]</color> ",3
37010074,Trứng trân thú: Long (Cấp 65),Cloth2_12,65,65,true,0,0,true,true,false,1,-1,-1,,9999995,Trứng trân thú,"Trứng Trân Thú quý hiếm, nở ra trân thú <color=#00FF00> Long </color>Bảo Bảo <color=#00FF00>cấp 65</color> <color=#FFFF00>[Nội]</color> ",3
37010075,Trứng trân thú: Long Miêu (Cấp 5),Cloth2_12,5,5,true,0,0,true,true,false,1,-1,-1,,9999995,Trứng trân thú,"Trứng Trân Thú quý hiếm, nở ra trân thú <color=#00FF00> Long Miêu </color>Bảo Bảo <color=#00FF00>cấp 5</color> <color=#FFFF00>[Ngoại]</color> ",3
37010076,Trứng trân thú: Cường Long Miêu (Cấp 45),Cloth2_12,45,45,true,0,0,true,true,false,1,-1,-1,,9999995,Trứng trân thú,"Trứng Trân Thú quý hiếm, nở ra trân thú <color=#00FF00> Cường Long Miêu </color>Bảo Bảo <color=#00FF00>cấp 45</color> <color=#FFFF00>[Ngoại]</color> ",3
37010077,Trứng trân thú: Trân Long Miêu (Cấp 55),Cloth2_12,55,55,true,0,0,true,true,false,1,-1,-1,,9999995,Trứng trân thú,"Trứng Trân Thú quý hiếm, nở ra trân thú <color=#00FF00> Trân Long Miêu </color>Bảo Bảo <color=#00FF00>cấp 55</color> <color=#FFFF00>[Ngoại]</color> ",3
37010078,Trứng trân thú: Siêu Long Miêu (Cấp 65),Cloth2_12,65,65,true,0,0,true,true,false,1,-1,-1,,9999995,Trứng trân thú,"Trứng Trân Thú quý hiếm, nở ra trân thú <color=#00FF00> Siêu Long Miêu </color>Bảo Bảo <color=#00FF00>cấp 65</color> <color=#FFFF00>[Ngoại]</color> ",3
37010079,Trứng trân thú: Thần Long Miêu (Cấp 75),Cloth2_12,75,75,true,0,0,true,true,false,1,-1,-1,,9999995,Trứng trân thú,"Trứng Trân Thú quý hiếm, nở ra trân thú <color=#00FF00> Thần Long Miêu </color>Bảo Bảo <color=#00FF00>cấp 75</color> <color=#FFFF00>[Ngoại]</color> ",3
37010080,Miêu hạng quyển: Mặc Kính Miêu (Cấp 5),Cloth6_12,5,5,true,0,0,true,true,false,1,-1,-1,,9999995,Trứng trân thú,Sau khi sử dụng có thể nhận được <color=#00FF00> Mặc Kính Miêu </color>Bảo Bảo <color=#00FF00>cấp 5</color> <color=#FFFF00>[Nội]</color> ,3
37010081,Miêu hạng quyển: Lưu Hành Miêu (Cấp 45),Cloth6_12,45,45,true,0,0,true,true,false,1,-1,-1,,9999995,Trứng trân thú,Sau khi sử dụng có thể nhận được <color=#00FF00> Lưu Hành Miêu </color>Bảo Bảo <color=#00FF00>cấp 45</color> <color=#FFFF00>[Nội]</color> ,3
37010082,Miêu hạng quyển: Thời Thượng Miêu (Cấp 55),Cloth6_12,55,55,true,0,0,true,true,false,1,-1,-1,,9999995,Trứng trân thú,Sau khi sử dụng có thể nhận được <color=#00FF00> Thời Thượng Miêu </color>Bảo Bảo <color=#00FF00>cấp 55</color> <color=#FFFF00>[Nội]</color> ,3
37010083,Miêu hạng quyển: Ngẫu Tượng Miêu (Cấp 65),Cloth6_12,65,65,true,0,0,true,true,false,1,-1,-1,,9999995,Trứng trân thú,Sau khi sử dụng có thể nhận được <color=#00FF00> Ngẫu Tượng Miêu </color>Bảo Bảo <color=#00FF00>cấp 65</color> <color=#FFFF00>[Nội]</color> ,3
37010084,Miêu hạng quyển: Quán Quân Miêu (Cấp 75),Cloth6_12,75,75,true,0,0,true,true,false,1,-1,-1,,9999995,Trứng trân thú,Sau khi sử dụng có thể nhận được <color=#00FF00> Quán Quân Miêu </color>Bảo Bảo <color=#00FF00>cấp 75</color> <color=#FFFF00>[Nội]</color> ,3
37010085,Trứng trân thú: Tê Điểu (Cấp 5),Cloth2_12,5,5,true,0,0,true,true,false,1,-1,-1,,9999995,Trứng trân thú,"Trứng Trân Thú quý hiếm, nở ra trân thú <color=#00FF00> Tê Điểu </color>Bảo Bảo <color=#00FF00>cấp 5</color> <color=#FFFF00>[Nội]</color> ",3
37010086,Trứng trân thú: Linh Tê Điểu (Cấp 45),Cloth2_12,45,45,true,0,0,true,true,false,1,-1,-1,,9999995,Trứng trân thú,"Trứng Trân Thú quý hiếm, nở ra trân thú <color=#00FF00> Linh Tê Điểu </color>Bảo Bảo <color=#00FF00>cấp 45</color> <color=#FFFF00>[Nội]</color> ",3
37010087,Trứng trân thú: Trân Tê Điểu (Cấp 55),Cloth2_12,55,55,true,0,0,true,true,false,1,-1,-1,,9999995,Trứng trân thú,"Trứng Trân Thú quý hiếm, nở ra trân thú <color=#00FF00> Trân Tê Điểu </color>Bảo Bảo <color=#00FF00>cấp 55</color> <color=#FFFF00>[Nội]</color> ",3
37010088,Trứng trân thú: Siêu Tê Điểu (Cấp 65),Cloth2_12,65,65,true,0,0,true,true,false,1,-1,-1,,9999995,Trứng trân thú,"Trứng Trân Thú quý hiếm, nở ra trân thú <color=#00FF00> Siêu Tê Điểu </color>Bảo Bảo <color=#00FF00>cấp 65</color> <color=#FFFF00>[Nội]</color> ",3
37010089,Trứng trân thú: Thần Tê Điểu (Cấp 75),Cloth2_12,75,75,true,0,0,true,true,false,1,-1,-1,,9999995,Trứng trân thú,"Trứng Trân Thú quý hiếm, nở ra trân thú <color=#00FF00> Thần Tê Điểu </color>Bảo Bảo <color=#00FF00>cấp 75</color> <color=#FFFF00>[Nội]</color> ",3
37010090,Trứng trân thú: Hùng Miêu (Cấp 5),Cloth2_12,5,5,true,0,0,true,true,false,1,-1,-1,,9999995,Trứng trân thú,"Trứng Trân Thú quý hiếm, nở ra trân thú <color=#00FF00> Hùng Miêu </color>Bảo Bảo <color=#00FF00>cấp 5</color> <color=#FFFF00>[Bình]</color> ",3
37010091,Trứng trân thú: Cường Hùng Miêu (Cấp 45),Cloth2_12,45,45,true,0,0,true,true,false,1,-1,-1,,9999995,Trứng trân thú,"Trứng Trân Thú quý hiếm, nở ra trân thú <color=#00FF00> Cường Hùng Miêu </color>Bảo Bảo <color=#00FF00>cấp 45</color> <color=#FFFF00>[Bình]</color> ",3
37010092,Trứng trân thú: Trân Hùng Miêu (Cấp 55),Cloth2_12,55,55,true,0,0,true,true,false,1,-1,-1,,9999995,Trứng trân thú,"Trứng Trân Thú quý hiếm, nở ra trân thú <color=#00FF00> Trân Hùng Miêu </color>Bảo Bảo <color=#00FF00>cấp 55</color> <color=#FFFF00>[Bình]</color> ",3
37010093,Trứng trân thú: Siêu Hùng Miêu (Cấp 65),Cloth2_12,65,65,true,0,0,true,true,false,1,-1,-1,,9999995,Trứng trân thú,"Trứng Trân Thú quý hiếm, nở ra trân thú <color=#00FF00> Siêu Hùng Miêu </color>Bảo Bảo <color=#00FF00>cấp 65</color> <color=#FFFF00>[Bình]</color> ",3
37010094,Trứng trân thú: Thần Hùng Miêu (Cấp 75),Cloth2_12,75,75,true,0,0,true,true,false,1,-1,-1,,9999995,Trứng trân thú,"Trứng Trân Thú quý hiếm, nở ra trân thú <color=#00FF00> Thần Hùng Miêu </color>Bảo Bảo <color=#00FF00>cấp 75</color> <color=#FFFF00>[Bình]</color> ",3
37010095,Trứng trân thú: Bàng Giải (Cấp 5),Cloth2_12,5,5,true,0,0,true,true,false,1,-1,-1,,9999995,Trứng trân thú,"Trứng Trân Thú quý hiếm, nở ra trân thú <color=#00FF00> Bàng Giải </color>Bảo Bảo <color=#00FF00>cấp 5</color> <color=#FFFF00>[Ngoại]</color> ",3
37010096,Trứng trân thú: Thanh Giải (Cấp 45),Cloth2_12,45,45,true,0,0,true,true,false,1,-1,-1,,9999995,Trứng trân thú,"Trứng Trân Thú quý hiếm, nở ra trân thú <color=#00FF00> Thanh Giải </color>Bảo Bảo <color=#00FF00>cấp 45</color> <color=#FFFF00>[Ngoại]</color> ",3
37010097,Trứng trân thú: Đại Áp Giải (Cấp 55),Cloth2_12,55,55,true,0,0,true,true,false,1,-1,-1,,9999995,Trứng trân thú,"Trứng Trân Thú quý hiếm, nở ra trân thú <color=#00FF00> Đại Áp Giải </color>Bảo Bảo <color=#00FF00>cấp 55</color> <color=#FFFF00>[Ngoại]</color> ",3
37010098,Trứng trân thú: Triều Hành Giải (Cấp 65),Cloth2_12,65,65,true,0,0,true,true,false,1,-1,-1,,9999995,Trứng trân thú,"Trứng Trân Thú quý hiếm, nở ra trân thú <color=#00FF00> Triều Hành Giải </color>Bảo Bảo <color=#00FF00>cấp 65</color> <color=#FFFF00>[Ngoại]</color> ",3
37010099,Trứng trân thú: Nhung Ngao Giải (Cấp 75),Cloth2_12,75,75,true,0,0,true,true,false,1,-1,-1,,9999995,Trứng trân thú,"Trứng Trân Thú quý hiếm, nở ra trân thú <color=#00FF00> Nhung Ngao Giải </color>Bảo Bảo <color=#00FF00>cấp 75</color> <color=#FFFF00>[Ngoại]</color> ",3
37010100,Trứng trân thú: Phấn Điệp (Cấp 5),Cloth2_12,5,5,true,0,0,true,true,false,1,-1,-1,,9999995,Trứng trân thú,"Trứng Trân Thú quý hiếm, nở ra trân thú <color=#00FF00> Phấn Điệp </color>Bảo Bảo <color=#00FF00>cấp 5</color> <color=#FFFF00>[Nội]</color> ",3
37010101,Trứng trân thú: Ban Điệp (Cấp 45),Cloth2_12,45,45,true,0,0,true,true,false,1,-1,-1,,9999995,Trứng trân thú,"Trứng Trân Thú quý hiếm, nở ra trân thú <color=#00FF00> Ban Điệp </color>Bảo Bảo <color=#00FF00>cấp 45</color> <color=#FFFF00>[Nội]</color> ",3
37010102,Trứng trân thú: Quyên Điệp (Cấp 55),Cloth2_12,55,55,true,0,0,true,true,false,1,-1,-1,,9999995,Trứng trân thú,"Trứng Trân Thú quý hiếm, nở ra trân thú <color=#00FF00> Quyên Điệp </color>Bảo Bảo <color=#00FF00>cấp 55</color> <color=#FFFF00>[Nội]</color> ",3
37010103,Trứng trân thú: Hoàn Điệp (Cấp 65),Cloth2_12,65,65,true,0,0,true,true,false,1,-1,-1,,9999995,Trứng trân thú,"Trứng Trân Thú quý hiếm, nở ra trân thú <color=#00FF00> Hoàn Điệp </color>Bảo Bảo <color=#00FF00>cấp 65</color> <color=#FFFF00>[Nội]</color> ",3
37010104,Trứng trân thú: Vĩ Điệp (Cấp 75),Cloth2_12,75,75,true,0,0,true,true,false,1,-1,-1,,9999995,Trứng trân thú,"Trứng Trân Thú quý hiếm, nở ra trân thú <color=#00FF00> Vĩ Điệp </color>Bảo Bảo <color=#00FF00>cấp 75</color> <color=#FFFF00>[Nội]</color> ",3
37010105,Trứng trân thú: Oa Ngưu (Cấp 5),Cloth2_12,5,5,true,0,0,true,true,false,1,-1,-1,,9999995,Trứng trân thú,"Trứng Trân Thú quý hiếm, nở ra trân thú <color=#00FF00> Oa Ngưu </color>Bảo Bảo <color=#00FF00>cấp 5</color> <color=#FFFF00>[Nội]</color> ",3
37010106,Trứng trân thú: Tráng Oa Ngưu (Cấp 45),Cloth2_12,45,45,true,0,0,true,true,false,1,-1,-1,,9999995,Trứng trân thú,"Trứng Trân Thú quý hiếm, nở ra trân thú <color=#00FF00> Tráng Oa Ngưu </color>Bảo Bảo <color=#00FF00>cấp 45</color> <color=#FFFF00>[Nội]</color> ",3
37010107,Trứng trân thú: Trân Oa Ngưu (Cấp 55),Cloth2_12,55,55,true,0,0,true,true,false,1,-1,-1,,9999995,Trứng trân thú,"Trứng Trân Thú quý hiếm, nở ra trân thú <color=#00FF00> Trân Oa Ngưu </color>Bảo Bảo <color=#00FF00>cấp 55</color> <color=#FFFF00>[Nội]</color> ",3
37010108,Trứng trân thú: Siêu Oa Ngưu (Cấp 65),Cloth2_12,65,65,true,0,0,true,true,false,1,-1,-1,,9999995,Trứng trân thú,"Trứng Trân Thú quý hiếm, nở ra trân thú <color=#00FF00> Siêu Oa Ngưu </color>Bảo Bảo <color=#00FF00>cấp 65</color> <color=#FFFF00>[Nội]</color> ",3
37010109,Trứng trân thú: Thần Oa Ngưu (Cấp 75),Cloth2_12,75,75,true,0,0,true,true,false,1,-1,-1,,9999995,Trứng trân thú,"Trứng Trân Thú quý hiếm, nở ra trân thú <color=#00FF00> Thần Oa Ngưu </color>Bảo Bảo <color=#00FF00>cấp 75</color> <color=#FFFF00>[Nội]</color> ",3
37010110,Trứng trân thú: Độc Hạt (Cấp 5),Cloth2_12,5,5,true,0,0,true,true,false,1,-1,-1,,9999995,Trứng trân thú,"Trứng Trân Thú quý hiếm, nở ra trân thú <color=#00FF00> Độc Hạt </color>Bảo Bảo <color=#00FF00>cấp 5</color> <color=#FFFF00>[Ngoại]</color> ",3
37010111,Trứng trân thú: Linh Hạt (Cấp 45),Cloth2_12,45,45,true,0,0,true,true,false,1,-1,-1,,9999995,Trứng trân thú,"Trứng Trân Thú quý hiếm, nở ra trân thú <color=#00FF00> Linh Hạt </color>Bảo Bảo <color=#00FF00>cấp 45</color> <color=#FFFF00>[Ngoại]</color> ",3
37010112,Trứng trân thú: Trân Hạt (Cấp 55),Cloth2_12,55,55,true,0,0,true,true,false,1,-1,-1,,9999995,Trứng trân thú,"Trứng Trân Thú quý hiếm, nở ra trân thú <color=#00FF00> Trân Hạt </color>Bảo Bảo <color=#00FF00>cấp 55</color> <color=#FFFF00>[Ngoại]</color> ",3
37010113,Trứng trân thú: Thiên Hạt (Cấp 65),Cloth2_12,65,65,true,0,0,true,true,false,1,-1,-1,,9999995,Trứng trân thú,"Trứng Trân Thú quý hiếm, nở ra trân thú <color=#00FF00> Thiên Hạt </color>Bảo Bảo <color=#00FF00>cấp 65</color> <color=#FFFF00>[Ngoại]</color> ",3
37010114,Trứng trân thú: Ma Hạt (Cấp 75),Cloth2_12,75,75,true,0,0,true,true,false,1,-1,-1,,9999995,Trứng trân thú,"Trứng Trân Thú quý hiếm, nở ra trân thú <color=#00FF00> Ma Hạt </color>Bảo Bảo <color=#00FF00>cấp 75</color> <color=#FFFF00>[Ngoại]</color> ",3
37010115,Trứng trân thú: Tiểu Mô (Cấp 5),Cloth2_12,5,5,true,0,0,true,true,false,1,-1,-1,,9999995,Trứng trân thú,"Trứng Trân Thú quý hiếm, nở ra trân thú <color=#00FF00> Tiểu Mô </color>Bảo Bảo <color=#00FF00>cấp 5</color> <color=#FFFF00>[Bình]</color> ",3
37010116,Trứng trân thú: Tráng Mô (Cấp 45),Cloth2_12,45,45,true,0,0,true,true,false,1,-1,-1,,9999995,Trứng trân thú,"Trứng Trân Thú quý hiếm, nở ra trân thú <color=#00FF00> Tráng Mô </color>Bảo Bảo <color=#00FF00>cấp 45</color> <color=#FFFF00>[Bình]</color> ",3
37010117,Trứng trân thú: Trân Mô (Cấp 55),Cloth2_12,55,55,true,0,0,true,true,false,1,-1,-1,,9999995,Trứng trân thú,"Trứng Trân Thú quý hiếm, nở ra trân thú <color=#00FF00> Trân Mô </color>Bảo Bảo <color=#00FF00>cấp 55</color> <color=#FFFF00>[Bình]</color> ",3
37010118,Trứng trân thú: Thánh Mô (Cấp 65),Cloth2_12,65,65,true,0,0,true,true,false,1,-1,-1,,9999995,Trứng trân thú,"Trứng Trân Thú quý hiếm, nở ra trân thú <color=#00FF00> Thánh Mô </color>Bảo Bảo <color=#00FF00>cấp 65</color> <color=#FFFF00>[Bình]</color> ",3
37010119,Trứng trân thú: Thần Mô (Cấp 75),Cloth2_12,75,75,true,0,0,true,true,false,1,-1,-1,,9999995,Trứng trân thú,"Trứng Trân Thú quý hiếm, nở ra trân thú <color=#00FF00> Thần Mô </color>Bảo Bảo <color=#00FF00>cấp 75</color> <color=#FFFF00>[Bình]</color> ",3
37010120,Trứng trân thú: Giáp Trùng (Cấp 5),Cloth2_12,5,5,true,0,0,true,true,false,1,-1,-1,,9999995,Trứng trân thú,"Trứng Trân Thú quý hiếm, nở ra trân thú <color=#00FF00> Giáp Trùng </color>Bảo Bảo <color=#00FF00>cấp 5</color> <color=#FFFF00>[Bình]</color> ",3
37010121,Trứng trân thú: Cường Giáp Trùng (Cấp 45),Cloth2_12,45,45,true,0,0,true,true,false,1,-1,-1,,9999995,Trứng trân thú,"Trứng Trân Thú quý hiếm, nở ra trân thú <color=#00FF00> Cường Giáp Trùng </color>Bảo Bảo <color=#00FF00>cấp 45</color> <color=#FFFF00>[Bình]</color> ",3
37010122,Trứng trân thú: Trân Giáp Trùng (Cấp 55),Cloth2_12,55,55,true,0,0,true,true,false,1,-1,-1,,9999995,Trứng trân thú,"Trứng Trân Thú quý hiếm, nở ra trân thú <color=#00FF00> Trân Giáp Trùng </color>Bảo Bảo <color=#00FF00>cấp 55</color> <color=#FFFF00>[Bình]</color> ",3
37010123,Trứng trân thú: Thánh Giáp Trùng (Cấp 65),Cloth2_12,65,65,true,0,0,true,true,false,1,-1,-1,,9999995,Trứng trân thú,"Trứng Trân Thú quý hiếm, nở ra trân thú <color=#00FF00> Thánh Giáp Trùng </color>Bảo Bảo <color=#00FF00>cấp 65</color> <color=#FFFF00>[Bình]</color> ",3
37010124,Trứng trân thú: Thần Giáp Trùng (Cấp 75),Cloth2_12,75,75,true,0,0,true,true,false,1,-1,-1,,9999995,Trứng trân thú,"Trứng Trân Thú quý hiếm, nở ra trân thú <color=#00FF00> Thần Giáp Trùng </color>Bảo Bảo <color=#00FF00>cấp 75</color> <color=#FFFF00>[Bình]</color> ",3
37010125,Trứng trân thú: Đương Hỗ (Cấp 5),Cloth2_12,5,5,true,0,0,true,true,false,1,-1,-1,,9999995,Trứng trân thú,"Trứng Trân Thú quý hiếm, nở ra trân thú <color=#00FF00> Đương Hỗ </color>Bảo Bảo <color=#00FF00>cấp 5</color> <color=#FFFF00>[Nội]</color> ",3
37010126,Trứng trân thú: Linh Đương Hỗ (Cấp 45),Cloth2_12,45,45,true,0,0,true,true,false,1,-1,-1,,9999995,Trứng trân thú,"Trứng Trân Thú quý hiếm, nở ra trân thú <color=#00FF00> Linh Đương Hỗ </color>Bảo Bảo <color=#00FF00>cấp 45</color> <color=#FFFF00>[Nội]</color> ",3
37010127,Trứng trân thú: Trân Đương Hỗ (Cấp 55),Cloth2_12,55,55,true,0,0,true,true,false,1,-1,-1,,9999995,Trứng trân thú,"Trứng Trân Thú quý hiếm, nở ra trân thú <color=#00FF00> Trân Đương Hỗ </color>Bảo Bảo <color=#00FF00>cấp 55</color> <color=#FFFF00>[Nội]</color> ",3
37010128,Trứng trân thú: Thánh Đương Hỗ (Cấp 65),Cloth2_12,65,65,true,0,0,true,true,false,1,-1,-1,,9999995,Trứng trân thú,"Trứng Trân Thú quý hiếm, nở ra trân thú <color=#00FF00> Thánh Đương Hỗ </color>Bảo Bảo <color=#00FF00>cấp 65</color> <color=#FFFF00>[Nội]</color> ",3
37010129,Trứng trân thú: Thần Đương Hỗ (Cấp 75),Cloth2_12,75,75,true,0,0,true,true,false,1,-1,-1,,9999995,Trứng trân thú,"Trứng Trân Thú quý hiếm, nở ra trân thú <color=#00FF00> Thần Đương Hỗ </color>Bảo Bảo <color=#00FF00>cấp 75</color> <color=#FFFF00>[Nội]</color> ",3
37010130,Trứng trân thú: Thần Xí Nga (Cấp 65),Cloth2_12,65,65,true,0,0,true,true,false,1,-1,-1,,9999995,Trứng trân thú,"Trứng Trân Thú quý hiếm, nở ra trân thú <color=#00FF00> Thần Xí Nga </color>Bảo Bảo <color=#00FF00>cấp 65</color> <color=#FFFF00>[Nội]</color> ",3
37010131,Trứng trân thú: Quai Xí Nga (Cấp 45),Cloth2_12,45,45,true,0,0,true,true,false,1,-1,-1,,9999995,Trứng trân thú,"Trứng Trân Thú quý hiếm, nở ra trân thú <color=#00FF00> Quai Xí Nga </color>Bảo Bảo <color=#00FF00>cấp 45</color> <color=#FFFF00>[Nội]</color> ",3
37010132,Trứng trân thú: Linh Xí Nga (Cấp 55),Cloth2_12,55,55,true,0,0,true,true,false,1,-1,-1,,9999995,Trứng trân thú,"Trứng Trân Thú quý hiếm, nở ra trân thú <color=#00FF00> Linh Xí Nga </color>Bảo Bảo <color=#00FF00>cấp 55</color> <color=#FFFF00>[Nội]</color> ",3
37010133,Trứng trân thú: Thánh Xí Nga (Cấp 65),Cloth2_12,65,65,true,0,0,true,true,false,1,-1,-1,,9999995,Trứng trân thú,"Trứng Trân Thú quý hiếm, nở ra trân thú <color=#00FF00> Thánh Xí Nga </color>Bảo Bảo <color=#00FF00>cấp 65</color> <color=#FFFF00>[Nội]</color> ",3
37010134,Trứng trân thú: Hỏa Tông Thử (Cấp 55),Cloth2_12,55,55,true,0,0,true,true,false,1,-1,-1,,9999995,Trứng trân thú,"Trứng Trân Thú quý hiếm, nở ra trân thú <color=#00FF00> Hỏa Tông Thử </color>Bảo Bảo <color=#00FF00>cấp 55</color> <color=#FFFF00>[Ngoại]</color> ",3
37010135,Trứng trân thú: Viêm Hỏa Tông Thử (Cấp 75),Cloth2_12,75,75,true,0,0,true,true,false,1,-1,-1,,9999995,Trứng trân thú,"Trứng Trân Thú quý hiếm, nở ra trân thú <color=#00FF00> Viêm Hỏa Tông Thử </color>Bảo Bảo <color=#00FF00>cấp 75</color> <color=#FFFF00>[Ngoại]</color> ",3
37010136,Trứng trân thú: Huyền Dực Thú (Cấp 65),Cloth2_12,65,65,true,0,0,true,true,false,1,-1,-1,,9999995,Trứng trân thú,"Trứng Trân Thú quý hiếm, nở ra trân thú <color=#00FF00> Huyền Dực Thú </color>Bảo Bảo <color=#00FF00>cấp 65</color> <color=#FFFF00>[Nội]</color> ",3
37010137,Trứng trân thú: Xuy Huyền Dực Thú (Cấp 75),Cloth2_12,75,75,true,0,0,true,true,false,1,-1,-1,,9999995,Trứng trân thú,"Trứng Trân Thú quý hiếm, nở ra trân thú <color=#00FF00> Xuy Huyền Dực Thú </color>Bảo Bảo <color=#00FF00>cấp 75</color> <color=#FFFF00>[Nội]</color> ",3
37010138,Trứng trân thú: Ngọc Thố (Cấp 5),Cloth2_12,5,5,true,0,0,true,true,false,1,-1,-1,,9999995,Trứng trân thú,"Trứng Trân Thú quý hiếm, nở ra trân thú <color=#00FF00> Ngọc Thố </color>Bảo Bảo <color=#00FF00>cấp 5</color> <color=#FFFF00>[Nội]</color> ",3
37010139,Trứng trân thú: Hạo Nguyệt (Cấp 45),Cloth2_12,45,45,true,0,0,true,true,false,1,-1,-1,,9999995,Trứng trân thú,"Trứng Trân Thú quý hiếm, nở ra trân thú <color=#00FF00> Hạo Nguyệt </color>Bảo Bảo <color=#00FF00>cấp 45</color> <color=#FFFF00>[Nội]</color> ",3
37010140,Trứng trân thú: Thiềm Cung (Cấp 55),Cloth2_12,55,55,true,0,0,true,true,false,1,-1,-1,,9999995,Trứng trân thú,"Trứng Trân Thú quý hiếm, nở ra trân thú <color=#00FF00> Thiềm Cung </color>Bảo Bảo <color=#00FF00>cấp 55</color> <color=#FFFF00>[Nội]</color> ",3
37010141,Trứng trân thú: Thỏ Hằng Nga (Cấp 65),Cloth2_12,65,65,true,0,0,true,true,false,1,-1,-1,,9999995,Trứng trân thú,"Trứng Trân Thú quý hiếm, nở ra trân thú <color=#00FF00> Thỏ Hằng Nga </color>Bảo Bảo <color=#00FF00>cấp 65</color> <color=#FFFF00>[Nội]</color> ",3
37010142,Trứng trân thú: Tiêm Nha Bạo Long (Cấp 45),Cloth2_12,45,45,true,0,0,true,true,false,1,-1,-1,,9999995,Trứng trân thú,"Trứng Trân Thú quý hiếm, nở ra trân thú <color=#00FF00> Tiêm Nha Bạo Long </color>Bảo Bảo <color=#00FF00>cấp 45</color> <color=#FFFF00>[Ngoại]</color> ",3
37010143,Trứng trân thú: Lợi Nha Bạo Long (Cấp 55),Cloth2_12,55,55,true,0,0,true,true,false,1,-1,-1,,9999995,Trứng trân thú,"Trứng Trân Thú quý hiếm, nở ra trân thú <color=#00FF00> Lợi Nha Bạo Long </color>Bảo Bảo <color=#00FF00>cấp 55</color> <color=#FFFF00>[Ngoại]</color> ",3
37010144,Trứng trân thú: Cang Nha Bạo Long (Cấp 65),Cloth2_12,65,65,true,0,0,true,true,false,1,-1,-1,,9999995,Trứng trân thú,"Trứng Trân Thú quý hiếm, nở ra trân thú <color=#00FF00> Cang Nha Bạo Long </color>Bảo Bảo <color=#00FF00>cấp 65</color> <color=#FFFF00>[Ngoại]</color> ",3
37010145,Trứng trân thú: Huyết Nha Bạo Long (Cấp 75),Cloth2_12,75,75,true,0,0,true,true,false,1,-1,-1,,9999995,Trứng trân thú,"Trứng Trân Thú quý hiếm, nở ra trân thú <color=#00FF00> Huyết Nha Bạo Long </color>Bảo Bảo <color=#00FF00>cấp 75</color> <color=#FFFF00>[Ngoại]</color> ",3
37010146,Trứng trân thú: Áp Chủy Thú (Cấp 5),Cloth2_12,5,5,true,0,0,true,true,false,1,-1,-1,,9999995,Trứng trân thú,"Trứng Trân Thú quý hiếm, nở ra trân thú <color=#00FF00> Áp Chủy Thú </color>Bảo Bảo <color=#00FF00>cấp 5</color> <color=#FFFF00>[Nội]</color> ",3
37010147,Trứng trân thú: Áp Chủy Thú (Cấp 45),Cloth2_12,45,45,true,0,0,true,true,false,1,-1,-1,,9999995,Trứng trân thú,"Trứng Trân Thú quý hiếm, nở ra trân thú <color=#00FF00> Áp Chủy Thú </color>Bảo Bảo <color=#00FF00>cấp 45</color> <color=#FFFF00>[Nội]</color> ",3
37010148,Trứng trân thú: Áp Chủy Thú (Cấp 55),Cloth2_12,55,55,true,0,0,true,true,false,1,-1,-1,,9999995,Trứng trân thú,"Trứng Trân Thú quý hiếm, nở ra trân thú <color=#00FF00> Áp Chủy Thú </color>Bảo Bảo <color=#00FF00>cấp 55</color> <color=#FFFF00>[Nội]</color> ",3
37010149,Trứng trân thú: Áp Chủy Thú (Cấp 65),Cloth2_12,65,65,true,0,0,true,true,false,1,-1,-1,,9999995,Trứng trân thú,"Trứng Trân Thú quý hiếm, nở ra trân thú <color=#00FF00> Áp Chủy Thú </color>Bảo Bảo <color=#00FF00>cấp 65</color> <color=#FFFF00>[Nội]</color> ",3
37010150,Trứng trân thú: Áp Chủy Thú (Cấp 75),Cloth2_12,75,75,true,0,0,true,true,false,1,-1,-1,,9999995,Trứng trân thú,"Trứng Trân Thú quý hiếm, nở ra trân thú <color=#00FF00> Áp Chủy Thú </color>Bảo Bảo <color=#00FF00>cấp 75</color> <color=#FFFF00>[Nội]</color> ",3
37010151,Trứng trân thú: Áp Chủy Thú (Cấp 85),Cloth2_12,85,85,true,0,0,true,true,false,1,-1,-1,,9999995,Trứng trân thú,"Trứng Trân Thú quý hiếm, nở ra trân thú <color=#00FF00> Áp Chủy Thú </color>Bảo Bảo <color=#00FF00>cấp 85</color> <color=#FFFF00>[Nội]</color> ",3
37010152,Trứng trân thú: Áp Chủy Thú (Cấp 95),Cloth2_12,95,95,true,0,0,true,true,false,1,-1,-1,,9999995,Trứng trân thú,"Trứng Trân Thú quý hiếm, nở ra trân thú <color=#00FF00> Áp Chủy Thú </color>Bảo Bảo <color=#00FF00>cấp 95</color> <color=#FFFF00>[Nội]</color> ",3
37010153,Trứng trân thú: Tuyết Hồ (Cấp 5),Cloth2_12,5,5,true,0,0,true,true,false,1,-1,-1,,9999995,Trứng trân thú,"Trứng Trân Thú quý hiếm, nở ra trân thú <color=#00FF00> Tuyết Hồ </color>Bảo Bảo <color=#00FF00>cấp 5</color> <color=#FFFF00>[Ngoại]</color> ",3
37010154,Trứng trân thú: Tuyết Hồ (Cấp 45),Cloth2_12,45,45,true,0,0,true,true,false,1,-1,-1,,9999995,Trứng trân thú,"Trứng Trân Thú quý hiếm, nở ra trân thú <color=#00FF00> Tuyết Hồ </color>Bảo Bảo <color=#00FF00>cấp 45</color> <color=#FFFF00>[Ngoại]</color> ",3
37010155,Trứng trân thú: Tuyết Hồ (Cấp 55),Cloth2_12,55,55,true,0,0,true,true,false,1,-1,-1,,9999995,Trứng trân thú,"Trứng Trân Thú quý hiếm, nở ra trân thú <color=#00FF00> Tuyết Hồ </color>Bảo Bảo <color=#00FF00>cấp 55</color> <color=#FFFF00>[Ngoại]</color> ",3
37010156,Trứng trân thú: Tuyết Hồ (Cấp 65),Cloth2_12,65,65,true,0,0,true,true,false,1,-1,-1,,9999995,Trứng trân thú,"Trứng Trân Thú quý hiếm, nở ra trân thú <color=#00FF00> Tuyết Hồ </color>Bảo Bảo <color=#00FF00>cấp 65</color> <color=#FFFF00>[Ngoại]</color> ",3
37010157,Trứng trân thú: Tuyết Hồ (Cấp 75),Cloth2_12,75,75,true,0,0,true,true,false,1,-1,-1,,9999995,Trứng trân thú,"Trứng Trân Thú quý hiếm, nở ra trân thú <color=#00FF00> Tuyết Hồ </color>Bảo Bảo <color=#00FF00>cấp 75</color> <color=#FFFF00>[Ngoại]</color> ",3
37010158,Trứng trân thú: Tuyết Hồ (Cấp 85),Cloth2_12,85,85,true,0,0,true,true,false,1,-1,-1,,9999995,Trứng trân thú,"Trứng Trân Thú quý hiếm, nở ra trân thú <color=#00FF00> Tuyết Hồ </color>Bảo Bảo <color=#00FF00>cấp 85</color> <color=#FFFF00>[Ngoại]</color> ",3
37010159,Trứng trân thú: Tuyết Hồ (Cấp 95),Cloth2_12,95,95,true,0,0,true,true,false,1,-1,-1,,9999995,Trứng trân thú,"Trứng Trân Thú quý hiếm, nở ra trân thú <color=#00FF00> Tuyết Hồ </color>Bảo Bảo <color=#00FF00>cấp 95</color> <color=#FFFF00>[Ngoại]</color> ",3
37010160,Trứng trân thú: Long Miêu (Cấp 5),Cloth2_12,5,5,true,0,0,true,true,false,1,-1,-1,,9999995,Trứng trân thú,"Trứng Trân Thú quý hiếm, nở ra trân thú <color=#00FF00> Long Miêu </color>Bảo Bảo <color=#00FF00>cấp 5</color> <color=#FFFF00>[Ngoại]</color> ",3
37010161,Trứng trân thú: Long Miêu (Cấp 45),Cloth2_12,45,45,true,0,0,true,true,false,1,-1,-1,,9999995,Trứng trân thú,"Trứng Trân Thú quý hiếm, nở ra trân thú <color=#00FF00> Long Miêu </color>Bảo Bảo <color=#00FF00>cấp 45</color> <color=#FFFF00>[Ngoại]</color> ",3
37010162,Trứng trân thú: Long Miêu (Cấp 55),Cloth2_12,55,55,true,0,0,true,true,false,1,-1,-1,,9999995,Trứng trân thú,"Trứng Trân Thú quý hiếm, nở ra trân thú <color=#00FF00> Long Miêu </color>Bảo Bảo <color=#00FF00>cấp 55</color> <color=#FFFF00>[Ngoại]</color> ",3
37010163,Trứng trân thú: Long Miêu (Cấp 65),Cloth2_12,65,65,true,0,0,true,true,false,1,-1,-1,,9999995,Trứng trân thú,"Trứng Trân Thú quý hiếm, nở ra trân thú <color=#00FF00> Long Miêu </color>Bảo Bảo <color=#00FF00>cấp 65</color> <color=#FFFF00>[Ngoại]</color> ",3
37010164,Trứng trân thú: Long Miêu (Cấp 75),Cloth2_12,75,75,true,0,0,true,true,false,1,-1,-1,,9999995,Trứng trân thú,"Trứng Trân Thú quý hiếm, nở ra trân thú <color=#00FF00> Long Miêu </color>Bảo Bảo <color=#00FF00>cấp 75</color> <color=#FFFF00>[Ngoại]</color> ",3
37010165,Trứng trân thú: Long Miêu (Cấp 85),Cloth2_12,85,85,true,0,0,true,true,false,1,-1,-1,,9999995,Trứng trân thú,"Trứng Trân Thú quý hiếm, nở ra trân thú <color=#00FF00> Long Miêu </color>Bảo Bảo <color=#00FF00>cấp 85</color> <color=#FFFF00>[Ngoại]</color> ",3
37010166,Trứng trân thú: Long Miêu (Cấp 95),Cloth2_12,95,95,true,0,0,true,true,false,1,-1,-1,,9999995,Trứng trân thú,"Trứng Trân Thú quý hiếm, nở ra trân thú <color=#00FF00> Long Miêu </color>Bảo Bảo <color=#00FF00>cấp 95</color> <color=#FFFF00>[Ngoại]</color> ",3
37010167,Trứng trân thú: Tê Điểu (Cấp 5),Cloth2_12,5,5,true,0,0,true,true,false,1,-1,-1,,9999995,Trứng trân thú,"Trứng Trân Thú quý hiếm, nở ra trân thú <color=#00FF00> Tê Điểu </color>Bảo Bảo <color=#00FF00>cấp 5</color> <color=#FFFF00>[Nội]</color> ",3
37010168,Trứng trân thú: Tê Điểu (Cấp 45),Cloth2_12,45,45,true,0,0,true,true,false,1,-1,-1,,9999995,Trứng trân thú,"Trứng Trân Thú quý hiếm, nở ra trân thú <color=#00FF00> Tê Điểu </color>Bảo Bảo <color=#00FF00>cấp 45</color> <color=#FFFF00>[Nội]</color> ",3
37010169,Trứng trân thú: Tê Điểu (Cấp 55),Cloth2_12,55,55,true,0,0,true,true,false,1,-1,-1,,9999995,Trứng trân thú,"Trứng Trân Thú quý hiếm, nở ra trân thú <color=#00FF00> Tê Điểu </color>Bảo Bảo <color=#00FF00>cấp 55</color> <color=#FFFF00>[Nội]</color> ",3
37010170,Trứng trân thú: Tê Điểu (Cấp 65),Cloth2_12,65,65,true,0,0,true,true,false,1,-1,-1,,9999995,Trứng trân thú,"Trứng Trân Thú quý hiếm, nở ra trân thú <color=#00FF00> Tê Điểu </color>Bảo Bảo <color=#00FF00>cấp 65</color> <color=#FFFF00>[Nội]</color> ",3
37010171,Trứng trân thú: Tê Điểu (Cấp 75),Cloth2_12,75,75,true,0,0,true,true,false,1,-1,-1,,9999995,Trứng trân thú,"Trứng Trân Thú quý hiếm, nở ra trân thú <color=#00FF00> Tê Điểu </color>Bảo Bảo <color=#00FF00>cấp 75</color> <color=#FFFF00>[Nội]</color> ",3
37010172,Trứng trân thú: Tê Điểu (Cấp 85),Cloth2_12,85,85,true,0,0,true,true,false,1,-1,-1,,9999995,Trứng trân thú,"Trứng Trân Thú quý hiếm, nở ra trân thú <color=#00FF00> Tê Điểu </color>Bảo Bảo <color=#00FF00>cấp 85</color> <color=#FFFF00>[Nội]</color> ",3
37010173,Trứng trân thú: Tê Điểu (Cấp 95),Cloth2_12,95,95,true,0,0,true,true,false,1,-1,-1,,9999995,Trứng trân thú,"Trứng Trân Thú quý hiếm, nở ra trân thú <color=#00FF00> Tê Điểu </color>Bảo Bảo <color=#00FF00>cấp 95</color> <color=#FFFF00>[Nội]</color> ",3
37010174,Trứng trân thú: Hùng Miêu (Cấp 5),Cloth2_12,5,5,true,0,0,true,true,false,1,-1,-1,,9999995,Trứng trân thú,"Trứng Trân Thú quý hiếm, nở ra trân thú <color=#00FF00> Hùng Miêu </color>Bảo Bảo <color=#00FF00>cấp 5</color> <color=#FFFF00>[Bình]</color> ",3
37010175,Trứng trân thú: Hùng Miêu (Cấp 45),Cloth2_12,45,45,true,0,0,true,true,false,1,-1,-1,,9999995,Trứng trân thú,"Trứng Trân Thú quý hiếm, nở ra trân thú <color=#00FF00> Hùng Miêu </color>Bảo Bảo <color=#00FF00>cấp 45</color> <color=#FFFF00>[Bình]</color> ",3
37010176,Trứng trân thú: Hùng Miêu (Cấp 55),Cloth2_12,55,55,true,0,0,true,true,false,1,-1,-1,,9999995,Trứng trân thú,"Trứng Trân Thú quý hiếm, nở ra trân thú <color=#00FF00> Hùng Miêu </color>Bảo Bảo <color=#00FF00>cấp 55</color> <color=#FFFF00>[Bình]</color> ",3
37010177,Trứng trân thú: Hùng Miêu (Cấp 65),Cloth2_12,65,65,true,0,0,true,true,false,1,-1,-1,,9999995,Trứng trân thú,"Trứng Trân Thú quý hiếm, nở ra trân thú <color=#00FF00> Hùng Miêu </color>Bảo Bảo <color=#00FF00>cấp 65</color> <color=#FFFF00>[Bình]</color> ",3
37010178,Trứng trân thú: Hùng Miêu (Cấp 75),Cloth2_12,75,75,true,0,0,true,true,false,1,-1,-1,,9999995,Trứng trân thú,"Trứng Trân Thú quý hiếm, nở ra trân thú <color=#00FF00> Hùng Miêu </color>Bảo Bảo <color=#00FF00>cấp 75</color> <color=#FFFF00>[Bình]</color> ",3
37010179,Trứng trân thú: Hùng Miêu (Cấp 85),Cloth2_12,85,85,true,0,0,true,true,false,1,-1,-1,,9999995,Trứng trân thú,"Trứng Trân Thú quý hiếm, nở ra trân thú <color=#00FF00> Hùng Miêu </color>Bảo Bảo <color=#00FF00>cấp 85</color> <color=#FFFF00>[Bình]</color> ",3
37010180,Trứng trân thú: Hùng Miêu (Cấp 95),Cloth2_12,95,95,true,0,0,true,true,false,1,-1,-1,,9999995,Trứng trân thú,"Trứng Trân Thú quý hiếm, nở ra trân thú <color=#00FF00> Hùng Miêu </color>Bảo Bảo <color=#00FF00>cấp 95</color> <color=#FFFF00>[Bình]</color> ",3
37010181,Trứng trân thú: Bàng Giải (Cấp 5),Cloth2_12,5,5,true,0,0,true,true,false,1,-1,-1,,9999995,Trứng trân thú,"Trứng Trân Thú quý hiếm, nở ra trân thú <color=#00FF00> Bàng Giải </color>Bảo Bảo <color=#00FF00>cấp 5</color> <color=#FFFF00>[Ngoại]</color> ",3
37010182,Trứng trân thú: Bàng Giải (Cấp 45),Cloth2_12,45,45,true,0,0,true,true,false,1,-1,-1,,9999995,Trứng trân thú,"Trứng Trân Thú quý hiếm, nở ra trân thú <color=#00FF00> Bàng Giải </color>Bảo Bảo <color=#00FF00>cấp 45</color> <color=#FFFF00>[Ngoại]</color> ",3
37010183,Trứng trân thú: Bàng Giải (Cấp 55),Cloth2_12,55,55,true,0,0,true,true,false,1,-1,-1,,9999995,Trứng trân thú,"Trứng Trân Thú quý hiếm, nở ra trân thú <color=#00FF00> Bàng Giải </color>Bảo Bảo <color=#00FF00>cấp 55</color> <color=#FFFF00>[Ngoại]</color> ",3
37010184,Trứng trân thú: Bàng Giải (Cấp 65),Cloth2_12,65,65,true,0,0,true,true,false,1,-1,-1,,9999995,Trứng trân thú,"Trứng Trân Thú quý hiếm, nở ra trân thú <color=#00FF00> Bàng Giải </color>Bảo Bảo <color=#00FF00>cấp 65</color> <color=#FFFF00>[Ngoại]</color> ",3
37010185,Trứng trân thú: Bàng Giải (Cấp 75),Cloth2_12,75,75,true,0,0,true,true,false,1,-1,-1,,9999995,Trứng trân thú,"Trứng Trân Thú quý hiếm, nở ra trân thú <color=#00FF00> Bàng Giải </color>Bảo Bảo <color=#00FF00>cấp 75</color> <color=#FFFF00>[Ngoại]</color> ",3
37010186,Trứng trân thú: Bàng Giải (Cấp 85),Cloth2_12,85,85,true,0,0,true,true,false,1,-1,-1,,9999995,Trứng trân thú,"Trứng Trân Thú quý hiếm, nở ra trân thú <color=#00FF00> Bàng Giải </color>Bảo Bảo <color=#00FF00>cấp 85</color> <color=#FFFF00>[Ngoại]</color> ",3
37010187,Trứng trân thú: Bàng Giải (Cấp 95),Cloth2_12,95,95,true,0,0,true,true,false,1,-1,-1,,9999995,Trứng trân thú,"Trứng Trân Thú quý hiếm, nở ra trân thú <color=#00FF00> Bàng Giải </color>Bảo Bảo <color=#00FF00>cấp 95</color> <color=#FFFF00>[Ngoại]</color> ",3
37010188,Trứng trân thú: Hồ Điệp (Cấp 5),Cloth2_12,5,5,true,0,0,true,true,false,1,-1,-1,,9999995,Trứng trân thú,"Trứng Trân Thú quý hiếm, nở ra trân thú <color=#00FF00> Hồ Điệp </color>Bảo Bảo <color=#00FF00>cấp 5</color> <color=#FFFF00>[Nội]</color> ",3
37010189,Trứng trân thú: Hồ Điệp (Cấp 45),Cloth2_12,45,45,true,0,0,true,true,false,1,-1,-1,,9999995,Trứng trân thú,"Trứng Trân Thú quý hiếm, nở ra trân thú <color=#00FF00> Hồ Điệp </color>Bảo Bảo <color=#00FF00>cấp 45</color> <color=#FFFF00>[Nội]</color> ",3
37010190,Trứng trân thú: Hồ Điệp (Cấp 55),Cloth2_12,55,55,true,0,0,true,true,false,1,-1,-1,,9999995,Trứng trân thú,"Trứng Trân Thú quý hiếm, nở ra trân thú <color=#00FF00> Hồ Điệp </color>Bảo Bảo <color=#00FF00>cấp 55</color> <color=#FFFF00>[Nội]</color> ",3
37010191,Trứng trân thú: Hồ Điệp (Cấp 65),Cloth2_12,65,65,true,0,0,true,true,false,1,-1,-1,,9999995,Trứng trân thú,"Trứng Trân Thú quý hiếm, nở ra trân thú <color=#00FF00> Hồ Điệp </color>Bảo Bảo <color=#00FF00>cấp 65</color> <color=#FFFF00>[Nội]</color> ",3
37010192,Trứng trân thú: Hồ Điệp (Cấp 75),Cloth2_12,75,75,true,0,0,true,true,false,1,-1,-1,,9999995,Trứng trân thú,"Trứng Trân Thú quý hiếm, nở ra trân thú <color=#00FF00> Hồ Điệp </color>Bảo Bảo <color=#00FF00>cấp 75</color> <color=#FFFF00>[Nội]</color> ",3
37010193,Trứng trân thú: Hồ Điệp (Cấp 85),Cloth2_12,85,85,true,0,0,true,true,false,1,-1,-1,,9999995,Trứng trân thú,"Trứng Trân Thú quý hiếm, nở ra trân thú <color=#00FF00> Hồ Điệp </color>Bảo Bảo <color=#00FF00>cấp 85</color> <color=#FFFF00>[Nội]</color> ",3
37010194,Trứng trân thú: Hồ Điệp (Cấp 95),Cloth2_12,95,95,true,0,0,true,true,false,1,-1,-1,,9999995,Trứng trân thú,"Trứng Trân Thú quý hiếm, nở ra trân thú <color=#00FF00> Hồ Điệp </color>Bảo Bảo <color=#00FF00>cấp 95</color> <color=#FFFF00>[Nội]</color> ",3
37010195,Trứng trân thú: Oa Ngưu (Cấp 5),Cloth2_12,5,5,true,0,0,true,true,false,1,-1,-1,,9999995,Trứng trân thú,"Trứng Trân Thú quý hiếm, nở ra trân thú <color=#00FF00> Oa Ngưu </color>Bảo Bảo <color=#00FF00>cấp 5</color> <color=#FFFF00>[Bình]</color> ",3
37010196,Trứng trân thú: Oa Ngưu (Cấp 45),Cloth2_12,45,45,true,0,0,true,true,false,1,-1,-1,,9999995,Trứng trân thú,"Trứng Trân Thú quý hiếm, nở ra trân thú <color=#00FF00> Oa Ngưu </color>Bảo Bảo <color=#00FF00>cấp 45</color> <color=#FFFF00>[Bình]</color> ",3
37010197,Trứng trân thú: Oa Ngưu (Cấp 55),Cloth2_12,55,55,true,0,0,true,true,false,1,-1,-1,,9999995,Trứng trân thú,"Trứng Trân Thú quý hiếm, nở ra trân thú <color=#00FF00> Oa Ngưu </color>Bảo Bảo <color=#00FF00>cấp 55</color> <color=#FFFF00>[Bình]</color> ",3
37010198,Trứng trân thú: Oa Ngưu (Cấp 65),Cloth2_12,65,65,true,0,0,true,true,false,1,-1,-1,,9999995,Trứng trân thú,"Trứng Trân Thú quý hiếm, nở ra trân thú <color=#00FF00> Oa Ngưu </color>Bảo Bảo <color=#00FF00>cấp 65</color> <color=#FFFF00>[Bình]</color> ",3
37010199,Trứng trân thú: Oa Ngưu (Cấp 75),Cloth2_12,75,75,true,0,0,true,true,false,1,-1,-1,,9999995,Trứng trân thú,"Trứng Trân Thú quý hiếm, nở ra trân thú <color=#00FF00> Oa Ngưu </color>Bảo Bảo <color=#00FF00>cấp 75</color> <color=#FFFF00>[Bình]</color> ",3
37010200,Trứng trân thú: Oa Ngưu (Cấp 85),Cloth2_12,85,85,true,0,0,true,true,false,1,-1,-1,,9999995,Trứng trân thú,"Trứng Trân Thú quý hiếm, nở ra trân thú <color=#00FF00> Oa Ngưu </color>Bảo Bảo <color=#00FF00>cấp 85</color> <color=#FFFF00>[Bình]</color> ",3
37010201,Trứng trân thú: Oa Ngưu (Cấp 95),Cloth2_12,95,95,true,0,0,true,true,false,1,-1,-1,,9999995,Trứng trân thú,"Trứng Trân Thú quý hiếm, nở ra trân thú <color=#00FF00> Oa Ngưu </color>Bảo Bảo <color=#00FF00>cấp 95</color> <color=#FFFF00>[Bình]</color> ",3
37010202,Trứng trân thú: Hạt Tử (Cấp 5),Cloth2_12,5,5,true,0,0,true,true,false,1,-1,-1,,9999995,Trứng trân thú,"Trứng Trân Thú quý hiếm, nở ra trân thú <color=#00FF00> Hạt Tử </color>Bảo Bảo <color=#00FF00>cấp 5</color> <color=#FFFF00>[Ngoại]</color> ",3
37010203,Trứng trân thú: Hạt Tử (Cấp 45),Cloth2_12,45,45,true,0,0,true,true,false,1,-1,-1,,9999995,Trứng trân thú,"Trứng Trân Thú quý hiếm, nở ra trân thú <color=#00FF00> Hạt Tử </color>Bảo Bảo <color=#00FF00>cấp 45</color> <color=#FFFF00>[Ngoại]</color> ",3
37010204,Trứng trân thú: Hạt Tử (Cấp 55),Cloth2_12,55,55,true,0,0,true,true,false,1,-1,-1,,9999995,Trứng trân thú,"Trứng Trân Thú quý hiếm, nở ra trân thú <color=#00FF00> Hạt Tử </color>Bảo Bảo <color=#00FF00>cấp 55</color> <color=#FFFF00>[Ngoại]</color> ",3
37010205,Trứng trân thú: Hạt Tử (Cấp 65),Cloth2_12,65,65,true,0,0,true,true,false,1,-1,-1,,9999995,Trứng trân thú,"Trứng Trân Thú quý hiếm, nở ra trân thú <color=#00FF00> Hạt Tử </color>Bảo Bảo <color=#00FF00>cấp 65</color> <color=#FFFF00>[Ngoại]</color> ",3
37010206,Trứng trân thú: Hạt Tử (Cấp 75),Cloth2_12,75,75,true,0,0,true,true,false,1,-1,-1,,9999995,Trứng trân thú,"Trứng Trân Thú quý hiếm, nở ra trân thú <color=#00FF00> Hạt Tử </color>Bảo Bảo <color=#00FF00>cấp 75</color> <color=#FFFF00>[Ngoại]</color> ",3
37010207,Trứng trân thú: Hạt Tử (Cấp 85),Cloth2_12,85,85,true,0,0,true,true,false,1,-1,-1,,9999995,Trứng trân thú,"Trứng Trân Thú quý hiếm, nở ra trân thú <color=#00FF00> Hạt Tử </color>Bảo Bảo <color=#00FF00>cấp 85</color> <color=#FFFF00>[Ngoại]</color> ",3
37010208,Trứng trân thú: Hạt Tử (Cấp 95),Cloth2_12,95,95,true,0,0,true,true,false,1,-1,-1,,9999995,Trứng trân thú,"Trứng Trân Thú quý hiếm, nở ra trân thú <color=#00FF00> Hạt Tử </color>Bảo Bảo <color=#00FF00>cấp 95</color> <color=#FFFF00>[Ngoại]</color> ",3
37010209,Trứng trân thú: Xuyên Sơn Giáp (Cấp 5),Cloth2_12,5,5,true,0,0,true,true,false,1,-1,-1,,9999995,Trứng trân thú,"Trứng Trân Thú quý hiếm, nở ra trân thú <color=#00FF00> Xuyên Sơn Giáp </color>Bảo Bảo <color=#00FF00>cấp 5</color> <color=#FFFF00>[Bình]</color> ",3
37010210,Trứng trân thú: Xuyên Sơn Giáp (Cấp 45),Cloth2_12,45,45,true,0,0,true,true,false,1,-1,-1,,9999995,Trứng trân thú,"Trứng Trân Thú quý hiếm, nở ra trân thú <color=#00FF00> Xuyên Sơn Giáp </color>Bảo Bảo <color=#00FF00>cấp 45</color> <color=#FFFF00>[Bình]</color> ",3
37010211,Trứng trân thú: Xuyên Sơn Giáp (Cấp 55),Cloth2_12,55,55,true,0,0,true,true,false,1,-1,-1,,9999995,Trứng trân thú,"Trứng Trân Thú quý hiếm, nở ra trân thú <color=#00FF00> Xuyên Sơn Giáp </color>Bảo Bảo <color=#00FF00>cấp 55</color> <color=#FFFF00>[Bình]</color> ",3
37010212,Trứng trân thú: Xuyên Sơn Giáp (Cấp 65),Cloth2_12,65,65,true,0,0,true,true,false,1,-1,-1,,9999995,Trứng trân thú,"Trứng Trân Thú quý hiếm, nở ra trân thú <color=#00FF00> Xuyên Sơn Giáp </color>Bảo Bảo <color=#00FF00>cấp 65</color> <color=#FFFF00>[Bình]</color> ",3
37010213,Trứng trân thú: Xuyên Sơn Giáp (Cấp 75),Cloth2_12,75,75,true,0,0,true,true,false,1,-1,-1,,9999995,Trứng trân thú,"Trứng Trân Thú quý hiếm, nở ra trân thú <color=#00FF00> Xuyên Sơn Giáp </color>Bảo Bảo <color=#00FF00>cấp 75</color> <color=#FFFF00>[Bình]</color> ",3
37010214,Trứng trân thú: Lôi Lân (Cấp 85),Cloth2_12,85,85,true,0,0,true,true,false,1,-1,-1,,9999995,Trứng trân thú,"Trứng Trân Thú quý hiếm, nở ra trân thú <color=#00FF00> Lôi Lân </color>Bảo Bảo <color=#00FF00>cấp 85</color> <color=#FFFF00>[Ngoại]</color> ",3
37010215,Trứng trân thú: Xuyên Sơn Giáp (Cấp 95),Cloth2_12,95,95,true,0,0,true,true,false,1,-1,-1,,9999995,Trứng trân thú,"Trứng Trân Thú quý hiếm, nở ra trân thú <color=#00FF00> Xuyên Sơn Giáp </color>Bảo Bảo <color=#00FF00>cấp 95</color> <color=#FFFF00>[Bình]</color> ",3
37010216,Trứng trân thú: Huyền Giáp Lôi Xà (Cấp 5),Cloth2_12,5,5,true,0,0,true,true,false,1,-1,-1,,9999995,Trứng trân thú,"Trứng Trân Thú quý hiếm, nở ra trân thú <color=#00FF00> Huyền Giáp Lôi Xà </color>Bảo Bảo <color=#00FF00>cấp 5</color> <color=#FFFF00>[Bình]</color> ",3
37010217,Trứng trân thú: Huyền Giáp Lôi Xà (Cấp 45),Cloth2_12,45,45,true,0,0,true,true,false,1,-1,-1,,9999995,Trứng trân thú,"Trứng Trân Thú quý hiếm, nở ra trân thú <color=#00FF00> Huyền Giáp Lôi Xà </color>Bảo Bảo <color=#00FF00>cấp 45</color> <color=#FFFF00>[Bình]</color> ",3
37010218,Trứng trân thú: Huyền Giáp Lôi Xà (Cấp 55),Cloth2_12,55,55,true,0,0,true,true,false,1,-1,-1,,9999995,Trứng trân thú,"Trứng Trân Thú quý hiếm, nở ra trân thú <color=#00FF00> Huyền Giáp Lôi Xà </color>Bảo Bảo <color=#00FF00>cấp 55</color> <color=#FFFF00>[Bình]</color> ",3
37010219,Trứng trân thú: Huyền Giáp Lôi Xà (Cấp 65),Cloth2_12,65,65,true,0,0,true,true,false,1,-1,-1,,9999995,Trứng trân thú,"Trứng Trân Thú quý hiếm, nở ra trân thú <color=#00FF00> Huyền Giáp Lôi Xà </color>Bảo Bảo <color=#00FF00>cấp 65</color> <color=#FFFF00>[Bình]</color> ",3
37010220,Trứng trân thú: Huyền Giáp Lôi Xà (Cấp 75),Cloth2_12,75,75,true,0,0,true,true,false,1,-1,-1,,9999995,Trứng trân thú,"Trứng Trân Thú quý hiếm, nở ra trân thú <color=#00FF00> Huyền Giáp Lôi Xà </color>Bảo Bảo <color=#00FF00>cấp 75</color> <color=#FFFF00>[Bình]</color> ",3
37010221,Trứng trân thú: Huyền Giáp Lôi Xà (Cấp 85),Cloth2_12,85,85,true,0,0,true,true,false,1,-1,-1,,9999995,Trứng trân thú,"Trứng Trân Thú quý hiếm, nở ra trân thú <color=#00FF00> Huyền Giáp Lôi Xà </color>Bảo Bảo <color=#00FF00>cấp 85</color> <color=#FFFF00>[Bình]</color> ",3
37010222,Trứng trân thú: Huyền Giáp Lôi Xà (Cấp 95),Cloth2_12,95,95,true,0,0,true,true,false,1,-1,-1,,9999995,Trứng trân thú,"Trứng Trân Thú quý hiếm, nở ra trân thú <color=#00FF00> Huyền Giáp Lôi Xà </color>Bảo Bảo <color=#00FF00>cấp 95</color> <color=#FFFF00>[Bình]</color> ",3
37010223,Trứng trân thú: Đương Hỗ (Cấp 5),Cloth2_12,5,5,true,0,0,true,true,false,1,-1,-1,,9999995,Trứng trân thú,"Trứng Trân Thú quý hiếm, nở ra trân thú <color=#00FF00> Đương Hỗ </color>Bảo Bảo <color=#00FF00>cấp 5</color> <color=#FFFF00>[Nội]</color> ",3
37010224,Trứng trân thú: Đương Hỗ (Cấp 45),Cloth2_12,45,45,true,0,0,true,true,false,1,-1,-1,,9999995,Trứng trân thú,"Trứng Trân Thú quý hiếm, nở ra trân thú <color=#00FF00> Đương Hỗ </color>Bảo Bảo <color=#00FF00>cấp 45</color> <color=#FFFF00>[Nội]</color> ",3
37010225,Trứng trân thú: Đương Hỗ (Cấp 55),Cloth2_12,55,55,true,0,0,true,true,false,1,-1,-1,,9999995,Trứng trân thú,"Trứng Trân Thú quý hiếm, nở ra trân thú <color=#00FF00> Đương Hỗ </color>Bảo Bảo <color=#00FF00>cấp 55</color> <color=#FFFF00>[Nội]</color> ",3
37010226,Trứng trân thú: Đương Hỗ (Cấp 65),Cloth2_12,65,65,true,0,0,true,true,false,1,-1,-1,,9999995,Trứng trân thú,"Trứng Trân Thú quý hiếm, nở ra trân thú <color=#00FF00> Đương Hỗ </color>Bảo Bảo <color=#00FF00>cấp 65</color> <color=#FFFF00>[Nội]</color> ",3
37010227,Trứng trân thú: Đương Hỗ (Cấp 75),Cloth2_12,75,75,true,0,0,true,true,false,1,-1,-1,,9999995,Trứng trân thú,"Trứng Trân Thú quý hiếm, nở ra trân thú <color=#00FF00> Đương Hỗ </color>Bảo Bảo <color=#00FF00>cấp 75</color> <color=#FFFF00>[Nội]</color> ",3
37010228,Trứng trân thú: Đương Hỗ (Cấp 85),Cloth2_12,85,85,true,0,0,true,true,false,1,-1,-1,,9999995,Trứng trân thú,"Trứng Trân Thú quý hiếm, nở ra trân thú <color=#00FF00> Đương Hỗ </color>Bảo Bảo <color=#00FF00>cấp 85</color> <color=#FFFF00>[Nội]</color> ",3
37010229,Trứng trân thú: Đương Hỗ (Cấp 95),Cloth2_12,95,95,true,0,0,true,true,false,1,-1,-1,,9999995,Trứng trân thú,"Trứng Trân Thú quý hiếm, nở ra trân thú <color=#00FF00> Đương Hỗ </color>Bảo Bảo <color=#00FF00>cấp 95</color> <color=#FFFF00>[Nội]</color> ",3
37010230,Trứng trân thú: Hải Tặc Thử (Cấp 5),Cloth2_12,5,5,true,0,0,true,true,false,1,-1,-1,,9999995,Trứng trân thú,"Trứng Trân Thú quý hiếm, nở ra trân thú <color=#00FF00> Hải Tặc Thử </color>Bảo Bảo <color=#00FF00>cấp 5</color> <color=#FFFF00>[Ngoại]</color> ",3
37010231,Trứng trân thú: Hải Tặc Thử (Cấp 45),Cloth2_12,45,45,true,0,0,true,true,false,1,-1,-1,,9999995,Trứng trân thú,"Trứng Trân Thú quý hiếm, nở ra trân thú <color=#00FF00> Hải Tặc Thử </color>Bảo Bảo <color=#00FF00>cấp 45</color> <color=#FFFF00>[Ngoại]</color> ",3
37010232,Trứng trân thú: Hải Tặc Thử (Cấp 55),Cloth2_12,55,55,true,0,0,true,true,false,1,-1,-1,,9999995,Trứng trân thú,"Trứng Trân Thú quý hiếm, nở ra trân thú <color=#00FF00> Hải Tặc Thử </color>Bảo Bảo <color=#00FF00>cấp 55</color> <color=#FFFF00>[Ngoại]</color> ",3
37010233,Trứng trân thú: Hải Tặc Thử (Cấp 65),Cloth2_12,65,65,true,0,0,true,true,false,1,-1,-1,,9999995,Trứng trân thú,"Trứng Trân Thú quý hiếm, nở ra trân thú <color=#00FF00> Hải Tặc Thử </color>Bảo Bảo <color=#00FF00>cấp 65</color> <color=#FFFF00>[Ngoại]</color> ",3
37010234,Trứng trân thú: Hải Tặc Thử (Cấp 75),Cloth2_12,75,75,true,0,0,true,true,false,1,-1,-1,,9999995,Trứng trân thú,"Trứng Trân Thú quý hiếm, nở ra trân thú <color=#00FF00> Hải Tặc Thử </color>Bảo Bảo <color=#00FF00>cấp 75</color> <color=#FFFF00>[Ngoại]</color> ",3
37010235,Trứng trân thú: Hải Tặc Thử (Cấp 85),Cloth2_12,85,85,true,0,0,true,true,false,1,-1,-1,,9999995,Trứng trân thú,"Trứng Trân Thú quý hiếm, nở ra trân thú <color=#00FF00> Hải Tặc Thử </color>Bảo Bảo <color=#00FF00>cấp 85</color> <color=#FFFF00>[Ngoại]</color> ",3
37010236,Trứng trân thú: Hải Tặc Thử (Cấp 95),Cloth2_12,95,95,true,0,0,true,true,false,1,-1,-1,,9999995,Trứng trân thú,"Trứng Trân Thú quý hiếm, nở ra trân thú <color=#00FF00> Hải Tặc Thử </color>Bảo Bảo <color=#00FF00>cấp 95</color> <color=#FFFF00>[Ngoại]</color> ",3
37010237,Trứng trân thú: Bảo Rương Đồng Tử (Cấp 5),Cloth2_12,5,5,true,0,0,true,true,false,1,-1,-1,,9999995,Trứng trân thú,"Trứng Trân Thú quý hiếm, nở ra trân thú <color=#00FF00> Bảo Rương Đồng Tử </color>Bảo Bảo <color=#00FF00>cấp 5</color> <color=#FFFF00>[Nội]</color> ",3
37010238,Trứng trân thú: Bảo Rương Đồng Tử (Cấp 45),Cloth2_12,45,45,true,0,0,true,true,false,1,-1,-1,,9999995,Trứng trân thú,"Trứng Trân Thú quý hiếm, nở ra trân thú <color=#00FF00> Bảo Rương Đồng Tử </color>Bảo Bảo <color=#00FF00>cấp 45</color> <color=#FFFF00>[Nội]</color> ",3
37010239,Trứng trân thú: Bảo Rương Đồng Tử (Cấp 55),Cloth2_12,55,55,true,0,0,true,true,false,1,-1,-1,,9999995,Trứng trân thú,"Trứng Trân Thú quý hiếm, nở ra trân thú <color=#00FF00> Bảo Rương Đồng Tử </color>Bảo Bảo <color=#00FF00>cấp 55</color> <color=#FFFF00>[Nội]</color> ",3
37010240,Trứng trân thú: Bảo Rương Đồng Tử (Cấp 65),Cloth2_12,65,65,true,0,0,true,true,false,1,-1,-1,,9999995,Trứng trân thú,"Trứng Trân Thú quý hiếm, nở ra trân thú <color=#00FF00> Bảo Rương Đồng Tử </color>Bảo Bảo <color=#00FF00>cấp 65</color> <color=#FFFF00>[Nội]</color> ",3
37010241,Trứng trân thú: Bảo Rương Đồng Tử (Cấp 75),Cloth2_12,75,75,true,0,0,true,true,false,1,-1,-1,,9999995,Trứng trân thú,"Trứng Trân Thú quý hiếm, nở ra trân thú <color=#00FF00> Bảo Rương Đồng Tử </color>Bảo Bảo <color=#00FF00>cấp 75</color> <color=#FFFF00>[Nội]</color> ",3
37010242,Trứng trân thú: Bảo Rương Đồng Tử (Cấp 85),Cloth2_12,85,85,true,0,0,true,true,false,1,-1,-1,,9999995,Trứng trân thú,"Trứng Trân Thú quý hiếm, nở ra trân thú <color=#00FF00> Bảo Rương Đồng Tử </color>Bảo Bảo <color=#00FF00>cấp 85</color> <color=#FFFF00>[Nội]</color> ",3
37010243,Trứng trân thú: Bảo Rương Đồng Tử (Cấp 95),Cloth2_12,95,95,true,0,0,true,true,false,1,-1,-1,,9999995,Trứng trân thú,"Trứng Trân Thú quý hiếm, nở ra trân thú <color=#00FF00> Bảo Rương Đồng Tử </color>Bảo Bảo <color=#00FF00>cấp 95</color> <color=#FFFF00>[Nội]</color> ",3
37010244,Trứng trân thú: Thụ Đại Hùng (Cấp 5),Cloth2_12,5,5,true,0,0,true,true,false,1,-1,-1,,9999995,Trứng trân thú,"Trứng Trân Thú quý hiếm, nở ra trân thú <color=#00FF00> Thụ Đại Hùng </color>Bảo Bảo <color=#00FF00>cấp 5</color> <color=#FFFF00>[Nội]</color> ",3
37010245,Trứng trân thú: Thụ Đại Hùng (Cấp 45),Cloth2_12,45,45,true,0,0,true,true,false,1,-1,-1,,9999995,Trứng trân thú,"Trứng Trân Thú quý hiếm, nở ra trân thú <color=#00FF00> Thụ Đại Hùng </color>Bảo Bảo <color=#00FF00>cấp 45</color> <color=#FFFF00>[Nội]</color> ",3
37010246,Trứng trân thú: Thụ Đại Hùng (Cấp 55),Cloth2_12,55,55,true,0,0,true,true,false,1,-1,-1,,9999995,Trứng trân thú,"Trứng Trân Thú quý hiếm, nở ra trân thú <color=#00FF00> Thụ Đại Hùng </color>Bảo Bảo <color=#00FF00>cấp 55</color> <color=#FFFF00>[Nội]</color> ",3
37010247,Trứng trân thú: Thụ Đại Hùng (Cấp 65),Cloth2_12,65,65,true,0,0,true,true,false,1,-1,-1,,9999995,Trứng trân thú,"Trứng Trân Thú quý hiếm, nở ra trân thú <color=#00FF00> Thụ Đại Hùng </color>Bảo Bảo <color=#00FF00>cấp 65</color> <color=#FFFF00>[Nội]</color> ",3
37010248,Trứng trân thú: Thụ Đại Hùng (Cấp 75),Cloth2_12,75,75,true,0,0,true,true,false,1,-1,-1,,9999995,Trứng trân thú,"Trứng Trân Thú quý hiếm, nở ra trân thú <color=#00FF00> Thụ Đại Hùng </color>Bảo Bảo <color=#00FF00>cấp 75</color> <color=#FFFF00>[Nội]</color> ",3
37010249,Trứng trân thú: Thụ Đại Hùng (Cấp 85),Cloth2_12,85,85,true,0,0,true,true,false,1,-1,-1,,9999995,Trứng trân thú,"Trứng Trân Thú quý hiếm, nở ra trân thú <color=#00FF00> Thụ Đại Hùng </color>Bảo Bảo <color=#00FF00>cấp 85</color> <color=#FFFF00>[Nội]</color> ",3
37010250,Trứng trân thú: Thụ Đại Hùng (Cấp 95),Cloth2_12,95,95,true,0,0,true,true,false,1,-1,-1,,9999995,Trứng trân thú,"Trứng Trân Thú quý hiếm, nở ra trân thú <color=#00FF00> Thụ Đại Hùng </color>Bảo Bảo <color=#00FF00>cấp 95</color> <color=#FFFF00>[Nội]</color> ",3
37010251,Trứng trân thú: Hoan Lạc Trư (Cấp 5),Cloth2_12,5,5,true,0,0,true,true,false,1,-1,-1,,9999995,Trứng trân thú,"Trứng Trân Thú quý hiếm, nở ra trân thú <color=#00FF00> Hoan Lạc Trư </color>Bảo Bảo <color=#00FF00>cấp 5</color> <color=#FFFF00>[Ngoại]</color> ",3
37010252,Trứng trân thú: Hoan Lạc Trư (Cấp 45),Cloth2_12,45,45,true,0,0,true,true,false,1,-1,-1,,9999995,Trứng trân thú,"Trứng Trân Thú quý hiếm, nở ra trân thú <color=#00FF00> Hoan Lạc Trư </color>Bảo Bảo <color=#00FF00>cấp 45</color> <color=#FFFF00>[Ngoại]</color> ",3
37010253,Trứng trân thú: Hoan Lạc Trư (Cấp 55),Cloth2_12,55,55,true,0,0,true,true,false,1,-1,-1,,9999995,Trứng trân thú,"Trứng Trân Thú quý hiếm, nở ra trân thú <color=#00FF00> Hoan Lạc Trư </color>Bảo Bảo <color=#00FF00>cấp 55</color> <color=#FFFF00>[Ngoại]</color> ",3
37010254,Trứng trân thú: Hoan Lạc Trư (Cấp 65),Cloth2_12,65,65,true,0,0,true,true,false,1,-1,-1,,9999995,Trứng trân thú,"Trứng Trân Thú quý hiếm, nở ra trân thú <color=#00FF00> Hoan Lạc Trư </color>Bảo Bảo <color=#00FF00>cấp 65</color> <color=#FFFF00>[Ngoại]</color> ",3
37010255,Trứng trân thú: Hoan Lạc Trư (Cấp 75),Cloth2_12,75,75,true,0,0,true,true,false,1,-1,-1,,9999995,Trứng trân thú,"Trứng Trân Thú quý hiếm, nở ra trân thú <color=#00FF00> Hoan Lạc Trư </color>Bảo Bảo <color=#00FF00>cấp 75</color> <color=#FFFF00>[Ngoại]</color> ",3
37010256,Trứng trân thú: Hoan Lạc Trư (Cấp 85),Cloth2_12,85,85,true,0,0,true,true,false,1,-1,-1,,9999995,Trứng trân thú,"Trứng Trân Thú quý hiếm, nở ra trân thú <color=#00FF00> Hoan Lạc Trư </color>Bảo Bảo <color=#00FF00>cấp 85</color> <color=#FFFF00>[Ngoại]</color> ",3
37010257,Trứng trân thú: Hoan Lạc Trư (Cấp 95),Cloth2_12,95,95,true,0,0,true,true,false,1,-1,-1,,9999995,Trứng trân thú,"Trứng Trân Thú quý hiếm, nở ra trân thú <color=#00FF00> Hoan Lạc Trư </color>Bảo Bảo <color=#00FF00>cấp 95</color> <color=#FFFF00>[Ngoại]</color> ",3
37010258,Trứng trân thú: Hỏa Tông Yêu Thử (Cấp 55),Cloth2_12,55,55,true,0,0,true,true,false,1,-1,-1,,9999995,Trứng trân thú,"Trứng Trân Thú quý hiếm, nở ra trân thú <color=#00FF00> Hỏa Tông Yêu Thử </color>Bảo Bảo <color=#00FF00>cấp 55</color> <color=#FFFF00>[Ngoại]</color> ",3
37010259,Trứng trân thú: Viêm Hỏa Yêu Thử (Cấp 75),Cloth2_12,75,75,true,0,0,true,true,false,1,-1,-1,,9999995,Trứng trân thú,"Trứng Trân Thú quý hiếm, nở ra trân thú <color=#00FF00> Viêm Hỏa Yêu Thử </color>Bảo Bảo <color=#00FF00>cấp 75</color> <color=#FFFF00>[Ngoại]</color> ",3
37010260,Trứng trân thú: Huyền Dực Ma Thú (Cấp 65),Cloth2_12,65,65,true,0,0,true,true,false,1,-1,-1,,9999995,Trứng trân thú,"Trứng Trân Thú quý hiếm, nở ra trân thú <color=#00FF00> Huyền Dực Ma Thú </color>Bảo Bảo <color=#00FF00>cấp 65</color> <color=#FFFF00>[Nội]</color> ",3
37010261,Trứng trân thú: Xuy Huyền Ma Thú (Cấp 75),Cloth2_12,75,75,true,0,0,true,true,false,1,-1,-1,,9999995,Trứng trân thú,"Trứng Trân Thú quý hiếm, nở ra trân thú <color=#00FF00> Xuy Huyền Ma Thú </color>Bảo Bảo <color=#00FF00>cấp 75</color> <color=#FFFF00>[Nội]</color> ",3
37010262,Trứng trân thú: Trân Kỳ Thử (Cấp 65),Cloth2_12,65,65,true,0,0,true,true,false,1,-1,-1,,9999995,Trứng trân thú,"Trứng Trân Thú quý hiếm, nở ra trân thú <color=#00FF00> Trân Kỳ Thử </color>Bảo Bảo <color=#00FF00>cấp 65</color> <color=#FFFF00>[Bình]</color> ",3
37010263,Trứng trân thú: Kỳ Lân (Cấp 75),Cloth2_12,75,75,true,0,0,true,true,false,1,-1,-1,,9999995,Trứng trân thú,"Trứng Trân Thú quý hiếm, nở ra trân thú <color=#00FF00> Kỳ Lân </color>Bảo Bảo <color=#00FF00>cấp 75</color> <color=#FFFF00>[Nội]</color> ",3
37010264,Miêu hạng quyển: Cát Tường Miêu (Cấp 85),Cloth6_12,85,85,true,0,0,true,true,false,1,-1,-1,,9999995,Trứng trân thú,Sau khi sử dụng có thể nhận được <color=#00FF00> Cát Tường Miêu </color>Bảo Bảo <color=#00FF00>cấp 85</color> <color=#FFFF00>[Nội]</color> ,3
37010265,Trứng trân thú: Trân Kỳ Thử (Cấp 5),Cloth2_12,5,5,true,0,0,true,true,false,1,-1,-1,,9999995,Trứng trân thú,"Trứng Trân Thú quý hiếm, nở ra trân thú <color=#00FF00> Trân Kỳ Thử </color>Bảo Bảo <color=#00FF00>cấp 5</color> <color=#FFFF00>[Bình]</color> ",3
37010266,Trứng trân thú: Trân Kỳ Thử (Cấp 45),Cloth2_12,45,45,true,0,0,true,true,false,1,-1,-1,,9999995,Trứng trân thú,"Trứng Trân Thú quý hiếm, nở ra trân thú <color=#00FF00> Trân Kỳ Thử </color>Bảo Bảo <color=#00FF00>cấp 45</color> <color=#FFFF00>[Bình]</color> ",3
37010267,Trứng trân thú: Trân Kỳ Thử (Cấp 55),Cloth2_12,55,55,true,0,0,true,true,false,1,-1,-1,,9999995,Trứng trân thú,"Trứng Trân Thú quý hiếm, nở ra trân thú <color=#00FF00> Trân Kỳ Thử </color>Bảo Bảo <color=#00FF00>cấp 55</color> <color=#FFFF00>[Bình]</color> ",3
37010268,Trứng trân thú: Ma Nha Bạo Long (Cấp 85),Cloth2_12,85,85,true,0,0,true,true,false,1,-1,-1,,9999995,Trứng trân thú,"Trứng Trân Thú quý hiếm, nở ra trân thú <color=#00FF00> Ma Nha Bạo Long </color>Bảo Bảo <color=#00FF00>cấp 85</color> <color=#FFFF00>[Ngoại]</color> ",3
37010269,Trứng trân thú: Đường Trang Thử (Cấp 5),Cloth2_12,5,5,true,0,0,true,true,false,1,-1,-1,,9999995,Trứng trân thú,"Trứng Trân Thú quý hiếm, nở ra trân thú <color=#00FF00> Đường Trang Thử </color>Bảo Bảo <color=#00FF00>cấp 5</color> <color=#FFFF00>[Ngoại]</color> ",3
37010270,Trứng trân thú: Đường Trang Thử (Cấp 45),Cloth2_12,45,45,true,0,0,true,true,false,1,-1,-1,,9999995,Trứng trân thú,"Trứng Trân Thú quý hiếm, nở ra trân thú <color=#00FF00> Đường Trang Thử </color>Bảo Bảo <color=#00FF00>cấp 45</color> <color=#FFFF00>[Ngoại]</color> ",3
37010271,Trứng trân thú: Đường Trang Thử (Cấp 55),Cloth2_12,55,55,true,0,0,true,true,false,1,-1,-1,,9999995,Trứng trân thú,"Trứng Trân Thú quý hiếm, nở ra trân thú <color=#00FF00> Đường Trang Thử </color>Bảo Bảo <color=#00FF00>cấp 55</color> <color=#FFFF00>[Ngoại]</color> ",3
37010272,Trứng trân thú: Đường Trang Thử (Cấp 65),Cloth2_12,65,65,true,0,0,true,true,false,1,-1,-1,,9999995,Trứng trân thú,"Trứng Trân Thú quý hiếm, nở ra trân thú <color=#00FF00> Đường Trang Thử </color>Bảo Bảo <color=#00FF00>cấp 65</color> <color=#FFFF00>[Ngoại]</color> ",3
37010273,Trứng trân thú: Đường Trang Thử (Cấp 75),Cloth2_12,75,75,true,0,0,true,true,false,1,-1,-1,,9999995,Trứng trân thú,"Trứng Trân Thú quý hiếm, nở ra trân thú <color=#00FF00> Đường Trang Thử </color>Bảo Bảo <color=#00FF00>cấp 75</color> <color=#FFFF00>[Ngoại]</color> ",3
37010274,Trứng trân thú: Đường Trang Thử (Cấp 85),Cloth2_12,85,85,true,0,0,true,true,false,1,-1,-1,,9999995,Trứng trân thú,"Trứng Trân Thú quý hiếm, nở ra trân thú <color=#00FF00> Đường Trang Thử </color>Bảo Bảo <color=#00FF00>cấp 85</color> <color=#FFFF00>[Ngoại]</color> ",3
37010275,Trứng trân thú: Đường Trang Thử (Cấp 95),Cloth2_12,95,95,true,0,0,true,true,false,1,-1,-1,,9999995,Trứng trân thú,"Trứng Trân Thú quý hiếm, nở ra trân thú <color=#00FF00> Đường Trang Thử </color>Bảo Bảo <color=#00FF00>cấp 95</color> <color=#FFFF00>[Ngoại]</color> ",3
