ID,ResName,Avarta,Name,GroupID,RequireLevel,Type,Race,FoodType,Skills,BaseStrengthRate,BaseEnergyRate,BaseStaminaRate,BaseIntelligenceRate,BaseDexterityRate,AttributeGrowRates,PersonalityBornRates
8644,DaJiaoLangShouShen4,PetHeader2_23,Viêm Hỏa Yêu Thử Biến Dị,864,75,Rare,Strength,Meat,694_300000;703_800000;662_400000;659_200000,1851,661,1322,925,1190,1255;1380;1443;1631;1882,Coward_50;Thoughtful_100;Loyal_150;Agile_200;Brave_500
8645,DaJiaoLangShouShen5,PetHeader2_23,Viêm Hỏa Yêu Thử Biến Dị,864,75,Rare,Strength,Meat,694_300000;703_800000;662_400000;659_200000,1928,688,1377,964,1239,1255;1380;1443;1631;1882,Coward_50;Thoughtful_100;Loyal_150;Agile_200;Brave_500
8646,DaJiaoLangShouShen6,PetHeader2_23,Viêm Hỏa Yêu Thử Biến Dị,864,75,Rare,Strength,Meat,694_300000;703_800000;662_400000;659_200000,2005,716,1432,1002,1289,1255;1380;1443;1631;1882,Coward_50;Thoughtful_100;Loyal_150;Agile_200;Brave_500
8649,DaJiaoLangShou,PetHeader2_23,Viêm Hỏa Yêu Thử Bảo Bảo,864,75,Child,Strength,Meat,694_300000;703_800000;662_400000;659_200000,1542,551,1102,771,991,1255;1380;1443;1631;1882,Coward_50;Thoughtful_100;Loyal_150;Agile_200;Brave_500
8650,NiaoRen,PetHeader2_24,Huyền Dực Ma Thú Trưởng Thành,865,65,Wild,Magic,Meat,698_300000;705_800000;734_400000;660_200000,530,1496,795,1061,848,1153;1268;1325;1498;1729,Coward_500;Thoughtful_200;Loyal_150;Agile_100;Brave_50
8651,NiaoRen1,PetHeader2_24,Huyền Dực Ma Thú Biến Dị,865,65,Rare,Magic,Meat,698_300000;705_800000;734_400000;660_200000,562,1585,843,1124,899,1153;1268;1325;1498;1729,Coward_500;Thoughtful_200;Loyal_150;Agile_100;Brave_50
8652,NiaoRen2,PetHeader2_24,Huyền Dực Ma Thú Biến Dị,865,65,Rare,Magic,Meat,698_300000;705_800000;734_400000;660_200000,594,1675,891,1188,950,1153;1268;1325;1498;1729,Coward_500;Thoughtful_200;Loyal_150;Agile_100;Brave_50
8653,NiaoRen3,PetHeader2_24,Huyền Dực Ma Thú Biến Dị,865,65,Rare,Magic,Meat,698_300000;705_800000;734_400000;660_200000,625,1765,938,1251,1001,1153;1268;1325;1498;1729,Coward_500;Thoughtful_200;Loyal_150;Agile_100;Brave_50
8654,NiaoRen4,PetHeader2_24,Huyền Dực Ma Thú Biến Dị,865,65,Rare,Magic,Meat,698_300000;705_800000;734_400000;660_200000,657,1855,986,1315,1052,1153;1268;1325;1498;1729,Coward_500;Thoughtful_200;Loyal_150;Agile_100;Brave_50
8655,NiaoRen5,PetHeader2_24,Huyền Dực Ma Thú Biến Dị,865,65,Rare,Magic,Meat,698_300000;705_800000;734_400000;660_200000,689,1944,1034,1379,1103,1153;1268;1325;1498;1729,Coward_500;Thoughtful_200;Loyal_150;Agile_100;Brave_50
8659,NiaoRen,PetHeader2_24,Huyền Dực Ma Thú Bảo Bảo,865,65,Child,Magic,Meat,698_300000;705_800000;734_400000;660_200000,530,1496,795,1061,848,1153;1268;1325;1498;1729,Coward_500;Thoughtful_200;Loyal_150;Agile_100;Brave_50
8660,NiaoRen,PetHeader2_24,Xuy Huyền Ma Thú Trưởng Thành,866,75,Wild,Magic,Meat,698_300000;705_800000;734_400000;660_200000,551,1553,826,1102,881,1255;1380;1443;1631;1882,Coward_500;Thoughtful_200;Loyal_150;Agile_100;Brave_50
8661,NiaoRen1,PetHeader2_24,Xuy Huyền Ma Thú Biến Dị,866,75,Rare,Magic,Meat,698_300000;705_800000;734_400000;660_200000,578,1631,867,1157,925,1255;1380;1443;1631;1882,Coward_500;Thoughtful_200;Loyal_150;Agile_100;Brave_50
8662,NiaoRen2,PetHeader2_24,Xuy Huyền Ma Thú Biến Dị,866,75,Rare,Magic,Meat,698_300000;705_800000;734_400000;660_200000,606,1709,909,1212,969,1255;1380;1443;1631;1882,Coward_500;Thoughtful_200;Loyal_150;Agile_100;Brave_50
8663,NiaoRen3,PetHeader2_24,Xuy Huyền Ma Thú Biến Dị,866,75,Rare,Magic,Meat,698_300000;705_800000;734_400000;660_200000,633,1786,950,1267,1013,1255;1380;1443;1631;1882,Coward_500;Thoughtful_200;Loyal_150;Agile_100;Brave_50
8664,NiaoRen4,PetHeader2_24,Xuy Huyền Ma Thú Biến Dị,866,75,Rare,Magic,Meat,698_300000;705_800000;734_400000;660_200000,661,1864,991,1322,1057,1255;1380;1443;1631;1882,Coward_500;Thoughtful_200;Loyal_150;Agile_100;Brave_50
8665,NiaoRen5,PetHeader2_24,Xuy Huyền Ma Thú Biến Dị,866,75,Rare,Magic,Meat,698_300000;705_800000;734_400000;660_200000,688,1942,1033,1377,1102,1255;1380;1443;1631;1882,Coward_500;Thoughtful_200;Loyal_150;Agile_100;Brave_50
8666,NiaoRen6,PetHeader2_24,Xuy Huyền Ma Thú Biến Dị,866,75,Rare,Magic,Meat,698_300000;705_800000;734_400000;660_200000,716,2019,1074,1432,1146,1255;1380;1443;1631;1882,Coward_500;Thoughtful_200;Loyal_150;Agile_100;Brave_50
8669,NiaoRen,PetHeader2_24,Xuy Huyền Ma Thú Bảo Bảo,866,75,Child,Magic,Meat,698_300000;705_800000;734_400000;660_200000,551,1553,826,1102,881,1255;1380;1443;1631;1882,Coward_500;Thoughtful_200;Loyal_150;Agile_100;Brave_50
8670,HaiDaoShu,PetHeader3_25,Trân Kỳ Thử Trưởng Thành,867,65,Wild,Balanced,Rice,692_300000;726_800000;730_400000;662_200000,1102,1102,1102,1102,1102,1255;1380;1443;1631;1882,Coward_100;Thoughtful_500;Loyal_50;Agile_150;Brave_200
8671,HaiDaoShuLu,PetHeader3_25,Trân Kỳ Thử Biến Dị,867,65,Rare,Balanced,Rice,692_300000;726_800000;730_400000;662_200000,1157,1157,1157,1157,1157,1255;1380;1443;1631;1882,Coward_100;Thoughtful_500;Loyal_50;Agile_150;Brave_200
8672,HaiDaoShuHuLan,PetHeader3_25,Trân Kỳ Thử Biến Dị,867,65,Rare,Balanced,Rice,692_300000;726_800000;730_400000;662_200000,1212,1212,1212,1212,1212,1255;1380;1443;1631;1882,Coward_100;Thoughtful_500;Loyal_50;Agile_150;Brave_200
8673,HaiDaoShuGuLan,PetHeader3_25,Trân Kỳ Thử Biến Dị,867,65,Rare,Balanced,Rice,692_300000;726_800000;730_400000;662_200000,1267,1267,1267,1267,1267,1255;1380;1443;1631;1882,Coward_100;Thoughtful_500;Loyal_50;Agile_150;Brave_200
8674,HaiDaoShuZi,PetHeader3_25,Trân Kỳ Thử Biến Dị,867,65,Rare,Balanced,Rice,692_300000;726_800000;730_400000;662_200000,1322,1322,1322,1322,1322,1255;1380;1443;1631;1882,Coward_100;Thoughtful_500;Loyal_50;Agile_150;Brave_200
8675,HaiDaoShuTanHei,PetHeader3_25,Trân Kỳ Thử Biến Dị,867,65,Rare,Balanced,Rice,692_300000;726_800000;730_400000;662_200000,1377,1377,1377,1377,1377,1255;1380;1443;1631;1882,Coward_100;Thoughtful_500;Loyal_50;Agile_150;Brave_200
8679,HaiDaoShu,PetHeader3_25,Trân Kỳ Thử Bảo Bảo,867,65,Child,Balanced,Rice,692_300000;726_800000;730_400000;662_200000,1102,1102,1102,1102,1102,1255;1380;1443;1631;1882,Coward_100;Thoughtful_500;Loyal_50;Agile_150;Brave_200
8680,HeiSeQiLin,PetHeader2_3,Kỳ Lân Trưởng Thành,868,75,Wild,Magic,Grass,700_300000;728_800000;660_400000;668_200000,551,1553,826,1102,881,1255;1380;1443;1631;1882,Coward_500;Thoughtful_200;Loyal_150;Agile_100;Brave_50
8681,HuangSeQiLin,PetHeader2_3,Kỳ Lân Biến Dị,868,75,Rare,Magic,Grass,700_300000;728_800000;660_400000;668_200000,578,1631,867,1157,925,1255;1380;1443;1631;1882,Coward_500;Thoughtful_200;Loyal_150;Agile_100;Brave_50
8682,YuSeQiLin,PetHeader2_3,Kỳ Lân Biến Dị,868,75,Rare,Magic,Grass,700_300000;728_800000;660_400000;668_200000,606,1709,909,1212,969,1255;1380;1443;1631;1882,Coward_500;Thoughtful_200;Loyal_150;Agile_100;Brave_50
8683,HongQiLin,PetHeader2_3,Kỳ Lân Biến Dị,868,75,Rare,Magic,Grass,700_300000;728_800000;660_400000;668_200000,633,1786,950,1267,1013,1255;1380;1443;1631;1882,Coward_500;Thoughtful_200;Loyal_150;Agile_100;Brave_50
8684,BaiQiLin,PetHeader2_3,Kỳ Lân Biến Dị,868,75,Rare,Magic,Grass,700_300000;728_800000;660_400000;668_200000,661,1864,991,1322,1057,1255;1380;1443;1631;1882,Coward_500;Thoughtful_200;Loyal_150;Agile_100;Brave_50
8685,JinEJinJiaoBaiQiLin,PetHeader2_3,Kỳ Lân Biến Dị,868,75,Rare,Magic,Grass,700_300000;728_800000;660_400000;668_200000,688,1942,1033,1377,1102,1255;1380;1443;1631;1882,Coward_500;Thoughtful_200;Loyal_150;Agile_100;Brave_50
8686,JinEJinJiaoHuoZhuaBaiQiLin,PetHeader2_3,Kỳ Lân Biến Dị,868,75,Rare,Magic,Grass,700_300000;728_800000;660_400000;668_200000,716,2019,1074,1432,1146,1255;1380;1443;1631;1882,Coward_500;Thoughtful_200;Loyal_150;Agile_100;Brave_50
8689,HeiSeQiLin,PetHeader2_3,Kỳ Lân Bảo Bảo,868,75,Child,Magic,Grass,700_300000;728_800000;660_400000;668_200000,551,1553,826,1102,881,1255;1380;1443;1631;1882,Coward_500;Thoughtful_200;Loyal_150;Agile_100;Brave_50
8690,MoJingMao1,PetHeader2_21,Cát Tường Miêu Trưởng Thành,869,85,Wild,Magic,Meat,698_450000;728_900000;712_500000;724_450000,799,1484,913,1256,913,1357;1492;1560;1764;2035,Coward_500;Thoughtful_200;Loyal_100;Agile_150;Brave_50
8691,MoJingMao2,PetHeader2_21,Cát Tường Miêu Biến Dị,869,85,Rare,Magic,Meat,698_450000;728_900000;712_500000;724_450000,833,1548,952,1310,952,1357;1492;1560;1764;2035,Coward_500;Thoughtful_200;Loyal_100;Agile_150;Brave_50
8692,MoJingMao3,PetHeader2_21,Cát Tường Miêu Biến Dị,869,85,Rare,Magic,Meat,698_450000;728_900000;712_500000;724_450000,867,1611,991,1363,991,1357;1492;1560;1764;2035,Coward_500;Thoughtful_200;Loyal_100;Agile_150;Brave_50
8693,MoJingMao4,PetHeader2_21,Cát Tường Miêu Biến Dị,869,85,Rare,Magic,Meat,698_450000;728_900000;712_500000;724_450000,902,1675,1031,1417,1031,1357;1492;1560;1764;2035,Coward_500;Thoughtful_200;Loyal_100;Agile_150;Brave_50
8694,MoJingMao5,PetHeader2_21,Cát Tường Miêu Biến Dị,869,85,Rare,Magic,Meat,698_450000;728_900000;712_500000;724_450000,936,1739,1070,1471,1070,1357;1492;1560;1764;2035,Coward_500;Thoughtful_200;Loyal_100;Agile_150;Brave_50
8695,MoJingMao6,PetHeader2_21,Cát Tường Miêu Biến Dị,869,85,Rare,Magic,Meat,698_450000;728_900000;712_500000;724_450000,970,1802,1109,1525,1109,1357;1492;1560;1764;2035,Coward_500;Thoughtful_200;Loyal_100;Agile_150;Brave_50
8696,MoJingMao7,PetHeader2_21,Cát Tường Miêu Biến Dị,869,85,Rare,Magic,Meat,698_450000;728_900000;712_500000;724_450000,1004,1866,1148,1579,1148,1357;1492;1560;1764;2035,Coward_500;Thoughtful_200;Loyal_100;Agile_150;Brave_50
8697,MoJingMao8,PetHeader2_21,Cát Tường Miêu Biến Dị,869,85,Rare,Magic,Meat,698_450000;728_900000;712_500000;724_450000,1039,1929,1187,1633,1187,1357;1492;1560;1764;2035,Coward_500;Thoughtful_200;Loyal_100;Agile_150;Brave_50
8699,MoJingMao1,PetHeader2_21,Cát Tường Miêu Bảo Bảo,869,85,Child,Magic,Meat,698_450000;728_900000;712_500000;724_450000,799,1484,913,1256,913,1357;1492;1560;1764;2035,Coward_500;Thoughtful_200;Loyal_100;Agile_150;Brave_50
8700,HaiDaoShu,PetHeader3_25,Trân Kỳ Thử Trưởng Thành,870,5,Wild,Balanced,Rice,692_150000;726_800000;730_250000;662_50000,979,979,979,979,979,948;1042;1090;1232;1422,Coward_100;Thoughtful_500;Loyal_50;Agile_150;Brave_200
8701,HaiDaoShuLu,PetHeader3_25,Trân Kỳ Thử Biến Dị,870,5,Rare,Balanced,Rice,692_150000;726_800000;730_250000;662_50000,1076,1076,1076,1076,1076,948;1042;1090;1232;1422,Coward_100;Thoughtful_500;Loyal_50;Agile_150;Brave_200
8702,HaiDaoShuHuLan,PetHeader3_25,Trân Kỳ Thử Biến Dị,870,5,Rare,Balanced,Rice,692_150000;726_800000;730_250000;662_50000,1174,1174,1174,1174,1174,948;1042;1090;1232;1422,Coward_100;Thoughtful_500;Loyal_50;Agile_150;Brave_200
8709,HaiDaoShu,PetHeader3_25,Trân Kỳ Thử Bảo Bảo,870,5,Child,Balanced,Rice,692_150000;726_800000;730_250000;662_50000,979,979,979,979,979,948;1042;1090;1232;1422,Coward_100;Thoughtful_500;Loyal_50;Agile_150;Brave_200
8710,HaiDaoShu,PetHeader3_25,Trân Kỳ Thử Trưởng Thành,871,45,Wild,Balanced,Rice,692_200000;726_800000;730_300000;662_100000,1020,1020,1020,1020,1020,1051;1156;1208;1366;1576,Coward_100;Thoughtful_500;Loyal_50;Agile_150;Brave_200
8711,HaiDaoShuLu,PetHeader3_25,Trân Kỳ Thử Biến Dị,871,45,Rare,Balanced,Rice,692_200000;726_800000;730_300000;662_100000,1096,1096,1096,1096,1096,1051;1156;1208;1366;1576,Coward_100;Thoughtful_500;Loyal_50;Agile_150;Brave_200
8712,HaiDaoShuHuLan,PetHeader3_25,Trân Kỳ Thử Biến Dị,871,45,Rare,Balanced,Rice,692_200000;726_800000;730_300000;662_100000,1173,1173,1173,1173,1173,1051;1156;1208;1366;1576,Coward_100;Thoughtful_500;Loyal_50;Agile_150;Brave_200
8713,HaiDaoShuGuLan,PetHeader3_25,Trân Kỳ Thử Biến Dị,871,45,Rare,Balanced,Rice,692_200000;726_800000;730_300000;662_100000,1249,1249,1249,1249,1249,1051;1156;1208;1366;1576,Coward_100;Thoughtful_500;Loyal_50;Agile_150;Brave_200
8719,HaiDaoShu,PetHeader3_25,Trân Kỳ Thử Bảo Bảo,871,45,Child,Balanced,Rice,692_250000;726_800000;730_350000;662_100000,1020,1020,1020,1020,1020,1051;1156;1208;1366;1576,Coward_100;Thoughtful_500;Loyal_50;Agile_150;Brave_200
8720,HaiDaoShu,PetHeader3_25,Trân Kỳ Thử Trưởng Thành,872,55,Wild,Balanced,Rice,692_250000;726_800000;730_350000;662_150000,1061,1061,1061,1061,1061,1153;1268;1325;1498;1729,Coward_100;Thoughtful_500;Loyal_50;Agile_150;Brave_200
8721,HaiDaoShuLu,PetHeader3_25,Trân Kỳ Thử Biến Dị,872,55,Rare,Balanced,Rice,692_250000;726_800000;730_350000;662_150000,1124,1124,1124,1124,1124,1153;1268;1325;1498;1729,Coward_100;Thoughtful_500;Loyal_50;Agile_150;Brave_200
8722,HaiDaoShuHuLan,PetHeader3_25,Trân Kỳ Thử Biến Dị,872,55,Rare,Balanced,Rice,692_250000;726_800000;730_350000;662_150000,1188,1188,1188,1188,1188,1153;1268;1325;1498;1729,Coward_100;Thoughtful_500;Loyal_50;Agile_150;Brave_200
8723,HaiDaoShuGuLan,PetHeader3_25,Trân Kỳ Thử Biến Dị,872,55,Rare,Balanced,Rice,692_250000;726_800000;730_350000;662_150000,1251,1251,1251,1251,1251,1153;1268;1325;1498;1729,Coward_100;Thoughtful_500;Loyal_50;Agile_150;Brave_200
8724,HaiDaoShuZi,PetHeader3_25,Trân Kỳ Thử Biến Dị,872,55,Rare,Balanced,Rice,692_250000;726_800000;730_350000;662_150000,1315,1315,1315,1315,1315,1153;1268;1325;1498;1729,Coward_100;Thoughtful_500;Loyal_50;Agile_150;Brave_200
8729,HaiDaoShu,PetHeader3_25,Trân Kỳ Thử Bảo Bảo,872,55,Child,Balanced,Rice,692_250000;726_800000;730_350000;662_150000,1061,1061,1061,1061,1061,1153;1268;1325;1498;1729,Coward_100;Thoughtful_500;Loyal_50;Agile_150;Brave_200
8730,QingSeBaWangLong,PetHeader3_10,Ma Nha Bạo Long Trưởng Thành,873,85,Wild,Strength,Meat,694_500000;722_900000;706_450000;661_300000,1598,571,1142,799,1027,1357;1492;1560;1764;2035,Coward_50;Thoughtful_100;Loyal_150;Agile_200;Brave_500
8731,HuangSeBaWangLong,PetHeader3_10,Ma Nha Bạo Long Biến Dị,873,85,Rare,Strength,Meat,694_500000;722_900000;706_450000;661_300000,1667,595,1190,833,1071,1357;1492;1560;1764;2035,Coward_50;Thoughtful_100;Loyal_150;Agile_200;Brave_500
8732,ZiHongSeBaWangLong,PetHeader3_10,Ma Nha Bạo Long Biến Dị,873,85,Rare,Strength,Meat,694_500000;722_900000;706_450000;661_300000,1735,619,1239,867,1115,1357;1492;1560;1764;2035,Coward_50;Thoughtful_100;Loyal_150;Agile_200;Brave_500
8733,LanSeBanDianBaWangLong,PetHeader3_10,Ma Nha Bạo Long Biến Dị,873,85,Rare,Strength,Meat,694_500000;722_900000;706_450000;661_300000,1804,644,1288,902,1159,1357;1492;1560;1764;2035,Coward_50;Thoughtful_100;Loyal_150;Agile_200;Brave_500
8734,HongSeBaWangLong,PetHeader3_10,Ma Nha Bạo Long Biến Dị,873,85,Rare,Strength,Meat,694_500000;722_900000;706_450000;661_300000,1872,668,1337,936,1203,1357;1492;1560;1764;2035,Coward_50;Thoughtful_100;Loyal_150;Agile_200;Brave_500
8735,ZiSeBanDianBaWangLong,PetHeader3_10,Ma Nha Bạo Long Biến Dị,873,85,Rare,Strength,Meat,694_500000;722_900000;706_450000;661_300000,1941,693,1386,970,1248,1357;1492;1560;1764;2035,Coward_50;Thoughtful_100;Loyal_150;Agile_200;Brave_500
8736,MoLuSeBanDianBaWangLong,PetHeader3_10,Ma Nha Bạo Long Biến Dị,873,85,Rare,Strength,Meat,694_500000;722_900000;706_450000;661_300000,2009,717,1435,1004,1292,1357;1492;1560;1764;2035,Coward_50;Thoughtful_100;Loyal_150;Agile_200;Brave_500
8737,HeiSeBanDianBaWangLong,PetHeader3_10,Ma Nha Bạo Long Biến Dị,873,85,Rare,Strength,Meat,694_500000;722_900000;706_450000;661_300000,2078,742,1484,1039,1336,1357;1492;1560;1764;2035,Coward_50;Thoughtful_100;Loyal_150;Agile_200;Brave_500
8739,QingSeBaWangLong,PetHeader3_10,Ma Nha Bạo Long Bảo Bảo,873,85,Child,Strength,Meat,694_500000;722_900000;706_450000;661_300000,1598,571,1142,799,1027,1357;1492;1560;1764;2035,Coward_50;Thoughtful_100;Loyal_150;Agile_200;Brave_500
8740,ZhenShouTangZhuangShu1,PetHeader4_9,Đường Trang Thử Trưởng Thành,874,5,Wild,Strength,Rice,694_300000;722_900000;662_250000;661_100000;655_50000,1219,656,1031,656,844,846;930;972;1099;1269,Coward_500;Thoughtful_100;Loyal_200;Agile_100;Brave_100
8741,ZhenShouTangZhuangShu,PetHeader4_9,Đường Trang Thử Biến Dị,874,5,Rare,Strength,Rice,694_300000;722_900000;662_250000;661_100000;655_50000,1402,755,1186,755,970,846;930;972;1099;1269,Coward_500;Thoughtful_100;Loyal_200;Agile_100;Brave_100
8742,ZhenShouTangZhuangShu2,PetHeader4_9,Đường Trang Thử Biến Dị,874,5,Rare,Strength,Rice,694_300000;722_900000;662_250000;661_100000;655_50000,1585,853,1341,853,1097,846;930;972;1099;1269,Coward_500;Thoughtful_100;Loyal_200;Agile_100;Brave_100
8749,ZhenShouTangZhuangShu1,PetHeader4_9,Đường Trang Thử Bảo Bảo,874,5,Child,Strength,Rice,694_300000;722_900000;662_250000;661_100000;655_50000,1219,656,1031,656,844,846;930;972;1099;1269,Coward_500;Thoughtful_100;Loyal_200;Agile_100;Brave_100
8750,ZhenShouTangZhuangShu1,PetHeader4_9,Đường Trang Thử Trưởng Thành,875,45,Wild,Strength,Rice,694_350000;722_900000;662_300000;661_150000;655_100000,1272,685,1076,685,881,948;1042;1090;1232;1422,Coward_500;Thoughtful_100;Loyal_200;Agile_100;Brave_100
8751,ZhenShouTangZhuangShu,PetHeader4_9,Đường Trang Thử Biến Dị,875,45,Rare,Strength,Rice,694_350000;722_900000;662_300000;661_150000;655_100000,1399,753,1184,753,969,948;1042;1090;1232;1422,Coward_500;Thoughtful_100;Loyal_200;Agile_100;Brave_100
8752,ZhenShouTangZhuangShu2,PetHeader4_9,Đường Trang Thử Biến Dị,875,45,Rare,Strength,Rice,694_350000;722_900000;662_300000;661_150000;655_100000,1527,822,1292,822,1057,948;1042;1090;1232;1422,Coward_500;Thoughtful_100;Loyal_200;Agile_100;Brave_100
8753,ZhenShouTangZhuangShu3,PetHeader4_9,Đường Trang Thử Biến Dị,875,45,Rare,Strength,Rice,694_350000;722_900000;662_300000;661_150000;655_100000,1654,890,1399,890,1145,948;1042;1090;1232;1422,Coward_500;Thoughtful_100;Loyal_200;Agile_100;Brave_100
8759,ZhenShouTangZhuangShu1,PetHeader4_9,Đường Trang Thử Bảo Bảo,875,45,Child,Strength,Rice,694_350000;722_900000;662_300000;661_150000;655_100000,1272,685,1076,685,881,948;1042;1090;1232;1422,Coward_500;Thoughtful_100;Loyal_200;Agile_100;Brave_100
8760,ZhenShouTangZhuangShu1,PetHeader4_9,Đường Trang Thử Trưởng Thành,876,55,Wild,Strength,Rice,694_400000;722_900000;662_350000;661_200000;655_150000,1326,714,1122,714,918,1051;1156;1208;1366;1576,Coward_500;Thoughtful_100;Loyal_200;Agile_100;Brave_100
8761,ZhenShouTangZhuangShu,PetHeader4_9,Đường Trang Thử Biến Dị,876,55,Rare,Strength,Rice,694_400000;722_900000;662_350000;661_200000;655_150000,1425,767,1206,767,986,1051;1156;1208;1366;1576,Coward_500;Thoughtful_100;Loyal_200;Agile_100;Brave_100
8762,ZhenShouTangZhuangShu2,PetHeader4_9,Đường Trang Thử Biến Dị,876,55,Rare,Strength,Rice,694_400000;722_900000;662_350000;661_200000;655_150000,1524,821,1290,821,1055,1051;1156;1208;1366;1576,Coward_500;Thoughtful_100;Loyal_200;Agile_100;Brave_100
8763,ZhenShouTangZhuangShu3,PetHeader4_9,Đường Trang Thử Biến Dị,876,55,Rare,Strength,Rice,694_400000;722_900000;662_350000;661_200000;655_150000,1624,874,1374,874,1124,1051;1156;1208;1366;1576,Coward_500;Thoughtful_100;Loyal_200;Agile_100;Brave_100
8764,ZhenShouTangZhuangShu4,PetHeader4_9,Đường Trang Thử Biến Dị,876,55,Rare,Strength,Rice,694_400000;722_900000;662_350000;661_200000;655_150000,1723,928,1458,928,1193,1051;1156;1208;1366;1576,Coward_500;Thoughtful_100;Loyal_200;Agile_100;Brave_100
8769,ZhenShouTangZhuangShu1,PetHeader4_9,Đường Trang Thử Bảo Bảo,876,55,Child,Strength,Rice,694_400000;722_900000;662_350000;661_200000;655_150000,1326,714,1122,714,918,1051;1156;1208;1366;1576,Coward_500;Thoughtful_100;Loyal_200;Agile_100;Brave_100
8770,ZhenShouTangZhuangShu1,PetHeader4_9,Đường Trang Thử Trưởng Thành,877,65,Wild,Strength,Rice,694_450000;722_900000;662_400000;661_250000;655_200000,1379,742,1167,742,954,1153;1268;1325;1498;1729,Coward_500;Thoughtful_100;Loyal_200;Agile_100;Brave_100
8771,ZhenShouTangZhuangShu,PetHeader4_9,Đường Trang Thử Biến Dị,877,65,Rare,Strength,Rice,694_450000;722_900000;662_400000;661_250000;655_200000,1462,787,1237,787,1012,1153;1268;1325;1498;1729,Coward_500;Thoughtful_100;Loyal_200;Agile_100;Brave_100
8772,ZhenShouTangZhuangShu2,PetHeader4_9,Đường Trang Thử Biến Dị,877,65,Rare,Strength,Rice,694_450000;722_900000;662_400000;661_250000;655_200000,1544,831,1307,831,1069,1153;1268;1325;1498;1729,Coward_500;Thoughtful_100;Loyal_200;Agile_100;Brave_100
8773,ZhenShouTangZhuangShu3,PetHeader4_9,Đường Trang Thử Biến Dị,877,65,Rare,Strength,Rice,694_450000;722_900000;662_400000;661_250000;655_200000,1627,876,1377,876,1126,1153;1268;1325;1498;1729,Coward_500;Thoughtful_100;Loyal_200;Agile_100;Brave_100
8774,ZhenShouTangZhuangShu4,PetHeader4_9,Đường Trang Thử Biến Dị,877,65,Rare,Strength,Rice,694_450000;722_900000;662_400000;661_250000;655_200000,1710,920,1447,920,1184,1153;1268;1325;1498;1729,Coward_500;Thoughtful_100;Loyal_200;Agile_100;Brave_100
8775,ZhenShouTangZhuangShu5,PetHeader4_9,Đường Trang Thử Biến Dị,877,65,Rare,Strength,Rice,694_450000;722_900000;662_400000;661_250000;655_200000,1793,965,1517,965,1241,1153;1268;1325;1498;1729,Coward_500;Thoughtful_100;Loyal_200;Agile_100;Brave_100
8779,ZhenShouTangZhuangShu1,PetHeader4_9,Đường Trang Thử Bảo Bảo,877,65,Child,Strength,Rice,694_450000;722_900000;662_400000;661_250000;655_200000,1379,742,1167,742,954,1153;1268;1325;1498;1729,Coward_500;Thoughtful_100;Loyal_200;Agile_100;Brave_100
8780,ZhenShouTangZhuangShu1,PetHeader4_9,Đường Trang Thử Trưởng Thành,878,75,Wild,Strength,Rice,694_500000;722_900000;662_450000;661_300000;655_250000,1432,771,1212,771,991,1255;1380;1443;1631;1882,Coward_500;Thoughtful_100;Loyal_200;Agile_100;Brave_100
8781,ZhenShouTangZhuangShu,PetHeader4_9,Đường Trang Thử Biến Dị,878,75,Rare,Strength,Rice,694_500000;722_900000;662_450000;661_300000;655_250000,1504,809,1272,809,1041,1255;1380;1443;1631;1882,Coward_500;Thoughtful_100;Loyal_200;Agile_100;Brave_100
8782,ZhenShouTangZhuangShu2,PetHeader4_9,Đường Trang Thử Biến Dị,878,75,Rare,Strength,Rice,694_500000;722_900000;662_450000;661_300000;655_250000,1575,848,1333,848,1090,1255;1380;1443;1631;1882,Coward_500;Thoughtful_100;Loyal_200;Agile_100;Brave_100
8783,ZhenShouTangZhuangShu3,PetHeader4_9,Đường Trang Thử Biến Dị,878,75,Rare,Strength,Rice,694_500000;722_900000;662_450000;661_300000;655_250000,1647,887,1394,887,1140,1255;1380;1443;1631;1882,Coward_500;Thoughtful_100;Loyal_200;Agile_100;Brave_100
8784,ZhenShouTangZhuangShu4,PetHeader4_9,Đường Trang Thử Biến Dị,878,75,Rare,Strength,Rice,694_500000;722_900000;662_450000;661_300000;655_250000,1719,925,1454,925,1190,1255;1380;1443;1631;1882,Coward_500;Thoughtful_100;Loyal_200;Agile_100;Brave_100
8785,ZhenShouTangZhuangShu5,PetHeader4_9,Đường Trang Thử Biến Dị,878,75,Rare,Strength,Rice,694_500000;722_900000;662_450000;661_300000;655_250000,1790,964,1515,964,1239,1255;1380;1443;1631;1882,Coward_500;Thoughtful_100;Loyal_200;Agile_100;Brave_100
8786,ZhenShouTangZhuangShu6,PetHeader4_9,Đường Trang Thử Biến Dị,878,75,Rare,Strength,Rice,694_500000;722_900000;662_450000;661_300000;655_250000,1862,1002,1575,1002,1289,1255;1380;1443;1631;1882,Coward_500;Thoughtful_100;Loyal_200;Agile_100;Brave_100
8789,ZhenShouTangZhuangShu1,PetHeader4_9,Đường Trang Thử Bảo Bảo,878,75,Child,Strength,Rice,694_500000;722_900000;662_450000;661_300000;655_250000,1432,771,1212,771,991,1255;1380;1443;1631;1882,Coward_500;Thoughtful_100;Loyal_200;Agile_100;Brave_100
8790,ZhenShouTangZhuangShu1,PetHeader4_9,Đường Trang Thử Trưởng Thành,879,85,Wild,Strength,Rice,694_550000;722_900000;662_500000;661_350000;655_300000,1484,799,1256,799,1027,1357;1492;1560;1764;2035,Coward_500;Thoughtful_100;Loyal_200;Agile_100;Brave_100
8791,ZhenShouTangZhuangShu,PetHeader4_9,Đường Trang Thử Biến Dị,879,85,Rare,Strength,Rice,694_550000;722_900000;662_500000;661_350000;655_300000,1548,833,1310,833,1071,1357;1492;1560;1764;2035,Coward_500;Thoughtful_100;Loyal_200;Agile_100;Brave_100
8792,ZhenShouTangZhuangShu2,PetHeader4_9,Đường Trang Thử Biến Dị,879,85,Rare,Strength,Rice,694_550000;722_900000;662_500000;661_350000;655_300000,1611,867,1363,867,1115,1357;1492;1560;1764;2035,Coward_500;Thoughtful_100;Loyal_200;Agile_100;Brave_100
8793,ZhenShouTangZhuangShu3,PetHeader4_9,Đường Trang Thử Biến Dị,879,85,Rare,Strength,Rice,694_550000;722_900000;662_500000;661_350000;655_300000,1675,902,1417,902,1159,1357;1492;1560;1764;2035,Coward_500;Thoughtful_100;Loyal_200;Agile_100;Brave_100
8794,ZhenShouTangZhuangShu4,PetHeader4_9,Đường Trang Thử Biến Dị,879,85,Rare,Strength,Rice,694_550000;722_900000;662_500000;661_350000;655_300000,1739,936,1471,936,1203,1357;1492;1560;1764;2035,Coward_500;Thoughtful_100;Loyal_200;Agile_100;Brave_100
8795,ZhenShouTangZhuangShu5,PetHeader4_9,Đường Trang Thử Biến Dị,879,85,Rare,Strength,Rice,694_550000;722_900000;662_500000;661_350000;655_300000,1802,970,1525,970,1248,1357;1492;1560;1764;2035,Coward_500;Thoughtful_100;Loyal_200;Agile_100;Brave_100
8796,ZhenShouTangZhuangShu6,PetHeader4_9,Đường Trang Thử Biến Dị,879,85,Rare,Strength,Rice,694_550000;722_900000;662_500000;661_350000;655_300000,1866,1004,1579,1004,1292,1357;1492;1560;1764;2035,Coward_500;Thoughtful_100;Loyal_200;Agile_100;Brave_100
8797,ZhenShouTangZhuangShu7,PetHeader4_9,Đường Trang Thử Biến Dị,879,85,Rare,Strength,Rice,694_550000;722_900000;662_500000;661_350000;655_300000,1929,1039,1633,1039,1336,1357;1492;1560;1764;2035,Coward_500;Thoughtful_100;Loyal_200;Agile_100;Brave_100
8799,ZhenShouTangZhuangShu1,PetHeader4_9,Đường Trang Thử Bảo Bảo,879,85,Child,Strength,Rice,694_550000;722_900000;662_500000;661_350000;655_300000,1484,799,1256,799,1027,1357;1492;1560;1764;2035,Coward_500;Thoughtful_100;Loyal_200;Agile_100;Brave_100
8800,ZhenShouTangZhuangShu1,PetHeader4_9,Đường Trang Thử Trưởng Thành,880,95,Wild,Strength,Rice,694_600000;722_900000;662_550000;661_400000;655_350000,1537,828,1301,828,1064,1459;1604;1677;1896;2388,Coward_500;Thoughtful_100;Loyal_200;Agile_100;Brave_100
8801,ZhenShouTangZhuangShu,PetHeader4_9,Đường Trang Thử Biến Dị,880,95,Rare,Strength,Rice,694_600000;722_900000;662_550000;661_400000;655_350000,1595,859,1350,859,1104,1459;1604;1677;1896;2388,Coward_500;Thoughtful_100;Loyal_200;Agile_100;Brave_100
8802,ZhenShouTangZhuangShu2,PetHeader4_9,Đường Trang Thử Biến Dị,880,95,Rare,Strength,Rice,694_600000;722_900000;662_550000;661_400000;655_350000,1653,890,1398,890,1144,1459;1604;1677;1896;2388,Coward_500;Thoughtful_100;Loyal_200;Agile_100;Brave_100
8803,ZhenShouTangZhuangShu3,PetHeader4_9,Đường Trang Thử Biến Dị,880,95,Rare,Strength,Rice,694_600000;722_900000;662_550000;661_400000;655_350000,1710,921,1447,921,1184,1459;1604;1677;1896;2388,Coward_500;Thoughtful_100;Loyal_200;Agile_100;Brave_100
8804,ZhenShouTangZhuangShu4,PetHeader4_9,Đường Trang Thử Biến Dị,880,95,Rare,Strength,Rice,694_600000;722_900000;662_550000;661_400000;655_350000,1768,952,1496,952,1224,1459;1604;1677;1896;2388,Coward_500;Thoughtful_100;Loyal_200;Agile_100;Brave_100
8805,ZhenShouTangZhuangShu5,PetHeader4_9,Đường Trang Thử Biến Dị,880,95,Rare,Strength,Rice,694_600000;722_900000;662_550000;661_400000;655_350000,1826,983,1545,983,1264,1459;1604;1677;1896;2388,Coward_500;Thoughtful_100;Loyal_200;Agile_100;Brave_100
8806,ZhenShouTangZhuangShu6,PetHeader4_9,Đường Trang Thử Biến Dị,880,95,Rare,Strength,Rice,694_600000;722_900000;662_550000;661_400000;655_350000,1883,1014,1594,1014,1304,1459;1604;1677;1896;2388,Coward_500;Thoughtful_100;Loyal_200;Agile_100;Brave_100
8807,ZhenShouTangZhuangShu7,PetHeader4_9,Đường Trang Thử Biến Dị,880,95,Rare,Strength,Rice,694_600000;722_900000;662_550000;661_400000;655_350000,1941,1045,1642,1045,1344,1459;1604;1677;1896;2388,Coward_500;Thoughtful_100;Loyal_200;Agile_100;Brave_100
8808,ZhenShouTangZhuangShu7,PetHeader4_9,Đường Trang Thử Biến Dị,880,95,Rare,Strength,Rice,694_600000;722_900000;662_550000;661_400000;655_350000,1999,1076,1691,1076,1384,1459;1604;1677;1896;2388,Coward_500;Thoughtful_100;Loyal_200;Agile_100;Brave_100
8809,ZhenShouTangZhuangShu1,PetHeader4_9,Đường Trang Thử Bảo Bảo,880,95,Child,Strength,Rice,694_600000;722_900000;662_550000;661_400000;655_350000,1537,828,1301,828,1064,1459;1604;1677;1896;2388,Coward_500;Thoughtful_100;Loyal_200;Agile_100;Brave_100
8810,ZhenShouNianShou1,PetHeader4_10,Niên Thú Trưởng Thành,881,5,Wild,Strength,Meat,684_300000;726_900000;668_250000;661_100000;653_50000,1313,469,938,656,844,846;930;972;1099;1269,Coward_100;Thoughtful_100;Loyal_200;Agile_100;Brave_500
8811,ZhenShouNianShou2,PetHeader4_10,Niên Thú Biến Dị,881,5,Rare,Strength,Meat,684_300000;726_900000;668_250000;661_100000;653_50000,1510,539,1078,755,970,846;930;972;1099;1269,Coward_100;Thoughtful_100;Loyal_200;Agile_100;Brave_500
8812,ZhenShouNianShou3,PetHeader4_10,Niên Thú Biến Dị,881,5,Rare,Strength,Meat,684_300000;726_900000;668_250000;661_100000;653_50000,1707,609,1219,853,1097,846;930;972;1099;1269,Coward_100;Thoughtful_100;Loyal_200;Agile_100;Brave_500
8819,ZhenShouNianShou1,PetHeader4_10,Niên Thú Bảo Bảo,881,5,Child,Strength,Meat,684_300000;726_900000;668_250000;661_100000;653_50000,1313,469,938,656,844,846;930;972;1099;1269,Coward_100;Thoughtful_100;Loyal_200;Agile_100;Brave_500
8820,ZhenShouNianShou1,PetHeader4_10,Niên Thú Trưởng Thành,882,45,Wild,Strength,Meat,684_350000;726_900000;668_300000;661_150000;653_100000,1370,489,979,685,881,948;1042;1090;1232;1422,Coward_100;Thoughtful_100;Loyal_200;Agile_100;Brave_500
8821,ZhenShouNianShou2,PetHeader4_10,Niên Thú Biến Dị,882,45,Rare,Strength,Meat,684_350000;726_900000;668_300000;661_150000;653_100000,1507,538,1076,753,969,948;1042;1090;1232;1422,Coward_100;Thoughtful_100;Loyal_200;Agile_100;Brave_500
8822,ZhenShouNianShou3,PetHeader4_10,Niên Thú Biến Dị,882,45,Rare,Strength,Meat,684_350000;726_900000;668_300000;661_150000;653_100000,1644,587,1174,822,1057,948;1042;1090;1232;1422,Coward_100;Thoughtful_100;Loyal_200;Agile_100;Brave_500
8823,ZhenShouNianShou4,PetHeader4_10,Niên Thú Biến Dị,882,45,Rare,Strength,Meat,684_350000;726_900000;668_300000;661_150000;653_100000,1781,636,1272,890,1145,948;1042;1090;1232;1422,Coward_100;Thoughtful_100;Loyal_200;Agile_100;Brave_500
8829,ZhenShouNianShou1,PetHeader4_10,Niên Thú Bảo Bảo,882,45,Child,Strength,Meat,684_350000;726_900000;668_300000;661_150000;653_100000,1370,489,979,685,881,948;1042;1090;1232;1422,Coward_100;Thoughtful_100;Loyal_200;Agile_100;Brave_500
8830,ZhenShouNianShou1,PetHeader4_10,Niên Thú Trưởng Thành,883,55,Wild,Strength,Meat,684_400000;726_900000;668_350000;661_200000;653_150000,1428,510,1020,714,918,1051;1156;1208;1366;1576,Coward_100;Thoughtful_100;Loyal_200;Agile_100;Brave_500
8831,ZhenShouNianShou2,PetHeader4_10,Niên Thú Biến Dị,883,55,Rare,Strength,Meat,684_400000;726_900000;668_350000;661_200000;653_150000,1535,548,1096,767,986,1051;1156;1208;1366;1576,Coward_100;Thoughtful_100;Loyal_200;Agile_100;Brave_500
8832,ZhenShouNianShou3,PetHeader4_10,Niên Thú Biến Dị,883,55,Rare,Strength,Meat,684_400000;726_900000;668_350000;661_200000;653_150000,1642,586,1173,821,1055,1051;1156;1208;1366;1576,Coward_100;Thoughtful_100;Loyal_200;Agile_100;Brave_500
8833,ZhenShouNianShou4,PetHeader4_10,Niên Thú Biến Dị,883,55,Rare,Strength,Meat,684_400000;726_900000;668_350000;661_200000;653_150000,1749,624,1249,874,1124,1051;1156;1208;1366;1576,Coward_100;Thoughtful_100;Loyal_200;Agile_100;Brave_500
8834,ZhenShouNianShou5,PetHeader4_10,Niên Thú Biến Dị,883,55,Rare,Strength,Meat,684_400000;726_900000;668_350000;661_200000;653_150000,1856,663,1326,928,1193,1051;1156;1208;1366;1576,Coward_100;Thoughtful_100;Loyal_200;Agile_100;Brave_500
8839,ZhenShouNianShou1,PetHeader4_10,Niên Thú Bảo Bảo,883,55,Child,Strength,Meat,684_400000;726_900000;668_350000;661_200000;653_150000,1428,510,1020,714,918,1051;1156;1208;1366;1576,Coward_100;Thoughtful_100;Loyal_200;Agile_100;Brave_500
8840,ZhenShouNianShou1,PetHeader4_10,Niên Thú Trưởng Thành,884,65,Wild,Strength,Meat,684_450000;726_900000;668_400000;661_250000;653_200000,1485,530,1061,742,954,1153;1268;1325;1498;1729,Coward_100;Thoughtful_100;Loyal_200;Agile_100;Brave_500
8841,ZhenShouNianShou2,PetHeader4_10,Niên Thú Biến Dị,884,65,Rare,Strength,Meat,684_450000;726_900000;668_400000;661_250000;653_200000,1574,562,1124,787,1012,1153;1268;1325;1498;1729,Coward_100;Thoughtful_100;Loyal_200;Agile_100;Brave_500
8842,ZhenShouNianShou3,PetHeader4_10,Niên Thú Biến Dị,884,65,Rare,Strength,Meat,684_450000;726_900000;668_400000;661_250000;653_200000,1663,594,1188,831,1069,1153;1268;1325;1498;1729,Coward_100;Thoughtful_100;Loyal_200;Agile_100;Brave_500
8843,ZhenShouNianShou4,PetHeader4_10,Niên Thú Biến Dị,884,65,Rare,Strength,Meat,684_450000;726_900000;668_400000;661_250000;653_200000,1752,625,1251,876,1126,1153;1268;1325;1498;1729,Coward_100;Thoughtful_100;Loyal_200;Agile_100;Brave_500
8844,ZhenShouNianShou5,PetHeader4_10,Niên Thú Biến Dị,884,65,Rare,Strength,Meat,684_450000;726_900000;668_400000;661_250000;653_200000,1841,657,1315,920,1184,1153;1268;1325;1498;1729,Coward_100;Thoughtful_100;Loyal_200;Agile_100;Brave_500
8845,ZhenShouNianShou6,PetHeader4_10,Niên Thú Biến Dị,884,65,Rare,Strength,Meat,684_450000;726_900000;668_400000;661_250000;653_200000,1931,689,1379,965,1241,1153;1268;1325;1498;1729,Coward_100;Thoughtful_100;Loyal_200;Agile_100;Brave_500
8849,ZhenShouNianShou1,PetHeader4_10,Niên Thú Bảo Bảo,884,65,Child,Strength,Meat,684_450000;726_900000;668_400000;661_250000;653_200000,1485,530,1061,742,954,1153;1268;1325;1498;1729,Coward_100;Thoughtful_100;Loyal_200;Agile_100;Brave_500
8850,ZhenShouNianShou1,PetHeader4_10,Niên Thú Trưởng Thành,885,75,Wild,Strength,Meat,684_500000;726_900000;668_450000;661_300000;653_250000,1542,551,1102,771,991,1255;1380;1443;1631;1882,Coward_100;Thoughtful_100;Loyal_200;Agile_100;Brave_500
8851,ZhenShouNianShou2,PetHeader4_10,Niên Thú Biến Dị,885,75,Rare,Strength,Meat,684_500000;726_900000;668_450000;661_300000;653_250000,1619,578,1157,809,1041,1255;1380;1443;1631;1882,Coward_100;Thoughtful_100;Loyal_200;Agile_100;Brave_500
8852,ZhenShouNianShou3,PetHeader4_10,Niên Thú Biến Dị,885,75,Rare,Strength,Meat,684_500000;726_900000;668_450000;661_300000;653_250000,1697,606,1212,848,1090,1255;1380;1443;1631;1882,Coward_100;Thoughtful_100;Loyal_200;Agile_100;Brave_500
8853,ZhenShouNianShou4,PetHeader4_10,Niên Thú Biến Dị,885,75,Rare,Strength,Meat,684_500000;726_900000;668_450000;661_300000;653_250000,1774,633,1267,887,1140,1255;1380;1443;1631;1882,Coward_100;Thoughtful_100;Loyal_200;Agile_100;Brave_500
8854,ZhenShouNianShou5,PetHeader4_10,Niên Thú Biến Dị,885,75,Rare,Strength,Meat,684_500000;726_900000;668_450000;661_300000;653_250000,1851,661,1322,925,1190,1255;1380;1443;1631;1882,Coward_100;Thoughtful_100;Loyal_200;Agile_100;Brave_500
8855,ZhenShouNianShou6,PetHeader4_10,Niên Thú Biến Dị,885,75,Rare,Strength,Meat,684_500000;726_900000;668_450000;661_300000;653_250000,1928,688,1377,964,1239,1255;1380;1443;1631;1882,Coward_100;Thoughtful_100;Loyal_200;Agile_100;Brave_500
8856,ZhenShouNianShou0,PetHeader4_10,Niên Thú Biến Dị,885,75,Rare,Strength,Meat,684_500000;726_900000;668_450000;661_300000;653_250000,2005,716,1432,1002,1289,1255;1380;1443;1631;1882,Coward_100;Thoughtful_100;Loyal_200;Agile_100;Brave_500
8859,ZhenShouNianShou1,PetHeader4_10,Niên Thú Bảo Bảo,885,75,Child,Strength,Meat,684_500000;726_900000;668_450000;661_300000;653_250000,1542,551,1102,771,991,1255;1380;1443;1631;1882,Coward_100;Thoughtful_100;Loyal_200;Agile_100;Brave_500
8860,ZhenShouNianShou1,PetHeader4_10,Niên Thú Trưởng Thành,886,85,Wild,Strength,Meat,684_550000;726_900000;668_500000;661_350000;653_300000,1598,571,1142,799,1027,1357;1492;1560;1764;2035,Coward_100;Thoughtful_100;Loyal_200;Agile_100;Brave_500
8861,ZhenShouNianShou2,PetHeader4_10,Niên Thú Biến Dị,886,85,Rare,Strength,Meat,684_550000;726_900000;668_500000;661_350000;653_300000,1667,595,1190,833,1071,1357;1492;1560;1764;2035,Coward_100;Thoughtful_100;Loyal_200;Agile_100;Brave_500
8862,ZhenShouNianShou3,PetHeader4_10,Niên Thú Biến Dị,886,85,Rare,Strength,Meat,684_550000;726_900000;668_500000;661_350000;653_300000,1735,619,1239,867,1115,1357;1492;1560;1764;2035,Coward_100;Thoughtful_100;Loyal_200;Agile_100;Brave_500
8863,ZhenShouNianShou4,PetHeader4_10,Niên Thú Biến Dị,886,85,Rare,Strength,Meat,684_550000;726_900000;668_500000;661_350000;653_300000,1804,644,1288,902,1159,1357;1492;1560;1764;2035,Coward_100;Thoughtful_100;Loyal_200;Agile_100;Brave_500
8864,ZhenShouNianShou5,PetHeader4_10,Niên Thú Biến Dị,886,85,Rare,Strength,Meat,684_550000;726_900000;668_500000;661_350000;653_300000,1872,668,1337,936,1203,1357;1492;1560;1764;2035,Coward_100;Thoughtful_100;Loyal_200;Agile_100;Brave_500
8865,ZhenShouNianShou6,PetHeader4_10,Niên Thú Biến Dị,886,85,Rare,Strength,Meat,684_550000;726_900000;668_500000;661_350000;653_300000,1941,693,1386,970,1248,1357;1492;1560;1764;2035,Coward_100;Thoughtful_100;Loyal_200;Agile_100;Brave_500
8866,ZhenShouNianShou0,PetHeader4_10,Niên Thú Biến Dị,886,85,Rare,Strength,Meat,684_550000;726_900000;668_500000;661_350000;653_300000,2009,717,1435,1004,1292,1357;1492;1560;1764;2035,Coward_100;Thoughtful_100;Loyal_200;Agile_100;Brave_500
8867,ZhenShouNianShou7,PetHeader4_10,Niên Thú Biến Dị,886,85,Rare,Strength,Meat,684_550000;726_900000;668_500000;661_350000;653_300000,2078,742,1484,1039,1336,1357;1492;1560;1764;2035,Coward_100;Thoughtful_100;Loyal_200;Agile_100;Brave_500
8869,ZhenShouNianShou1,PetHeader4_10,Niên Thú Bảo Bảo,886,85,Child,Strength,Meat,684_550000;726_900000;668_500000;661_350000;653_300000,1598,571,1142,799,1027,1357;1492;1560;1764;2035,Coward_100;Thoughtful_100;Loyal_200;Agile_100;Brave_500
8870,ZhenShouNianShou1,PetHeader4_10,Niên Thú Trưởng Thành,887,95,Wild,Strength,Meat,684_600000;726_900000;668_550000;661_400000;653_350000,1706,591,1183,828,1064,1459;1604;1677;1896;2388,Coward_100;Thoughtful_100;Loyal_200;Agile_100;Brave_500
8871,ZhenShouNianShou2,PetHeader4_10,Niên Thú Biến Dị,887,95,Rare,Strength,Meat,684_600000;726_900000;668_550000;661_400000;653_350000,1768,613,1227,859,1104,1459;1604;1677;1896;2388,Coward_100;Thoughtful_100;Loyal_200;Agile_100;Brave_500
8872,ZhenShouNianShou3,PetHeader4_10,Niên Thú Biến Dị,887,95,Rare,Strength,Meat,684_600000;726_900000;668_550000;661_400000;653_350000,1830,635,1271,890,1144,1459;1604;1677;1896;2388,Coward_100;Thoughtful_100;Loyal_200;Agile_100;Brave_500
8873,ZhenShouNianShou4,PetHeader4_10,Niên Thú Biến Dị,887,95,Rare,Strength,Meat,684_600000;726_900000;668_550000;661_400000;653_350000,1892,658,1316,921,1184,1459;1604;1677;1896;2388,Coward_100;Thoughtful_100;Loyal_200;Agile_100;Brave_500
8874,ZhenShouNianShou5,PetHeader4_10,Niên Thú Biến Dị,887,95,Rare,Strength,Meat,684_600000;726_900000;668_550000;661_400000;653_350000,1954,680,1360,952,1224,1459;1604;1677;1896;2388,Coward_100;Thoughtful_100;Loyal_200;Agile_100;Brave_500
8875,ZhenShouNianShou6,PetHeader4_10,Niên Thú Biến Dị,887,95,Rare,Strength,Meat,684_600000;726_900000;668_550000;661_400000;653_350000,2016,702,1404,983,1264,1459;1604;1677;1896;2388,Coward_100;Thoughtful_100;Loyal_200;Agile_100;Brave_500
8876,ZhenShouNianShou0,PetHeader4_10,Niên Thú Biến Dị,887,95,Rare,Strength,Meat,684_600000;726_900000;668_550000;661_400000;653_350000,2078,724,1449,1014,1304,1459;1604;1677;1896;2388,Coward_100;Thoughtful_100;Loyal_200;Agile_100;Brave_500
8877,ZhenShouNianShou7,PetHeader4_10,Niên Thú Biến Dị,887,95,Rare,Strength,Meat,684_600000;726_900000;668_550000;661_400000;653_350000,2140,746,1493,1045,1344,1459;1604;1677;1896;2388,Coward_100;Thoughtful_100;Loyal_200;Agile_100;Brave_500
8878,ZhenShouNianShou8,PetHeader4_10,Niên Thú Biến Dị,887,95,Rare,Strength,Meat,684_600000;726_900000;668_550000;661_400000;653_350000,2203,768,1537,1076,1384,1459;1604;1677;1896;2388,Coward_100;Thoughtful_100;Loyal_200;Agile_100;Brave_500
8879,ZhenShouNianShou1,PetHeader4_10,Niên Thú Bảo Bảo,887,95,Child,Strength,Meat,684_600000;726_900000;668_550000;661_400000;653_350000,1706,591,1183,828,1064,1459;1604;1677;1896;2388,Coward_100;Thoughtful_100;Loyal_200;Agile_100;Brave_500
8880,YuanYang,PetHeader4_11,Uyên Ương Trưởng Thành,888,5,Wild,Magic,Rice,688_300000;702_900000;670_250000;660_100000;652_50000,656,1219,750,1031,750,846;930;972;1099;1269,Coward_500;Thoughtful_100;Loyal_200;Agile_100;Brave_100
8881,YuanYang1,PetHeader4_11,Uyên Ương Biến Dị,888,5,Rare,Magic,Rice,688_300000;702_900000;670_250000;660_100000;652_50000,755,1402,862,1186,862,846;930;972;1099;1269,Coward_500;Thoughtful_100;Loyal_200;Agile_100;Brave_100
8882,YuanYang2,PetHeader4_11,Uyên Ương Biến Dị,888,5,Rare,Magic,Rice,688_300000;702_900000;670_250000;660_100000;652_50000,853,1585,975,1341,975,846;930;972;1099;1269,Coward_500;Thoughtful_100;Loyal_200;Agile_100;Brave_100
8889,YuanYang,PetHeader4_11,Uyên ương Bảo Bảo,888,5,Child,Magic,Rice,688_300000;702_900000;670_250000;660_100000;652_50000,656,1219,750,1031,750,846;930;972;1099;1269,Coward_500;Thoughtful_100;Loyal_200;Agile_100;Brave_100
8890,YuanYang,PetHeader4_11,Uyên Ương Trưởng Thành,889,45,Wild,Magic,Rice,688_350000;702_900000;670_300000;660_150000;652_100000,685,1272,783,1076,783,948;1042;1090;1232;1422,Coward_500;Thoughtful_100;Loyal_200;Agile_100;Brave_100
8891,YuanYang1,PetHeader4_11,Uyên Ương Biến Dị,889,45,Rare,Magic,Rice,688_350000;702_900000;670_300000;660_150000;652_100000,753,1399,861,1184,861,948;1042;1090;1232;1422,Coward_500;Thoughtful_100;Loyal_200;Agile_100;Brave_100
8892,YuanYang2,PetHeader4_11,Uyên Ương Biến Dị,889,45,Rare,Magic,Rice,688_350000;702_900000;670_300000;660_150000;652_100000,822,1527,939,1292,939,948;1042;1090;1232;1422,Coward_500;Thoughtful_100;Loyal_200;Agile_100;Brave_100
8893,YuanYang3,PetHeader4_11,Uyên Ương Biến Dị,889,45,Rare,Magic,Rice,688_350000;702_900000;670_300000;660_150000;652_100000,890,1654,1018,1399,1018,948;1042;1090;1232;1422,Coward_500;Thoughtful_100;Loyal_200;Agile_100;Brave_100
8899,YuanYang,PetHeader4_11,Uyên ương Bảo Bảo,889,45,Child,Magic,Rice,688_350000;702_900000;670_300000;660_150000;652_100000,685,1272,783,1076,783,948;1042;1090;1232;1422,Coward_500;Thoughtful_100;Loyal_200;Agile_100;Brave_100
8900,YuanYang,PetHeader4_11,Uyên Ương Trưởng Thành,890,55,Wild,Magic,Rice,688_400000;702_900000;670_350000;660_200000;652_150000,714,1326,816,1122,816,1051;1156;1208;1366;1576,Coward_500;Thoughtful_100;Loyal_200;Agile_100;Brave_100
8901,YuanYang1,PetHeader4_11,Uyên Ương Biến Dị,890,55,Rare,Magic,Rice,688_400000;702_900000;670_350000;660_200000;652_150000,767,1425,877,1206,877,1051;1156;1208;1366;1576,Coward_500;Thoughtful_100;Loyal_200;Agile_100;Brave_100
8902,YuanYang2,PetHeader4_11,Uyên Ương Biến Dị,890,55,Rare,Magic,Rice,688_400000;702_900000;670_350000;660_200000;652_150000,821,1524,938,1290,938,1051;1156;1208;1366;1576,Coward_500;Thoughtful_100;Loyal_200;Agile_100;Brave_100
8903,YuanYang3,PetHeader4_11,Uyên Ương Biến Dị,890,55,Rare,Magic,Rice,688_400000;702_900000;670_350000;660_200000;652_150000,874,1624,999,1374,999,1051;1156;1208;1366;1576,Coward_500;Thoughtful_100;Loyal_200;Agile_100;Brave_100
8904,YuanYang4,PetHeader4_11,Uyên Ương Biến Dị,890,55,Rare,Magic,Rice,688_400000;702_900000;670_350000;660_200000;652_150000,928,1723,1060,1458,1060,1051;1156;1208;1366;1576,Coward_500;Thoughtful_100;Loyal_200;Agile_100;Brave_100
8909,YuanYang,PetHeader4_11,Uyên ương Bảo Bảo,890,55,Child,Magic,Rice,688_400000;702_900000;670_350000;660_200000;652_150000,714,1326,816,1122,816,1051;1156;1208;1366;1576,Coward_500;Thoughtful_100;Loyal_200;Agile_100;Brave_100
8910,YuanYang,PetHeader4_11,Uyên Ương Trưởng Thành,891,65,Wild,Magic,Rice,688_450000;702_900000;670_400000;660_250000;652_200000,742,1379,848,1167,848,1153;1268;1325;1498;1729,Coward_500;Thoughtful_100;Loyal_200;Agile_100;Brave_100
8911,YuanYang1,PetHeader4_11,Uyên Ương Biến Dị,891,65,Rare,Magic,Rice,688_450000;702_900000;670_400000;660_250000;652_200000,787,1462,899,1237,899,1153;1268;1325;1498;1729,Coward_500;Thoughtful_100;Loyal_200;Agile_100;Brave_100
8912,YuanYang2,PetHeader4_11,Uyên Ương Biến Dị,891,65,Rare,Magic,Rice,688_450000;702_900000;670_400000;660_250000;652_200000,831,1544,950,1307,950,1153;1268;1325;1498;1729,Coward_500;Thoughtful_100;Loyal_200;Agile_100;Brave_100
8913,YuanYang3,PetHeader4_11,Uyên Ương Biến Dị,891,65,Rare,Magic,Rice,688_450000;702_900000;670_400000;660_250000;652_200000,876,1627,1001,1377,1001,1153;1268;1325;1498;1729,Coward_500;Thoughtful_100;Loyal_200;Agile_100;Brave_100
8914,YuanYang4,PetHeader4_11,Uyên Ương Biến Dị,891,65,Rare,Magic,Rice,688_450000;702_900000;670_400000;660_250000;652_200000,920,1710,1052,1447,1052,1153;1268;1325;1498;1729,Coward_500;Thoughtful_100;Loyal_200;Agile_100;Brave_100
8915,YuanYang5,PetHeader4_11,Uyên Ương Biến Dị,891,65,Rare,Magic,Rice,688_450000;702_900000;670_400000;660_250000;652_200000,965,1793,1103,1517,1103,1153;1268;1325;1498;1729,Coward_500;Thoughtful_100;Loyal_200;Agile_100;Brave_100
8919,YuanYang,PetHeader4_11,Uyên ương Bảo Bảo,891,65,Child,Magic,Rice,688_450000;702_900000;670_400000;660_250000;652_200000,742,1379,848,1167,848,1153;1268;1325;1498;1729,Coward_500;Thoughtful_100;Loyal_200;Agile_100;Brave_100
8920,YuanYang,PetHeader4_11,Uyên Ương Trưởng Thành,892,75,Wild,Magic,Rice,688_500000;702_900000;670_450000;660_300000;652_250000,771,1432,881,1212,881,1255;1380;1443;1631;1882,Coward_500;Thoughtful_100;Loyal_200;Agile_100;Brave_100
8921,YuanYang1,PetHeader4_11,Uyên Ương Biến Dị,892,75,Rare,Magic,Rice,688_500000;702_900000;670_450000;660_300000;652_250000,809,1504,925,1272,925,1255;1380;1443;1631;1882,Coward_500;Thoughtful_100;Loyal_200;Agile_100;Brave_100
8922,YuanYang2,PetHeader4_11,Uyên Ương Biến Dị,892,75,Rare,Magic,Rice,688_500000;702_900000;670_450000;660_300000;652_250000,848,1575,969,1333,969,1255;1380;1443;1631;1882,Coward_500;Thoughtful_100;Loyal_200;Agile_100;Brave_100
8923,YuanYang3,PetHeader4_11,Uyên Ương Biến Dị,892,75,Rare,Magic,Rice,688_500000;702_900000;670_450000;660_300000;652_250000,887,1647,1013,1394,1013,1255;1380;1443;1631;1882,Coward_500;Thoughtful_100;Loyal_200;Agile_100;Brave_100
8924,YuanYang4,PetHeader4_11,Uyên Ương Biến Dị,892,75,Rare,Magic,Rice,688_500000;702_900000;670_450000;660_300000;652_250000,925,1719,1057,1454,1057,1255;1380;1443;1631;1882,Coward_500;Thoughtful_100;Loyal_200;Agile_100;Brave_100
8925,YuanYang5,PetHeader4_11,Uyên Ương Biến Dị,892,75,Rare,Magic,Rice,688_500000;702_900000;670_450000;660_300000;652_250000,964,1790,1102,1515,1102,1255;1380;1443;1631;1882,Coward_500;Thoughtful_100;Loyal_200;Agile_100;Brave_100
8926,YuanYang6,PetHeader4_11,Uyên Ương Biến Dị,892,75,Rare,Magic,Rice,688_500000;702_900000;670_450000;660_300000;652_250000,1002,1862,1146,1575,1146,1255;1380;1443;1631;1882,Coward_500;Thoughtful_100;Loyal_200;Agile_100;Brave_100
8929,YuanYang,PetHeader4_11,Uyên ương Bảo Bảo,892,75,Child,Magic,Rice,688_500000;702_900000;670_450000;660_300000;652_250000,771,1432,881,1212,881,1255;1380;1443;1631;1882,Coward_500;Thoughtful_100;Loyal_200;Agile_100;Brave_100
8930,YuanYang,PetHeader4_11,Uyên Ương Trưởng Thành,893,85,Wild,Magic,Rice,688_550000;702_900000;670_500000;660_350000;652_300000,799,1484,913,1256,913,1357;1492;1560;1764;2035,Coward_500;Thoughtful_100;Loyal_200;Agile_100;Brave_100
8931,YuanYang1,PetHeader4_11,Uyên Ương Biến Dị,893,85,Rare,Magic,Rice,688_550000;702_900000;670_500000;660_350000;652_300000,833,1548,952,1310,952,1357;1492;1560;1764;2035,Coward_500;Thoughtful_100;Loyal_200;Agile_100;Brave_100
8932,YuanYang2,PetHeader4_11,Uyên Ương Biến Dị,893,85,Rare,Magic,Rice,688_550000;702_900000;670_500000;660_350000;652_300000,867,1611,991,1363,991,1357;1492;1560;1764;2035,Coward_500;Thoughtful_100;Loyal_200;Agile_100;Brave_100
8933,YuanYang3,PetHeader4_11,Uyên Ương Biến Dị,893,85,Rare,Magic,Rice,688_550000;702_900000;670_500000;660_350000;652_300000,902,1675,1031,1417,1031,1357;1492;1560;1764;2035,Coward_500;Thoughtful_100;Loyal_200;Agile_100;Brave_100
8934,YuanYang4,PetHeader4_11,Uyên Ương Biến Dị,893,85,Rare,Magic,Rice,688_550000;702_900000;670_500000;660_350000;652_300000,936,1739,1070,1471,1070,1357;1492;1560;1764;2035,Coward_500;Thoughtful_100;Loyal_200;Agile_100;Brave_100
8935,YuanYang5,PetHeader4_11,Uyên Ương Biến Dị,893,85,Rare,Magic,Rice,688_550000;702_900000;670_500000;660_350000;652_300000,970,1802,1109,1525,1109,1357;1492;1560;1764;2035,Coward_500;Thoughtful_100;Loyal_200;Agile_100;Brave_100
8936,YuanYang6,PetHeader4_11,Uyên Ương Biến Dị,893,85,Rare,Magic,Rice,688_550000;702_900000;670_500000;660_350000;652_300000,1004,1866,1148,1579,1148,1357;1492;1560;1764;2035,Coward_500;Thoughtful_100;Loyal_200;Agile_100;Brave_100
8937,YuanYang7,PetHeader4_11,Uyên Ương Biến Dị,893,85,Rare,Magic,Rice,688_550000;702_900000;670_500000;660_350000;652_300000,1039,1929,1187,1633,1187,1357;1492;1560;1764;2035,Coward_500;Thoughtful_100;Loyal_200;Agile_100;Brave_100
8939,YuanYang,PetHeader4_11,Uyên ương Bảo Bảo,893,85,Child,Magic,Rice,688_550000;702_900000;670_500000;660_350000;652_300000,799,1484,913,1256,913,1357;1492;1560;1764;2035,Coward_500;Thoughtful_100;Loyal_200;Agile_100;Brave_100
8940,YuanYang,PetHeader4_11,Uyên Ương Trưởng Thành,894,95,Wild,Magic,Rice,688_600000;702_900000;670_550000;660_400000;652_350000,828,1537,946,1301,946,1459;1604;1677;1896;2388,Coward_500;Thoughtful_100;Loyal_200;Agile_100;Brave_100
8941,YuanYang1,PetHeader4_11,Uyên Ương Biến Dị,894,95,Rare,Magic,Rice,688_600000;702_900000;670_550000;660_400000;652_350000,859,1595,981,1350,981,1459;1604;1677;1896;2388,Coward_500;Thoughtful_100;Loyal_200;Agile_100;Brave_100
8942,YuanYang2,PetHeader4_11,Uyên Ương Biến Dị,894,95,Rare,Magic,Rice,688_600000;702_900000;670_550000;660_400000;652_350000,890,1653,1017,1398,1017,1459;1604;1677;1896;2388,Coward_500;Thoughtful_100;Loyal_200;Agile_100;Brave_100
8943,YuanYang3,PetHeader4_11,Uyên Ương Biến Dị,894,95,Rare,Magic,Rice,688_600000;702_900000;670_550000;660_400000;652_350000,921,1710,1052,1447,1052,1459;1604;1677;1896;2388,Coward_500;Thoughtful_100;Loyal_200;Agile_100;Brave_100
8944,YuanYang4,PetHeader4_11,Uyên Ương Biến Dị,894,95,Rare,Magic,Rice,688_600000;702_900000;670_550000;660_400000;652_350000,952,1768,1088,1496,1088,1459;1604;1677;1896;2388,Coward_500;Thoughtful_100;Loyal_200;Agile_100;Brave_100
8945,YuanYang5,PetHeader4_11,Uyên Ương Biến Dị,894,95,Rare,Magic,Rice,688_600000;702_900000;670_550000;660_400000;652_350000,983,1826,1123,1545,1123,1459;1604;1677;1896;2388,Coward_500;Thoughtful_100;Loyal_200;Agile_100;Brave_100
8946,YuanYang6,PetHeader4_11,Uyên Ương Biến Dị,894,95,Rare,Magic,Rice,688_600000;702_900000;670_550000;660_400000;652_350000,1014,1883,1159,1594,1159,1459;1604;1677;1896;2388,Coward_500;Thoughtful_100;Loyal_200;Agile_100;Brave_100
8947,YuanYang7,PetHeader4_11,Uyên Ương Biến Dị,894,95,Rare,Magic,Rice,688_600000;702_900000;670_550000;660_400000;652_350000,1045,1941,1194,1642,1194,1459;1604;1677;1896;2388,Coward_500;Thoughtful_100;Loyal_200;Agile_100;Brave_100
8948,YuanYang7,PetHeader4_11,Uyên Ương Biến Dị,894,95,Rare,Magic,Rice,688_600000;702_900000;670_550000;660_400000;652_350000,1076,1999,1230,1691,1230,1459;1604;1677;1896;2388,Coward_500;Thoughtful_100;Loyal_200;Agile_100;Brave_100
8949,YuanYang,PetHeader4_11,Uyên ương Bảo Bảo,894,95,Child,Magic,Rice,688_600000;702_900000;670_550000;660_400000;652_350000,828,1537,946,1301,946,1459;1604;1677;1896;2388,Coward_500;Thoughtful_100;Loyal_200;Agile_100;Brave_100
8950,JinEJinJiaoBaiLong,PetHeader2_1,Cầu Long Trưởng Thành,895,65,Wild,Magic,Meat,700_200000;703_900000;660_250000;714_200000;664_150000,771,1432,881,1212,881,1255;1380;1443;1631;1882,Coward_50;Thoughtful_150;Loyal_100;Agile_200;Brave_500
8951,QingLong,PetHeader2_1,Cầu Long Biến Dị,895,65,Rare,Magic,Meat,700_200000;703_900000;660_250000;714_200000;664_150000,809,1504,925,1272,925,1255;1380;1443;1631;1882,Coward_50;Thoughtful_150;Loyal_100;Agile_200;Brave_500
8952,ChiLong,PetHeader2_1,Cầu Long Biến Dị,895,65,Rare,Magic,Meat,700_200000;703_900000;660_250000;714_200000;664_150000,848,1575,969,1333,969,1255;1380;1443;1631;1882,Coward_50;Thoughtful_150;Loyal_100;Agile_200;Brave_500
8953,HeiLong,PetHeader2_1,Cầu Long Biến Dị,895,65,Rare,Magic,Meat,700_200000;703_900000;660_250000;714_200000;664_150000,887,1647,1013,1394,1013,1255;1380;1443;1631;1882,Coward_50;Thoughtful_150;Loyal_100;Agile_200;Brave_500
8954,JinEJinJiaoHuoZhuaBaiLong,PetHeader2_1,Cầu Long Biến Dị,895,65,Rare,Magic,Meat,700_200000;703_900000;660_250000;714_200000;664_150000,925,1719,1057,1454,1057,1255;1380;1443;1631;1882,Coward_50;Thoughtful_150;Loyal_100;Agile_200;Brave_500
8955,HuoLong,PetHeader2_1,Cầu Long Biến Dị,895,65,Rare,Magic,Meat,700_200000;703_900000;660_250000;714_200000;664_150000,964,1790,1102,1515,1102,1255;1380;1443;1631;1882,Coward_50;Thoughtful_150;Loyal_100;Agile_200;Brave_500
8959,JinEJinJiaoBaiLong,PetHeader2_1,Cầu Long Bảo Bảo,895,65,Child,Magic,Meat,700_200000;703_900000;660_250000;714_200000;664_150000,771,1432,881,1212,881,1255;1380;1443;1631;1882,Coward_50;Thoughtful_150;Loyal_100;Agile_200;Brave_500
8960,HuiMaoLu,PetHeader1_17,Mao Lư Trưởng Thành,896,45,Wild,Balanced,Grass,738_250000;722_900000;668_250000,979,979,979,979,979,948;1042;1090;1232;1422,Coward_10;Thoughtful_20;Loyal_20;Agile_150;Brave_800
8961,HeiMaoLu,PetHeader1_17,Mao Lư Biến Dị,896,45,Rare,Balanced,Grass,738_250000;722_900000;668_250000,1076,1076,1076,1076,1076,948;1042;1090;1232;1422,Coward_10;Thoughtful_20;Loyal_20;Agile_150;Brave_800
8962,HeiMaoLu,PetHeader1_17,Mao Lư Biến Dị,896,45,Rare,Balanced,Grass,738_250000;722_900000;668_250000,1174,1174,1174,1174,1174,948;1042;1090;1232;1422,Coward_10;Thoughtful_20;Loyal_20;Agile_150;Brave_800
8963,HeiPiBaiDuPiMaoLu,PetHeader1_17,Mao Lư Biến Dị,896,45,Rare,Balanced,Grass,738_250000;722_900000;668_250000,1272,1272,1272,1272,1272,948;1042;1090;1232;1422,Coward_10;Thoughtful_20;Loyal_20;Agile_150;Brave_800
8969,HuiMaoLu,PetHeader1_17,Mao Lư Bảo Bảo,896,45,Child,Balanced,Grass,738_250000;722_900000;668_250000,979,979,979,979,979,948;1042;1090;1232;1422,Coward_10;Thoughtful_20;Loyal_20;Agile_150;Brave_800
8970,HuiMaoLu,PetHeader1_17,Mao Lư Trưởng Thành,897,55,Wild,Balanced,Grass,738_300000;722_900000;668_300000,1020,1020,1020,1020,1020,1051;1156;1208;1366;1576,Coward_10;Thoughtful_20;Loyal_20;Agile_150;Brave_800
8971,HeiMaoLu,PetHeader1_17,Mao Lư Biến Dị,897,55,Rare,Balanced,Grass,738_300000;722_900000;668_300000,1096,1096,1096,1096,1096,1051;1156;1208;1366;1576,Coward_10;Thoughtful_20;Loyal_20;Agile_150;Brave_800
8972,HeiMaoLu,PetHeader1_17,Mao Lư Biến Dị,897,55,Rare,Balanced,Grass,738_300000;722_900000;668_300000,1173,1173,1173,1173,1173,1051;1156;1208;1366;1576,Coward_10;Thoughtful_20;Loyal_20;Agile_150;Brave_800
8973,HeiMaoLu,PetHeader1_17,Mao Lư Biến Dị,897,55,Rare,Balanced,Grass,738_300000;722_900000;668_300000,1249,1249,1249,1249,1249,1051;1156;1208;1366;1576,Coward_10;Thoughtful_20;Loyal_20;Agile_150;Brave_800
8974,HeiPiBaiDuPiMaoLu,PetHeader1_17,Mao Lư Biến Dị,897,55,Rare,Balanced,Grass,738_300000;722_900000;668_300000,1326,1326,1326,1326,1326,1051;1156;1208;1366;1576,Coward_10;Thoughtful_20;Loyal_20;Agile_150;Brave_800
8979,HuiMaoLu,PetHeader1_17,Mao Lư Bảo Bảo,897,55,Child,Balanced,Grass,738_300000;722_900000;668_300000,1020,1020,1020,1020,1020,1051;1156;1208;1366;1576,Coward_10;Thoughtful_20;Loyal_20;Agile_150;Brave_800
8980,HuiMaoLu,PetHeader1_17,Mao Lư Trưởng Thành,898,65,Wild,Balanced,Grass,738_350000;722_900000;668_350000,1061,1061,1061,1061,1061,1153;1268;1325;1498;1729,Coward_10;Thoughtful_20;Loyal_20;Agile_150;Brave_800
8981,HeiMaoLu,PetHeader1_17,Mao Lư Biến Dị,898,65,Rare,Balanced,Grass,738_350000;722_900000;668_350000,1124,1124,1124,1124,1124,1153;1268;1325;1498;1729,Coward_10;Thoughtful_20;Loyal_20;Agile_150;Brave_800
8982,HeiMaoLu,PetHeader1_17,Mao Lư Biến Dị,898,65,Rare,Balanced,Grass,738_350000;722_900000;668_350000,1188,1188,1188,1188,1188,1153;1268;1325;1498;1729,Coward_10;Thoughtful_20;Loyal_20;Agile_150;Brave_800
8983,HeiMaoLu,PetHeader1_17,Mao Lư Biến Dị,898,65,Rare,Balanced,Grass,738_350000;722_900000;668_350000,1251,1251,1251,1251,1251,1153;1268;1325;1498;1729,Coward_10;Thoughtful_20;Loyal_20;Agile_150;Brave_800
8984,HeiMaoLu,PetHeader1_17,Mao Lư Biến Dị,898,65,Rare,Balanced,Grass,738_350000;722_900000;668_350000,1315,1315,1315,1315,1315,1153;1268;1325;1498;1729,Coward_10;Thoughtful_20;Loyal_20;Agile_150;Brave_800
8985,HeiPiBaiDuPiMaoLu,PetHeader1_17,Mao Lư Biến Dị,898,65,Rare,Balanced,Grass,738_350000;722_900000;668_350000,1379,1379,1379,1379,1379,1153;1268;1325;1498;1729,Coward_10;Thoughtful_20;Loyal_20;Agile_150;Brave_800
8989,HuiMaoLu,PetHeader1_17,Mao Lư Bảo Bảo,898,65,Child,Balanced,Grass,738_350000;722_900000;668_350000,1061,1061,1061,1061,1061,1153;1268;1325;1498;1729,Coward_10;Thoughtful_20;Loyal_20;Agile_150;Brave_800
22000,ZhenShouQiongQi,PetHeader4_13,Cùng Kỳ Trưởng Thành,2200,5,Wild,Strength,Meat,694_300000;722_900000;657_250000;734_100000;652_50000,1313,469,938,656,844,846;930;972;1099;1269,Coward_100;Thoughtful_100;Loyal_200;Agile_100;Brave_500
22001,ZhenShouQiongQi2,PetHeader4_13,Cùng Kỳ Biến Dị,2200,5,Rare,Strength,Meat,694_300000;722_900000;657_250000;734_100000;652_50000,1510,539,1078,755,970,846;930;972;1099;1269,Coward_100;Thoughtful_100;Loyal_200;Agile_100;Brave_500
22002,ZhenShouQiongQi3,PetHeader4_13,Cùng Kỳ Biến Dị,2200,5,Rare,Strength,Meat,694_300000;722_900000;657_250000;734_100000;652_50000,1707,609,1219,853,1097,846;930;972;1099;1269,Coward_100;Thoughtful_100;Loyal_200;Agile_100;Brave_500
22009,ZhenShouQiongQi,PetHeader4_13,Cùng Kỳ Bảo Bảo,2200,5,Child,Strength,Meat,694_300000;722_900000;657_250000;734_100000;652_50000,1313,469,938,656,844,846;930;972;1099;1269,Coward_100;Thoughtful_100;Loyal_200;Agile_100;Brave_500
22010,ZhenShouQiongQi,PetHeader4_13,Cùng Kỳ Trưởng Thành,2201,45,Wild,Strength,Meat,694_350000;722_900000;657_300000;734_150000;652_100000,1370,489,979,685,881,948;1042;1090;1232;1422,Coward_100;Thoughtful_100;Loyal_200;Agile_100;Brave_500
22011,ZhenShouQiongQi2,PetHeader4_13,Cùng Kỳ Biến Dị,2201,45,Rare,Strength,Meat,694_350000;722_900000;657_300000;734_150000;652_100000,1507,538,1076,753,969,948;1042;1090;1232;1422,Coward_100;Thoughtful_100;Loyal_200;Agile_100;Brave_500
22012,ZhenShouQiongQi3,PetHeader4_13,Cùng Kỳ Biến Dị,2201,45,Rare,Strength,Meat,694_350000;722_900000;657_300000;734_150000;652_100000,1644,587,1174,822,1057,948;1042;1090;1232;1422,Coward_100;Thoughtful_100;Loyal_200;Agile_100;Brave_500
22013,ZhenShouQiongQi4,PetHeader4_13,Cùng Kỳ Biến Dị,2201,45,Rare,Strength,Meat,694_350000;722_900000;657_300000;734_150000;652_100000,1781,636,1272,890,1145,948;1042;1090;1232;1422,Coward_100;Thoughtful_100;Loyal_200;Agile_100;Brave_500
22019,ZhenShouQiongQi,PetHeader4_13,Cùng Kỳ Bảo Bảo,2201,45,Child,Strength,Meat,694_350000;722_900000;657_300000;734_150000;652_100000,1370,489,979,685,881,948;1042;1090;1232;1422,Coward_100;Thoughtful_100;Loyal_200;Agile_100;Brave_500
22020,ZhenShouQiongQi,PetHeader4_13,Cùng Kỳ Trưởng Thành,2202,55,Wild,Strength,Meat,694_400000;722_900000;657_350000;734_200000;652_150000,1428,510,1020,714,918,1051;1156;1208;1366;1576,Coward_100;Thoughtful_100;Loyal_200;Agile_100;Brave_500
22021,ZhenShouQiongQi2,PetHeader4_13,Cùng Kỳ Biến Dị,2202,55,Rare,Strength,Meat,694_400000;722_900000;657_350000;734_200000;652_150000,1535,548,1096,767,986,1051;1156;1208;1366;1576,Coward_100;Thoughtful_100;Loyal_200;Agile_100;Brave_500
22022,ZhenShouQiongQi3,PetHeader4_13,Cùng Kỳ Biến Dị,2202,55,Rare,Strength,Meat,694_400000;722_900000;657_350000;734_200000;652_150000,1642,586,1173,821,1055,1051;1156;1208;1366;1576,Coward_100;Thoughtful_100;Loyal_200;Agile_100;Brave_500
22023,ZhenShouQiongQi4,PetHeader4_13,Cùng Kỳ Biến Dị,2202,55,Rare,Strength,Meat,694_400000;722_900000;657_350000;734_200000;652_150000,1749,624,1249,874,1124,1051;1156;1208;1366;1576,Coward_100;Thoughtful_100;Loyal_200;Agile_100;Brave_500
22024,ZhenShouQiongQi5,PetHeader4_13,Cùng Kỳ Biến Dị,2202,55,Rare,Strength,Meat,694_400000;722_900000;657_350000;734_200000;652_150000,1856,663,1326,928,1193,1051;1156;1208;1366;1576,Coward_100;Thoughtful_100;Loyal_200;Agile_100;Brave_500
22029,ZhenShouQiongQi,PetHeader4_13,Cùng Kỳ Bảo Bảo,2202,55,Child,Strength,Meat,694_400000;722_900000;657_350000;734_200000;652_150000,1428,510,1020,714,918,1051;1156;1208;1366;1576,Coward_100;Thoughtful_100;Loyal_200;Agile_100;Brave_500
22030,ZhenShouQiongQi,PetHeader4_13,Cùng Kỳ Trưởng Thành,2203,65,Wild,Strength,Meat,694_450000;722_900000;657_400000;734_250000;652_200000,1485,530,1061,742,954,1153;1268;1325;1498;1729,Coward_100;Thoughtful_100;Loyal_200;Agile_100;Brave_500
22031,ZhenShouQiongQi2,PetHeader4_13,Cùng Kỳ Biến Dị,2203,65,Rare,Strength,Meat,694_450000;722_900000;657_400000;734_250000;652_200000,1574,562,1124,787,1012,1153;1268;1325;1498;1729,Coward_100;Thoughtful_100;Loyal_200;Agile_100;Brave_500
22032,ZhenShouQiongQi3,PetHeader4_13,Cùng Kỳ Biến Dị,2203,65,Rare,Strength,Meat,694_450000;722_900000;657_400000;734_250000;652_200000,1663,594,1188,831,1069,1153;1268;1325;1498;1729,Coward_100;Thoughtful_100;Loyal_200;Agile_100;Brave_500
22033,ZhenShouQiongQi4,PetHeader4_13,Cùng Kỳ Biến Dị,2203,65,Rare,Strength,Meat,694_450000;722_900000;657_400000;734_250000;652_200000,1752,625,1251,876,1126,1153;1268;1325;1498;1729,Coward_100;Thoughtful_100;Loyal_200;Agile_100;Brave_500
22034,ZhenShouQiongQi5,PetHeader4_13,Cùng Kỳ Biến Dị,2203,65,Rare,Strength,Meat,694_450000;722_900000;657_400000;734_250000;652_200000,1841,657,1315,920,1184,1153;1268;1325;1498;1729,Coward_100;Thoughtful_100;Loyal_200;Agile_100;Brave_500
22035,ZhenShouQiongQi6,PetHeader4_13,Cùng Kỳ Biến Dị,2203,65,Rare,Strength,Meat,694_450000;722_900000;657_400000;734_250000;652_200000,1931,689,1379,965,1241,1153;1268;1325;1498;1729,Coward_100;Thoughtful_100;Loyal_200;Agile_100;Brave_500
22039,ZhenShouQiongQi,PetHeader4_13,Cùng Kỳ Bảo Bảo,2203,65,Child,Strength,Meat,694_450000;722_900000;657_400000;734_250000;652_200000,1485,530,1061,742,954,1153;1268;1325;1498;1729,Coward_100;Thoughtful_100;Loyal_200;Agile_100;Brave_500
22040,ZhenShouQiongQi,PetHeader4_13,Cùng Kỳ Trưởng Thành,2204,75,Wild,Strength,Meat,694_500000;722_900000;657_450000;734_300000;652_250000,1542,551,1102,771,991,1255;1380;1443;1631;1882,Coward_100;Thoughtful_100;Loyal_200;Agile_100;Brave_500
22041,ZhenShouQiongQi2,PetHeader4_13,Cùng Kỳ Biến Dị,2204,75,Rare,Strength,Meat,694_500000;722_900000;657_450000;734_300000;652_250000,1619,578,1157,809,1041,1255;1380;1443;1631;1882,Coward_100;Thoughtful_100;Loyal_200;Agile_100;Brave_500
22042,ZhenShouQiongQi3,PetHeader4_13,Cùng Kỳ Biến Dị,2204,75,Rare,Strength,Meat,694_500000;722_900000;657_450000;734_300000;652_250000,1697,606,1212,848,1090,1255;1380;1443;1631;1882,Coward_100;Thoughtful_100;Loyal_200;Agile_100;Brave_500
22043,ZhenShouQiongQi4,PetHeader4_13,Cùng Kỳ Biến Dị,2204,75,Rare,Strength,Meat,694_500000;722_900000;657_450000;734_300000;652_250000,1774,633,1267,887,1140,1255;1380;1443;1631;1882,Coward_100;Thoughtful_100;Loyal_200;Agile_100;Brave_500
22044,ZhenShouQiongQi5,PetHeader4_13,Cùng Kỳ Biến Dị,2204,75,Rare,Strength,Meat,694_500000;722_900000;657_450000;734_300000;652_250000,1851,661,1322,925,1190,1255;1380;1443;1631;1882,Coward_100;Thoughtful_100;Loyal_200;Agile_100;Brave_500
22045,ZhenShouQiongQi6,PetHeader4_13,Cùng Kỳ Biến Dị,2204,75,Rare,Strength,Meat,694_500000;722_900000;657_450000;734_300000;652_250000,1928,688,1377,964,1239,1255;1380;1443;1631;1882,Coward_100;Thoughtful_100;Loyal_200;Agile_100;Brave_500
22046,ZhenShouQiongQi7,PetHeader4_13,Cùng Kỳ Biến Dị,2204,75,Rare,Strength,Meat,694_500000;722_900000;657_450000;734_300000;652_250000,2005,716,1432,1002,1289,1255;1380;1443;1631;1882,Coward_100;Thoughtful_100;Loyal_200;Agile_100;Brave_500
22049,ZhenShouQiongQi,PetHeader4_13,Cùng Kỳ Bảo Bảo,2204,75,Child,Strength,Meat,694_500000;722_900000;657_450000;734_300000;652_250000,1542,551,1102,771,991,1255;1380;1443;1631;1882,Coward_100;Thoughtful_100;Loyal_200;Agile_100;Brave_500
22050,ZhenShouQiongQi,PetHeader4_13,Cùng Kỳ Trưởng Thành,2205,85,Wild,Strength,Meat,694_550000;722_900000;657_500000;734_350000;652_300000,1598,571,1142,799,1027,1357;1492;1560;1764;2035,Coward_100;Thoughtful_100;Loyal_200;Agile_100;Brave_500
22051,ZhenShouQiongQi2,PetHeader4_13,Cùng Kỳ Biến Dị,2205,85,Rare,Strength,Meat,694_550000;722_900000;657_500000;734_350000;652_300000,1667,595,1190,833,1071,1357;1492;1560;1764;2035,Coward_100;Thoughtful_100;Loyal_200;Agile_100;Brave_500
22052,ZhenShouQiongQi3,PetHeader4_13,Cùng Kỳ Biến Dị,2205,85,Rare,Strength,Meat,694_550000;722_900000;657_500000;734_350000;652_300000,1735,619,1239,867,1115,1357;1492;1560;1764;2035,Coward_100;Thoughtful_100;Loyal_200;Agile_100;Brave_500
22053,ZhenShouQiongQi4,PetHeader4_13,Cùng Kỳ Biến Dị,2205,85,Rare,Strength,Meat,694_550000;722_900000;657_500000;734_350000;652_300000,1804,644,1288,902,1159,1357;1492;1560;1764;2035,Coward_100;Thoughtful_100;Loyal_200;Agile_100;Brave_500
22054,ZhenShouQiongQi5,PetHeader4_13,Cùng Kỳ Biến Dị,2205,85,Rare,Strength,Meat,694_550000;722_900000;657_500000;734_350000;652_300000,1872,668,1337,936,1203,1357;1492;1560;1764;2035,Coward_100;Thoughtful_100;Loyal_200;Agile_100;Brave_500
22055,ZhenShouQiongQi6,PetHeader4_13,Cùng Kỳ Biến Dị,2205,85,Rare,Strength,Meat,694_550000;722_900000;657_500000;734_350000;652_300000,1941,693,1386,970,1248,1357;1492;1560;1764;2035,Coward_100;Thoughtful_100;Loyal_200;Agile_100;Brave_500
22056,ZhenShouQiongQi7,PetHeader4_13,Cùng Kỳ Biến Dị,2205,85,Rare,Strength,Meat,694_550000;722_900000;657_500000;734_350000;652_300000,2009,717,1435,1004,1292,1357;1492;1560;1764;2035,Coward_100;Thoughtful_100;Loyal_200;Agile_100;Brave_500
22057,ZhenShouQiongQi8,PetHeader4_13,Cùng Kỳ Biến Dị,2205,85,Rare,Strength,Meat,694_550000;722_900000;657_500000;734_350000;652_300000,2078,742,1484,1039,1336,1357;1492;1560;1764;2035,Coward_100;Thoughtful_100;Loyal_200;Agile_100;Brave_500
22059,ZhenShouQiongQi,PetHeader4_13,Cùng Kỳ Bảo Bảo,2205,85,Child,Strength,Meat,694_550000;722_900000;657_500000;734_350000;652_300000,1598,571,1142,799,1027,1357;1492;1560;1764;2035,Coward_100;Thoughtful_100;Loyal_200;Agile_100;Brave_500
22060,ZhenShouQiongQi,PetHeader4_13,Cùng Kỳ Trưởng Thành,2206,95,Wild,Strength,Meat,694_600000;722_900000;657_550000;734_400000;652_350000,1656,591,1183,828,1064,1459;1604;1677;1896;2388,Coward_100;Thoughtful_100;Loyal_200;Agile_100;Brave_500
22061,ZhenShouQiongQi2,PetHeader4_13,Cùng Kỳ Biến Dị,2206,95,Rare,Strength,Meat,694_600000;722_900000;657_550000;734_400000;652_350000,1718,613,1227,859,1104,1459;1604;1677;1896;2388,Coward_100;Thoughtful_100;Loyal_200;Agile_100;Brave_500
22062,ZhenShouQiongQi3,PetHeader4_13,Cùng Kỳ Biến Dị,2206,95,Rare,Strength,Meat,694_600000;722_900000;657_550000;734_400000;652_350000,1780,635,1271,890,1144,1459;1604;1677;1896;2388,Coward_100;Thoughtful_100;Loyal_200;Agile_100;Brave_500
22063,ZhenShouQiongQi4,PetHeader4_13,Cùng Kỳ Biến Dị,2206,95,Rare,Strength,Meat,694_600000;722_900000;657_550000;734_400000;652_350000,1842,658,1316,921,1184,1459;1604;1677;1896;2388,Coward_100;Thoughtful_100;Loyal_200;Agile_100;Brave_500
22064,ZhenShouQiongQi5,PetHeader4_13,Cùng Kỳ Biến Dị,2206,95,Rare,Strength,Meat,694_600000;722_900000;657_550000;734_400000;652_350000,1904,680,1360,952,1224,1459;1604;1677;1896;2388,Coward_100;Thoughtful_100;Loyal_200;Agile_100;Brave_500
22065,ZhenShouQiongQi6,PetHeader4_13,Cùng Kỳ Biến Dị,2206,95,Rare,Strength,Meat,694_600000;722_900000;657_550000;734_400000;652_350000,1966,702,1404,983,1264,1459;1604;1677;1896;2388,Coward_100;Thoughtful_100;Loyal_200;Agile_100;Brave_500
22066,ZhenShouQiongQi7,PetHeader4_13,Cùng Kỳ Biến Dị,2206,95,Rare,Strength,Meat,694_600000;722_900000;657_550000;734_400000;652_350000,2028,724,1449,1014,1304,1459;1604;1677;1896;2388,Coward_100;Thoughtful_100;Loyal_200;Agile_100;Brave_500
22067,ZhenShouQiongQi8,PetHeader4_13,Cùng Kỳ Biến Dị,2206,95,Rare,Strength,Meat,694_600000;722_900000;657_550000;734_400000;652_350000,2090,746,1493,1045,1344,1459;1604;1677;1896;2388,Coward_100;Thoughtful_100;Loyal_200;Agile_100;Brave_500
22068,ZhenShouQiongQi8a,PetHeader4_13,Cùng Kỳ Biến Dị,2206,95,Rare,Strength,Meat,694_600000;722_900000;657_550000;734_400000;652_350000,2153,768,1537,1076,1384,1459;1604;1677;1896;2388,Coward_100;Thoughtful_100;Loyal_200;Agile_100;Brave_500
22069,ZhenShouQiongQi,PetHeader4_13,Cùng Kỳ Bảo Bảo,2206,95,Child,Strength,Meat,694_600000;722_900000;657_550000;734_400000;652_350000,1656,591,1183,828,1064,1459;1604;1677;1896;2388,Coward_100;Thoughtful_100;Loyal_200;Agile_100;Brave_500
22070,ZhenShouBaiHu,PetHeader4_14,Tiểu Hồ Tiên Trưởng Thành,2207,5,Wild,Magic,Meat,692_300000;728_900000;657_250000;730_100000;653_50000,469,1322,703,938,750,846;930;972;1099;1269,Coward_500;Thoughtful_100;Loyal_200;Agile_100;Brave_100
22071,ZhenShouBaiHu1,PetHeader4_14,Tiểu Hồ Tiên Biến Dị,2207,5,Rare,Magic,Meat,692_300000;728_900000;657_250000;730_100000;653_50000,539,1520,809,1078,862,846;930;972;1099;1269,Coward_500;Thoughtful_100;Loyal_200;Agile_100;Brave_100
22072,ZhenShouBaiHu2,PetHeader4_14,Tiểu Hồ Tiên Biến Dị,2207,5,Rare,Magic,Meat,692_300000;728_900000;657_250000;730_100000;653_50000,609,1719,914,1219,975,846;930;972;1099;1269,Coward_500;Thoughtful_100;Loyal_200;Agile_100;Brave_100
22079,ZhenShouBaiHu,PetHeader4_14,Tiểu Hồ Tiên Bảo Bảo,2207,5,Child,Magic,Meat,692_300000;728_900000;657_250000;730_100000;653_50000,469,1322,703,938,750,846;930;972;1099;1269,Coward_500;Thoughtful_100;Loyal_200;Agile_100;Brave_100
22080,ZhenShouBaiHu,PetHeader4_14,Tiểu Hồ Tiên Trưởng Thành,2208,45,Wild,Magic,Meat,692_350000;728_900000;657_300000;730_150000;653_100000,489,1380,734,979,783,948;1042;1090;1232;1422,Coward_500;Thoughtful_100;Loyal_200;Agile_100;Brave_100
22081,ZhenShouBaiHu1,PetHeader4_14,Tiểu Hồ Tiên Biến Dị,2208,45,Rare,Magic,Meat,692_350000;728_900000;657_300000;730_150000;653_100000,538,1518,807,1076,861,948;1042;1090;1232;1422,Coward_500;Thoughtful_100;Loyal_200;Agile_100;Brave_100
22082,ZhenShouBaiHu2,PetHeader4_14,Tiểu Hồ Tiên Biến Dị,2208,45,Rare,Magic,Meat,692_350000;728_900000;657_300000;730_150000;653_100000,587,1656,881,1174,939,948;1042;1090;1232;1422,Coward_500;Thoughtful_100;Loyal_200;Agile_100;Brave_100
22083,ZhenShouBaiHu3,PetHeader4_14,Tiểu Hồ Tiên Biến Dị,2208,45,Rare,Magic,Meat,692_350000;728_900000;657_300000;730_150000;653_100000,636,1794,954,1272,1018,948;1042;1090;1232;1422,Coward_500;Thoughtful_100;Loyal_200;Agile_100;Brave_100
22089,ZhenShouBaiHu,PetHeader4_14,Tiểu Hồ Tiên Bảo Bảo,2208,45,Child,Magic,Meat,692_350000;728_900000;657_300000;730_150000;653_100000,489,1380,734,979,783,948;1042;1090;1232;1422,Coward_500;Thoughtful_100;Loyal_200;Agile_100;Brave_100
22090,ZhenShouBaiHu,PetHeader4_14,Tiểu Hồ Tiên Trưởng Thành,2209,55,Wild,Magic,Meat,692_400000;728_900000;657_350000;730_200000;653_150000,510,1438,765,1020,816,1051;1156;1208;1366;1576,Coward_500;Thoughtful_100;Loyal_200;Agile_100;Brave_100
22091,ZhenShouBaiHu1,PetHeader4_14,Tiểu Hồ Tiên Biến Dị,2209,55,Rare,Magic,Meat,692_400000;728_900000;657_350000;730_200000;653_150000,548,1546,822,1096,877,1051;1156;1208;1366;1576,Coward_500;Thoughtful_100;Loyal_200;Agile_100;Brave_100
22092,ZhenShouBaiHu2,PetHeader4_14,Tiểu Hồ Tiên Biến Dị,2209,55,Rare,Magic,Meat,692_400000;728_900000;657_350000;730_200000;653_150000,586,1653,879,1173,938,1051;1156;1208;1366;1576,Coward_500;Thoughtful_100;Loyal_200;Agile_100;Brave_100
22093,ZhenShouBaiHu3,PetHeader4_14,Tiểu Hồ Tiên Biến Dị,2209,55,Rare,Magic,Meat,692_400000;728_900000;657_350000;730_200000;653_150000,624,1761,937,1249,999,1051;1156;1208;1366;1576,Coward_500;Thoughtful_100;Loyal_200;Agile_100;Brave_100
22094,ZhenShouBaiHu4,PetHeader4_14,Tiểu Hồ Tiên Biến Dị,2209,55,Rare,Magic,Meat,692_400000;728_900000;657_350000;730_200000;653_150000,663,1869,994,1326,1060,1051;1156;1208;1366;1576,Coward_500;Thoughtful_100;Loyal_200;Agile_100;Brave_100
22099,ZhenShouBaiHu,PetHeader4_14,Tiểu Hồ Tiên Bảo Bảo,2209,55,Child,Magic,Meat,692_400000;728_900000;657_350000;730_200000;653_150000,510,1438,765,1020,816,1051;1156;1208;1366;1576,Coward_500;Thoughtful_100;Loyal_200;Agile_100;Brave_100
22100,ZhenShouBaiHu,PetHeader4_14,Tiểu Hồ Tiên Trưởng Thành,2210,65,Wild,Magic,Meat,692_450000;728_900000;657_400000;730_250000;653_200000,530,1496,795,1061,848,1153;1268;1325;1498;1729,Coward_500;Thoughtful_100;Loyal_200;Agile_100;Brave_100
22101,ZhenShouBaiHu1,PetHeader4_14,Tiểu Hồ Tiên Biến Dị,2210,65,Rare,Magic,Meat,692_450000;728_900000;657_400000;730_250000;653_200000,562,1585,843,1124,899,1153;1268;1325;1498;1729,Coward_500;Thoughtful_100;Loyal_200;Agile_100;Brave_100
22102,ZhenShouBaiHu2,PetHeader4_14,Tiểu Hồ Tiên Biến Dị,2210,65,Rare,Magic,Meat,692_450000;728_900000;657_400000;730_250000;653_200000,594,1675,891,1188,950,1153;1268;1325;1498;1729,Coward_500;Thoughtful_100;Loyal_200;Agile_100;Brave_100
22103,ZhenShouBaiHu3,PetHeader4_14,Tiểu Hồ Tiên Biến Dị,2210,65,Rare,Magic,Meat,692_450000;728_900000;657_400000;730_250000;653_200000,625,1765,938,1251,1001,1153;1268;1325;1498;1729,Coward_500;Thoughtful_100;Loyal_200;Agile_100;Brave_100
22104,ZhenShouBaiHu4,PetHeader4_14,Tiểu Hồ Tiên Biến Dị,2210,65,Rare,Magic,Meat,692_450000;728_900000;657_400000;730_250000;653_200000,657,1855,986,1315,1052,1153;1268;1325;1498;1729,Coward_500;Thoughtful_100;Loyal_200;Agile_100;Brave_100
22105,ZhenShouBaiHu5,PetHeader4_14,Tiểu Hồ Tiên Biến Dị,2210,65,Rare,Magic,Meat,692_450000;728_900000;657_400000;730_250000;653_200000,689,1944,1034,1379,1103,1153;1268;1325;1498;1729,Coward_500;Thoughtful_100;Loyal_200;Agile_100;Brave_100
22109,ZhenShouBaiHu,PetHeader4_14,Tiểu Hồ Tiên Bảo Bảo,2210,65,Child,Magic,Meat,692_450000;728_900000;657_400000;730_250000;653_200000,530,1496,795,1061,848,1153;1268;1325;1498;1729,Coward_500;Thoughtful_100;Loyal_200;Agile_100;Brave_100
22110,ZhenShouBaiHu,PetHeader4_14,Tiểu Hồ Tiên Trưởng Thành,2211,75,Wild,Magic,Meat,692_500000;728_900000;657_450000;730_300000;653_250000,551,1553,826,1102,881,1255;1380;1443;1631;1882,Coward_500;Thoughtful_100;Loyal_200;Agile_100;Brave_100
22111,ZhenShouBaiHu1,PetHeader4_14,Tiểu Hồ Tiên Biến Dị,2211,75,Rare,Magic,Meat,692_500000;728_900000;657_450000;730_300000;653_250000,578,1631,867,1157,925,1255;1380;1443;1631;1882,Coward_500;Thoughtful_100;Loyal_200;Agile_100;Brave_100
22112,ZhenShouBaiHu2,PetHeader4_14,Tiểu Hồ Tiên Biến Dị,2211,75,Rare,Magic,Meat,692_500000;728_900000;657_450000;730_300000;653_250000,606,1709,909,1212,969,1255;1380;1443;1631;1882,Coward_500;Thoughtful_100;Loyal_200;Agile_100;Brave_100
22113,ZhenShouBaiHu3,PetHeader4_14,Tiểu Hồ Tiên Biến Dị,2211,75,Rare,Magic,Meat,692_500000;728_900000;657_450000;730_300000;653_250000,633,1786,950,1267,1013,1255;1380;1443;1631;1882,Coward_500;Thoughtful_100;Loyal_200;Agile_100;Brave_100
22114,ZhenShouBaiHu4,PetHeader4_14,Tiểu Hồ Tiên Biến Dị,2211,75,Rare,Magic,Meat,692_500000;728_900000;657_450000;730_300000;653_250000,661,1864,991,1322,1057,1255;1380;1443;1631;1882,Coward_500;Thoughtful_100;Loyal_200;Agile_100;Brave_100
22115,ZhenShouBaiHu5,PetHeader4_14,Tiểu Hồ Tiên Biến Dị,2211,75,Rare,Magic,Meat,692_500000;728_900000;657_450000;730_300000;653_250000,688,1942,1033,1377,1102,1255;1380;1443;1631;1882,Coward_500;Thoughtful_100;Loyal_200;Agile_100;Brave_100
22116,ZhenShouBaiHu6,PetHeader4_14,Tiểu Hồ Tiên Biến Dị,2211,75,Rare,Magic,Meat,692_500000;728_900000;657_450000;730_300000;653_250000,716,2019,1074,1432,1146,1255;1380;1443;1631;1882,Coward_500;Thoughtful_100;Loyal_200;Agile_100;Brave_100
22119,ZhenShouBaiHu,PetHeader4_14,Tiểu Hồ Tiên Bảo Bảo,2211,75,Child,Magic,Meat,692_500000;728_900000;657_450000;730_300000;653_250000,551,1553,826,1102,881,1255;1380;1443;1631;1882,Coward_500;Thoughtful_100;Loyal_200;Agile_100;Brave_100
22120,ZhenShouBaiHu,PetHeader4_14,Tiểu Hồ Tiên Trưởng Thành,2212,85,Wild,Magic,Meat,692_550000;728_900000;657_500000;730_350000;653_300000,571,1610,856,1142,913,1357;1492;1560;1764;2035,Coward_500;Thoughtful_100;Loyal_200;Agile_100;Brave_100
22121,ZhenShouBaiHu1,PetHeader4_14,Tiểu Hồ Tiên Biến Dị,2212,85,Rare,Magic,Meat,692_550000;728_900000;657_500000;730_350000;653_300000,595,1679,893,1190,952,1357;1492;1560;1764;2035,Coward_500;Thoughtful_100;Loyal_200;Agile_100;Brave_100
22122,ZhenShouBaiHu2,PetHeader4_14,Tiểu Hồ Tiên Biến Dị,2212,85,Rare,Magic,Meat,692_550000;728_900000;657_500000;730_350000;653_300000,619,1748,929,1239,991,1357;1492;1560;1764;2035,Coward_500;Thoughtful_100;Loyal_200;Agile_100;Brave_100
22123,ZhenShouBaiHu3,PetHeader4_14,Tiểu Hồ Tiên Biến Dị,2212,85,Rare,Magic,Meat,692_550000;728_900000;657_500000;730_350000;653_300000,644,1817,966,1288,1031,1357;1492;1560;1764;2035,Coward_500;Thoughtful_100;Loyal_200;Agile_100;Brave_100
22124,ZhenShouBaiHu4,PetHeader4_14,Tiểu Hồ Tiên Biến Dị,2212,85,Rare,Magic,Meat,692_550000;728_900000;657_500000;730_350000;653_300000,668,1886,1003,1337,1070,1357;1492;1560;1764;2035,Coward_500;Thoughtful_100;Loyal_200;Agile_100;Brave_100
22125,ZhenShouBaiHu5,PetHeader4_14,Tiểu Hồ Tiên Biến Dị,2212,85,Rare,Magic,Meat,692_550000;728_900000;657_500000;730_350000;653_300000,693,1955,1040,1386,1109,1357;1492;1560;1764;2035,Coward_500;Thoughtful_100;Loyal_200;Agile_100;Brave_100
22126,ZhenShouBaiHu6,PetHeader4_14,Tiểu Hồ Tiên Biến Dị,2212,85,Rare,Magic,Meat,692_550000;728_900000;657_500000;730_350000;653_300000,717,2024,1076,1435,1148,1357;1492;1560;1764;2035,Coward_500;Thoughtful_100;Loyal_200;Agile_100;Brave_100
22127,ZhenShouBaiHu7,PetHeader4_14,Tiểu Hồ Tiên Biến Dị,2212,85,Rare,Magic,Meat,692_550000;728_900000;657_500000;730_350000;653_300000,742,2093,1113,1484,1187,1357;1492;1560;1764;2035,Coward_500;Thoughtful_100;Loyal_200;Agile_100;Brave_100
22129,ZhenShouBaiHu,PetHeader4_14,Tiểu Hồ Tiên Bảo Bảo,2212,85,Child,Magic,Meat,692_550000;728_900000;657_500000;730_350000;653_300000,571,1610,856,1142,913,1357;1492;1560;1764;2035,Coward_500;Thoughtful_100;Loyal_200;Agile_100;Brave_100
22130,ZhenShouBaiHu,PetHeader4_14,Tiểu Hồ Tiên Trưởng Thành,2213,95,Wild,Magic,Meat,692_600000;728_900000;657_550000;730_400000;653_350000,591,1668,887,1183,946,1459;1604;1677;1896;2388,Coward_500;Thoughtful_100;Loyal_200;Agile_100;Brave_100
22131,ZhenShouBaiHu1,PetHeader4_14,Tiểu Hồ Tiên Biến Dị,2213,95,Rare,Magic,Meat,692_600000;728_900000;657_550000;730_400000;653_350000,613,1730,920,1227,981,1459;1604;1677;1896;2388,Coward_500;Thoughtful_100;Loyal_200;Agile_100;Brave_100
22132,ZhenShouBaiHu2,PetHeader4_14,Tiểu Hồ Tiên Biến Dị,2213,95,Rare,Magic,Meat,692_600000;728_900000;657_550000;730_400000;653_350000,635,1793,953,1271,1017,1459;1604;1677;1896;2388,Coward_500;Thoughtful_100;Loyal_200;Agile_100;Brave_100
22133,ZhenShouBaiHu3,PetHeader4_14,Tiểu Hồ Tiên Biến Dị,2213,95,Rare,Magic,Meat,692_600000;728_900000;657_550000;730_400000;653_350000,658,1855,987,1316,1052,1459;1604;1677;1896;2388,Coward_500;Thoughtful_100;Loyal_200;Agile_100;Brave_100
22134,ZhenShouBaiHu4,PetHeader4_14,Tiểu Hồ Tiên Biến Dị,2213,95,Rare,Magic,Meat,692_600000;728_900000;657_550000;730_400000;653_350000,680,1918,1020,1360,1088,1459;1604;1677;1896;2388,Coward_500;Thoughtful_100;Loyal_200;Agile_100;Brave_100
22135,ZhenShouBaiHu5,PetHeader4_14,Tiểu Hồ Tiên Biến Dị,2213,95,Rare,Magic,Meat,692_600000;728_900000;657_550000;730_400000;653_350000,702,1980,1053,1404,1123,1459;1604;1677;1896;2388,Coward_500;Thoughtful_100;Loyal_200;Agile_100;Brave_100
22136,ZhenShouBaiHu6,PetHeader4_14,Tiểu Hồ Tiên Biến Dị,2213,95,Rare,Magic,Meat,692_600000;728_900000;657_550000;730_400000;653_350000,724,2043,1086,1449,1159,1459;1604;1677;1896;2388,Coward_500;Thoughtful_100;Loyal_200;Agile_100;Brave_100
22137,ZhenShouBaiHu7,PetHeader4_14,Tiểu Hồ Tiên Biến Dị,2213,95,Rare,Magic,Meat,692_600000;728_900000;657_550000;730_400000;653_350000,746,2105,1120,1493,1194,1459;1604;1677;1896;2388,Coward_500;Thoughtful_100;Loyal_200;Agile_100;Brave_100
22138,ZhenShouBaiHu7a,PetHeader4_14,Tiểu Hồ Tiên Biến Dị,2213,95,Rare,Magic,Meat,692_600000;728_900000;657_550000;730_400000;653_350000,768,2168,1153,1537,1230,1459;1604;1677;1896;2388,Coward_500;Thoughtful_100;Loyal_200;Agile_100;Brave_100
22139,ZhenShouBaiHu,PetHeader4_14,Tiểu Hồ Tiên Bảo Bảo,2213,95,Child,Magic,Meat,692_600000;728_900000;657_550000;730_400000;653_350000,591,1668,887,1183,946,1459;1604;1677;1896;2388,Coward_500;Thoughtful_100;Loyal_200;Agile_100;Brave_100
22140,ZhenShouShangGuShenYuan1,PetHeader4_15,Cương Phủ Thần Viên,2214,5,Rare,Strength,Meat,676_300000;722_900000;662_600000;668_400000;655_400000,1510,539,1078,755,970,846;930;972;1099;1269,Coward_100;Thoughtful_200;Loyal_100;Agile_100;Brave_500
22150,ZhenShouShangGuShenYuan2,PetHeader4_15,Tùng Lâm Thần Viên,2215,45,Rare,Strength,Meat,676_300000;722_900000;662_600000;668_400000;655_400000,1644,587,1174,822,1057,948;1042;1090;1232;1422,Coward_100;Thoughtful_200;Loyal_100;Agile_100;Brave_500
22160,ZhenShouShangGuShenYuan3,PetHeader4_15,Địa Ngục Thần Viên,2216,55,Rare,Strength,Meat,677_300000;722_900000;662_600000;668_400000;655_400000,1749,624,1249,874,1124,1051;1156;1208;1366;1576,Coward_100;Thoughtful_200;Loyal_100;Agile_100;Brave_500
22170,ZhenShouShangGuShenYuan4,PetHeader4_15,Mị Linh Thần Viên,2217,65,Rare,Strength,Meat,677_300000;722_900000;662_600000;668_400000;655_400000,1841,657,1315,920,1184,1153;1268;1325;1498;1729,Coward_100;Thoughtful_200;Loyal_100;Agile_100;Brave_500
22180,ZhenShouShangGuShenYuan5,PetHeader4_15,La Hán Thần Viên,2218,75,Rare,Strength,Meat,747_300000;722_900000;662_600000;668_400000;655_400000,1928,688,1377,964,1239,1255;1380;1443;1631;1882,Coward_100;Thoughtful_200;Loyal_100;Agile_100;Brave_500
22190,ZhenShouShangGuShenYuan6,PetHeader4_15,Thượng Cổ Thần Viên,2219,85,Rare,Strength,Meat,747_300000;722_900000;662_600000;668_400000;655_400000,2009,717,1435,1004,1292,1357;1492;1560;1764;2035,Coward_100;Thoughtful_200;Loyal_100;Agile_100;Brave_500
22200,HuangLong,PetHeader2_1,Cầu Long Trưởng Thành,2220,75,Wild,Magic,Meat,700_300000;703_900000;660_250000;714_200000;664_150000,799,1484,913,1256,913,1357;1492;1560;1764;2035,Coward_500;Thoughtful_200;Loyal_100;Agile_150;Brave_50
22201,BaiLong,PetHeader2_1,Cầu Long Biến Dị,2220,75,Rare,Magic,Meat,700_300000;703_900000;660_250000;714_200000;664_150000,833,1548,952,1310,952,1357;1492;1560;1764;2035,Coward_500;Thoughtful_200;Loyal_100;Agile_150;Brave_50
22202,JinEJinJiaoBaiLong,PetHeader2_1,Cầu Long Biến Dị,2220,75,Rare,Magic,Meat,700_300000;703_900000;660_250000;714_200000;664_150000,867,1611,991,1363,991,1357;1492;1560;1764;2035,Coward_500;Thoughtful_200;Loyal_100;Agile_150;Brave_50
22203,QingLong,PetHeader2_1,Cầu Long Biến Dị,2220,75,Rare,Magic,Meat,700_300000;703_900000;660_250000;714_200000;664_150000,902,1675,1031,1417,1031,1357;1492;1560;1764;2035,Coward_500;Thoughtful_200;Loyal_100;Agile_150;Brave_50
22204,ChiLong,PetHeader2_1,Cầu Long Biến Dị,2220,75,Rare,Magic,Meat,700_300000;703_900000;660_250000;714_200000;664_150000,936,1739,1070,1471,1070,1357;1492;1560;1764;2035,Coward_500;Thoughtful_200;Loyal_100;Agile_150;Brave_50
22205,HeiLong,PetHeader2_1,Cầu Long Biến Dị,2220,75,Rare,Magic,Meat,700_300000;703_900000;660_250000;714_200000;664_150000,970,1802,1109,1525,1109,1357;1492;1560;1764;2035,Coward_500;Thoughtful_200;Loyal_100;Agile_150;Brave_50
22206,JinEJinJiaoHuoZhuaBaiLong,PetHeader2_1,Cầu Long Biến Dị,2220,75,Rare,Magic,Meat,700_300000;703_900000;660_250000;714_200000;664_150000,1004,1866,1148,1579,1148,1357;1492;1560;1764;2035,Coward_500;Thoughtful_200;Loyal_100;Agile_150;Brave_50
22209,HuangLong,PetHeader2_1,Cầu Long Bảo Bảo,2220,75,Child,Magic,Meat,700_300000;703_900000;660_250000;714_200000;664_150000,799,1484,913,1256,913,1357;1492;1560;1764;2035,Coward_500;Thoughtful_200;Loyal_100;Agile_150;Brave_50
22210,ZhenShouBiYiNiao,PetHeader4_21,Bỉ Dực Điểu Trưởng Thành,2221,5,Wild,Magic,Rice,692_300000;728_900000;670_250000;660_100000;655_50000,656,1219,750,1031,750,846;930;972;1099;1269,Coward_500;Thoughtful_100;Loyal_200;Agile_100;Brave_100
22211,ZhenShouBiYiNiao1,PetHeader4_21,Bỉ Dực Điểu Biến Dị,2221,5,Rare,Magic,Rice,692_300000;728_900000;670_250000;660_100000;655_50000,755,1402,862,1186,862,846;930;972;1099;1269,Coward_500;Thoughtful_100;Loyal_200;Agile_100;Brave_100
22212,ZhenShouBiYiNiao2,PetHeader4_21,Bỉ Dực Điểu Biến Dị,2221,5,Rare,Magic,Rice,692_300000;728_900000;670_250000;660_100000;655_50000,853,1585,975,1341,975,846;930;972;1099;1269,Coward_500;Thoughtful_100;Loyal_200;Agile_100;Brave_100
22219,ZhenShouBiYiNiao,PetHeader4_21,Bỉ Dực Điểu Bảo Bảo,2221,5,Child,Magic,Rice,692_300000;728_900000;670_250000;660_100000;655_50000,656,1219,750,1031,750,846;930;972;1099;1269,Coward_500;Thoughtful_100;Loyal_200;Agile_100;Brave_100
22220,ZhenShouBiYiNiao,PetHeader4_21,Bỉ Dực Điểu Trưởng Thành,2222,45,Wild,Magic,Rice,692_350000;728_900000;670_300000;660_150000;655_100000,685,1272,783,1076,783,948;1042;1090;1232;1422,Coward_500;Thoughtful_100;Loyal_200;Agile_100;Brave_100
22221,ZhenShouBiYiNiao1,PetHeader4_21,Bỉ Dực Điểu Biến Dị,2222,45,Rare,Magic,Rice,692_350000;728_900000;670_300000;660_150000;655_100000,753,1399,861,1184,861,948;1042;1090;1232;1422,Coward_500;Thoughtful_100;Loyal_200;Agile_100;Brave_100
22222,ZhenShouBiYiNiao2,PetHeader4_21,Bỉ Dực Điểu Biến Dị,2222,45,Rare,Magic,Rice,692_350000;728_900000;670_300000;660_150000;655_100000,822,1527,939,1292,939,948;1042;1090;1232;1422,Coward_500;Thoughtful_100;Loyal_200;Agile_100;Brave_100
22223,ZhenShouBiYiNiao3,PetHeader4_21,Bỉ Dực Điểu Biến Dị,2222,45,Rare,Magic,Rice,692_350000;728_900000;670_300000;660_150000;655_100000,890,1654,1018,1399,1018,948;1042;1090;1232;1422,Coward_500;Thoughtful_100;Loyal_200;Agile_100;Brave_100
22229,ZhenShouBiYiNiao,PetHeader4_21,Bỉ Dực Điểu Bảo Bảo,2222,45,Child,Magic,Rice,692_350000;728_900000;670_300000;660_150000;655_100000,685,1272,783,1076,783,948;1042;1090;1232;1422,Coward_500;Thoughtful_100;Loyal_200;Agile_100;Brave_100
22230,ZhenShouBiYiNiao,PetHeader4_21,Bỉ Dực Điểu Trưởng Thành,2223,55,Wild,Magic,Rice,692_400000;728_900000;670_350000;660_200000;655_150000,714,1326,816,1122,816,1051;1156;1208;1366;1576,Coward_500;Thoughtful_100;Loyal_200;Agile_100;Brave_100
22231,ZhenShouBiYiNiao1,PetHeader4_21,Bỉ Dực Điểu Biến Dị,2223,55,Rare,Magic,Rice,692_400000;728_900000;670_350000;660_200000;655_150000,767,1425,877,1206,877,1051;1156;1208;1366;1576,Coward_500;Thoughtful_100;Loyal_200;Agile_100;Brave_100
22232,ZhenShouBiYiNiao2,PetHeader4_21,Bỉ Dực Điểu Biến Dị,2223,55,Rare,Magic,Rice,692_400000;728_900000;670_350000;660_200000;655_150000,821,1524,938,1290,938,1051;1156;1208;1366;1576,Coward_500;Thoughtful_100;Loyal_200;Agile_100;Brave_100
22233,ZhenShouBiYiNiao3,PetHeader4_21,Bỉ Dực Điểu Biến Dị,2223,55,Rare,Magic,Rice,692_400000;728_900000;670_350000;660_200000;655_150000,874,1624,999,1374,999,1051;1156;1208;1366;1576,Coward_500;Thoughtful_100;Loyal_200;Agile_100;Brave_100
22234,ZhenShouBiYiNiao4,PetHeader4_21,Bỉ Dực Điểu Biến Dị,2223,55,Rare,Magic,Rice,692_400000;728_900000;670_350000;660_200000;655_150000,928,1723,1060,1458,1060,1051;1156;1208;1366;1576,Coward_500;Thoughtful_100;Loyal_200;Agile_100;Brave_100
22239,ZhenShouBiYiNiao,PetHeader4_21,Bỉ Dực Điểu Bảo Bảo,2223,55,Child,Magic,Rice,692_400000;728_900000;670_350000;660_200000;655_150000,714,1326,816,1122,816,1051;1156;1208;1366;1576,Coward_500;Thoughtful_100;Loyal_200;Agile_100;Brave_100
22240,ZhenShouBiYiNiao,PetHeader4_21,Bỉ Dực Điểu Trưởng Thành,2224,65,Wild,Magic,Rice,692_450000;728_900000;670_400000;660_250000;655_200000,742,1379,848,1167,848,1153;1268;1325;1498;1729,Coward_500;Thoughtful_100;Loyal_200;Agile_100;Brave_100
22241,ZhenShouBiYiNiao1,PetHeader4_21,Bỉ Dực Điểu Biến Dị,2224,65,Rare,Magic,Rice,692_450000;728_900000;670_400000;660_250000;655_200000,787,1462,899,1237,899,1153;1268;1325;1498;1729,Coward_500;Thoughtful_100;Loyal_200;Agile_100;Brave_100
22242,ZhenShouBiYiNiao2,PetHeader4_21,Bỉ Dực Điểu Biến Dị,2224,65,Rare,Magic,Rice,692_450000;728_900000;670_400000;660_250000;655_200000,831,1544,950,1307,950,1153;1268;1325;1498;1729,Coward_500;Thoughtful_100;Loyal_200;Agile_100;Brave_100
22243,ZhenShouBiYiNiao3,PetHeader4_21,Bỉ Dực Điểu Biến Dị,2224,65,Rare,Magic,Rice,692_450000;728_900000;670_400000;660_250000;655_200000,876,1627,1001,1377,1001,1153;1268;1325;1498;1729,Coward_500;Thoughtful_100;Loyal_200;Agile_100;Brave_100
22244,ZhenShouBiYiNiao4,PetHeader4_21,Bỉ Dực Điểu Biến Dị,2224,65,Rare,Magic,Rice,692_450000;728_900000;670_400000;660_250000;655_200000,920,1710,1052,1447,1052,1153;1268;1325;1498;1729,Coward_500;Thoughtful_100;Loyal_200;Agile_100;Brave_100
22245,ZhenShouBiYiNiao5,PetHeader4_21,Bỉ Dực Điểu Biến Dị,2224,65,Rare,Magic,Rice,692_450000;728_900000;670_400000;660_250000;655_200000,965,1793,1103,1517,1103,1153;1268;1325;1498;1729,Coward_500;Thoughtful_100;Loyal_200;Agile_100;Brave_100
22249,ZhenShouBiYiNiao,PetHeader4_21,Bỉ Dực Điểu Bảo Bảo,2224,65,Child,Magic,Rice,692_450000;728_900000;670_400000;660_250000;655_200000,742,1379,848,1167,848,1153;1268;1325;1498;1729,Coward_500;Thoughtful_100;Loyal_200;Agile_100;Brave_100
22250,ZhenShouBiYiNiao,PetHeader4_21,Bỉ Dực Điểu Trưởng Thành,2225,75,Wild,Magic,Rice,692_500000;728_900000;670_450000;660_300000;655_250000,771,1432,881,1212,881,1255;1380;1443;1631;1882,Coward_500;Thoughtful_100;Loyal_200;Agile_100;Brave_100
22251,ZhenShouBiYiNiao1,PetHeader4_21,Bỉ Dực Điểu Biến Dị,2225,75,Rare,Magic,Rice,692_500000;728_900000;670_450000;660_300000;655_250000,809,1504,925,1272,925,1255;1380;1443;1631;1882,Coward_500;Thoughtful_100;Loyal_200;Agile_100;Brave_100
22252,ZhenShouBiYiNiao2,PetHeader4_21,Bỉ Dực Điểu Biến Dị,2225,75,Rare,Magic,Rice,692_500000;728_900000;670_450000;660_300000;655_250000,848,1575,969,1333,969,1255;1380;1443;1631;1882,Coward_500;Thoughtful_100;Loyal_200;Agile_100;Brave_100
22253,ZhenShouBiYiNiao3,PetHeader4_21,Bỉ Dực Điểu Biến Dị,2225,75,Rare,Magic,Rice,692_500000;728_900000;670_450000;660_300000;655_250000,887,1647,1013,1394,1013,1255;1380;1443;1631;1882,Coward_500;Thoughtful_100;Loyal_200;Agile_100;Brave_100
22254,ZhenShouBiYiNiao4,PetHeader4_21,Bỉ Dực Điểu Biến Dị,2225,75,Rare,Magic,Rice,692_500000;728_900000;670_450000;660_300000;655_250000,925,1719,1057,1454,1057,1255;1380;1443;1631;1882,Coward_500;Thoughtful_100;Loyal_200;Agile_100;Brave_100
22255,ZhenShouBiYiNiao5,PetHeader4_21,Bỉ Dực Điểu Biến Dị,2225,75,Rare,Magic,Rice,692_500000;728_900000;670_450000;660_300000;655_250000,964,1790,1102,1515,1102,1255;1380;1443;1631;1882,Coward_500;Thoughtful_100;Loyal_200;Agile_100;Brave_100
22256,ZhenShouBiYiNiao6,PetHeader4_21,Bỉ Dực Điểu Biến Dị,2225,75,Rare,Magic,Rice,692_500000;728_900000;670_450000;660_300000;655_250000,1002,1862,1146,1575,1146,1255;1380;1443;1631;1882,Coward_500;Thoughtful_100;Loyal_200;Agile_100;Brave_100
22259,ZhenShouBiYiNiao,PetHeader4_21,Bỉ Dực Điểu Bảo Bảo,2225,75,Child,Magic,Rice,692_500000;728_900000;670_450000;660_300000;655_250000,771,1432,881,1212,881,1255;1380;1443;1631;1882,Coward_500;Thoughtful_100;Loyal_200;Agile_100;Brave_100
22260,ZhenShouBiYiNiao,PetHeader4_21,Bỉ Dực Điểu Trưởng Thành,2226,85,Wild,Magic,Rice,692_550000;728_900000;670_500000;660_350000;655_300000,799,1484,913,1256,913,1357;1492;1560;1764;2035,Coward_500;Thoughtful_100;Loyal_200;Agile_100;Brave_100
22261,ZhenShouBiYiNiao1,PetHeader4_21,Bỉ Dực Điểu Biến Dị,2226,85,Rare,Magic,Rice,692_550000;728_900000;670_500000;660_350000;655_300000,833,1548,952,1310,952,1357;1492;1560;1764;2035,Coward_500;Thoughtful_100;Loyal_200;Agile_100;Brave_100
22262,ZhenShouBiYiNiao2,PetHeader4_21,Bỉ Dực Điểu Biến Dị,2226,85,Rare,Magic,Rice,692_550000;728_900000;670_500000;660_350000;655_300000,867,1611,991,1363,991,1357;1492;1560;1764;2035,Coward_500;Thoughtful_100;Loyal_200;Agile_100;Brave_100
22263,ZhenShouBiYiNiao3,PetHeader4_21,Bỉ Dực Điểu Biến Dị,2226,85,Rare,Magic,Rice,692_550000;728_900000;670_500000;660_350000;655_300000,902,1675,1031,1417,1031,1357;1492;1560;1764;2035,Coward_500;Thoughtful_100;Loyal_200;Agile_100;Brave_100
22264,ZhenShouBiYiNiao4,PetHeader4_21,Bỉ Dực Điểu Biến Dị,2226,85,Rare,Magic,Rice,692_550000;728_900000;670_500000;660_350000;655_300000,936,1739,1070,1471,1070,1357;1492;1560;1764;2035,Coward_500;Thoughtful_100;Loyal_200;Agile_100;Brave_100
22265,ZhenShouBiYiNiao5,PetHeader4_21,Bỉ Dực Điểu Biến Dị,2226,85,Rare,Magic,Rice,692_550000;728_900000;670_500000;660_350000;655_300000,970,1802,1109,1525,1109,1357;1492;1560;1764;2035,Coward_500;Thoughtful_100;Loyal_200;Agile_100;Brave_100
22266,ZhenShouBiYiNiao6,PetHeader4_21,Bỉ Dực Điểu Biến Dị,2226,85,Rare,Magic,Rice,692_550000;728_900000;670_500000;660_350000;655_300000,1004,1866,1148,1579,1148,1357;1492;1560;1764;2035,Coward_500;Thoughtful_100;Loyal_200;Agile_100;Brave_100
22267,ZhenShouBiYiNiao7,PetHeader4_21,Bỉ Dực Điểu Biến Dị,2226,85,Rare,Magic,Rice,692_550000;728_900000;670_500000;660_350000;655_300000,1039,1929,1187,1633,1187,1357;1492;1560;1764;2035,Coward_500;Thoughtful_100;Loyal_200;Agile_100;Brave_100
22269,ZhenShouBiYiNiao,PetHeader4_21,Bỉ Dực Điểu Bảo Bảo,2226,85,Child,Magic,Rice,692_550000;728_900000;670_500000;660_350000;655_300000,799,1484,913,1256,913,1357;1492;1560;1764;2035,Coward_500;Thoughtful_100;Loyal_200;Agile_100;Brave_100
22270,ZhenShouBiYiNiao,PetHeader4_21,Bỉ Dực Điểu Trưởng Thành,2227,95,Wild,Magic,Rice,692_600000;728_900000;670_550000;660_400000;655_350000,828,1658,946,1301,946,1459;1604;1677;1896;2388,Coward_500;Thoughtful_100;Loyal_200;Agile_100;Brave_100
22271,ZhenShouBiYiNiao1,PetHeader4_21,Bỉ Dực Điểu Biến Dị,2227,95,Rare,Magic,Rice,692_600000;728_900000;670_550000;660_400000;655_350000,859,1709,981,1350,981,1459;1604;1677;1896;2388,Coward_500;Thoughtful_100;Loyal_200;Agile_100;Brave_100
22272,ZhenShouBiYiNiao2,PetHeader4_21,Bỉ Dực Điểu Biến Dị,2227,95,Rare,Magic,Rice,692_600000;728_900000;670_550000;660_400000;655_350000,890,1779,1017,1398,1017,1459;1604;1677;1896;2388,Coward_500;Thoughtful_100;Loyal_200;Agile_100;Brave_100
22273,ZhenShouBiYiNiao3,PetHeader4_21,Bỉ Dực Điểu Biến Dị,2227,95,Rare,Magic,Rice,692_600000;728_900000;670_550000;660_400000;655_350000,921,1839,1052,1447,1052,1459;1604;1677;1896;2388,Coward_500;Thoughtful_100;Loyal_200;Agile_100;Brave_100
22274,ZhenShouBiYiNiao4,PetHeader4_21,Bỉ Dực Điểu Biến Dị,2227,95,Rare,Magic,Rice,692_600000;728_900000;670_550000;660_400000;655_350000,952,1900,1088,1496,1088,1459;1604;1677;1896;2388,Coward_500;Thoughtful_100;Loyal_200;Agile_100;Brave_100
22275,ZhenShouBiYiNiao5,PetHeader4_21,Bỉ Dực Điểu Biến Dị,2227,95,Rare,Magic,Rice,692_600000;728_900000;670_550000;660_400000;655_350000,983,1960,1123,1545,1123,1459;1604;1677;1896;2388,Coward_500;Thoughtful_100;Loyal_200;Agile_100;Brave_100
22276,ZhenShouBiYiNiao6,PetHeader4_21,Bỉ Dực Điểu Biến Dị,2227,95,Rare,Magic,Rice,692_600000;728_900000;670_550000;660_400000;655_350000,1014,2020,1159,1594,1159,1459;1604;1677;1896;2388,Coward_500;Thoughtful_100;Loyal_200;Agile_100;Brave_100
22277,ZhenShouBiYiNiao7,PetHeader4_21,Bỉ Dực Điểu Biến Dị,2227,95,Rare,Magic,Rice,692_600000;728_900000;670_550000;660_400000;655_350000,1045,2081,1194,1642,1194,1459;1604;1677;1896;2388,Coward_500;Thoughtful_100;Loyal_200;Agile_100;Brave_100
22278,ZhenShouBiYiNiao8,PetHeader4_21,Bỉ Dực Điểu Biến Dị,2227,95,Rare,Magic,Rice,692_600000;728_900000;670_550000;660_400000;655_350000,1076,2141,1230,1691,1230,1459;1604;1677;1896;2388,Coward_500;Thoughtful_100;Loyal_200;Agile_100;Brave_100
22279,ZhenShouBiYiNiao,PetHeader4_21,Bỉ Dực Điểu Bảo Bảo,2227,95,Child,Magic,Rice,692_600000;728_900000;670_550000;660_400000;655_350000,828,1658,946,1301,946,1459;1604;1677;1896;2388,Coward_500;Thoughtful_100;Loyal_200;Agile_100;Brave_100
22280,ZhenShouChunJieNiu1,PetHeader4_22,Ngốc Ngốc Ngưu Trưởng Thành,2228,5,Wild,Strength,Grass,694_300000;722_900000;662_250000;661_100000;653_50000,1219,656,1031,656,844,846;930;972;1099;1269,Coward_100;Thoughtful_100;Loyal_200;Agile_100;Brave_500
22281,ZhenShouChunJieNiu2a,PetHeader4_22,Ngốc Ngốc Ngưu Biến Dị,2228,5,Rare,Strength,Grass,694_300000;722_900000;662_250000;661_100000;653_50000,1402,755,1186,755,970,846;930;972;1099;1269,Coward_100;Thoughtful_100;Loyal_200;Agile_100;Brave_500
22282,ZhenShouChunJieNiu3a,PetHeader4_22,Ngốc Ngốc Ngưu Biến Dị,2228,5,Rare,Strength,Grass,694_300000;722_900000;662_250000;661_100000;653_50000,1585,853,1341,853,1097,846;930;972;1099;1269,Coward_100;Thoughtful_100;Loyal_200;Agile_100;Brave_500
22289,ZhenShouChunJieNiu1,PetHeader4_22,Ngốc Ngốc Ngưu Bảo Bảo,2228,5,Child,Strength,Grass,694_300000;722_900000;662_250000;661_100000;653_50000,1219,656,1031,656,844,846;930;972;1099;1269,Coward_100;Thoughtful_100;Loyal_200;Agile_100;Brave_500
22290,ZhenShouChunJieNiu1,PetHeader4_22,Ngốc Ngốc Ngưu Trưởng Thành,2229,45,Wild,Strength,Grass,694_350000;722_900000;662_300000;661_150000;653_100000,1272,685,1076,685,881,948;1042;1090;1232;1422,Coward_100;Thoughtful_100;Loyal_200;Agile_100;Brave_500
22291,ZhenShouChunJieNiu2a,PetHeader4_22,Ngốc Ngốc Ngưu Biến Dị,2229,45,Rare,Strength,Grass,694_350000;722_900000;662_300000;661_150000;653_100000,1399,753,1184,753,969,948;1042;1090;1232;1422,Coward_100;Thoughtful_100;Loyal_200;Agile_100;Brave_500
22292,ZhenShouChunJieNiu3a,PetHeader4_22,Ngốc Ngốc Ngưu Biến Dị,2229,45,Rare,Strength,Grass,694_350000;722_900000;662_300000;661_150000;653_100000,1527,822,1292,822,1057,948;1042;1090;1232;1422,Coward_100;Thoughtful_100;Loyal_200;Agile_100;Brave_500
22293,ZhenShouChunJieNiu6,PetHeader4_22,Ngốc Ngốc Ngưu Biến Dị,2229,45,Rare,Strength,Grass,694_350000;722_900000;662_300000;661_150000;653_100000,1654,890,1399,890,1145,948;1042;1090;1232;1422,Coward_100;Thoughtful_100;Loyal_200;Agile_100;Brave_500
22299,ZhenShouChunJieNiu1,PetHeader4_22,Ngốc Ngốc Ngưu Bảo Bảo,2229,45,Child,Strength,Grass,694_350000;722_900000;662_300000;661_150000;653_100000,1272,685,1076,685,881,948;1042;1090;1232;1422,Coward_100;Thoughtful_100;Loyal_200;Agile_100;Brave_500
22300,ZhenShouChunJieNiu1,PetHeader4_22,Ngốc Ngốc Ngưu Trưởng Thành,2230,55,Wild,Strength,Grass,694_400000;722_900000;662_350000;661_200000;653_150000,1326,714,1122,714,918,1051;1156;1208;1366;1576,Coward_100;Thoughtful_100;Loyal_200;Agile_100;Brave_500
22301,ZhenShouChunJieNiu2a,PetHeader4_22,Ngốc Ngốc Ngưu Biến Dị,2230,55,Rare,Strength,Grass,694_400000;722_900000;662_350000;661_200000;653_150000,1425,767,1206,767,986,1051;1156;1208;1366;1576,Coward_100;Thoughtful_100;Loyal_200;Agile_100;Brave_500
22302,ZhenShouChunJieNiu3a,PetHeader4_22,Ngốc Ngốc Ngưu Biến Dị,2230,55,Rare,Strength,Grass,694_400000;722_900000;662_350000;661_200000;653_150000,1524,821,1290,821,1055,1051;1156;1208;1366;1576,Coward_100;Thoughtful_100;Loyal_200;Agile_100;Brave_500
22303,ZhenShouChunJieNiu6,PetHeader4_22,Ngốc Ngốc Ngưu Biến Dị,2230,55,Rare,Strength,Grass,694_400000;722_900000;662_350000;661_200000;653_150000,1624,874,1374,874,1124,1051;1156;1208;1366;1576,Coward_100;Thoughtful_100;Loyal_200;Agile_100;Brave_500
22304,ZhenShouChunJieNiu7,PetHeader4_22,Ngốc Ngốc Ngưu Biến Dị,2230,55,Rare,Strength,Grass,694_400000;722_900000;662_350000;661_200000;653_150000,1723,928,1458,928,1193,1051;1156;1208;1366;1576,Coward_100;Thoughtful_100;Loyal_200;Agile_100;Brave_500
22309,ZhenShouChunJieNiu1,PetHeader4_22,Ngốc Ngốc Ngưu Bảo Bảo,2230,55,Child,Strength,Grass,694_400000;722_900000;662_350000;661_200000;653_150000,1326,714,1122,714,918,1051;1156;1208;1366;1576,Coward_100;Thoughtful_100;Loyal_200;Agile_100;Brave_500
22310,ZhenShouChunJieNiu1,PetHeader4_22,Ngốc Ngốc Ngưu Trưởng Thành,2231,65,Wild,Strength,Grass,694_450000;722_900000;662_400000;661_250000;653_200000,1379,742,1167,742,954,1153;1268;1325;1498;1729,Coward_100;Thoughtful_100;Loyal_200;Agile_100;Brave_500
22311,ZhenShouChunJieNiu2a,PetHeader4_22,Ngốc Ngốc Ngưu Biến Dị,2231,65,Rare,Strength,Grass,694_450000;722_900000;662_400000;661_250000;653_200000,1462,787,1237,787,1012,1153;1268;1325;1498;1729,Coward_100;Thoughtful_100;Loyal_200;Agile_100;Brave_500
22312,ZhenShouChunJieNiu3a,PetHeader4_22,Ngốc Ngốc Ngưu Biến Dị,2231,65,Rare,Strength,Grass,694_450000;722_900000;662_400000;661_250000;653_200000,1544,831,1307,831,1069,1153;1268;1325;1498;1729,Coward_100;Thoughtful_100;Loyal_200;Agile_100;Brave_500
22313,ZhenShouChunJieNiu6,PetHeader4_22,Ngốc Ngốc Ngưu Biến Dị,2231,65,Rare,Strength,Grass,694_450000;722_900000;662_400000;661_250000;653_200000,1627,876,1377,876,1126,1153;1268;1325;1498;1729,Coward_100;Thoughtful_100;Loyal_200;Agile_100;Brave_500
22314,ZhenShouChunJieNiu7,PetHeader4_22,Ngốc Ngốc Ngưu Biến Dị,2231,65,Rare,Strength,Grass,694_450000;722_900000;662_400000;661_250000;653_200000,1710,920,1447,920,1184,1153;1268;1325;1498;1729,Coward_100;Thoughtful_100;Loyal_200;Agile_100;Brave_500
22315,ZhenShouChunJieNiu8a,PetHeader4_22,Ngốc Ngốc Ngưu Biến Dị,2231,65,Rare,Strength,Grass,694_450000;722_900000;662_400000;661_250000;653_200000,1793,965,1517,965,1241,1153;1268;1325;1498;1729,Coward_100;Thoughtful_100;Loyal_200;Agile_100;Brave_500
22319,ZhenShouChunJieNiu1,PetHeader4_22,Ngốc Ngốc Ngưu Bảo Bảo,2231,65,Child,Strength,Grass,694_450000;722_900000;662_400000;661_250000;653_200000,1379,742,1167,742,954,1153;1268;1325;1498;1729,Coward_100;Thoughtful_100;Loyal_200;Agile_100;Brave_500
22320,ZhenShouChunJieNiu1,PetHeader4_22,Ngốc Ngốc Ngưu Trưởng Thành,2232,75,Wild,Strength,Grass,694_500000;722_900000;662_450000;661_300000;653_250000,1432,771,1212,771,991,1255;1380;1443;1631;1882,Coward_100;Thoughtful_100;Loyal_200;Agile_100;Brave_500
22321,ZhenShouChunJieNiu2a,PetHeader4_22,Ngốc Ngốc Ngưu Biến Dị,2232,75,Rare,Strength,Grass,694_500000;722_900000;662_450000;661_300000;653_250000,1504,809,1272,809,1041,1255;1380;1443;1631;1882,Coward_100;Thoughtful_100;Loyal_200;Agile_100;Brave_500
22322,ZhenShouChunJieNiu3a,PetHeader4_22,Ngốc Ngốc Ngưu Biến Dị,2232,75,Rare,Strength,Grass,694_500000;722_900000;662_450000;661_300000;653_250000,1575,848,1333,848,1090,1255;1380;1443;1631;1882,Coward_100;Thoughtful_100;Loyal_200;Agile_100;Brave_500
22323,ZhenShouChunJieNiu6,PetHeader4_22,Ngốc Ngốc Ngưu Biến Dị,2232,75,Rare,Strength,Grass,694_500000;722_900000;662_450000;661_300000;653_250000,1647,887,1394,887,1140,1255;1380;1443;1631;1882,Coward_100;Thoughtful_100;Loyal_200;Agile_100;Brave_500
22324,ZhenShouChunJieNiu7,PetHeader4_22,Ngốc Ngốc Ngưu Biến Dị,2232,75,Rare,Strength,Grass,694_500000;722_900000;662_450000;661_300000;653_250000,1719,925,1454,925,1190,1255;1380;1443;1631;1882,Coward_100;Thoughtful_100;Loyal_200;Agile_100;Brave_500
22325,ZhenShouChunJieNiu8a,PetHeader4_22,Ngốc Ngốc Ngưu Biến Dị,2232,75,Rare,Strength,Grass,694_500000;722_900000;662_450000;661_300000;653_250000,1790,964,1515,964,1239,1255;1380;1443;1631;1882,Coward_100;Thoughtful_100;Loyal_200;Agile_100;Brave_500
22326,ZhenShouChunJieNiu9a,PetHeader4_22,Ngốc Ngốc Ngưu Biến Dị,2232,75,Rare,Strength,Grass,694_500000;722_900000;662_450000;661_300000;653_250000,1862,1002,1575,1002,1289,1255;1380;1443;1631;1882,Coward_100;Thoughtful_100;Loyal_200;Agile_100;Brave_500
22329,ZhenShouChunJieNiu1,PetHeader4_22,Ngốc Ngốc Ngưu Bảo Bảo,2232,75,Child,Strength,Grass,694_500000;722_900000;662_450000;661_300000;653_250000,1432,771,1212,771,991,1255;1380;1443;1631;1882,Coward_100;Thoughtful_100;Loyal_200;Agile_100;Brave_500
22330,ZhenShouChunJieNiu1,PetHeader4_22,Ngốc Ngốc Ngưu Trưởng Thành,2233,85,Wild,Strength,Grass,694_550000;722_900000;662_500000;661_350000;653_300000,1484,799,1256,799,1027,1357;1492;1560;1764;2035,Coward_100;Thoughtful_100;Loyal_200;Agile_100;Brave_500
22331,ZhenShouChunJieNiu2a,PetHeader4_22,Ngốc Ngốc Ngưu Biến Dị,2233,85,Rare,Strength,Grass,694_550000;722_900000;662_500000;661_350000;653_300000,1548,833,1310,833,1071,1357;1492;1560;1764;2035,Coward_100;Thoughtful_100;Loyal_200;Agile_100;Brave_500
22332,ZhenShouChunJieNiu3a,PetHeader4_22,Ngốc Ngốc Ngưu Biến Dị,2233,85,Rare,Strength,Grass,694_550000;722_900000;662_500000;661_350000;653_300000,1611,867,1363,867,1115,1357;1492;1560;1764;2035,Coward_100;Thoughtful_100;Loyal_200;Agile_100;Brave_500
22333,ZhenShouChunJieNiu6,PetHeader4_22,Ngốc Ngốc Ngưu Biến Dị,2233,85,Rare,Strength,Grass,694_550000;722_900000;662_500000;661_350000;653_300000,1675,902,1417,902,1159,1357;1492;1560;1764;2035,Coward_100;Thoughtful_100;Loyal_200;Agile_100;Brave_500
22334,ZhenShouChunJieNiu7,PetHeader4_22,Ngốc Ngốc Ngưu Biến Dị,2233,85,Rare,Strength,Grass,694_550000;722_900000;662_500000;661_350000;653_300000,1739,936,1471,936,1203,1357;1492;1560;1764;2035,Coward_100;Thoughtful_100;Loyal_200;Agile_100;Brave_500
22335,ZhenShouChunJieNiu8a,PetHeader4_22,Ngốc Ngốc Ngưu Biến Dị,2233,85,Rare,Strength,Grass,694_550000;722_900000;662_500000;661_350000;653_300000,1802,970,1525,970,1248,1357;1492;1560;1764;2035,Coward_100;Thoughtful_100;Loyal_200;Agile_100;Brave_500
22336,ZhenShouChunJieNiu9a,PetHeader4_22,Ngốc Ngốc Ngưu Biến Dị,2233,85,Rare,Strength,Grass,694_550000;722_900000;662_500000;661_350000;653_300000,1866,1004,1579,1004,1292,1357;1492;1560;1764;2035,Coward_100;Thoughtful_100;Loyal_200;Agile_100;Brave_500
22337,ZhenShouChunJieNiu5a,PetHeader4_22,Ngốc Ngốc Ngưu Biến Dị,2233,85,Rare,Strength,Grass,694_550000;722_900000;662_500000;661_350000;653_300000,1929,1039,1633,1039,1336,1357;1492;1560;1764;2035,Coward_100;Thoughtful_100;Loyal_200;Agile_100;Brave_500
22339,ZhenShouChunJieNiu1,PetHeader4_22,Ngốc Ngốc Ngưu Bảo Bảo,2233,85,Child,Strength,Grass,694_550000;722_900000;662_500000;661_350000;653_300000,1484,799,1256,799,1027,1357;1492;1560;1764;2035,Coward_100;Thoughtful_100;Loyal_200;Agile_100;Brave_500
22340,ZhenShouChunJieNiu1,PetHeader4_22,Ngốc Ngốc Ngưu Trưởng Thành,2234,95,Wild,Strength,Grass,694_600000;722_900000;662_550000;661_400000;653_350000,1558,778,1251,778,1014,1459;1604;1677;1896;2388,Coward_100;Thoughtful_100;Loyal_200;Agile_100;Brave_500
22341,ZhenShouChunJieNiu2a,PetHeader4_22,Ngốc Ngốc Ngưu Biến Dị,2234,95,Rare,Strength,Grass,694_600000;722_900000;662_550000;661_400000;653_350000,1619,809,1300,809,1054,1459;1604;1677;1896;2388,Coward_100;Thoughtful_100;Loyal_200;Agile_100;Brave_500
22342,ZhenShouChunJieNiu3a,PetHeader4_22,Ngốc Ngốc Ngưu Biến Dị,2234,95,Rare,Strength,Grass,694_600000;722_900000;662_550000;661_400000;653_350000,1579,840,1348,840,1094,1459;1604;1677;1896;2388,Coward_100;Thoughtful_100;Loyal_200;Agile_100;Brave_500
22343,ZhenShouChunJieNiu6,PetHeader4_22,Ngốc Ngốc Ngưu Biến Dị,2234,95,Rare,Strength,Grass,694_600000;722_900000;662_550000;661_400000;653_350000,1739,871,1397,871,1134,1459;1604;1677;1896;2388,Coward_100;Thoughtful_100;Loyal_200;Agile_100;Brave_500
22344,ZhenShouChunJieNiu7,PetHeader4_22,Ngốc Ngốc Ngưu Biến Dị,2234,95,Rare,Strength,Grass,694_600000;722_900000;662_550000;661_400000;653_350000,1800,902,1446,902,1184,1459;1604;1677;1896;2388,Coward_100;Thoughtful_100;Loyal_200;Agile_100;Brave_500
22345,ZhenShouChunJieNiu8a,PetHeader4_22,Ngốc Ngốc Ngưu Biến Dị,2234,95,Rare,Strength,Grass,694_600000;722_900000;662_550000;661_400000;653_350000,1860,933,1495,933,1214,1459;1604;1677;1896;2388,Coward_100;Thoughtful_100;Loyal_200;Agile_100;Brave_500
22346,ZhenShouChunJieNiu9a,PetHeader4_22,Ngốc Ngốc Ngưu Biến Dị,2234,95,Rare,Strength,Grass,694_600000;722_900000;662_550000;661_400000;653_350000,1920,964,1544,964,1254,1459;1604;1677;1896;2388,Coward_100;Thoughtful_100;Loyal_200;Agile_100;Brave_500
22347,ZhenShouChunJieNiu5a,PetHeader4_22,Ngốc Ngốc Ngưu Biến Dị,2234,95,Rare,Strength,Grass,694_600000;722_900000;662_550000;661_400000;653_350000,1981,995,1592,995,1294,1459;1604;1677;1896;2388,Coward_100;Thoughtful_100;Loyal_200;Agile_100;Brave_500
22348,ZhenShouChunJieNiu5,PetHeader4_22,Ngốc Ngốc Ngưu Biến Dị,2234,95,Rare,Strength,Grass,694_600000;722_900000;662_550000;661_400000;653_350000,2041,1026,1641,1026,1334,1459;1604;1677;1896;2388,Coward_100;Thoughtful_100;Loyal_200;Agile_100;Brave_500
22349,ZhenShouChunJieNiu1,PetHeader4_22,Ngốc Ngốc Ngưu Bảo Bảo,2234,95,Child,Strength,Grass,694_600000;722_900000;662_550000;661_400000;653_350000,1558,778,1251,778,1014,1459;1604;1677;1896;2388,Coward_100;Thoughtful_100;Loyal_200;Agile_100;Brave_500
22350,ZhenShouChunJieNiu1a,PetHeader4_22,Trân Kỳ Ngưu Trưởng Thành,2235,5,Wild,Balanced,Grass,737_300000;726_900000;662_250000;734_100000;653_50000,938,938,938,938,938,846;930;972;1099;1269,Coward_100;Thoughtful_100;Loyal_500;Agile_100;Brave_200
22351,ZhenShouChunJieNiu2,PetHeader4_22,Trân Kỳ Ngưu Biến Dị,2235,5,Rare,Balanced,Grass,737_300000;726_900000;662_250000;734_100000;653_50000,1078,1078,1078,1078,1078,846;930;972;1099;1269,Coward_100;Thoughtful_100;Loyal_500;Agile_100;Brave_200
22352,ZhenShouChunJieNiu3,PetHeader4_22,Trân Kỳ Ngưu Biến Dị,2235,5,Rare,Balanced,Grass,737_300000;726_900000;662_250000;734_100000;653_50000,1219,1219,1219,1219,1219,846;930;972;1099;1269,Coward_100;Thoughtful_100;Loyal_500;Agile_100;Brave_200
22359,ZhenShouChunJieNiu1a,PetHeader4_22,Trân Kỳ Ngưu Bảo Bảo,2235,5,Child,Balanced,Grass,737_300000;726_900000;662_250000;734_100000;653_50000,938,938,938,938,938,846;930;972;1099;1269,Coward_100;Thoughtful_100;Loyal_500;Agile_100;Brave_200
22360,ZhenShouChunJieNiu1a,PetHeader4_22,Trân Kỳ Ngưu Trưởng Thành,2236,45,Wild,Balanced,Grass,737_350000;726_900000;662_300000;734_150000;653_100000,979,979,979,979,979,948;1042;1090;1232;1422,Coward_100;Thoughtful_100;Loyal_500;Agile_100;Brave_200
22361,ZhenShouChunJieNiu2,PetHeader4_22,Trân Kỳ Ngưu Biến Dị,2236,45,Rare,Balanced,Grass,737_350000;726_900000;662_300000;734_150000;653_100000,1076,1076,1076,1076,1076,948;1042;1090;1232;1422,Coward_100;Thoughtful_100;Loyal_500;Agile_100;Brave_200
22362,ZhenShouChunJieNiu3,PetHeader4_22,Trân Kỳ Ngưu Biến Dị,2236,45,Rare,Balanced,Grass,737_350000;726_900000;662_300000;734_150000;653_100000,1174,1174,1174,1174,1174,948;1042;1090;1232;1422,Coward_100;Thoughtful_100;Loyal_500;Agile_100;Brave_200
22363,ZhenShouChunJieNiu4a,PetHeader4_22,Trân Kỳ Ngưu Biến Dị,2236,45,Rare,Balanced,Grass,737_350000;726_900000;662_300000;734_150000;653_100000,1272,1272,1272,1272,1272,948;1042;1090;1232;1422,Coward_100;Thoughtful_100;Loyal_500;Agile_100;Brave_200
22369,ZhenShouChunJieNiu1a,PetHeader4_22,Trân Kỳ Ngưu Bảo Bảo,2236,45,Child,Balanced,Grass,737_350000;726_900000;662_300000;734_150000;653_100000,979,979,979,979,979,948;1042;1090;1232;1422,Coward_100;Thoughtful_100;Loyal_500;Agile_100;Brave_200
22370,ZhenShouChunJieNiu1a,PetHeader4_22,Trân Kỳ Ngưu Trưởng Thành,2237,55,Wild,Balanced,Grass,737_400000;726_900000;662_350000;734_200000;653_150000,1020,1020,1020,1020,1020,1051;1156;1208;1366;1576,Coward_100;Thoughtful_100;Loyal_500;Agile_100;Brave_200
22371,ZhenShouChunJieNiu2,PetHeader4_22,Trân Kỳ Ngưu Biến Dị,2237,55,Rare,Balanced,Grass,737_400000;726_900000;662_350000;734_200000;653_150000,1096,1096,1096,1096,1096,1051;1156;1208;1366;1576,Coward_100;Thoughtful_100;Loyal_500;Agile_100;Brave_200
22372,ZhenShouChunJieNiu3,PetHeader4_22,Trân Kỳ Ngưu Biến Dị,2237,55,Rare,Balanced,Grass,737_400000;726_900000;662_350000;734_200000;653_150000,1173,1173,1173,1173,1173,1051;1156;1208;1366;1576,Coward_100;Thoughtful_100;Loyal_500;Agile_100;Brave_200
22373,ZhenShouChunJieNiu4a,PetHeader4_22,Trân Kỳ Ngưu Biến Dị,2237,55,Rare,Balanced,Grass,737_400000;726_900000;662_350000;734_200000;653_150000,1249,1249,1249,1249,1249,1051;1156;1208;1366;1576,Coward_100;Thoughtful_100;Loyal_500;Agile_100;Brave_200
22374,ZhenShouChunJieNiu4,PetHeader4_22,Trân Kỳ Ngưu Biến Dị,2237,55,Rare,Balanced,Grass,737_400000;726_900000;662_350000;734_200000;653_150000,1326,1326,1326,1326,1326,1051;1156;1208;1366;1576,Coward_100;Thoughtful_100;Loyal_500;Agile_100;Brave_200
22379,ZhenShouChunJieNiu1a,PetHeader4_22,Trân Kỳ Ngưu Bảo Bảo,2237,55,Child,Balanced,Grass,737_400000;726_900000;662_350000;734_200000;653_150000,1020,1020,1020,1020,1020,1051;1156;1208;1366;1576,Coward_100;Thoughtful_100;Loyal_500;Agile_100;Brave_200
22380,ZhenShouChunJieNiu1a,PetHeader4_22,Trân Kỳ Ngưu Trưởng Thành,2238,65,Wild,Balanced,Grass,737_450000;726_900000;662_400000;734_250000;653_200000,1061,1061,1061,1061,1061,1153;1268;1325;1498;1729,Coward_100;Thoughtful_100;Loyal_500;Agile_100;Brave_200
22381,ZhenShouChunJieNiu2,PetHeader4_22,Trân Kỳ Ngưu Biến Dị,2238,65,Rare,Balanced,Grass,737_450000;726_900000;662_400000;734_250000;653_200000,1124,1124,1124,1124,1124,1153;1268;1325;1498;1729,Coward_100;Thoughtful_100;Loyal_500;Agile_100;Brave_200
22382,ZhenShouChunJieNiu3,PetHeader4_22,Trân Kỳ Ngưu Biến Dị,2238,65,Rare,Balanced,Grass,737_450000;726_900000;662_400000;734_250000;653_200000,1188,1188,1188,1188,1188,1153;1268;1325;1498;1729,Coward_100;Thoughtful_100;Loyal_500;Agile_100;Brave_200
22383,ZhenShouChunJieNiu4a,PetHeader4_22,Trân Kỳ Ngưu Biến Dị,2238,65,Rare,Balanced,Grass,737_450000;726_900000;662_400000;734_250000;653_200000,1251,1251,1251,1251,1251,1153;1268;1325;1498;1729,Coward_100;Thoughtful_100;Loyal_500;Agile_100;Brave_200
22384,ZhenShouChunJieNiu4,PetHeader4_22,Trân Kỳ Ngưu Biến Dị,2238,65,Rare,Balanced,Grass,737_450000;726_900000;662_400000;734_250000;653_200000,1315,1315,1315,1315,1315,1153;1268;1325;1498;1729,Coward_100;Thoughtful_100;Loyal_500;Agile_100;Brave_200
22385,ZhenShouChunJieNiu6a,PetHeader4_22,Trân Kỳ Ngưu Biến Dị,2238,65,Rare,Balanced,Grass,737_450000;726_900000;662_400000;734_250000;653_200000,1379,1379,1379,1379,1379,1153;1268;1325;1498;1729,Coward_100;Thoughtful_100;Loyal_500;Agile_100;Brave_200
22389,ZhenShouChunJieNiu1a,PetHeader4_22,Trân Kỳ Ngưu Bảo Bảo,2238,65,Child,Balanced,Grass,737_450000;726_900000;662_400000;734_250000;653_200000,1061,1061,1061,1061,1061,1153;1268;1325;1498;1729,Coward_100;Thoughtful_100;Loyal_500;Agile_100;Brave_200
22390,ZhenShouChunJieNiu1a,PetHeader4_22,Trân Kỳ Ngưu Trưởng Thành,2239,75,Wild,Balanced,Grass,737_500000;726_900000;662_450000;734_300000;653_250000,1102,1102,1102,1102,1102,1255;1380;1443;1631;1882,Coward_100;Thoughtful_100;Loyal_500;Agile_100;Brave_200
22391,ZhenShouChunJieNiu2,PetHeader4_22,Trân Kỳ Ngưu Biến Dị,2239,75,Rare,Balanced,Grass,737_500000;726_900000;662_450000;734_300000;653_250000,1157,1157,1157,1157,1157,1255;1380;1443;1631;1882,Coward_100;Thoughtful_100;Loyal_500;Agile_100;Brave_200
22392,ZhenShouChunJieNiu3,PetHeader4_22,Trân Kỳ Ngưu Biến Dị,2239,75,Rare,Balanced,Grass,737_500000;726_900000;662_450000;734_300000;653_250000,1212,1212,1212,1212,1212,1255;1380;1443;1631;1882,Coward_100;Thoughtful_100;Loyal_500;Agile_100;Brave_200
22393,ZhenShouChunJieNiu4a,PetHeader4_22,Trân Kỳ Ngưu Biến Dị,2239,75,Rare,Balanced,Grass,737_500000;726_900000;662_450000;734_300000;653_250000,1267,1267,1267,1267,1267,1255;1380;1443;1631;1882,Coward_100;Thoughtful_100;Loyal_500;Agile_100;Brave_200
22394,ZhenShouChunJieNiu4,PetHeader4_22,Trân Kỳ Ngưu Biến Dị,2239,75,Rare,Balanced,Grass,737_500000;726_900000;662_450000;734_300000;653_250000,1322,1322,1322,1322,1322,1255;1380;1443;1631;1882,Coward_100;Thoughtful_100;Loyal_500;Agile_100;Brave_200
22395,ZhenShouChunJieNiu6a,PetHeader4_22,Trân Kỳ Ngưu Biến Dị,2239,75,Rare,Balanced,Grass,737_500000;726_900000;662_450000;734_300000;653_250000,1377,1377,1377,1377,1377,1255;1380;1443;1631;1882,Coward_100;Thoughtful_100;Loyal_500;Agile_100;Brave_200
22396,ZhenShouChunJieNiu7a,PetHeader4_22,Trân Kỳ Ngưu Biến Dị,2239,75,Rare,Balanced,Grass,737_500000;726_900000;662_450000;734_300000;653_250000,1432,1432,1432,1432,1432,1255;1380;1443;1631;1882,Coward_100;Thoughtful_100;Loyal_500;Agile_100;Brave_200
22399,ZhenShouChunJieNiu1a,PetHeader4_22,Trân Kỳ Ngưu Bảo Bảo,2239,75,Child,Balanced,Grass,737_500000;726_900000;662_450000;734_300000;653_250000,1102,1102,1102,1102,1102,1255;1380;1443;1631;1882,Coward_100;Thoughtful_100;Loyal_500;Agile_100;Brave_200
22400,ZhenShouChunJieNiu1a,PetHeader4_22,Trân Kỳ Ngưu Trưởng Thành,2240,85,Wild,Balanced,Grass,737_550000;726_900000;662_500000;734_350000;653_300000,1142,1142,1142,1142,1142,1357;1492;1560;1764;2035,Coward_100;Thoughtful_100;Loyal_500;Agile_100;Brave_200
22401,ZhenShouChunJieNiu2,PetHeader4_22,Trân Kỳ Ngưu Biến Dị,2240,85,Rare,Balanced,Grass,737_550000;726_900000;662_500000;734_350000;653_300000,1190,1190,1190,1190,1190,1357;1492;1560;1764;2035,Coward_100;Thoughtful_100;Loyal_500;Agile_100;Brave_200
22402,ZhenShouChunJieNiu3,PetHeader4_22,Trân Kỳ Ngưu Biến Dị,2240,85,Rare,Balanced,Grass,737_550000;726_900000;662_500000;734_350000;653_300000,1239,1239,1239,1239,1239,1357;1492;1560;1764;2035,Coward_100;Thoughtful_100;Loyal_500;Agile_100;Brave_200
22403,ZhenShouChunJieNiu4a,PetHeader4_22,Trân Kỳ Ngưu Biến Dị,2240,85,Rare,Balanced,Grass,737_550000;726_900000;662_500000;734_350000;653_300000,1288,1288,1288,1288,1288,1357;1492;1560;1764;2035,Coward_100;Thoughtful_100;Loyal_500;Agile_100;Brave_200
22404,ZhenShouChunJieNiu4,PetHeader4_22,Trân Kỳ Ngưu Biến Dị,2240,85,Rare,Balanced,Grass,737_550000;726_900000;662_500000;734_350000;653_300000,1337,1337,1337,1337,1337,1357;1492;1560;1764;2035,Coward_100;Thoughtful_100;Loyal_500;Agile_100;Brave_200
22405,ZhenShouChunJieNiu6a,PetHeader4_22,Trân Kỳ Ngưu Biến Dị,2240,85,Rare,Balanced,Grass,737_550000;726_900000;662_500000;734_350000;653_300000,1386,1386,1386,1386,1386,1357;1492;1560;1764;2035,Coward_100;Thoughtful_100;Loyal_500;Agile_100;Brave_200
22406,ZhenShouChunJieNiu7a,PetHeader4_22,Trân Kỳ Ngưu Biến Dị,2240,85,Rare,Balanced,Grass,737_550000;726_900000;662_500000;734_350000;653_300000,1435,1435,1435,1435,1435,1357;1492;1560;1764;2035,Coward_100;Thoughtful_100;Loyal_500;Agile_100;Brave_200
22407,ZhenShouChunJieNiu8,PetHeader4_22,Trân Kỳ Ngưu Biến Dị,2240,85,Rare,Balanced,Grass,737_550000;726_900000;662_500000;734_350000;653_300000,1484,1484,1484,1484,1484,1357;1492;1560;1764;2035,Coward_100;Thoughtful_100;Loyal_500;Agile_100;Brave_200
22409,ZhenShouChunJieNiu1a,PetHeader4_22,Trân Kỳ Ngưu Bảo Bảo,2240,85,Child,Balanced,Grass,737_550000;726_900000;662_500000;734_350000;653_300000,1142,1142,1142,1142,1142,1357;1492;1560;1764;2035,Coward_100;Thoughtful_100;Loyal_500;Agile_100;Brave_200
22410,ZhenShouChunJieNiu1a,PetHeader4_22,Trân Kỳ Ngưu Trưởng Thành,2241,95,Wild,Balanced,Grass,737_600000;726_900000;662_550000;734_400000;653_350000,1183,1183,1183,1183,1183,1459;1604;1677;1896;2388,Coward_100;Thoughtful_100;Loyal_500;Agile_100;Brave_200
22411,ZhenShouChunJieNiu2,PetHeader4_22,Trân Kỳ Ngưu Biến Dị,2241,95,Rare,Balanced,Grass,737_600000;726_900000;662_550000;734_400000;653_350000,1227,1227,1227,1227,1227,1459;1604;1677;1896;2388,Coward_100;Thoughtful_100;Loyal_500;Agile_100;Brave_200
22412,ZhenShouChunJieNiu3,PetHeader4_22,Trân Kỳ Ngưu Biến Dị,2241,95,Rare,Balanced,Grass,737_600000;726_900000;662_550000;734_400000;653_350000,1271,1271,1271,1271,1271,1459;1604;1677;1896;2388,Coward_100;Thoughtful_100;Loyal_500;Agile_100;Brave_200
22413,ZhenShouChunJieNiu4a,PetHeader4_22,Trân Kỳ Ngưu Biến Dị,2241,95,Rare,Balanced,Grass,737_600000;726_900000;662_550000;734_400000;653_350000,1316,1316,1316,1316,1316,1459;1604;1677;1896;2388,Coward_100;Thoughtful_100;Loyal_500;Agile_100;Brave_200
22414,ZhenShouChunJieNiu4,PetHeader4_22,Trân Kỳ Ngưu Biến Dị,2241,95,Rare,Balanced,Grass,737_600000;726_900000;662_550000;734_400000;653_350000,1360,1360,1360,1360,1360,1459;1604;1677;1896;2388,Coward_100;Thoughtful_100;Loyal_500;Agile_100;Brave_200
22415,ZhenShouChunJieNiu6a,PetHeader4_22,Trân Kỳ Ngưu Biến Dị,2241,95,Rare,Balanced,Grass,737_600000;726_900000;662_550000;734_400000;653_350000,1404,1404,1404,1404,1404,1459;1604;1677;1896;2388,Coward_100;Thoughtful_100;Loyal_500;Agile_100;Brave_200
22416,ZhenShouChunJieNiu7a,PetHeader4_22,Trân Kỳ Ngưu Biến Dị,2241,95,Rare,Balanced,Grass,737_600000;726_900000;662_550000;734_400000;653_350000,1449,1449,1449,1449,1449,1459;1604;1677;1896;2388,Coward_100;Thoughtful_100;Loyal_500;Agile_100;Brave_200
22417,ZhenShouChunJieNiu8,PetHeader4_22,Trân Kỳ Ngưu Biến Dị,2241,95,Rare,Balanced,Grass,737_600000;726_900000;662_550000;734_400000;653_350000,1493,1493,1493,1493,1493,1459;1604;1677;1896;2388,Coward_100;Thoughtful_100;Loyal_500;Agile_100;Brave_200
22418,ZhenShouChunJieNiu8,PetHeader4_22,Trân Kỳ Ngưu Biến Dị,2241,95,Rare,Balanced,Grass,737_600000;726_900000;662_550000;734_400000;653_350000,1537,1537,1537,1537,1537,1459;1604;1677;1896;2388,Coward_100;Thoughtful_100;Loyal_500;Agile_100;Brave_200
22419,ZhenShouChunJieNiu1a,PetHeader4_22,Trân Kỳ Ngưu Bảo Bảo,2241,95,Child,Balanced,Grass,737_600000;726_900000;662_550000;734_400000;653_350000,1183,1183,1183,1183,1183,1459;1604;1677;1896;2388,Coward_100;Thoughtful_100;Loyal_500;Agile_100;Brave_200
22420,HeiSeQiLin,PetHeader2_3,Kỳ Lân Trưởng Thành,2242,5,Wild,Magic,Grass,700_300000;728_900000;660_250000;668_100000,656,1219,750,1031,750,846;930;972;1099;1269,Coward_500;Thoughtful_200;Loyal_150;Agile_100;Brave_50
22421,HuangSeQiLin,PetHeader2_3,Kỳ Lân Biến Dị,2242,5,Rare,Magic,Grass,700_300000;728_900000;660_250000;668_100000,755,1402,862,1186,862,846;930;972;1099;1269,Coward_500;Thoughtful_200;Loyal_150;Agile_100;Brave_50
22422,YuSeQiLin,PetHeader2_3,Kỳ Lân Biến Dị,2242,5,Rare,Magic,Grass,700_300000;728_900000;660_250000;668_100000,853,1585,975,1341,975,846;930;972;1099;1269,Coward_500;Thoughtful_200;Loyal_150;Agile_100;Brave_50
22429,HeiSeQiLin,PetHeader2_3,Kỳ Lân Bảo Bảo,2242,5,Child,Magic,Grass,700_300000;728_900000;660_250000;668_100000,656,1219,750,1031,750,846;930;972;1099;1269,Coward_500;Thoughtful_200;Loyal_150;Agile_100;Brave_50
22430,HeiSeQiLin,PetHeader2_3,Kỳ Lân Trưởng Thành,2243,45,Wild,Magic,Grass,700_350000;728_900000;660_300000;668_150000,685,1272,783,1076,783,948;1042;1090;1232;1422,Coward_500;Thoughtful_200;Loyal_150;Agile_100;Brave_50
22431,HuangSeQiLin,PetHeader2_3,Kỳ Lân Biến Dị,2243,45,Rare,Magic,Grass,700_350000;728_900000;660_300000;668_150000,753,1399,861,1184,861,948;1042;1090;1232;1422,Coward_500;Thoughtful_200;Loyal_150;Agile_100;Brave_50
22432,YuSeQiLin,PetHeader2_3,Kỳ Lân Biến Dị,2243,45,Rare,Magic,Grass,700_350000;728_900000;660_300000;668_150000,822,1527,939,1292,939,948;1042;1090;1232;1422,Coward_500;Thoughtful_200;Loyal_150;Agile_100;Brave_50
22433,HongQiLin,PetHeader2_3,Kỳ Lân Biến Dị,2243,45,Rare,Magic,Grass,700_350000;728_900000;660_300000;668_150000,890,1654,1018,1399,1018,948;1042;1090;1232;1422,Coward_500;Thoughtful_200;Loyal_150;Agile_100;Brave_50
22439,HeiSeQiLin,PetHeader2_3,Kỳ Lân Bảo Bảo,2243,45,Child,Magic,Grass,700_350000;728_900000;660_300000;668_150000,685,1272,783,1076,783,948;1042;1090;1232;1422,Coward_500;Thoughtful_200;Loyal_150;Agile_100;Brave_50
22440,HeiSeQiLin,PetHeader2_3,Kỳ Lân Trưởng Thành,2244,55,Wild,Magic,Grass,700_400000;728_900000;660_350000;668_200000,714,1326,816,1122,816,1051;1156;1208;1366;1576,Coward_500;Thoughtful_200;Loyal_150;Agile_100;Brave_50
22441,HuangSeQiLin,PetHeader2_3,Kỳ Lân Biến Dị,2244,55,Rare,Magic,Grass,700_400000;728_900000;660_350000;668_200000,767,1425,877,1206,877,1051;1156;1208;1366;1576,Coward_500;Thoughtful_200;Loyal_150;Agile_100;Brave_50
22442,YuSeQiLin,PetHeader2_3,Kỳ Lân Biến Dị,2244,55,Rare,Magic,Grass,700_400000;728_900000;660_350000;668_200000,821,1524,938,1290,938,1051;1156;1208;1366;1576,Coward_500;Thoughtful_200;Loyal_150;Agile_100;Brave_50
22443,HongQiLin,PetHeader2_3,Kỳ Lân Biến Dị,2244,55,Rare,Magic,Grass,700_400000;728_900000;660_350000;668_200000,874,1624,999,1374,999,1051;1156;1208;1366;1576,Coward_500;Thoughtful_200;Loyal_150;Agile_100;Brave_50
22444,BaiQiLin,PetHeader2_3,Kỳ Lân Biến Dị,2244,55,Rare,Magic,Grass,700_400000;728_900000;660_350000;668_200000,928,1723,1060,1458,1060,1051;1156;1208;1366;1576,Coward_500;Thoughtful_200;Loyal_150;Agile_100;Brave_50
22449,HeiSeQiLin,PetHeader2_3,Kỳ Lân Bảo Bảo,2244,55,Child,Magic,Grass,700_400000;728_900000;660_350000;668_200000,714,1326,816,1122,816,1051;1156;1208;1366;1576,Coward_500;Thoughtful_200;Loyal_150;Agile_100;Brave_50
22450,HeiSeQiLin,PetHeader2_3,Kỳ Lân Trưởng Thành,2245,65,Wild,Magic,Grass,700_450000;728_900000;660_400000;668_250000,742,1379,848,1167,848,1153;1268;1325;1498;1729,Coward_500;Thoughtful_200;Loyal_150;Agile_100;Brave_50
22451,HuangSeQiLin,PetHeader2_3,Kỳ Lân Biến Dị,2245,65,Rare,Magic,Grass,700_450000;728_900000;660_400000;668_250000,787,1462,899,1237,899,1153;1268;1325;1498;1729,Coward_500;Thoughtful_200;Loyal_150;Agile_100;Brave_50
22452,YuSeQiLin,PetHeader2_3,Kỳ Lân Biến Dị,2245,65,Rare,Magic,Grass,700_450000;728_900000;660_400000;668_250000,831,1544,950,1307,950,1153;1268;1325;1498;1729,Coward_500;Thoughtful_200;Loyal_150;Agile_100;Brave_50
22453,HongQiLin,PetHeader2_3,Kỳ Lân Biến Dị,2245,65,Rare,Magic,Grass,700_450000;728_900000;660_400000;668_250000,876,1627,1001,1377,1001,1153;1268;1325;1498;1729,Coward_500;Thoughtful_200;Loyal_150;Agile_100;Brave_50
22454,BaiQiLin,PetHeader2_3,Kỳ Lân Biến Dị,2245,65,Rare,Magic,Grass,700_450000;728_900000;660_400000;668_250000,920,1710,1052,1447,1052,1153;1268;1325;1498;1729,Coward_500;Thoughtful_200;Loyal_150;Agile_100;Brave_50
22455,JinEJinJiaoBaiQiLin,PetHeader2_3,Kỳ Lân Biến Dị,2245,65,Rare,Magic,Grass,700_450000;728_900000;660_400000;668_250000,965,1793,1103,1517,1103,1153;1268;1325;1498;1729,Coward_500;Thoughtful_200;Loyal_150;Agile_100;Brave_50
22459,HeiSeQiLin,PetHeader2_3,Kỳ Lân Bảo Bảo,2245,65,Child,Magic,Grass,700_450000;728_900000;660_400000;668_250000,742,1379,848,1167,848,1153;1268;1325;1498;1729,Coward_500;Thoughtful_200;Loyal_150;Agile_100;Brave_50
22460,HeiSeQiLin,PetHeader2_3,Kỳ Lân Trưởng Thành,2246,75,Wild,Magic,Grass,700_500000;728_900000;660_450000;668_300000,771,1432,881,1212,881,1255;1380;1443;1631;1882,Coward_500;Thoughtful_200;Loyal_150;Agile_100;Brave_50
22461,HuangSeQiLin,PetHeader2_3,Kỳ Lân Biến Dị,2246,75,Rare,Magic,Grass,700_500000;728_900000;660_450000;668_300000,809,1504,925,1272,925,1255;1380;1443;1631;1882,Coward_500;Thoughtful_200;Loyal_150;Agile_100;Brave_50
22462,YuSeQiLin,PetHeader2_3,Kỳ Lân Biến Dị,2246,75,Rare,Magic,Grass,700_500000;728_900000;660_450000;668_300000,848,1575,969,1333,969,1255;1380;1443;1631;1882,Coward_500;Thoughtful_200;Loyal_150;Agile_100;Brave_50
22463,HongQiLin,PetHeader2_3,Kỳ Lân Biến Dị,2246,75,Rare,Magic,Grass,700_500000;728_900000;660_450000;668_300000,887,1647,1013,1394,1013,1255;1380;1443;1631;1882,Coward_500;Thoughtful_200;Loyal_150;Agile_100;Brave_50
22464,BaiQiLin,PetHeader2_3,Kỳ Lân Biến Dị,2246,75,Rare,Magic,Grass,700_500000;728_900000;660_450000;668_300000,925,1719,1057,1454,1057,1255;1380;1443;1631;1882,Coward_500;Thoughtful_200;Loyal_150;Agile_100;Brave_50
22465,JinEJinJiaoBaiQiLin,PetHeader2_3,Kỳ Lân Biến Dị,2246,75,Rare,Magic,Grass,700_500000;728_900000;660_450000;668_300000,964,1790,1102,1515,1102,1255;1380;1443;1631;1882,Coward_500;Thoughtful_200;Loyal_150;Agile_100;Brave_50
22466,JinEJinJiaoHuoZhuaBaiQiLin,PetHeader2_3,Kỳ Lân Biến Dị,2246,75,Rare,Magic,Grass,700_500000;728_900000;660_450000;668_300000,1002,1862,1146,1575,1146,1255;1380;1443;1631;1882,Coward_500;Thoughtful_200;Loyal_150;Agile_100;Brave_50
22469,HeiSeQiLin,PetHeader2_3,Kỳ Lân Bảo Bảo,2246,75,Child,Magic,Grass,700_500000;728_900000;660_450000;668_300000,771,1432,881,1212,881,1255;1380;1443;1631;1882,Coward_500;Thoughtful_200;Loyal_150;Agile_100;Brave_50
22470,HeiSeQiLin,PetHeader2_3,Kỳ Lân Trưởng Thành,2247,85,Wild,Magic,Grass,700_550000;728_900000;660_500000;668_350000,799,1484,913,1256,913,1357;1492;1560;1764;2035,Coward_500;Thoughtful_200;Loyal_150;Agile_100;Brave_50
22471,HuangSeQiLin,PetHeader2_3,Kỳ Lân Biến Dị,2247,85,Rare,Magic,Grass,700_550000;728_900000;660_500000;668_350000,833,1548,952,1310,952,1357;1492;1560;1764;2035,Coward_500;Thoughtful_200;Loyal_150;Agile_100;Brave_50
22472,YuSeQiLin,PetHeader2_3,Kỳ Lân Biến Dị,2247,85,Rare,Magic,Grass,700_550000;728_900000;660_500000;668_350000,867,1611,991,1363,991,1357;1492;1560;1764;2035,Coward_500;Thoughtful_200;Loyal_150;Agile_100;Brave_50
22473,HongQiLin,PetHeader2_3,Kỳ Lân Biến Dị,2247,85,Rare,Magic,Grass,700_550000;728_900000;660_500000;668_350000,902,1675,1031,1417,1031,1357;1492;1560;1764;2035,Coward_500;Thoughtful_200;Loyal_150;Agile_100;Brave_50
22474,BaiQiLin,PetHeader2_3,Kỳ Lân Biến Dị,2247,85,Rare,Magic,Grass,700_550000;728_900000;660_500000;668_350000,936,1739,1070,1471,1070,1357;1492;1560;1764;2035,Coward_500;Thoughtful_200;Loyal_150;Agile_100;Brave_50
22475,JinEJinJiaoBaiQiLin,PetHeader2_3,Kỳ Lân Biến Dị,2247,85,Rare,Magic,Grass,700_550000;728_900000;660_500000;668_350000,970,1802,1109,1525,1109,1357;1492;1560;1764;2035,Coward_500;Thoughtful_200;Loyal_150;Agile_100;Brave_50
22476,JinEJinJiaoHuoZhuaBaiQiLin,PetHeader2_3,Kỳ Lân Biến Dị,2247,85,Rare,Magic,Grass,700_550000;728_900000;660_500000;668_350000,1004,1866,1148,1579,1148,1357;1492;1560;1764;2035,Coward_500;Thoughtful_200;Loyal_150;Agile_100;Brave_50
22477,BingQiLin,PetHeader2_3,Kỳ Lân Biến Dị,2247,85,Rare,Magic,Grass,700_550000;728_900000;660_500000;668_350000,1039,1929,1187,1633,1187,1357;1492;1560;1764;2035,Coward_500;Thoughtful_200;Loyal_150;Agile_100;Brave_50
22479,HeiSeQiLin,PetHeader2_3,Kỳ Lân Bảo Bảo,2247,85,Child,Magic,Grass,700_550000;728_900000;660_500000;668_350000,799,1484,913,1256,913,1357;1492;1560;1764;2035,Coward_500;Thoughtful_200;Loyal_150;Agile_100;Brave_50
22480,HeiSeQiLin,PetHeader2_3,Kỳ Lân Trưởng Thành,2248,95,Wild,Magic,Grass,700_600000;728_900000;660_550000;668_400000,828,1608,946,1301,946,1459;1604;1677;1896;2388,Coward_500;Thoughtful_200;Loyal_150;Agile_100;Brave_50
22481,HuangSeQiLin,PetHeader2_3,Kỳ Lân Biến Dị,2248,95,Rare,Magic,Grass,700_600000;728_900000;660_550000;668_400000,859,1669,981,1350,981,1459;1604;1677;1896;2388,Coward_500;Thoughtful_200;Loyal_150;Agile_100;Brave_50
22482,YuSeQiLin,PetHeader2_3,Kỳ Lân Biến Dị,2248,95,Rare,Magic,Grass,700_600000;728_900000;660_550000;668_400000,890,1729,1017,1398,1017,1459;1604;1677;1896;2388,Coward_500;Thoughtful_200;Loyal_150;Agile_100;Brave_50
22483,HongQiLin,PetHeader2_3,Kỳ Lân Biến Dị,2248,95,Rare,Magic,Grass,700_600000;728_900000;660_550000;668_400000,921,1789,1052,1447,1052,1459;1604;1677;1896;2388,Coward_500;Thoughtful_200;Loyal_150;Agile_100;Brave_50
22484,BaiQiLin,PetHeader2_3,Kỳ Lân Biến Dị,2248,95,Rare,Magic,Grass,700_600000;728_900000;660_550000;668_400000,952,1850,1088,1496,1088,1459;1604;1677;1896;2388,Coward_500;Thoughtful_200;Loyal_150;Agile_100;Brave_50
22485,JinEJinJiaoBaiQiLin,PetHeader2_3,Kỳ Lân Biến Dị,2248,95,Rare,Magic,Grass,700_600000;728_900000;660_550000;668_400000,983,1910,1123,1545,1123,1459;1604;1677;1896;2388,Coward_500;Thoughtful_200;Loyal_150;Agile_100;Brave_50
22486,JinEJinJiaoHuoZhuaBaiQiLin,PetHeader2_3,Kỳ Lân Biến Dị,2248,95,Rare,Magic,Grass,700_600000;728_900000;660_550000;668_400000,1014,1970,1159,1594,1159,1459;1604;1677;1896;2388,Coward_500;Thoughtful_200;Loyal_150;Agile_100;Brave_50
22487,BingQiLin,PetHeader2_3,Kỳ Lân Biến Dị,2248,95,Rare,Magic,Grass,700_600000;728_900000;660_550000;668_400000,1045,2031,1194,1642,1194,1459;1604;1677;1896;2388,Coward_500;Thoughtful_200;Loyal_150;Agile_100;Brave_50
22488,JinEJinJiaoBingZhuaBingYanBaiQiLin,PetHeader2_3,Kỳ Lân Biến Dị,2248,95,Rare,Magic,Grass,700_600000;728_900000;660_550000;668_400000,1076,2091,1230,1691,1230,1459;1604;1677;1896;2388,Coward_500;Thoughtful_200;Loyal_150;Agile_100;Brave_50
22489,HeiSeQiLin,PetHeader2_3,Kỳ Lân Bảo Bảo,2248,95,Child,Magic,Grass,700_600000;728_900000;660_550000;668_400000,828,1608,946,1301,946,1459;1604;1677;1896;2388,Coward_500;Thoughtful_200;Loyal_150;Agile_100;Brave_50
22490,ZhenShougoZi1,PetHeader4_23,Go Tử Trưởng Thành,2249,5,Wild,Strength,Grass,694_300000;722_900000;662_250000;661_100000;653_50000,1219,656,1031,656,844,846;930;972;1099;1269,Coward_100;Thoughtful_100;Loyal_200;Agile_100;Brave_500
22491,ZhenShougoZi2,PetHeader4_23,Go Tử Biến Dị,2249,5,Rare,Strength,Grass,694_300000;722_900000;662_250000;661_100000;653_50000,1402,755,1186,755,970,846;930;972;1099;1269,Coward_100;Thoughtful_100;Loyal_200;Agile_100;Brave_500
22492,ZhenShougoZi3,PetHeader4_23,Go Tử Biến Dị,2249,5,Rare,Strength,Grass,694_300000;722_900000;662_250000;661_100000;653_50000,1585,853,1341,853,1097,846;930;972;1099;1269,Coward_100;Thoughtful_100;Loyal_200;Agile_100;Brave_500
22499,ZhenShougoZi1,PetHeader4_23,Go Tử Bảo Bảo,2249,5,Child,Strength,Grass,694_300000;722_900000;662_250000;661_100000;653_50000,1219,656,1031,656,844,846;930;972;1099;1269,Coward_100;Thoughtful_100;Loyal_200;Agile_100;Brave_500
22500,ZhenShougoZi1,PetHeader4_23,Go Tử Trưởng Thành,2250,45,Wild,Strength,Grass,694_350000;722_900000;662_300000;661_150000;653_100000,1272,685,1076,685,881,948;1042;1090;1232;1422,Coward_100;Thoughtful_100;Loyal_200;Agile_100;Brave_500
22501,ZhenShougoZi2,PetHeader4_23,Go Tử Biến Dị,2250,45,Rare,Strength,Grass,694_350000;722_900000;662_300000;661_150000;653_100000,1399,753,1184,753,969,948;1042;1090;1232;1422,Coward_100;Thoughtful_100;Loyal_200;Agile_100;Brave_500
22502,ZhenShougoZi3,PetHeader4_23,Go Tử Biến Dị,2250,45,Rare,Strength,Grass,694_350000;722_900000;662_300000;661_150000;653_100000,1527,822,1292,822,1057,948;1042;1090;1232;1422,Coward_100;Thoughtful_100;Loyal_200;Agile_100;Brave_500
22503,ZhenShougoZi4,PetHeader4_23,Go Tử Biến Dị,2250,45,Rare,Strength,Grass,694_350000;722_900000;662_300000;661_150000;653_100000,1654,890,1399,890,1145,948;1042;1090;1232;1422,Coward_100;Thoughtful_100;Loyal_200;Agile_100;Brave_500
22509,ZhenShougoZi1,PetHeader4_23,Go Tử Bảo Bảo,2250,45,Child,Strength,Grass,694_350000;722_900000;662_300000;661_150000;653_100000,1272,685,1076,685,881,948;1042;1090;1232;1422,Coward_100;Thoughtful_100;Loyal_200;Agile_100;Brave_500
22510,ZhenShougoZi1,PetHeader4_23,Go Tử Trưởng Thành,2251,55,Wild,Strength,Grass,694_400000;722_900000;662_350000;661_200000;653_150000,1326,714,1122,714,918,1051;1156;1208;1366;1576,Coward_100;Thoughtful_100;Loyal_200;Agile_100;Brave_500
22511,ZhenShougoZi2,PetHeader4_23,Go Tử Biến Dị,2251,55,Rare,Strength,Grass,694_400000;722_900000;662_350000;661_200000;653_150000,1425,767,1206,767,986,1051;1156;1208;1366;1576,Coward_100;Thoughtful_100;Loyal_200;Agile_100;Brave_500
22512,ZhenShougoZi3,PetHeader4_23,Go Tử Biến Dị,2251,55,Rare,Strength,Grass,694_400000;722_900000;662_350000;661_200000;653_150000,1524,821,1290,821,1055,1051;1156;1208;1366;1576,Coward_100;Thoughtful_100;Loyal_200;Agile_100;Brave_500
22513,ZhenShougoZi4,PetHeader4_23,Go Tử Biến Dị,2251,55,Rare,Strength,Grass,694_400000;722_900000;662_350000;661_200000;653_150000,1624,874,1374,874,1124,1051;1156;1208;1366;1576,Coward_100;Thoughtful_100;Loyal_200;Agile_100;Brave_500
22514,ZhenShougoZi5,PetHeader4_23,Go Tử Biến Dị,2251,55,Rare,Strength,Grass,694_400000;722_900000;662_350000;661_200000;653_150000,1723,928,1458,928,1193,1051;1156;1208;1366;1576,Coward_100;Thoughtful_100;Loyal_200;Agile_100;Brave_500
22519,ZhenShougoZi1,PetHeader4_23,Go Tử Bảo Bảo,2251,55,Child,Strength,Grass,694_400000;722_900000;662_350000;661_200000;653_150000,1326,714,1122,714,918,1051;1156;1208;1366;1576,Coward_100;Thoughtful_100;Loyal_200;Agile_100;Brave_500
22520,ZhenShougoZi1,PetHeader4_23,Go Tử Trưởng Thành,2252,65,Wild,Strength,Grass,694_450000;722_900000;662_400000;661_250000;653_200000,1379,742,1167,742,954,1153;1268;1325;1498;1729,Coward_100;Thoughtful_100;Loyal_200;Agile_100;Brave_500
22521,ZhenShougoZi2,PetHeader4_23,Go Tử Biến Dị,2252,65,Rare,Strength,Grass,694_450000;722_900000;662_400000;661_250000;653_200000,1462,787,1237,787,1012,1153;1268;1325;1498;1729,Coward_100;Thoughtful_100;Loyal_200;Agile_100;Brave_500
22522,ZhenShougoZi3,PetHeader4_23,Go Tử Biến Dị,2252,65,Rare,Strength,Grass,694_450000;722_900000;662_400000;661_250000;653_200000,1544,831,1307,831,1069,1153;1268;1325;1498;1729,Coward_100;Thoughtful_100;Loyal_200;Agile_100;Brave_500
22523,ZhenShougoZi4,PetHeader4_23,Go Tử Biến Dị,2252,65,Rare,Strength,Grass,694_450000;722_900000;662_400000;661_250000;653_200000,1627,876,1377,876,1126,1153;1268;1325;1498;1729,Coward_100;Thoughtful_100;Loyal_200;Agile_100;Brave_500
22524,ZhenShougoZi5,PetHeader4_23,Go Tử Biến Dị,2252,65,Rare,Strength,Grass,694_450000;722_900000;662_400000;661_250000;653_200000,1710,920,1447,920,1184,1153;1268;1325;1498;1729,Coward_100;Thoughtful_100;Loyal_200;Agile_100;Brave_500
22525,ZhenShougoZi6,PetHeader4_23,Go Tử Biến Dị,2252,65,Rare,Strength,Grass,694_450000;722_900000;662_400000;661_250000;653_200000,1793,965,1517,965,1241,1153;1268;1325;1498;1729,Coward_100;Thoughtful_100;Loyal_200;Agile_100;Brave_500
22529,ZhenShougoZi1,PetHeader4_23,Go Tử Bảo Bảo,2252,65,Child,Strength,Grass,694_450000;722_900000;662_400000;661_250000;653_200000,1379,742,1167,742,954,1153;1268;1325;1498;1729,Coward_100;Thoughtful_100;Loyal_200;Agile_100;Brave_500
22530,ZhenShougoZi1,PetHeader4_23,Go Tử Trưởng Thành,2253,75,Wild,Strength,Grass,694_500000;722_900000;662_450000;661_300000;653_250000,1432,771,1212,771,991,1255;1380;1443;1631;1882,Coward_100;Thoughtful_100;Loyal_200;Agile_100;Brave_500
22531,ZhenShougoZi2,PetHeader4_23,Go Tử Biến Dị,2253,75,Rare,Strength,Grass,694_500000;722_900000;662_450000;661_300000;653_250000,1504,809,1272,809,1041,1255;1380;1443;1631;1882,Coward_100;Thoughtful_100;Loyal_200;Agile_100;Brave_500
22532,ZhenShougoZi3,PetHeader4_23,Go Tử Biến Dị,2253,75,Rare,Strength,Grass,694_500000;722_900000;662_450000;661_300000;653_250000,1575,848,1333,848,1090,1255;1380;1443;1631;1882,Coward_100;Thoughtful_100;Loyal_200;Agile_100;Brave_500
22533,ZhenShougoZi4,PetHeader4_23,Go Tử Biến Dị,2253,75,Rare,Strength,Grass,694_500000;722_900000;662_450000;661_300000;653_250000,1647,887,1394,887,1140,1255;1380;1443;1631;1882,Coward_100;Thoughtful_100;Loyal_200;Agile_100;Brave_500
22534,ZhenShougoZi5,PetHeader4_23,Go Tử Biến Dị,2253,75,Rare,Strength,Grass,694_500000;722_900000;662_450000;661_300000;653_250000,1719,925,1454,925,1190,1255;1380;1443;1631;1882,Coward_100;Thoughtful_100;Loyal_200;Agile_100;Brave_500
22535,ZhenShougoZi6,PetHeader4_23,Go Tử Biến Dị,2253,75,Rare,Strength,Grass,694_500000;722_900000;662_450000;661_300000;653_250000,1790,964,1515,964,1239,1255;1380;1443;1631;1882,Coward_100;Thoughtful_100;Loyal_200;Agile_100;Brave_500
22536,ZhenShougoZi7,PetHeader4_23,Go Tử Biến Dị,2253,75,Rare,Strength,Grass,694_500000;722_900000;662_450000;661_300000;653_250000,1862,1002,1575,1002,1289,1255;1380;1443;1631;1882,Coward_100;Thoughtful_100;Loyal_200;Agile_100;Brave_500
22539,ZhenShougoZi1,PetHeader4_23,Go Tử Bảo Bảo,2253,75,Child,Strength,Grass,694_500000;722_900000;662_450000;661_300000;653_250000,1432,771,1212,771,991,1255;1380;1443;1631;1882,Coward_100;Thoughtful_100;Loyal_200;Agile_100;Brave_500
22540,ZhenShougoZi1,PetHeader4_23,Go Tử Trưởng Thành,2254,85,Wild,Strength,Grass,694_550000;722_900000;662_500000;661_350000;653_300000,1484,799,1256,799,1027,1357;1492;1560;1764;2035,Coward_100;Thoughtful_100;Loyal_200;Agile_100;Brave_500
22541,ZhenShougoZi2,PetHeader4_23,Go Tử Biến Dị,2254,85,Rare,Strength,Grass,694_550000;722_900000;662_500000;661_350000;653_300000,1548,833,1310,833,1071,1357;1492;1560;1764;2035,Coward_100;Thoughtful_100;Loyal_200;Agile_100;Brave_500
22542,ZhenShougoZi3,PetHeader4_23,Go Tử Biến Dị,2254,85,Rare,Strength,Grass,694_550000;722_900000;662_500000;661_350000;653_300000,1611,867,1363,867,1115,1357;1492;1560;1764;2035,Coward_100;Thoughtful_100;Loyal_200;Agile_100;Brave_500
22543,ZhenShougoZi4,PetHeader4_23,Go Tử Biến Dị,2254,85,Rare,Strength,Grass,694_550000;722_900000;662_500000;661_350000;653_300000,1675,902,1417,902,1159,1357;1492;1560;1764;2035,Coward_100;Thoughtful_100;Loyal_200;Agile_100;Brave_500
22544,ZhenShougoZi5,PetHeader4_23,Go Tử Biến Dị,2254,85,Rare,Strength,Grass,694_550000;722_900000;662_500000;661_350000;653_300000,1739,936,1471,936,1203,1357;1492;1560;1764;2035,Coward_100;Thoughtful_100;Loyal_200;Agile_100;Brave_500
22545,ZhenShougoZi6,PetHeader4_23,Go Tử Biến Dị,2254,85,Rare,Strength,Grass,694_550000;722_900000;662_500000;661_350000;653_300000,1802,970,1525,970,1248,1357;1492;1560;1764;2035,Coward_100;Thoughtful_100;Loyal_200;Agile_100;Brave_500
22546,ZhenShougoZi7,PetHeader4_23,Go Tử Biến Dị,2254,85,Rare,Strength,Grass,694_550000;722_900000;662_500000;661_350000;653_300000,1866,1004,1579,1004,1292,1357;1492;1560;1764;2035,Coward_100;Thoughtful_100;Loyal_200;Agile_100;Brave_500
22547,ZhenShougoZi8,PetHeader4_23,Go Tử Biến Dị,2254,85,Rare,Strength,Grass,694_550000;722_900000;662_500000;661_350000;653_300000,1929,1039,1633,1039,1336,1357;1492;1560;1764;2035,Coward_100;Thoughtful_100;Loyal_200;Agile_100;Brave_500
22549,ZhenShougoZi1,PetHeader4_23,Go Tử Bảo Bảo,2254,85,Child,Strength,Grass,694_550000;722_900000;662_500000;661_350000;653_300000,1484,799,1256,799,1027,1357;1492;1560;1764;2035,Coward_100;Thoughtful_100;Loyal_200;Agile_100;Brave_500
22550,ZhenShougoZi1,PetHeader4_23,Go Tử Trưởng Thành,2255,95,Wild,Strength,Grass,694_600000;722_900000;662_550000;661_400000;653_350000,1608,828,1301,828,1064,1459;1604;1677;1896;2388,Coward_100;Thoughtful_100;Loyal_200;Agile_100;Brave_500
22551,ZhenShougoZi2,PetHeader4_23,Go Tử Biến Dị,2255,95,Rare,Strength,Grass,694_600000;722_900000;662_550000;661_400000;653_350000,1669,859,1350,859,1104,1459;1604;1677;1896;2388,Coward_100;Thoughtful_100;Loyal_200;Agile_100;Brave_500
22552,ZhenShougoZi3,PetHeader4_23,Go Tử Biến Dị,2255,95,Rare,Strength,Grass,694_600000;722_900000;662_550000;661_400000;653_350000,1729,890,1398,890,1144,1459;1604;1677;1896;2388,Coward_100;Thoughtful_100;Loyal_200;Agile_100;Brave_500
22553,ZhenShougoZi4,PetHeader4_23,Go Tử Biến Dị,2255,95,Rare,Strength,Grass,694_600000;722_900000;662_550000;661_400000;653_350000,1789,921,1447,921,1184,1459;1604;1677;1896;2388,Coward_100;Thoughtful_100;Loyal_200;Agile_100;Brave_500
22554,ZhenShougoZi5,PetHeader4_23,Go Tử Biến Dị,2255,95,Rare,Strength,Grass,694_600000;722_900000;662_550000;661_400000;653_350000,1850,952,1496,952,1224,1459;1604;1677;1896;2388,Coward_100;Thoughtful_100;Loyal_200;Agile_100;Brave_500
22555,ZhenShougoZi6,PetHeader4_23,Go Tử Biến Dị,2255,95,Rare,Strength,Grass,694_600000;722_900000;662_550000;661_400000;653_350000,1910,983,1545,983,1264,1459;1604;1677;1896;2388,Coward_100;Thoughtful_100;Loyal_200;Agile_100;Brave_500
22556,ZhenShougoZi7,PetHeader4_23,Go Tử Biến Dị,2255,95,Rare,Strength,Grass,694_600000;722_900000;662_550000;661_400000;653_350000,1970,1014,1594,1014,1304,1459;1604;1677;1896;2388,Coward_100;Thoughtful_100;Loyal_200;Agile_100;Brave_500
22557,ZhenShougoZi8,PetHeader4_23,Go Tử Biến Dị,2255,95,Rare,Strength,Grass,694_600000;722_900000;662_550000;661_400000;653_350000,2031,1045,1642,1045,1344,1459;1604;1677;1896;2388,Coward_100;Thoughtful_100;Loyal_200;Agile_100;Brave_500
22558,ZhenShougoZi8,PetHeader4_23,Go Tử Biến Dị,2255,95,Rare,Strength,Grass,694_600000;722_900000;662_550000;661_400000;653_350000,2091,1076,1691,1076,1384,1459;1604;1677;1896;2388,Coward_100;Thoughtful_100;Loyal_200;Agile_100;Brave_500
22559,ZhenShougoZi1,PetHeader4_23,Go Tử Bảo Bảo,2255,95,Child,Strength,Grass,694_600000;722_900000;662_550000;661_400000;653_350000,1608,828,1301,828,1064,1459;1604;1677;1896;2388,Coward_100;Thoughtful_100;Loyal_200;Agile_100;Brave_500
22560,ZhenShouShangGuShenYuan1,PetHeader4_15,Thần Viên Trưởng Thành,2256,85,Wild,Balanced,Meat,737_300000;710_900000;658_250000;668_100000;718_50000,913,799,1598,913,685,1357;1492;1560;1764;2035,Coward_100;Thoughtful_150;Loyal_500;Agile_150;Brave_100
22561,ZhenShouShangGuShenYuan1a,PetHeader4_15,Thần Viên Biến Dị,2256,85,Rare,Balanced,Meat,737_300000;710_900000;658_250000;668_100000;718_50000,952,833,1667,952,714,1357;1492;1560;1764;2035,Coward_100;Thoughtful_150;Loyal_500;Agile_150;Brave_100
22562,ZhenShouShangGuShenYuan1a,PetHeader4_15,Thần Viên Biến Dị,2256,85,Rare,Balanced,Meat,737_300000;710_900000;658_250000;668_100000;718_50000,991,867,1735,991,743,1357;1492;1560;1764;2035,Coward_100;Thoughtful_150;Loyal_500;Agile_150;Brave_100
22563,ZhenShouShangGuShenYuan2,PetHeader4_15,Thần Viên Biến Dị,2256,85,Rare,Balanced,Meat,737_300000;710_900000;658_250000;668_100000;718_50000,1031,902,1804,1031,773,1357;1492;1560;1764;2035,Coward_100;Thoughtful_150;Loyal_500;Agile_150;Brave_100
22564,ZhenShouShangGuShenYuan2a,PetHeader4_15,Thần Viên Biến Dị,2256,85,Rare,Balanced,Meat,737_300000;710_900000;658_250000;668_100000;718_50000,1070,936,1872,1070,802,1357;1492;1560;1764;2035,Coward_100;Thoughtful_150;Loyal_500;Agile_150;Brave_100
22565,ZhenShouShangGuShenYuan3,PetHeader4_15,Thần Viên Biến Dị,2256,85,Rare,Balanced,Meat,737_300000;710_900000;658_250000;668_100000;718_50000,1109,970,1941,1109,832,1357;1492;1560;1764;2035,Coward_100;Thoughtful_150;Loyal_500;Agile_150;Brave_100
22566,ZhenShouShangGuShenYuan4,PetHeader4_15,Thần Viên Biến Dị,2256,85,Rare,Balanced,Meat,737_300000;710_900000;658_250000;668_100000;718_50000,1148,1004,2009,1148,861,1357;1492;1560;1764;2035,Coward_100;Thoughtful_150;Loyal_500;Agile_150;Brave_100
22567,ZhenShouShangGuShenYuan5,PetHeader4_15,Thần Viên Biến Dị,2256,85,Rare,Balanced,Meat,737_300000;710_900000;658_250000;668_100000;718_50000,1187,1039,2078,1187,890,1357;1492;1560;1764;2035,Coward_100;Thoughtful_150;Loyal_500;Agile_150;Brave_100
22569,ZhenShouShangGuShenYuan1,PetHeader4_15,Thần Viên Bảo Bảo,2256,85,Child,Balanced,Meat,737_300000;710_900000;658_250000;668_100000;718_50000,913,799,1598,913,685,1357;1492;1560;1764;2035,Coward_100;Thoughtful_150;Loyal_500;Agile_150;Brave_100
22570,ZhenShouShangGuShenYuan1,PetHeader4_15,Thần Viên Trưởng Thành,2257,95,Wild,Balanced,Meat,737_300000;710_900000;658_250000;668_100000;718_50000,946,828,1706,946,709,1459;1604;1677;1896;2388,Coward_100;Thoughtful_150;Loyal_500;Agile_150;Brave_100
22571,ZhenShouShangGuShenYuan1a,PetHeader4_15,Thần Viên Biến Dị,2257,95,Rare,Balanced,Meat,737_300000;710_900000;658_250000;668_100000;718_50000,981,859,1768,981,736,1459;1604;1677;1896;2388,Coward_100;Thoughtful_150;Loyal_500;Agile_150;Brave_100
22572,ZhenShouShangGuShenYuan1a,PetHeader4_15,Thần Viên Biến Dị,2257,95,Rare,Balanced,Meat,737_300000;710_900000;658_250000;668_100000;718_50000,1017,890,1830,1017,763,1459;1604;1677;1896;2388,Coward_100;Thoughtful_150;Loyal_500;Agile_150;Brave_100
22573,ZhenShouShangGuShenYuan2,PetHeader4_15,Thần Viên Biến Dị,2257,95,Rare,Balanced,Meat,737_300000;710_900000;658_250000;668_100000;718_50000,1052,921,1892,1052,789,1459;1604;1677;1896;2388,Coward_100;Thoughtful_150;Loyal_500;Agile_150;Brave_100
22574,ZhenShouShangGuShenYuan2a,PetHeader4_15,Thần Viên Biến Dị,2257,95,Rare,Balanced,Meat,737_300000;710_900000;658_250000;668_100000;718_50000,1088,952,1954,1088,816,1459;1604;1677;1896;2388,Coward_100;Thoughtful_150;Loyal_500;Agile_150;Brave_100
22575,ZhenShouShangGuShenYuan3,PetHeader4_15,Thần Viên Biến Dị,2257,95,Rare,Balanced,Meat,737_300000;710_900000;658_250000;668_100000;718_50000,1123,983,2016,1123,842,1459;1604;1677;1896;2388,Coward_100;Thoughtful_150;Loyal_500;Agile_150;Brave_100
22576,ZhenShouShangGuShenYuan4,PetHeader4_15,Thần Viên Biến Dị,2257,95,Rare,Balanced,Meat,737_300000;710_900000;658_250000;668_100000;718_50000,1159,1014,2078,1159,869,1459;1604;1677;1896;2388,Coward_100;Thoughtful_150;Loyal_500;Agile_150;Brave_100
22577,ZhenShouShangGuShenYuan5,PetHeader4_15,Thần Viên Biến Dị,2257,95,Rare,Balanced,Meat,737_300000;710_900000;658_250000;668_100000;718_50000,1194,1045,2140,1194,896,1459;1604;1677;1896;2388,Coward_100;Thoughtful_150;Loyal_500;Agile_150;Brave_100
22578,ZhenShouShangGuShenYuan6,PetHeader4_15,Thần Viên Biến Dị,2257,95,Rare,Balanced,Meat,737_300000;710_900000;658_250000;668_100000;718_50000,1230,1076,2203,1230,922,1459;1604;1677;1896;2388,Coward_100;Thoughtful_150;Loyal_500;Agile_150;Brave_100
22579,ZhenShouShangGuShenYuan1,PetHeader4_15,Thần Viên Bảo Bảo,2257,95,Child,Balanced,Meat,737_300000;710_900000;658_250000;668_100000;718_50000,946,828,1706,946,709,1459;1604;1677;1896;2388,Coward_100;Thoughtful_150;Loyal_500;Agile_150;Brave_100
22580,ZhenShouBaoXiangShouWei0,PetHeader4_24,Nham Hồn Trưởng Thành,2258,5,Wild,Magic,Meat,698_300000;728_900000;657_250000;730_100000;705_50000,469,1322,703,938,750,846;930;972;1099;1269,Coward_500;Thoughtful_100;Loyal_200;Agile_100;Brave_100
22581,ZhenShouBaoXiangShouWei1,PetHeader4_24,Nham Hồn Biến Dị,2258,5,Rare,Magic,Meat,698_300000;728_900000;657_250000;730_100000;705_50000,539,1520,809,1078,862,846;930;972;1099;1269,Coward_500;Thoughtful_100;Loyal_200;Agile_100;Brave_100
22582,ZhenShouBaoXiangShouWei2,PetHeader4_24,Nham Hồn Biến Dị,2258,5,Rare,Magic,Meat,698_300000;728_900000;657_250000;730_100000;705_50000,609,1719,914,1219,975,846;930;972;1099;1269,Coward_500;Thoughtful_100;Loyal_200;Agile_100;Brave_100
22589,ZhenShouBaoXiangShouWei0,PetHeader4_24,Nham Hồn Bảo Bảo,2258,5,Child,Magic,Meat,698_300000;728_900000;657_250000;730_100000;705_50000,469,1322,703,938,750,846;930;972;1099;1269,Coward_500;Thoughtful_100;Loyal_200;Agile_100;Brave_100
22590,ZhenShouBaoXiangShouWei0,PetHeader4_24,Nham Hồn Trưởng Thành,2259,45,Wild,Magic,Meat,698_350000;728_900000;657_300000;730_150000;705_100000,489,1380,734,979,783,948;1042;1090;1232;1422,Coward_500;Thoughtful_100;Loyal_200;Agile_100;Brave_100
22591,ZhenShouBaoXiangShouWei1,PetHeader4_24,Nham Hồn Biến Dị,2259,45,Rare,Magic,Meat,698_350000;728_900000;657_300000;730_150000;705_100000,538,1518,807,1076,861,948;1042;1090;1232;1422,Coward_500;Thoughtful_100;Loyal_200;Agile_100;Brave_100
22592,ZhenShouBaoXiangShouWei2,PetHeader4_24,Nham Hồn Biến Dị,2259,45,Rare,Magic,Meat,698_350000;728_900000;657_300000;730_150000;705_100000,587,1656,881,1174,939,948;1042;1090;1232;1422,Coward_500;Thoughtful_100;Loyal_200;Agile_100;Brave_100
22593,ZhenShouBaoXiangShouWei3,PetHeader4_24,Nham Hồn Biến Dị,2259,45,Rare,Magic,Meat,698_350000;728_900000;657_300000;730_150000;705_100000,636,1794,954,1272,1018,948;1042;1090;1232;1422,Coward_500;Thoughtful_100;Loyal_200;Agile_100;Brave_100
22599,ZhenShouBaoXiangShouWei0,PetHeader4_24,Nham Hồn Bảo Bảo,2259,45,Child,Magic,Meat,698_350000;728_900000;657_300000;730_150000;705_100000,489,1380,734,979,783,948;1042;1090;1232;1422,Coward_500;Thoughtful_100;Loyal_200;Agile_100;Brave_100
22600,ZhenShouBaoXiangShouWei0,PetHeader4_24,Nham Hồn Trưởng Thành,2260,55,Wild,Magic,Meat,698_400000;728_900000;657_350000;730_200000;705_150000,510,1438,765,1020,816,1051;1156;1208;1366;1576,Coward_500;Thoughtful_100;Loyal_200;Agile_100;Brave_100
22601,ZhenShouBaoXiangShouWei1,PetHeader4_24,Nham Hồn Biến Dị,2260,55,Rare,Magic,Meat,698_400000;728_900000;657_350000;730_200000;705_150000,548,1546,822,1096,877,1051;1156;1208;1366;1576,Coward_500;Thoughtful_100;Loyal_200;Agile_100;Brave_100
22602,ZhenShouBaoXiangShouWei2,PetHeader4_24,Nham Hồn Biến Dị,2260,55,Rare,Magic,Meat,698_400000;728_900000;657_350000;730_200000;705_150000,586,1653,879,1173,938,1051;1156;1208;1366;1576,Coward_500;Thoughtful_100;Loyal_200;Agile_100;Brave_100
22603,ZhenShouBaoXiangShouWei3,PetHeader4_24,Nham Hồn Biến Dị,2260,55,Rare,Magic,Meat,698_400000;728_900000;657_350000;730_200000;705_150000,624,1761,937,1249,999,1051;1156;1208;1366;1576,Coward_500;Thoughtful_100;Loyal_200;Agile_100;Brave_100
22604,ZhenShouBaoXiangShouWei4,PetHeader4_24,Nham Hồn Biến Dị,2260,55,Rare,Magic,Meat,698_400000;728_900000;657_350000;730_200000;705_150000,663,1869,994,1326,1060,1051;1156;1208;1366;1576,Coward_500;Thoughtful_100;Loyal_200;Agile_100;Brave_100
22609,ZhenShouBaoXiangShouWei0,PetHeader4_24,Nham Hồn Bảo Bảo,2260,55,Child,Magic,Meat,698_400000;728_900000;657_350000;730_200000;705_150000,510,1438,765,1020,816,1051;1156;1208;1366;1576,Coward_500;Thoughtful_100;Loyal_200;Agile_100;Brave_100
22610,ZhenShouBaoXiangShouWei0,PetHeader4_24,Nham Hồn Trưởng Thành,2261,65,Wild,Magic,Meat,698_450000;728_900000;657_350000;730_250000;705_200000,530,1496,795,1061,848,1153;1268;1325;1498;1729,Coward_500;Thoughtful_100;Loyal_200;Agile_100;Brave_100
22611,ZhenShouBaoXiangShouWei1,PetHeader4_24,Nham Hồn Biến Dị,2261,65,Rare,Magic,Meat,698_450000;728_900000;657_350000;730_250000;705_200000,562,1585,843,1124,899,1153;1268;1325;1498;1729,Coward_500;Thoughtful_100;Loyal_200;Agile_100;Brave_100
22612,ZhenShouBaoXiangShouWei2,PetHeader4_24,Nham Hồn Biến Dị,2261,65,Rare,Magic,Meat,698_450000;728_900000;657_350000;730_250000;705_200000,594,1675,891,1188,950,1153;1268;1325;1498;1729,Coward_500;Thoughtful_100;Loyal_200;Agile_100;Brave_100
22613,ZhenShouBaoXiangShouWei3,PetHeader4_24,Nham Hồn Biến Dị,2261,65,Rare,Magic,Meat,698_450000;728_900000;657_350000;730_250000;705_200000,625,1765,938,1251,1001,1153;1268;1325;1498;1729,Coward_500;Thoughtful_100;Loyal_200;Agile_100;Brave_100
22614,ZhenShouBaoXiangShouWei4,PetHeader4_24,Nham Hồn Biến Dị,2261,65,Rare,Magic,Meat,698_450000;728_900000;657_350000;730_250000;705_200000,657,1855,986,1315,1052,1153;1268;1325;1498;1729,Coward_500;Thoughtful_100;Loyal_200;Agile_100;Brave_100
22615,ZhenShouBaoXiangShouWei7,PetHeader4_24,Nham Hồn Biến Dị,2261,65,Rare,Magic,Meat,698_450000;728_900000;657_350000;730_250000;705_200000,689,1944,1034,1379,1103,1153;1268;1325;1498;1729,Coward_500;Thoughtful_100;Loyal_200;Agile_100;Brave_100
22619,ZhenShouBaoXiangShouWei0,PetHeader4_24,Nham Hồn Bảo Bảo,2261,65,Child,Magic,Meat,698_450000;728_900000;657_350000;730_250000;705_200000,530,1496,795,1061,848,1153;1268;1325;1498;1729,Coward_500;Thoughtful_100;Loyal_200;Agile_100;Brave_100
22620,ZhenShouBaoXiangShouWei0,PetHeader4_24,Nham Hồn Trưởng Thành,2262,75,Wild,Magic,Meat,698_500000;728_900000;657_350000;730_300000;705_250000,551,1553,826,1102,881,1255;1380;1443;1631;1882,Coward_500;Thoughtful_100;Loyal_200;Agile_100;Brave_100
22621,ZhenShouBaoXiangShouWei1,PetHeader4_24,Nham Hồn Biến Dị,2262,75,Rare,Magic,Meat,698_500000;728_900000;657_350000;730_300000;705_250000,578,1631,867,1157,925,1255;1380;1443;1631;1882,Coward_500;Thoughtful_100;Loyal_200;Agile_100;Brave_100
22622,ZhenShouBaoXiangShouWei2,PetHeader4_24,Nham Hồn Biến Dị,2262,75,Rare,Magic,Meat,698_500000;728_900000;657_350000;730_300000;705_250000,606,1709,909,1212,969,1255;1380;1443;1631;1882,Coward_500;Thoughtful_100;Loyal_200;Agile_100;Brave_100
22623,ZhenShouBaoXiangShouWei3,PetHeader4_24,Nham Hồn Biến Dị,2262,75,Rare,Magic,Meat,698_500000;728_900000;657_350000;730_300000;705_250000,633,1786,950,1267,1013,1255;1380;1443;1631;1882,Coward_500;Thoughtful_100;Loyal_200;Agile_100;Brave_100
22624,ZhenShouBaoXiangShouWei4,PetHeader4_24,Nham Hồn Biến Dị,2262,75,Rare,Magic,Meat,698_500000;728_900000;657_350000;730_300000;705_250000,661,1864,991,1322,1057,1255;1380;1443;1631;1882,Coward_500;Thoughtful_100;Loyal_200;Agile_100;Brave_100
22625,ZhenShouBaoXiangShouWei7,PetHeader4_24,Nham Hồn Biến Dị,2262,75,Rare,Magic,Meat,698_500000;728_900000;657_350000;730_300000;705_250000,688,1942,1033,1377,1102,1255;1380;1443;1631;1882,Coward_500;Thoughtful_100;Loyal_200;Agile_100;Brave_100
22626,ZhenShouBaoXiangShouWei8,PetHeader4_24,Nham Hồn Biến Dị,2262,75,Rare,Magic,Meat,698_500000;728_900000;657_350000;730_300000;705_250000,716,2019,1074,1432,1146,1255;1380;1443;1631;1882,Coward_500;Thoughtful_100;Loyal_200;Agile_100;Brave_100
22629,ZhenShouBaoXiangShouWei0,PetHeader4_24,Nham Hồn Bảo Bảo,2262,75,Child,Magic,Meat,698_500000;728_900000;657_350000;730_300000;705_250000,551,1553,826,1102,881,1255;1380;1443;1631;1882,Coward_500;Thoughtful_100;Loyal_200;Agile_100;Brave_100
22630,ZhenShouBaoXiangShouWei0,PetHeader4_24,Nham Hồn Trưởng Thành,2263,85,Wild,Magic,Meat,698_550000;728_900000;657_350000;730_350000;705_300000,571,1610,856,1142,913,1357;1492;1560;1764;2035,Coward_500;Thoughtful_100;Loyal_200;Agile_100;Brave_100
22631,ZhenShouBaoXiangShouWei1,PetHeader4_24,Nham Hồn Biến Dị,2263,85,Rare,Magic,Meat,698_550000;728_900000;657_350000;730_350000;705_300000,595,1679,893,1190,952,1357;1492;1560;1764;2035,Coward_500;Thoughtful_100;Loyal_200;Agile_100;Brave_100
22632,ZhenShouBaoXiangShouWei2,PetHeader4_24,Nham Hồn Biến Dị,2263,85,Rare,Magic,Meat,698_550000;728_900000;657_350000;730_350000;705_300000,619,1748,929,1239,991,1357;1492;1560;1764;2035,Coward_500;Thoughtful_100;Loyal_200;Agile_100;Brave_100
22633,ZhenShouBaoXiangShouWei3,PetHeader4_24,Nham Hồn Biến Dị,2263,85,Rare,Magic,Meat,698_550000;728_900000;657_350000;730_350000;705_300000,644,1817,966,1288,1031,1357;1492;1560;1764;2035,Coward_500;Thoughtful_100;Loyal_200;Agile_100;Brave_100
22634,ZhenShouBaoXiangShouWei4,PetHeader4_24,Nham Hồn Biến Dị,2263,85,Rare,Magic,Meat,698_550000;728_900000;657_350000;730_350000;705_300000,668,1886,1003,1337,1070,1357;1492;1560;1764;2035,Coward_500;Thoughtful_100;Loyal_200;Agile_100;Brave_100
22635,ZhenShouBaoXiangShouWei7,PetHeader4_24,Nham Hồn Biến Dị,2263,85,Rare,Magic,Meat,698_550000;728_900000;657_350000;730_350000;705_300000,693,1955,1040,1386,1109,1357;1492;1560;1764;2035,Coward_500;Thoughtful_100;Loyal_200;Agile_100;Brave_100
22636,ZhenShouBaoXiangShouWei8,PetHeader4_24,Nham Hồn Biến Dị,2263,85,Rare,Magic,Meat,698_550000;728_900000;657_350000;730_350000;705_300000,717,2024,1076,1435,1148,1357;1492;1560;1764;2035,Coward_500;Thoughtful_100;Loyal_200;Agile_100;Brave_100
22637,ZhenShouBaoXiangShouWei5,PetHeader4_24,Nham Hồn Biến Dị,2263,85,Rare,Magic,Meat,698_550000;728_900000;657_350000;730_350000;705_300000,742,2093,1113,1484,1187,1357;1492;1560;1764;2035,Coward_500;Thoughtful_100;Loyal_200;Agile_100;Brave_100
22639,ZhenShouBaoXiangShouWei0,PetHeader4_24,Nham Hồn Bảo Bảo,2263,85,Child,Magic,Meat,698_550000;728_900000;657_350000;730_350000;705_300000,571,1610,856,1142,913,1357;1492;1560;1764;2035,Coward_500;Thoughtful_100;Loyal_200;Agile_100;Brave_100
22640,ZhenShouBaoXiangShouWei0,PetHeader4_24,Nham Hồn Trưởng Thành,2264,95,Wild,Magic,Meat,698_600000;728_900000;657_350000;730_350000;705_350000,591,1668,887,1183,946,1459;1604;1677;1896;2388,Coward_500;Thoughtful_100;Loyal_200;Agile_100;Brave_100
22641,ZhenShouBaoXiangShouWei1,PetHeader4_24,Nham Hồn Biến Dị,2264,95,Rare,Magic,Meat,698_600000;728_900000;657_350000;730_350000;705_350000,613,1730,920,1227,981,1459;1604;1677;1896;2388,Coward_500;Thoughtful_100;Loyal_200;Agile_100;Brave_100
22642,ZhenShouBaoXiangShouWei2,PetHeader4_24,Nham Hồn Biến Dị,2264,95,Rare,Magic,Meat,698_600000;728_900000;657_350000;730_350000;705_350000,635,1793,953,1271,1017,1459;1604;1677;1896;2388,Coward_500;Thoughtful_100;Loyal_200;Agile_100;Brave_100
22643,ZhenShouBaoXiangShouWei3,PetHeader4_24,Nham Hồn Biến Dị,2264,95,Rare,Magic,Meat,698_600000;728_900000;657_350000;730_350000;705_350000,658,1855,987,1316,1052,1459;1604;1677;1896;2388,Coward_500;Thoughtful_100;Loyal_200;Agile_100;Brave_100
22644,ZhenShouBaoXiangShouWei4,PetHeader4_24,Nham Hồn Biến Dị,2264,95,Rare,Magic,Meat,698_600000;728_900000;657_350000;730_350000;705_350000,680,1918,1020,1360,1088,1459;1604;1677;1896;2388,Coward_500;Thoughtful_100;Loyal_200;Agile_100;Brave_100
22645,ZhenShouBaoXiangShouWei7,PetHeader4_24,Nham Hồn Biến Dị,2264,95,Rare,Magic,Meat,698_600000;728_900000;657_350000;730_350000;705_350000,702,1980,1053,1404,1123,1459;1604;1677;1896;2388,Coward_500;Thoughtful_100;Loyal_200;Agile_100;Brave_100
22646,ZhenShouBaoXiangShouWei8,PetHeader4_24,Nham Hồn Biến Dị,2264,95,Rare,Magic,Meat,698_600000;728_900000;657_350000;730_350000;705_350000,724,2043,1086,1449,1159,1459;1604;1677;1896;2388,Coward_500;Thoughtful_100;Loyal_200;Agile_100;Brave_100
22647,ZhenShouBaoXiangShouWei5,PetHeader4_24,Nham Hồn Biến Dị,2264,95,Rare,Magic,Meat,698_600000;728_900000;657_350000;730_350000;705_350000,746,2105,1120,1493,1194,1459;1604;1677;1896;2388,Coward_500;Thoughtful_100;Loyal_200;Agile_100;Brave_100
22648,ZhenShouBaoXiangShouWei6,PetHeader4_24,Nham Hồn Biến Dị,2264,95,Rare,Magic,Meat,698_600000;728_900000;657_350000;730_350000;705_350000,768,2168,1153,1537,1230,1459;1604;1677;1896;2388,Coward_500;Thoughtful_100;Loyal_200;Agile_100;Brave_100
22649,ZhenShouBaoXiangShouWei0,PetHeader4_24,Nham Hồn Bảo Bảo,2264,95,Child,Magic,Meat,698_600000;728_900000;657_350000;730_350000;705_350000,591,1668,887,1183,946,1459;1604;1677;1896;2388,Coward_500;Thoughtful_100;Loyal_200;Agile_100;Brave_100
22650,YuanYangFangDaBan,PetHeader4_11,Thất Tịch Uyên Ương Trưởng Thành,2265,5,Wild,Magic,Rice,688_300000;703_900000;670_250000;660_100000;653_50000,656,1219,750,1031,750,846;930;972;1099;1269,Coward_500;Thoughtful_100;Loyal_200;Agile_100;Brave_100
22651,YuanYangFangDaBan1,PetHeader4_11,Thất Tịch Uyên Ương Biến Dị,2265,5,Rare,Magic,Rice,688_300000;703_900000;670_250000;660_100000;653_50000,755,1402,862,1186,862,846;930;972;1099;1269,Coward_500;Thoughtful_100;Loyal_200;Agile_100;Brave_100
22652,YuanYangFangDaBan2,PetHeader4_11,Thất Tịch Uyên Ương Biến Dị,2265,5,Rare,Magic,Rice,688_300000;703_900000;670_250000;660_100000;653_50000,853,1585,975,1341,975,846;930;972;1099;1269,Coward_500;Thoughtful_100;Loyal_200;Agile_100;Brave_100
22659,YuanYangFangDaBan,PetHeader4_11,Thất Tịch Uyên Ương Bảo Bảo,2265,5,Child,Magic,Rice,688_1000000;703_900000;670_250000;660_100000;653_50000,656,1219,750,1031,750,846;930;972;1099;1269,Coward_500;Thoughtful_100;Loyal_200;Agile_100;Brave_100
22660,YuanYangFangDaBan,PetHeader4_11,Thất Tịch Uyên Ương Trưởng Thành,2266,45,Wild,Magic,Rice,688_350000;703_900000;670_300000;660_150000;653_100000,685,1272,783,1076,783,948;1042;1090;1232;1422,Coward_500;Thoughtful_100;Loyal_200;Agile_100;Brave_100
22661,YuanYangFangDaBan1,PetHeader4_11,Thất Tịch Uyên Ương Biến Dị,2266,45,Rare,Magic,Rice,688_350000;703_900000;670_300000;660_150000;653_100000,753,1399,861,1184,861,948;1042;1090;1232;1422,Coward_500;Thoughtful_100;Loyal_200;Agile_100;Brave_100
22662,YuanYangFangDaBan2,PetHeader4_11,Thất Tịch Uyên Ương Biến Dị,2266,45,Rare,Magic,Rice,688_350000;703_900000;670_300000;660_150000;653_100000,822,1527,939,1292,939,948;1042;1090;1232;1422,Coward_500;Thoughtful_100;Loyal_200;Agile_100;Brave_100
22663,YuanYangFangDaBan3,PetHeader4_11,Thất Tịch Uyên Ương Biến Dị,2266,45,Rare,Magic,Rice,688_350000;703_900000;670_300000;660_150000;653_100000,890,1654,1018,1399,1018,948;1042;1090;1232;1422,Coward_500;Thoughtful_100;Loyal_200;Agile_100;Brave_100
22669,YuanYangFangDaBan,PetHeader4_11,Thất Tịch Uyên Ương Bảo Bảo,2266,45,Child,Magic,Rice,688_1000000;703_900000;670_300000;660_150000;653_100000,685,1272,783,1076,783,948;1042;1090;1232;1422,Coward_500;Thoughtful_100;Loyal_200;Agile_100;Brave_100
22670,YuanYangFangDaBan,PetHeader4_11,Thất Tịch Uyên Ương Trưởng Thành,2267,55,Wild,Magic,Rice,688_400000;703_900000;670_350000;660_200000;653_150000,714,1326,816,1122,816,1051;1156;1208;1366;1576,Coward_500;Thoughtful_100;Loyal_200;Agile_100;Brave_100
22671,YuanYangFangDaBan1,PetHeader4_11,Thất Tịch Uyên Ương Biến Dị,2267,55,Rare,Magic,Rice,688_400000;703_900000;670_350000;660_200000;653_150000,767,1425,877,1206,877,1051;1156;1208;1366;1576,Coward_500;Thoughtful_100;Loyal_200;Agile_100;Brave_100
22672,YuanYangFangDaBan2,PetHeader4_11,Thất Tịch Uyên Ương Biến Dị,2267,55,Rare,Magic,Rice,688_400000;703_900000;670_350000;660_200000;653_150000,821,1524,938,1290,938,1051;1156;1208;1366;1576,Coward_500;Thoughtful_100;Loyal_200;Agile_100;Brave_100
22673,YuanYangFangDaBan3,PetHeader4_11,Thất Tịch Uyên Ương Biến Dị,2267,55,Rare,Magic,Rice,688_400000;703_900000;670_350000;660_200000;653_150000,874,1624,999,1374,999,1051;1156;1208;1366;1576,Coward_500;Thoughtful_100;Loyal_200;Agile_100;Brave_100
22674,YuanYangFangDaBan4,PetHeader4_11,Thất Tịch Uyên Ương Biến Dị,2267,55,Rare,Magic,Rice,688_400000;703_900000;670_350000;660_200000;653_150000,928,1723,1060,1458,1060,1051;1156;1208;1366;1576,Coward_500;Thoughtful_100;Loyal_200;Agile_100;Brave_100
22679,YuanYangFangDaBan,PetHeader4_11,Thất Tịch Uyên Ương Bảo Bảo,2267,55,Child,Magic,Rice,688_1000000;703_900000;670_350000;660_200000;653_150000,714,1326,816,1122,816,1051;1156;1208;1366;1576,Coward_500;Thoughtful_100;Loyal_200;Agile_100;Brave_100
22680,YuanYangFangDaBan,PetHeader4_11,Thất Tịch Uyên Ương Trưởng Thành,2268,65,Wild,Magic,Rice,688_450000;703_900000;670_400000;660_250000;653_200000,742,1379,848,1167,848,1153;1268;1325;1498;1729,Coward_500;Thoughtful_100;Loyal_200;Agile_100;Brave_100
22681,YuanYangFangDaBan1,PetHeader4_11,Thất Tịch Uyên Ương Biến Dị,2268,65,Rare,Magic,Rice,688_450000;703_900000;670_400000;660_250000;653_200000,787,1462,899,1237,899,1153;1268;1325;1498;1729,Coward_500;Thoughtful_100;Loyal_200;Agile_100;Brave_100
22682,YuanYangFangDaBan2,PetHeader4_11,Thất Tịch Uyên Ương Biến Dị,2268,65,Rare,Magic,Rice,688_450000;703_900000;670_400000;660_250000;653_200000,831,1544,950,1307,950,1153;1268;1325;1498;1729,Coward_500;Thoughtful_100;Loyal_200;Agile_100;Brave_100
22683,YuanYangFangDaBan3,PetHeader4_11,Thất Tịch Uyên Ương Biến Dị,2268,65,Rare,Magic,Rice,688_450000;703_900000;670_400000;660_250000;653_200000,876,1627,1001,1377,1001,1153;1268;1325;1498;1729,Coward_500;Thoughtful_100;Loyal_200;Agile_100;Brave_100
22684,YuanYangFangDaBan4,PetHeader4_11,Thất Tịch Uyên Ương Biến Dị,2268,65,Rare,Magic,Rice,688_450000;703_900000;670_400000;660_250000;653_200000,920,1710,1052,1447,1052,1153;1268;1325;1498;1729,Coward_500;Thoughtful_100;Loyal_200;Agile_100;Brave_100
22685,YuanYangFangDaBan5,PetHeader4_11,Thất Tịch Uyên Ương Biến Dị,2268,65,Rare,Magic,Rice,688_450000;703_900000;670_400000;660_250000;653_200000,965,1793,1103,1517,1103,1153;1268;1325;1498;1729,Coward_500;Thoughtful_100;Loyal_200;Agile_100;Brave_100
22689,YuanYangFangDaBan,PetHeader4_11,Thất Tịch Uyên Ương Bảo Bảo,2268,65,Child,Magic,Rice,688_1000000;703_900000;670_400000;660_250000;653_200000,742,1379,848,1167,848,1153;1268;1325;1498;1729,Coward_500;Thoughtful_100;Loyal_200;Agile_100;Brave_100
22690,YuanYangFangDaBan,PetHeader4_11,Thất Tịch Uyên Ương Trưởng Thành,2269,75,Wild,Magic,Rice,688_500000;703_900000;670_450000;660_300000;653_250000,771,1432,881,1212,881,1255;1380;1443;1631;1882,Coward_500;Thoughtful_100;Loyal_200;Agile_100;Brave_100
22691,YuanYangFangDaBan1,PetHeader4_11,Thất Tịch Uyên Ương Biến Dị,2269,75,Rare,Magic,Rice,688_500000;703_900000;670_450000;660_300000;653_250000,809,1504,925,1272,925,1255;1380;1443;1631;1882,Coward_500;Thoughtful_100;Loyal_200;Agile_100;Brave_100
22692,YuanYangFangDaBan2,PetHeader4_11,Thất Tịch Uyên Ương Biến Dị,2269,75,Rare,Magic,Rice,688_500000;703_900000;670_450000;660_300000;653_250000,848,1575,969,1333,969,1255;1380;1443;1631;1882,Coward_500;Thoughtful_100;Loyal_200;Agile_100;Brave_100
22693,YuanYangFangDaBan3,PetHeader4_11,Thất Tịch Uyên Ương Biến Dị,2269,75,Rare,Magic,Rice,688_500000;703_900000;670_450000;660_300000;653_250000,887,1647,1013,1394,1013,1255;1380;1443;1631;1882,Coward_500;Thoughtful_100;Loyal_200;Agile_100;Brave_100
22694,YuanYangFangDaBan4,PetHeader4_11,Thất Tịch Uyên Ương Biến Dị,2269,75,Rare,Magic,Rice,688_500000;703_900000;670_450000;660_300000;653_250000,925,1719,1057,1454,1057,1255;1380;1443;1631;1882,Coward_500;Thoughtful_100;Loyal_200;Agile_100;Brave_100
22695,YuanYangFangDaBan5,PetHeader4_11,Thất Tịch Uyên Ương Biến Dị,2269,75,Rare,Magic,Rice,688_500000;703_900000;670_450000;660_300000;653_250000,964,1790,1102,1515,1102,1255;1380;1443;1631;1882,Coward_500;Thoughtful_100;Loyal_200;Agile_100;Brave_100
22696,YuanYangFangDaBan6,PetHeader4_11,Thất Tịch Uyên Ương Biến Dị,2269,75,Rare,Magic,Rice,688_500000;703_900000;670_450000;660_300000;653_250000,1002,1862,1146,1575,1146,1255;1380;1443;1631;1882,Coward_500;Thoughtful_100;Loyal_200;Agile_100;Brave_100
22699,YuanYangFangDaBan,PetHeader4_11,Thất Tịch Uyên Ương Bảo Bảo,2269,75,Child,Magic,Rice,688_1000000;703_900000;670_450000;660_300000;653_250000,771,1432,881,1212,881,1255;1380;1443;1631;1882,Coward_500;Thoughtful_100;Loyal_200;Agile_100;Brave_100
22700,YuanYangFangDaBan,PetHeader4_11,Thất Tịch Uyên Ương Trưởng Thành,2270,85,Wild,Magic,Rice,688_550000;703_900000;670_500000;660_350000;653_300000,799,1484,913,1256,913,1357;1492;1560;1764;2035,Coward_500;Thoughtful_100;Loyal_200;Agile_100;Brave_100
22701,YuanYangFangDaBan1,PetHeader4_11,Thất Tịch Uyên Ương Biến Dị,2270,85,Rare,Magic,Rice,688_550000;703_900000;670_500000;660_350000;653_300000,833,1548,952,1310,952,1357;1492;1560;1764;2035,Coward_500;Thoughtful_100;Loyal_200;Agile_100;Brave_100
22702,YuanYangFangDaBan2,PetHeader4_11,Thất Tịch Uyên Ương Biến Dị,2270,85,Rare,Magic,Rice,688_550000;703_900000;670_500000;660_350000;653_300000,867,1611,991,1363,991,1357;1492;1560;1764;2035,Coward_500;Thoughtful_100;Loyal_200;Agile_100;Brave_100
22703,YuanYangFangDaBan3,PetHeader4_11,Thất Tịch Uyên Ương Biến Dị,2270,85,Rare,Magic,Rice,688_550000;703_900000;670_500000;660_350000;653_300000,902,1675,1031,1417,1031,1357;1492;1560;1764;2035,Coward_500;Thoughtful_100;Loyal_200;Agile_100;Brave_100
22704,YuanYangFangDaBan4,PetHeader4_11,Thất Tịch Uyên Ương Biến Dị,2270,85,Rare,Magic,Rice,688_550000;703_900000;670_500000;660_350000;653_300000,936,1739,1070,1471,1070,1357;1492;1560;1764;2035,Coward_500;Thoughtful_100;Loyal_200;Agile_100;Brave_100
22705,YuanYangFangDaBan5,PetHeader4_11,Thất Tịch Uyên Ương Biến Dị,2270,85,Rare,Magic,Rice,688_550000;703_900000;670_500000;660_350000;653_300000,970,1802,1109,1525,1109,1357;1492;1560;1764;2035,Coward_500;Thoughtful_100;Loyal_200;Agile_100;Brave_100
22706,YuanYangFangDaBan6,PetHeader4_11,Thất Tịch Uyên Ương Biến Dị,2270,85,Rare,Magic,Rice,688_550000;703_900000;670_500000;660_350000;653_300000,1004,1866,1148,1579,1148,1357;1492;1560;1764;2035,Coward_500;Thoughtful_100;Loyal_200;Agile_100;Brave_100
22707,YuanYangFangDaBan7,PetHeader4_11,Thất Tịch Uyên Ương Biến Dị,2270,85,Rare,Magic,Rice,688_550000;703_900000;670_500000;660_350000;653_300000,1039,1929,1187,1633,1187,1357;1492;1560;1764;2035,Coward_500;Thoughtful_100;Loyal_200;Agile_100;Brave_100
22709,YuanYangFangDaBan,PetHeader4_11,Thất Tịch Uyên Ương Bảo Bảo,2270,85,Child,Magic,Rice,688_1000000;703_900000;670_500000;660_350000;653_300000,799,1484,913,1256,913,1357;1492;1560;1764;2035,Coward_500;Thoughtful_100;Loyal_200;Agile_100;Brave_100
22710,YuanYangFangDaBan,PetHeader4_11,Thất Tịch Uyên Ương Trưởng Thành,2271,95,Wild,Magic,Rice,688_600000;703_900000;670_550000;660_400000;653_350000,828,1537,946,1301,946,1459;1604;1677;1896;2388,Coward_500;Thoughtful_100;Loyal_200;Agile_100;Brave_100
22711,YuanYangFangDaBan1,PetHeader4_11,Thất Tịch Uyên Ương Biến Dị,2271,95,Rare,Magic,Rice,688_600000;703_900000;670_550000;660_400000;653_350000,859,1595,981,1350,981,1459;1604;1677;1896;2388,Coward_500;Thoughtful_100;Loyal_200;Agile_100;Brave_100
22712,YuanYangFangDaBan2,PetHeader4_11,Thất Tịch Uyên Ương Biến Dị,2271,95,Rare,Magic,Rice,688_600000;703_900000;670_550000;660_400000;653_350000,890,1653,1017,1398,1017,1459;1604;1677;1896;2388,Coward_500;Thoughtful_100;Loyal_200;Agile_100;Brave_100
22713,YuanYangFangDaBan3,PetHeader4_11,Thất Tịch Uyên Ương Biến Dị,2271,95,Rare,Magic,Rice,688_600000;703_900000;670_550000;660_400000;653_350000,921,1710,1052,1447,1052,1459;1604;1677;1896;2388,Coward_500;Thoughtful_100;Loyal_200;Agile_100;Brave_100
22714,YuanYangFangDaBan4,PetHeader4_11,Thất Tịch Uyên Ương Biến Dị,2271,95,Rare,Magic,Rice,688_600000;703_900000;670_550000;660_400000;653_350000,952,1768,1088,1496,1088,1459;1604;1677;1896;2388,Coward_500;Thoughtful_100;Loyal_200;Agile_100;Brave_100
22715,YuanYangFangDaBan5,PetHeader4_11,Thất Tịch Uyên Ương Biến Dị,2271,95,Rare,Magic,Rice,688_600000;703_900000;670_550000;660_400000;653_350000,983,1826,1123,1545,1123,1459;1604;1677;1896;2388,Coward_500;Thoughtful_100;Loyal_200;Agile_100;Brave_100
22716,YuanYangFangDaBan6,PetHeader4_11,Thất Tịch Uyên Ương Biến Dị,2271,95,Rare,Magic,Rice,688_600000;703_900000;670_550000;660_400000;653_350000,1014,1883,1159,1594,1159,1459;1604;1677;1896;2388,Coward_500;Thoughtful_100;Loyal_200;Agile_100;Brave_100
22717,YuanYangFangDaBan7,PetHeader4_11,Thất Tịch Uyên Ương Biến Dị,2271,95,Rare,Magic,Rice,688_600000;703_900000;670_550000;660_400000;653_350000,1045,1941,1194,1642,1194,1459;1604;1677;1896;2388,Coward_500;Thoughtful_100;Loyal_200;Agile_100;Brave_100
22718,YuanYangFangDaBan7,PetHeader4_11,Thất Tịch Uyên Ương Biến Dị,2271,95,Rare,Magic,Rice,688_600000;703_900000;670_550000;660_400000;653_350000,1076,1999,1230,1691,1230,1459;1604;1677;1896;2388,Coward_500;Thoughtful_100;Loyal_200;Agile_100;Brave_100
22719,YuanYangFangDaBan,PetHeader4_11,Thất Tịch Uyên Ương Bảo Bảo,2271,95,Child,Magic,Rice,688_1000000;703_900000;670_550000;660_400000;653_350000,828,1537,946,1301,946,1459;1604;1677;1896;2388,Coward_500;Thoughtful_100;Loyal_200;Agile_100;Brave_100
22720,ZhenShouShuJingBaoBao0,PetHeader4_25,Phế Sài Trưởng Thành,2272,5,Wild,Strength,Meat,694_300000;722_900000;657_250000;734_100000;654_50000,1294,469,966,656,844,846;930;972;1099;1269,Coward_100;Thoughtful_100;Loyal_200;Agile_100;Brave_500
22721,ZhenShouShuJingBaoBao1,PetHeader4_25,Phế Sài Biến Dị,2272,5,Rare,Strength,Meat,694_300000;722_900000;657_250000;734_100000;654_50000,1488,539,1111,755,970,846;930;972;1099;1269,Coward_100;Thoughtful_100;Loyal_200;Agile_100;Brave_500
22722,ZhenShouShuJingBaoBao2,PetHeader4_25,Phế Sài Biến Dị,2272,5,Rare,Strength,Meat,694_300000;722_900000;657_250000;734_100000;654_50000,1682,609,1255,853,1097,846;930;972;1099;1269,Coward_100;Thoughtful_100;Loyal_200;Agile_100;Brave_500
22729,ZhenShouShuJingBaoBao0,PetHeader4_25,Phế Sài Bảo Bảo,2272,5,Child,Strength,Meat,694_300000;722_900000;657_250000;734_100000;654_50000,1294,469,966,656,844,846;930;972;1099;1269,Coward_100;Thoughtful_100;Loyal_200;Agile_100;Brave_500
22730,ZhenShouShuJingBaoBao0,PetHeader4_25,Phế Sài Trưởng Thành,2273,45,Wild,Strength,Meat,694_350000;722_900000;657_300000;734_150000;654_100000,1351,489,1008,685,881,948;1042;1090;1232;1422,Coward_100;Thoughtful_100;Loyal_200;Agile_100;Brave_500
22731,ZhenShouShuJingBaoBao1,PetHeader4_25,Phế Sài Biến Dị,2273,45,Rare,Strength,Meat,694_350000;722_900000;657_300000;734_150000;654_100000,1486,538,1109,753,969,948;1042;1090;1232;1422,Coward_100;Thoughtful_100;Loyal_200;Agile_100;Brave_500
22732,ZhenShouShuJingBaoBao2,PetHeader4_25,Phế Sài Biến Dị,2273,45,Rare,Strength,Meat,694_350000;722_900000;657_300000;734_150000;654_100000,1621,587,1210,822,1057,948;1042;1090;1232;1422,Coward_100;Thoughtful_100;Loyal_200;Agile_100;Brave_500
22733,ZhenShouShuJingBaoBao3,PetHeader4_25,Phế Sài Biến Dị,2273,45,Rare,Strength,Meat,694_350000;722_900000;657_300000;734_150000;654_100000,1756,636,1310,890,1145,948;1042;1090;1232;1422,Coward_100;Thoughtful_100;Loyal_200;Agile_100;Brave_500
22739,ZhenShouShuJingBaoBao0,PetHeader4_25,Phế Sài Bảo Bảo,2273,45,Child,Strength,Meat,694_350000;722_900000;657_300000;734_150000;654_100000,1351,489,1008,685,881,948;1042;1090;1232;1422,Coward_100;Thoughtful_100;Loyal_200;Agile_100;Brave_500
22740,ZhenShouShuJingBaoBao0,PetHeader4_25,Phế Sài Trưởng Thành,2274,55,Wild,Strength,Meat,694_400000;722_900000;657_350000;734_200000;654_150000,1407,510,1050,714,918,1051;1156;1208;1366;1576,Coward_100;Thoughtful_100;Loyal_200;Agile_100;Brave_500
22741,ZhenShouShuJingBaoBao1,PetHeader4_25,Phế Sài Biến Dị,2274,55,Rare,Strength,Meat,694_400000;722_900000;657_350000;734_200000;654_150000,1513,548,1129,767,986,1051;1156;1208;1366;1576,Coward_100;Thoughtful_100;Loyal_200;Agile_100;Brave_500
22742,ZhenShouShuJingBaoBao2,PetHeader4_25,Phế Sài Biến Dị,2274,55,Rare,Strength,Meat,694_400000;722_900000;657_350000;734_200000;654_150000,1618,586,1208,821,1055,1051;1156;1208;1366;1576,Coward_100;Thoughtful_100;Loyal_200;Agile_100;Brave_500
22743,ZhenShouShuJingBaoBao3,PetHeader4_25,Phế Sài Biến Dị,2274,55,Rare,Strength,Meat,694_400000;722_900000;657_350000;734_200000;654_150000,1724,624,1286,874,1124,1051;1156;1208;1366;1576,Coward_100;Thoughtful_100;Loyal_200;Agile_100;Brave_500
22744,ZhenShouShuJingBaoBao4,PetHeader4_25,Phế Sài Biến Dị,2274,55,Rare,Strength,Meat,694_400000;722_900000;657_350000;734_200000;654_150000,1829,663,1365,928,1193,1051;1156;1208;1366;1576,Coward_100;Thoughtful_100;Loyal_200;Agile_100;Brave_500
22749,ZhenShouShuJingBaoBao0,PetHeader4_25,Phế Sài Bảo Bảo,2274,55,Child,Strength,Meat,694_400000;722_900000;657_350000;734_200000;654_150000,1407,510,1050,714,918,1051;1156;1208;1366;1576,Coward_100;Thoughtful_100;Loyal_200;Agile_100;Brave_500
22750,ZhenShouShuJingBaoBao0,PetHeader4_25,Phế Sài Trưởng Thành,2275,65,Wild,Strength,Meat,694_450000;722_900000;657_400000;734_250000;654_200000,1464,530,1092,742,954,1153;1268;1325;1498;1729,Coward_100;Thoughtful_100;Loyal_200;Agile_100;Brave_500
22751,ZhenShouShuJingBaoBao1,PetHeader4_25,Phế Sài Biến Dị,2275,65,Rare,Strength,Meat,694_450000;722_900000;657_400000;734_250000;654_200000,1552,562,1158,787,1012,1153;1268;1325;1498;1729,Coward_100;Thoughtful_100;Loyal_200;Agile_100;Brave_500
22752,ZhenShouShuJingBaoBao2,PetHeader4_25,Phế Sài Biến Dị,2275,65,Rare,Strength,Meat,694_450000;722_900000;657_400000;734_250000;654_200000,1639,594,1223,831,1069,1153;1268;1325;1498;1729,Coward_100;Thoughtful_100;Loyal_200;Agile_100;Brave_500
22753,ZhenShouShuJingBaoBao3,PetHeader4_25,Phế Sài Biến Dị,2275,65,Rare,Strength,Meat,694_450000;722_900000;657_400000;734_250000;654_200000,1727,625,1289,876,1126,1153;1268;1325;1498;1729,Coward_100;Thoughtful_100;Loyal_200;Agile_100;Brave_500
22754,ZhenShouShuJingBaoBao4,PetHeader4_25,Phế Sài Biến Dị,2275,65,Rare,Strength,Meat,694_450000;722_900000;657_400000;734_250000;654_200000,1815,657,1355,920,1184,1153;1268;1325;1498;1729,Coward_100;Thoughtful_100;Loyal_200;Agile_100;Brave_500
22755,ZhenShouShuJingBaoBao5,PetHeader4_25,Phế Sài Biến Dị,2275,65,Rare,Strength,Meat,694_450000;722_900000;657_400000;734_250000;654_200000,1903,689,1420,965,1241,1153;1268;1325;1498;1729,Coward_100;Thoughtful_100;Loyal_200;Agile_100;Brave_500
22759,ZhenShouShuJingBaoBao0,PetHeader4_25,Phế Sài Bảo Bảo,2275,65,Child,Strength,Meat,694_450000;722_900000;657_400000;734_250000;654_200000,1464,530,1092,742,954,1153;1268;1325;1498;1729,Coward_100;Thoughtful_100;Loyal_200;Agile_100;Brave_500
22760,ZhenShouShuJingBaoBao0,PetHeader4_25,Phế Sài Trưởng Thành,2276,75,Wild,Strength,Meat,694_500000;722_900000;657_450000;734_300000;654_250000,1520,551,1135,771,991,1255;1380;1443;1631;1882,Coward_100;Thoughtful_100;Loyal_200;Agile_100;Brave_500
22761,ZhenShouShuJingBaoBao1,PetHeader4_25,Phế Sài Biến Dị,2276,75,Rare,Strength,Meat,694_500000;722_900000;657_450000;734_300000;654_250000,1596,578,1191,809,1041,1255;1380;1443;1631;1882,Coward_100;Thoughtful_100;Loyal_200;Agile_100;Brave_500
22762,ZhenShouShuJingBaoBao2,PetHeader4_25,Phế Sài Biến Dị,2276,75,Rare,Strength,Meat,694_500000;722_900000;657_450000;734_300000;654_250000,1672,606,1248,848,1090,1255;1380;1443;1631;1882,Coward_100;Thoughtful_100;Loyal_200;Agile_100;Brave_500
22763,ZhenShouShuJingBaoBao3,PetHeader4_25,Phế Sài Biến Dị,2276,75,Rare,Strength,Meat,694_500000;722_900000;657_450000;734_300000;654_250000,1748,633,1305,887,1140,1255;1380;1443;1631;1882,Coward_100;Thoughtful_100;Loyal_200;Agile_100;Brave_500
22764,ZhenShouShuJingBaoBao4,PetHeader4_25,Phế Sài Biến Dị,2276,75,Rare,Strength,Meat,694_500000;722_900000;657_450000;734_300000;654_250000,1824,661,1362,925,1190,1255;1380;1443;1631;1882,Coward_100;Thoughtful_100;Loyal_200;Agile_100;Brave_500
22765,ZhenShouShuJingBaoBao5,PetHeader4_25,Phế Sài Biến Dị,2276,75,Rare,Strength,Meat,694_500000;722_900000;657_450000;734_300000;654_250000,1900,688,1418,964,1239,1255;1380;1443;1631;1882,Coward_100;Thoughtful_100;Loyal_200;Agile_100;Brave_500
22766,ZhenShouShuJingBaoBao6,PetHeader4_25,Phế Sài Biến Dị,2276,75,Rare,Strength,Meat,694_500000;722_900000;657_450000;734_300000;654_250000,1976,716,1475,1002,1289,1255;1380;1443;1631;1882,Coward_100;Thoughtful_100;Loyal_200;Agile_100;Brave_500
22769,ZhenShouShuJingBaoBao0,PetHeader4_25,Phế Sài Bảo Bảo,2276,75,Child,Strength,Meat,694_500000;722_900000;657_450000;734_300000;654_250000,1520,551,1135,771,991,1255;1380;1443;1631;1882,Coward_100;Thoughtful_100;Loyal_200;Agile_100;Brave_500
22770,ZhenShouShuJingBaoBao0,PetHeader4_25,Phế Sài Trưởng Thành,2277,85,Wild,Strength,Meat,694_550000;722_900000;657_500000;734_350000;654_300000,1575,571,1176,799,1027,1357;1492;1560;1764;2035,Coward_100;Thoughtful_100;Loyal_200;Agile_100;Brave_500
22771,ZhenShouShuJingBaoBao1,PetHeader4_25,Phế Sài Biến Dị,2277,85,Rare,Strength,Meat,694_550000;722_900000;657_500000;734_350000;654_300000,1643,595,1226,833,1071,1357;1492;1560;1764;2035,Coward_100;Thoughtful_100;Loyal_200;Agile_100;Brave_500
22772,ZhenShouShuJingBaoBao2,PetHeader4_25,Phế Sài Biến Dị,2277,85,Rare,Strength,Meat,694_550000;722_900000;657_500000;734_350000;654_300000,1711,619,1277,867,1115,1357;1492;1560;1764;2035,Coward_100;Thoughtful_100;Loyal_200;Agile_100;Brave_500
22773,ZhenShouShuJingBaoBao3,PetHeader4_25,Phế Sài Biến Dị,2277,85,Rare,Strength,Meat,694_550000;722_900000;657_500000;734_350000;654_300000,1778,644,1327,902,1159,1357;1492;1560;1764;2035,Coward_100;Thoughtful_100;Loyal_200;Agile_100;Brave_500
22774,ZhenShouShuJingBaoBao4,PetHeader4_25,Phế Sài Biến Dị,2277,85,Rare,Strength,Meat,694_550000;722_900000;657_500000;734_350000;654_300000,1846,668,1377,936,1203,1357;1492;1560;1764;2035,Coward_100;Thoughtful_100;Loyal_200;Agile_100;Brave_500
22775,ZhenShouShuJingBaoBao5,PetHeader4_25,Phế Sài Biến Dị,2277,85,Rare,Strength,Meat,694_550000;722_900000;657_500000;734_350000;654_300000,1913,693,1428,970,1248,1357;1492;1560;1764;2035,Coward_100;Thoughtful_100;Loyal_200;Agile_100;Brave_500
22776,ZhenShouShuJingBaoBao6,PetHeader4_25,Phế Sài Biến Dị,2277,85,Rare,Strength,Meat,694_550000;722_900000;657_500000;734_350000;654_300000,1981,717,1478,1004,1292,1357;1492;1560;1764;2035,Coward_100;Thoughtful_100;Loyal_200;Agile_100;Brave_500
22777,ZhenShouShuJingBaoBao7,PetHeader4_25,Phế Sài Biến Dị,2277,85,Rare,Strength,Meat,694_550000;722_900000;657_500000;734_350000;654_300000,2048,742,1529,1039,1336,1357;1492;1560;1764;2035,Coward_100;Thoughtful_100;Loyal_200;Agile_100;Brave_500
22779,ZhenShouShuJingBaoBao0,PetHeader4_25,Phế Sài Bảo Bảo,2277,85,Child,Strength,Meat,694_550000;722_900000;657_500000;734_350000;654_300000,1575,571,1176,799,1027,1357;1492;1560;1764;2035,Coward_100;Thoughtful_100;Loyal_200;Agile_100;Brave_500
22780,ZhenShouShuJingBaoBao0,PetHeader4_25,Phế Sài Trưởng Thành,2278,95,Wild,Strength,Meat,694_600000;722_900000;657_550000;734_400000;654_350000,1642,591,1218,828,1064,1459;1604;1677;1896;2388,Coward_100;Thoughtful_100;Loyal_200;Agile_100;Brave_500
22781,ZhenShouShuJingBaoBao1,PetHeader4_25,Phế Sài Biến Dị,2278,95,Rare,Strength,Meat,694_600000;722_900000;657_550000;734_400000;654_350000,1703,613,1264,859,1104,1459;1604;1677;1896;2388,Coward_100;Thoughtful_100;Loyal_200;Agile_100;Brave_500
22782,ZhenShouShuJingBaoBao2,PetHeader4_25,Phế Sài Biến Dị,2278,95,Rare,Strength,Meat,694_600000;722_900000;657_550000;734_400000;654_350000,1764,635,1309,890,1144,1459;1604;1677;1896;2388,Coward_100;Thoughtful_100;Loyal_200;Agile_100;Brave_500
22783,ZhenShouShuJingBaoBao3,PetHeader4_25,Phế Sài Biến Dị,2278,95,Rare,Strength,Meat,694_600000;722_900000;657_550000;734_400000;654_350000,1826,658,1355,921,1184,1459;1604;1677;1896;2388,Coward_100;Thoughtful_100;Loyal_200;Agile_100;Brave_500
22784,ZhenShouShuJingBaoBao4,PetHeader4_25,Phế Sài Biến Dị,2278,95,Rare,Strength,Meat,694_600000;722_900000;657_550000;734_400000;654_350000,1887,680,1401,952,1224,1459;1604;1677;1896;2388,Coward_100;Thoughtful_100;Loyal_200;Agile_100;Brave_500
22785,ZhenShouShuJingBaoBao5,PetHeader4_25,Phế Sài Biến Dị,2278,95,Rare,Strength,Meat,694_600000;722_900000;657_550000;734_400000;654_350000,1948,702,1446,983,1264,1459;1604;1677;1896;2388,Coward_100;Thoughtful_100;Loyal_200;Agile_100;Brave_500
22786,ZhenShouShuJingBaoBao6,PetHeader4_25,Phế Sài Biến Dị,2278,95,Rare,Strength,Meat,694_600000;722_900000;657_550000;734_400000;654_350000,2009,724,1492,1014,1304,1459;1604;1677;1896;2388,Coward_100;Thoughtful_100;Loyal_200;Agile_100;Brave_500
22787,ZhenShouShuJingBaoBao7,PetHeader4_25,Phế Sài Biến Dị,2278,95,Rare,Strength,Meat,694_600000;722_900000;657_550000;734_400000;654_350000,2071,746,1538,1045,1344,1459;1604;1677;1896;2388,Coward_100;Thoughtful_100;Loyal_200;Agile_100;Brave_500
22788,ZhenShouShuJingBaoBao8,PetHeader4_25,Phế Sài Biến Dị,2278,95,Rare,Strength,Meat,694_600000;722_900000;657_550000;734_400000;654_350000,2132,768,1584,1076,1384,1459;1604;1677;1896;2388,Coward_100;Thoughtful_100;Loyal_200;Agile_100;Brave_500
22789,ZhenShouShuJingBaoBao0,PetHeader4_25,Phế Sài Bảo Bảo,2278,95,Child,Strength,Meat,694_600000;722_900000;657_550000;734_400000;654_350000,1642,591,1218,828,1064,1459;1604;1677;1896;2388,Coward_100;Thoughtful_100;Loyal_200;Agile_100;Brave_500
22790,ZhenShouLingTuShou0,PetHeader5_1,Linh Thố Thú Trưởng Thành,2279,5,Wild,Magic,Grass,700_300000;734_900000;702_250000;712_100000;653_350000,469,1303,722,938,750,846;930;972;1099;1269,Coward_500;Thoughtful_100;Loyal_200;Agile_100;Brave_100
22791,ZhenShouLingTuShou1,PetHeader5_1,Linh Thố Thú Biến Dị,2279,5,Rare,Magic,Grass,700_300000;734_900000;702_250000;712_100000;653_350000,539,1499,830,1078,862,846;930;972;1099;1269,Coward_500;Thoughtful_100;Loyal_200;Agile_100;Brave_100
22792,ZhenShouLingTuShou2,PetHeader5_1,Linh Thố Thú Biến Dị,2279,5,Rare,Magic,Grass,700_300000;734_900000;702_250000;712_100000;653_350000,609,1694,938,1219,975,846;930;972;1099;1269,Coward_500;Thoughtful_100;Loyal_200;Agile_100;Brave_100
22799,ZhenShouLingTuShou0,PetHeader5_1,Linh Thố Thú Bảo Bảo,2279,5,Child,Magic,Grass,700_300000;734_900000;702_250000;712_100000;653_350000,469,1303,722,938,750,846;930;972;1099;1269,Coward_500;Thoughtful_100;Loyal_200;Agile_100;Brave_100
22800,ZhenShouLingTuShou0,PetHeader5_1,Linh Thố Thú Trưởng Thành,2280,45,Wild,Magic,Grass,700_350000;734_900000;702_300000;712_150000;653_350000,489,1360,753,979,783,948;1042;1090;1232;1422,Coward_500;Thoughtful_100;Loyal_200;Agile_100;Brave_100
22801,ZhenShouLingTuShou1,PetHeader5_1,Linh Thố Thú Biến Dị,2280,45,Rare,Magic,Grass,700_350000;734_900000;702_300000;712_150000;653_350000,538,1496,829,1076,861,948;1042;1090;1232;1422,Coward_500;Thoughtful_100;Loyal_200;Agile_100;Brave_100
22802,ZhenShouLingTuShou2,PetHeader5_1,Linh Thố Thú Biến Dị,2280,45,Rare,Magic,Grass,700_350000;734_900000;702_300000;712_150000;653_350000,587,1632,904,1174,939,948;1042;1090;1232;1422,Coward_500;Thoughtful_100;Loyal_200;Agile_100;Brave_100
22803,ZhenShouLingTuShou3,PetHeader5_1,Linh Thố Thú Biến Dị,2280,45,Rare,Magic,Grass,700_350000;734_900000;702_300000;712_150000;653_350000,636,1769,979,1272,1018,948;1042;1090;1232;1422,Coward_500;Thoughtful_100;Loyal_200;Agile_100;Brave_100
22809,ZhenShouLingTuShou0,PetHeader5_1,Linh Thố Thú Bảo Bảo,2280,45,Child,Magic,Grass,700_350000;734_900000;702_300000;712_150000;653_350000,489,1360,753,979,783,948;1042;1090;1232;1422,Coward_500;Thoughtful_100;Loyal_200;Agile_100;Brave_100
22810,ZhenShouLingTuShou0,PetHeader5_1,Linh Thố Thú Trưởng Thành,2281,55,Wild,Magic,Grass,700_400000;734_900000;702_350000;712_200000;653_350000,510,1417,785,1020,816,1051;1156;1208;1366;1576,Coward_500;Thoughtful_100;Loyal_200;Agile_100;Brave_100
22811,ZhenShouLingTuShou1,PetHeader5_1,Linh Thố Thú Biến Dị,2281,55,Rare,Magic,Grass,700_400000;734_900000;702_350000;712_200000;653_350000,548,1524,844,1096,877,1051;1156;1208;1366;1576,Coward_500;Thoughtful_100;Loyal_200;Agile_100;Brave_100
22812,ZhenShouLingTuShou2,PetHeader5_1,Linh Thố Thú Biến Dị,2281,55,Rare,Magic,Grass,700_400000;734_900000;702_350000;712_200000;653_350000,586,1630,903,1173,938,1051;1156;1208;1366;1576,Coward_500;Thoughtful_100;Loyal_200;Agile_100;Brave_100
22813,ZhenShouLingTuShou3,PetHeader5_1,Linh Thố Thú Biến Dị,2281,55,Rare,Magic,Grass,700_400000;734_900000;702_350000;712_200000;653_350000,624,1736,962,1249,999,1051;1156;1208;1366;1576,Coward_500;Thoughtful_100;Loyal_200;Agile_100;Brave_100
22814,ZhenShouLingTuShou4,PetHeader5_1,Linh Thố Thú Biến Dị,2281,55,Rare,Magic,Grass,700_400000;734_900000;702_350000;712_200000;653_350000,663,1843,1021,1326,1060,1051;1156;1208;1366;1576,Coward_500;Thoughtful_100;Loyal_200;Agile_100;Brave_100
22819,ZhenShouLingTuShou0,PetHeader5_1,Linh Thố Thú Bảo Bảo,2281,55,Child,Magic,Grass,700_400000;734_900000;702_350000;712_200000;653_350000,510,1417,785,1020,816,1051;1156;1208;1366;1576,Coward_500;Thoughtful_100;Loyal_200;Agile_100;Brave_100
22820,ZhenShouLingTuShou0,PetHeader5_1,Linh Thố Thú Trưởng Thành,2282,65,Wild,Magic,Grass,700_450000;734_900000;702_400000;712_250000;653_350000,530,1474,816,1061,848,1153;1268;1325;1498;1729,Coward_500;Thoughtful_100;Loyal_200;Agile_100;Brave_100
22821,ZhenShouLingTuShou1,PetHeader5_1,Linh Thố Thú Biến Dị,2282,65,Rare,Magic,Grass,700_450000;734_900000;702_400000;712_250000;653_350000,562,1563,865,1124,899,1153;1268;1325;1498;1729,Coward_500;Thoughtful_100;Loyal_200;Agile_100;Brave_100
22822,ZhenShouLingTuShou2,PetHeader5_1,Linh Thố Thú Biến Dị,2282,65,Rare,Magic,Grass,700_450000;734_900000;702_400000;712_250000;653_350000,594,1651,915,1188,950,1153;1268;1325;1498;1729,Coward_500;Thoughtful_100;Loyal_200;Agile_100;Brave_100
22823,ZhenShouLingTuShou3,PetHeader5_1,Linh Thố Thú Biến Dị,2282,65,Rare,Magic,Grass,700_450000;734_900000;702_400000;712_250000;653_350000,625,1740,964,1251,1001,1153;1268;1325;1498;1729,Coward_500;Thoughtful_100;Loyal_200;Agile_100;Brave_100
22824,ZhenShouLingTuShou4,PetHeader5_1,Linh Thố Thú Biến Dị,2282,65,Rare,Magic,Grass,700_450000;734_900000;702_400000;712_250000;653_350000,657,1828,1013,1315,1052,1153;1268;1325;1498;1729,Coward_500;Thoughtful_100;Loyal_200;Agile_100;Brave_100
22825,ZhenShouLingTuShou5,PetHeader5_1,Linh Thố Thú Biến Dị,2282,65,Rare,Magic,Grass,700_450000;734_900000;702_400000;712_250000;653_350000,689,1917,1062,1379,1103,1153;1268;1325;1498;1729,Coward_500;Thoughtful_100;Loyal_200;Agile_100;Brave_100
22829,ZhenShouLingTuShou0,PetHeader5_1,Linh Thố Thú Bảo Bảo,2282,65,Child,Magic,Grass,700_450000;734_900000;702_400000;712_250000;653_350000,530,1474,816,1061,848,1153;1268;1325;1498;1729,Coward_500;Thoughtful_100;Loyal_200;Agile_100;Brave_100
22830,ZhenShouLingTuShou0,PetHeader5_1,Linh Thố Thú Trưởng Thành,2283,75,Wild,Magic,Grass,700_500000;734_900000;702_450000;712_300000;653_350000,551,1531,848,1102,881,1255;1380;1443;1631;1882,Coward_500;Thoughtful_100;Loyal_200;Agile_100;Brave_100
22831,ZhenShouLingTuShou1,PetHeader5_1,Linh Thố Thú Biến Dị,2283,75,Rare,Magic,Grass,700_500000;734_900000;702_450000;712_300000;653_350000,578,1608,890,1157,925,1255;1380;1443;1631;1882,Coward_500;Thoughtful_100;Loyal_200;Agile_100;Brave_100
22832,ZhenShouLingTuShou2,PetHeader5_1,Linh Thố Thú Biến Dị,2283,75,Rare,Magic,Grass,700_500000;734_900000;702_450000;712_300000;653_350000,606,1684,933,1212,969,1255;1380;1443;1631;1882,Coward_500;Thoughtful_100;Loyal_200;Agile_100;Brave_100
22833,ZhenShouLingTuShou3,PetHeader5_1,Linh Thố Thú Biến Dị,2283,75,Rare,Magic,Grass,700_500000;734_900000;702_450000;712_300000;653_350000,633,1761,975,1267,1013,1255;1380;1443;1631;1882,Coward_500;Thoughtful_100;Loyal_200;Agile_100;Brave_100
22834,ZhenShouLingTuShou4,PetHeader5_1,Linh Thố Thú Biến Dị,2283,75,Rare,Magic,Grass,700_500000;734_900000;702_450000;712_300000;653_350000,661,1838,1018,1322,1057,1255;1380;1443;1631;1882,Coward_500;Thoughtful_100;Loyal_200;Agile_100;Brave_100
22835,ZhenShouLingTuShou5,PetHeader5_1,Linh Thố Thú Biến Dị,2283,75,Rare,Magic,Grass,700_500000;734_900000;702_450000;712_300000;653_350000,688,1914,1060,1377,1102,1255;1380;1443;1631;1882,Coward_500;Thoughtful_100;Loyal_200;Agile_100;Brave_100
22836,ZhenShouLingTuShou6,PetHeader5_1,Linh Thố Thú Biến Dị,2283,75,Rare,Magic,Grass,700_500000;734_900000;702_450000;712_300000;653_350000,716,1991,1103,1432,1146,1255;1380;1443;1631;1882,Coward_500;Thoughtful_100;Loyal_200;Agile_100;Brave_100
22839,ZhenShouLingTuShou0,PetHeader5_1,Linh Thố Thú Bảo Bảo,2283,75,Child,Magic,Grass,700_500000;734_900000;702_450000;712_300000;653_350000,551,1531,848,1102,881,1255;1380;1443;1631;1882,Coward_500;Thoughtful_100;Loyal_200;Agile_100;Brave_100
22840,ZhenShouLingTuShou0,PetHeader5_1,Linh Thố Thú Trưởng Thành,2284,85,Wild,Magic,Grass,700_550000;734_900000;702_500000;712_350000;653_350000,571,1587,879,1142,913,1357;1492;1560;1764;2035,Coward_500;Thoughtful_100;Loyal_200;Agile_100;Brave_100
22841,ZhenShouLingTuShou1,PetHeader5_1,Linh Thố Thú Biến Dị,2284,85,Rare,Magic,Grass,700_550000;734_900000;702_500000;712_350000;653_350000,595,1655,917,1190,952,1357;1492;1560;1764;2035,Coward_500;Thoughtful_100;Loyal_200;Agile_100;Brave_100
22842,ZhenShouLingTuShou2,PetHeader5_1,Linh Thố Thú Biến Dị,2284,85,Rare,Magic,Grass,700_550000;734_900000;702_500000;712_350000;653_350000,619,1723,954,1239,991,1357;1492;1560;1764;2035,Coward_500;Thoughtful_100;Loyal_200;Agile_100;Brave_100
22843,ZhenShouLingTuShou3,PetHeader5_1,Linh Thố Thú Biến Dị,2284,85,Rare,Magic,Grass,700_550000;734_900000;702_500000;712_350000;653_350000,644,1791,992,1288,1031,1357;1492;1560;1764;2035,Coward_500;Thoughtful_100;Loyal_200;Agile_100;Brave_100
22844,ZhenShouLingTuShou4,PetHeader5_1,Linh Thố Thú Biến Dị,2284,85,Rare,Magic,Grass,700_550000;734_900000;702_500000;712_350000;653_350000,668,1859,1030,1337,1070,1357;1492;1560;1764;2035,Coward_500;Thoughtful_100;Loyal_200;Agile_100;Brave_100
22845,ZhenShouLingTuShou5,PetHeader5_1,Linh Thố Thú Biến Dị,2284,85,Rare,Magic,Grass,700_550000;734_900000;702_500000;712_350000;653_350000,693,1927,1067,1386,1109,1357;1492;1560;1764;2035,Coward_500;Thoughtful_100;Loyal_200;Agile_100;Brave_100
22846,ZhenShouLingTuShou6,PetHeader5_1,Linh Thố Thú Biến Dị,2284,85,Rare,Magic,Grass,700_550000;734_900000;702_500000;712_350000;653_350000,717,1995,1105,1435,1148,1357;1492;1560;1764;2035,Coward_500;Thoughtful_100;Loyal_200;Agile_100;Brave_100
22847,ZhenShouLingTuShou7,PetHeader5_1,Linh Thố Thú Biến Dị,2284,85,Rare,Magic,Grass,700_550000;734_900000;702_500000;712_350000;653_350000,742,2063,1143,1484,1187,1357;1492;1560;1764;2035,Coward_500;Thoughtful_100;Loyal_200;Agile_100;Brave_100
22849,ZhenShouLingTuShou0,PetHeader5_1,Linh Thố Thú Bảo Bảo,2284,85,Child,Magic,Grass,700_550000;734_900000;702_500000;712_350000;653_350000,571,1587,879,1142,913,1357;1492;1560;1764;2035,Coward_500;Thoughtful_100;Loyal_200;Agile_100;Brave_100
22850,ZhenShouLingTuShou0,PetHeader5_1,Linh Thố Thú Trưởng Thành,2285,95,Wild,Magic,Grass,700_600000;734_900000;702_550000;712_400000;653_350000,591,1644,910,1183,946,1459;1604;1677;1896;2388,Coward_500;Thoughtful_100;Loyal_200;Agile_100;Brave_100
22851,ZhenShouLingTuShou1,PetHeader5_1,Linh Thố Thú Biến Dị,2285,95,Rare,Magic,Grass,700_600000;734_900000;702_550000;712_400000;653_350000,613,1706,945,1227,981,1459;1604;1677;1896;2388,Coward_500;Thoughtful_100;Loyal_200;Agile_100;Brave_100
22852,ZhenShouLingTuShou2,PetHeader5_1,Linh Thố Thú Biến Dị,2285,95,Rare,Magic,Grass,700_600000;734_900000;702_550000;712_400000;653_350000,635,1767,979,1271,1017,1459;1604;1677;1896;2388,Coward_500;Thoughtful_100;Loyal_200;Agile_100;Brave_100
22853,ZhenShouLingTuShou3,PetHeader5_1,Linh Thố Thú Biến Dị,2285,95,Rare,Magic,Grass,700_600000;734_900000;702_550000;712_400000;653_350000,658,1829,1013,1316,1052,1459;1604;1677;1896;2388,Coward_500;Thoughtful_100;Loyal_200;Agile_100;Brave_100
22854,ZhenShouLingTuShou4,PetHeader5_1,Linh Thố Thú Biến Dị,2285,95,Rare,Magic,Grass,700_600000;734_900000;702_550000;712_400000;653_350000,680,1891,1047,1360,1088,1459;1604;1677;1896;2388,Coward_500;Thoughtful_100;Loyal_200;Agile_100;Brave_100
22855,ZhenShouLingTuShou5,PetHeader5_1,Linh Thố Thú Biến Dị,2285,95,Rare,Magic,Grass,700_600000;734_900000;702_550000;712_400000;653_350000,702,1952,1081,1404,1123,1459;1604;1677;1896;2388,Coward_500;Thoughtful_100;Loyal_200;Agile_100;Brave_100
22856,ZhenShouLingTuShou6,PetHeader5_1,Linh Thố Thú Biến Dị,2285,95,Rare,Magic,Grass,700_600000;734_900000;702_550000;712_400000;653_350000,724,2014,1115,1449,1159,1459;1604;1677;1896;2388,Coward_500;Thoughtful_100;Loyal_200;Agile_100;Brave_100
22857,ZhenShouLingTuShou7,PetHeader5_1,Linh Thố Thú Biến Dị,2285,95,Rare,Magic,Grass,700_600000;734_900000;702_550000;712_400000;653_350000,746,2076,1150,1493,1194,1459;1604;1677;1896;2388,Coward_500;Thoughtful_100;Loyal_200;Agile_100;Brave_100
22858,ZhenShouLingTuShou8,PetHeader5_1,Linh Thố Thú Biến Dị,2285,95,Rare,Magic,Grass,700_600000;734_900000;702_550000;712_400000;653_350000,768,2137,1184,1537,1230,1459;1604;1677;1896;2388,Coward_500;Thoughtful_100;Loyal_200;Agile_100;Brave_100
22859,ZhenShouLingTuShou0,PetHeader5_1,Linh Thố Thú Bảo Bảo,2285,95,Child,Magic,Grass,700_600000;734_900000;702_550000;712_400000;653_350000,591,1644,910,1183,946,1459;1604;1677;1896;2388,Coward_500;Thoughtful_100;Loyal_200;Agile_100;Brave_100
22860,ZhiZunShenShou0,FightNPCHeader3_6,Chí Tôn Thần Thú Trưởng Thành,2286,5,Wild,Strength,Meat,694_300000;661_900000;722_250000;726_100000;652_350000,1294,469,966,656,844,846;930;972;1099;1269,Coward_100;Thoughtful_100;Loyal_200;Agile_100;Brave_500
22861,ZhiZunShenShou1,FightNPCHeader3_6,Chí Tôn Thần Thú Biến Dị,2286,5,Rare,Strength,Meat,694_300000;661_900000;722_250000;726_100000;652_350000,1488,539,1111,755,970,846;930;972;1099;1269,Coward_100;Thoughtful_100;Loyal_200;Agile_100;Brave_500
22862,ZhiZunShenShou2,FightNPCHeader3_6,Chí Tôn Thần Thú Biến Dị,2286,5,Rare,Strength,Meat,694_300000;661_900000;722_250000;726_100000;652_350000,1682,609,1255,853,1097,846;930;972;1099;1269,Coward_100;Thoughtful_100;Loyal_200;Agile_100;Brave_500
22869,ZhiZunShenShou0,FightNPCHeader3_6,Chí Tôn Thần Thú Bảo Bảo,2286,5,Child,Strength,Meat,694_1000000,1294,469,966,656,844,846;930;972;1099;1269,Coward_100;Thoughtful_100;Loyal_200;Agile_100;Brave_500
22870,ZhiZunShenShou0,FightNPCHeader3_6,Chí Tôn Thần Thú Trưởng Thành,2287,45,Wild,Strength,Meat,694_350000;661_900000;722_300000;726_150000;652_350000,1351,489,1008,685,881,948;1042;1090;1232;1422,Coward_100;Thoughtful_100;Loyal_200;Agile_100;Brave_500
22871,ZhiZunShenShou1,FightNPCHeader3_6,Chí Tôn Thần Thú Biến Dị,2287,45,Rare,Strength,Meat,694_350000;661_900000;722_300000;726_150000;652_350000,1486,538,1109,753,969,948;1042;1090;1232;1422,Coward_100;Thoughtful_100;Loyal_200;Agile_100;Brave_500
22872,ZhiZunShenShou2,FightNPCHeader3_6,Chí Tôn Thần Thú Biến Dị,2287,45,Rare,Strength,Meat,694_350000;661_900000;722_300000;726_150000;652_350000,1621,587,1210,822,1057,948;1042;1090;1232;1422,Coward_100;Thoughtful_100;Loyal_200;Agile_100;Brave_500
22873,ZhiZunShenShou3,FightNPCHeader3_6,Chí Tôn Thần Thú Biến Dị,2287,45,Rare,Strength,Meat,694_350000;661_900000;722_300000;726_150000;652_350000,1756,636,1310,890,1145,948;1042;1090;1232;1422,Coward_100;Thoughtful_100;Loyal_200;Agile_100;Brave_500
22879,ZhiZunShenShou0,FightNPCHeader3_6,Chí Tôn Thần Thú Bảo Bảo,2287,45,Child,Strength,Meat,694_1000000,1351,489,1008,685,881,948;1042;1090;1232;1422,Coward_100;Thoughtful_100;Loyal_200;Agile_100;Brave_500
22880,ZhiZunShenShou0,FightNPCHeader3_6,Chí Tôn Thần Thú Trưởng Thành,2288,55,Wild,Strength,Meat,694_400000;661_900000;722_350000;726_200000;652_350000,1407,510,1050,714,918,1051;1156;1208;1366;1576,Coward_100;Thoughtful_100;Loyal_200;Agile_100;Brave_500
22881,ZhiZunShenShou1,FightNPCHeader3_6,Chí Tôn Thần Thú Biến Dị,2288,55,Rare,Strength,Meat,694_400000;661_900000;722_350000;726_200000;652_350000,1513,548,1129,767,986,1051;1156;1208;1366;1576,Coward_100;Thoughtful_100;Loyal_200;Agile_100;Brave_500
22882,ZhiZunShenShou2,FightNPCHeader3_6,Chí Tôn Thần Thú Biến Dị,2288,55,Rare,Strength,Meat,694_400000;661_900000;722_350000;726_200000;652_350000,1618,586,1208,821,1055,1051;1156;1208;1366;1576,Coward_100;Thoughtful_100;Loyal_200;Agile_100;Brave_500
22883,ZhiZunShenShou3,FightNPCHeader3_6,Chí Tôn Thần Thú Biến Dị,2288,55,Rare,Strength,Meat,694_400000;661_900000;722_350000;726_200000;652_350000,1724,624,1286,874,1124,1051;1156;1208;1366;1576,Coward_100;Thoughtful_100;Loyal_200;Agile_100;Brave_500
22884,ZhiZunShenShou4,FightNPCHeader3_6,Chí Tôn Thần Thú Biến Dị,2288,55,Rare,Strength,Meat,694_400000;661_900000;722_350000;726_200000;652_350000,1829,663,1365,928,1193,1051;1156;1208;1366;1576,Coward_100;Thoughtful_100;Loyal_200;Agile_100;Brave_500
22889,ZhiZunShenShou0,FightNPCHeader3_6,Chí Tôn Thần Thú Bảo Bảo,2288,55,Child,Strength,Meat,694_1000000,1407,510,1050,714,918,1051;1156;1208;1366;1576,Coward_100;Thoughtful_100;Loyal_200;Agile_100;Brave_500
22890,ZhiZunShenShou0,FightNPCHeader3_6,Chí Tôn Thần Thú Trưởng Thành,2289,65,Wild,Strength,Meat,694_450000;661_900000;722_400000;726_250000;652_350000,1464,530,1092,742,954,1153;1268;1325;1498;1729,Coward_100;Thoughtful_100;Loyal_200;Agile_100;Brave_500
22891,ZhiZunShenShou1,FightNPCHeader3_6,Chí Tôn Thần Thú Biến Dị,2289,65,Rare,Strength,Meat,694_450000;661_900000;722_400000;726_250000;652_350000,1552,562,1158,787,1012,1153;1268;1325;1498;1729,Coward_100;Thoughtful_100;Loyal_200;Agile_100;Brave_500
22892,ZhiZunShenShou2,FightNPCHeader3_6,Chí Tôn Thần Thú Biến Dị,2289,65,Rare,Strength,Meat,694_450000;661_900000;722_400000;726_250000;652_350000,1639,594,1223,831,1069,1153;1268;1325;1498;1729,Coward_100;Thoughtful_100;Loyal_200;Agile_100;Brave_500
22893,ZhiZunShenShou3,FightNPCHeader3_6,Chí Tôn Thần Thú Biến Dị,2289,65,Rare,Strength,Meat,694_450000;661_900000;722_400000;726_250000;652_350000,1727,625,1289,876,1126,1153;1268;1325;1498;1729,Coward_100;Thoughtful_100;Loyal_200;Agile_100;Brave_500
22894,ZhiZunShenShou4,FightNPCHeader3_6,Chí Tôn Thần Thú Biến Dị,2289,65,Rare,Strength,Meat,694_450000;661_900000;722_400000;726_250000;652_350000,1815,657,1355,920,1184,1153;1268;1325;1498;1729,Coward_100;Thoughtful_100;Loyal_200;Agile_100;Brave_500
22895,ZhiZunShenShou5,FightNPCHeader3_6,Chí Tôn Thần Thú Biến Dị,2289,65,Rare,Strength,Meat,694_450000;661_900000;722_400000;726_250000;652_350000,1903,689,1420,965,1241,1153;1268;1325;1498;1729,Coward_100;Thoughtful_100;Loyal_200;Agile_100;Brave_500
22899,ZhiZunShenShou0,FightNPCHeader3_6,Chí Tôn Thần Thú Bảo Bảo,2289,65,Child,Strength,Meat,694_1000000,1464,530,1092,742,954,1153;1268;1325;1498;1729,Coward_100;Thoughtful_100;Loyal_200;Agile_100;Brave_500
22900,ZhiZunShenShou0,FightNPCHeader3_6,Chí Tôn Thần Thú Trưởng Thành,2290,75,Wild,Strength,Meat,694_500000;661_900000;722_450000;726_300000;652_350000,1520,551,1135,771,991,1255;1380;1443;1631;1882,Coward_100;Thoughtful_100;Loyal_200;Agile_100;Brave_500
22901,ZhiZunShenShou1,FightNPCHeader3_6,Chí Tôn Thần Thú Biến Dị,2290,75,Rare,Strength,Meat,694_500000;661_900000;722_450000;726_300000;652_350000,1596,578,1191,809,1041,1255;1380;1443;1631;1882,Coward_100;Thoughtful_100;Loyal_200;Agile_100;Brave_500
22902,ZhiZunShenShou2,FightNPCHeader3_6,Chí Tôn Thần Thú Biến Dị,2290,75,Rare,Strength,Meat,694_500000;661_900000;722_450000;726_300000;652_350000,1672,606,1248,848,1090,1255;1380;1443;1631;1882,Coward_100;Thoughtful_100;Loyal_200;Agile_100;Brave_500
22903,ZhiZunShenShou3,FightNPCHeader3_6,Chí Tôn Thần Thú Biến Dị,2290,75,Rare,Strength,Meat,694_500000;661_900000;722_450000;726_300000;652_350000,1748,633,1305,887,1140,1255;1380;1443;1631;1882,Coward_100;Thoughtful_100;Loyal_200;Agile_100;Brave_500
22904,ZhiZunShenShou4,FightNPCHeader3_6,Chí Tôn Thần Thú Biến Dị,2290,75,Rare,Strength,Meat,694_500000;661_900000;722_450000;726_300000;652_350000,1824,661,1362,925,1190,1255;1380;1443;1631;1882,Coward_100;Thoughtful_100;Loyal_200;Agile_100;Brave_500
22905,ZhiZunShenShou5,FightNPCHeader3_6,Chí Tôn Thần Thú Biến Dị,2290,75,Rare,Strength,Meat,694_500000;661_900000;722_450000;726_300000;652_350000,1900,688,1418,964,1239,1255;1380;1443;1631;1882,Coward_100;Thoughtful_100;Loyal_200;Agile_100;Brave_500
22906,ZhiZunShenShou6,FightNPCHeader3_6,Chí Tôn Thần Thú Biến Dị,2290,75,Rare,Strength,Meat,694_500000;661_900000;722_450000;726_300000;652_350000,1976,716,1475,1002,1289,1255;1380;1443;1631;1882,Coward_100;Thoughtful_100;Loyal_200;Agile_100;Brave_500
22909,ZhiZunShenShou0,FightNPCHeader3_6,Chí Tôn Thần Thú Bảo Bảo,2290,75,Child,Strength,Meat,694_1000000,1520,551,1135,771,991,1255;1380;1443;1631;1882,Coward_100;Thoughtful_100;Loyal_200;Agile_100;Brave_500
22910,ZhiZunShenShou0,FightNPCHeader3_6,Chí Tôn Thần Thú Trưởng Thành,2291,85,Wild,Strength,Meat,694_550000;661_900000;722_500000;726_350000;652_350000,1575,571,1176,799,1027,1357;1492;1560;1764;2035,Coward_100;Thoughtful_100;Loyal_200;Agile_100;Brave_500
22911,ZhiZunShenShou1,FightNPCHeader3_6,Chí Tôn Thần Thú Biến Dị,2291,85,Rare,Strength,Meat,694_550000;661_900000;722_500000;726_350000;652_350000,1643,595,1226,833,1071,1357;1492;1560;1764;2035,Coward_100;Thoughtful_100;Loyal_200;Agile_100;Brave_500
22912,ZhiZunShenShou2,FightNPCHeader3_6,Chí Tôn Thần Thú Biến Dị,2291,85,Rare,Strength,Meat,694_550000;661_900000;722_500000;726_350000;652_350000,1711,619,1277,867,1115,1357;1492;1560;1764;2035,Coward_100;Thoughtful_100;Loyal_200;Agile_100;Brave_500
22913,ZhiZunShenShou3,FightNPCHeader3_6,Chí Tôn Thần Thú Biến Dị,2291,85,Rare,Strength,Meat,694_550000;661_900000;722_500000;726_350000;652_350000,1778,644,1327,902,1159,1357;1492;1560;1764;2035,Coward_100;Thoughtful_100;Loyal_200;Agile_100;Brave_500
22914,ZhiZunShenShou4,FightNPCHeader3_6,Chí Tôn Thần Thú Biến Dị,2291,85,Rare,Strength,Meat,694_550000;661_900000;722_500000;726_350000;652_350000,1846,668,1377,936,1203,1357;1492;1560;1764;2035,Coward_100;Thoughtful_100;Loyal_200;Agile_100;Brave_500
22915,ZhiZunShenShou5,FightNPCHeader3_6,Chí Tôn Thần Thú Biến Dị,2291,85,Rare,Strength,Meat,694_550000;661_900000;722_500000;726_350000;652_350000,1913,693,1428,970,1248,1357;1492;1560;1764;2035,Coward_100;Thoughtful_100;Loyal_200;Agile_100;Brave_500
22916,ZhiZunShenShou6,FightNPCHeader3_6,Chí Tôn Thần Thú Biến Dị,2291,85,Rare,Strength,Meat,694_550000;661_900000;722_500000;726_350000;652_350000,1981,717,1478,1004,1292,1357;1492;1560;1764;2035,Coward_100;Thoughtful_100;Loyal_200;Agile_100;Brave_500
22917,ZhiZunShenShou7,FightNPCHeader3_6,Chí Tôn Thần Thú Biến Dị,2291,85,Rare,Strength,Meat,694_550000;661_900000;722_500000;726_350000;652_350000,2048,742,1529,1039,1336,1357;1492;1560;1764;2035,Coward_100;Thoughtful_100;Loyal_200;Agile_100;Brave_500
22919,ZhiZunShenShou0,FightNPCHeader3_6,Chí Tôn Thần Thú Bảo Bảo,2291,85,Child,Strength,Meat,694_1000000,1575,571,1176,799,1027,1357;1492;1560;1764;2035,Coward_100;Thoughtful_100;Loyal_200;Agile_100;Brave_500
22920,ZhiZunShenShou0,FightNPCHeader3_6,Chí Tôn Thần Thú Trưởng Thành,2292,95,Wild,Strength,Meat,694_600000;661_900000;722_550000;726_400000;652_350000,1632,591,1218,828,1064,1459;1604;1677;1896;2388,Coward_100;Thoughtful_100;Loyal_200;Agile_100;Brave_500
22921,ZhiZunShenShou1,FightNPCHeader3_6,Chí Tôn Thần Thú Biến Dị,2292,95,Rare,Strength,Meat,694_600000;661_900000;722_550000;726_400000;652_350000,1693,613,1264,859,1104,1459;1604;1677;1896;2388,Coward_100;Thoughtful_100;Loyal_200;Agile_100;Brave_500
22922,ZhiZunShenShou2,FightNPCHeader3_6,Chí Tôn Thần Thú Biến Dị,2292,95,Rare,Strength,Meat,694_600000;661_900000;722_550000;726_400000;652_350000,1754,635,1309,890,1144,1459;1604;1677;1896;2388,Coward_100;Thoughtful_100;Loyal_200;Agile_100;Brave_500
22923,ZhiZunShenShou3,FightNPCHeader3_6,Chí Tôn Thần Thú Biến Dị,2292,95,Rare,Strength,Meat,694_600000;661_900000;722_550000;726_400000;652_350000,1816,658,1355,921,1184,1459;1604;1677;1896;2388,Coward_100;Thoughtful_100;Loyal_200;Agile_100;Brave_500
22924,ZhiZunShenShou4,FightNPCHeader3_6,Chí Tôn Thần Thú Biến Dị,2292,95,Rare,Strength,Meat,694_600000;661_900000;722_550000;726_400000;652_350000,1877,680,1401,952,1224,1459;1604;1677;1896;2388,Coward_100;Thoughtful_100;Loyal_200;Agile_100;Brave_500
22925,ZhiZunShenShou5,FightNPCHeader3_6,Chí Tôn Thần Thú Biến Dị,2292,95,Rare,Strength,Meat,694_600000;661_900000;722_550000;726_400000;652_350000,1938,702,1446,983,1264,1459;1604;1677;1896;2388,Coward_100;Thoughtful_100;Loyal_200;Agile_100;Brave_500
22926,ZhiZunShenShou6,FightNPCHeader3_6,Chí Tôn Thần Thú Biến Dị,2292,95,Rare,Strength,Meat,694_600000;661_900000;722_550000;726_400000;652_350000,1999,724,1492,1014,1304,1459;1604;1677;1896;2388,Coward_100;Thoughtful_100;Loyal_200;Agile_100;Brave_500
22927,ZhiZunShenShou7,FightNPCHeader3_6,Chí Tôn Thần Thú Biến Dị,2292,95,Rare,Strength,Meat,694_600000;661_900000;722_550000;726_400000;652_350000,2061,746,1538,1045,1344,1459;1604;1677;1896;2388,Coward_100;Thoughtful_100;Loyal_200;Agile_100;Brave_500
22928,ZhiZunShenShou8,FightNPCHeader3_6,Chí Tôn Thần Thú Biến Dị,2292,95,Rare,Strength,Meat,694_600000;661_900000;722_550000;726_400000;652_350000,2122,768,1584,1076,1384,1459;1604;1677;1896;2388,Coward_100;Thoughtful_100;Loyal_200;Agile_100;Brave_500
22929,ZhiZunShenShou0,FightNPCHeader3_6,Chí Tôn Thần Thú Bảo Bảo,2292,95,Child,Strength,Meat,694_1000000,1632,591,1218,828,1064,1459;1604;1677;1896;2388,Coward_100;Thoughtful_100;Loyal_200;Agile_100;Brave_500
22930,HuangSeJianChiHu,PetHeader3_9,Khải Khải Sư Trưởng Thành,2293,5,Wild,Strength,Meat,694_200000;661_900000;722_250000;726_100000,938,750,844,656,1219,846;930;972;1099;1269,Coward_20;Thoughtful_300;Loyal_150;Agile_500;Brave_30
22931,LanSeJianChiHu,PetHeader3_9,Khải Khải Sư Biến Dị,2293,5,Rare,Strength,Meat,694_200000;661_900000;722_250000;726_100000,1078,862,970,755,1402,846;930;972;1099;1269,Coward_20;Thoughtful_300;Loyal_150;Agile_500;Brave_30
22932,FenSeJianChiHu,PetHeader3_9,Khải Khải Sư Biến Dị,2293,5,Rare,Strength,Meat,694_200000;661_900000;722_250000;726_100000,1219,975,1097,853,1585,846;930;972;1099;1269,Coward_20;Thoughtful_300;Loyal_150;Agile_500;Brave_30
22939,HuangSeJianChiHu,PetHeader3_9,Khải Khải Sư Bảo Bảo,2293,5,Child,Strength,Meat,694_200000;661_900000;722_250000;726_100000,938,750,844,656,1219,846;930;972;1099;1269,Coward_20;Thoughtful_300;Loyal_150;Agile_500;Brave_30
22940,ZhenShou20091027HuoJiBaoBao1,PetHeader5_2,Hương Điềm Hỏa Kê Trưởng Thành,2294,5,Wild,Magic,Rice,698_300000;703_900000;670_250000;660_100000;653_50000,656,1219,750,1031,750,846;930;972;1099;1269,Coward_500;Thoughtful_100;Loyal_200;Agile_100;Brave_100
22941,ZhenShou20091027HuoJiBaoBao2,PetHeader5_2,Hương Điềm Hỏa Kê Biến Dị,2294,5,Rare,Magic,Rice,698_300000;703_900000;670_250000;660_100000;653_50000,755,1402,862,1186,862,846;930;972;1099;1269,Coward_500;Thoughtful_100;Loyal_200;Agile_100;Brave_100
22942,ZhenShou20091027HuoJiBaoBao3,PetHeader5_2,Hương Điềm Hỏa Kê Biến Dị,2294,5,Rare,Magic,Rice,698_300000;703_900000;670_250000;660_100000;653_50000,853,1585,975,1341,975,846;930;972;1099;1269,Coward_500;Thoughtful_100;Loyal_200;Agile_100;Brave_100
22949,ZhenShou20091027HuoJiBaoBao1,PetHeader5_2,Hương Điềm Hỏa Kê Bảo Bảo,2294,5,Child,Magic,Rice,698_300000;703_900000;670_250000;660_100000;653_50000,656,1219,750,1031,750,846;930;972;1099;1269,Coward_500;Thoughtful_100;Loyal_200;Agile_100;Brave_100
22950,ZhenShou20091027HuoJiBaoBao1,PetHeader5_2,Thố Tiêu Hỏa Kê Trưởng Thành,2295,45,Wild,Magic,Rice,698_350000;703_900000;670_300000;660_150000;653_100000,685,1272,783,1076,783,948;1042;1090;1232;1422,Coward_500;Thoughtful_100;Loyal_200;Agile_100;Brave_100
22951,ZhenShou20091027HuoJiBaoBao2,PetHeader5_2,Thố Tiêu Hỏa Kê Biến Dị,2295,45,Rare,Magic,Rice,698_350000;703_900000;670_300000;660_150000;653_100000,753,1399,861,1184,861,948;1042;1090;1232;1422,Coward_500;Thoughtful_100;Loyal_200;Agile_100;Brave_100
22952,ZhenShou20091027HuoJiBaoBao3,PetHeader5_2,Thố Tiêu Hỏa Kê Biến Dị,2295,45,Rare,Magic,Rice,698_350000;703_900000;670_300000;660_150000;653_100000,822,1527,939,1292,939,948;1042;1090;1232;1422,Coward_500;Thoughtful_100;Loyal_200;Agile_100;Brave_100
22953,ZhenShou20091027HuoJiBaoBao5,PetHeader5_2,Thố Tiêu Hỏa Kê Biến Dị,2295,45,Rare,Magic,Rice,698_350000;703_900000;670_300000;660_150000;653_100000,890,1654,1018,1399,1018,948;1042;1090;1232;1422,Coward_500;Thoughtful_100;Loyal_200;Agile_100;Brave_100
22959,ZhenShou20091027HuoJiBaoBao1,PetHeader5_2,Thố Tiêu Hỏa Kê Bảo Bảo,2295,45,Child,Magic,Rice,698_350000;703_900000;670_300000;660_150000;653_100000,685,1272,783,1076,783,948;1042;1090;1232;1422,Coward_500;Thoughtful_100;Loyal_200;Agile_100;Brave_100
22960,ZhenShou20091027HuoJiBaoBao1,PetHeader5_2,Ba Gia Hỏa Kê Trưởng Thành,2296,55,Wild,Magic,Rice,698_400000;703_900000;670_350000;660_200000;653_150000,714,1326,816,1122,816,1051;1156;1208;1366;1576,Coward_500;Thoughtful_100;Loyal_200;Agile_100;Brave_100
22961,ZhenShou20091027HuoJiBaoBao2,PetHeader5_2,Ba Gia Hỏa Kê Biến Dị,2296,55,Rare,Magic,Rice,698_400000;703_900000;670_350000;660_200000;653_150000,767,1425,877,1206,877,1051;1156;1208;1366;1576,Coward_500;Thoughtful_100;Loyal_200;Agile_100;Brave_100
22962,ZhenShou20091027HuoJiBaoBao3,PetHeader5_2,Ba Gia Hỏa Kê Biến Dị,2296,55,Rare,Magic,Rice,698_400000;703_900000;670_350000;660_200000;653_150000,821,1524,938,1290,938,1051;1156;1208;1366;1576,Coward_500;Thoughtful_100;Loyal_200;Agile_100;Brave_100
22963,ZhenShou20091027HuoJiBaoBao5,PetHeader5_2,Ba Gia Hỏa Kê Biến Dị,2296,55,Rare,Magic,Rice,698_400000;703_900000;670_350000;660_200000;653_150000,874,1624,999,1374,999,1051;1156;1208;1366;1576,Coward_500;Thoughtful_100;Loyal_200;Agile_100;Brave_100
22964,ZhenShou20091027HuoJiBaoBao4,PetHeader5_2,Ba Gia Hỏa Kê Biến Dị,2296,55,Rare,Magic,Rice,698_400000;703_900000;670_350000;660_200000;653_150000,928,1723,1060,1458,1060,1051;1156;1208;1366;1576,Coward_500;Thoughtful_100;Loyal_200;Agile_100;Brave_100
22969,ZhenShou20091027HuoJiBaoBao1,PetHeader5_2,Ba Gia Hỏa Kê Bảo Bảo,2296,55,Child,Magic,Rice,698_400000;703_900000;670_350000;660_200000;653_150000,714,1326,816,1122,816,1051;1156;1208;1366;1576,Coward_500;Thoughtful_100;Loyal_200;Agile_100;Brave_100
22970,ZhenShou20091027HuoJiBaoBao1,PetHeader5_2,Lam Môi Hỏa Kê Trưởng Thành,2297,65,Wild,Magic,Rice,698_450000;703_900000;670_400000;660_250000;653_200000,742,1379,848,1167,848,1153;1268;1325;1498;1729,Coward_500;Thoughtful_100;Loyal_200;Agile_100;Brave_100
22971,ZhenShou20091027HuoJiBaoBao2,PetHeader5_2,Lam Môi Hỏa Kê Biến Dị,2297,65,Rare,Magic,Rice,698_450000;703_900000;670_400000;660_250000;653_200000,787,1462,899,1237,899,1153;1268;1325;1498;1729,Coward_500;Thoughtful_100;Loyal_200;Agile_100;Brave_100
22972,ZhenShou20091027HuoJiBaoBao3,PetHeader5_2,Lam Môi Hỏa Kê Biến Dị,2297,65,Rare,Magic,Rice,698_450000;703_900000;670_400000;660_250000;653_200000,831,1544,950,1307,950,1153;1268;1325;1498;1729,Coward_500;Thoughtful_100;Loyal_200;Agile_100;Brave_100
22973,ZhenShou20091027HuoJiBaoBao5,PetHeader5_2,Lam Môi Hỏa Kê Biến Dị,2297,65,Rare,Magic,Rice,698_450000;703_900000;670_400000;660_250000;653_200000,876,1627,1001,1377,1001,1153;1268;1325;1498;1729,Coward_500;Thoughtful_100;Loyal_200;Agile_100;Brave_100
22974,ZhenShou20091027HuoJiBaoBao4,PetHeader5_2,Lam Môi Hỏa Kê Biến Dị,2297,65,Rare,Magic,Rice,698_450000;703_900000;670_400000;660_250000;653_200000,920,1710,1052,1447,1052,1153;1268;1325;1498;1729,Coward_500;Thoughtful_100;Loyal_200;Agile_100;Brave_100
22975,ZhenShou20091027HuoJiBaoBao8,PetHeader5_2,Lam Môi Hỏa Kê Biến Dị,2297,65,Rare,Magic,Rice,698_450000;703_900000;670_400000;660_250000;653_200000,965,1793,1103,1517,1103,1153;1268;1325;1498;1729,Coward_500;Thoughtful_100;Loyal_200;Agile_100;Brave_100
22979,ZhenShou20091027HuoJiBaoBao1,PetHeader5_2,Lam Môi Hỏa Kê Bảo Bảo,2297,65,Child,Magic,Rice,698_450000;703_900000;670_400000;660_250000;653_200000,742,1379,848,1167,848,1153;1268;1325;1498;1729,Coward_500;Thoughtful_100;Loyal_200;Agile_100;Brave_100
22980,ZhenShou20091027HuoJiBaoBao1,PetHeader5_2,Toán Nê Hỏa Kê Trưởng Thành,2298,75,Wild,Magic,Rice,698_500000;703_900000;670_450000;660_300000;653_250000,771,1432,881,1212,881,1255;1380;1443;1631;1882,Coward_500;Thoughtful_100;Loyal_200;Agile_100;Brave_100
22981,ZhenShou20091027HuoJiBaoBao2,PetHeader5_2,Toán Nê Hỏa Kê Biến Dị,2298,75,Rare,Magic,Rice,698_500000;703_900000;670_450000;660_300000;653_250000,809,1504,925,1272,925,1255;1380;1443;1631;1882,Coward_500;Thoughtful_100;Loyal_200;Agile_100;Brave_100
22982,ZhenShou20091027HuoJiBaoBao3,PetHeader5_2,Toán Nê Hỏa Kê Biến Dị,2298,75,Rare,Magic,Rice,698_500000;703_900000;670_450000;660_300000;653_250000,848,1575,969,1333,969,1255;1380;1443;1631;1882,Coward_500;Thoughtful_100;Loyal_200;Agile_100;Brave_100
22983,ZhenShou20091027HuoJiBaoBao5,PetHeader5_2,Toán Nê Hỏa Kê Biến Dị,2298,75,Rare,Magic,Rice,698_500000;703_900000;670_450000;660_300000;653_250000,887,1647,1013,1394,1013,1255;1380;1443;1631;1882,Coward_500;Thoughtful_100;Loyal_200;Agile_100;Brave_100
22984,ZhenShou20091027HuoJiBaoBao4,PetHeader5_2,Toán Nê Hỏa Kê Biến Dị,2298,75,Rare,Magic,Rice,698_500000;703_900000;670_450000;660_300000;653_250000,925,1719,1057,1454,1057,1255;1380;1443;1631;1882,Coward_500;Thoughtful_100;Loyal_200;Agile_100;Brave_100
22985,ZhenShou20091027HuoJiBaoBao8,PetHeader5_2,Toán Nê Hỏa Kê Biến Dị,2298,75,Rare,Magic,Rice,698_500000;703_900000;670_450000;660_300000;653_250000,964,1790,1102,1515,1102,1255;1380;1443;1631;1882,Coward_500;Thoughtful_100;Loyal_200;Agile_100;Brave_100
22986,ZhenShou20091027HuoJiBaoBao9,PetHeader5_2,Toán Nê Hỏa Kê Biến Dị,2298,75,Rare,Magic,Rice,698_500000;703_900000;670_450000;660_300000;653_250000,1002,1862,1146,1575,1146,1255;1380;1443;1631;1882,Coward_500;Thoughtful_100;Loyal_200;Agile_100;Brave_100
22989,ZhenShou20091027HuoJiBaoBao1,PetHeader5_2,Toán Nê Hỏa Kê Bảo Bảo,2298,75,Child,Magic,Rice,698_500000;703_900000;670_450000;660_300000;653_250000,771,1432,881,1212,881,1255;1380;1443;1631;1882,Coward_500;Thoughtful_100;Loyal_200;Agile_100;Brave_100
22990,ZhenShou20091027HuoJiBaoBao1,PetHeader5_2,Già Ly Hỏa Kê Trưởng Thành,2299,85,Wild,Magic,Rice,698_550000;703_900000;670_500000;660_350000;653_300000,799,1484,913,1256,913,1357;1492;1560;1764;2035,Coward_500;Thoughtful_100;Loyal_200;Agile_100;Brave_100
22991,ZhenShou20091027HuoJiBaoBao2,PetHeader5_2,Già Ly Hỏa Kê Biến Dị,2299,85,Rare,Magic,Rice,698_550000;703_900000;670_500000;660_350000;653_300000,833,1548,952,1310,952,1357;1492;1560;1764;2035,Coward_500;Thoughtful_100;Loyal_200;Agile_100;Brave_100
22992,ZhenShou20091027HuoJiBaoBao3,PetHeader5_2,Già Ly Hỏa Kê Biến Dị,2299,85,Rare,Magic,Rice,698_550000;703_900000;670_500000;660_350000;653_300000,867,1611,991,1363,991,1357;1492;1560;1764;2035,Coward_500;Thoughtful_100;Loyal_200;Agile_100;Brave_100
22993,ZhenShou20091027HuoJiBaoBao5,PetHeader5_2,Già Ly Hỏa Kê Biến Dị,2299,85,Rare,Magic,Rice,698_550000;703_900000;670_500000;660_350000;653_300000,902,1675,1031,1417,1031,1357;1492;1560;1764;2035,Coward_500;Thoughtful_100;Loyal_200;Agile_100;Brave_100
22994,ZhenShou20091027HuoJiBaoBao4,PetHeader5_2,Già Ly Hỏa Kê Biến Dị,2299,85,Rare,Magic,Rice,698_550000;703_900000;670_500000;660_350000;653_300000,936,1739,1070,1471,1070,1357;1492;1560;1764;2035,Coward_500;Thoughtful_100;Loyal_200;Agile_100;Brave_100
22995,ZhenShou20091027HuoJiBaoBao8,PetHeader5_2,Già Ly Hỏa Kê Biến Dị,2299,85,Rare,Magic,Rice,698_550000;703_900000;670_500000;660_350000;653_300000,970,1802,1109,1525,1109,1357;1492;1560;1764;2035,Coward_500;Thoughtful_100;Loyal_200;Agile_100;Brave_100
22996,ZhenShou20091027HuoJiBaoBao9,PetHeader5_2,Già Ly Hỏa Kê Biến Dị,2299,85,Rare,Magic,Rice,698_550000;703_900000;670_500000;660_350000;653_300000,1004,1866,1148,1579,1148,1357;1492;1560;1764;2035,Coward_500;Thoughtful_100;Loyal_200;Agile_100;Brave_100
22997,ZhenShou20091027HuoJiBaoBao6,PetHeader5_2,Già Ly Hỏa Kê Biến Dị,2299,85,Rare,Magic,Rice,698_550000;703_900000;670_500000;660_350000;653_300000,1039,1929,1187,1633,1187,1357;1492;1560;1764;2035,Coward_500;Thoughtful_100;Loyal_200;Agile_100;Brave_100
22999,ZhenShou20091027HuoJiBaoBao1,PetHeader5_2,Già Ly Hỏa Kê Bảo Bảo,2299,85,Child,Magic,Rice,698_550000;703_900000;670_500000;660_350000;653_300000,799,1484,913,1256,913,1357;1492;1560;1764;2035,Coward_500;Thoughtful_100;Loyal_200;Agile_100;Brave_100
23000,ZhenShou20091027HuoJiBaoBao1,PetHeader5_2,Nãi Du Hỏa Kê Trưởng Thành,2300,95,Wild,Magic,Rice,698_600000;703_900000;670_550000;660_400000;653_350000,828,1537,946,1301,946,1459;1604;1677;1896;2388,Coward_500;Thoughtful_100;Loyal_200;Agile_100;Brave_100
23001,ZhenShou20091027HuoJiBaoBao2,PetHeader5_2,Nãi Du Hỏa Kê Biến Dị,2300,95,Rare,Magic,Rice,698_600000;703_900000;670_550000;660_400000;653_350000,859,1595,981,1350,981,1459;1604;1677;1896;2388,Coward_500;Thoughtful_100;Loyal_200;Agile_100;Brave_100
23002,ZhenShou20091027HuoJiBaoBao3,PetHeader5_2,Nãi Du Hỏa Kê Biến Dị,2300,95,Rare,Magic,Rice,698_600000;703_900000;670_550000;660_400000;653_350000,890,1653,1017,1398,1017,1459;1604;1677;1896;2388,Coward_500;Thoughtful_100;Loyal_200;Agile_100;Brave_100
23003,ZhenShou20091027HuoJiBaoBao5,PetHeader5_2,Nãi Du Hỏa Kê Biến Dị,2300,95,Rare,Magic,Rice,698_600000;703_900000;670_550000;660_400000;653_350000,921,1710,1052,1447,1052,1459;1604;1677;1896;2388,Coward_500;Thoughtful_100;Loyal_200;Agile_100;Brave_100
23004,ZhenShou20091027HuoJiBaoBao4,PetHeader5_2,Nãi Du Hỏa Kê Biến Dị,2300,95,Rare,Magic,Rice,698_600000;703_900000;670_550000;660_400000;653_350000,952,1768,1088,1496,1088,1459;1604;1677;1896;2388,Coward_500;Thoughtful_100;Loyal_200;Agile_100;Brave_100
23005,ZhenShou20091027HuoJiBaoBao8,PetHeader5_2,Nãi Du Hỏa Kê Biến Dị,2300,95,Rare,Magic,Rice,698_600000;703_900000;670_550000;660_400000;653_350000,983,1826,1123,1545,1123,1459;1604;1677;1896;2388,Coward_500;Thoughtful_100;Loyal_200;Agile_100;Brave_100
23006,ZhenShou20091027HuoJiBaoBao9,PetHeader5_2,Nãi Du Hỏa Kê Biến Dị,2300,95,Rare,Magic,Rice,698_600000;703_900000;670_550000;660_400000;653_350000,1014,1883,1159,1594,1159,1459;1604;1677;1896;2388,Coward_500;Thoughtful_100;Loyal_200;Agile_100;Brave_100
23007,ZhenShou20091027HuoJiBaoBao6,PetHeader5_2,Nãi Du Hỏa Kê Biến Dị,2300,95,Rare,Magic,Rice,698_600000;703_900000;670_550000;660_400000;653_350000,1045,1941,1194,1642,1194,1459;1604;1677;1896;2388,Coward_500;Thoughtful_100;Loyal_200;Agile_100;Brave_100
23008,ZhenShou20091027HuoJiBaoBao7,PetHeader5_2,Nãi Du Hỏa Kê Biến Dị,2300,95,Rare,Magic,Rice,698_600000;703_900000;670_550000;660_400000;653_350000,1076,1999,1230,1691,1230,1459;1604;1677;1896;2388,Coward_500;Thoughtful_100;Loyal_200;Agile_100;Brave_100
23009,ZhenShou20091027HuoJiBaoBao1,PetHeader5_2,Nãi Du Hỏa Kê Bảo Bảo,2300,95,Child,Magic,Rice,698_600000;703_900000;670_550000;660_400000;653_350000,828,1537,946,1301,946,1459;1604;1677;1896;2388,Coward_500;Thoughtful_100;Loyal_200;Agile_100;Brave_100
23010,HuangYa,PetHeader1_20,Sửu Tiểu Áp Trưởng Thành,2301,5,Wild,Strength,RiceAndWorm,,510,510,510,510,510,540;594;621;702;810,Coward_900;Thoughtful_50;Loyal_20;Agile_20;Brave_10
23011,HuangYa,PetHeader1_20,Sửu Tiểu Áp Biến Dị,2301,5,Rare,Strength,RiceAndWorm,,510,510,510,510,510,540;594;621;702;810,Coward_900;Thoughtful_50;Loyal_20;Agile_20;Brave_10
23012,HuangYa,PetHeader1_20,Sửu Tiểu Áp Biến Dị,2301,5,Rare,Strength,RiceAndWorm,,510,510,510,510,510,540;594;621;702;810,Coward_900;Thoughtful_50;Loyal_20;Agile_20;Brave_10
23013,HuangYa,PetHeader1_20,Sửu Tiểu Áp Biến Dị,2301,5,Rare,Strength,RiceAndWorm,,510,510,510,510,510,540;594;621;702;810,Coward_900;Thoughtful_50;Loyal_20;Agile_20;Brave_10
23014,HuangYa,PetHeader1_20,Sửu Tiểu Áp Biến Dị,2301,5,Rare,Strength,RiceAndWorm,,510,510,510,510,510,540;594;621;702;810,Coward_900;Thoughtful_50;Loyal_20;Agile_20;Brave_10
23015,HuangYa,PetHeader1_20,Sửu Tiểu Áp Biến Dị,2301,5,Rare,Strength,RiceAndWorm,,510,510,510,510,510,540;594;621;702;810,Coward_900;Thoughtful_50;Loyal_20;Agile_20;Brave_10
23016,LanBaiQiE,PetHeader3_2,Thần Bí Xí Nga,2301,5,Rare,Magic,1011,688_300000;652_900000;702_250000;664_100000,656,1219,750,1032,750,540;594;621;702;810,Coward_500;Thoughtful_300;Loyal_150;Agile_30;Brave_20
23017,YuanYang1,PetHeader4_11,Thần Bí Uyên Ương,2301,5,Rare,Magic,Rice,688_350000;702_900000;670_300000;660_150000;652_100000,628,1166,718,987,718,540;594;621;702;810,Coward_500;Thoughtful_100;Loyal_200;Agile_100;Brave_100
23018,ZhenShouNianShou2,PetHeader4_10,Thần Bí Niên Thú,2301,5,Rare,Magic,Meat,684_350000;726_900000;668_300000;661_150000;653_100000,1256,448,897,628,807,540;594;621;702;810,Coward_100;Thoughtful_100;Loyal_200;Agile_100;Brave_500
23019,HuangYa,PetHeader1_20,Sửu Tiểu Áp Bảo Bảo,2301,5,Child,Strength,RiceAndWorm,,510,510,510,510,510,540;594;621;702;810,Coward_900;Thoughtful_50;Loyal_20;Agile_20;Brave_10
23020,HuangYa,PetHeader1_20,Sửu Tiểu Áp Trưởng Thành,2302,55,Wild,Strength,RiceAndWorm,,637,637,637,637,637,1051;1156;1208;1366;1576,Coward_900;Thoughtful_50;Loyal_20;Agile_20;Brave_10
23021,HuangYa,PetHeader1_20,Sửu Tiểu Áp Biến Dị,2302,55,Rare,Strength,RiceAndWorm,,637,637,637,637,637,1051;1156;1208;1366;1576,Coward_900;Thoughtful_50;Loyal_20;Agile_20;Brave_10
23022,HuangYa,PetHeader1_20,Sửu Tiểu Áp Biến Dị,2302,55,Rare,Strength,RiceAndWorm,,637,637,637,637,637,1051;1156;1208;1366;1576,Coward_900;Thoughtful_50;Loyal_20;Agile_20;Brave_10
23023,HuangYa,PetHeader1_20,Sửu Tiểu Áp Biến Dị,2302,55,Rare,Strength,RiceAndWorm,,637,637,637,637,637,1051;1156;1208;1366;1576,Coward_900;Thoughtful_50;Loyal_20;Agile_20;Brave_10
23024,HuangYa,PetHeader1_20,Sửu Tiểu Áp Biến Dị,2302,55,Rare,Strength,RiceAndWorm,,637,637,637,637,637,1051;1156;1208;1366;1576,Coward_900;Thoughtful_50;Loyal_20;Agile_20;Brave_10
23025,HuangYa,PetHeader1_20,Sửu Tiểu Áp Biến Dị,2302,55,Rare,Strength,RiceAndWorm,,637,637,637,637,637,1051;1156;1208;1366;1576,Coward_900;Thoughtful_50;Loyal_20;Agile_20;Brave_10
23026,LanBaiQiE,PetHeader3_2,Thần Bí Xí Nga,2302,55,Rare,Magic,Meat,688_400000;652_900000;702_400000;664_350000,756,1405,864,1189,864,1051;1156;1208;1366;1576,Coward_500;Thoughtful_200;Loyal_150;Agile_100;Brave_50
23027,YuanYang1,PetHeader4_11,Thần Bí Uyên Ương,2302,55,Rare,Magic,Rice,688_500000;702_900000;670_450000;660_300000;652_250000,749,1392,856,1178,856,1051;1156;1208;1366;1576,Coward_500;Thoughtful_100;Loyal_200;Agile_100;Brave_100
23028,ZhenShouNianShou2,PetHeader4_10,Thần Bí Niên Thú,2302,55,Rare,Magic,Meat,684_500000;726_900000;668_450000;661_300000;653_250000,1499,535,1071,749,963,1051;1156;1208;1366;1576,Coward_100;Thoughtful_100;Loyal_200;Agile_100;Brave_500
23029,HuangYa,PetHeader1_20,Sửu Tiểu Áp Bảo Bảo,2302,55,Child,Strength,RiceAndWorm,,637,637,637,637,637,1051;1156;1208;1366;1576,Coward_900;Thoughtful_50;Loyal_20;Agile_20;Brave_10
23030,HuangYa,PetHeader1_20,Sửu Tiểu Áp Trưởng Thành,2303,85,Wild,Strength,RiceAndWorm,,714,714,714,714,714,1357;1492;1560;1764;2035,Coward_900;Thoughtful_50;Loyal_20;Agile_20;Brave_10
23031,HuangYa,PetHeader1_20,Sửu Tiểu Áp Biến Dị,2303,85,Rare,Strength,RiceAndWorm,,714,714,714,714,714,1357;1492;1560;1764;2035,Coward_900;Thoughtful_50;Loyal_20;Agile_20;Brave_10
23032,HuangYa,PetHeader1_20,Sửu Tiểu Áp Biến Dị,2303,85,Rare,Strength,RiceAndWorm,,714,714,714,714,714,1357;1492;1560;1764;2035,Coward_900;Thoughtful_50;Loyal_20;Agile_20;Brave_10
23033,HuangYa,PetHeader1_20,Sửu Tiểu Áp Biến Dị,2303,85,Rare,Strength,RiceAndWorm,,714,714,714,714,714,1357;1492;1560;1764;2035,Coward_900;Thoughtful_50;Loyal_20;Agile_20;Brave_10
23034,HuangYa,PetHeader1_20,Sửu Tiểu Áp Biến Dị,2303,85,Rare,Strength,RiceAndWorm,,714,714,714,714,714,1357;1492;1560;1764;2035,Coward_900;Thoughtful_50;Loyal_20;Agile_20;Brave_10
23035,HuangYa,PetHeader1_20,Sửu Tiểu Áp Biến Dị,2303,85,Rare,Strength,RiceAndWorm,,714,714,714,714,714,1357;1492;1560;1764;2035,Coward_900;Thoughtful_50;Loyal_20;Agile_20;Brave_10
23036,QiEWangLu,FightNPCHeader8_20,Thần Bí Xí Nga,2303,85,Rare,Magic,Meat,688_450000;652_900000;702_450000;664_350000,839,1558,959,1319,959,1357;1492;1560;1764;2035,Coward_500;Thoughtful_200;Loyal_150;Agile_100;Brave_50
23037,YuanYang1,PetHeader4_11,Thần Bí Uyên Ương,2303,85,Rare,Magic,Rice,688_550000;702_900000;670_500000;660_350000;652_300000,833,1548,952,1310,952,1357;1492;1560;1764;2035,Coward_500;Thoughtful_100;Loyal_200;Agile_100;Brave_100
23038,ZhenShouNianShou2,PetHeader4_10,Thần Bí Niên Thú,2303,85,Rare,Magic,Meat,684_550000;726_900000;668_500000;661_350000;653_300000,1667,595,1190,833,1071,1357;1492;1560;1764;2035,Coward_100;Thoughtful_100;Loyal_200;Agile_100;Brave_500
23039,HuangYa,PetHeader1_20,Sửu Tiểu Áp Bảo Bảo,2303,85,Child,Strength,RiceAndWorm,,714,714,714,714,714,1357;1492;1560;1764;2035,Coward_900;Thoughtful_50;Loyal_20;Agile_20;Brave_10
23040,ZhenShou091106RenXingHua1,CommonNPCHeader17_19,Hoa Tiên Tử Trưởng Thành,2304,5,Wild,Magic,Grass,692_300000;728_900000;670_250000;660_100000;655_50000,656,1219,750,1031,750,846;930;972;1099;1269,Coward_500;Thoughtful_100;Loyal_200;Agile_100;Brave_100
23041,ZhenShou091106RenXingHua2,CommonNPCHeader17_19,Hoa Tiên Tử Biến Dị,2304,5,Rare,Magic,Grass,692_300000;728_900000;670_250000;660_100000;655_50000,755,1402,862,1186,862,846;930;972;1099;1269,Coward_500;Thoughtful_100;Loyal_200;Agile_100;Brave_100
23042,ZhenShou091106RenXingHua3,CommonNPCHeader17_19,Hoa Tiên Tử Biến Dị,2304,5,Rare,Magic,Grass,692_300000;728_900000;670_250000;660_100000;655_50000,853,1585,975,1341,975,846;930;972;1099;1269,Coward_500;Thoughtful_100;Loyal_200;Agile_100;Brave_100
23049,ZhenShou091106RenXingHua1,CommonNPCHeader17_19,Hoa Tiên Tử Bảo Bảo,2304,5,Child,Magic,Grass,692_300000;728_900000;670_250000;660_100000;655_50000,656,1219,750,1031,750,846;930;972;1099;1269,Coward_500;Thoughtful_100;Loyal_200;Agile_100;Brave_100
23050,ZhenShou091106RenXingHua1,CommonNPCHeader17_19,Hoa Tiên Tử Trưởng Thành,2305,45,Wild,Magic,Grass,692_350000;728_900000;670_300000;660_150000;655_100000,685,1272,783,1076,783,948;1042;1090;1232;1422,Coward_500;Thoughtful_100;Loyal_200;Agile_100;Brave_100
23051,ZhenShou091106RenXingHua2,CommonNPCHeader17_19,Hoa Tiên Tử Biến Dị,2305,45,Rare,Magic,Grass,692_350000;728_900000;670_300000;660_150000;655_100000,753,1399,861,1184,861,948;1042;1090;1232;1422,Coward_500;Thoughtful_100;Loyal_200;Agile_100;Brave_100
23052,ZhenShou091106RenXingHua3,CommonNPCHeader17_19,Hoa Tiên Tử Biến Dị,2305,45,Rare,Magic,Grass,692_350000;728_900000;670_300000;660_150000;655_100000,822,1527,939,1292,939,948;1042;1090;1232;1422,Coward_500;Thoughtful_100;Loyal_200;Agile_100;Brave_100
23053,ZhenShou091106RenXingHua4,CommonNPCHeader17_19,Hoa Tiên Tử Biến Dị,2305,45,Rare,Magic,Grass,692_350000;728_900000;670_300000;660_150000;655_100000,890,1654,1018,1399,1018,948;1042;1090;1232;1422,Coward_500;Thoughtful_100;Loyal_200;Agile_100;Brave_100
23059,ZhenShou091106RenXingHua1,CommonNPCHeader17_19,Hoa Tiên Tử Bảo Bảo,2305,45,Child,Magic,Grass,692_350000;728_900000;670_300000;660_150000;655_100000,685,1272,783,1076,783,948;1042;1090;1232;1422,Coward_500;Thoughtful_100;Loyal_200;Agile_100;Brave_100
23060,ZhenShou091106RenXingHua1,CommonNPCHeader17_19,Hoa Tiên Tử Trưởng Thành,2306,55,Wild,Magic,Grass,692_400000;728_900000;670_350000;660_200000;655_150000,714,1326,816,1122,816,1051;1156;1208;1366;1576,Coward_500;Thoughtful_100;Loyal_200;Agile_100;Brave_100
23061,ZhenShou091106RenXingHua2,CommonNPCHeader17_19,Hoa Tiên Tử Biến Dị,2306,55,Rare,Magic,Grass,692_400000;728_900000;670_350000;660_200000;655_150000,767,1425,877,1206,877,1051;1156;1208;1366;1576,Coward_500;Thoughtful_100;Loyal_200;Agile_100;Brave_100
23062,ZhenShou091106RenXingHua3,CommonNPCHeader17_19,Hoa Tiên Tử Biến Dị,2306,55,Rare,Magic,Grass,692_400000;728_900000;670_350000;660_200000;655_150000,821,1524,938,1290,938,1051;1156;1208;1366;1576,Coward_500;Thoughtful_100;Loyal_200;Agile_100;Brave_100
23063,ZhenShou091106RenXingHua4,CommonNPCHeader17_19,Hoa Tiên Tử Biến Dị,2306,55,Rare,Magic,Grass,692_400000;728_900000;670_350000;660_200000;655_150000,874,1624,999,1374,999,1051;1156;1208;1366;1576,Coward_500;Thoughtful_100;Loyal_200;Agile_100;Brave_100
23064,ZhenShou091106RenXingHua5,CommonNPCHeader17_19,Hoa Tiên Tử Biến Dị,2306,55,Rare,Magic,Grass,692_400000;728_900000;670_350000;660_200000;655_150000,928,1723,1060,1458,1060,1051;1156;1208;1366;1576,Coward_500;Thoughtful_100;Loyal_200;Agile_100;Brave_100
23069,ZhenShou091106RenXingHua1,CommonNPCHeader17_19,Hoa Tiên Tử Bảo Bảo,2306,55,Child,Magic,Grass,692_400000;728_900000;670_350000;660_200000;655_150000,714,1326,816,1122,816,1051;1156;1208;1366;1576,Coward_500;Thoughtful_100;Loyal_200;Agile_100;Brave_100
23070,ZhenShou091106RenXingHua1,CommonNPCHeader17_19,Hoa Tiên Tử Trưởng Thành,2307,65,Wild,Magic,Grass,692_450000;728_900000;670_400000;660_250000;655_200000,742,1379,848,1167,848,1153;1268;1325;1498;1729,Coward_500;Thoughtful_100;Loyal_200;Agile_100;Brave_100
23071,ZhenShou091106RenXingHua2,CommonNPCHeader17_19,Hoa Tiên Tử Biến Dị,2307,65,Rare,Magic,Grass,692_450000;728_900000;670_400000;660_250000;655_200000,787,1462,899,1237,899,1153;1268;1325;1498;1729,Coward_500;Thoughtful_100;Loyal_200;Agile_100;Brave_100
23072,ZhenShou091106RenXingHua3,CommonNPCHeader17_19,Hoa Tiên Tử Biến Dị,2307,65,Rare,Magic,Grass,692_450000;728_900000;670_400000;660_250000;655_200000,831,1544,950,1307,950,1153;1268;1325;1498;1729,Coward_500;Thoughtful_100;Loyal_200;Agile_100;Brave_100
23073,ZhenShou091106RenXingHua4,CommonNPCHeader17_19,Hoa Tiên Tử Biến Dị,2307,65,Rare,Magic,Grass,692_450000;728_900000;670_400000;660_250000;655_200000,876,1627,1001,1377,1001,1153;1268;1325;1498;1729,Coward_500;Thoughtful_100;Loyal_200;Agile_100;Brave_100
23074,ZhenShou091106RenXingHua5,CommonNPCHeader17_19,Hoa Tiên Tử Biến Dị,2307,65,Rare,Magic,Grass,692_450000;728_900000;670_400000;660_250000;655_200000,920,1710,1052,1447,1052,1153;1268;1325;1498;1729,Coward_500;Thoughtful_100;Loyal_200;Agile_100;Brave_100
23075,ZhenShou091106RenXingHua6,CommonNPCHeader17_19,Hoa Tiên Tử Biến Dị,2307,65,Rare,Magic,Grass,692_450000;728_900000;670_400000;660_250000;655_200000,965,1793,1103,1517,1103,1153;1268;1325;1498;1729,Coward_500;Thoughtful_100;Loyal_200;Agile_100;Brave_100
23079,ZhenShou091106RenXingHua1,CommonNPCHeader17_19,Hoa Tiên Tử Bảo Bảo,2307,65,Child,Magic,Grass,692_450000;728_900000;670_400000;660_250000;655_200000,742,1379,848,1167,848,1153;1268;1325;1498;1729,Coward_500;Thoughtful_100;Loyal_200;Agile_100;Brave_100
23080,ZhenShou091106RenXingHua1,CommonNPCHeader17_19,Hoa Tiên Tử Trưởng Thành,2308,75,Wild,Magic,Grass,692_500000;728_900000;670_450000;660_300000;655_250000,771,1432,881,1212,881,1255;1380;1443;1631;1882,Coward_500;Thoughtful_100;Loyal_200;Agile_100;Brave_100
23081,ZhenShou091106RenXingHua2,CommonNPCHeader17_19,Hoa Tiên Tử Biến Dị,2308,75,Rare,Magic,Grass,692_500000;728_900000;670_450000;660_300000;655_250000,809,1504,925,1272,925,1255;1380;1443;1631;1882,Coward_500;Thoughtful_100;Loyal_200;Agile_100;Brave_100
23082,ZhenShou091106RenXingHua3,CommonNPCHeader17_19,Hoa Tiên Tử Biến Dị,2308,75,Rare,Magic,Grass,692_500000;728_900000;670_450000;660_300000;655_250000,848,1575,969,1333,969,1255;1380;1443;1631;1882,Coward_500;Thoughtful_100;Loyal_200;Agile_100;Brave_100
23083,ZhenShou091106RenXingHua4,CommonNPCHeader17_19,Hoa Tiên Tử Biến Dị,2308,75,Rare,Magic,Grass,692_500000;728_900000;670_450000;660_300000;655_250000,887,1647,1013,1394,1013,1255;1380;1443;1631;1882,Coward_500;Thoughtful_100;Loyal_200;Agile_100;Brave_100
23084,ZhenShou091106RenXingHua5,CommonNPCHeader17_19,Hoa Tiên Tử Biến Dị,2308,75,Rare,Magic,Grass,692_500000;728_900000;670_450000;660_300000;655_250000,925,1719,1057,1454,1057,1255;1380;1443;1631;1882,Coward_500;Thoughtful_100;Loyal_200;Agile_100;Brave_100
23085,ZhenShou091106RenXingHua6,CommonNPCHeader17_19,Hoa Tiên Tử Biến Dị,2308,75,Rare,Magic,Grass,692_500000;728_900000;670_450000;660_300000;655_250000,964,1790,1102,1515,1102,1255;1380;1443;1631;1882,Coward_500;Thoughtful_100;Loyal_200;Agile_100;Brave_100
23086,ZhenShou091106RenXingHua7,CommonNPCHeader17_19,Hoa Tiên Tử Biến Dị,2308,75,Rare,Magic,Grass,692_500000;728_900000;670_450000;660_300000;655_250000,1002,1862,1146,1575,1146,1255;1380;1443;1631;1882,Coward_500;Thoughtful_100;Loyal_200;Agile_100;Brave_100
23089,ZhenShou091106RenXingHua1,CommonNPCHeader17_19,Hoa Tiên Tử Bảo Bảo,2308,75,Child,Magic,Grass,692_500000;728_900000;670_450000;660_300000;655_250000,771,1432,881,1212,881,1255;1380;1443;1631;1882,Coward_500;Thoughtful_100;Loyal_200;Agile_100;Brave_100
23090,ZhenShou091106RenXingHua1,CommonNPCHeader17_19,Hoa Tiên Tử Trưởng Thành,2309,85,Wild,Magic,Grass,692_550000;728_900000;670_500000;660_350000;655_300000,799,1484,913,1256,913,1357;1492;1560;1764;2035,Coward_500;Thoughtful_100;Loyal_200;Agile_100;Brave_100
23091,ZhenShou091106RenXingHua2,CommonNPCHeader17_19,Hoa Tiên Tử Biến Dị,2309,85,Rare,Magic,Grass,692_550000;728_900000;670_500000;660_350000;655_300000,833,1548,952,1310,952,1357;1492;1560;1764;2035,Coward_500;Thoughtful_100;Loyal_200;Agile_100;Brave_100
23092,ZhenShou091106RenXingHua3,CommonNPCHeader17_19,Hoa Tiên Tử Biến Dị,2309,85,Rare,Magic,Grass,692_550000;728_900000;670_500000;660_350000;655_300000,867,1611,991,1363,991,1357;1492;1560;1764;2035,Coward_500;Thoughtful_100;Loyal_200;Agile_100;Brave_100
23093,ZhenShou091106RenXingHua4,CommonNPCHeader17_19,Hoa Tiên Tử Biến Dị,2309,85,Rare,Magic,Grass,692_550000;728_900000;670_500000;660_350000;655_300000,902,1675,1031,1417,1031,1357;1492;1560;1764;2035,Coward_500;Thoughtful_100;Loyal_200;Agile_100;Brave_100
23094,ZhenShou091106RenXingHua5,CommonNPCHeader17_19,Hoa Tiên Tử Biến Dị,2309,85,Rare,Magic,Grass,692_550000;728_900000;670_500000;660_350000;655_300000,936,1739,1070,1471,1070,1357;1492;1560;1764;2035,Coward_500;Thoughtful_100;Loyal_200;Agile_100;Brave_100
23095,ZhenShou091106RenXingHua6,CommonNPCHeader17_19,Hoa Tiên Tử Biến Dị,2309,85,Rare,Magic,Grass,692_550000;728_900000;670_500000;660_350000;655_300000,970,1802,1109,1525,1109,1357;1492;1560;1764;2035,Coward_500;Thoughtful_100;Loyal_200;Agile_100;Brave_100
23096,ZhenShou091106RenXingHua7,CommonNPCHeader17_19,Hoa Tiên Tử Biến Dị,2309,85,Rare,Magic,Grass,692_550000;728_900000;670_500000;660_350000;655_300000,1004,1866,1148,1579,1148,1357;1492;1560;1764;2035,Coward_500;Thoughtful_100;Loyal_200;Agile_100;Brave_100
23097,ZhenShou091106RenXingHua8,CommonNPCHeader17_19,Hoa Tiên Tử Biến Dị,2309,85,Rare,Magic,Grass,692_550000;728_900000;670_500000;660_350000;655_300000,1039,1929,1187,1633,1187,1357;1492;1560;1764;2035,Coward_500;Thoughtful_100;Loyal_200;Agile_100;Brave_100
23099,ZhenShou091106RenXingHua1,CommonNPCHeader17_19,Hoa Tiên Tử Bảo Bảo,2309,85,Child,Magic,Grass,692_550000;728_900000;670_500000;660_350000;655_300000,799,1484,913,1256,913,1357;1492;1560;1764;2035,Coward_500;Thoughtful_100;Loyal_200;Agile_100;Brave_100
23100,ZhenShou091106RenXingHua1,CommonNPCHeader17_19,Hoa Tiên Tử Trưởng Thành,2310,95,Wild,Magic,Grass,692_600000;728_900000;670_550000;660_400000;655_350000,778,1558,896,1251,896,1459;1604;1677;1896;2388,Coward_500;Thoughtful_100;Loyal_200;Agile_100;Brave_100
23101,ZhenShou091106RenXingHua2,CommonNPCHeader17_19,Hoa Tiên Tử Biến Dị,2310,95,Rare,Magic,Grass,692_600000;728_900000;670_550000;660_400000;655_350000,809,1619,931,1300,931,1459;1604;1677;1896;2388,Coward_500;Thoughtful_100;Loyal_200;Agile_100;Brave_100
23102,ZhenShou091106RenXingHua3,CommonNPCHeader17_19,Hoa Tiên Tử Biến Dị,2310,95,Rare,Magic,Grass,692_600000;728_900000;670_550000;660_400000;655_350000,840,1679,967,1348,967,1459;1604;1677;1896;2388,Coward_500;Thoughtful_100;Loyal_200;Agile_100;Brave_100
23103,ZhenShou091106RenXingHua4,CommonNPCHeader17_19,Hoa Tiên Tử Biến Dị,2310,95,Rare,Magic,Grass,692_600000;728_900000;670_550000;660_400000;655_350000,871,1729,1002,1397,1002,1459;1604;1677;1896;2388,Coward_500;Thoughtful_100;Loyal_200;Agile_100;Brave_100
23104,ZhenShou091106RenXingHua5,CommonNPCHeader17_19,Hoa Tiên Tử Biến Dị,2310,95,Rare,Magic,Grass,692_600000;728_900000;670_550000;660_400000;655_350000,902,1800,1038,1456,1038,1459;1604;1677;1896;2388,Coward_500;Thoughtful_100;Loyal_200;Agile_100;Brave_100
23105,ZhenShou091106RenXingHua6,CommonNPCHeader17_19,Hoa Tiên Tử Biến Dị,2310,95,Rare,Magic,Grass,692_600000;728_900000;670_550000;660_400000;655_350000,933,1860,1073,1495,1073,1459;1604;1677;1896;2388,Coward_500;Thoughtful_100;Loyal_200;Agile_100;Brave_100
23106,ZhenShou091106RenXingHua7,CommonNPCHeader17_19,Hoa Tiên Tử Biến Dị,2310,95,Rare,Magic,Grass,692_600000;728_900000;670_550000;660_400000;655_350000,964,1910,1109,1544,1109,1459;1604;1677;1896;2388,Coward_500;Thoughtful_100;Loyal_200;Agile_100;Brave_100
23107,ZhenShou091106RenXingHua8,CommonNPCHeader17_19,Hoa Tiên Tử Biến Dị,2310,95,Rare,Magic,Grass,692_600000;728_900000;670_550000;660_400000;655_350000,995,1971,1144,1592,1144,1459;1604;1677;1896;2388,Coward_500;Thoughtful_100;Loyal_200;Agile_100;Brave_100
23108,ZhenShou091106RenXingHua9,CommonNPCHeader17_19,Hoa Tiên Tử Biến Dị,2310,95,Rare,Magic,Grass,692_600000;728_900000;670_550000;660_400000;655_350000,1026,2041,1180,1641,1180,1459;1604;1677;1896;2388,Coward_500;Thoughtful_100;Loyal_200;Agile_100;Brave_100
23109,ZhenShou091106RenXingHua1,CommonNPCHeader17_19,Hoa Tiên Tử Bảo Bảo,2310,95,Child,Magic,Grass,692_600000;728_900000;670_550000;660_400000;655_350000,778,1558,896,1251,896,1459;1604;1677;1896;2388,Coward_500;Thoughtful_100;Loyal_200;Agile_100;Brave_100
23110,ZhenShou20091106ShengDanJieXunLuBaoBao1,PetHeader5_3,Tuần Lộc Trưởng Thành,2311,5,Wild,Magic,Grass,692_300000;728_900000;670_250000;660_100000;655_50000,469,1303,722,938,750,846;930;972;1099;1269,Coward_500;Thoughtful_150;Loyal_50;Agile_200;Brave_100
23111,ZhenShou20091106ShengDanJieXunLuBaoBao2,PetHeader5_3,Tuần Lộc Biến Dị,2311,5,Rare,Magic,Grass,692_300000;728_900000;670_250000;660_100000;655_50000,539,1499,830,1078,862,846;930;972;1099;1269,Coward_500;Thoughtful_150;Loyal_50;Agile_200;Brave_100
23112,ZhenShou20091106ShengDanJieXunLuBaoBao3,PetHeader5_3,Tuần Lộc Biến Dị,2311,5,Rare,Magic,Grass,692_300000;728_900000;670_250000;660_100000;655_50000,609,1694,938,1219,975,846;930;972;1099;1269,Coward_500;Thoughtful_150;Loyal_50;Agile_200;Brave_100
23119,ZhenShou20091106ShengDanJieXunLuBaoBao1,PetHeader5_3,Tuần Lộc Bảo Bảo,2311,5,Child,Magic,Grass,692_300000;728_900000;670_250000;660_100000;655_50000,469,1303,722,938,750,846;930;972;1099;1269,Coward_500;Thoughtful_150;Loyal_50;Agile_200;Brave_100
23120,ZhenShou20091106ShengDanJieXunLuBaoBao1,PetHeader5_3,Tuần Lộc Trưởng Thành,2312,45,Wild,Magic,Grass,692_350000;728_900000;670_300000;660_150000;655_100000,489,1360,753,979,783,948;1042;1090;1232;1422,Coward_500;Thoughtful_150;Loyal_50;Agile_200;Brave_100
23121,ZhenShou20091106ShengDanJieXunLuBaoBao2,PetHeader5_3,Tuần Lộc Biến Dị,2312,45,Rare,Magic,Grass,692_350000;728_900000;670_300000;660_150000;655_100000,538,1496,829,1076,861,948;1042;1090;1232;1422,Coward_500;Thoughtful_150;Loyal_50;Agile_200;Brave_100
23122,ZhenShou20091106ShengDanJieXunLuBaoBao3,PetHeader5_3,Tuần Lộc Biến Dị,2312,45,Rare,Magic,Grass,692_350000;728_900000;670_300000;660_150000;655_100000,587,1632,904,1174,939,948;1042;1090;1232;1422,Coward_500;Thoughtful_150;Loyal_50;Agile_200;Brave_100
23123,ZhenShou20091106ShengDanJieXunLuBaoBao7,PetHeader5_3,Tuần Lộc Biến Dị,2312,45,Rare,Magic,Grass,692_350000;728_900000;670_300000;660_150000;655_100000,636,1769,979,1272,1018,948;1042;1090;1232;1422,Coward_500;Thoughtful_150;Loyal_50;Agile_200;Brave_100
23129,ZhenShou20091106ShengDanJieXunLuBaoBao1,PetHeader5_3,Tuần Lộc Bảo Bảo,2312,45,Child,Magic,Grass,692_350000;728_900000;670_300000;660_150000;655_100000,489,1360,753,979,783,948;1042;1090;1232;1422,Coward_500;Thoughtful_150;Loyal_50;Agile_200;Brave_100
23130,ZhenShou20091106ShengDanJieXunLuBaoBao1,PetHeader5_3,Tuần Lộc Trưởng Thành,2313,55,Wild,Magic,Grass,692_400000;728_900000;670_350000;660_200000;655_150000,510,1417,785,1020,816,1051;1156;1208;1366;1576,Coward_500;Thoughtful_150;Loyal_50;Agile_200;Brave_100
23131,ZhenShou20091106ShengDanJieXunLuBaoBao2,PetHeader5_3,Tuần Lộc Biến Dị,2313,55,Rare,Magic,Grass,692_400000;728_900000;670_350000;660_200000;655_150000,548,1524,844,1096,877,1051;1156;1208;1366;1576,Coward_500;Thoughtful_150;Loyal_50;Agile_200;Brave_100
23132,ZhenShou20091106ShengDanJieXunLuBaoBao3,PetHeader5_3,Tuần Lộc Biến Dị,2313,55,Rare,Magic,Grass,692_400000;728_900000;670_350000;660_200000;655_150000,586,1630,903,1173,938,1051;1156;1208;1366;1576,Coward_500;Thoughtful_150;Loyal_50;Agile_200;Brave_100
23133,ZhenShou20091106ShengDanJieXunLuBaoBao7,PetHeader5_3,Tuần Lộc Biến Dị,2313,55,Rare,Magic,Grass,692_400000;728_900000;670_350000;660_200000;655_150000,624,1736,962,1249,999,1051;1156;1208;1366;1576,Coward_500;Thoughtful_150;Loyal_50;Agile_200;Brave_100
23134,ZhenShou20091106ShengDanJieXunLuBaoBao8,PetHeader5_3,Tuần Lộc Biến Dị,2313,55,Rare,Magic,Grass,692_400000;728_900000;670_350000;660_200000;655_150000,663,1843,1021,1326,1060,1051;1156;1208;1366;1576,Coward_500;Thoughtful_150;Loyal_50;Agile_200;Brave_100
23139,ZhenShou20091106ShengDanJieXunLuBaoBao1,PetHeader5_3,Tuần Lộc Bảo Bảo,2313,55,Child,Magic,Grass,692_400000;728_900000;670_350000;660_200000;655_150000,510,1417,785,1020,816,1051;1156;1208;1366;1576,Coward_500;Thoughtful_150;Loyal_50;Agile_200;Brave_100
23140,ZhenShou20091106ShengDanJieXunLuBaoBao1,PetHeader5_3,Tuần Lộc Trưởng Thành,2314,65,Wild,Magic,Grass,692_450000;728_900000;670_400000;660_250000;655_200000,530,1474,816,1061,848,1153;1268;1325;1498;1729,Coward_500;Thoughtful_150;Loyal_50;Agile_200;Brave_100
23141,ZhenShou20091106ShengDanJieXunLuBaoBao2,PetHeader5_3,Tuần Lộc Biến Dị,2314,65,Rare,Magic,Grass,692_450000;728_900000;670_400000;660_250000;655_200000,562,1563,865,1124,899,1153;1268;1325;1498;1729,Coward_500;Thoughtful_150;Loyal_50;Agile_200;Brave_100
23142,ZhenShou20091106ShengDanJieXunLuBaoBao3,PetHeader5_3,Tuần Lộc Biến Dị,2314,65,Rare,Magic,Grass,692_450000;728_900000;670_400000;660_250000;655_200000,594,1651,915,1188,950,1153;1268;1325;1498;1729,Coward_500;Thoughtful_150;Loyal_50;Agile_200;Brave_100
23143,ZhenShou20091106ShengDanJieXunLuBaoBao7,PetHeader5_3,Tuần Lộc Biến Dị,2314,65,Rare,Magic,Grass,692_450000;728_900000;670_400000;660_250000;655_200000,625,1740,964,1251,1001,1153;1268;1325;1498;1729,Coward_500;Thoughtful_150;Loyal_50;Agile_200;Brave_100
23144,ZhenShou20091106ShengDanJieXunLuBaoBao8,PetHeader5_3,Tuần Lộc Biến Dị,2314,65,Rare,Magic,Grass,692_450000;728_900000;670_400000;660_250000;655_200000,657,1828,1013,1315,1052,1153;1268;1325;1498;1729,Coward_500;Thoughtful_150;Loyal_50;Agile_200;Brave_100
23145,ZhenShou20091106ShengDanJieXunLuBaoBao9,PetHeader5_3,Tuần Lộc Biến Dị,2314,65,Rare,Magic,Grass,692_450000;728_900000;670_400000;660_250000;655_200000,689,1917,1062,1379,1103,1153;1268;1325;1498;1729,Coward_500;Thoughtful_150;Loyal_50;Agile_200;Brave_100
23149,ZhenShou20091106ShengDanJieXunLuBaoBao1,PetHeader5_3,Tuần Lộc Bảo Bảo,2314,65,Child,Magic,Grass,692_450000;728_900000;670_400000;660_250000;655_200000,530,1474,816,1061,848,1153;1268;1325;1498;1729,Coward_500;Thoughtful_150;Loyal_50;Agile_200;Brave_100
23150,ZhenShou20091106ShengDanJieXunLuBaoBao1,PetHeader5_3,Tuần Lộc Trưởng Thành,2315,75,Wild,Magic,Grass,692_500000;728_900000;670_450000;660_300000;655_250000,551,1531,848,1102,881,1255;1380;1443;1631;1882,Coward_500;Thoughtful_150;Loyal_50;Agile_200;Brave_100
23151,ZhenShou20091106ShengDanJieXunLuBaoBao2,PetHeader5_3,Tuần Lộc Biến Dị,2315,75,Rare,Magic,Grass,692_500000;728_900000;670_450000;660_300000;655_250000,578,1608,890,1157,925,1255;1380;1443;1631;1882,Coward_500;Thoughtful_150;Loyal_50;Agile_200;Brave_100
23152,ZhenShou20091106ShengDanJieXunLuBaoBao3,PetHeader5_3,Tuần Lộc Biến Dị,2315,75,Rare,Magic,Grass,692_500000;728_900000;670_450000;660_300000;655_250000,606,1684,933,1212,969,1255;1380;1443;1631;1882,Coward_500;Thoughtful_150;Loyal_50;Agile_200;Brave_100
23153,ZhenShou20091106ShengDanJieXunLuBaoBao7,PetHeader5_3,Tuần Lộc Biến Dị,2315,75,Rare,Magic,Grass,692_500000;728_900000;670_450000;660_300000;655_250000,633,1761,975,1267,1013,1255;1380;1443;1631;1882,Coward_500;Thoughtful_150;Loyal_50;Agile_200;Brave_100
23154,ZhenShou20091106ShengDanJieXunLuBaoBao8,PetHeader5_3,Tuần Lộc Biến Dị,2315,75,Rare,Magic,Grass,692_500000;728_900000;670_450000;660_300000;655_250000,661,1838,1018,1322,1057,1255;1380;1443;1631;1882,Coward_500;Thoughtful_150;Loyal_50;Agile_200;Brave_100
23155,ZhenShou20091106ShengDanJieXunLuBaoBao9,PetHeader5_3,Tuần Lộc Biến Dị,2315,75,Rare,Magic,Grass,692_500000;728_900000;670_450000;660_300000;655_250000,688,1914,1060,1377,1102,1255;1380;1443;1631;1882,Coward_500;Thoughtful_150;Loyal_50;Agile_200;Brave_100
23156,ZhenShou20091106ShengDanJieXunLuBaoBao4,PetHeader5_3,Tuần Lộc Biến Dị,2315,75,Rare,Magic,Grass,692_500000;728_900000;670_450000;660_300000;655_250000,716,1991,1103,1432,1146,1255;1380;1443;1631;1882,Coward_500;Thoughtful_150;Loyal_50;Agile_200;Brave_100
23159,ZhenShou20091106ShengDanJieXunLuBaoBao1,PetHeader5_3,Tuần Lộc Bảo Bảo,2315,75,Child,Magic,Grass,692_500000;728_900000;670_450000;660_300000;655_250000,551,1531,848,1102,881,1255;1380;1443;1631;1882,Coward_500;Thoughtful_150;Loyal_50;Agile_200;Brave_100
23160,ZhenShou20091106ShengDanJieXunLuBaoBao1,PetHeader5_3,Tuần Lộc Trưởng Thành,2316,85,Wild,Magic,Grass,692_550000;728_900000;670_500000;660_350000;655_300000,571,1587,879,1142,913,1357;1492;1560;1764;2035,Coward_500;Thoughtful_150;Loyal_50;Agile_200;Brave_100
23161,ZhenShou20091106ShengDanJieXunLuBaoBao2,PetHeader5_3,Tuần Lộc Biến Dị,2316,85,Rare,Magic,Grass,692_550000;728_900000;670_500000;660_350000;655_300000,595,1655,917,1190,952,1357;1492;1560;1764;2035,Coward_500;Thoughtful_150;Loyal_50;Agile_200;Brave_100
23162,ZhenShou20091106ShengDanJieXunLuBaoBao3,PetHeader5_3,Tuần Lộc Biến Dị,2316,85,Rare,Magic,Grass,692_550000;728_900000;670_500000;660_350000;655_300000,619,1723,954,1239,991,1357;1492;1560;1764;2035,Coward_500;Thoughtful_150;Loyal_50;Agile_200;Brave_100
23163,ZhenShou20091106ShengDanJieXunLuBaoBao7,PetHeader5_3,Tuần Lộc Biến Dị,2316,85,Rare,Magic,Grass,692_550000;728_900000;670_500000;660_350000;655_300000,644,1791,992,1288,1031,1357;1492;1560;1764;2035,Coward_500;Thoughtful_150;Loyal_50;Agile_200;Brave_100
23164,ZhenShou20091106ShengDanJieXunLuBaoBao8,PetHeader5_3,Tuần Lộc Biến Dị,2316,85,Rare,Magic,Grass,692_550000;728_900000;670_500000;660_350000;655_300000,668,1859,1030,1337,1070,1357;1492;1560;1764;2035,Coward_500;Thoughtful_150;Loyal_50;Agile_200;Brave_100
23165,ZhenShou20091106ShengDanJieXunLuBaoBao9,PetHeader5_3,Tuần Lộc Biến Dị,2316,85,Rare,Magic,Grass,692_550000;728_900000;670_500000;660_350000;655_300000,693,1927,1067,1386,1109,1357;1492;1560;1764;2035,Coward_500;Thoughtful_150;Loyal_50;Agile_200;Brave_100
23166,ZhenShou20091106ShengDanJieXunLuBaoBao4,PetHeader5_3,Tuần Lộc Biến Dị,2316,85,Rare,Magic,Grass,692_550000;728_900000;670_500000;660_350000;655_300000,717,1995,1105,1435,1148,1357;1492;1560;1764;2035,Coward_500;Thoughtful_150;Loyal_50;Agile_200;Brave_100
23167,ZhenShou20091106ShengDanJieXunLuBaoBao5,PetHeader5_3,Tuần Lộc Biến Dị,2316,85,Rare,Magic,Grass,692_550000;728_900000;670_500000;660_350000;655_300000,742,2063,1143,1484,1187,1357;1492;1560;1764;2035,Coward_500;Thoughtful_150;Loyal_50;Agile_200;Brave_100
23169,ZhenShou20091106ShengDanJieXunLuBaoBao1,PetHeader5_3,Tuần Lộc Bảo Bảo,2316,85,Child,Magic,Grass,692_550000;728_900000;670_500000;660_350000;655_300000,571,1587,879,1142,913,1357;1492;1560;1764;2035,Coward_500;Thoughtful_150;Loyal_50;Agile_200;Brave_100
23170,ZhenShou20091106ShengDanJieXunLuBaoBao1,PetHeader5_3,Tuần Lộc Trưởng Thành,2317,95,Wild,Magic,Grass,692_600000;728_900000;670_550000;660_400000;655_350000,591,1644,910,1183,946,1459;1604;1677;1896;2388,Coward_500;Thoughtful_150;Loyal_50;Agile_200;Brave_100
23171,ZhenShou20091106ShengDanJieXunLuBaoBao2,PetHeader5_3,Tuần Lộc Biến Dị,2317,95,Rare,Magic,Grass,692_600000;728_900000;670_550000;660_400000;655_350000,613,1706,945,1227,981,1459;1604;1677;1896;2388,Coward_500;Thoughtful_150;Loyal_50;Agile_200;Brave_100
23172,ZhenShou20091106ShengDanJieXunLuBaoBao3,PetHeader5_3,Tuần Lộc Biến Dị,2317,95,Rare,Magic,Grass,692_600000;728_900000;670_550000;660_400000;655_350000,635,1767,979,1271,1017,1459;1604;1677;1896;2388,Coward_500;Thoughtful_150;Loyal_50;Agile_200;Brave_100
23173,ZhenShou20091106ShengDanJieXunLuBaoBao7,PetHeader5_3,Tuần Lộc Biến Dị,2317,95,Rare,Magic,Grass,692_600000;728_900000;670_550000;660_400000;655_350000,658,1829,1013,1316,1052,1459;1604;1677;1896;2388,Coward_500;Thoughtful_150;Loyal_50;Agile_200;Brave_100
23174,ZhenShou20091106ShengDanJieXunLuBaoBao8,PetHeader5_3,Tuần Lộc Biến Dị,2317,95,Rare,Magic,Grass,692_600000;728_900000;670_550000;660_400000;655_350000,680,1891,1047,1360,1088,1459;1604;1677;1896;2388,Coward_500;Thoughtful_150;Loyal_50;Agile_200;Brave_100
23175,ZhenShou20091106ShengDanJieXunLuBaoBao9,PetHeader5_3,Tuần Lộc Biến Dị,2317,95,Rare,Magic,Grass,692_600000;728_900000;670_550000;660_400000;655_350000,702,1952,1081,1404,1123,1459;1604;1677;1896;2388,Coward_500;Thoughtful_150;Loyal_50;Agile_200;Brave_100
23176,ZhenShou20091106ShengDanJieXunLuBaoBao4,PetHeader5_3,Tuần Lộc Biến Dị,2317,95,Rare,Magic,Grass,692_600000;728_900000;670_550000;660_400000;655_350000,724,2014,1115,1449,1159,1459;1604;1677;1896;2388,Coward_500;Thoughtful_150;Loyal_50;Agile_200;Brave_100
23177,ZhenShou20091106ShengDanJieXunLuBaoBao5,PetHeader5_3,Tuần Lộc Biến Dị,2317,95,Rare,Magic,Grass,692_600000;728_900000;670_550000;660_400000;655_350000,746,2076,1150,1493,1194,1459;1604;1677;1896;2388,Coward_500;Thoughtful_150;Loyal_50;Agile_200;Brave_100
23178,ZhenShou20091106ShengDanJieXunLuBaoBao6,PetHeader5_3,Tuần Lộc Biến Dị,2317,95,Rare,Magic,Grass,692_600000;728_900000;670_550000;660_400000;655_350000,768,2137,1184,1537,1230,1459;1604;1677;1896;2388,Coward_500;Thoughtful_150;Loyal_50;Agile_200;Brave_100
23179,ZhenShou20091106ShengDanJieXunLuBaoBao1,PetHeader5_3,Tuần Lộc Bảo Bảo,2317,95,Child,Magic,Grass,692_600000;728_900000;670_550000;660_400000;655_350000,591,1644,910,1183,946,1459;1604;1677;1896;2388,Coward_500;Thoughtful_150;Loyal_50;Agile_200;Brave_100
23180,ZhenShouChunJieZhenQiHu1,CommonNPCHeader17_20,Trân Kỳ Hổ Trưởng Thành,2318,5,Wild,Balanced,Meat,737_300000;726_900000;662_250000;734_100000;653_50000,938,938,938,938,938,846;930;972;1099;1269,Coward_100;Thoughtful_100;Loyal_500;Agile_100;Brave_200
23181,ZhenShouChunJieZhenQiHu2,CommonNPCHeader17_20,Trân Kỳ Hổ Biến Dị,2318,5,Rare,Balanced,Meat,737_300000;726_900000;662_250000;734_100000;653_50000,1078,1078,1078,1078,1078,846;930;972;1099;1269,Coward_100;Thoughtful_100;Loyal_500;Agile_100;Brave_200
23182,ZhenShouChunJieZhenQiHu3,CommonNPCHeader17_20,Trân Kỳ Hổ Biến Dị,2318,5,Rare,Balanced,Meat,737_300000;726_900000;662_250000;734_100000;653_50000,1219,1219,1219,1219,1219,846;930;972;1099;1269,Coward_100;Thoughtful_100;Loyal_500;Agile_100;Brave_200
23189,ZhenShouChunJieZhenQiHu1,CommonNPCHeader17_20,Trân Kỳ Hổ Bảo Bảo,2318,5,Child,Balanced,Meat,737_300000;726_900000;662_250000;734_100000;653_50000,938,938,938,938,938,846;930;972;1099;1269,Coward_100;Thoughtful_100;Loyal_500;Agile_100;Brave_200
23190,ZhenShouChunJieZhenQiHu1,CommonNPCHeader17_20,Trân Kỳ Hổ Trưởng Thành,2319,45,Wild,Balanced,Meat,737_350000;726_900000;662_300000;734_150000;653_100000,979,979,979,979,979,948;1042;1090;1232;1422,Coward_100;Thoughtful_100;Loyal_500;Agile_100;Brave_200
23191,ZhenShouChunJieZhenQiHu2,CommonNPCHeader17_20,Trân Kỳ Hổ Biến Dị,2319,45,Rare,Balanced,Meat,737_350000;726_900000;662_300000;734_150000;653_100000,1076,1076,1076,1076,1076,948;1042;1090;1232;1422,Coward_100;Thoughtful_100;Loyal_500;Agile_100;Brave_200
23192,ZhenShouChunJieZhenQiHu3,CommonNPCHeader17_20,Trân Kỳ Hổ Biến Dị,2319,45,Rare,Balanced,Meat,737_350000;726_900000;662_300000;734_150000;653_100000,1174,1174,1174,1174,1174,948;1042;1090;1232;1422,Coward_100;Thoughtful_100;Loyal_500;Agile_100;Brave_200
23193,ZhenShouChunJieZhenQiHu4,CommonNPCHeader17_20,Trân Kỳ Hổ Biến Dị,2319,45,Rare,Balanced,Meat,737_350000;726_900000;662_300000;734_150000;653_100000,1272,1272,1272,1272,1272,948;1042;1090;1232;1422,Coward_100;Thoughtful_100;Loyal_500;Agile_100;Brave_200
23199,ZhenShouChunJieZhenQiHu1,CommonNPCHeader17_20,Trân Kỳ Hổ Bảo Bảo,2319,45,Child,Balanced,Meat,737_350000;726_900000;662_300000;734_150000;653_100000,979,979,979,979,979,948;1042;1090;1232;1422,Coward_100;Thoughtful_100;Loyal_500;Agile_100;Brave_200
23200,ZhenShouChunJieZhenQiHu1,CommonNPCHeader17_20,Trân Kỳ Hổ Trưởng Thành,2320,55,Wild,Balanced,Meat,737_400000;726_900000;662_350000;734_200000;653_150000,1020,1020,1020,1020,1020,1051;1156;1208;1366;1576,Coward_100;Thoughtful_100;Loyal_500;Agile_100;Brave_200
23201,ZhenShouChunJieZhenQiHu2,CommonNPCHeader17_20,Trân Kỳ Hổ Biến Dị,2320,55,Rare,Balanced,Meat,737_400000;726_900000;662_350000;734_200000;653_150000,1096,1096,1096,1096,1096,1051;1156;1208;1366;1576,Coward_100;Thoughtful_100;Loyal_500;Agile_100;Brave_200
23202,ZhenShouChunJieZhenQiHu3,CommonNPCHeader17_20,Trân Kỳ Hổ Biến Dị,2320,55,Rare,Balanced,Meat,737_400000;726_900000;662_350000;734_200000;653_150000,1173,1173,1173,1173,1173,1051;1156;1208;1366;1576,Coward_100;Thoughtful_100;Loyal_500;Agile_100;Brave_200
23203,ZhenShouChunJieZhenQiHu4,CommonNPCHeader17_20,Trân Kỳ Hổ Biến Dị,2320,55,Rare,Balanced,Meat,737_400000;726_900000;662_350000;734_200000;653_150000,1249,1249,1249,1249,1249,1051;1156;1208;1366;1576,Coward_100;Thoughtful_100;Loyal_500;Agile_100;Brave_200
23204,ZhenShouChunJieZhenQiHu5,CommonNPCHeader17_20,Trân Kỳ Hổ Biến Dị,2320,55,Rare,Balanced,Meat,737_400000;726_900000;662_350000;734_200000;653_150000,1326,1326,1326,1326,1326,1051;1156;1208;1366;1576,Coward_100;Thoughtful_100;Loyal_500;Agile_100;Brave_200
23209,ZhenShouChunJieZhenQiHu1,CommonNPCHeader17_20,Trân Kỳ Hổ Bảo Bảo,2320,55,Child,Balanced,Meat,737_400000;726_900000;662_350000;734_200000;653_150000,1020,1020,1020,1020,1020,1051;1156;1208;1366;1576,Coward_100;Thoughtful_100;Loyal_500;Agile_100;Brave_200
23210,ZhenShouChunJieZhenQiHu1,CommonNPCHeader17_20,Trân Kỳ Hổ Trưởng Thành,2321,65,Wild,Balanced,Meat,737_450000;726_900000;662_400000;734_250000;653_200000,1061,1061,1061,1061,1061,1153;1268;1325;1498;1729,Coward_100;Thoughtful_100;Loyal_500;Agile_100;Brave_200
23211,ZhenShouChunJieZhenQiHu2,CommonNPCHeader17_20,Trân Kỳ Hổ Biến Dị,2321,65,Rare,Balanced,Meat,737_450000;726_900000;662_400000;734_250000;653_200000,1124,1124,1124,1124,1124,1153;1268;1325;1498;1729,Coward_100;Thoughtful_100;Loyal_500;Agile_100;Brave_200
23212,ZhenShouChunJieZhenQiHu3,CommonNPCHeader17_20,Trân Kỳ Hổ Biến Dị,2321,65,Rare,Balanced,Meat,737_450000;726_900000;662_400000;734_250000;653_200000,1188,1188,1188,1188,1188,1153;1268;1325;1498;1729,Coward_100;Thoughtful_100;Loyal_500;Agile_100;Brave_200
23213,ZhenShouChunJieZhenQiHu4,CommonNPCHeader17_20,Trân Kỳ Hổ Biến Dị,2321,65,Rare,Balanced,Meat,737_450000;726_900000;662_400000;734_250000;653_200000,1251,1251,1251,1251,1251,1153;1268;1325;1498;1729,Coward_100;Thoughtful_100;Loyal_500;Agile_100;Brave_200
23214,ZhenShouChunJieZhenQiHu5,CommonNPCHeader17_20,Trân Kỳ Hổ Biến Dị,2321,65,Rare,Balanced,Meat,737_450000;726_900000;662_400000;734_250000;653_200000,1315,1315,1315,1315,1315,1153;1268;1325;1498;1729,Coward_100;Thoughtful_100;Loyal_500;Agile_100;Brave_200
23215,ZhenShouChunJieZhenQiHu6,CommonNPCHeader17_20,Trân Kỳ Hổ Biến Dị,2321,65,Rare,Balanced,Meat,737_450000;726_900000;662_400000;734_250000;653_200000,1379,1379,1379,1379,1379,1153;1268;1325;1498;1729,Coward_100;Thoughtful_100;Loyal_500;Agile_100;Brave_200
23219,ZhenShouChunJieZhenQiHu1,CommonNPCHeader17_20,Trân Kỳ Hổ Bảo Bảo,2321,65,Child,Balanced,Meat,737_450000;726_900000;662_400000;734_250000;653_200000,1061,1061,1061,1061,1061,1153;1268;1325;1498;1729,Coward_100;Thoughtful_100;Loyal_500;Agile_100;Brave_200
23220,ZhenShouChunJieZhenQiHu1,CommonNPCHeader17_20,Trân Kỳ Hổ Trưởng Thành,2322,75,Wild,Balanced,Meat,737_500000;726_900000;662_450000;734_300000;653_250000,1102,1102,1102,1102,1102,1255;1380;1443;1631;1882,Coward_100;Thoughtful_100;Loyal_500;Agile_100;Brave_200
23221,ZhenShouChunJieZhenQiHu2,CommonNPCHeader17_20,Trân Kỳ Hổ Biến Dị,2322,75,Rare,Balanced,Meat,737_500000;726_900000;662_450000;734_300000;653_250000,1157,1157,1157,1157,1157,1255;1380;1443;1631;1882,Coward_100;Thoughtful_100;Loyal_500;Agile_100;Brave_200
23222,ZhenShouChunJieZhenQiHu3,CommonNPCHeader17_20,Trân Kỳ Hổ Biến Dị,2322,75,Rare,Balanced,Meat,737_500000;726_900000;662_450000;734_300000;653_250000,1212,1212,1212,1212,1212,1255;1380;1443;1631;1882,Coward_100;Thoughtful_100;Loyal_500;Agile_100;Brave_200
23223,ZhenShouChunJieZhenQiHu4,CommonNPCHeader17_20,Trân Kỳ Hổ Biến Dị,2322,75,Rare,Balanced,Meat,737_500000;726_900000;662_450000;734_300000;653_250000,1267,1267,1267,1267,1267,1255;1380;1443;1631;1882,Coward_100;Thoughtful_100;Loyal_500;Agile_100;Brave_200
23224,ZhenShouChunJieZhenQiHu5,CommonNPCHeader17_20,Trân Kỳ Hổ Biến Dị,2322,75,Rare,Balanced,Meat,737_500000;726_900000;662_450000;734_300000;653_250000,1322,1322,1322,1322,1322,1255;1380;1443;1631;1882,Coward_100;Thoughtful_100;Loyal_500;Agile_100;Brave_200
23225,ZhenShouChunJieZhenQiHu6,CommonNPCHeader17_20,Trân Kỳ Hổ Biến Dị,2322,75,Rare,Balanced,Meat,737_500000;726_900000;662_450000;734_300000;653_250000,1377,1377,1377,1377,1377,1255;1380;1443;1631;1882,Coward_100;Thoughtful_100;Loyal_500;Agile_100;Brave_200
23226,ZhenShouChunJieZhenQiHu7,CommonNPCHeader17_20,Trân Kỳ Hổ Biến Dị,2322,75,Rare,Balanced,Meat,737_500000;726_900000;662_450000;734_300000;653_250000,1432,1432,1432,1432,1432,1255;1380;1443;1631;1882,Coward_100;Thoughtful_100;Loyal_500;Agile_100;Brave_200
23229,ZhenShouChunJieZhenQiHu1,CommonNPCHeader17_20,Trân Kỳ Hổ Bảo Bảo,2322,75,Child,Balanced,Meat,737_500000;726_900000;662_450000;734_300000;653_250000,1102,1102,1102,1102,1102,1255;1380;1443;1631;1882,Coward_100;Thoughtful_100;Loyal_500;Agile_100;Brave_200
23230,ZhenShouChunJieZhenQiHu1,CommonNPCHeader17_20,Trân Kỳ Hổ Trưởng Thành,2323,85,Wild,Balanced,Meat,737_550000;726_900000;662_500000;734_350000;653_300000,1142,1142,1142,1142,1142,1357;1492;1560;1764;2035,Coward_100;Thoughtful_100;Loyal_500;Agile_100;Brave_200
23231,ZhenShouChunJieZhenQiHu2,CommonNPCHeader17_20,Trân Kỳ Hổ Biến Dị,2323,85,Rare,Balanced,Meat,737_550000;726_900000;662_500000;734_350000;653_300000,1190,1190,1190,1190,1190,1357;1492;1560;1764;2035,Coward_100;Thoughtful_100;Loyal_500;Agile_100;Brave_200
23232,ZhenShouChunJieZhenQiHu3,CommonNPCHeader17_20,Trân Kỳ Hổ Biến Dị,2323,85,Rare,Balanced,Meat,737_550000;726_900000;662_500000;734_350000;653_300000,1239,1239,1239,1239,1239,1357;1492;1560;1764;2035,Coward_100;Thoughtful_100;Loyal_500;Agile_100;Brave_200
23233,ZhenShouChunJieZhenQiHu4,CommonNPCHeader17_20,Trân Kỳ Hổ Biến Dị,2323,85,Rare,Balanced,Meat,737_550000;726_900000;662_500000;734_350000;653_300000,1288,1288,1288,1288,1288,1357;1492;1560;1764;2035,Coward_100;Thoughtful_100;Loyal_500;Agile_100;Brave_200
23234,ZhenShouChunJieZhenQiHu5,CommonNPCHeader17_20,Trân Kỳ Hổ Biến Dị,2323,85,Rare,Balanced,Meat,737_550000;726_900000;662_500000;734_350000;653_300000,1337,1337,1337,1337,1337,1357;1492;1560;1764;2035,Coward_100;Thoughtful_100;Loyal_500;Agile_100;Brave_200
23235,ZhenShouChunJieZhenQiHu6,CommonNPCHeader17_20,Trân Kỳ Hổ Biến Dị,2323,85,Rare,Balanced,Meat,737_550000;726_900000;662_500000;734_350000;653_300000,1386,1386,1386,1386,1386,1357;1492;1560;1764;2035,Coward_100;Thoughtful_100;Loyal_500;Agile_100;Brave_200
23236,ZhenShouChunJieZhenQiHu7,CommonNPCHeader17_20,Trân Kỳ Hổ Biến Dị,2323,85,Rare,Balanced,Meat,737_550000;726_900000;662_500000;734_350000;653_300000,1435,1435,1435,1435,1435,1357;1492;1560;1764;2035,Coward_100;Thoughtful_100;Loyal_500;Agile_100;Brave_200
23237,ZhenShouChunJieZhenQiHu8,CommonNPCHeader17_20,Trân Kỳ Hổ Biến Dị,2323,85,Rare,Balanced,Meat,737_550000;726_900000;662_500000;734_350000;653_300000,1484,1484,1484,1484,1484,1357;1492;1560;1764;2035,Coward_100;Thoughtful_100;Loyal_500;Agile_100;Brave_200
23239,ZhenShouChunJieZhenQiHu1,CommonNPCHeader17_20,Trân Kỳ Hổ Bảo Bảo,2323,85,Child,Balanced,Meat,737_550000;726_900000;662_500000;734_350000;653_300000,1142,1142,1142,1142,1142,1357;1492;1560;1764;2035,Coward_100;Thoughtful_100;Loyal_500;Agile_100;Brave_200
23240,ZhenShouChunJieZhenQiHu1,CommonNPCHeader17_20,Trân Kỳ Hổ Trưởng Thành,2324,95,Wild,Balanced,Meat,737_600000;726_900000;662_550000;734_400000;653_350000,1183,1183,1183,1183,1183,1459;1604;1677;1896;2388,Coward_100;Thoughtful_100;Loyal_500;Agile_100;Brave_200
23241,ZhenShouChunJieZhenQiHu2,CommonNPCHeader17_20,Trân Kỳ Hổ Biến Dị,2324,95,Rare,Balanced,Meat,737_600000;726_900000;662_550000;734_400000;653_350000,1227,1227,1227,1227,1227,1459;1604;1677;1896;2388,Coward_100;Thoughtful_100;Loyal_500;Agile_100;Brave_200
23242,ZhenShouChunJieZhenQiHu3,CommonNPCHeader17_20,Trân Kỳ Hổ Biến Dị,2324,95,Rare,Balanced,Meat,737_600000;726_900000;662_550000;734_400000;653_350000,1271,1271,1271,1271,1271,1459;1604;1677;1896;2388,Coward_100;Thoughtful_100;Loyal_500;Agile_100;Brave_200
23243,ZhenShouChunJieZhenQiHu4,CommonNPCHeader17_20,Trân Kỳ Hổ Biến Dị,2324,95,Rare,Balanced,Meat,737_600000;726_900000;662_550000;734_400000;653_350000,1316,1316,1316,1316,1316,1459;1604;1677;1896;2388,Coward_100;Thoughtful_100;Loyal_500;Agile_100;Brave_200
23244,ZhenShouChunJieZhenQiHu5,CommonNPCHeader17_20,Trân Kỳ Hổ Biến Dị,2324,95,Rare,Balanced,Meat,737_600000;726_900000;662_550000;734_400000;653_350000,1360,1360,1360,1360,1360,1459;1604;1677;1896;2388,Coward_100;Thoughtful_100;Loyal_500;Agile_100;Brave_200
23245,ZhenShouChunJieZhenQiHu6,CommonNPCHeader17_20,Trân Kỳ Hổ Biến Dị,2324,95,Rare,Balanced,Meat,737_600000;726_900000;662_550000;734_400000;653_350000,1404,1404,1404,1404,1404,1459;1604;1677;1896;2388,Coward_100;Thoughtful_100;Loyal_500;Agile_100;Brave_200
23246,ZhenShouChunJieZhenQiHu7,CommonNPCHeader17_20,Trân Kỳ Hổ Biến Dị,2324,95,Rare,Balanced,Meat,737_600000;726_900000;662_550000;734_400000;653_350000,1449,1449,1449,1449,1449,1459;1604;1677;1896;2388,Coward_100;Thoughtful_100;Loyal_500;Agile_100;Brave_200
23247,ZhenShouChunJieZhenQiHu8,CommonNPCHeader17_20,Trân Kỳ Hổ Biến Dị,2324,95,Rare,Balanced,Meat,737_600000;726_900000;662_550000;734_400000;653_350000,1493,1493,1493,1493,1493,1459;1604;1677;1896;2388,Coward_100;Thoughtful_100;Loyal_500;Agile_100;Brave_200
23248,ZhenShouChunJieZhenQiHu9,CommonNPCHeader17_20,Trân Kỳ Hổ Biến Dị,2324,95,Rare,Balanced,Meat,737_600000;726_900000;662_550000;734_400000;653_350000,1537,1537,1537,1537,1537,1459;1604;1677;1896;2388,Coward_100;Thoughtful_100;Loyal_500;Agile_100;Brave_200
23249,ZhenShouChunJieZhenQiHu1,CommonNPCHeader17_20,Trân Kỳ Hổ Bảo Bảo,2324,95,Child,Balanced,Meat,737_600000;726_900000;662_550000;734_400000;653_350000,1183,1183,1183,1183,1183,1459;1604;1677;1896;2388,Coward_100;Thoughtful_100;Loyal_500;Agile_100;Brave_200
23250,ZhenShouChunJieBuLaoHu1,CommonNPCHeader17_20,Bố Lão Hổ Trưởng Thành,2325,5,Wild,Strength,Meat,694_300000;722_900000;662_250000;661_100000;653_50000,1219,656,1031,656,844,846;930;972;1099;1269,Coward_100;Thoughtful_100;Loyal_200;Agile_100;Brave_500
23251,ZhenShouChunJieBuLaoHu2,CommonNPCHeader17_20,Bố Lão Hổ Biến Dị,2325,5,Rare,Strength,Meat,694_300000;722_900000;662_250000;661_100000;653_50000,1402,755,1186,755,970,846;930;972;1099;1269,Coward_100;Thoughtful_100;Loyal_200;Agile_100;Brave_500
23252,ZhenShouChunJieBuLaoHu3,CommonNPCHeader17_20,Bố Lão Hổ Biến Dị,2325,5,Rare,Strength,Meat,694_300000;722_900000;662_250000;661_100000;653_50000,1585,853,1341,853,1097,846;930;972;1099;1269,Coward_100;Thoughtful_100;Loyal_200;Agile_100;Brave_500
23259,ZhenShouChunJieBuLaoHu1,CommonNPCHeader17_20,Bố Lão Hổ Bảo Bảo,2325,5,Child,Strength,Meat,694_300000;722_900000;662_250000;661_100000;653_50000,1219,656,1031,656,844,846;930;972;1099;1269,Coward_100;Thoughtful_100;Loyal_200;Agile_100;Brave_500
23260,ZhenShouChunJieBuLaoHu1,CommonNPCHeader17_20,Bố Lão Hổ Trưởng Thành,2326,45,Wild,Strength,Meat,694_350000;722_900000;662_300000;661_150000;653_100000,1272,685,1076,685,881,948;1042;1090;1232;1422,Coward_100;Thoughtful_100;Loyal_200;Agile_100;Brave_500
23261,ZhenShouChunJieBuLaoHu2,CommonNPCHeader17_20,Bố Lão Hổ Biến Dị,2326,45,Rare,Strength,Meat,694_350000;722_900000;662_300000;661_150000;653_100000,1399,753,1184,753,969,948;1042;1090;1232;1422,Coward_100;Thoughtful_100;Loyal_200;Agile_100;Brave_500
23262,ZhenShouChunJieBuLaoHu3,CommonNPCHeader17_20,Bố Lão Hổ Biến Dị,2326,45,Rare,Strength,Meat,694_350000;722_900000;662_300000;661_150000;653_100000,1527,822,1292,822,1057,948;1042;1090;1232;1422,Coward_100;Thoughtful_100;Loyal_200;Agile_100;Brave_500
23263,ZhenShouChunJieBuLaoHu4,CommonNPCHeader17_20,Bố Lão Hổ Biến Dị,2326,45,Rare,Strength,Meat,694_350000;722_900000;662_300000;661_150000;653_100000,1654,890,1399,890,1145,948;1042;1090;1232;1422,Coward_100;Thoughtful_100;Loyal_200;Agile_100;Brave_500
23269,ZhenShouChunJieBuLaoHu1,CommonNPCHeader17_20,Bố Lão Hổ Bảo Bảo,2326,45,Child,Strength,Meat,694_350000;722_900000;662_300000;661_150000;653_100000,1272,685,1076,685,881,948;1042;1090;1232;1422,Coward_100;Thoughtful_100;Loyal_200;Agile_100;Brave_500
23270,ZhenShouChunJieBuLaoHu1,CommonNPCHeader17_20,Bố Lão Hổ Trưởng Thành,2327,55,Wild,Strength,Meat,694_400000;722_900000;662_350000;661_200000;653_150000,1326,714,1122,714,918,1051;1156;1208;1366;1576,Coward_100;Thoughtful_100;Loyal_200;Agile_100;Brave_500
23271,ZhenShouChunJieBuLaoHu2,CommonNPCHeader17_20,Bố Lão Hổ Biến Dị,2327,55,Rare,Strength,Meat,694_400000;722_900000;662_350000;661_200000;653_150000,1425,767,1206,767,986,1051;1156;1208;1366;1576,Coward_100;Thoughtful_100;Loyal_200;Agile_100;Brave_500
23272,ZhenShouChunJieBuLaoHu3,CommonNPCHeader17_20,Bố Lão Hổ Biến Dị,2327,55,Rare,Strength,Meat,694_400000;722_900000;662_350000;661_200000;653_150000,1524,821,1290,821,1055,1051;1156;1208;1366;1576,Coward_100;Thoughtful_100;Loyal_200;Agile_100;Brave_500
23273,ZhenShouChunJieBuLaoHu4,CommonNPCHeader17_20,Bố Lão Hổ Biến Dị,2327,55,Rare,Strength,Meat,694_400000;722_900000;662_350000;661_200000;653_150000,1624,874,1374,874,1124,1051;1156;1208;1366;1576,Coward_100;Thoughtful_100;Loyal_200;Agile_100;Brave_500
23274,ZhenShouChunJieBuLaoHu5,CommonNPCHeader17_20,Bố Lão Hổ Biến Dị,2327,55,Rare,Strength,Meat,694_400000;722_900000;662_350000;661_200000;653_150000,1723,928,1458,928,1193,1051;1156;1208;1366;1576,Coward_100;Thoughtful_100;Loyal_200;Agile_100;Brave_500
23279,ZhenShouChunJieBuLaoHu1,CommonNPCHeader17_20,Bố Lão Hổ Bảo Bảo,2327,55,Child,Strength,Meat,694_400000;722_900000;662_350000;661_200000;653_150000,1326,714,1122,714,918,1051;1156;1208;1366;1576,Coward_100;Thoughtful_100;Loyal_200;Agile_100;Brave_500
23280,ZhenShouChunJieBuLaoHu1,CommonNPCHeader17_20,Bố Lão Hổ Trưởng Thành,2328,65,Wild,Strength,Meat,694_450000;722_900000;662_400000;661_250000;653_200000,1379,742,1167,742,954,1153;1268;1325;1498;1729,Coward_100;Thoughtful_100;Loyal_200;Agile_100;Brave_500
23281,ZhenShouChunJieBuLaoHu2,CommonNPCHeader17_20,Bố Lão Hổ Biến Dị,2328,65,Rare,Strength,Meat,694_450000;722_900000;662_400000;661_250000;653_200000,1462,787,1237,787,1012,1153;1268;1325;1498;1729,Coward_100;Thoughtful_100;Loyal_200;Agile_100;Brave_500
23282,ZhenShouChunJieBuLaoHu3,CommonNPCHeader17_20,Bố Lão Hổ Biến Dị,2328,65,Rare,Strength,Meat,694_450000;722_900000;662_400000;661_250000;653_200000,1544,831,1307,831,1069,1153;1268;1325;1498;1729,Coward_100;Thoughtful_100;Loyal_200;Agile_100;Brave_500
23283,ZhenShouChunJieBuLaoHu4,CommonNPCHeader17_20,Bố Lão Hổ Biến Dị,2328,65,Rare,Strength,Meat,694_450000;722_900000;662_400000;661_250000;653_200000,1627,876,1377,876,1126,1153;1268;1325;1498;1729,Coward_100;Thoughtful_100;Loyal_200;Agile_100;Brave_500
23284,ZhenShouChunJieBuLaoHu5,CommonNPCHeader17_20,Bố Lão Hổ Biến Dị,2328,65,Rare,Strength,Meat,694_450000;722_900000;662_400000;661_250000;653_200000,1710,920,1447,920,1184,1153;1268;1325;1498;1729,Coward_100;Thoughtful_100;Loyal_200;Agile_100;Brave_500
23285,ZhenShouChunJieBuLaoHu6,CommonNPCHeader17_20,Bố Lão Hổ Biến Dị,2328,65,Rare,Strength,Meat,694_450000;722_900000;662_400000;661_250000;653_200000,1793,965,1517,965,1241,1153;1268;1325;1498;1729,Coward_100;Thoughtful_100;Loyal_200;Agile_100;Brave_500
23289,ZhenShouChunJieBuLaoHu1,CommonNPCHeader17_20,Bố Lão Hổ Bảo Bảo,2328,65,Child,Strength,Meat,694_450000;722_900000;662_400000;661_250000;653_200000,1379,742,1167,742,954,1153;1268;1325;1498;1729,Coward_100;Thoughtful_100;Loyal_200;Agile_100;Brave_500
23290,ZhenShouChunJieBuLaoHu1,CommonNPCHeader17_20,Bố Lão Hổ Trưởng Thành,2329,75,Wild,Strength,Meat,694_500000;722_900000;662_450000;661_300000;653_250000,1432,771,1212,771,991,1255;1380;1443;1631;1882,Coward_100;Thoughtful_100;Loyal_200;Agile_100;Brave_500
23291,ZhenShouChunJieBuLaoHu2,CommonNPCHeader17_20,Bố Lão Hổ Biến Dị,2329,75,Rare,Strength,Meat,694_500000;722_900000;662_450000;661_300000;653_250000,1504,809,1272,809,1041,1255;1380;1443;1631;1882,Coward_100;Thoughtful_100;Loyal_200;Agile_100;Brave_500
23292,ZhenShouChunJieBuLaoHu3,CommonNPCHeader17_20,Bố Lão Hổ Biến Dị,2329,75,Rare,Strength,Meat,694_500000;722_900000;662_450000;661_300000;653_250000,1575,848,1333,848,1090,1255;1380;1443;1631;1882,Coward_100;Thoughtful_100;Loyal_200;Agile_100;Brave_500
23293,ZhenShouChunJieBuLaoHu4,CommonNPCHeader17_20,Bố Lão Hổ Biến Dị,2329,75,Rare,Strength,Meat,694_500000;722_900000;662_450000;661_300000;653_250000,1647,887,1394,887,1140,1255;1380;1443;1631;1882,Coward_100;Thoughtful_100;Loyal_200;Agile_100;Brave_500
23294,ZhenShouChunJieBuLaoHu5,CommonNPCHeader17_20,Bố Lão Hổ Biến Dị,2329,75,Rare,Strength,Meat,694_500000;722_900000;662_450000;661_300000;653_250000,1719,925,1454,925,1190,1255;1380;1443;1631;1882,Coward_100;Thoughtful_100;Loyal_200;Agile_100;Brave_500
23295,ZhenShouChunJieBuLaoHu6,CommonNPCHeader17_20,Bố Lão Hổ Biến Dị,2329,75,Rare,Strength,Meat,694_500000;722_900000;662_450000;661_300000;653_250000,1790,964,1515,964,1239,1255;1380;1443;1631;1882,Coward_100;Thoughtful_100;Loyal_200;Agile_100;Brave_500
23296,ZhenShouChunJieBuLaoHu7,CommonNPCHeader17_20,Bố Lão Hổ Biến Dị,2329,75,Rare,Strength,Meat,694_500000;722_900000;662_450000;661_300000;653_250000,1862,1002,1575,1002,1289,1255;1380;1443;1631;1882,Coward_100;Thoughtful_100;Loyal_200;Agile_100;Brave_500
23299,ZhenShouChunJieBuLaoHu1,CommonNPCHeader17_20,Bố Lão Hổ Bảo Bảo,2329,75,Child,Strength,Meat,694_500000;722_900000;662_450000;661_300000;653_250000,1432,771,1212,771,991,1255;1380;1443;1631;1882,Coward_100;Thoughtful_100;Loyal_200;Agile_100;Brave_500
23300,ZhenShouChunJieBuLaoHu1,CommonNPCHeader17_20,Bố Lão Hổ Trưởng Thành,2330,85,Wild,Strength,Meat,694_550000;722_900000;662_500000;661_350000;653_300000,1484,799,1256,799,1027,1357;1492;1560;1764;2035,Coward_100;Thoughtful_100;Loyal_200;Agile_100;Brave_500
23301,ZhenShouChunJieBuLaoHu2,CommonNPCHeader17_20,Bố Lão Hổ Biến Dị,2330,85,Rare,Strength,Meat,694_550000;722_900000;662_500000;661_350000;653_300000,1548,833,1310,833,1071,1357;1492;1560;1764;2035,Coward_100;Thoughtful_100;Loyal_200;Agile_100;Brave_500
23302,ZhenShouChunJieBuLaoHu3,CommonNPCHeader17_20,Bố Lão Hổ Biến Dị,2330,85,Rare,Strength,Meat,694_550000;722_900000;662_500000;661_350000;653_300000,1611,867,1363,867,1115,1357;1492;1560;1764;2035,Coward_100;Thoughtful_100;Loyal_200;Agile_100;Brave_500
23303,ZhenShouChunJieBuLaoHu4,CommonNPCHeader17_20,Bố Lão Hổ Biến Dị,2330,85,Rare,Strength,Meat,694_550000;722_900000;662_500000;661_350000;653_300000,1675,902,1417,902,1159,1357;1492;1560;1764;2035,Coward_100;Thoughtful_100;Loyal_200;Agile_100;Brave_500
23304,ZhenShouChunJieBuLaoHu5,CommonNPCHeader17_20,Bố Lão Hổ Biến Dị,2330,85,Rare,Strength,Meat,694_550000;722_900000;662_500000;661_350000;653_300000,1739,936,1471,936,1203,1357;1492;1560;1764;2035,Coward_100;Thoughtful_100;Loyal_200;Agile_100;Brave_500
23305,ZhenShouChunJieBuLaoHu6,CommonNPCHeader17_20,Bố Lão Hổ Biến Dị,2330,85,Rare,Strength,Meat,694_550000;722_900000;662_500000;661_350000;653_300000,1802,970,1525,970,1248,1357;1492;1560;1764;2035,Coward_100;Thoughtful_100;Loyal_200;Agile_100;Brave_500
23306,ZhenShouChunJieBuLaoHu7,CommonNPCHeader17_20,Bố Lão Hổ Biến Dị,2330,85,Rare,Strength,Meat,694_550000;722_900000;662_500000;661_350000;653_300000,1866,1004,1579,1004,1292,1357;1492;1560;1764;2035,Coward_100;Thoughtful_100;Loyal_200;Agile_100;Brave_500
23307,ZhenShouChunJieBuLaoHu8,CommonNPCHeader17_20,Bố Lão Hổ Biến Dị,2330,85,Rare,Strength,Meat,694_550000;722_900000;662_500000;661_350000;653_300000,1929,1039,1633,1039,1336,1357;1492;1560;1764;2035,Coward_100;Thoughtful_100;Loyal_200;Agile_100;Brave_500
23309,ZhenShouChunJieBuLaoHu1,CommonNPCHeader17_20,Bố Lão Hổ Bảo Bảo,2330,85,Child,Strength,Meat,694_550000;722_900000;662_500000;661_350000;653_300000,1484,799,1256,799,1027,1357;1492;1560;1764;2035,Coward_100;Thoughtful_100;Loyal_200;Agile_100;Brave_500
23310,ZhenShouChunJieBuLaoHu1,CommonNPCHeader17_20,Bố Lão Hổ Trưởng Thành,2331,95,Wild,Strength,Meat,694_600000;722_900000;662_550000;661_400000;653_350000,1608,828,1301,828,1064,1459;1604;1677;1896;2388,Coward_100;Thoughtful_100;Loyal_200;Agile_100;Brave_500
23311,ZhenShouChunJieBuLaoHu2,CommonNPCHeader17_20,Bố Lão Hổ Biến Dị,2331,95,Rare,Strength,Meat,694_600000;722_900000;662_550000;661_400000;653_350000,1669,859,1350,859,1104,1459;1604;1677;1896;2388,Coward_100;Thoughtful_100;Loyal_200;Agile_100;Brave_500
23312,ZhenShouChunJieBuLaoHu3,CommonNPCHeader17_20,Bố Lão Hổ Biến Dị,2331,95,Rare,Strength,Meat,694_600000;722_900000;662_550000;661_400000;653_350000,1729,890,1398,890,1144,1459;1604;1677;1896;2388,Coward_100;Thoughtful_100;Loyal_200;Agile_100;Brave_500
23313,ZhenShouChunJieBuLaoHu4,CommonNPCHeader17_20,Bố Lão Hổ Biến Dị,2331,95,Rare,Strength,Meat,694_600000;722_900000;662_550000;661_400000;653_350000,1789,921,1447,921,1184,1459;1604;1677;1896;2388,Coward_100;Thoughtful_100;Loyal_200;Agile_100;Brave_500
23314,ZhenShouChunJieBuLaoHu5,CommonNPCHeader17_20,Bố Lão Hổ Biến Dị,2331,95,Rare,Strength,Meat,694_600000;722_900000;662_550000;661_400000;653_350000,1850,952,1496,952,1224,1459;1604;1677;1896;2388,Coward_100;Thoughtful_100;Loyal_200;Agile_100;Brave_500
23315,ZhenShouChunJieBuLaoHu6,CommonNPCHeader17_20,Bố Lão Hổ Biến Dị,2331,95,Rare,Strength,Meat,694_600000;722_900000;662_550000;661_400000;653_350000,1910,983,1545,983,1264,1459;1604;1677;1896;2388,Coward_100;Thoughtful_100;Loyal_200;Agile_100;Brave_500
23316,ZhenShouChunJieBuLaoHu7,CommonNPCHeader17_20,Bố Lão Hổ Biến Dị,2331,95,Rare,Strength,Meat,694_600000;722_900000;662_550000;661_400000;653_350000,1970,1014,1594,1014,1304,1459;1604;1677;1896;2388,Coward_100;Thoughtful_100;Loyal_200;Agile_100;Brave_500
23317,ZhenShouChunJieBuLaoHu8,CommonNPCHeader17_20,Bố Lão Hổ Biến Dị,2331,95,Rare,Strength,Meat,694_600000;722_900000;662_550000;661_400000;653_350000,2031,1045,1642,1045,1344,1459;1604;1677;1896;2388,Coward_100;Thoughtful_100;Loyal_200;Agile_100;Brave_500
23318,ZhenShouChunJieBuLaoHu9,CommonNPCHeader17_20,Bố Lão Hổ Biến Dị,2331,95,Rare,Strength,Meat,694_600000;722_900000;662_550000;661_400000;653_350000,2091,1076,1691,1076,1384,1459;1604;1677;1896;2388,Coward_100;Thoughtful_100;Loyal_200;Agile_100;Brave_500
23319,ZhenShouChunJieBuLaoHu1,CommonNPCHeader17_20,Bố Lão Hổ Bảo Bảo,2331,95,Child,Strength,Meat,694_600000;722_900000;662_550000;661_400000;653_350000,1608,828,1301,828,1064,1459;1604;1677;1896;2388,Coward_100;Thoughtful_100;Loyal_200;Agile_100;Brave_500
23320,ZhenShouBingDiaoLong1,PetHeader2_1,Băng Điêu Long Trưởng Thành,2332,85,Wild,Magic,Meat,700_600000;702_900000;660_250000;714_200000;664_150000,571,1587,879,1142,913,1357;1492;1560;1764;2035,Coward_500;Thoughtful_150;Loyal_50;Agile_200;Brave_100
23321,ZhenShouBingDiaoLong2,PetHeader2_1,Băng Điêu Long Biến Dị,2332,85,Rare,Magic,Meat,700_600000;702_900000;660_250000;714_200000;664_150000,595,1655,917,1190,952,1357;1492;1560;1764;2035,Coward_500;Thoughtful_150;Loyal_50;Agile_200;Brave_100
23322,ZhenShouBingDiaoLong3,PetHeader2_1,Băng Điêu Long Biến Dị,2332,85,Rare,Magic,Meat,700_600000;702_900000;660_250000;714_200000;664_150000,619,1723,954,1239,991,1357;1492;1560;1764;2035,Coward_500;Thoughtful_150;Loyal_50;Agile_200;Brave_100
23323,ZhenShouBingDiaoLong4,PetHeader2_1,Băng Điêu Long Biến Dị,2332,85,Rare,Magic,Meat,700_600000;702_900000;660_250000;714_200000;664_150000,644,1791,992,1288,1031,1357;1492;1560;1764;2035,Coward_500;Thoughtful_150;Loyal_50;Agile_200;Brave_100
23324,ZhenShouBingDiaoLong5,PetHeader2_1,Băng Điêu Long Biến Dị,2332,85,Rare,Magic,Meat,700_600000;702_900000;660_250000;714_200000;664_150000,668,1859,1030,1337,1070,1357;1492;1560;1764;2035,Coward_500;Thoughtful_150;Loyal_50;Agile_200;Brave_100
23325,ZhenShouBingDiaoLong6,PetHeader2_1,Băng Điêu Long Biến Dị,2332,85,Rare,Magic,Meat,700_600000;702_900000;660_250000;714_200000;664_150000,693,1927,1067,1386,1109,1357;1492;1560;1764;2035,Coward_500;Thoughtful_150;Loyal_50;Agile_200;Brave_100
23326,ZhenShouBingDiaoLong7,PetHeader2_1,Băng Điêu Long Biến Dị,2332,85,Rare,Magic,Meat,700_600000;702_900000;660_250000;714_200000;664_150000,717,1995,1105,1435,1148,1357;1492;1560;1764;2035,Coward_500;Thoughtful_150;Loyal_50;Agile_200;Brave_100
23327,ZhenShouBingDiaoLong8,PetHeader2_1,Băng Điêu Long Biến Dị,2332,85,Rare,Magic,Meat,700_600000;702_900000;660_250000;714_200000;664_150000,742,2063,1143,1484,1187,1357;1492;1560;1764;2035,Coward_500;Thoughtful_150;Loyal_50;Agile_200;Brave_100
23329,ZhenShouBingDiaoLong1,PetHeader2_1,Băng Điêu Long Bảo Bảo,2332,85,Child,Magic,Meat,700_600000;702_900000;660_250000;714_200000;664_150000,571,1587,879,1142,913,1357;1492;1560;1764;2035,Coward_500;Thoughtful_150;Loyal_50;Agile_200;Brave_100
23330,ZhenShou20100120BaoLongBaoBao1,PetHeader5_4,„u Xỉ Long Trưởng Thành,2333,5,Wild,Strength,Meat,694_300000;722_900000;657_250000;734_100000;652_50000,1313,469,938,656,844,846;930;972;1099;1269,Coward_100;Thoughtful_100;Loyal_200;Agile_100;Brave_500
23331,ZhenShou20100120BaoLongBaoBao2,PetHeader5_4,„u Xỉ Long Biến Dị,2333,5,Rare,Strength,Meat,694_300000;722_900000;657_250000;734_100000;652_50000,1510,539,1078,755,970,846;930;972;1099;1269,Coward_100;Thoughtful_100;Loyal_200;Agile_100;Brave_500
23332,ZhenShou20100120BaoLongBaoBao3,PetHeader5_4,„u Xỉ Long Biến Dị,2333,5,Rare,Strength,Meat,694_300000;722_900000;657_250000;734_100000;652_50000,1707,609,1219,853,1097,846;930;972;1099;1269,Coward_100;Thoughtful_100;Loyal_200;Agile_100;Brave_500
23339,ZhenShou20100120BaoLongBaoBao1,PetHeader5_4,„u Xỉ Long Bảo Bảo,2333,5,Child,Strength,Meat,694_300000;722_900000;657_250000;734_100000;652_50000,1313,469,938,656,844,846;930;972;1099;1269,Coward_100;Thoughtful_100;Loyal_200;Agile_100;Brave_500
23340,ZhenShou20100120BaoLongBaoBao1,PetHeader5_4,„u Xỉ Long Trưởng Thành,2334,45,Wild,Strength,Meat,694_350000;722_900000;657_300000;734_150000;652_100000,1370,489,979,685,881,948;1042;1090;1232;1422,Coward_100;Thoughtful_100;Loyal_200;Agile_100;Brave_500
23341,ZhenShou20100120BaoLongBaoBao2,PetHeader5_4,„u Xỉ Long Biến Dị,2334,45,Rare,Strength,Meat,694_350000;722_900000;657_300000;734_150000;652_100000,1507,538,1076,753,969,948;1042;1090;1232;1422,Coward_100;Thoughtful_100;Loyal_200;Agile_100;Brave_500
23342,ZhenShou20100120BaoLongBaoBao3,PetHeader5_4,„u Xỉ Long Biến Dị,2334,45,Rare,Strength,Meat,694_350000;722_900000;657_300000;734_150000;652_100000,1644,587,1174,822,1057,948;1042;1090;1232;1422,Coward_100;Thoughtful_100;Loyal_200;Agile_100;Brave_500
23343,ZhenShou20100120BaoLongBaoBao4,PetHeader5_4,„u Xỉ Long Biến Dị,2334,45,Rare,Strength,Meat,694_350000;722_900000;657_300000;734_150000;652_100000,1781,636,1272,890,1145,948;1042;1090;1232;1422,Coward_100;Thoughtful_100;Loyal_200;Agile_100;Brave_500
23349,ZhenShou20100120BaoLongBaoBao1,PetHeader5_4,„u Xỉ Long Bảo Bảo,2334,45,Child,Strength,Meat,694_350000;722_900000;657_300000;734_150000;652_100000,1370,489,979,685,881,948;1042;1090;1232;1422,Coward_100;Thoughtful_100;Loyal_200;Agile_100;Brave_500
23350,ZhenShou20100120BaoLongBaoBao1,PetHeader5_4,„u Xỉ Long Trưởng Thành,2335,55,Wild,Strength,Meat,694_400000;722_900000;657_350000;734_200000;652_150000,1428,510,1020,714,918,1051;1156;1208;1366;1576,Coward_100;Thoughtful_100;Loyal_200;Agile_100;Brave_500
23351,ZhenShou20100120BaoLongBaoBao2,PetHeader5_4,„u Xỉ Long Biến Dị,2335,55,Rare,Strength,Meat,694_400000;722_900000;657_350000;734_200000;652_150000,1535,548,1096,767,986,1051;1156;1208;1366;1576,Coward_100;Thoughtful_100;Loyal_200;Agile_100;Brave_500
23352,ZhenShou20100120BaoLongBaoBao3,PetHeader5_4,„u Xỉ Long Biến Dị,2335,55,Rare,Strength,Meat,694_400000;722_900000;657_350000;734_200000;652_150000,1642,586,1173,821,1055,1051;1156;1208;1366;1576,Coward_100;Thoughtful_100;Loyal_200;Agile_100;Brave_500
23353,ZhenShou20100120BaoLongBaoBao4,PetHeader5_4,„u Xỉ Long Biến Dị,2335,55,Rare,Strength,Meat,694_400000;722_900000;657_350000;734_200000;652_150000,1749,624,1249,874,1124,1051;1156;1208;1366;1576,Coward_100;Thoughtful_100;Loyal_200;Agile_100;Brave_500
23354,ZhenShou20100120BaoLongBaoBao5,PetHeader5_4,„u Xỉ Long Biến Dị,2335,55,Rare,Strength,Meat,694_400000;722_900000;657_350000;734_200000;652_150000,1856,663,1326,928,1193,1051;1156;1208;1366;1576,Coward_100;Thoughtful_100;Loyal_200;Agile_100;Brave_500
23359,ZhenShou20100120BaoLongBaoBao1,PetHeader5_4,„u Xỉ Long Bảo Bảo,2335,55,Child,Strength,Meat,694_400000;722_900000;657_350000;734_200000;652_150000,1428,510,1020,714,918,1051;1156;1208;1366;1576,Coward_100;Thoughtful_100;Loyal_200;Agile_100;Brave_500
23360,ZhenShou20100120BaoLongBaoBao1,PetHeader5_4,„u Xỉ Long Trưởng Thành,2336,65,Wild,Strength,Meat,694_450000;722_900000;657_400000;734_250000;652_200000,1485,530,1061,742,954,1153;1268;1325;1498;1729,Coward_100;Thoughtful_100;Loyal_200;Agile_100;Brave_500
23361,ZhenShou20100120BaoLongBaoBao2,PetHeader5_4,„u Xỉ Long Biến Dị,2336,65,Rare,Strength,Meat,694_450000;722_900000;657_400000;734_250000;652_200000,1574,562,1124,787,1012,1153;1268;1325;1498;1729,Coward_100;Thoughtful_100;Loyal_200;Agile_100;Brave_500
23362,ZhenShou20100120BaoLongBaoBao3,PetHeader5_4,„u Xỉ Long Biến Dị,2336,65,Rare,Strength,Meat,694_450000;722_900000;657_400000;734_250000;652_200000,1663,594,1188,831,1069,1153;1268;1325;1498;1729,Coward_100;Thoughtful_100;Loyal_200;Agile_100;Brave_500
23363,ZhenShou20100120BaoLongBaoBao4,PetHeader5_4,„u Xỉ Long Biến Dị,2336,65,Rare,Strength,Meat,694_450000;722_900000;657_400000;734_250000;652_200000,1752,625,1251,876,1126,1153;1268;1325;1498;1729,Coward_100;Thoughtful_100;Loyal_200;Agile_100;Brave_500
23364,ZhenShou20100120BaoLongBaoBao5,PetHeader5_4,„u Xỉ Long Biến Dị,2336,65,Rare,Strength,Meat,694_450000;722_900000;657_400000;734_250000;652_200000,1841,657,1315,920,1184,1153;1268;1325;1498;1729,Coward_100;Thoughtful_100;Loyal_200;Agile_100;Brave_500
23365,ZhenShou20100120BaoLongBaoBao6,PetHeader5_4,„u Xỉ Long Biến Dị,2336,65,Rare,Strength,Meat,694_450000;722_900000;657_400000;734_250000;652_200000,1931,689,1379,965,1241,1153;1268;1325;1498;1729,Coward_100;Thoughtful_100;Loyal_200;Agile_100;Brave_500
23369,ZhenShou20100120BaoLongBaoBao1,PetHeader5_4,„u Xỉ Long Bảo Bảo,2336,65,Child,Strength,Meat,694_450000;722_900000;657_400000;734_250000;652_200000,1485,530,1061,742,954,1153;1268;1325;1498;1729,Coward_100;Thoughtful_100;Loyal_200;Agile_100;Brave_500
23370,ZhenShou20100120BaoLongBaoBao1,PetHeader5_4,„u Xỉ Long Trưởng Thành,2337,75,Wild,Strength,Meat,694_500000;722_900000;657_450000;734_300000;652_250000,1542,551,1102,771,991,1255;1380;1443;1631;1882,Coward_100;Thoughtful_100;Loyal_200;Agile_100;Brave_500
23371,ZhenShou20100120BaoLongBaoBao2,PetHeader5_4,„u Xỉ Long Biến Dị,2337,75,Rare,Strength,Meat,694_500000;722_900000;657_450000;734_300000;652_250000,1619,578,1157,809,1041,1255;1380;1443;1631;1882,Coward_100;Thoughtful_100;Loyal_200;Agile_100;Brave_500
23372,ZhenShou20100120BaoLongBaoBao3,PetHeader5_4,„u Xỉ Long Biến Dị,2337,75,Rare,Strength,Meat,694_500000;722_900000;657_450000;734_300000;652_250000,1697,606,1212,848,1090,1255;1380;1443;1631;1882,Coward_100;Thoughtful_100;Loyal_200;Agile_100;Brave_500
23373,ZhenShou20100120BaoLongBaoBao4,PetHeader5_4,„u Xỉ Long Biến Dị,2337,75,Rare,Strength,Meat,694_500000;722_900000;657_450000;734_300000;652_250000,1774,633,1267,887,1140,1255;1380;1443;1631;1882,Coward_100;Thoughtful_100;Loyal_200;Agile_100;Brave_500
23374,ZhenShou20100120BaoLongBaoBao5,PetHeader5_4,„u Xỉ Long Biến Dị,2337,75,Rare,Strength,Meat,694_500000;722_900000;657_450000;734_300000;652_250000,1851,661,1322,925,1190,1255;1380;1443;1631;1882,Coward_100;Thoughtful_100;Loyal_200;Agile_100;Brave_500
23375,ZhenShou20100120BaoLongBaoBao6,PetHeader5_4,„u Xỉ Long Biến Dị,2337,75,Rare,Strength,Meat,694_500000;722_900000;657_450000;734_300000;652_250000,1928,688,1377,964,1239,1255;1380;1443;1631;1882,Coward_100;Thoughtful_100;Loyal_200;Agile_100;Brave_500
23376,ZhenShou20100120BaoLongBaoBao7,PetHeader5_4,„u Xỉ Long Biến Dị,2337,75,Rare,Strength,Meat,694_500000;722_900000;657_450000;734_300000;652_250000,2005,716,1432,1002,1289,1255;1380;1443;1631;1882,Coward_100;Thoughtful_100;Loyal_200;Agile_100;Brave_500
23379,ZhenShou20100120BaoLongBaoBao1,PetHeader5_4,„u Xỉ Long Bảo Bảo,2337,75,Child,Strength,Meat,694_500000;722_900000;657_450000;734_300000;652_250000,1542,551,1102,771,991,1255;1380;1443;1631;1882,Coward_100;Thoughtful_100;Loyal_200;Agile_100;Brave_500
23380,ZhenShou20100120BaoLongBaoBao1,PetHeader5_4,„u Xỉ Long Trưởng Thành,2338,85,Wild,Strength,Meat,694_550000;722_900000;657_500000;734_350000;652_300000,1598,571,1142,799,1027,1357;1492;1560;1764;2035,Coward_100;Thoughtful_100;Loyal_200;Agile_100;Brave_500
23381,ZhenShou20100120BaoLongBaoBao2,PetHeader5_4,„u Xỉ Long Biến Dị,2338,85,Rare,Strength,Meat,694_550000;722_900000;657_500000;734_350000;652_300000,1667,595,1190,833,1071,1357;1492;1560;1764;2035,Coward_100;Thoughtful_100;Loyal_200;Agile_100;Brave_500
23382,ZhenShou20100120BaoLongBaoBao3,PetHeader5_4,„u Xỉ Long Biến Dị,2338,85,Rare,Strength,Meat,694_550000;722_900000;657_500000;734_350000;652_300000,1735,619,1239,867,1115,1357;1492;1560;1764;2035,Coward_100;Thoughtful_100;Loyal_200;Agile_100;Brave_500
23383,ZhenShou20100120BaoLongBaoBao4,PetHeader5_4,„u Xỉ Long Biến Dị,2338,85,Rare,Strength,Meat,694_550000;722_900000;657_500000;734_350000;652_300000,1804,644,1288,902,1159,1357;1492;1560;1764;2035,Coward_100;Thoughtful_100;Loyal_200;Agile_100;Brave_500
23384,ZhenShou20100120BaoLongBaoBao5,PetHeader5_4,„u Xỉ Long Biến Dị,2338,85,Rare,Strength,Meat,694_550000;722_900000;657_500000;734_350000;652_300000,1872,668,1337,936,1203,1357;1492;1560;1764;2035,Coward_100;Thoughtful_100;Loyal_200;Agile_100;Brave_500
23385,ZhenShou20100120BaoLongBaoBao6,PetHeader5_4,„u Xỉ Long Biến Dị,2338,85,Rare,Strength,Meat,694_550000;722_900000;657_500000;734_350000;652_300000,1941,693,1386,970,1248,1357;1492;1560;1764;2035,Coward_100;Thoughtful_100;Loyal_200;Agile_100;Brave_500
23386,ZhenShou20100120BaoLongBaoBao7,PetHeader5_4,„u Xỉ Long Biến Dị,2338,85,Rare,Strength,Meat,694_550000;722_900000;657_500000;734_350000;652_300000,2009,717,1435,1004,1292,1357;1492;1560;1764;2035,Coward_100;Thoughtful_100;Loyal_200;Agile_100;Brave_500
23387,ZhenShou20100120BaoLongBaoBao8,PetHeader5_4,„u Xỉ Long Biến Dị,2338,85,Rare,Strength,Meat,694_550000;722_900000;657_500000;734_350000;652_300000,2078,742,1484,1039,1336,1357;1492;1560;1764;2035,Coward_100;Thoughtful_100;Loyal_200;Agile_100;Brave_500
23389,ZhenShou20100120BaoLongBaoBao1,PetHeader5_4,„u Xỉ Long Bảo Bảo,2338,85,Child,Strength,Meat,694_550000;722_900000;657_500000;734_350000;652_300000,1598,571,1142,799,1027,1357;1492;1560;1764;2035,Coward_100;Thoughtful_100;Loyal_200;Agile_100;Brave_500
23390,ZhenShou20100120BaoLongBaoBao1,PetHeader5_4,„u Xỉ Long Trưởng Thành,2339,95,Wild,Strength,Meat,694_600000;722_900000;657_550000;734_400000;652_350000,1656,591,1183,828,1064,1459;1604;1677;1896;2388,Coward_100;Thoughtful_100;Loyal_200;Agile_100;Brave_500
23391,ZhenShou20100120BaoLongBaoBao2,PetHeader5_4,„u Xỉ Long Biến Dị,2339,95,Rare,Strength,Meat,694_600000;722_900000;657_550000;734_400000;652_350000,1718,613,1227,859,1104,1459;1604;1677;1896;2388,Coward_100;Thoughtful_100;Loyal_200;Agile_100;Brave_500
23392,ZhenShou20100120BaoLongBaoBao3,PetHeader5_4,„u Xỉ Long Biến Dị,2339,95,Rare,Strength,Meat,694_600000;722_900000;657_550000;734_400000;652_350000,1780,635,1271,890,1144,1459;1604;1677;1896;2388,Coward_100;Thoughtful_100;Loyal_200;Agile_100;Brave_500
23393,ZhenShou20100120BaoLongBaoBao4,PetHeader5_4,„u Xỉ Long Biến Dị,2339,95,Rare,Strength,Meat,694_600000;722_900000;657_550000;734_400000;652_350000,1842,658,1316,921,1184,1459;1604;1677;1896;2388,Coward_100;Thoughtful_100;Loyal_200;Agile_100;Brave_500
23394,ZhenShou20100120BaoLongBaoBao5,PetHeader5_4,„u Xỉ Long Biến Dị,2339,95,Rare,Strength,Meat,694_600000;722_900000;657_550000;734_400000;652_350000,1904,680,1360,952,1224,1459;1604;1677;1896;2388,Coward_100;Thoughtful_100;Loyal_200;Agile_100;Brave_500
23395,ZhenShou20100120BaoLongBaoBao6,PetHeader5_4,„u Xỉ Long Biến Dị,2339,95,Rare,Strength,Meat,694_600000;722_900000;657_550000;734_400000;652_350000,1966,702,1404,983,1264,1459;1604;1677;1896;2388,Coward_100;Thoughtful_100;Loyal_200;Agile_100;Brave_500
23396,ZhenShou20100120BaoLongBaoBao7,PetHeader5_4,„u Xỉ Long Biến Dị,2339,95,Rare,Strength,Meat,694_600000;722_900000;657_550000;734_400000;652_350000,2028,724,1449,1014,1304,1459;1604;1677;1896;2388,Coward_100;Thoughtful_100;Loyal_200;Agile_100;Brave_500
23397,ZhenShou20100120BaoLongBaoBao8,PetHeader5_4,„u Xỉ Long Biến Dị,2339,95,Rare,Strength,Meat,694_600000;722_900000;657_550000;734_400000;652_350000,2090,746,1493,1045,1344,1459;1604;1677;1896;2388,Coward_100;Thoughtful_100;Loyal_200;Agile_100;Brave_500
23398,ZhenShou20100120BaoLongBaoBao9,PetHeader5_4,„u Xỉ Long Biến Dị,2339,95,Rare,Strength,Meat,694_600000;722_900000;657_550000;734_400000;652_350000,2153,768,1537,1076,1384,1459;1604;1677;1896;2388,Coward_100;Thoughtful_100;Loyal_200;Agile_100;Brave_500
23399,ZhenShou20100120BaoLongBaoBao1,PetHeader5_4,„u Xỉ Long Bảo Bảo,2339,95,Child,Strength,Meat,694_600000;722_900000;657_550000;734_400000;652_350000,1656,591,1183,828,1064,1459;1604;1677;1896;2388,Coward_100;Thoughtful_100;Loyal_200;Agile_100;Brave_500
23400,ZhenShou20090917XiongMao1,CommonNPCHeader14_24,Hùng Song Hiệp Trưởng Thành,2340,5,Wild,Strength,Grass,694_300000;722_900000;706_250000;661_100000,1294,469,966,656,844,846;930;972;1099;1269,Coward_50;Thoughtful_150;Loyal_200;Agile_100;Brave_500
23401,ZhenShou20090917XiongMao2,CommonNPCHeader14_24,Hùng Miêu Song Hiệp Biến Bị,2340,5,Rare,Strength,Grass,694_300000;722_900000;706_250000;661_100000,1488,539,1111,755,970,846;930;972;1099;1269,Coward_50;Thoughtful_150;Loyal_200;Agile_100;Brave_500
23402,ZhenShou20090917XiongMao3,CommonNPCHeader14_24,Hùng Miêu Song Hiệp Biến Bị,2340,5,Rare,Strength,Grass,694_300000;722_900000;706_250000;661_100000,1682,609,1255,853,1097,846;930;972;1099;1269,Coward_50;Thoughtful_150;Loyal_200;Agile_100;Brave_500
23409,ZhenShou20090917XiongMao1,CommonNPCHeader14_24,Hùng Miêu Song Hiệp Bảo Bảo,2340,5,Child,Strength,Grass,694_300000;722_900000;706_250000;661_100000,1294,469,966,656,844,846;930;972;1099;1269,Coward_50;Thoughtful_150;Loyal_200;Agile_100;Brave_500
23410,ZhenShou20090917XiongMao1,CommonNPCHeader14_24,Hùng Song Hiệp Trưởng Thành,2341,45,Wild,Strength,Grass,694_350000;722_900000;706_300000;661_150000,1351,489,1008,685,881,948;1042;1090;1232;1422,Coward_50;Thoughtful_150;Loyal_200;Agile_100;Brave_500
23411,ZhenShou20090917XiongMao2,CommonNPCHeader14_24,Hùng Miêu Song Hiệp Biến Bị,2341,45,Rare,Strength,Grass,694_350000;722_900000;706_300000;661_150000,1486,538,1109,753,969,948;1042;1090;1232;1422,Coward_50;Thoughtful_150;Loyal_200;Agile_100;Brave_500
23412,ZhenShou20090917XiongMao3,CommonNPCHeader14_24,Hùng Miêu Song Hiệp Biến Bị,2341,45,Rare,Strength,Grass,694_350000;722_900000;706_300000;661_150000,1621,587,1210,822,1057,948;1042;1090;1232;1422,Coward_50;Thoughtful_150;Loyal_200;Agile_100;Brave_500
23413,ZhenShou20090917XiongMao4,CommonNPCHeader14_24,Hùng Miêu Song Hiệp Biến Bị,2341,45,Rare,Strength,Grass,694_350000;722_900000;706_300000;661_150000,1756,636,1310,890,1145,948;1042;1090;1232;1422,Coward_50;Thoughtful_150;Loyal_200;Agile_100;Brave_500
23419,ZhenShou20090917XiongMao1,CommonNPCHeader14_24,Hùng Miêu Song Hiệp Bảo Bảo,2341,45,Child,Strength,Grass,694_350000;722_900000;706_300000;661_150000,1351,489,1008,685,881,948;1042;1090;1232;1422,Coward_50;Thoughtful_150;Loyal_200;Agile_100;Brave_500
23420,ZhenShou20090917XiongMao1,CommonNPCHeader14_24,Hùng Song Hiệp Trưởng Thành,2342,55,Wild,Strength,Grass,694_400000;722_900000;706_350000;661_200000,1407,510,1050,714,918,1051;1156;1208;1366;1576,Coward_50;Thoughtful_150;Loyal_200;Agile_100;Brave_500
23421,ZhenShou20090917XiongMao2,CommonNPCHeader14_24,Hùng Miêu Song Hiệp Biến Bị,2342,55,Rare,Strength,Grass,694_400000;722_900000;706_350000;661_200000,1513,548,1129,767,986,1051;1156;1208;1366;1576,Coward_50;Thoughtful_150;Loyal_200;Agile_100;Brave_500
23422,ZhenShou20090917XiongMao3,CommonNPCHeader14_24,Hùng Miêu Song Hiệp Biến Bị,2342,55,Rare,Strength,Grass,694_400000;722_900000;706_350000;661_200000,1618,586,1208,821,1055,1051;1156;1208;1366;1576,Coward_50;Thoughtful_150;Loyal_200;Agile_100;Brave_500
23423,ZhenShou20090917XiongMao4,CommonNPCHeader14_24,Hùng Miêu Song Hiệp Biến Bị,2342,55,Rare,Strength,Grass,694_400000;722_900000;706_350000;661_200000,1724,624,1286,874,1124,1051;1156;1208;1366;1576,Coward_50;Thoughtful_150;Loyal_200;Agile_100;Brave_500
23424,ZhenShou20090917XiongMao5,CommonNPCHeader14_24,Hùng Miêu Song Hiệp Biến Bị,2342,55,Rare,Strength,Grass,694_400000;722_900000;706_350000;661_200000,1829,663,1365,928,1193,1051;1156;1208;1366;1576,Coward_50;Thoughtful_150;Loyal_200;Agile_100;Brave_500
23429,ZhenShou20090917XiongMao1,CommonNPCHeader14_24,Hùng Miêu Song Hiệp Bảo Bảo,2342,55,Child,Strength,Grass,694_400000;722_900000;706_350000;661_200000,1407,510,1050,714,918,1051;1156;1208;1366;1576,Coward_50;Thoughtful_150;Loyal_200;Agile_100;Brave_500
23430,ZhenShou20090917XiongMao1,CommonNPCHeader14_24,Hùng Song Hiệp Trưởng Thành,2343,65,Wild,Strength,Grass,694_450000;722_900000;706_400000;661_250000,1464,530,1092,742,954,1153;1268;1325;1498;1729,Coward_50;Thoughtful_150;Loyal_200;Agile_100;Brave_500
23431,ZhenShou20090917XiongMao2,CommonNPCHeader14_24,Hùng Miêu Song Hiệp Biến Bị,2343,65,Rare,Strength,Grass,694_450000;722_900000;706_400000;661_250000,1552,562,1158,787,1012,1153;1268;1325;1498;1729,Coward_50;Thoughtful_150;Loyal_200;Agile_100;Brave_500
23432,ZhenShou20090917XiongMao3,CommonNPCHeader14_24,Hùng Miêu Song Hiệp Biến Bị,2343,65,Rare,Strength,Grass,694_450000;722_900000;706_400000;661_250000,1639,594,1223,831,1069,1153;1268;1325;1498;1729,Coward_50;Thoughtful_150;Loyal_200;Agile_100;Brave_500
23433,ZhenShou20090917XiongMao4,CommonNPCHeader14_24,Hùng Miêu Song Hiệp Biến Bị,2343,65,Rare,Strength,Grass,694_450000;722_900000;706_400000;661_250000,1727,625,1289,876,1126,1153;1268;1325;1498;1729,Coward_50;Thoughtful_150;Loyal_200;Agile_100;Brave_500
23434,ZhenShou20090917XiongMao5,CommonNPCHeader14_24,Hùng Miêu Song Hiệp Biến Bị,2343,65,Rare,Strength,Grass,694_450000;722_900000;706_400000;661_250000,1815,657,1355,920,1184,1153;1268;1325;1498;1729,Coward_50;Thoughtful_150;Loyal_200;Agile_100;Brave_500
23435,ZhenShou20090917XiongMao6,CommonNPCHeader14_24,Hùng Miêu Song Hiệp Biến Bị,2343,65,Rare,Strength,Grass,694_450000;722_900000;706_400000;661_250000,1903,689,1420,965,1241,1153;1268;1325;1498;1729,Coward_50;Thoughtful_150;Loyal_200;Agile_100;Brave_500
23439,ZhenShou20090917XiongMao1,CommonNPCHeader14_24,Hùng Miêu Song Hiệp Bảo Bảo,2343,65,Child,Strength,Grass,694_450000;722_900000;706_400000;661_250000,1464,530,1092,742,954,1153;1268;1325;1498;1729,Coward_50;Thoughtful_150;Loyal_200;Agile_100;Brave_500
23440,ZhenShou20090917XiongMao1,CommonNPCHeader14_24,Hùng Song Hiệp Trưởng Thành,2344,75,Wild,Strength,Grass,694_500000;722_900000;706_450000;661_300000,1520,551,1135,771,991,1255;1380;1443;1631;1882,Coward_50;Thoughtful_150;Loyal_200;Agile_100;Brave_500
23441,ZhenShou20090917XiongMao2,CommonNPCHeader14_24,Hùng Miêu Song Hiệp Biến Bị,2344,75,Rare,Strength,Grass,694_500000;722_900000;706_450000;661_300000,1596,578,1191,809,1041,1255;1380;1443;1631;1882,Coward_50;Thoughtful_150;Loyal_200;Agile_100;Brave_500
23442,ZhenShou20090917XiongMao3,CommonNPCHeader14_24,Hùng Miêu Song Hiệp Biến Bị,2344,75,Rare,Strength,Grass,694_500000;722_900000;706_450000;661_300000,1672,606,1248,848,1090,1255;1380;1443;1631;1882,Coward_50;Thoughtful_150;Loyal_200;Agile_100;Brave_500
23443,ZhenShou20090917XiongMao4,CommonNPCHeader14_24,Hùng Miêu Song Hiệp Biến Bị,2344,75,Rare,Strength,Grass,694_500000;722_900000;706_450000;661_300000,1748,633,1305,887,1140,1255;1380;1443;1631;1882,Coward_50;Thoughtful_150;Loyal_200;Agile_100;Brave_500
23444,ZhenShou20090917XiongMao5,CommonNPCHeader14_24,Hùng Miêu Song Hiệp Biến Bị,2344,75,Rare,Strength,Grass,694_500000;722_900000;706_450000;661_300000,1824,661,1362,925,1190,1255;1380;1443;1631;1882,Coward_50;Thoughtful_150;Loyal_200;Agile_100;Brave_500
23445,ZhenShou20090917XiongMao6,CommonNPCHeader14_24,Hùng Miêu Song Hiệp Biến Bị,2344,75,Rare,Strength,Grass,694_500000;722_900000;706_450000;661_300000,1900,688,1418,964,1239,1255;1380;1443;1631;1882,Coward_50;Thoughtful_150;Loyal_200;Agile_100;Brave_500
23446,ZhenShou20090917XiongMao7,CommonNPCHeader14_24,Hùng Miêu Song Hiệp Biến Bị,2344,75,Rare,Strength,Grass,694_500000;722_900000;706_450000;661_300000,1976,716,1475,1002,1289,1255;1380;1443;1631;1882,Coward_50;Thoughtful_150;Loyal_200;Agile_100;Brave_500
23449,ZhenShou20090917XiongMao1,CommonNPCHeader14_24,Hùng Miêu Song Hiệp Bảo Bảo,2344,75,Child,Strength,Grass,694_500000;722_900000;706_450000;661_300000,1520,551,1135,771,991,1255;1380;1443;1631;1882,Coward_50;Thoughtful_150;Loyal_200;Agile_100;Brave_500
23450,ZhenShou20090917XiongMao1,CommonNPCHeader14_24,Hùng Song Hiệp Trưởng Thành,2345,85,Wild,Strength,Grass,694_550000;722_900000;706_500000;661_350000,1575,571,1176,799,1027,1357;1492;1560;1764;2035,Coward_50;Thoughtful_150;Loyal_200;Agile_100;Brave_500
23451,ZhenShou20090917XiongMao2,CommonNPCHeader14_24,Hùng Miêu Song Hiệp Biến Bị,2345,85,Rare,Strength,Grass,694_550000;722_900000;706_500000;661_350000,1643,595,1226,833,1071,1357;1492;1560;1764;2035,Coward_50;Thoughtful_150;Loyal_200;Agile_100;Brave_500
23452,ZhenShou20090917XiongMao3,CommonNPCHeader14_24,Hùng Miêu Song Hiệp Biến Bị,2345,85,Rare,Strength,Grass,694_550000;722_900000;706_500000;661_350000,1711,619,1277,867,1115,1357;1492;1560;1764;2035,Coward_50;Thoughtful_150;Loyal_200;Agile_100;Brave_500
23453,ZhenShou20090917XiongMao4,CommonNPCHeader14_24,Hùng Miêu Song Hiệp Biến Bị,2345,85,Rare,Strength,Grass,694_550000;722_900000;706_500000;661_350000,1778,644,1327,902,1159,1357;1492;1560;1764;2035,Coward_50;Thoughtful_150;Loyal_200;Agile_100;Brave_500
23454,ZhenShou20090917XiongMao5,CommonNPCHeader14_24,Hùng Miêu Song Hiệp Biến Bị,2345,85,Rare,Strength,Grass,694_550000;722_900000;706_500000;661_350000,1846,668,1377,936,1203,1357;1492;1560;1764;2035,Coward_50;Thoughtful_150;Loyal_200;Agile_100;Brave_500
23455,ZhenShou20090917XiongMao6,CommonNPCHeader14_24,Hùng Miêu Song Hiệp Biến Bị,2345,85,Rare,Strength,Grass,694_550000;722_900000;706_500000;661_350000,1913,693,1428,970,1248,1357;1492;1560;1764;2035,Coward_50;Thoughtful_150;Loyal_200;Agile_100;Brave_500
23456,ZhenShou20090917XiongMao7,CommonNPCHeader14_24,Hùng Miêu Song Hiệp Biến Bị,2345,85,Rare,Strength,Grass,694_550000;722_900000;706_500000;661_350000,1981,717,1478,1004,1292,1357;1492;1560;1764;2035,Coward_50;Thoughtful_150;Loyal_200;Agile_100;Brave_500
23457,ZhenShou20090917XiongMao8,CommonNPCHeader14_24,Hùng Miêu Song Hiệp Biến Bị,2345,85,Rare,Strength,Grass,694_550000;722_900000;706_500000;661_350000,2048,742,1529,1039,1336,1357;1492;1560;1764;2035,Coward_50;Thoughtful_150;Loyal_200;Agile_100;Brave_500
23459,ZhenShou20090917XiongMao1,CommonNPCHeader14_24,Hùng Miêu Song Hiệp Bảo Bảo,2345,85,Child,Strength,Grass,694_550000;722_900000;706_500000;661_350000,1575,571,1176,799,1027,1357;1492;1560;1764;2035,Coward_50;Thoughtful_150;Loyal_200;Agile_100;Brave_500
23460,ZhenShou20090917XiongMao1,CommonNPCHeader14_24,Hùng Song Hiệp Trưởng Thành,2346,95,Wild,Strength,Grass,694_600000;722_900000;706_550000;661_400000,1632,591,1218,828,1064,1459;1604;1677;1896;2388,Coward_50;Thoughtful_150;Loyal_200;Agile_100;Brave_500
23461,ZhenShou20090917XiongMao2,CommonNPCHeader14_24,Hùng Miêu Song Hiệp Biến Bị,2346,95,Rare,Strength,Grass,694_600000;722_900000;706_550000;661_400000,1693,613,1264,859,1104,1459;1604;1677;1896;2388,Coward_50;Thoughtful_150;Loyal_200;Agile_100;Brave_500
23462,ZhenShou20090917XiongMao3,CommonNPCHeader14_24,Hùng Miêu Song Hiệp Biến Bị,2346,95,Rare,Strength,Grass,694_600000;722_900000;706_550000;661_400000,1754,635,1309,890,1144,1459;1604;1677;1896;2388,Coward_50;Thoughtful_150;Loyal_200;Agile_100;Brave_500
23463,ZhenShou20090917XiongMao4,CommonNPCHeader14_24,Hùng Miêu Song Hiệp Biến Bị,2346,95,Rare,Strength,Grass,694_600000;722_900000;706_550000;661_400000,1816,658,1355,921,1184,1459;1604;1677;1896;2388,Coward_50;Thoughtful_150;Loyal_200;Agile_100;Brave_500
23464,ZhenShou20090917XiongMao5,CommonNPCHeader14_24,Hùng Miêu Song Hiệp Biến Bị,2346,95,Rare,Strength,Grass,694_600000;722_900000;706_550000;661_400000,1877,680,1401,952,1224,1459;1604;1677;1896;2388,Coward_50;Thoughtful_150;Loyal_200;Agile_100;Brave_500
23465,ZhenShou20090917XiongMao6,CommonNPCHeader14_24,Hùng Miêu Song Hiệp Biến Bị,2346,95,Rare,Strength,Grass,694_600000;722_900000;706_550000;661_400000,1938,702,1446,983,1264,1459;1604;1677;1896;2388,Coward_50;Thoughtful_150;Loyal_200;Agile_100;Brave_500
23466,ZhenShou20090917XiongMao7,CommonNPCHeader14_24,Hùng Miêu Song Hiệp Biến Bị,2346,95,Rare,Strength,Grass,694_600000;722_900000;706_550000;661_400000,1999,724,1492,1014,1304,1459;1604;1677;1896;2388,Coward_50;Thoughtful_150;Loyal_200;Agile_100;Brave_500
23467,ZhenShou20090917XiongMao8,CommonNPCHeader14_24,Hùng Miêu Song Hiệp Biến Bị,2346,95,Rare,Strength,Grass,694_600000;722_900000;706_550000;661_400000,2061,746,1538,1045,1344,1459;1604;1677;1896;2388,Coward_50;Thoughtful_150;Loyal_200;Agile_100;Brave_500
23468,ZhenShou20090917XiongMao9,CommonNPCHeader14_24,Hùng Miêu Song Hiệp Biến Bị,2346,95,Rare,Strength,Grass,694_600000;722_900000;706_550000;661_400000,2122,768,1584,1076,1384,1459;1604;1677;1896;2388,Coward_50;Thoughtful_150;Loyal_200;Agile_100;Brave_500
23469,ZhenShou20090917XiongMao1,CommonNPCHeader14_24,Hùng Miêu Song Hiệp Bảo Bảo,2346,95,Child,Strength,Grass,694_600000;722_900000;706_550000;661_400000,1632,591,1218,828,1064,1459;1604;1677;1896;2388,Coward_50;Thoughtful_150;Loyal_200;Agile_100;Brave_500
23470,HuangSeChaiMao,PetHeader1_21,Chiêu Sài Miêu Trưởng Thành,2347,20,Wild,Magic,Meat,738_200000;702_900000;664_250000,613,1140,701,964,701,693;762;796;900;1039,Coward_800;Thoughtful_150;Loyal_20;Agile_20;Brave_10
23471,BaiMao,PetHeader1_21,Chiêu Sài Miêu Biến Dị,2347,20,Rare,Magic,Meat,738_200000;702_900000;664_250000,705,1311,806,1109,806,693;762;796;900;1039,Coward_800;Thoughtful_150;Loyal_20;Agile_20;Brave_10
23472,FenSeChaiMao,PetHeader1_21,Chiêu Sài Miêu Biến Dị,2347,20,Rare,Magic,Meat,738_200000;702_900000;664_250000,798,1482,912,1254,912,693;762;796;900;1039,Coward_800;Thoughtful_150;Loyal_20;Agile_20;Brave_10
23479,HuangSeChaiMao,PetHeader1_21,Chiêu Sài Miêu Bảo Bảo,2347,20,Child,Magic,Meat,738_200000;702_900000;664_250000,613,1140,701,964,701,693;762;796;900;1039,Coward_800;Thoughtful_150;Loyal_20;Agile_20;Brave_10
23490,ZhenShou100412ZhangYu1,PetHeader5_5,Chương Ngư Trưởng Thành,2349,5,Wild,Magic,Meat,698_200000;702_900000;732_300000;660_200000;724_200000,613,1140,701,964,701,693;762;796;900;1039,Coward_250;Thoughtful_500;Loyal_50;Agile_150;Brave_50
23491,ZhenShou100412ZhangYu2,PetHeader5_5,Chương Ngư Biến Dị,2349,5,Rare,Magic,Meat,698_200000;702_900000;732_300000;660_200000;724_200000,705,1311,806,1109,806,693;762;796;900;1039,Coward_250;Thoughtful_500;Loyal_50;Agile_150;Brave_50
23492,ZhenShou100412ZhangYu3,PetHeader5_5,Chương Ngư Biến Dị,2349,5,Rare,Magic,Meat,698_200000;702_900000;732_300000;660_200000;724_200000,798,1482,912,1254,912,693;762;796;900;1039,Coward_250;Thoughtful_500;Loyal_50;Agile_150;Brave_50
23499,ZhenShou100412ZhangYu1,PetHeader5_5,Chương Ngư Bảo Bảo,2349,5,Child,Magic,Meat,698_200000;702_900000;732_300000;660_200000;724_200000,613,1140,701,964,701,693;762;796;900;1039,Coward_250;Thoughtful_500;Loyal_50;Agile_150;Brave_50
23500,ZhenShou100412ZhangYu1,PetHeader5_5,Chương Ngư Trưởng Thành,2350,45,Wild,Magic,Meat,698_250000;702_900000;732_350000;660_250000;724_250000,685,1272,783,1076,783,948;1042;1090;1232;1422,Coward_250;Thoughtful_500;Loyal_50;Agile_150;Brave_50
23501,ZhenShou100412ZhangYu2,PetHeader5_5,Chương Ngư Biến Dị,2350,45,Rare,Magic,Meat,698_250000;702_900000;732_350000;660_250000;724_250000,753,1399,861,1184,861,948;1042;1090;1232;1422,Coward_250;Thoughtful_500;Loyal_50;Agile_150;Brave_50
23502,ZhenShou100412ZhangYu3,PetHeader5_5,Chương Ngư Biến Dị,2350,45,Rare,Magic,Meat,698_250000;702_900000;732_350000;660_250000;724_250000,822,1527,939,1292,939,948;1042;1090;1232;1422,Coward_250;Thoughtful_500;Loyal_50;Agile_150;Brave_50
23503,ZhenShou100412ZhangYu4,PetHeader5_5,Chương Ngư Biến Dị,2350,45,Rare,Magic,Meat,698_250000;702_900000;732_350000;660_250000;724_250000,890,1654,1018,1399,1018,948;1042;1090;1232;1422,Coward_250;Thoughtful_500;Loyal_50;Agile_150;Brave_50
23509,ZhenShou100412ZhangYu1,PetHeader5_5,Chương Ngư Bảo Bảo,2350,45,Child,Magic,Meat,698_250000;702_900000;732_350000;660_250000;724_250000,685,1272,783,1076,783,948;1042;1090;1232;1422,Coward_250;Thoughtful_500;Loyal_50;Agile_150;Brave_50
23510,ZhenShou100412ZhangYu1,PetHeader5_5,Chương Ngư Trưởng Thành,2351,55,Wild,Magic,Meat,698_300000;702_900000;732_400000;660_300000;724_300000,714,1326,816,1122,816,1051;1156;1208;1366;1576,Coward_250;Thoughtful_500;Loyal_50;Agile_150;Brave_50
23511,ZhenShou100412ZhangYu2,PetHeader5_5,Chương Ngư Biến Dị,2351,55,Rare,Magic,Meat,698_300000;702_900000;732_400000;660_300000;724_300000,767,1425,877,1206,877,1051;1156;1208;1366;1576,Coward_250;Thoughtful_500;Loyal_50;Agile_150;Brave_50
23512,ZhenShou100412ZhangYu3,PetHeader5_5,Chương Ngư Biến Dị,2351,55,Rare,Magic,Meat,698_300000;702_900000;732_400000;660_300000;724_300000,821,1524,938,1290,938,1051;1156;1208;1366;1576,Coward_250;Thoughtful_500;Loyal_50;Agile_150;Brave_50
23513,ZhenShou100412ZhangYu4,PetHeader5_5,Chương Ngư Biến Dị,2351,55,Rare,Magic,Meat,698_300000;702_900000;732_400000;660_300000;724_300000,874,1624,999,1374,999,1051;1156;1208;1366;1576,Coward_250;Thoughtful_500;Loyal_50;Agile_150;Brave_50
23514,ZhenShou100412ZhangYu5,PetHeader5_5,Chương Ngư Biến Dị,2351,55,Rare,Magic,Meat,698_300000;702_900000;732_400000;660_300000;724_300000,928,1723,1060,1458,1060,1051;1156;1208;1366;1576,Coward_250;Thoughtful_500;Loyal_50;Agile_150;Brave_50
23519,ZhenShou100412ZhangYu1,PetHeader5_5,Chương Ngư Bảo Bảo,2351,55,Child,Magic,Meat,698_300000;702_900000;732_400000;660_300000;724_300000,714,1326,816,1122,816,1051;1156;1208;1366;1576,Coward_250;Thoughtful_500;Loyal_50;Agile_150;Brave_50
23520,ZhenShou100412ZhangYu1,PetHeader5_5,Chương Ngư Trưởng Thành,2352,65,Wild,Magic,Meat,698_350000;702_900000;732_450000;660_350000;724_350000,742,1379,848,1167,848,1153;1268;1325;1498;1729,Coward_250;Thoughtful_500;Loyal_50;Agile_150;Brave_50
23521,ZhenShou100412ZhangYu2,PetHeader5_5,Chương Ngư Biến Dị,2352,65,Rare,Magic,Meat,698_350000;702_900000;732_450000;660_350000;724_350000,787,1462,899,1237,899,1153;1268;1325;1498;1729,Coward_250;Thoughtful_500;Loyal_50;Agile_150;Brave_50
23522,ZhenShou100412ZhangYu3,PetHeader5_5,Chương Ngư Biến Dị,2352,65,Rare,Magic,Meat,698_350000;702_900000;732_450000;660_350000;724_350000,831,1544,950,1307,950,1153;1268;1325;1498;1729,Coward_250;Thoughtful_500;Loyal_50;Agile_150;Brave_50
23523,ZhenShou100412ZhangYu4,PetHeader5_5,Chương Ngư Biến Dị,2352,65,Rare,Magic,Meat,698_350000;702_900000;732_450000;660_350000;724_350000,876,1627,1001,1377,1001,1153;1268;1325;1498;1729,Coward_250;Thoughtful_500;Loyal_50;Agile_150;Brave_50
23524,ZhenShou100412ZhangYu5,PetHeader5_5,Chương Ngư Biến Dị,2352,65,Rare,Magic,Meat,698_350000;702_900000;732_450000;660_350000;724_350000,920,1710,1052,1447,1052,1153;1268;1325;1498;1729,Coward_250;Thoughtful_500;Loyal_50;Agile_150;Brave_50
23525,ZhenShou100412ZhangYu6,PetHeader5_5,Chương Ngư Biến Dị,2352,65,Rare,Magic,Meat,698_350000;702_900000;732_450000;660_350000;724_350000,965,1793,1103,1517,1103,1153;1268;1325;1498;1729,Coward_250;Thoughtful_500;Loyal_50;Agile_150;Brave_50
23529,ZhenShou100412ZhangYu1,PetHeader5_5,Chương Ngư Bảo Bảo,2352,65,Child,Magic,Meat,698_350000;702_900000;732_450000;660_350000;724_350000,742,1379,848,1167,848,1153;1268;1325;1498;1729,Coward_250;Thoughtful_500;Loyal_50;Agile_150;Brave_50
23530,ZhenShou100412ZhangYu1,PetHeader5_5,Chương Ngư Trưởng Thành,2353,75,Wild,Magic,Meat,698_400000;702_900000;732_500000;660_400000;724_400000,771,1432,881,1212,881,1255;1380;1443;1631;1882,Coward_250;Thoughtful_500;Loyal_50;Agile_150;Brave_50
23531,ZhenShou100412ZhangYu2,PetHeader5_5,Chương Ngư Biến Dị,2353,75,Rare,Magic,Meat,698_400000;702_900000;732_500000;660_400000;724_400000,809,1504,925,1272,925,1255;1380;1443;1631;1882,Coward_250;Thoughtful_500;Loyal_50;Agile_150;Brave_50
23532,ZhenShou100412ZhangYu3,PetHeader5_5,Chương Ngư Biến Dị,2353,75,Rare,Magic,Meat,698_400000;702_900000;732_500000;660_400000;724_400000,848,1575,969,1333,969,1255;1380;1443;1631;1882,Coward_250;Thoughtful_500;Loyal_50;Agile_150;Brave_50
23533,ZhenShou100412ZhangYu4,PetHeader5_5,Chương Ngư Biến Dị,2353,75,Rare,Magic,Meat,698_400000;702_900000;732_500000;660_400000;724_400000,887,1647,1013,1394,1013,1255;1380;1443;1631;1882,Coward_250;Thoughtful_500;Loyal_50;Agile_150;Brave_50
23534,ZhenShou100412ZhangYu5,PetHeader5_5,Chương Ngư Biến Dị,2353,75,Rare,Magic,Meat,698_400000;702_900000;732_500000;660_400000;724_400000,925,1719,1057,1454,1057,1255;1380;1443;1631;1882,Coward_250;Thoughtful_500;Loyal_50;Agile_150;Brave_50
23535,ZhenShou100412ZhangYu6,PetHeader5_5,Chương Ngư Biến Dị,2353,75,Rare,Magic,Meat,698_400000;702_900000;732_500000;660_400000;724_400000,964,1790,1102,1515,1102,1255;1380;1443;1631;1882,Coward_250;Thoughtful_500;Loyal_50;Agile_150;Brave_50
23536,ZhenShou100412ZhangYu7,PetHeader5_5,Chương Ngư Biến Dị,2353,75,Rare,Magic,Meat,698_400000;702_900000;732_500000;660_400000;724_400000,1002,1862,1146,1575,1146,1255;1380;1443;1631;1882,Coward_250;Thoughtful_500;Loyal_50;Agile_150;Brave_50
23539,ZhenShou100412ZhangYu1,PetHeader5_5,Chương Ngư Bảo Bảo,2353,75,Child,Magic,Meat,698_400000;702_900000;732_500000;660_400000;724_400000,771,1432,881,1212,881,1255;1380;1443;1631;1882,Coward_250;Thoughtful_500;Loyal_50;Agile_150;Brave_50
23540,ZhenShou100412ZhangYu1,PetHeader5_5,Chương Ngư Trưởng Thành,2354,85,Wild,Magic,Meat,698_450000;702_900000;732_550000;660_450000;724_450000,799,1484,913,1256,913,1357;1492;1560;1764;2035,Coward_250;Thoughtful_500;Loyal_50;Agile_150;Brave_50
23541,ZhenShou100412ZhangYu2,PetHeader5_5,Chương Ngư Biến Dị,2354,85,Rare,Magic,Meat,698_450000;702_900000;732_550000;660_450000;724_450000,833,1548,952,1310,952,1357;1492;1560;1764;2035,Coward_250;Thoughtful_500;Loyal_50;Agile_150;Brave_50
23542,ZhenShou100412ZhangYu3,PetHeader5_5,Chương Ngư Biến Dị,2354,85,Rare,Magic,Meat,698_450000;702_900000;732_550000;660_450000;724_450000,867,1611,991,1363,991,1357;1492;1560;1764;2035,Coward_250;Thoughtful_500;Loyal_50;Agile_150;Brave_50
23543,ZhenShou100412ZhangYu4,PetHeader5_5,Chương Ngư Biến Dị,2354,85,Rare,Magic,Meat,698_450000;702_900000;732_550000;660_450000;724_450000,902,1675,1031,1417,1031,1357;1492;1560;1764;2035,Coward_250;Thoughtful_500;Loyal_50;Agile_150;Brave_50
23544,ZhenShou100412ZhangYu5,PetHeader5_5,Chương Ngư Biến Dị,2354,85,Rare,Magic,Meat,698_450000;702_900000;732_550000;660_450000;724_450000,936,1739,1070,1471,1070,1357;1492;1560;1764;2035,Coward_250;Thoughtful_500;Loyal_50;Agile_150;Brave_50
23545,ZhenShou100412ZhangYu6,PetHeader5_5,Chương Ngư Biến Dị,2354,85,Rare,Magic,Meat,698_450000;702_900000;732_550000;660_450000;724_450000,970,1802,1109,1525,1109,1357;1492;1560;1764;2035,Coward_250;Thoughtful_500;Loyal_50;Agile_150;Brave_50
23546,ZhenShou100412ZhangYu7,PetHeader5_5,Chương Ngư Biến Dị,2354,85,Rare,Magic,Meat,698_450000;702_900000;732_550000;660_450000;724_450000,1004,1866,1148,1579,1148,1357;1492;1560;1764;2035,Coward_250;Thoughtful_500;Loyal_50;Agile_150;Brave_50
23547,ZhenShou100412ZhangYu8,PetHeader5_5,Chương Ngư Biến Dị,2354,85,Rare,Magic,Meat,698_450000;702_900000;732_550000;660_450000;724_450000,1039,1929,1187,1633,1187,1357;1492;1560;1764;2035,Coward_250;Thoughtful_500;Loyal_50;Agile_150;Brave_50
23549,ZhenShou100412ZhangYu1,PetHeader5_5,Chương Ngư Bảo Bảo,2354,85,Child,Magic,Meat,698_450000;702_900000;732_550000;660_450000;724_450000,799,1484,913,1256,913,1357;1492;1560;1764;2035,Coward_250;Thoughtful_500;Loyal_50;Agile_150;Brave_50
23550,ZhenShou100412ZhangYu1,PetHeader5_5,Chương Ngư Trưởng Thành,2355,95,Wild,Magic,Meat,698_500000;702_900000;732_600000;660_500000;724_500000,828,1537,946,1301,946,1459;1604;1677;1896;2388,Coward_250;Thoughtful_500;Loyal_50;Agile_150;Brave_50
23551,ZhenShou100412ZhangYu2,PetHeader5_5,Chương Ngư Biến Dị,2355,95,Rare,Magic,Meat,698_500000;702_900000;732_600000;660_500000;724_500000,859,1595,981,1350,981,1459;1604;1677;1896;2388,Coward_250;Thoughtful_500;Loyal_50;Agile_150;Brave_50
23552,ZhenShou100412ZhangYu3,PetHeader5_5,Chương Ngư Biến Dị,2355,95,Rare,Magic,Meat,698_500000;702_900000;732_600000;660_500000;724_500000,890,1653,1017,1398,1017,1459;1604;1677;1896;2388,Coward_250;Thoughtful_500;Loyal_50;Agile_150;Brave_50
23553,ZhenShou100412ZhangYu4,PetHeader5_5,Chương Ngư Biến Dị,2355,95,Rare,Magic,Meat,698_500000;702_900000;732_600000;660_500000;724_500000,921,1710,1052,1447,1052,1459;1604;1677;1896;2388,Coward_250;Thoughtful_500;Loyal_50;Agile_150;Brave_50
23554,ZhenShou100412ZhangYu5,PetHeader5_5,Chương Ngư Biến Dị,2355,95,Rare,Magic,Meat,698_500000;702_900000;732_600000;660_500000;724_500000,952,1768,1088,1496,1088,1459;1604;1677;1896;2388,Coward_250;Thoughtful_500;Loyal_50;Agile_150;Brave_50
23555,ZhenShou100412ZhangYu6,PetHeader5_5,Chương Ngư Biến Dị,2355,95,Rare,Magic,Meat,698_500000;702_900000;732_600000;660_500000;724_500000,983,1826,1123,1545,1123,1459;1604;1677;1896;2388,Coward_250;Thoughtful_500;Loyal_50;Agile_150;Brave_50
23556,ZhenShou100412ZhangYu7,PetHeader5_5,Chương Ngư Biến Dị,2355,95,Rare,Magic,Meat,698_500000;702_900000;732_600000;660_500000;724_500000,1014,1883,1159,1594,1159,1459;1604;1677;1896;2388,Coward_250;Thoughtful_500;Loyal_50;Agile_150;Brave_50
23557,ZhenShou100412ZhangYu8,PetHeader5_5,Chương Ngư Biến Dị,2355,95,Rare,Magic,Meat,698_500000;702_900000;732_600000;660_500000;724_500000,1045,1941,1194,1642,1194,1459;1604;1677;1896;2388,Coward_250;Thoughtful_500;Loyal_50;Agile_150;Brave_50
23558,ZhenShou100412ZhangYu9,PetHeader5_5,Chương Ngư Biến Dị,2355,95,Rare,Magic,Meat,698_500000;702_900000;732_600000;660_500000;724_500000,1076,1999,1230,1691,1230,1459;1604;1677;1896;2388,Coward_250;Thoughtful_500;Loyal_50;Agile_150;Brave_50
23559,ZhenShou100412ZhangYu1,PetHeader5_5,Chương Ngư Bảo Bảo,2355,95,Child,Magic,Meat,698_500000;702_900000;732_600000;660_500000;724_500000,828,1537,946,1301,946,1459;1604;1677;1896;2388,Coward_250;Thoughtful_500;Loyal_50;Agile_150;Brave_50
23560,ZhenShou100510HuaLingShou1,PetHeader5_6,Điệp Luyến Hoa Trưởng Thành,2356,5,Wild,Magic,Rice,692_300000;728_900000;670_250000;660_100000;655_50000,656,1219,750,1031,750,846;930;972;1099;1269,Coward_500;Thoughtful_100;Loyal_200;Agile_100;Brave_100
23561,ZhenShou100510HuaLingShou2,PetHeader5_6,Điệp Luyến Hoa Biến Dị,2356,5,Rare,Magic,Rice,692_300000;728_900000;670_250000;660_100000;655_50000,755,1402,862,1186,862,846;930;972;1099;1269,Coward_500;Thoughtful_100;Loyal_200;Agile_100;Brave_100
23562,ZhenShou100510HuaLingShou3,PetHeader5_6,Điệp Luyến Hoa Biến Dị,2356,5,Rare,Magic,Rice,692_300000;728_900000;670_250000;660_100000;655_50000,853,1585,975,1341,975,846;930;972;1099;1269,Coward_500;Thoughtful_100;Loyal_200;Agile_100;Brave_100
23569,ZhenShou100510HuaLingShou1,PetHeader5_6,Điệp Luyến Hoa Bảo Bảo,2356,5,Child,Magic,Rice,692_300000;728_900000;670_250000;660_100000;655_50000,656,1219,750,1031,750,846;930;972;1099;1269,Coward_500;Thoughtful_100;Loyal_200;Agile_100;Brave_100
23570,ZhenShou100510HuaLingShou1,PetHeader5_6,Điệp Luyến Hoa Trưởng Thành,2357,45,Wild,Magic,Rice,692_350000;728_900000;670_300000;660_150000;655_100000,685,1272,783,1076,783,948;1042;1090;1232;1422,Coward_500;Thoughtful_100;Loyal_200;Agile_100;Brave_100
23571,ZhenShou100510HuaLingShou2,PetHeader5_6,Điệp Luyến Hoa Biến Dị,2357,45,Rare,Magic,Rice,692_350000;728_900000;670_300000;660_150000;655_100000,753,1399,861,1184,861,948;1042;1090;1232;1422,Coward_500;Thoughtful_100;Loyal_200;Agile_100;Brave_100
23572,ZhenShou100510HuaLingShou3,PetHeader5_6,Điệp Luyến Hoa Biến Dị,2357,45,Rare,Magic,Rice,692_350000;728_900000;670_300000;660_150000;655_100000,822,1527,939,1292,939,948;1042;1090;1232;1422,Coward_500;Thoughtful_100;Loyal_200;Agile_100;Brave_100
23573,ZhenShou100510HuaLingShou4,PetHeader5_6,Điệp Luyến Hoa Biến Dị,2357,45,Rare,Magic,Rice,692_350000;728_900000;670_300000;660_150000;655_100000,890,1654,1018,1399,1018,948;1042;1090;1232;1422,Coward_500;Thoughtful_100;Loyal_200;Agile_100;Brave_100
23579,ZhenShou100510HuaLingShou1,PetHeader5_6,Điệp Luyến Hoa Bảo Bảo,2357,45,Child,Magic,Rice,692_350000;728_900000;670_300000;660_150000;655_100000,685,1272,783,1076,783,948;1042;1090;1232;1422,Coward_500;Thoughtful_100;Loyal_200;Agile_100;Brave_100
23580,ZhenShou100510HuaLingShou1,PetHeader5_6,Điệp Luyến Hoa Trưởng Thành,2358,55,Wild,Magic,Rice,692_400000;728_900000;670_350000;660_200000;655_150000,714,1326,816,1122,816,1051;1156;1208;1366;1576,Coward_500;Thoughtful_100;Loyal_200;Agile_100;Brave_100
23581,ZhenShou100510HuaLingShou2,PetHeader5_6,Điệp Luyến Hoa Biến Dị,2358,55,Rare,Magic,Rice,692_400000;728_900000;670_350000;660_200000;655_150000,767,1425,877,1206,877,1051;1156;1208;1366;1576,Coward_500;Thoughtful_100;Loyal_200;Agile_100;Brave_100
23582,ZhenShou100510HuaLingShou3,PetHeader5_6,Điệp Luyến Hoa Biến Dị,2358,55,Rare,Magic,Rice,692_400000;728_900000;670_350000;660_200000;655_150000,821,1524,938,1290,938,1051;1156;1208;1366;1576,Coward_500;Thoughtful_100;Loyal_200;Agile_100;Brave_100
23583,ZhenShou100510HuaLingShou4,PetHeader5_6,Điệp Luyến Hoa Biến Dị,2358,55,Rare,Magic,Rice,692_400000;728_900000;670_350000;660_200000;655_150000,874,1624,999,1374,999,1051;1156;1208;1366;1576,Coward_500;Thoughtful_100;Loyal_200;Agile_100;Brave_100
23584,ZhenShou100510HuaLingShou5,PetHeader5_6,Điệp Luyến Hoa Biến Dị,2358,55,Rare,Magic,Rice,692_400000;728_900000;670_350000;660_200000;655_150000,928,1723,1060,1458,1060,1051;1156;1208;1366;1576,Coward_500;Thoughtful_100;Loyal_200;Agile_100;Brave_100
23589,ZhenShou100510HuaLingShou1,PetHeader5_6,Điệp Luyến Hoa Bảo Bảo,2358,55,Child,Magic,Rice,692_400000;728_900000;670_350000;660_200000;655_150000,714,1326,816,1122,816,1051;1156;1208;1366;1576,Coward_500;Thoughtful_100;Loyal_200;Agile_100;Brave_100
23590,ZhenShou100510HuaLingShou1,PetHeader5_6,Điệp Luyến Hoa Trưởng Thành,2359,65,Wild,Magic,Rice,692_450000;728_900000;670_400000;660_250000;655_200000,742,1379,848,1167,848,1153;1268;1325;1498;1729,Coward_500;Thoughtful_100;Loyal_200;Agile_100;Brave_100
23591,ZhenShou100510HuaLingShou2,PetHeader5_6,Điệp Luyến Hoa Biến Dị,2359,65,Rare,Magic,Rice,692_450000;728_900000;670_400000;660_250000;655_200000,787,1462,899,1237,899,1153;1268;1325;1498;1729,Coward_500;Thoughtful_100;Loyal_200;Agile_100;Brave_100
23592,ZhenShou100510HuaLingShou3,PetHeader5_6,Điệp Luyến Hoa Biến Dị,2359,65,Rare,Magic,Rice,692_450000;728_900000;670_400000;660_250000;655_200000,831,1544,950,1307,950,1153;1268;1325;1498;1729,Coward_500;Thoughtful_100;Loyal_200;Agile_100;Brave_100
23593,ZhenShou100510HuaLingShou4,PetHeader5_6,Điệp Luyến Hoa Biến Dị,2359,65,Rare,Magic,Rice,692_450000;728_900000;670_400000;660_250000;655_200000,876,1627,1001,1377,1001,1153;1268;1325;1498;1729,Coward_500;Thoughtful_100;Loyal_200;Agile_100;Brave_100
23594,ZhenShou100510HuaLingShou5,PetHeader5_6,Điệp Luyến Hoa Biến Dị,2359,65,Rare,Magic,Rice,692_450000;728_900000;670_400000;660_250000;655_200000,920,1710,1052,1447,1052,1153;1268;1325;1498;1729,Coward_500;Thoughtful_100;Loyal_200;Agile_100;Brave_100
23595,ZhenShou100510HuaLingShou6,PetHeader5_6,Điệp Luyến Hoa Biến Dị,2359,65,Rare,Magic,Rice,692_450000;728_900000;670_400000;660_250000;655_200000,965,1793,1103,1517,1103,1153;1268;1325;1498;1729,Coward_500;Thoughtful_100;Loyal_200;Agile_100;Brave_100
23599,ZhenShou100510HuaLingShou1,PetHeader5_6,Điệp Luyến Hoa Bảo Bảo,2359,65,Child,Magic,Rice,692_450000;728_900000;670_400000;660_250000;655_200000,742,1379,848,1167,848,1153;1268;1325;1498;1729,Coward_500;Thoughtful_100;Loyal_200;Agile_100;Brave_100
23600,ZhenShou100510HuaLingShou1,PetHeader5_6,Điệp Luyến Hoa Trưởng Thành,2360,75,Wild,Magic,Rice,692_500000;728_900000;670_450000;660_300000;655_250000,771,1432,881,1212,881,1255;1380;1443;1631;1882,Coward_500;Thoughtful_100;Loyal_200;Agile_100;Brave_100
23601,ZhenShou100510HuaLingShou2,PetHeader5_6,Điệp Luyến Hoa Biến Dị,2360,75,Rare,Magic,Rice,692_500000;728_900000;670_450000;660_300000;655_250000,809,1504,925,1272,925,1255;1380;1443;1631;1882,Coward_500;Thoughtful_100;Loyal_200;Agile_100;Brave_100
23602,ZhenShou100510HuaLingShou3,PetHeader5_6,Điệp Luyến Hoa Biến Dị,2360,75,Rare,Magic,Rice,692_500000;728_900000;670_450000;660_300000;655_250000,848,1575,969,1333,969,1255;1380;1443;1631;1882,Coward_500;Thoughtful_100;Loyal_200;Agile_100;Brave_100
23603,ZhenShou100510HuaLingShou4,PetHeader5_6,Điệp Luyến Hoa Biến Dị,2360,75,Rare,Magic,Rice,692_500000;728_900000;670_450000;660_300000;655_250000,887,1647,1013,1394,1013,1255;1380;1443;1631;1882,Coward_500;Thoughtful_100;Loyal_200;Agile_100;Brave_100
23604,ZhenShou100510HuaLingShou5,PetHeader5_6,Điệp Luyến Hoa Biến Dị,2360,75,Rare,Magic,Rice,692_500000;728_900000;670_450000;660_300000;655_250000,925,1719,1057,1454,1057,1255;1380;1443;1631;1882,Coward_500;Thoughtful_100;Loyal_200;Agile_100;Brave_100
23605,ZhenShou100510HuaLingShou6,PetHeader5_6,Điệp Luyến Hoa Biến Dị,2360,75,Rare,Magic,Rice,692_500000;728_900000;670_450000;660_300000;655_250000,964,1790,1102,1515,1102,1255;1380;1443;1631;1882,Coward_500;Thoughtful_100;Loyal_200;Agile_100;Brave_100
23606,ZhenShou100510HuaLingShou7,PetHeader5_6,Điệp Luyến Hoa Biến Dị,2360,75,Rare,Magic,Rice,692_500000;728_900000;670_450000;660_300000;655_250000,1002,1862,1146,1575,1146,1255;1380;1443;1631;1882,Coward_500;Thoughtful_100;Loyal_200;Agile_100;Brave_100
23609,ZhenShou100510HuaLingShou1,PetHeader5_6,Điệp Luyến Hoa Bảo Bảo,2360,75,Child,Magic,Rice,692_500000;728_900000;670_450000;660_300000;655_250000,771,1432,881,1212,881,1255;1380;1443;1631;1882,Coward_500;Thoughtful_100;Loyal_200;Agile_100;Brave_100
23610,ZhenShou100510HuaLingShou1,PetHeader5_6,Điệp Luyến Hoa Trưởng Thành,2361,85,Wild,Magic,Rice,692_550000;728_900000;670_500000;660_350000;655_300000,799,1484,913,1256,913,1357;1492;1560;1764;2035,Coward_500;Thoughtful_100;Loyal_200;Agile_100;Brave_100
23611,ZhenShou100510HuaLingShou2,PetHeader5_6,Điệp Luyến Hoa Biến Dị,2361,85,Rare,Magic,Rice,692_550000;728_900000;670_500000;660_350000;655_300000,833,1548,952,1310,952,1357;1492;1560;1764;2035,Coward_500;Thoughtful_100;Loyal_200;Agile_100;Brave_100
23612,ZhenShou100510HuaLingShou3,PetHeader5_6,Điệp Luyến Hoa Biến Dị,2361,85,Rare,Magic,Rice,692_550000;728_900000;670_500000;660_350000;655_300000,867,1611,991,1363,991,1357;1492;1560;1764;2035,Coward_500;Thoughtful_100;Loyal_200;Agile_100;Brave_100
23613,ZhenShou100510HuaLingShou4,PetHeader5_6,Điệp Luyến Hoa Biến Dị,2361,85,Rare,Magic,Rice,692_550000;728_900000;670_500000;660_350000;655_300000,902,1675,1031,1417,1031,1357;1492;1560;1764;2035,Coward_500;Thoughtful_100;Loyal_200;Agile_100;Brave_100
23614,ZhenShou100510HuaLingShou5,PetHeader5_6,Điệp Luyến Hoa Biến Dị,2361,85,Rare,Magic,Rice,692_550000;728_900000;670_500000;660_350000;655_300000,936,1739,1070,1471,1070,1357;1492;1560;1764;2035,Coward_500;Thoughtful_100;Loyal_200;Agile_100;Brave_100
23615,ZhenShou100510HuaLingShou6,PetHeader5_6,Điệp Luyến Hoa Biến Dị,2361,85,Rare,Magic,Rice,692_550000;728_900000;670_500000;660_350000;655_300000,970,1802,1109,1525,1109,1357;1492;1560;1764;2035,Coward_500;Thoughtful_100;Loyal_200;Agile_100;Brave_100
23616,ZhenShou100510HuaLingShou7,PetHeader5_6,Điệp Luyến Hoa Biến Dị,2361,85,Rare,Magic,Rice,692_550000;728_900000;670_500000;660_350000;655_300000,1004,1866,1148,1579,1148,1357;1492;1560;1764;2035,Coward_500;Thoughtful_100;Loyal_200;Agile_100;Brave_100
23617,ZhenShou100510HuaLingShou8,PetHeader5_6,Điệp Luyến Hoa Biến Dị,2361,85,Rare,Magic,Rice,692_550000;728_900000;670_500000;660_350000;655_300000,1039,1929,1187,1633,1187,1357;1492;1560;1764;2035,Coward_500;Thoughtful_100;Loyal_200;Agile_100;Brave_100
23619,ZhenShou100510HuaLingShou1,PetHeader5_6,Điệp Luyến Hoa Bảo Bảo,2361,85,Child,Magic,Rice,692_550000;728_900000;670_500000;660_350000;655_300000,799,1484,913,1256,913,1357;1492;1560;1764;2035,Coward_500;Thoughtful_100;Loyal_200;Agile_100;Brave_100
23620,ZhenShou100510HuaLingShou1,PetHeader5_6,Điệp Luyến Hoa Trưởng Thành,2362,95,Wild,Magic,Rice,692_600000;728_900000;670_550000;660_400000;655_350000,878,1658,996,1351,996,1459;1604;1677;1896;2388,Coward_500;Thoughtful_100;Loyal_200;Agile_100;Brave_100
23621,ZhenShou100510HuaLingShou2,PetHeader5_6,Điệp Luyến Hoa Biến Dị,2362,95,Rare,Magic,Rice,692_600000;728_900000;670_550000;660_400000;655_350000,909,1709,1031,1400,1031,1459;1604;1677;1896;2388,Coward_500;Thoughtful_100;Loyal_200;Agile_100;Brave_100
23622,ZhenShou100510HuaLingShou3,PetHeader5_6,Điệp Luyến Hoa Biến Dị,2362,95,Rare,Magic,Rice,692_600000;728_900000;670_550000;660_400000;655_350000,940,1779,1067,1448,1067,1459;1604;1677;1896;2388,Coward_500;Thoughtful_100;Loyal_200;Agile_100;Brave_100
23623,ZhenShou100510HuaLingShou4,PetHeader5_6,Điệp Luyến Hoa Biến Dị,2362,95,Rare,Magic,Rice,692_600000;728_900000;670_550000;660_400000;655_350000,971,1839,1102,1497,1102,1459;1604;1677;1896;2388,Coward_500;Thoughtful_100;Loyal_200;Agile_100;Brave_100
23624,ZhenShou100510HuaLingShou5,PetHeader5_6,Điệp Luyến Hoa Biến Dị,2362,95,Rare,Magic,Rice,692_600000;728_900000;670_550000;660_400000;655_350000,1002,1900,1138,1546,1138,1459;1604;1677;1896;2388,Coward_500;Thoughtful_100;Loyal_200;Agile_100;Brave_100
23625,ZhenShou100510HuaLingShou6,PetHeader5_6,Điệp Luyến Hoa Biến Dị,2362,95,Rare,Magic,Rice,692_600000;728_900000;670_550000;660_400000;655_350000,1033,1960,1173,1595,1173,1459;1604;1677;1896;2388,Coward_500;Thoughtful_100;Loyal_200;Agile_100;Brave_100
23626,ZhenShou100510HuaLingShou7,PetHeader5_6,Điệp Luyến Hoa Biến Dị,2362,95,Rare,Magic,Rice,692_600000;728_900000;670_550000;660_400000;655_350000,1064,2020,1209,1644,1209,1459;1604;1677;1896;2388,Coward_500;Thoughtful_100;Loyal_200;Agile_100;Brave_100
23627,ZhenShou100510HuaLingShou8,PetHeader5_6,Điệp Luyến Hoa Biến Dị,2362,95,Rare,Magic,Rice,692_600000;728_900000;670_550000;660_400000;655_350000,1095,2081,1244,1692,1244,1459;1604;1677;1896;2388,Coward_500;Thoughtful_100;Loyal_200;Agile_100;Brave_100
23628,ZhenShou100510HuaLingShou9,PetHeader5_6,Điệp Luyến Hoa Biến Dị,2362,95,Rare,Magic,Rice,692_600000;728_900000;670_550000;660_400000;655_350000,1126,2141,1280,1741,1280,1459;1604;1677;1896;2388,Coward_500;Thoughtful_100;Loyal_200;Agile_100;Brave_100
23629,ZhenShou100510HuaLingShou1,PetHeader5_6,Điệp Luyến Hoa Bảo Bảo,2362,95,Child,Magic,Rice,692_600000;728_900000;670_550000;660_400000;655_350000,878,1658,996,1351,996,1459;1604;1677;1896;2388,Coward_500;Thoughtful_100;Loyal_200;Agile_100;Brave_100
23630,ZhenShou100531GuiLeiLang1,PetHeader5_7,Khôi Lỗi Lang Trưởng Thành,2363,5,Wild,Strength,Meat,694_300000;722_900000;662_250000;661_100000;653_50000,1219,656,1031,656,844,846;930;972;1099;1269,Coward_100;Thoughtful_100;Loyal_200;Agile_100;Brave_500
23631,ZhenShou100531GuiLeiLang2,PetHeader5_7,Khôi Lỗi Lang Biến Dị,2363,5,Rare,Strength,Meat,694_300000;722_900000;662_250000;661_100000;653_50000,1402,755,1186,755,970,846;930;972;1099;1269,Coward_100;Thoughtful_100;Loyal_200;Agile_100;Brave_500
23632,ZhenShou100531GuiLeiLang3,PetHeader5_7,Khôi Lỗi Lang Biến Dị,2363,5,Rare,Strength,Meat,694_300000;722_900000;662_250000;661_100000;653_50000,1585,853,1341,853,1097,846;930;972;1099;1269,Coward_100;Thoughtful_100;Loyal_200;Agile_100;Brave_500
23639,ZhenShou100531GuiLeiLang1,PetHeader5_7,Khôi Lỗi Lang Bảo Bảo,2363,5,Child,Strength,Meat,694_300000;722_900000;662_250000;661_100000;653_50000,1219,656,1031,656,844,846;930;972;1099;1269,Coward_100;Thoughtful_100;Loyal_200;Agile_100;Brave_500
23640,ZhenShou100531GuiLeiLang1,PetHeader5_7,Khôi Lỗi Lang Trưởng Thành,2364,45,Wild,Strength,Meat,694_350000;722_900000;662_300000;661_150000;653_100000,1272,685,1076,685,881,948;1042;1090;1232;1422,Coward_100;Thoughtful_100;Loyal_200;Agile_100;Brave_500
23641,ZhenShou100531GuiLeiLang2,PetHeader5_7,Khôi Lỗi Lang Biến Dị,2364,45,Rare,Strength,Meat,694_350000;722_900000;662_300000;661_150000;653_100000,1399,753,1184,753,969,948;1042;1090;1232;1422,Coward_100;Thoughtful_100;Loyal_200;Agile_100;Brave_500
23642,ZhenShou100531GuiLeiLang3,PetHeader5_7,Khôi Lỗi Lang Biến Dị,2364,45,Rare,Strength,Meat,694_350000;722_900000;662_300000;661_150000;653_100000,1527,822,1292,822,1057,948;1042;1090;1232;1422,Coward_100;Thoughtful_100;Loyal_200;Agile_100;Brave_500
23643,ZhenShou100531GuiLeiLang4,PetHeader5_7,Khôi Lỗi Lang Biến Dị,2364,45,Rare,Strength,Meat,694_350000;722_900000;662_300000;661_150000;653_100000,1654,890,1399,890,1145,948;1042;1090;1232;1422,Coward_100;Thoughtful_100;Loyal_200;Agile_100;Brave_500
23649,ZhenShou100531GuiLeiLang1,PetHeader5_7,Khôi Lỗi Lang Bảo Bảo,2364,45,Child,Strength,Meat,694_350000;722_900000;662_300000;661_150000;653_100000,1272,685,1076,685,881,948;1042;1090;1232;1422,Coward_100;Thoughtful_100;Loyal_200;Agile_100;Brave_500
23650,ZhenShou100531GuiLeiLang1,PetHeader5_7,Khôi Lỗi Lang Trưởng Thành,2365,55,Wild,Strength,Meat,694_400000;722_900000;662_350000;661_200000;653_150000,1326,714,1122,714,918,1051;1156;1208;1366;1576,Coward_100;Thoughtful_100;Loyal_200;Agile_100;Brave_500
23651,ZhenShou100531GuiLeiLang2,PetHeader5_7,Khôi Lỗi Lang Biến Dị,2365,55,Rare,Strength,Meat,694_400000;722_900000;662_350000;661_200000;653_150000,1425,767,1206,767,986,1051;1156;1208;1366;1576,Coward_100;Thoughtful_100;Loyal_200;Agile_100;Brave_500
23652,ZhenShou100531GuiLeiLang3,PetHeader5_7,Khôi Lỗi Lang Biến Dị,2365,55,Rare,Strength,Meat,694_400000;722_900000;662_350000;661_200000;653_150000,1524,821,1290,821,1055,1051;1156;1208;1366;1576,Coward_100;Thoughtful_100;Loyal_200;Agile_100;Brave_500
23653,ZhenShou100531GuiLeiLang4,PetHeader5_7,Khôi Lỗi Lang Biến Dị,2365,55,Rare,Strength,Meat,694_400000;722_900000;662_350000;661_200000;653_150000,1624,874,1374,874,1124,1051;1156;1208;1366;1576,Coward_100;Thoughtful_100;Loyal_200;Agile_100;Brave_500
23654,ZhenShou100531GuiLeiLang5,PetHeader5_7,Khôi Lỗi Lang Biến Dị,2365,55,Rare,Strength,Meat,694_400000;722_900000;662_350000;661_200000;653_150000,1723,928,1458,928,1193,1051;1156;1208;1366;1576,Coward_100;Thoughtful_100;Loyal_200;Agile_100;Brave_500
23659,ZhenShou100531GuiLeiLang1,PetHeader5_7,Khôi Lỗi Lang Bảo Bảo,2365,55,Child,Strength,Meat,694_400000;722_900000;662_350000;661_200000;653_150000,1326,714,1122,714,918,1051;1156;1208;1366;1576,Coward_100;Thoughtful_100;Loyal_200;Agile_100;Brave_500
23660,ZhenShou100531GuiLeiLang1,PetHeader5_7,Khôi Lỗi Lang Trưởng Thành,2366,65,Wild,Strength,Meat,694_450000;722_900000;662_400000;661_250000;653_200000,1379,742,1167,742,954,1153;1268;1325;1498;1729,Coward_100;Thoughtful_100;Loyal_200;Agile_100;Brave_500
23661,ZhenShou100531GuiLeiLang2,PetHeader5_7,Khôi Lỗi Lang Biến Dị,2366,65,Rare,Strength,Meat,694_450000;722_900000;662_400000;661_250000;653_200000,1462,787,1237,787,1012,1153;1268;1325;1498;1729,Coward_100;Thoughtful_100;Loyal_200;Agile_100;Brave_500
23662,ZhenShou100531GuiLeiLang3,PetHeader5_7,Khôi Lỗi Lang Biến Dị,2366,65,Rare,Strength,Meat,694_450000;722_900000;662_400000;661_250000;653_200000,1544,831,1307,831,1069,1153;1268;1325;1498;1729,Coward_100;Thoughtful_100;Loyal_200;Agile_100;Brave_500
23663,ZhenShou100531GuiLeiLang4,PetHeader5_7,Khôi Lỗi Lang Biến Dị,2366,65,Rare,Strength,Meat,694_450000;722_900000;662_400000;661_250000;653_200000,1627,876,1377,876,1126,1153;1268;1325;1498;1729,Coward_100;Thoughtful_100;Loyal_200;Agile_100;Brave_500
23664,ZhenShou100531GuiLeiLang5,PetHeader5_7,Khôi Lỗi Lang Biến Dị,2366,65,Rare,Strength,Meat,694_450000;722_900000;662_400000;661_250000;653_200000,1710,920,1447,920,1184,1153;1268;1325;1498;1729,Coward_100;Thoughtful_100;Loyal_200;Agile_100;Brave_500
23665,ZhenShou100531GuiLeiLang6,PetHeader5_7,Khôi Lỗi Lang Biến Dị,2366,65,Rare,Strength,Meat,694_450000;722_900000;662_400000;661_250000;653_200000,1793,965,1517,965,1241,1153;1268;1325;1498;1729,Coward_100;Thoughtful_100;Loyal_200;Agile_100;Brave_500
23669,ZhenShou100531GuiLeiLang1,PetHeader5_7,Khôi Lỗi Lang Bảo Bảo,2366,65,Child,Strength,Meat,694_450000;722_900000;662_400000;661_250000;653_200000,1379,742,1167,742,954,1153;1268;1325;1498;1729,Coward_100;Thoughtful_100;Loyal_200;Agile_100;Brave_500
23670,ZhenShou100531GuiLeiLang1,PetHeader5_7,Khôi Lỗi Lang Trưởng Thành,2367,75,Wild,Strength,Meat,694_500000;722_900000;662_450000;661_300000;653_250000,1432,771,1212,771,991,1255;1380;1443;1631;1882,Coward_100;Thoughtful_100;Loyal_200;Agile_100;Brave_500
23671,ZhenShou100531GuiLeiLang2,PetHeader5_7,Khôi Lỗi Lang Biến Dị,2367,75,Rare,Strength,Meat,694_500000;722_900000;662_450000;661_300000;653_250000,1504,809,1272,809,1041,1255;1380;1443;1631;1882,Coward_100;Thoughtful_100;Loyal_200;Agile_100;Brave_500
23672,ZhenShou100531GuiLeiLang3,PetHeader5_7,Khôi Lỗi Lang Biến Dị,2367,75,Rare,Strength,Meat,694_500000;722_900000;662_450000;661_300000;653_250000,1575,848,1333,848,1090,1255;1380;1443;1631;1882,Coward_100;Thoughtful_100;Loyal_200;Agile_100;Brave_500
23673,ZhenShou100531GuiLeiLang4,PetHeader5_7,Khôi Lỗi Lang Biến Dị,2367,75,Rare,Strength,Meat,694_500000;722_900000;662_450000;661_300000;653_250000,1647,887,1394,887,1140,1255;1380;1443;1631;1882,Coward_100;Thoughtful_100;Loyal_200;Agile_100;Brave_500
23674,ZhenShou100531GuiLeiLang5,PetHeader5_7,Khôi Lỗi Lang Biến Dị,2367,75,Rare,Strength,Meat,694_500000;722_900000;662_450000;661_300000;653_250000,1719,925,1454,925,1190,1255;1380;1443;1631;1882,Coward_100;Thoughtful_100;Loyal_200;Agile_100;Brave_500
23675,ZhenShou100531GuiLeiLang6,PetHeader5_7,Khôi Lỗi Lang Biến Dị,2367,75,Rare,Strength,Meat,694_500000;722_900000;662_450000;661_300000;653_250000,1790,964,1515,964,1239,1255;1380;1443;1631;1882,Coward_100;Thoughtful_100;Loyal_200;Agile_100;Brave_500
23676,ZhenShou100531GuiLeiLang7,PetHeader5_7,Khôi Lỗi Lang Biến Dị,2367,75,Rare,Strength,Meat,694_500000;722_900000;662_450000;661_300000;653_250000,1862,1002,1575,1002,1289,1255;1380;1443;1631;1882,Coward_100;Thoughtful_100;Loyal_200;Agile_100;Brave_500
23679,ZhenShou100531GuiLeiLang1,PetHeader5_7,Khôi Lỗi Lang Bảo Bảo,2367,75,Child,Strength,Meat,694_500000;722_900000;662_450000;661_300000;653_250000,1432,771,1212,771,991,1255;1380;1443;1631;1882,Coward_100;Thoughtful_100;Loyal_200;Agile_100;Brave_500
23680,ZhenShou100531GuiLeiLang1,PetHeader5_7,Khôi Lỗi Lang Trưởng Thành,2368,85,Wild,Strength,Meat,694_550000;722_900000;662_500000;661_350000;653_300000,1484,799,1256,799,1027,1357;1492;1560;1764;2035,Coward_100;Thoughtful_100;Loyal_200;Agile_100;Brave_500
23681,ZhenShou100531GuiLeiLang2,PetHeader5_7,Khôi Lỗi Lang Biến Dị,2368,85,Rare,Strength,Meat,694_550000;722_900000;662_500000;661_350000;653_300000,1548,833,1310,833,1071,1357;1492;1560;1764;2035,Coward_100;Thoughtful_100;Loyal_200;Agile_100;Brave_500
23682,ZhenShou100531GuiLeiLang3,PetHeader5_7,Khôi Lỗi Lang Biến Dị,2368,85,Rare,Strength,Meat,694_550000;722_900000;662_500000;661_350000;653_300000,1611,867,1363,867,1115,1357;1492;1560;1764;2035,Coward_100;Thoughtful_100;Loyal_200;Agile_100;Brave_500
23683,ZhenShou100531GuiLeiLang4,PetHeader5_7,Khôi Lỗi Lang Biến Dị,2368,85,Rare,Strength,Meat,694_550000;722_900000;662_500000;661_350000;653_300000,1675,902,1417,902,1159,1357;1492;1560;1764;2035,Coward_100;Thoughtful_100;Loyal_200;Agile_100;Brave_500
23684,ZhenShou100531GuiLeiLang5,PetHeader5_7,Khôi Lỗi Lang Biến Dị,2368,85,Rare,Strength,Meat,694_550000;722_900000;662_500000;661_350000;653_300000,1739,936,1471,936,1203,1357;1492;1560;1764;2035,Coward_100;Thoughtful_100;Loyal_200;Agile_100;Brave_500
23685,ZhenShou100531GuiLeiLang6,PetHeader5_7,Khôi Lỗi Lang Biến Dị,2368,85,Rare,Strength,Meat,694_550000;722_900000;662_500000;661_350000;653_300000,1802,970,1525,970,1248,1357;1492;1560;1764;2035,Coward_100;Thoughtful_100;Loyal_200;Agile_100;Brave_500
23686,ZhenShou100531GuiLeiLang7,PetHeader5_7,Khôi Lỗi Lang Biến Dị,2368,85,Rare,Strength,Meat,694_550000;722_900000;662_500000;661_350000;653_300000,1866,1004,1579,1004,1292,1357;1492;1560;1764;2035,Coward_100;Thoughtful_100;Loyal_200;Agile_100;Brave_500
23687,ZhenShou100531GuiLeiLang8,PetHeader5_7,Khôi Lỗi Lang Biến Dị,2368,85,Rare,Strength,Meat,694_550000;722_900000;662_500000;661_350000;653_300000,1929,1039,1633,1039,1336,1357;1492;1560;1764;2035,Coward_100;Thoughtful_100;Loyal_200;Agile_100;Brave_500
23689,ZhenShou100531GuiLeiLang1,PetHeader5_7,Khôi Lỗi Lang Bảo Bảo,2368,85,Child,Strength,Meat,694_550000;722_900000;662_500000;661_350000;653_300000,1484,799,1256,799,1027,1357;1492;1560;1764;2035,Coward_100;Thoughtful_100;Loyal_200;Agile_100;Brave_500
23690,ZhenShou100531GuiLeiLang1,PetHeader5_7,Khôi Lỗi Lang Trưởng Thành,2369,95,Wild,Strength,Meat,694_600000;722_900000;662_550000;661_400000;653_350000,1608,828,1301,828,1064,1459;1604;1677;1896;2388,Coward_100;Thoughtful_100;Loyal_200;Agile_100;Brave_500
23691,ZhenShou100531GuiLeiLang2,PetHeader5_7,Khôi Lỗi Lang Biến Dị,2369,95,Rare,Strength,Meat,694_600000;722_900000;662_550000;661_400000;653_350000,1669,859,1350,859,1104,1459;1604;1677;1896;2388,Coward_100;Thoughtful_100;Loyal_200;Agile_100;Brave_500
23692,ZhenShou100531GuiLeiLang3,PetHeader5_7,Khôi Lỗi Lang Biến Dị,2369,95,Rare,Strength,Meat,694_600000;722_900000;662_550000;661_400000;653_350000,1729,890,1398,890,1144,1459;1604;1677;1896;2388,Coward_100;Thoughtful_100;Loyal_200;Agile_100;Brave_500
23693,ZhenShou100531GuiLeiLang4,PetHeader5_7,Khôi Lỗi Lang Biến Dị,2369,95,Rare,Strength,Meat,694_600000;722_900000;662_550000;661_400000;653_350000,1789,921,1447,921,1184,1459;1604;1677;1896;2388,Coward_100;Thoughtful_100;Loyal_200;Agile_100;Brave_500
23694,ZhenShou100531GuiLeiLang5,PetHeader5_7,Khôi Lỗi Lang Biến Dị,2369,95,Rare,Strength,Meat,694_600000;722_900000;662_550000;661_400000;653_350000,1850,952,1496,952,1224,1459;1604;1677;1896;2388,Coward_100;Thoughtful_100;Loyal_200;Agile_100;Brave_500
23695,ZhenShou100531GuiLeiLang6,PetHeader5_7,Khôi Lỗi Lang Biến Dị,2369,95,Rare,Strength,Meat,694_600000;722_900000;662_550000;661_400000;653_350000,1910,983,1545,983,1264,1459;1604;1677;1896;2388,Coward_100;Thoughtful_100;Loyal_200;Agile_100;Brave_500
23696,ZhenShou100531GuiLeiLang7,PetHeader5_7,Khôi Lỗi Lang Biến Dị,2369,95,Rare,Strength,Meat,694_600000;722_900000;662_550000;661_400000;653_350000,1970,1014,1594,1014,1304,1459;1604;1677;1896;2388,Coward_100;Thoughtful_100;Loyal_200;Agile_100;Brave_500
23697,ZhenShou100531GuiLeiLang8,PetHeader5_7,Khôi Lỗi Lang Biến Dị,2369,95,Rare,Strength,Meat,694_600000;722_900000;662_550000;661_400000;653_350000,2031,1045,1642,1045,1344,1459;1604;1677;1896;2388,Coward_100;Thoughtful_100;Loyal_200;Agile_100;Brave_500
23698,ZhenShou100531GuiLeiLang9,PetHeader5_7,Khôi Lỗi Lang Biến Dị,2369,95,Rare,Strength,Meat,694_600000;722_900000;662_550000;661_400000;653_350000,2091,1076,1691,1076,1384,1459;1604;1677;1896;2388,Coward_100;Thoughtful_100;Loyal_200;Agile_100;Brave_500
23699,ZhenShou100531GuiLeiLang1,PetHeader5_7,Khôi Lỗi Lang Bảo Bảo,2369,95,Child,Strength,Meat,694_600000;722_900000;662_550000;661_400000;653_350000,1608,828,1301,828,1064,1459;1604;1677;1896;2388,Coward_100;Thoughtful_100;Loyal_200;Agile_100;Brave_500
23700,ZhenShou20101013JiangShi1,haiwaizhuanyong1_9,Cương Thi Trưởng Thành,2370,5,Wild,Strength,Meat,694_250000;722_900000;662_250000;726_100000,1140,613,964,613,789,693;762;796;900;1039,Coward_50;Thoughtful_150;Loyal_200;Agile_100;Brave_500
23701,ZhenShou20101013JiangShi2,haiwaizhuanyong1_9,Cương Thi Biến Dị,2370,5,Rare,Strength,Meat,694_250000;722_900000;662_250000;726_100000,1311,705,1109,705,907,693;762;796;900;1039,Coward_50;Thoughtful_150;Loyal_200;Agile_100;Brave_500
23702,ZhenShou20101013JiangShi3,haiwaizhuanyong1_9,Cương Thi Biến Dị,2370,5,Rare,Strength,Meat,694_250000;722_900000;662_250000;726_100000,1482,798,1254,798,1026,693;762;796;900;1039,Coward_50;Thoughtful_150;Loyal_200;Agile_100;Brave_500
23709,ZhenShou20101013JiangShi1,haiwaizhuanyong1_9,Cương Thi Bảo Bảo,2370,5,Child,Strength,Meat,694_250000;722_900000;662_250000;726_100000,1140,613,964,613,789,693;762;796;900;1039,Coward_50;Thoughtful_150;Loyal_200;Agile_100;Brave_500
23710,ZhenShou100809WuSeShenNiu1,PetHeader5_8,Ngũ Sắc Thần Ngưu Trưởng Thành,2371,5,Wild,Strength,Grass,694_300000;722_900000;726_250000;661_100000;653_50000,1313,469,938,656,844,846;930;972;1099;1269,Coward_100;Thoughtful_100;Loyal_200;Agile_100;Brave_500
23711,ZhenShou100809WuSeShenNiu2,PetHeader5_8,Ngũ Sắc Thần Ngưu Biến Dị,2371,5,Rare,Strength,Grass,694_300000;722_900000;726_250000;661_100000;653_50000,1510,539,1078,755,970,846;930;972;1099;1269,Coward_100;Thoughtful_100;Loyal_200;Agile_100;Brave_500
23712,ZhenShou100809WuSeShenNiu3,PetHeader5_8,Ngũ Sắc Thần Ngưu Biến Dị,2371,5,Rare,Strength,Grass,694_300000;722_900000;726_250000;661_100000;653_50000,1707,609,1219,853,1097,846;930;972;1099;1269,Coward_100;Thoughtful_100;Loyal_200;Agile_100;Brave_500
23719,ZhenShou100809WuSeShenNiu1,PetHeader5_8,Ngũ Sắc Thần Ngưu Bảo Bảo,2371,5,Child,Strength,Grass,694_300000;722_900000;726_250000;661_100000;653_50000,1313,469,938,656,844,846;930;972;1099;1269,Coward_100;Thoughtful_100;Loyal_200;Agile_100;Brave_500
23720,ZhenShou100809WuSeShenNiu1,PetHeader5_8,Ngũ Sắc Thần Ngưu Trưởng Thành,2372,45,Wild,Strength,Grass,694_350000;722_900000;726_300000;661_150000;653_100000,1370,489,979,685,881,948;1042;1090;1232;1422,Coward_100;Thoughtful_100;Loyal_200;Agile_100;Brave_500
23721,ZhenShou100809WuSeShenNiu2,PetHeader5_8,Ngũ Sắc Thần Ngưu Biến Dị,2372,45,Rare,Strength,Grass,694_350000;722_900000;726_300000;661_150000;653_100000,1507,538,1076,753,969,948;1042;1090;1232;1422,Coward_100;Thoughtful_100;Loyal_200;Agile_100;Brave_500
23722,ZhenShou100809WuSeShenNiu3,PetHeader5_8,Ngũ Sắc Thần Ngưu Biến Dị,2372,45,Rare,Strength,Grass,694_350000;722_900000;726_300000;661_150000;653_100000,1644,587,1174,822,1057,948;1042;1090;1232;1422,Coward_100;Thoughtful_100;Loyal_200;Agile_100;Brave_500
23723,ZhenShou100809WuSeShenNiu4,PetHeader5_8,Ngũ Sắc Thần Ngưu Biến Dị,2372,45,Rare,Strength,Grass,694_350000;722_900000;726_300000;661_150000;653_100000,1781,636,1272,890,1145,948;1042;1090;1232;1422,Coward_100;Thoughtful_100;Loyal_200;Agile_100;Brave_500
23729,ZhenShou100809WuSeShenNiu1,PetHeader5_8,Ngũ Sắc Thần Ngưu Bảo Bảo,2372,45,Child,Strength,Grass,694_350000;722_900000;726_300000;661_150000;653_100000,1370,489,979,685,881,948;1042;1090;1232;1422,Coward_100;Thoughtful_100;Loyal_200;Agile_100;Brave_500
23730,ZhenShou100809WuSeShenNiu1,PetHeader5_8,Ngũ Sắc Thần Ngưu Trưởng Thành,2373,55,Wild,Strength,Grass,694_400000;722_900000;726_350000;661_200000;653_150000,1428,510,1020,714,918,1051;1156;1208;1366;1576,Coward_100;Thoughtful_100;Loyal_200;Agile_100;Brave_500
23731,ZhenShou100809WuSeShenNiu2,PetHeader5_8,Ngũ Sắc Thần Ngưu Biến Dị,2373,55,Rare,Strength,Grass,694_400000;722_900000;726_350000;661_200000;653_150000,1535,548,1096,767,986,1051;1156;1208;1366;1576,Coward_100;Thoughtful_100;Loyal_200;Agile_100;Brave_500
23732,ZhenShou100809WuSeShenNiu3,PetHeader5_8,Ngũ Sắc Thần Ngưu Biến Dị,2373,55,Rare,Strength,Grass,694_400000;722_900000;726_350000;661_200000;653_150000,1642,586,1173,821,1055,1051;1156;1208;1366;1576,Coward_100;Thoughtful_100;Loyal_200;Agile_100;Brave_500
23733,ZhenShou100809WuSeShenNiu4,PetHeader5_8,Ngũ Sắc Thần Ngưu Biến Dị,2373,55,Rare,Strength,Grass,694_400000;722_900000;726_350000;661_200000;653_150000,1749,624,1249,874,1124,1051;1156;1208;1366;1576,Coward_100;Thoughtful_100;Loyal_200;Agile_100;Brave_500
23734,ZhenShou100809WuSeShenNiu5,PetHeader5_8,Ngũ Sắc Thần Ngưu Biến Dị,2373,55,Rare,Strength,Grass,694_400000;722_900000;726_350000;661_200000;653_150000,1856,663,1326,928,1193,1051;1156;1208;1366;1576,Coward_100;Thoughtful_100;Loyal_200;Agile_100;Brave_500
23739,ZhenShou100809WuSeShenNiu1,PetHeader5_8,Ngũ Sắc Thần Ngưu Bảo Bảo,2373,55,Child,Strength,Grass,694_400000;722_900000;726_350000;661_200000;653_150000,1428,510,1020,714,918,1051;1156;1208;1366;1576,Coward_100;Thoughtful_100;Loyal_200;Agile_100;Brave_500
23740,ZhenShou100809WuSeShenNiu1,PetHeader5_8,Ngũ Sắc Thần Ngưu Trưởng Thành,2374,65,Wild,Strength,Grass,694_450000;722_900000;726_400000;661_250000;653_200000,1485,530,1061,742,954,1153;1268;1325;1498;1729,Coward_100;Thoughtful_100;Loyal_200;Agile_100;Brave_500
23741,ZhenShou100809WuSeShenNiu2,PetHeader5_8,Ngũ Sắc Thần Ngưu Biến Dị,2374,65,Rare,Strength,Grass,694_450000;722_900000;726_400000;661_250000;653_200000,1574,562,1124,787,1012,1153;1268;1325;1498;1729,Coward_100;Thoughtful_100;Loyal_200;Agile_100;Brave_500
23742,ZhenShou100809WuSeShenNiu3,PetHeader5_8,Ngũ Sắc Thần Ngưu Biến Dị,2374,65,Rare,Strength,Grass,694_450000;722_900000;726_400000;661_250000;653_200000,1663,594,1188,831,1069,1153;1268;1325;1498;1729,Coward_100;Thoughtful_100;Loyal_200;Agile_100;Brave_500
23743,ZhenShou100809WuSeShenNiu4,PetHeader5_8,Ngũ Sắc Thần Ngưu Biến Dị,2374,65,Rare,Strength,Grass,694_450000;722_900000;726_400000;661_250000;653_200000,1752,625,1251,876,1126,1153;1268;1325;1498;1729,Coward_100;Thoughtful_100;Loyal_200;Agile_100;Brave_500
23744,ZhenShou100809WuSeShenNiu5,PetHeader5_8,Ngũ Sắc Thần Ngưu Biến Dị,2374,65,Rare,Strength,Grass,694_450000;722_900000;726_400000;661_250000;653_200000,1841,657,1315,920,1184,1153;1268;1325;1498;1729,Coward_100;Thoughtful_100;Loyal_200;Agile_100;Brave_500
23745,ZhenShou100809WuSeShenNiu6,PetHeader5_8,Ngũ Sắc Thần Ngưu Biến Dị,2374,65,Rare,Strength,Grass,694_450000;722_900000;726_400000;661_250000;653_200000,1931,689,1379,965,1241,1153;1268;1325;1498;1729,Coward_100;Thoughtful_100;Loyal_200;Agile_100;Brave_500
23749,ZhenShou100809WuSeShenNiu1,PetHeader5_8,Ngũ Sắc Thần Ngưu Bảo Bảo,2374,65,Child,Strength,Grass,694_450000;722_900000;726_400000;661_250000;653_200000,1485,530,1061,742,954,1153;1268;1325;1498;1729,Coward_100;Thoughtful_100;Loyal_200;Agile_100;Brave_500
23750,ZhenShou100809WuSeShenNiu1,PetHeader5_8,Ngũ Sắc Thần Ngưu Trưởng Thành,2375,75,Wild,Strength,Grass,694_500000;722_900000;726_450000;661_300000;653_250000,1542,551,1102,771,991,1255;1380;1443;1631;1882,Coward_100;Thoughtful_100;Loyal_200;Agile_100;Brave_500
23751,ZhenShou100809WuSeShenNiu2,PetHeader5_8,Ngũ Sắc Thần Ngưu Biến Dị,2375,75,Rare,Strength,Grass,694_500000;722_900000;726_450000;661_300000;653_250000,1619,578,1157,809,1041,1255;1380;1443;1631;1882,Coward_100;Thoughtful_100;Loyal_200;Agile_100;Brave_500
23752,ZhenShou100809WuSeShenNiu3,PetHeader5_8,Ngũ Sắc Thần Ngưu Biến Dị,2375,75,Rare,Strength,Grass,694_500000;722_900000;726_450000;661_300000;653_250000,1697,606,1212,848,1090,1255;1380;1443;1631;1882,Coward_100;Thoughtful_100;Loyal_200;Agile_100;Brave_500
23753,ZhenShou100809WuSeShenNiu4,PetHeader5_8,Ngũ Sắc Thần Ngưu Biến Dị,2375,75,Rare,Strength,Grass,694_500000;722_900000;726_450000;661_300000;653_250000,1774,633,1267,887,1140,1255;1380;1443;1631;1882,Coward_100;Thoughtful_100;Loyal_200;Agile_100;Brave_500
23754,ZhenShou100809WuSeShenNiu5,PetHeader5_8,Ngũ Sắc Thần Ngưu Biến Dị,2375,75,Rare,Strength,Grass,694_500000;722_900000;726_450000;661_300000;653_250000,1851,661,1322,925,1190,1255;1380;1443;1631;1882,Coward_100;Thoughtful_100;Loyal_200;Agile_100;Brave_500
23755,ZhenShou100809WuSeShenNiu6,PetHeader5_8,Ngũ Sắc Thần Ngưu Biến Dị,2375,75,Rare,Strength,Grass,694_500000;722_900000;726_450000;661_300000;653_250000,1928,688,1377,964,1239,1255;1380;1443;1631;1882,Coward_100;Thoughtful_100;Loyal_200;Agile_100;Brave_500
23756,ZhenShou100809WuSeShenNiu7,PetHeader5_8,Ngũ Sắc Thần Ngưu Biến Dị,2375,75,Rare,Strength,Grass,694_500000;722_900000;726_450000;661_300000;653_250000,2005,716,1432,1002,1289,1255;1380;1443;1631;1882,Coward_100;Thoughtful_100;Loyal_200;Agile_100;Brave_500
23759,ZhenShou100809WuSeShenNiu1,PetHeader5_8,Ngũ Sắc Thần Ngưu Bảo Bảo,2375,75,Child,Strength,Grass,694_500000;722_900000;726_450000;661_300000;653_250000,1542,551,1102,771,991,1255;1380;1443;1631;1882,Coward_100;Thoughtful_100;Loyal_200;Agile_100;Brave_500
23760,ZhenShou100809WuSeShenNiu1,PetHeader5_8,Ngũ Sắc Thần Ngưu Trưởng Thành,2376,85,Wild,Strength,Grass,694_550000;722_900000;726_500000;661_350000;653_300000,1598,571,1142,799,1027,1357;1492;1560;1764;2035,Coward_100;Thoughtful_100;Loyal_200;Agile_100;Brave_500
23761,ZhenShou100809WuSeShenNiu2,PetHeader5_8,Ngũ Sắc Thần Ngưu Biến Dị,2376,85,Rare,Strength,Grass,694_550000;722_900000;726_500000;661_350000;653_300000,1667,595,1190,833,1071,1357;1492;1560;1764;2035,Coward_100;Thoughtful_100;Loyal_200;Agile_100;Brave_500
23762,ZhenShou100809WuSeShenNiu3,PetHeader5_8,Ngũ Sắc Thần Ngưu Biến Dị,2376,85,Rare,Strength,Grass,694_550000;722_900000;726_500000;661_350000;653_300000,1735,619,1239,867,1115,1357;1492;1560;1764;2035,Coward_100;Thoughtful_100;Loyal_200;Agile_100;Brave_500
23763,ZhenShou100809WuSeShenNiu4,PetHeader5_8,Ngũ Sắc Thần Ngưu Biến Dị,2376,85,Rare,Strength,Grass,694_550000;722_900000;726_500000;661_350000;653_300000,1804,644,1288,902,1159,1357;1492;1560;1764;2035,Coward_100;Thoughtful_100;Loyal_200;Agile_100;Brave_500
23764,ZhenShou100809WuSeShenNiu5,PetHeader5_8,Ngũ Sắc Thần Ngưu Biến Dị,2376,85,Rare,Strength,Grass,694_550000;722_900000;726_500000;661_350000;653_300000,1872,668,1337,936,1203,1357;1492;1560;1764;2035,Coward_100;Thoughtful_100;Loyal_200;Agile_100;Brave_500
23765,ZhenShou100809WuSeShenNiu6,PetHeader5_8,Ngũ Sắc Thần Ngưu Biến Dị,2376,85,Rare,Strength,Grass,694_550000;722_900000;726_500000;661_350000;653_300000,1941,693,1386,970,1248,1357;1492;1560;1764;2035,Coward_100;Thoughtful_100;Loyal_200;Agile_100;Brave_500
23766,ZhenShou100809WuSeShenNiu7,PetHeader5_8,Ngũ Sắc Thần Ngưu Biến Dị,2376,85,Rare,Strength,Grass,694_550000;722_900000;726_500000;661_350000;653_300000,2009,717,1435,1004,1292,1357;1492;1560;1764;2035,Coward_100;Thoughtful_100;Loyal_200;Agile_100;Brave_500
23767,ZhenShou100809WuSeShenNiu8,PetHeader5_8,Ngũ Sắc Thần Ngưu Biến Dị,2376,85,Rare,Strength,Grass,694_550000;722_900000;726_500000;661_350000;653_300000,2078,742,1484,1039,1336,1357;1492;1560;1764;2035,Coward_100;Thoughtful_100;Loyal_200;Agile_100;Brave_500
23769,ZhenShou100809WuSeShenNiu1,PetHeader5_8,Ngũ Sắc Thần Ngưu Bảo Bảo,2376,85,Child,Strength,Grass,694_550000;722_900000;726_500000;661_350000;653_300000,1598,571,1142,799,1027,1357;1492;1560;1764;2035,Coward_100;Thoughtful_100;Loyal_200;Agile_100;Brave_500
23770,ZhenShou100809WuSeShenNiu1,PetHeader5_8,Ngũ Sắc Thần Ngưu Trưởng Thành,2377,95,Wild,Strength,Grass,694_600000;722_900000;726_550000;661_400000;653_350000,1606,591,1183,828,1064,1459;1604;1677;1896;2388,Coward_100;Thoughtful_100;Loyal_200;Agile_100;Brave_500
23771,ZhenShou100809WuSeShenNiu2,PetHeader5_8,Ngũ Sắc Thần Ngưu Biến Dị,2377,95,Rare,Strength,Grass,694_600000;722_900000;726_550000;661_400000;653_350000,1668,613,1227,859,1104,1459;1604;1677;1896;2388,Coward_100;Thoughtful_100;Loyal_200;Agile_100;Brave_500
23772,ZhenShou100809WuSeShenNiu3,PetHeader5_8,Ngũ Sắc Thần Ngưu Biến Dị,2377,95,Rare,Strength,Grass,694_600000;722_900000;726_550000;661_400000;653_350000,1730,635,1271,890,1144,1459;1604;1677;1896;2388,Coward_100;Thoughtful_100;Loyal_200;Agile_100;Brave_500
23773,ZhenShou100809WuSeShenNiu4,PetHeader5_8,Ngũ Sắc Thần Ngưu Biến Dị,2377,95,Rare,Strength,Grass,694_600000;722_900000;726_550000;661_400000;653_350000,1792,658,1316,921,1184,1459;1604;1677;1896;2388,Coward_100;Thoughtful_100;Loyal_200;Agile_100;Brave_500
23774,ZhenShou100809WuSeShenNiu5,PetHeader5_8,Ngũ Sắc Thần Ngưu Biến Dị,2377,95,Rare,Strength,Grass,694_600000;722_900000;726_550000;661_400000;653_350000,1854,680,1360,952,1224,1459;1604;1677;1896;2388,Coward_100;Thoughtful_100;Loyal_200;Agile_100;Brave_500
23775,ZhenShou100809WuSeShenNiu6,PetHeader5_8,Ngũ Sắc Thần Ngưu Biến Dị,2377,95,Rare,Strength,Grass,694_600000;722_900000;726_550000;661_400000;653_350000,1916,702,1404,983,1264,1459;1604;1677;1896;2388,Coward_100;Thoughtful_100;Loyal_200;Agile_100;Brave_500
23776,ZhenShou100809WuSeShenNiu7,PetHeader5_8,Ngũ Sắc Thần Ngưu Biến Dị,2377,95,Rare,Strength,Grass,694_600000;722_900000;726_550000;661_400000;653_350000,1978,724,1449,1014,1304,1459;1604;1677;1896;2388,Coward_100;Thoughtful_100;Loyal_200;Agile_100;Brave_500
23777,ZhenShou100809WuSeShenNiu8,PetHeader5_8,Ngũ Sắc Thần Ngưu Biến Dị,2377,95,Rare,Strength,Grass,694_600000;722_900000;726_550000;661_400000;653_350000,2040,746,1493,1045,1344,1459;1604;1677;1896;2388,Coward_100;Thoughtful_100;Loyal_200;Agile_100;Brave_500
23778,ZhenShou100809WuSeShenNiu9,PetHeader5_8,Ngũ Sắc Thần Ngưu Biến Dị,2377,95,Rare,Strength,Grass,694_600000;722_900000;726_550000;661_400000;653_350000,2103,768,1537,1076,1384,1459;1604;1677;1896;2388,Coward_100;Thoughtful_100;Loyal_200;Agile_100;Brave_500
23779,ZhenShou100809WuSeShenNiu1,PetHeader5_8,Ngũ Sắc Thần Ngưu Bảo Bảo,2377,95,Child,Strength,Grass,694_600000;722_900000;726_550000;661_400000;653_350000,1606,591,1183,828,1064,1459;1604;1677;1896;2388,Coward_100;Thoughtful_100;Loyal_200;Agile_100;Brave_500
23780,ZhenShou20101013JiangShi1,haiwaizhuanyong1_9,Cương Thi Trưởng Thành,2378,45,Wild,Strength,Meat,694_300000;722_900000;662_300000;726_150000,1272,685,1076,685,881,948;1042;1090;1232;1422,Coward_50;Thoughtful_150;Loyal_200;Agile_100;Brave_500
23781,ZhenShou20101013JiangShi2,haiwaizhuanyong1_9,Cương Thi Biến Dị,2378,45,Rare,Strength,Meat,694_300000;722_900000;662_300000;726_150000,1399,753,1184,753,969,948;1042;1090;1232;1422,Coward_50;Thoughtful_150;Loyal_200;Agile_100;Brave_500
23782,ZhenShou20101013JiangShi3,haiwaizhuanyong1_9,Cương Thi Biến Dị,2378,45,Rare,Strength,Meat,694_300000;722_900000;662_300000;726_150000,1527,822,1292,822,1057,948;1042;1090;1232;1422,Coward_50;Thoughtful_150;Loyal_200;Agile_100;Brave_500
23783,ZhenShou20101013JiangShi4,haiwaizhuanyong1_9,Cương Thi Biến Dị,2378,45,Rare,Strength,Meat,694_300000;722_900000;662_300000;726_150000,1654,890,1399,890,1145,948;1042;1090;1232;1422,Coward_50;Thoughtful_150;Loyal_200;Agile_100;Brave_500
23789,ZhenShou20101013JiangShi1,haiwaizhuanyong1_9,Cương Thi Bảo Bảo,2378,45,Child,Strength,Meat,694_300000;722_900000;662_300000;726_150000,1272,685,1076,685,881,948;1042;1090;1232;1422,Coward_50;Thoughtful_150;Loyal_200;Agile_100;Brave_500
23790,ZhenShou20101013JiangShi1,haiwaizhuanyong1_9,Cương Thi Trưởng Thành,2379,55,Wild,Strength,Meat,694_350000;722_900000;662_350000;726_200000,1326,714,1122,714,918,1051;1156;1208;1366;1576,Coward_50;Thoughtful_150;Loyal_200;Agile_100;Brave_500
23791,ZhenShou20101013JiangShi2,haiwaizhuanyong1_9,Cương Thi Biến Dị,2379,55,Rare,Strength,Meat,694_350000;722_900000;662_350000;726_200000,1425,767,1206,767,986,1051;1156;1208;1366;1576,Coward_50;Thoughtful_150;Loyal_200;Agile_100;Brave_500
23792,ZhenShou20101013JiangShi3,haiwaizhuanyong1_9,Cương Thi Biến Dị,2379,55,Rare,Strength,Meat,694_350000;722_900000;662_350000;726_200000,1524,821,1290,821,1055,1051;1156;1208;1366;1576,Coward_50;Thoughtful_150;Loyal_200;Agile_100;Brave_500
23793,ZhenShou20101013JiangShi4,haiwaizhuanyong1_9,Cương Thi Biến Dị,2379,55,Rare,Strength,Meat,694_350000;722_900000;662_350000;726_200000,1624,874,1374,874,1124,1051;1156;1208;1366;1576,Coward_50;Thoughtful_150;Loyal_200;Agile_100;Brave_500
23794,ZhenShou20101013JiangShi7,haiwaizhuanyong1_9,Cương Thi Biến Dị,2379,55,Rare,Strength,Meat,694_350000;722_900000;662_350000;726_200000,1723,928,1458,928,1193,1051;1156;1208;1366;1576,Coward_50;Thoughtful_150;Loyal_200;Agile_100;Brave_500
23799,ZhenShou20101013JiangShi1,haiwaizhuanyong1_9,Cương Thi Bảo Bảo,2379,55,Child,Strength,Meat,694_350000;722_900000;662_350000;726_200000,1326,714,1122,714,918,1051;1156;1208;1366;1576,Coward_50;Thoughtful_150;Loyal_200;Agile_100;Brave_500
23800,ZhenShou20101013JiangShi1,haiwaizhuanyong1_9,Cương Thi Trưởng Thành,2380,65,Wild,Strength,Meat,694_400000;722_900000;662_400000;726_250000,1379,742,1167,742,954,1153;1268;1325;1498;1729,Coward_50;Thoughtful_150;Loyal_200;Agile_100;Brave_500
23801,ZhenShou20101013JiangShi2,haiwaizhuanyong1_9,Cương Thi Biến Dị,2380,65,Rare,Strength,Meat,694_400000;722_900000;662_400000;726_250000,1462,787,1237,787,1012,1153;1268;1325;1498;1729,Coward_50;Thoughtful_150;Loyal_200;Agile_100;Brave_500
23802,ZhenShou20101013JiangShi3,haiwaizhuanyong1_9,Cương Thi Biến Dị,2380,65,Rare,Strength,Meat,694_400000;722_900000;662_400000;726_250000,1544,831,1307,831,1069,1153;1268;1325;1498;1729,Coward_50;Thoughtful_150;Loyal_200;Agile_100;Brave_500
23803,ZhenShou20101013JiangShi4,haiwaizhuanyong1_9,Cương Thi Biến Dị,2380,65,Rare,Strength,Meat,694_400000;722_900000;662_400000;726_250000,1627,876,1377,876,1126,1153;1268;1325;1498;1729,Coward_50;Thoughtful_150;Loyal_200;Agile_100;Brave_500
23804,ZhenShou20101013JiangShi7,haiwaizhuanyong1_9,Cương Thi Biến Dị,2380,65,Rare,Strength,Meat,694_400000;722_900000;662_400000;726_250000,1710,920,1447,920,1184,1153;1268;1325;1498;1729,Coward_50;Thoughtful_150;Loyal_200;Agile_100;Brave_500
23805,ZhenShou20101013JiangShi6,haiwaizhuanyong1_9,Cương Thi Biến Dị,2380,65,Rare,Strength,Meat,694_400000;722_900000;662_400000;726_250000,1793,965,1517,965,1241,1153;1268;1325;1498;1729,Coward_50;Thoughtful_150;Loyal_200;Agile_100;Brave_500
23809,ZhenShou20101013JiangShi1,haiwaizhuanyong1_9,Cương Thi Bảo Bảo,2380,65,Child,Strength,Meat,694_400000;722_900000;662_400000;726_250000,1379,742,1167,742,954,1153;1268;1325;1498;1729,Coward_50;Thoughtful_150;Loyal_200;Agile_100;Brave_500
23810,ZhenShou20101013JiangShi1,haiwaizhuanyong1_9,Cương Thi Trưởng Thành,2381,75,Wild,Strength,Meat,694_450000;722_900000;662_450000;726_300000,1432,771,1212,771,991,1255;1380;1443;1631;1882,Coward_50;Thoughtful_150;Loyal_200;Agile_100;Brave_500
23811,ZhenShou20101013JiangShi2,haiwaizhuanyong1_9,Cương Thi Biến Dị,2381,75,Rare,Strength,Meat,694_450000;722_900000;662_450000;726_300000,1504,809,1272,809,1041,1255;1380;1443;1631;1882,Coward_50;Thoughtful_150;Loyal_200;Agile_100;Brave_500
23812,ZhenShou20101013JiangShi3,haiwaizhuanyong1_9,Cương Thi Biến Dị,2381,75,Rare,Strength,Meat,694_450000;722_900000;662_450000;726_300000,1575,848,1333,848,1090,1255;1380;1443;1631;1882,Coward_50;Thoughtful_150;Loyal_200;Agile_100;Brave_500
23813,ZhenShou20101013JiangShi4,haiwaizhuanyong1_9,Cương Thi Biến Dị,2381,75,Rare,Strength,Meat,694_450000;722_900000;662_450000;726_300000,1647,887,1394,887,1140,1255;1380;1443;1631;1882,Coward_50;Thoughtful_150;Loyal_200;Agile_100;Brave_500
23814,ZhenShou20101013JiangShi7,haiwaizhuanyong1_9,Cương Thi Biến Dị,2381,75,Rare,Strength,Meat,694_450000;722_900000;662_450000;726_300000,1719,925,1454,925,1190,1255;1380;1443;1631;1882,Coward_50;Thoughtful_150;Loyal_200;Agile_100;Brave_500
23815,ZhenShou20101013JiangShi6,haiwaizhuanyong1_9,Cương Thi Biến Dị,2381,75,Rare,Strength,Meat,694_450000;722_900000;662_450000;726_300000,1790,964,1515,964,1239,1255;1380;1443;1631;1882,Coward_50;Thoughtful_150;Loyal_200;Agile_100;Brave_500
23816,ZhenShou20101013JiangShi5,haiwaizhuanyong1_9,Cương Thi Biến Dị,2381,75,Rare,Strength,Meat,694_450000;722_900000;662_450000;726_300000,1862,1002,1575,1002,1289,1255;1380;1443;1631;1882,Coward_50;Thoughtful_150;Loyal_200;Agile_100;Brave_500
23819,ZhenShou20101013JiangShi1,haiwaizhuanyong1_9,Cương Thi Bảo Bảo,2381,75,Child,Strength,Meat,694_450000;722_900000;662_450000;726_300000,1432,771,1212,771,991,1255;1380;1443;1631;1882,Coward_50;Thoughtful_150;Loyal_200;Agile_100;Brave_500
23820,ZhenShou20101013JiangShi1,haiwaizhuanyong1_9,Cương Thi Trưởng Thành,2382,85,Wild,Strength,Meat,694_500000;722_900000;662_500000;726_350000,1484,799,1256,799,1027,1357;1492;1560;1764;2035,Coward_50;Thoughtful_150;Loyal_200;Agile_100;Brave_500
23821,ZhenShou20101013JiangShi2,haiwaizhuanyong1_9,Cương Thi Biến Dị,2382,85,Rare,Strength,Meat,694_500000;722_900000;662_500000;726_350000,1548,833,1310,833,1071,1357;1492;1560;1764;2035,Coward_50;Thoughtful_150;Loyal_200;Agile_100;Brave_500
23822,ZhenShou20101013JiangShi3,haiwaizhuanyong1_9,Cương Thi Biến Dị,2382,85,Rare,Strength,Meat,694_500000;722_900000;662_500000;726_350000,1611,867,1363,867,1115,1357;1492;1560;1764;2035,Coward_50;Thoughtful_150;Loyal_200;Agile_100;Brave_500
23823,ZhenShou20101013JiangShi4,haiwaizhuanyong1_9,Cương Thi Biến Dị,2382,85,Rare,Strength,Meat,694_500000;722_900000;662_500000;726_350000,1675,902,1417,902,1159,1357;1492;1560;1764;2035,Coward_50;Thoughtful_150;Loyal_200;Agile_100;Brave_500
23824,ZhenShou20101013JiangShi7,haiwaizhuanyong1_9,Cương Thi Biến Dị,2382,85,Rare,Strength,Meat,694_500000;722_900000;662_500000;726_350000,1739,936,1471,936,1203,1357;1492;1560;1764;2035,Coward_50;Thoughtful_150;Loyal_200;Agile_100;Brave_500
23825,ZhenShou20101013JiangShi6,haiwaizhuanyong1_9,Cương Thi Biến Dị,2382,85,Rare,Strength,Meat,694_500000;722_900000;662_500000;726_350000,1802,970,1525,970,1248,1357;1492;1560;1764;2035,Coward_50;Thoughtful_150;Loyal_200;Agile_100;Brave_500
23826,ZhenShou20101013JiangShi5,haiwaizhuanyong1_9,Cương Thi Biến Dị,2382,85,Rare,Strength,Meat,694_500000;722_900000;662_500000;726_350000,1866,1004,1579,1004,1292,1357;1492;1560;1764;2035,Coward_50;Thoughtful_150;Loyal_200;Agile_100;Brave_500
23827,ZhenShou20101013JiangShi8,haiwaizhuanyong1_9,Cương Thi Biến Dị,2382,85,Rare,Strength,Meat,694_500000;722_900000;662_500000;726_350000,1929,1039,1633,1039,1336,1357;1492;1560;1764;2035,Coward_50;Thoughtful_150;Loyal_200;Agile_100;Brave_500
23829,ZhenShou20101013JiangShi1,haiwaizhuanyong1_9,Cương Thi Bảo Bảo,2382,85,Child,Strength,Meat,694_500000;722_900000;662_500000;726_350000,1484,799,1256,799,1027,1357;1492;1560;1764;2035,Coward_50;Thoughtful_150;Loyal_200;Agile_100;Brave_500
23830,ZhenShou20101013JiangShi1,haiwaizhuanyong1_9,Cương Thi Trưởng Thành,2383,95,Wild,Strength,Meat,694_550000;722_900000;662_550000;726_400000,1608,828,1301,828,1064,1459;1604;1677;1896;2388,Coward_50;Thoughtful_150;Loyal_200;Agile_100;Brave_500
23831,ZhenShou20101013JiangShi2,haiwaizhuanyong1_9,Cương Thi Biến Dị,2383,95,Rare,Strength,Meat,694_550000;722_900000;662_550000;726_400000,1669,859,1350,859,1104,1459;1604;1677;1896;2388,Coward_50;Thoughtful_150;Loyal_200;Agile_100;Brave_500
23832,ZhenShou20101013JiangShi3,haiwaizhuanyong1_9,Cương Thi Biến Dị,2383,95,Rare,Strength,Meat,694_550000;722_900000;662_550000;726_400000,1729,890,1398,890,1144,1459;1604;1677;1896;2388,Coward_50;Thoughtful_150;Loyal_200;Agile_100;Brave_500
23833,ZhenShou20101013JiangShi4,haiwaizhuanyong1_9,Cương Thi Biến Dị,2383,95,Rare,Strength,Meat,694_550000;722_900000;662_550000;726_400000,1789,921,1447,921,1184,1459;1604;1677;1896;2388,Coward_50;Thoughtful_150;Loyal_200;Agile_100;Brave_500
23834,ZhenShou20101013JiangShi7,haiwaizhuanyong1_9,Cương Thi Biến Dị,2383,95,Rare,Strength,Meat,694_550000;722_900000;662_550000;726_400000,1850,952,1496,952,1224,1459;1604;1677;1896;2388,Coward_50;Thoughtful_150;Loyal_200;Agile_100;Brave_500
23835,ZhenShou20101013JiangShi6,haiwaizhuanyong1_9,Cương Thi Biến Dị,2383,95,Rare,Strength,Meat,694_550000;722_900000;662_550000;726_400000,1910,983,1545,983,1264,1459;1604;1677;1896;2388,Coward_50;Thoughtful_150;Loyal_200;Agile_100;Brave_500
23836,ZhenShou20101013JiangShi5,haiwaizhuanyong1_9,Cương Thi Biến Dị,2383,95,Rare,Strength,Meat,694_550000;722_900000;662_550000;726_400000,1970,1014,1594,1014,1304,1459;1604;1677;1896;2388,Coward_50;Thoughtful_150;Loyal_200;Agile_100;Brave_500
23837,ZhenShou20101013JiangShi8,haiwaizhuanyong1_9,Cương Thi Biến Dị,2383,95,Rare,Strength,Meat,694_550000;722_900000;662_550000;726_400000,2031,1045,1642,1045,1344,1459;1604;1677;1896;2388,Coward_50;Thoughtful_150;Loyal_200;Agile_100;Brave_500
23838,ZhenShou20101013JiangShi9,haiwaizhuanyong1_9,Cương Thi Biến Dị,2383,95,Rare,Strength,Meat,694_550000;722_900000;662_550000;726_400000,2091,1076,1691,1076,1384,1459;1604;1677;1896;2388,Coward_50;Thoughtful_150;Loyal_200;Agile_100;Brave_500
23839,ZhenShou20101013JiangShi1,haiwaizhuanyong1_9,Cương Thi Bảo Bảo,2383,95,Child,Strength,Meat,694_550000;722_900000;662_550000;726_400000,1608,828,1301,828,1064,1459;1604;1677;1896;2388,Coward_50;Thoughtful_150;Loyal_200;Agile_100;Brave_500
23840,ZhenShouJianLangBaoBao1,PetHeader5_21,U Minh Lang Yêu Trưởng Thành,2384,5,Wild,Balanced,Meat,688_300000;718_900000;658_250000;710_100000,844,750,1219,844,750,846;930;972;1099;1269,Coward_100;Thoughtful_200;Loyal_500;Agile_100;Brave_100
23841,ZhenShouJianLangBaoBao2,PetHeader5_21,U Minh Lang Yêu Biến Dị,2384,5,Rare,Balanced,Meat,688_300000;718_900000;658_250000;710_100000,970,862,1402,970,862,846;930;972;1099;1269,Coward_100;Thoughtful_200;Loyal_500;Agile_100;Brave_100
23842,ZhenShouJianLangBaoBao3,PetHeader5_21,U Minh Lang Yêu Biến Dị,2384,5,Rare,Balanced,Meat,688_300000;718_900000;658_250000;710_100000,1097,975,1585,1097,975,846;930;972;1099;1269,Coward_100;Thoughtful_200;Loyal_500;Agile_100;Brave_100
23849,ZhenShouJianLangBaoBao1,PetHeader5_21,U Minh Lang Yêu Bảo Bảo,2384,5,Child,Balanced,Meat,688_300000;718_900000;658_250000;710_100000,844,750,1219,844,750,846;930;972;1099;1269,Coward_100;Thoughtful_200;Loyal_500;Agile_100;Brave_100
23850,ZhenShouJianLangBaoBao1,PetHeader5_21,U Minh Lang Yêu Trưởng Thành,2385,45,Wild,Balanced,Meat,688_350000;718_900000;658_300000;710_150000,881,783,1272,881,783,948;1042;1090;1232;1422,Coward_100;Thoughtful_200;Loyal_500;Agile_100;Brave_100
