ID,Name,Type,EquipPoint,IsWeaponPosition,Level,FactionID,BoundRule,BasePrice,SellPrice,Durability,Identifiable,Star,BuffID,SetID,DurationHour,BaseAttributesJSON,AttributesJSON,Description
10100000,Thanh Đồng Đao,0,0,true,1,-1,2,20,16,114,false,1,-1,-1,-1,"[{""Symbol"":""magic_physatkbase"",""Value"":""75""},{""Symbol"":""magic_magicatkbase"",""Value"":""75""}]",,"Vũ khí của tân thủ, không có giá trị gì.<color=#00FF00> (Ấn phím phải để trang bị)"
10100001,Bạt Phong Đao,0,0,true,10,-1,2,180,144,125,false,1,-1,-1,-1,"[{""Symbol"":""magic_physatkbase"",""Value"":""117""},{""Symbol"":""magic_magicatkbase"",""Value"":""117""}]",,"Chế tạo bằng thanh đồng, dáng đao cong, nặng nề, những người có sức khỏe như trâu mới có thể sử dụng"
10100002,Chiết Thiết Đao,0,0,true,20,-1,2,540,432,137,false,1,-1,-1,-1,"[{""Symbol"":""magic_physatkbase"",""Value"":""202""},{""Symbol"":""magic_magicatkbase"",""Value"":""202""}]",,"Sống đao rộng, lưỡi đao dày hơi cùn, có thể chặt sắt, vì vậy mới có tên gọi như vậy"
10100003,Cổ Nguyệt Đao,0,0,true,30,-1,2,1150,920,150,false,1,-1,-1,-1,"[{""Symbol"":""magic_physatkbase"",""Value"":""287""},{""Symbol"":""magic_magicatkbase"",""Value"":""287""}]",,"Thanh đao có màu bạc, đao cong giống như mũi voi, lưỡi đao bóng lưỡng sắc bén, sống đao có thể móc lấy kẻ địch, uy lực trung bình."
10100004,Khai Sơn Viện,0,0,true,40,-1,2,1780,1424,162,false,1,-1,-1,-1,"[{""Symbol"":""magic_physatkbase"",""Value"":""373""},{""Symbol"":""magic_magicatkbase"",""Value"":""373""}]",,"Sống đao cong giống như trăng khuyết, cong hơn nữa không thẳng, có thể bổ thẳng và cũng có thể chém ngang."
10100005,Kim Bối Đao,0,0,true,50,-1,2,2700,2160,175,false,1,-1,-1,-1,"[{""Symbol"":""magic_physatkbase"",""Value"":""458""},{""Symbol"":""magic_magicatkbase"",""Value"":""458""}]",,"Thân đao chỗ gần chuôi nhỏ, lưỡi đao đến tận mũi đao, sau đó tiếo tục cong đến sống đao, dày và có lực, thân đao có trang trí hoa văn màu vàng."
10100006,Nguyệt Nha Sản,0,0,true,60,-1,2,3850,3080,187,false,1,-1,-1,-1,"[{""Symbol"":""magic_physatkbase"",""Value"":""543""},{""Symbol"":""magic_magicatkbase"",""Value"":""543""}]",,"Đoạn trước của sản cong giống hình bán nguyệt, bên trong lõm, Nguyệt nha hướng ra bên ngoài, phía cuối có chuôi nắm giống hình chiếc rìu, đoạn cuối có lưỡi, khi tấn công địch có thể sử dụng cả mũi và chuôi sản, khiến cho kể định không thể phòng ngự được."
10100007,Liệt Diệm Đao,0,0,true,70,-1,2,5570,4456,200,false,1,-1,-1,-1,"[{""Symbol"":""magic_physatkbase"",""Value"":""628""},{""Symbol"":""magic_magicatkbase"",""Value"":""628""}]",,"Toàn thân vàng hồng, giống như ngọn lửa mạnh, khí thế vô cùng, tấn công thành rất thích hợp"
10100008,Ô Long Sản,0,0,true,80,-1,2,7450,5960,212,false,1,-1,-1,-1,"[{""Symbol"":""magic_physatkbase"",""Value"":""713""},{""Symbol"":""magic_magicatkbase"",""Value"":""713""}]",,"Tương truyền danh tướng cổ đại thường dùng, được làm từ ô kim, trên đó có khắc du long phi thiên, sát khí vây quanh."
10100009,Tử Kim Đao,0,0,true,90,-1,2,9950,7960,225,false,1,-1,-1,-1,"[{""Symbol"":""magic_physatkbase"",""Value"":""799""},{""Symbol"":""magic_magicatkbase"",""Value"":""799""}]",,"Là loại binh khí được rèn từ Tử kim thạch đã qua tôi luyện, tinh xảo vô cùng."
10100010,Chấn Thiên Phủ,0,0,true,100,-1,2,16000,12800,237,false,1,-1,-1,-1,"[{""Symbol"":""magic_physatkbase"",""Value"":""884""},{""Symbol"":""magic_magicatkbase"",""Value"":""884""}]",,"Khi tấn công, rung chuyển đất trời."
10100011,Khổ Lực Trảm Sài Đao,0,0,true,1,-1,1,10000,8000,255,true,9,-1,-1,-1,"[{""Symbol"":""magic_physatkbase"",""Value"":""10000""},{""Symbol"":""magic_magicatkbase"",""Value"":""10000""},{""Symbol"":""magic_hitbase"",""Value"":""10000""}]","[{""Symbol"":""magic_iceatk"",""Rate"":""100""},{""Symbol"":""magic_fireatk"",""Rate"":""100""},{""Symbol"":""magic_physatk"",""Rate"":""100""},{""Symbol"":""magic_magicatk"",""Rate"":""100""},{""Symbol"":""magic_hit"",""Rate"":""100""},{""Symbol"":""magic_critatk"",""Rate"":""100""},{""Symbol"":""magic_allattributes"",""Rate"":""100""}]","Khi cầm thanh đao này lên có thể sẽ khiến các hạ biến thành siêu cấp khỗ lực, còn nghĩ ngợi gì nữa, hãy chém đi!"
10100012,Ô Mã Phủ,0,0,true,110,-1,2,19360,15488,255,false,1,-1,-1,-1,"[{""Symbol"":""magic_physatkbase"",""Value"":""969""},{""Symbol"":""magic_magicatkbase"",""Value"":""969""}]",,"Trên thân phủ có khắc văn tự tinh mỹ, và hắc kim bì hoa ngân phiến."
10100013,Khảm Kim Minh Đầu Chuý,0,0,true,120,-1,2,23040,18432,255,false,1,-1,-1,-1,"[{""Symbol"":""magic_physatkbase"",""Value"":""1054""},{""Symbol"":""magic_magicatkbase"",""Value"":""1054""}]",,"Bí ngân chi thiết, 2 bên đều có hoa khảm lục giác kim tơ, và có danh văn kim tự."
10100014,Đao Phổ Cấp 130,0,0,true,130,-1,2,27040,21632,255,false,1,-1,-1,-1,"[{""Symbol"":""magic_physatkbase"",""Value"":""1139""},{""Symbol"":""magic_magicatkbase"",""Value"":""1139""}]",,Đao Phổ Cấp 130
10100015,Đao Phổ Cấp 140,0,0,true,140,-1,2,31360,25088,255,false,1,-1,-1,-1,"[{""Symbol"":""magic_physatkbase"",""Value"":""1224""},{""Symbol"":""magic_magicatkbase"",""Value"":""1224""}]",,Đao Phổ Cấp 140
10100016,Đao Phổ Cấp 150,0,0,true,150,-1,2,36000,28800,255,false,1,-1,-1,-1,"[{""Symbol"":""magic_physatkbase"",""Value"":""1310""},{""Symbol"":""magic_magicatkbase"",""Value"":""1310""}]",,Đao Phổ Cấp 150
10100021,Nhiệm Vụ Tạm Thời Chiếm Dụng,0,0,true,100,-1,2,16000,12800,237,false,1,-1,-1,-1,"[{""Symbol"":""magic_physatkbase"",""Value"":""884""},{""Symbol"":""magic_magicatkbase"",""Value"":""884""}]",,Nhiệm Vụ Tạm Thời Chiếm Dụng
10100031,Cần Câu Cá,0,0,true,10,-1,1,180,144,125,false,1,-1,-1,-1,,,Cần câu cá sơ cấp
10100032,Thái Công Điếu,0,0,true,10,-1,2,5000,4000,125,false,1,-1,-1,-1,,,Vật phỏng chế cần câu mà Khương Tử Nha sử dụng.
10100100,Đại Trảm Đao,0,0,true,1,-1,2,20,1,114,false,1,-1,-1,-1,"[{""Symbol"":""magic_physatkbase"",""Value"":""65""},{""Symbol"":""magic_magicatkbase"",""Value"":""65""}]",,"Vũ khí của tân thủ, không có giá trị gì.<color=#00FF00> (Ấn phím phải để trang bị)"
10101000,Điểm Cương Thương,1,0,true,1,-1,2,20,16,114,false,1,-1,-1,-1,"[{""Symbol"":""magic_physatkbase"",""Value"":""75""},{""Symbol"":""magic_magicatkbase"",""Value"":""75""}]",,"Trường Thương Bình Thường, chế tạo bằng thép nguyên chất.<color=#00FF00>(Nhấn chuột phải để trang bị)"
10101001,Lượng Ngân Thương,1,0,true,10,-1,2,180,144,125,false,1,-1,-1,-1,"[{""Symbol"":""magic_physatkbase"",""Value"":""117""},{""Symbol"":""magic_magicatkbase"",""Value"":""117""}]",,"Đầu thương có màu bạc, chuôi dài, có lưỡi, là binh khí thích sát có mũi nhọn có thể đâm thẳng."
10101002,Nhạn Linh Thương,1,0,true,20,-1,2,540,432,137,false,1,-1,-1,-1,"[{""Symbol"":""magic_physatkbase"",""Value"":""202""},{""Symbol"":""magic_magicatkbase"",""Value"":""202""}]",,"Đầu thương được làm bằng thép, giống như hình dáng của Song câu liên thương. Mãoi thương có hình dáng hơi dẹp, hình dáng giống như nhạn linh."
10101003,Ngân Xà Thương,1,0,true,30,-1,2,1150,920,150,false,1,-1,-1,-1,"[{""Symbol"":""magic_physatkbase"",""Value"":""287""},{""Symbol"":""magic_magicatkbase"",""Value"":""287""}]",,"Toàn bộ được chế tạo từ tẫn thiết, cán mâu dài 1 trượng, đầu mâu dài tám tấc, hai lưỡi sắc nhọn, hình dáng làm giống du xà, vì vậy mới có tên như vậy."
10101004,Lang Nha Kích,1,0,true,40,-1,2,1780,1424,162,false,1,-1,-1,-1,"[{""Symbol"":""magic_physatkbase"",""Value"":""373""},{""Symbol"":""magic_magicatkbase"",""Value"":""373""}]",,"Một đầu của cán kích có trang bị 1 mũi thương nhọn kim loại, 1 bên có lưỡi sắc nhọn có hình Lang nha, liên kết với mũi thương thông qua 2 miếng kết nối nhỏ, có thể đâm có thể chém."
10101005,Hỏa Tiêm Thương,1,0,true,50,-1,2,2700,2160,175,false,1,-1,-1,-1,"[{""Symbol"":""magic_physatkbase"",""Value"":""458""},{""Symbol"":""magic_magicatkbase"",""Value"":""458""}]",,"Toàn thân có màu kim hồng, đầu thương vừa nhỏ vừa nhọn, giống như ngọn lửa đang nhảy múa."
10101006,Phong Lôi Thương,1,0,true,60,-1,2,3850,3080,187,false,1,-1,-1,-1,"[{""Symbol"":""magic_physatkbase"",""Value"":""543""},{""Symbol"":""magic_magicatkbase"",""Value"":""543""}]",,"Thương dài 2 trượng, đầu thương thô và hơi tròn, có thể đâm có thể vỗ, lợi thế chế địch."
10101007,Dạ Xoa Mâu,1,0,true,70,-1,2,5570,4456,200,false,1,-1,-1,-1,"[{""Symbol"":""magic_physatkbase"",""Value"":""628""},{""Symbol"":""magic_magicatkbase"",""Value"":""628""}]",,"Trên thân của cây thương có vương tượng của Dạ Xoa, âm u đáng sợ, đầu thương bẹp và bằng."
10101008,Tam Kim Thương,1,0,true,80,-1,2,7450,5960,212,false,1,-1,-1,-1,"[{""Symbol"":""magic_physatkbase"",""Value"":""713""},{""Symbol"":""magic_magicatkbase"",""Value"":""713""}]",,"Thương chia làm 3 mũi nhọn, ở giữa có khảm hồng ngọc, chế tạo tinh xảo, lưỡi thương sắc bén vô cùng, giá trị liên thành."
10101009,Ẩm Huyết Thương,1,0,true,90,-1,2,9950,7960,225,false,1,-1,-1,-1,"[{""Symbol"":""magic_physatkbase"",""Value"":""799""},{""Symbol"":""magic_magicatkbase"",""Value"":""799""}]",,"Chế tạo bằng Huyền băng thiết ở Đông Vực, toàn thân toát lên ánh sáng băng lam"
10101010,Huyền Lô Thương,1,0,true,100,-1,2,16000,12800,237,false,1,-1,-1,-1,"[{""Symbol"":""magic_physatkbase"",""Value"":""884""},{""Symbol"":""magic_magicatkbase"",""Value"":""884""}]",,"Tương truyền là do Thái Thượng Lão Quân làm ra, đầu Thương có hình dáng quái dị."
10101011,Ngao Hán,1,0,true,110,-1,2,19360,15488,255,false,1,-1,-1,-1,"[{""Symbol"":""magic_physatkbase"",""Value"":""969""},{""Symbol"":""magic_magicatkbase"",""Value"":""969""}]",,"Do hồng sơn chi hỏa tu luyện thành, Xích tâm bao kim nhẫn, Hữu phách sơn chi lợi."
10101012,Song Đồng,1,0,true,120,-1,2,23040,18432,255,false,1,-1,-1,-1,"[{""Symbol"":""magic_physatkbase"",""Value"":""1054""},{""Symbol"":""magic_magicatkbase"",""Value"":""1054""}]",,"Có thể làm đối thủ cảm thấy rung sợ, và đồng thời có một số văn tự trên thân của thương, pháp lực vô hạn."
10101013,Thương Bổng Cấp 130,1,0,true,130,-1,2,27040,21632,255,false,1,-1,-1,-1,"[{""Symbol"":""magic_physatkbase"",""Value"":""1139""},{""Symbol"":""magic_magicatkbase"",""Value"":""1139""}]",,Thương Bổng Cấp 130
10101014,Thương Bổng Cấp 140,1,0,true,140,-1,2,31360,25088,255,false,1,-1,-1,-1,"[{""Symbol"":""magic_physatkbase"",""Value"":""1224""},{""Symbol"":""magic_magicatkbase"",""Value"":""1224""}]",,Thương Bổng Cấp 140
10101015,Thương Bổng Cấp 150,1,0,true,150,-1,2,36000,28800,255,false,1,-1,-1,-1,"[{""Symbol"":""magic_physatkbase"",""Value"":""1310""},{""Symbol"":""magic_magicatkbase"",""Value"":""1310""}]",,Thương Bổng Cấp 150
10101100,Hồng Anh Thương,1,0,true,1,-1,2,20,1,114,false,1,-1,-1,-1,"[{""Symbol"":""magic_physatkbase"",""Value"":""65""},{""Symbol"":""magic_magicatkbase"",""Value"":""65""}]",,"Vũ khí của tân thủ, không có giá trị gì.<color=#00FF00> (Ấn phím phải để trang bị)"
10102000,Bạch Thiết Kiếm,2,0,true,1,-1,2,20,16,114,false,1,-1,-1,-1,"[{""Symbol"":""magic_physatkbase"",""Value"":""75""},{""Symbol"":""magic_magicatkbase"",""Value"":""75""}]",,"Vũ khí của tân thủ, không có giá trị gì.<color=#00FF00> (Ấn phím phải để trang bị)"
10102001,Thu Diệp Kiếm,2,0,true,10,-1,2,180,144,125,false,1,-1,-1,-1,"[{""Symbol"":""magic_physatkbase"",""Value"":""117""},{""Symbol"":""magic_magicatkbase"",""Value"":""117""}]",,"Chế tạo bằng đồng thường, hành tẩu giang hồ có thể dùng làm vật phòng thân."
10102002,Bạch Hồng Kiếm,2,0,true,20,-1,2,540,432,137,false,1,-1,-1,-1,"[{""Symbol"":""magic_physatkbase"",""Value"":""202""},{""Symbol"":""magic_magicatkbase"",""Value"":""202""}]",,"Thân kiếm toàn màu ngân bạch, mỏng dài, lưỡi sắc bén vô cùng."
10102003,Lam Ngọc Kiếm,2,0,true,30,-1,2,1150,920,150,false,1,-1,-1,-1,"[{""Symbol"":""magic_physatkbase"",""Value"":""287""},{""Symbol"":""magic_magicatkbase"",""Value"":""287""}]",,"Chế tạo bằng tinh thiết, dưới hẹp trên rộng, chuôi kiếm có khảm 3 viên ngọc lam, trong đêm tối có thể phát ra ánh sáng."
10102004,Băng Huyền Kiếm,2,0,true,40,-1,2,1780,1424,162,false,1,-1,-1,-1,"[{""Symbol"":""magic_physatkbase"",""Value"":""373""},{""Symbol"":""magic_magicatkbase"",""Value"":""373""}]",,"Thân kiếm mỏng hẹp, lưỡi kiếm có chỗ có rãnh, lưỡi mỏng như băng, người trong võ lâm rất thích sử dụng loại vũ khí này."
10102005,Tinh Cang Kiếm,2,0,true,50,-1,2,2700,2160,175,false,1,-1,-1,-1,"[{""Symbol"":""magic_physatkbase"",""Value"":""458""},{""Symbol"":""magic_magicatkbase"",""Value"":""458""}]",,"Kiếm này đuợc tu luyện từ tinh cang, thân kiếm có hình lăng, khí khái, cổ kính."
10102006,Chấn Yêu Nhẫn,2,0,true,60,-1,2,3850,3080,187,false,1,-1,-1,-1,"[{""Symbol"":""magic_physatkbase"",""Value"":""543""},{""Symbol"":""magic_magicatkbase"",""Value"":""543""}]",,"Được tinh chế từ đồng vàng, thân đao có khắc Thất yêu hoàn nhiễu đồ, lưỡi đao sắc nhọn, là vũ khí không dễ dàng có được."
10102007,Kim Vũ Kiếm,2,0,true,70,-1,2,5570,4456,200,false,1,-1,-1,-1,"[{""Symbol"":""magic_physatkbase"",""Value"":""628""},{""Symbol"":""magic_magicatkbase"",""Value"":""628""}]",,"Thân kiếm giống như nhạn, trên thô dưới mỏng, đoạn trước hơi nhô ra giống như cánh nhạn, ở giữa có khảm 1 Huyền thiết vũ, ẩn chứa hàn quang."
10102008,Kinh Hồng Nhận,2,0,true,80,-1,2,7450,5960,212,false,1,-1,-1,-1,"[{""Symbol"":""magic_physatkbase"",""Value"":""713""},{""Symbol"":""magic_magicatkbase"",""Value"":""713""}]",,"Thân đao đơn giản rộng rãi, có trang trí đường hoa văn màu vàng, độ bóng và sắc bén cũng giống như đao."
10102009,Long Lân Nhận,2,0,true,90,-1,2,9950,7960,225,false,1,-1,-1,-1,"[{""Symbol"":""magic_physatkbase"",""Value"":""799""},{""Symbol"":""magic_magicatkbase"",""Value"":""799""}]",,"Tương truyền Ngụy Văn Đế Tào Phi đã ra lệnh cho thợ rèn trong vòng 100 ngày phải rèn ra 1 thanh bảo đao, có hoa văn như vẩy rồng, Lưỡi như bạch sương, sắc bén dị thường."
10102010,Huyết Thiết Kiếm,2,0,true,100,-1,2,16000,12800,237,false,1,-1,-1,-1,"[{""Symbol"":""magic_physatkbase"",""Value"":""884""},{""Symbol"":""magic_magicatkbase"",""Value"":""884""}]",,"Được chế tạo từ Huyền Thiết, thân kiếm dài 1 trượng, cực kỳ nặng, đầu kiếm cùn và tròn, toàn thân kiếm không thể trang trí trang sức lên."
10102012,Cuốc Khai Khoáng,2,0,true,10,-1,1,180,144,125,false,1,-1,-1,-1,,,Cuốc khai khoáng sơ cấp
10102013,Liềm Hái Thuốc,2,0,true,10,-1,1,180,144,125,false,1,-1,-1,-1,,,Liềm Hái Thuốc sơ cấp
10102014,Tháp Cáp,2,0,true,110,-1,2,19360,15488,255,false,1,-1,-1,-1,"[{""Symbol"":""magic_physatkbase"",""Value"":""969""},{""Symbol"":""magic_magicatkbase"",""Value"":""969""}]",,"Thương khung với đại địa, có nội lực kinh người, đồng thời kháng hỏa."
10102015,Thạch Cốc,2,0,true,120,-1,2,23040,18432,255,false,1,-1,-1,-1,"[{""Symbol"":""magic_physatkbase"",""Value"":""1054""},{""Symbol"":""magic_magicatkbase"",""Value"":""1054""}]",,"Lợi khí được tương truyền trên giang hồ, bị đánh trúng sẽ mất mạng ngay."
10102016,Đơn Đoản Cấp 130,2,0,true,130,-1,2,27040,21632,255,false,1,-1,-1,-1,"[{""Symbol"":""magic_physatkbase"",""Value"":""1139""},{""Symbol"":""magic_magicatkbase"",""Value"":""1139""}]",,Đơn Đoản Cấp 130
10102017,Đơn Đoản Cấp 140,2,0,true,140,-1,2,31360,25088,255,false,1,-1,-1,-1,"[{""Symbol"":""magic_physatkbase"",""Value"":""1224""},{""Symbol"":""magic_magicatkbase"",""Value"":""1224""}]",,Đơn Đoản Cấp 140
10102018,Đơn Đoản Cấp 150,2,0,true,150,-1,2,36000,28800,255,false,1,-1,-1,-1,"[{""Symbol"":""magic_physatkbase"",""Value"":""1310""},{""Symbol"":""magic_magicatkbase"",""Value"":""1310""}]",,Đơn Đoản Cấp 150
10102100,Thiết Kiếm,2,0,true,1,-1,2,20,1,114,false,1,-1,-1,-1,"[{""Symbol"":""magic_physatkbase"",""Value"":""65""},{""Symbol"":""magic_magicatkbase"",""Value"":""65""}]",,"Vũ khí của tân thủ, không có giá trị gì.<color=#00FF00> (Ấn phím phải để trang bị)"
10103000,Song Khẩu Nhận,3,0,true,1,-1,2,20,16,114,false,1,-1,-1,-1,"[{""Symbol"":""magic_physatkbase"",""Value"":""75""},{""Symbol"":""magic_magicatkbase"",""Value"":""75""}]",,"Đúc bằng đồng loại thường, vật dùng phòng thân khi hành tẩu giang hồ."
10103001,Long Hổ Nhẫn,3,0,true,10,-1,2,180,144,125,false,1,-1,-1,-1,"[{""Symbol"":""magic_physatkbase"",""Value"":""117""},{""Symbol"":""magic_magicatkbase"",""Value"":""117""}]",,"Chế tạo bằng tinh thiết, luôn ở bên cạnh"
10103002,Thư Hùng Kiếm,3,0,true,20,-1,2,540,432,137,false,1,-1,-1,-1,"[{""Symbol"":""magic_physatkbase"",""Value"":""202""},{""Symbol"":""magic_magicatkbase"",""Value"":""202""}]",,"Song kiếm cùng màu, thân kiếm nhỏ hẹp, giang hồ hiệp khách thường mang bên người"
10103003,Tử Mẫu Kiếm,3,0,true,30,-1,2,1150,920,150,false,1,-1,-1,-1,"[{""Symbol"":""magic_physatkbase"",""Value"":""287""},{""Symbol"":""magic_magicatkbase"",""Value"":""287""}]",,"Hai thanh kiếm luôn liền kề với nhau, có lúc chia lìa có khi hợp thành nhất thể, phạm vi công kích có thể rộng có thể hẹp"
10103004,Nga My Thích,3,0,true,40,-1,2,1780,1424,162,false,1,-1,-1,-1,"[{""Symbol"":""magic_physatkbase"",""Value"":""373""},{""Symbol"":""magic_magicatkbase"",""Value"":""373""}]",,"Mãoi thích cũng giống hình cung tên, có thể đâm có thể gạt, nhẹ nhàng linh hoạt."
10103005,Xuyên Vân Kiếm,3,0,true,50,-1,2,2700,2160,175,false,1,-1,-1,-1,"[{""Symbol"":""magic_physatkbase"",""Value"":""458""},{""Symbol"":""magic_magicatkbase"",""Value"":""458""}]",,"Song kiếm màu vàng, thân kiếm có khắc họa đồ thất thái tường vân, cả thanh kiếm như xuyên qua đám mây, vì vậy mới có tên gọi như vậy."
10103006,Huyết Hỏa Kiếm,3,0,true,60,-1,2,3850,3080,187,false,1,-1,-1,-1,"[{""Symbol"":""magic_physatkbase"",""Value"":""543""},{""Symbol"":""magic_magicatkbase"",""Value"":""543""}]",,"Thân kiếm là hình tứ lăng, sắc bén có thể đâm xuyên qua vật thể, chuôi kiếm có khảm hồng sắc Bảo thạch"
10103007,Điện Quang Chùy,3,0,true,70,-1,2,5570,4456,200,false,1,-1,-1,-1,"[{""Symbol"":""magic_physatkbase"",""Value"":""628""},{""Symbol"":""magic_magicatkbase"",""Value"":""628""}]",,"Binh khí ngắn và nặng, trọng lượng rất nặng, khi sử dụng lực sát thương cực mạnh."
10103008,Âm Dương Kiếm,3,0,true,80,-1,2,7450,5960,212,false,1,-1,-1,-1,"[{""Symbol"":""magic_physatkbase"",""Value"":""713""},{""Symbol"":""magic_magicatkbase"",""Value"":""713""}]",,"Mũi kiếm nhọn có 2 cái móc câu, đuôi kiếm có 2 điểm lồi lên, xung phong diệt địch, có thể đâm thẳng tới."
10103009,Thiên Địa Kiếm,3,0,true,90,-1,2,9950,7960,225,false,1,-1,-1,-1,"[{""Symbol"":""magic_physatkbase"",""Value"":""799""},{""Symbol"":""magic_magicatkbase"",""Value"":""799""}]",,"Thượng thiên nhập địa, trảm yêu trừ ma."
10103010,Uyên Ương Đao,3,0,true,100,-1,2,16000,12800,237,false,1,-1,-1,-1,"[{""Symbol"":""magic_physatkbase"",""Value"":""884""},{""Symbol"":""magic_magicatkbase"",""Value"":""884""}]",,"Danh đao thời cổ, chế tạo tinh tế."
10103011,Nộ Cáp,3,0,true,110,-1,2,19360,15488,255,false,1,-1,-1,-1,"[{""Symbol"":""magic_physatkbase"",""Value"":""969""},{""Symbol"":""magic_magicatkbase"",""Value"":""969""}]",,"Nộ cáp 1 trong những lợi khí chính giới, có vẽ ngoài nhìn rất đáng sợ, đồng thời sức sát thương cực kỳ mạnh."
10103012,Nhã Tân,3,0,true,120,-1,2,23040,18432,255,false,1,-1,-1,-1,"[{""Symbol"":""magic_physatkbase"",""Value"":""1054""},{""Symbol"":""magic_magicatkbase"",""Value"":""1054""}]",,"Truyền thiết đồn rằng đạo cụ này phải sử dụng liệt hỏa luyện thành, bên trong còn ẩn chứa Hỏa Diệm."
10103013,Song Đoản Cấp 130,3,0,true,130,-1,2,27040,21632,255,false,1,-1,-1,-1,"[{""Symbol"":""magic_physatkbase"",""Value"":""1139""},{""Symbol"":""magic_magicatkbase"",""Value"":""1139""}]",,Song Đoản Cấp 130
10103014,Song Đoản Cấp 140,3,0,true,140,-1,2,31360,25088,255,false,1,-1,-1,-1,"[{""Symbol"":""magic_physatkbase"",""Value"":""1224""},{""Symbol"":""magic_magicatkbase"",""Value"":""1224""}]",,Song Đoản Cấp 140
10103015,Song Đoản Cấp 150,3,0,true,150,-1,2,36000,28800,255,false,1,-1,-1,-1,"[{""Symbol"":""magic_physatkbase"",""Value"":""1310""},{""Symbol"":""magic_magicatkbase"",""Value"":""1310""}]",,Song Đoản Cấp 150
10103100,Đào Mộc Kiếm,3,0,true,1,-1,2,20,1,114,false,1,-1,-1,-1,"[{""Symbol"":""magic_physatkbase"",""Value"":""65""},{""Symbol"":""magic_magicatkbase"",""Value"":""65""}]",,"Vũ khí tân thủ, không có giá trị gì."
10104000,Thủy Mặc Phiến,4,0,true,1,-1,2,20,16,114,false,1,-1,-1,-1,"[{""Symbol"":""magic_physatkbase"",""Value"":""75""},{""Symbol"":""magic_magicatkbase"",""Value"":""75""}]",,"Thủy mặc phiến, vũ khí của tân thủ, không có giá trị gì."
10104001,Đàn Hương Phiến,4,0,true,10,-1,2,180,144,125,false,1,-1,-1,-1,"[{""Symbol"":""magic_physatkbase"",""Value"":""117""},{""Symbol"":""magic_magicatkbase"",""Value"":""117""}]",,"Thân quạt được làm từ gỗ đàn hương, tiểu xảo linh lung."
10104002,Quyên Cung Phiến,4,0,true,20,-1,2,540,432,137,false,1,-1,-1,-1,"[{""Symbol"":""magic_physatkbase"",""Value"":""202""},{""Symbol"":""magic_magicatkbase"",""Value"":""202""}]",,"Cung phiến được tình chế từ những vật liệu chính là trúc, mộc, tơ lụa."
10104003,Miên Trúc Phiến,4,0,true,30,-1,2,1150,920,150,false,1,-1,-1,-1,"[{""Symbol"":""magic_physatkbase"",""Value"":""287""},{""Symbol"":""magic_magicatkbase"",""Value"":""287""}]",,"Được là ra từ trúc ở Miên Sơn, chất liệu cực kỳ chắc chắn, được người giang hồ ưu chuộng."
10104004,Tượng Nha Phiến,4,0,true,40,-1,2,1780,1424,162,false,1,-1,-1,-1,"[{""Symbol"":""magic_physatkbase"",""Value"":""373""},{""Symbol"":""magic_magicatkbase"",""Value"":""373""}]",,"Thân của quạt lông được tinh chế từ ngà voi, chắc chắn dị thường, có thể công có thể thủ."
10104005,Tương Ngọc Phiến,4,0,true,50,-1,2,2700,2160,175,false,1,-1,-1,-1,"[{""Symbol"":""magic_physatkbase"",""Value"":""458""},{""Symbol"":""magic_magicatkbase"",""Value"":""458""}]",,"Quạt có màu phấn, tinh xảo lạ thường, nan quạt lớn bên ngoài có khảm hồng sắc bảo ngọc, ánh sáng chói mắt."
10104006,Tải Vân Phiến,4,0,true,60,-1,2,3850,3080,187,false,1,-1,-1,-1,"[{""Symbol"":""magic_physatkbase"",""Value"":""543""},{""Symbol"":""magic_magicatkbase"",""Value"":""543""}]",,"Chất liệu đặc biệt, hình dáng lạ kỳ, trong giống như từng đám mây được đem nối lại với nhau, vì vậy mới có tên gọi như vậy."
10104007,Điêu Linh Phiến,4,0,true,70,-1,2,5570,4456,200,false,1,-1,-1,-1,"[{""Symbol"":""magic_physatkbase"",""Value"":""628""},{""Symbol"":""magic_magicatkbase"",""Value"":""628""}]",,"Được làm từ lông vũ của loài thần điêu ở Tây Vực, bên trong có giấu 1 lưỡi dao sắc bén, nhẹ nhàng linh hoạt."
10104008,Đinh Quân Phiến,4,0,true,80,-1,2,7450,5960,212,false,1,-1,-1,-1,"[{""Symbol"":""magic_physatkbase"",""Value"":""713""},{""Symbol"":""magic_magicatkbase"",""Value"":""713""}]",,"Thân quạt được làm từ loại gỗ trăm năm trong Định Quân Sơn, thân quạt nhọn được bọc sắt, sắc bén vô cùng, có thể tấn công không thể phòng bị."
10104009,Chinh Lỗ Phiến,4,0,true,90,-1,2,9950,7960,225,false,1,-1,-1,-1,"[{""Symbol"":""magic_physatkbase"",""Value"":""799""},{""Symbol"":""magic_magicatkbase"",""Value"":""799""}]",,"Thân quạt có khảm 7 hạt Lam cang ngọc, chắc và cứng vô cùng, thân quạt có 7 cây cang châm, sắc bén tuyệt luân."
10104010,Phong Vũ Phiến,4,0,true,100,-1,2,16000,12800,237,false,1,-1,-1,-1,"[{""Symbol"":""magic_physatkbase"",""Value"":""884""},{""Symbol"":""magic_magicatkbase"",""Value"":""884""}]",,"Cùng hội đồng thuyền, cùng mưu sự việc thiên hạ."
10104011,Sa Khâu,4,0,true,110,-1,2,19360,15488,255,false,1,-1,-1,-1,"[{""Symbol"":""magic_physatkbase"",""Value"":""969""},{""Symbol"":""magic_magicatkbase"",""Value"":""969""}]",,"Thái dương tật hành, Chí nhất định sở. Có dáng vẽ cầu kỳ, nhưng ẩn chứa sức lực phi phàm."
10104012,Tương Huyết,4,0,true,120,-1,2,23040,18432,255,false,1,-1,-1,-1,"[{""Symbol"":""magic_physatkbase"",""Value"":""1054""},{""Symbol"":""magic_magicatkbase"",""Value"":""1054""}]",,"Tam sinh thoái tỵ, do cương dũng tương lực cấu tạo, thân phiến có màu sắc như huyết, công lực phi phàm."
10104013,Phiến Cấp 130,4,0,true,130,-1,2,27040,21632,255,false,1,-1,-1,-1,"[{""Symbol"":""magic_physatkbase"",""Value"":""1139""},{""Symbol"":""magic_magicatkbase"",""Value"":""1139""}]",,Phiến Cấp 130
10104014,Phiến Cấp 140,4,0,true,140,-1,2,31360,25088,255,false,1,-1,-1,-1,"[{""Symbol"":""magic_physatkbase"",""Value"":""1224""},{""Symbol"":""magic_magicatkbase"",""Value"":""1224""}]",,Phiến Cấp 140
10104015,Phiến Cấp 150,4,0,true,150,-1,2,36000,28800,255,false,1,-1,-1,-1,"[{""Symbol"":""magic_physatkbase"",""Value"":""1310""},{""Symbol"":""magic_magicatkbase"",""Value"":""1310""}]",,Phiến Cấp 150
10104100,Chiết Phiến,4,0,true,1,-1,2,20,1,114,false,1,-1,-1,-1,"[{""Symbol"":""magic_physatkbase"",""Value"":""65""},{""Symbol"":""magic_magicatkbase"",""Value"":""65""}]",,"Chiết phiến, vũ khí của tân thủ, không có giá trị gì."
10105000,Trúc Chi Hoàn,5,0,true,1,-1,2,20,16,114,false,1,-1,-1,-1,"[{""Symbol"":""magic_physatkbase"",""Value"":""75""},{""Symbol"":""magic_magicatkbase"",""Value"":""75""}]",,"Trúc chi hoàn, vũ khí của tân thủ, không có giá trị gì."
10105001,Bạch Hồng Hoàn,5,0,true,10,-1,2,180,144,125,false,1,-1,-1,-1,"[{""Symbol"":""magic_physatkbase"",""Value"":""117""},{""Symbol"":""magic_magicatkbase"",""Value"":""117""}]",,"Làm từ tinh thiết, hình dáng giống như cầu vồng màu trắng, thích hợp cho người mới gia nhập giang hồ sử dụng."
10105002,Tử Ngọc Hoàn,5,0,true,20,-1,2,540,432,137,false,1,-1,-1,-1,"[{""Symbol"":""magic_physatkbase"",""Value"":""202""},{""Symbol"":""magic_magicatkbase"",""Value"":""202""}]",,"Phỉ có màu vàng, Thúy có màu xanh nhưng tím là quý nhất, có khảm Tử sắc Bảo thạch, trang nhã quý phái."
10105003,Ngưng Sương Hoàn,5,0,true,30,-1,2,1150,920,150,false,1,-1,-1,-1,"[{""Symbol"":""magic_physatkbase"",""Value"":""287""},{""Symbol"":""magic_magicatkbase"",""Value"":""287""}]",,"Thân hoàn có 3 lưỡi dao và 4 mũi thích, công có thể diệt địch, thủ có thể phòng thân, được người giang hồ ưu chuộng."
10105004,Phất Hương Hoàn,5,0,true,40,-1,2,1780,1424,162,false,1,-1,-1,-1,"[{""Symbol"":""magic_physatkbase"",""Value"":""373""},{""Symbol"":""magic_magicatkbase"",""Value"":""373""}]",,"Chế tạo từ đồng tinh, vững như bàn thạch, có hương thơm thoang thoảng."
10105005,Bích Ngọc Hoàn,5,0,true,50,-1,2,2700,2160,175,false,1,-1,-1,-1,"[{""Symbol"":""magic_physatkbase"",""Value"":""458""},{""Symbol"":""magic_magicatkbase"",""Value"":""458""}]",,"Thân hoàn được đúc từ bích sắc ngọc thạch, toát lên ánh sáng màu xanh lạnh lẽo."
10105006,Hỗn Độn Hoàn,5,0,true,60,-1,2,3850,3080,187,false,1,-1,-1,-1,"[{""Symbol"":""magic_physatkbase"",""Value"":""543""},{""Symbol"":""magic_magicatkbase"",""Value"":""543""}]",,"Tạo hình kỳ dị, nhỏ nhắn tinh tế, hoàn nhận sắc bén, sát thương vô số."
10105007,Tiêu Dao Hoàn,5,0,true,70,-1,2,5570,4456,200,false,1,-1,-1,-1,"[{""Symbol"":""magic_physatkbase"",""Value"":""628""},{""Symbol"":""magic_magicatkbase"",""Value"":""628""}]",,"Do đạo nhân phái Tiêu Dao đúc nên, không có chiêu thức thân pháp cố định, tâm đến đâu thì khuyên đến đó."
10105008,Thiên Mục Hoàn,5,0,true,80,-1,2,7450,5960,212,false,1,-1,-1,-1,"[{""Symbol"":""magic_physatkbase"",""Value"":""713""},{""Symbol"":""magic_magicatkbase"",""Value"":""713""}]",,"Chuôi hoàn hình như sừng của loài thú, lưỡi đơn, mỗi 1 ô có hình 1 con mắt, vì vậy mới có tên gọi như vậy."
10105009,U Minh Hoàn,5,0,true,90,-1,2,9950,7960,225,false,1,-1,-1,-1,"[{""Symbol"":""magic_physatkbase"",""Value"":""799""},{""Symbol"":""magic_magicatkbase"",""Value"":""799""}]",,"Chế tạo từ Thiên niên thạch ở U minh độ khẩu, được lệ khí hun đúc, hấp thụ oán khí của thế gian, uy lực kinh người."
10105010,Long Phụng Hoàn,5,0,true,100,-1,2,16000,12800,237,false,1,-1,-1,-1,"[{""Symbol"":""magic_physatkbase"",""Value"":""884""},{""Symbol"":""magic_magicatkbase"",""Value"":""884""}]",,"Long xuất Phụng tùy, hoàn hoàn tương sinh."
10105011,Hạ Phất Hoàn,5,0,true,110,-1,2,19360,15488,255,false,1,-1,-1,-1,"[{""Symbol"":""magic_physatkbase"",""Value"":""969""},{""Symbol"":""magic_magicatkbase"",""Value"":""969""}]",,"Truyền thiết đồn rằng đạo cụ này có 1 thần lực có thể chém đá y như chém bùn, còn ẩn chứa 1 loại sức mạnh lạ thường."
10105012,Tích Lan,5,0,true,120,-1,2,23040,18432,255,false,1,-1,-1,-1,"[{""Symbol"":""magic_physatkbase"",""Value"":""1054""},{""Symbol"":""magic_magicatkbase"",""Value"":""1054""}]",,"Binh khí này đầu tiên được tìm thấy ở phong toại đài, Ô ngân quang trạch, Nhẫn lương bính ôn, bản thân và nguồn gốc của nó hiện chưa ai biết, được xếp vào thần mật chi khí."
10105013,Hoàn Cấp 130,5,0,true,130,-1,2,27040,21632,255,false,1,-1,-1,-1,"[{""Symbol"":""magic_physatkbase"",""Value"":""1139""},{""Symbol"":""magic_magicatkbase"",""Value"":""1139""}]",,Hoàn Cấp 130
10105014,Hoàn Cấp 140,5,0,true,140,-1,2,31360,25088,255,false,1,-1,-1,-1,"[{""Symbol"":""magic_physatkbase"",""Value"":""1224""},{""Symbol"":""magic_magicatkbase"",""Value"":""1224""}]",,Hoàn Cấp 140
10105015,Hoàn Cấp 150,5,0,true,150,-1,2,36000,28800,255,false,1,-1,-1,-1,"[{""Symbol"":""magic_physatkbase"",""Value"":""1310""},{""Symbol"":""magic_magicatkbase"",""Value"":""1310""}]",,Hoàn Cấp 150
10105100,Thiết Hoàn,5,0,true,1,-1,2,20,1,114,false,1,-1,-1,-1,"[{""Symbol"":""magic_physatkbase"",""Value"":""65""},{""Symbol"":""magic_magicatkbase"",""Value"":""65""}]",,"Vũ khí tân thủ, không có giá trị gì."
10106000,Hoa Mộc Nỗ,6,0,true,1,-1,2,20,16,114,false,1,-1,-1,-1,"[{""Symbol"":""magic_physatkbase"",""Value"":""75""},{""Symbol"":""magic_magicatkbase"",""Value"":""75""}]",,"Vũ khí tân thủ, không có giá trị gì."
10106001,Tùng Chi Nỗ,6,0,true,10,-1,2,180,144,125,false,1,-1,-1,-1,"[{""Symbol"":""magic_physatkbase"",""Value"":""117""},{""Symbol"":""magic_magicatkbase"",""Value"":""117""}]",,"Vật liệu chế tạo chủ yếu từ gỗ tùng, không nhẹ cũng không quá nặng"
10106002,Đàn Mộc Nỗ,6,0,true,20,-1,2,540,432,137,false,1,-1,-1,-1,"[{""Symbol"":""magic_physatkbase"",""Value"":""202""},{""Symbol"":""magic_magicatkbase"",""Value"":""202""}]",,"Thân Nỗ chủ yếu từ gỗ Đàn Hương, thân rỗng và phản phất mùi hương"
10106003,Đào Mộc Nỗ,6,0,true,30,-1,2,1150,920,150,false,1,-1,-1,-1,"[{""Symbol"":""magic_physatkbase"",""Value"":""287""},{""Symbol"":""magic_magicatkbase"",""Value"":""287""}]",,"Được làm từ thân cây đào trưởng thành và vô cùng chắc chắn, vừa có thể dùng để bắn, vừa có thể dùng để phòng thân."
10106004,Lê Hoa Nỗ,6,0,true,40,-1,2,1780,1424,162,false,1,-1,-1,-1,"[{""Symbol"":""magic_physatkbase"",""Value"":""373""},{""Symbol"":""magic_magicatkbase"",""Value"":""373""}]",,"Cây Nỗ tinh xảo được làm từ gỗ lê cao cấp, phù hợp cho phái nữ"
10106005,Đoạn Thiết Nỗ,6,0,true,50,-1,2,2700,2160,175,false,1,-1,-1,-1,"[{""Symbol"":""magic_physatkbase"",""Value"":""458""},{""Symbol"":""magic_magicatkbase"",""Value"":""458""}]",,"Nỗ được tôi Luyện từ Hàn Thiết, tỏa sát khí lạnh như băng, rất uy dũng và mạnh mẽ"
10106006,Xích Đồng Nỗ,6,0,true,60,-1,2,3850,3080,187,false,1,-1,-1,-1,"[{""Symbol"":""magic_physatkbase"",""Value"":""543""},{""Symbol"":""magic_magicatkbase"",""Value"":""543""}]",,"Thân được đúc từ đồng đỏ, khí thế phi phàm."
10106007,Lưu Kim Nỗ,6,0,true,70,-1,2,5570,4456,200,false,1,-1,-1,-1,"[{""Symbol"":""magic_physatkbase"",""Value"":""628""},{""Symbol"":""magic_magicatkbase"",""Value"":""628""}]",,"Nỗ tôi luyện từ vàng nguyên chất, người có nội lực cao thâm mới có thể sử dụng."
10106008,Nhạn Linh Nỗ,6,0,true,80,-1,2,7450,5960,212,false,1,-1,-1,-1,"[{""Symbol"":""magic_physatkbase"",""Value"":""713""},{""Symbol"":""magic_magicatkbase"",""Value"":""713""}]",,"Thần Nỗ có tầm bắn hơn 300 bước, uy lực cực lớn"
10106009,Vân Bối Nỗ,6,0,true,90,-1,2,9950,7960,225,false,1,-1,-1,-1,"[{""Symbol"":""magic_physatkbase"",""Value"":""799""},{""Symbol"":""magic_magicatkbase"",""Value"":""799""}]",,"Nỗ có cán dày và nặng, uy lực vô cùng, thân Nỗ có khắc hoa văn"
10106010,Thủy Nguyệt Nỗ,6,0,true,100,-1,2,16000,12800,237,false,1,-1,-1,-1,"[{""Symbol"":""magic_physatkbase"",""Value"":""884""},{""Symbol"":""magic_magicatkbase"",""Value"":""884""}]",,"Tuyệt tác được tạo từ vũ khí gia tộc danh tiếng Thủy Nguyệt Phường, uy lực phi phàm."
10106011,Vân Lộc Tấn Nỗ,6,0,true,110,-1,2,19360,15488,255,false,1,-1,-1,-1,"[{""Symbol"":""magic_physatkbase"",""Value"":""969""},{""Symbol"":""magic_magicatkbase"",""Value"":""969""}]",,"Vũ khí chiến đấu nguy hiểm được cải tiến từ tộc Đại Liêu Bắc Tống, tốc độ rất nhanh."
10106012,Khuynh Vân Lương Nguyệt Nỗ,6,0,true,120,-1,2,23040,18432,255,false,1,-1,-1,-1,"[{""Symbol"":""magic_physatkbase"",""Value"":""1054""},{""Symbol"":""magic_magicatkbase"",""Value"":""1054""}]",,"Thân Nỗ được làm từ gỗ Táo, được đúc từ đồng tinh luyện, uy lực rất mạnh."
10106013,Nỗ Cấp 130,6,0,true,130,-1,2,27040,21632,255,false,1,-1,-1,-1,"[{""Symbol"":""magic_physatkbase"",""Value"":""1139""},{""Symbol"":""magic_magicatkbase"",""Value"":""1139""}]",,Nỗ cấp 130
10106014,Nỗ Cấp 140,6,0,true,140,-1,2,31360,25088,255,false,1,-1,-1,-1,"[{""Symbol"":""magic_physatkbase"",""Value"":""1224""},{""Symbol"":""magic_magicatkbase"",""Value"":""1224""}]",,Nỗ cấp 140
10106015,Nỗ Cấp 150,6,0,true,150,-1,2,36000,28800,255,false,1,-1,-1,-1,"[{""Symbol"":""magic_physatkbase"",""Value"":""1310""},{""Symbol"":""magic_magicatkbase"",""Value"":""1310""}]",,Nỗ cấp 150
10106100,Tử Đằng Nỗ,6,0,true,1,-1,2,20,1,114,false,1,-1,-1,-1,"[{""Symbol"":""magic_physatkbase"",""Value"":""65""},{""Symbol"":""magic_magicatkbase"",""Value"":""65""}]",,"Vũ khí tân thủ, không có giá trị gì."
10107000,Hoa Mộc Trượng,7,0,true,1,-1,2,20,16,114,false,1,-1,-1,-1,"[{""Symbol"":""magic_physatkbase"",""Value"":""75""},{""Symbol"":""magic_magicatkbase"",""Value"":""75""}]",,"Vũ khí tân thủ, không có giá trị gì."
10107001,Tùng Chi Trượng,7,0,true,10,-1,2,180,144,125,false,1,-1,-1,-1,"[{""Symbol"":""magic_physatkbase"",""Value"":""117""},{""Symbol"":""magic_magicatkbase"",""Value"":""117""}]",,"Mộc trượng dùng cây thông để chế tạo, không nặng không nhẹ!"
10107002,Đào Văn Trượng,7,0,true,20,-1,2,540,432,137,false,1,-1,-1,-1,"[{""Symbol"":""magic_physatkbase"",""Value"":""202""},{""Symbol"":""magic_magicatkbase"",""Value"":""202""}]",,"Làm từ gỗ đào chắc chắn, bên trên khắc hoa văn."
10107003,Hắc Đàn Trượng,7,0,true,30,-1,2,1150,920,150,false,1,-1,-1,-1,"[{""Symbol"":""magic_physatkbase"",""Value"":""287""},{""Symbol"":""magic_magicatkbase"",""Value"":""287""}]",,"Trượng làm từ gỗ Hắc Đàn Mộc, tỏa mùi thơm ngát."
10107004,Lê Hoa Trượng,7,0,true,40,-1,2,1780,1424,162,false,1,-1,-1,-1,"[{""Symbol"":""magic_physatkbase"",""Value"":""373""},{""Symbol"":""magic_magicatkbase"",""Value"":""373""}]",,"Làm từ gỗ lê cao cấp, rất tinh xảo."
10107005,Kim Ti Trượng,7,0,true,50,-1,2,2700,2160,175,false,1,-1,-1,-1,"[{""Symbol"":""magic_physatkbase"",""Value"":""458""},{""Symbol"":""magic_magicatkbase"",""Value"":""458""}]",,"Thân trượng làm bằng gỗ lim, nhìn mỏng manh nhưng rất cứng rắn."
10107006,Hàn Thiết Trượng,7,0,true,60,-1,2,3850,3080,187,false,1,-1,-1,-1,"[{""Symbol"":""magic_physatkbase"",""Value"":""543""},{""Symbol"":""magic_magicatkbase"",""Value"":""543""}]",,"Thân trượng tôi luyện từ Hàn Thiết, khi đánh tạo ra tiếng gió rít."
10107007,Xích Đồng Trượng,7,0,true,70,-1,2,5570,4456,200,false,1,-1,-1,-1,"[{""Symbol"":""magic_physatkbase"",""Value"":""628""},{""Symbol"":""magic_magicatkbase"",""Value"":""628""}]",,"Đúc bằng Xích Đồng, thân trượng có điêu khắc đầu thú, rất nặng."
10107008,Lượng Ngân Trượng,7,0,true,80,-1,2,7450,5960,212,false,1,-1,-1,-1,"[{""Symbol"":""magic_physatkbase"",""Value"":""713""},{""Symbol"":""magic_magicatkbase"",""Value"":""713""}]",,"Đúc từ Hàn Thiết và phủ thêm lớp bạc, giúp trượng thêm dẻo dai."
10107009,Lưu Kim Trượng,7,0,true,90,-1,2,9950,7960,225,false,1,-1,-1,-1,"[{""Symbol"":""magic_physatkbase"",""Value"":""799""},{""Symbol"":""magic_magicatkbase"",""Value"":""799""}]",,"Dùng Vàng để đúc, có một đoạn bằng đồng, người võ công cao mới sử dụng được như ý."
10107010,Thủy Nguyệt Trượng,7,0,true,100,-1,2,16000,12800,237,false,1,-1,-1,-1,"[{""Symbol"":""magic_physatkbase"",""Value"":""884""},{""Symbol"":""magic_magicatkbase"",""Value"":""884""}]",,"Trượng tinh xảo do thế gia Thủy Nguyệt Phường chế tạo, trên thân có bốn chữ Kính Hoa Thủy Nguyệt."
10107011,Phi Hoa Trượng,7,0,true,110,-1,2,19360,15488,255,false,1,-1,-1,-1,"[{""Symbol"":""magic_physatkbase"",""Value"":""969""},{""Symbol"":""magic_magicatkbase"",""Value"":""969""}]",,"Vũ khí được cống nạp triều đình, là vũ khí sắc bén hiếm có."
10107012,Bích Vân Trượng,7,0,true,120,-1,2,23040,18432,255,false,1,-1,-1,-1,"[{""Symbol"":""magic_physatkbase"",""Value"":""1054""},{""Symbol"":""magic_magicatkbase"",""Value"":""1054""}]",,"Bích Vân Trượng do triều đình tặng cho trọng thần được sắc phong, đầu trượng có Mã Não, rất tinh tế cao quý."
10107013,Trượng Cấp 130,7,0,true,130,-1,2,27040,21632,255,false,1,-1,-1,-1,"[{""Symbol"":""magic_physatkbase"",""Value"":""1139""},{""Symbol"":""magic_magicatkbase"",""Value"":""1139""}]",,Loại Trường Trượng Cấp 130
10107014,Trượng Cấp 140,7,0,true,140,-1,2,31360,25088,255,false,1,-1,-1,-1,"[{""Symbol"":""magic_physatkbase"",""Value"":""1224""},{""Symbol"":""magic_magicatkbase"",""Value"":""1224""}]",,Loại Trường Trượng Cấp 140
10107015,Trượng Cấp 150,7,0,true,150,-1,2,36000,28800,255,false,1,-1,-1,-1,"[{""Symbol"":""magic_physatkbase"",""Value"":""1310""},{""Symbol"":""magic_magicatkbase"",""Value"":""1310""}]",,Loại Trường Trượng Cấp 150
10107100,Hồng Tùng Trượng,7,0,true,1,-1,2,20,1,114,false,1,-1,-1,-1,"[{""Symbol"":""magic_physatkbase"",""Value"":""65""},{""Symbol"":""magic_magicatkbase"",""Value"":""65""}]",,"Vũ khí tân thủ, không có giá trị gì."
10108000,Ma Trúc Tiêu,8,0,true,1,-1,2,20,16,114,false,1,-1,-1,-1,"[{""Symbol"":""magic_physatkbase"",""Value"":""75""},{""Symbol"":""magic_magicatkbase"",""Value"":""75""}]",,"Vũ khí tân thủ, không có giá trị gì."
10108001,Nam Trúc Tiêu,8,0,true,10,-1,2,180,144,125,false,1,-1,-1,-1,"[{""Symbol"":""magic_physatkbase"",""Value"":""117""},{""Symbol"":""magic_magicatkbase"",""Value"":""117""}]",,"Trúc Tiêu được làm với nguyên liệu chính là Nam Trúc, không nặng không nhẹ."
10108002,Khổ Trúc Tiêu,8,0,true,20,-1,2,540,432,137,false,1,-1,-1,-1,"[{""Symbol"":""magic_physatkbase"",""Value"":""202""},{""Symbol"":""magic_magicatkbase"",""Value"":""202""}]",,"Được làm từ Khổ Trúc lớn cạnh đầm nước, thổi nghe như tiếng nghẹn ngào."
10108003,Mặc Trúc Tiêu,8,0,true,30,-1,2,1150,920,150,false,1,-1,-1,-1,"[{""Symbol"":""magic_physatkbase"",""Value"":""287""},{""Symbol"":""magic_magicatkbase"",""Value"":""287""}]",,"Trường Tiêu làm bằng Mặc Trúc, mang mặc khí."
10108004,Tử Trúc Tiêu,8,0,true,40,-1,2,1780,1424,162,false,1,-1,-1,-1,"[{""Symbol"":""magic_physatkbase"",""Value"":""373""},{""Symbol"":""magic_magicatkbase"",""Value"":""373""}]",,"Làm từ tử trúc cao cấp, rất tinh xảo."
10108005,Hàn Y Tiêu,8,0,true,50,-1,2,2700,2160,175,false,1,-1,-1,-1,"[{""Symbol"":""magic_physatkbase"",""Value"":""458""},{""Symbol"":""magic_magicatkbase"",""Value"":""458""}]",,Vũ khí nhìn yếu ớt nhưng thực tế lại sắc bén vô cùng.
10108006,Tuyết Ngân Tiêu,8,0,true,60,-1,2,3850,3080,187,false,1,-1,-1,-1,"[{""Symbol"":""magic_physatkbase"",""Value"":""543""},{""Symbol"":""magic_magicatkbase"",""Value"":""543""}]",,"Thân tiêu làm bằng Hàn Thiết Tôi Ngân, lạnh và đầy sát khí."
10108007,Lưu Kim Tiêu,8,0,true,70,-1,2,5570,4456,200,false,1,-1,-1,-1,"[{""Symbol"":""magic_physatkbase"",""Value"":""628""},{""Symbol"":""magic_magicatkbase"",""Value"":""628""}]",,"Thân được rèn màu đỏ, hoa văn mạ vàng, rất cao quý."
10108008,Chiết Ngọc Tiêu,8,0,true,80,-1,2,7450,5960,212,false,1,-1,-1,-1,"[{""Symbol"":""magic_physatkbase"",""Value"":""713""},{""Symbol"":""magic_magicatkbase"",""Value"":""713""}]",,"Toàn thân bích ngọc mạ bạc sáng, sáo khi vung múa đầy khí thế."
10108009,Vân Văn Tiêu,8,0,true,90,-1,2,9950,7960,225,false,1,-1,-1,-1,"[{""Symbol"":""magic_physatkbase"",""Value"":""799""},{""Symbol"":""magic_magicatkbase"",""Value"":""799""}]",,"Thân màu xanh như mây, võ công cao cường mới dùng được."
10108010,Tương Phi Tiêu,8,0,true,100,-1,2,16000,12800,237,false,1,-1,-1,-1,"[{""Symbol"":""magic_physatkbase"",""Value"":""884""},{""Symbol"":""magic_magicatkbase"",""Value"":""884""}]",,"Dùng Tương Phi Trúc trồng ở vùng Tiêu Tương làm nền, uy lực không tầm thường, bề ngoài đẹp, trên thân tiêu ghi ""Tương Phu Nhân""."
10108011,Tập Hoa Tiêu,8,0,true,110,-1,2,19360,15488,255,false,1,-1,-1,-1,"[{""Symbol"":""magic_physatkbase"",""Value"":""969""},{""Symbol"":""magic_magicatkbase"",""Value"":""969""}]",,"Làm từ Tây Vực, khi dùng đẹp như múa."
10108012,Thủy Thiên Nhất Sắc Tiêu,8,0,true,120,-1,2,23040,18432,255,false,1,-1,-1,-1,"[{""Symbol"":""magic_physatkbase"",""Value"":""1054""},{""Symbol"":""magic_magicatkbase"",""Value"":""1054""}]",,"Thủy Thiên Nhất Sắc Tiêu rèn bằng nước Đông Vực, chất liệu không rõ, màu như xanh nước biển, vô cùng tinh xảo."
10108013,Tiêu Kiếm Cấp 130,8,0,true,130,-1,2,27040,21632,255,false,1,-1,-1,-1,"[{""Symbol"":""magic_physatkbase"",""Value"":""1139""},{""Symbol"":""magic_magicatkbase"",""Value"":""1139""}]",,Tiêu Kiếm Cấp 130
10108014,Tiêu Kiếm Cấp 140,8,0,true,140,-1,2,31360,25088,255,false,1,-1,-1,-1,"[{""Symbol"":""magic_physatkbase"",""Value"":""1224""},{""Symbol"":""magic_magicatkbase"",""Value"":""1224""}]",,Tiêu Kiếm Cấp 140
10108015,Tiêu Kiếm Cấp 150,8,0,true,150,-1,2,36000,28800,255,false,1,-1,-1,-1,"[{""Symbol"":""magic_physatkbase"",""Value"":""1310""},{""Symbol"":""magic_magicatkbase"",""Value"":""1310""}]",,Tiêu Kiếm Cấp 150
10108100,Lục Trúc Tiêu,8,0,true,1,-1,2,20,1,114,false,1,-1,-1,-1,"[{""Symbol"":""magic_physatkbase"",""Value"":""65""},{""Symbol"":""magic_magicatkbase"",""Value"":""65""}]",,"Vũ khí của tân thủ, không có giá trị gì. "
10110000,Đầu Cân,10,1,false,1,-1,2,20,16,114,false,1,-1,-1,-1,"[{""Symbol"":""magic_physdefbase"",""Value"":""26""},{""Symbol"":""magic_magicdefbase"",""Value"":""26""}]",,"Đầu cân là dụng cụ phòng bị sơ cấp nhất, chỗ nào cũng có thể nhìn thấy, cực kỳ phổ thông."
10110001,Bố Mão,10,1,false,2,-1,2,30,24,115,false,1,-1,-1,-1,"[{""Symbol"":""magic_physdefbase"",""Value"":""26""},{""Symbol"":""magic_magicdefbase"",""Value"":""26""}]",,"Mão được làm bằng vải, phòng ngự bình thường."
10110002,Ma Bố Mão,10,1,false,2,-1,2,30,24,115,false,1,-1,-1,-1,"[{""Symbol"":""magic_physdefbase"",""Value"":""26""},{""Symbol"":""magic_magicdefbase"",""Value"":""26""}]",,"Mão bằng vải gai, thích hợp với những người vừa gia nhập giang hồ."
10110003,Miên Bố Mão,10,1,false,2,-1,2,30,24,115,false,1,-1,-1,-1,"[{""Symbol"":""magic_physdefbase"",""Value"":""26""},{""Symbol"":""magic_magicdefbase"",""Value"":""26""}]",,Miên mão chất lượng tốt
10110004,Sa Nhung Mão,10,1,false,12,-1,2,109,87,127,false,1,-1,-1,-1,"[{""Symbol"":""magic_physdefbase"",""Value"":""42""},{""Symbol"":""magic_magicdefbase"",""Value"":""42""}]",,"Mão bằng nhung, vô cùng tinh xảo, đẹp đẽ dễ chịu."
10110005,Quyên Ty Mão,10,1,false,12,-1,2,109,87,127,false,1,-1,-1,-1,"[{""Symbol"":""magic_physdefbase"",""Value"":""42""},{""Symbol"":""magic_magicdefbase"",""Value"":""42""}]",,"Mão bằng lụa, vô cùng tinh xảo, đẹp đẽ dễ chịu."
10110006,Cẩm Bạch Mão,10,1,false,22,-1,2,169,135,140,false,1,-1,-1,-1,"[{""Symbol"":""magic_physdefbase"",""Value"":""74""},{""Symbol"":""magic_magicdefbase"",""Value"":""74""}]",,"Mão tử làm bằng cẩm miên, mỹ luân mỹ hoán, cao quý vô cùng."
10110007,Ty Trừu Mão,10,1,false,22,-1,2,169,135,140,false,1,-1,-1,-1,"[{""Symbol"":""magic_physdefbase"",""Value"":""74""},{""Symbol"":""magic_magicdefbase"",""Value"":""74""}]",,"Mão tử làm bằng tơ lụa, mỹ luân mỹ hoán, trang nhã dễ chịu."
10110008,Lăng La Mão,10,1,false,22,-1,2,169,135,140,false,1,-1,-1,-1,"[{""Symbol"":""magic_physdefbase"",""Value"":""74""},{""Symbol"":""magic_magicdefbase"",""Value"":""74""}]",,"Mão tử làm bằng Lăng la, mỹ luân mỹ hoán, thoải mái phóng khoáng."
10110009,Lang Nha Mão,10,1,false,32,-1,2,331,264,152,false,1,-1,-1,-1,"[{""Symbol"":""magic_physdefbase"",""Value"":""106""},{""Symbol"":""magic_magicdefbase"",""Value"":""106""}]",,"Mão khảm nanh sói, vừa xuất hiện đã lộ rõ sự sắc sảo, bền chắc."
10110010,Lang Trảo Mão,10,1,false,32,-1,2,331,264,152,false,1,-1,-1,-1,"[{""Symbol"":""magic_physdefbase"",""Value"":""106""},{""Symbol"":""magic_magicdefbase"",""Value"":""106""}]",,"Mão nạm vuốt sói, vừa xuất hiện đã lộ rõ sự sắc sảo, bền chắc."
10110011,Lang Bì Mão,10,1,false,32,-1,2,331,264,152,false,1,-1,-1,-1,"[{""Symbol"":""magic_physdefbase"",""Value"":""106""},{""Symbol"":""magic_magicdefbase"",""Value"":""106""}]",,"Mão tử làm bằng da sói, sơ lộ phong mãng, chắc chắn vô cùng."
10110012,Hổ Nha Mão,10,1,false,42,-1,2,554,443,165,false,1,-1,-1,-1,"[{""Symbol"":""magic_physdefbase"",""Value"":""138""},{""Symbol"":""magic_magicdefbase"",""Value"":""138""}]",,"Mão nạm nanh hổ, hoàn toàn lộ rõ sự sắc sảo, tràn đầy bá khí."
10110013,Hổ Bì Mão,10,1,false,42,-1,2,554,443,165,false,1,-1,-1,-1,"[{""Symbol"":""magic_physdefbase"",""Value"":""138""},{""Symbol"":""magic_magicdefbase"",""Value"":""138""}]",,"Mão nạm vuốt hổ, hoàn toàn lộ rõ sự sắc sảo, tràn đầy bá khí."
10110014,Bì Cách Mão,10,1,false,42,-1,2,554,443,165,false,1,-1,-1,-1,"[{""Symbol"":""magic_physdefbase"",""Value"":""138""},{""Symbol"":""magic_magicdefbase"",""Value"":""138""}]",,"Mão tử làm bằng da có màu hơi tối, mềm dẻo vô cùng."
10110015,Giao Long Mão,10,1,false,52,-1,2,890,712,177,false,1,-1,-1,-1,"[{""Symbol"":""magic_physdefbase"",""Value"":""170""},{""Symbol"":""magic_magicdefbase"",""Value"":""170""}]",,"Làm từ da thuồng luồng và sợi tơ bạc, cảm giác mềm mại khi tiếp xúc, có khả năng phòng ngự rất tốt."
10110016,Ô Tằm Mão,10,1,false,52,-1,2,890,712,177,false,1,-1,-1,-1,"[{""Symbol"":""magic_physdefbase"",""Value"":""170""},{""Symbol"":""magic_magicdefbase"",""Value"":""170""}]",,"Làm từ tơ tằm đen và sợi tơ bạc, cảm giác mềm mại khi tiếp xúc, có khả năng phòng ngự rất tốt."
10110017,Thương Mãng Mão,10,1,false,52,-1,2,890,712,177,false,1,-1,-1,-1,"[{""Symbol"":""magic_physdefbase"",""Value"":""170""},{""Symbol"":""magic_magicdefbase"",""Value"":""170""}]",,"Hợp thành da của mãng xà và sợi Ngân ty, cảm giác mềm mại, có sức phòng ngự rất mạnh."
10110018,Thiên Khu Mão,10,1,false,62,-1,2,1255,1004,190,false,1,-1,-1,-1,"[{""Symbol"":""magic_physdefbase"",""Value"":""202""},{""Symbol"":""magic_magicdefbase"",""Value"":""202""}]",,"Trên thân mão có họa tiết Thiên khu tinh đồ, vô cùng huyền diệu."
10110019,Thiên Cơ Mão,10,1,false,62,-1,2,1255,1004,190,false,1,-1,-1,-1,"[{""Symbol"":""magic_physdefbase"",""Value"":""202""},{""Symbol"":""magic_magicdefbase"",""Value"":""202""}]",,"Trên thân mão có họa tiết Thiên cơ tinh đồ, vô cùng huyền diệu."
10110020,Thiên Toàn Mão,10,1,false,62,-1,2,1255,1004,190,false,1,-1,-1,-1,"[{""Symbol"":""magic_physdefbase"",""Value"":""202""},{""Symbol"":""magic_magicdefbase"",""Value"":""202""}]",,"Thân mão có vẽ Thiên toàn tinh đồ, huyền diệu vô cùng."
10110021,Thiên Quyền Mão,10,1,false,62,-1,2,1255,1004,190,false,1,-1,-1,-1,"[{""Symbol"":""magic_physdefbase"",""Value"":""202""},{""Symbol"":""magic_magicdefbase"",""Value"":""202""}]",,"Thân mão có vẽ Thiên quyền tinh đồ, huyền diệu vô cùng."
10110022,Dao Quang Mão,10,1,false,62,-1,2,1255,1004,190,false,1,-1,-1,-1,"[{""Symbol"":""magic_physdefbase"",""Value"":""202""},{""Symbol"":""magic_magicdefbase"",""Value"":""202""}]",,"Thân mão có vẽ Dao quang tinh đồ, huyền diệu vô cùng."
10110023,Khai Dương Mão,10,1,false,62,-1,2,1255,1004,190,false,1,-1,-1,-1,"[{""Symbol"":""magic_physdefbase"",""Value"":""202""},{""Symbol"":""magic_magicdefbase"",""Value"":""202""}]",,"Thân mão có vẽ Khai dương tinh đồ, huyền diệu vô cùng."
10110024,Tham Lang Mão,10,1,false,71,-1,2,1640,1312,201,false,1,-1,-1,-1,"[{""Symbol"":""magic_physdefbase"",""Value"":""234""},{""Symbol"":""magic_magicdefbase"",""Value"":""234""}]",,"Dành riêng cho Tham Lang tinh quân, thần khí bao quanh, rực rỡ đẹp mắt."
10110025,Cự Môn Mão,10,1,false,71,-1,2,1640,1312,201,false,1,-1,-1,-1,"[{""Symbol"":""magic_physdefbase"",""Value"":""234""},{""Symbol"":""magic_magicdefbase"",""Value"":""234""}]",,"Dành riêng cho Thần Môn tinh quân, thần khí bao quanh, rực rỡ đẹp mắt."
10110026,Lộc Tồn Mão,10,1,false,71,-1,2,1640,1312,201,false,1,-1,-1,-1,"[{""Symbol"":""magic_physdefbase"",""Value"":""234""},{""Symbol"":""magic_magicdefbase"",""Value"":""234""}]",,"Tương truyền được chế tạo bởi Lộc Tồn Tinh Quân, tiên khí vây quanh, ánh sáng chói mắt."
10110027,Văn Khúc Mão,10,1,false,71,-1,2,1640,1312,201,false,1,-1,-1,-1,"[{""Symbol"":""magic_physdefbase"",""Value"":""234""},{""Symbol"":""magic_magicdefbase"",""Value"":""234""}]",,"Tương truyền được chế tạo bởi Văn KhúcTinh Quân, tiên khí vây quanh, ánh sáng chói mắt."
10110028,Phá Quân Mão,10,1,false,71,-1,2,1640,1312,201,false,1,-1,-1,-1,"[{""Symbol"":""magic_physdefbase"",""Value"":""234""},{""Symbol"":""magic_magicdefbase"",""Value"":""234""}]",,"Tương truyền được chế tạo bởi Phá Quân Tinh Quân, tiên khí vây quanh, ánh sáng chói mắt."
10110029,Vũ Khúc Mão,10,1,false,71,-1,2,1640,1312,201,false,1,-1,-1,-1,"[{""Symbol"":""magic_physdefbase"",""Value"":""234""},{""Symbol"":""magic_magicdefbase"",""Value"":""234""}]",,"Tương truyền được chế tạo bởi Vũ Khúc Tinh Quân, tiên khí vậy quanh, ánh sáng chói mắt."
10110030,Như Lai Mão,10,1,false,76,-1,2,1865,1492,207,false,1,-1,-1,-1,"[{""Symbol"":""magic_physdefbase"",""Value"":""234""},{""Symbol"":""magic_magicdefbase"",""Value"":""234""}]",,"Mão của Như Lai Phật Tổ thất lạc thế gian, kinh văn hộ thể, đao thương bất nhập."
10110031,Long Nữ Mão,10,1,false,76,-1,2,1865,1492,207,false,1,-1,-1,-1,"[{""Symbol"":""magic_physdefbase"",""Value"":""234""},{""Symbol"":""magic_magicdefbase"",""Value"":""234""}]",,"Mão của Đông Vực Long Nữ thất lạc thế gian, kinh văn hộ thể, đao thương bất nhâp."
10110032,Thánh Vũ Mão,10,1,false,76,-1,2,1865,1492,207,false,1,-1,-1,-1,"[{""Symbol"":""magic_physdefbase"",""Value"":""234""},{""Symbol"":""magic_magicdefbase"",""Value"":""234""}]",,"Mão của Thánh Vũ Chân Quân thất lạc thế gian, kinh văn hộ thể, đao thương bất nhập."
10110033,Đạt Ma Mão,10,1,false,76,-1,2,1865,1492,207,false,1,-1,-1,-1,"[{""Symbol"":""magic_physdefbase"",""Value"":""234""},{""Symbol"":""magic_magicdefbase"",""Value"":""234""}]",,"Mão của Đạt Ma Tổ Sư thất lạc thế gian, kinh văn hộ thể, đao thương bất nhập"
10110034,La Hán Mão,10,1,false,76,-1,2,1865,1492,207,false,1,-1,-1,-1,"[{""Symbol"":""magic_physdefbase"",""Value"":""234""},{""Symbol"":""magic_magicdefbase"",""Value"":""234""}]",,"Mão của Hàng Long La Hán thất lạc thế gian, kinh văn hộ thể, đao thương bất nhập."
10110035,Thích Na Mão,10,1,false,76,-1,2,1865,1492,207,false,1,-1,-1,-1,"[{""Symbol"":""magic_physdefbase"",""Value"":""234""},{""Symbol"":""magic_magicdefbase"",""Value"":""234""}]",,"Mão của Hồng Bào Thích Ma thất lạc thế gian, kinh văn hộ thể, đao thương bất nhập"
10110036,Phù Vân Mão,10,1,false,81,-1,2,2240,1792,214,false,1,-1,-1,-1,"[{""Symbol"":""magic_physdefbase"",""Value"":""266""},{""Symbol"":""magic_magicdefbase"",""Value"":""266""}]",,"Không biết được làm ra từ vật chất gì, trên có phù vân thiên trượng, danh động thiên hạ."
10110037,Thần Hành Mão,10,1,false,81,-1,2,2240,1792,214,false,1,-1,-1,-1,"[{""Symbol"":""magic_physdefbase"",""Value"":""266""},{""Symbol"":""magic_magicdefbase"",""Value"":""266""}]",,"Không biết được làm ra từ vật chất gì, trên có long tường vạn lý, danh động thiên hạ."
10110038,Đạp Phong Mão,10,1,false,81,-1,2,2240,1792,214,false,1,-1,-1,-1,"[{""Symbol"":""magic_physdefbase"",""Value"":""266""},{""Symbol"":""magic_magicdefbase"",""Value"":""266""}]",,"Không biết được chế tạo bằng vật chất gì, trên đó Đại bàng triển cánh, uy chấn thiên hạ."
10110039,Truy Nhật Mão,10,1,false,81,-1,2,2240,1792,214,false,1,-1,-1,-1,"[{""Symbol"":""magic_physdefbase"",""Value"":""266""},{""Symbol"":""magic_magicdefbase"",""Value"":""266""}]",,"Không biết được chế tạo bằng vật chất gì, trên đó Phụng hoàng truy nhật, uy chấn thiên hạ."
10110040,Trục Nhật Mão,10,1,false,81,-1,2,2240,1792,214,false,1,-1,-1,-1,"[{""Symbol"":""magic_physdefbase"",""Value"":""266""},{""Symbol"":""magic_magicdefbase"",""Value"":""266""}]",,"Không biết được chế tạo bằng vật chất gì, trên đó Thanh uyên trục nhật, uy chấn thiên hạ."
10110041,Chu Tước Quán,10,1,false,86,-1,2,2590,2072,220,false,1,-1,-1,-1,"[{""Symbol"":""magic_physdefbase"",""Value"":""266""},{""Symbol"":""magic_magicdefbase"",""Value"":""266""}]",,"Mão quán màu hồng, được bảo vệ bởi Chu Tước ở phía Nam, vạn vật bất xâm, pháp lực vô biên."
10110042,Huyền Vũ Quán,10,1,false,86,-1,2,2590,2072,220,false,1,-1,-1,-1,"[{""Symbol"":""magic_physdefbase"",""Value"":""266""},{""Symbol"":""magic_magicdefbase"",""Value"":""266""}]",,"Mão quán màu đen, được bảo vệ bởi Huyền Vũ ở phía Bắc, vạn vật bất xâm, pháp lực vô biên."
10110043,Bạch Hổ Quán,10,1,false,86,-1,2,2590,2072,220,false,1,-1,-1,-1,"[{""Symbol"":""magic_physdefbase"",""Value"":""266""},{""Symbol"":""magic_magicdefbase"",""Value"":""266""}]",,"Mão quán màu trắng, được bảo vệ bởi Bạch Hổ phía Tây, vạn vật bất xâm, pháp lực vô biên."
10110044,Thanh Long Quán,10,1,false,86,-1,2,2590,2072,220,false,1,-1,-1,-1,"[{""Symbol"":""magic_physdefbase"",""Value"":""266""},{""Symbol"":""magic_magicdefbase"",""Value"":""266""}]",,"Mão quán màu xanh, được bảo vệ bởi Thanh Long ở phía Đông, vạn vật bất xâm, pháp lực vô biên."
10110045,Thánh Linh Cân,10,1,false,91,-1,2,3160,2528,226,false,1,-1,-1,-1,"[{""Symbol"":""magic_physdefbase"",""Value"":""298""},{""Symbol"":""magic_magicdefbase"",""Value"":""298""}]",,"Làm từ đá ngũ sắc mà Nữ Oa dùng để vá trời, hấp thụ tinh hoa mặt trăng mặt trời, nguồn lực linh thiêng vô biên."
10110046,U Minh Quán,10,1,false,91,-1,2,3160,2528,226,false,1,-1,-1,-1,"[{""Symbol"":""magic_physdefbase"",""Value"":""298""},{""Symbol"":""magic_magicdefbase"",""Value"":""298""}]",,"Đến từ âm phủ, được luyện bởi lửa âm phủ mà thành, oán khí đậm đặc, ma lực mạnh mẽ."
10110047,Lân Mân Mão,10,1,false,91,-1,2,3160,2528,226,false,1,-1,-1,-1,"[{""Symbol"":""magic_physdefbase"",""Value"":""298""},{""Symbol"":""magic_magicdefbase"",""Value"":""298""}]",,"Vật phẩm được Phật gia quý trọng nhất, có thể cảm ứng lẫn nhau với người sử dụng."
10110048,Nghê Vân Vũ Quán,10,1,false,96,-1,2,3560,2848,232,false,1,-1,-1,-1,"[{""Symbol"":""magic_physdefbase"",""Value"":""298""},{""Symbol"":""magic_magicdefbase"",""Value"":""298""}]",,"Nghe nói Cửu Thiên Huyền Nữ sử dụng khi múa cầu phúc, là cực phẩm có thể gặp nhưng không thể cầu."
10110049,Cửu Bảo Thiên Cân,10,1,false,96,-1,2,3560,2848,232,false,1,-1,-1,-1,"[{""Symbol"":""magic_physdefbase"",""Value"":""298""},{""Symbol"":""magic_magicdefbase"",""Value"":""298""}]",,"Trên đó có Cửu Bảo Hoa Văn, chịu sự ngưng luyện của thiên địa tinh hoa, sức mạnh dị thường."
10110050,Qui Nguyên Thần Quán,10,1,false,96,-1,2,3560,2848,232,false,1,-1,-1,-1,"[{""Symbol"":""magic_physdefbase"",""Value"":""298""},{""Symbol"":""magic_magicdefbase"",""Value"":""298""}]",,"Cổ vật thượng cổ, được sinh ra từ khi trời đất còn hỗn độn, có tác dụng ngưng thần quy nguyên, khởi tử hồi sinh."
10110051,Mạc Sầu Mạo,10,1,false,102,-1,2,5202,4161,255,false,1,-1,-1,-1,"[{""Symbol"":""magic_physdefbase"",""Value"":""330""},{""Symbol"":""magic_magicdefbase"",""Value"":""330""}]",,"Được truyền từ thiên cơ tiên nhân sở tạo, điểm hóa tiên khí, làm cho người tam sinh vô hận ưu sầu."
10110052,Khổng Vũ Quán,10,1,false,112,-1,2,6272,5017,255,false,1,-1,-1,-1,"[{""Symbol"":""magic_physdefbase"",""Value"":""362""},{""Symbol"":""magic_magicdefbase"",""Value"":""362""}]",,"Khổng tước vũ tiễn vũ chế thành, màu sắc huyến lệ, nghe đồn có thể Tụ tập đấu khí của sinh linh, ngoại công dị thường."
10110053,Mão Cấp 130,10,1,false,122,-1,2,7442,5953,255,false,1,-1,-1,-1,"[{""Symbol"":""magic_physdefbase"",""Value"":""394""},{""Symbol"":""magic_magicdefbase"",""Value"":""394""}]",,Mão Cấp 130
10110054,Mão Cấp 140,10,1,false,132,-1,2,8712,6969,255,false,1,-1,-1,-1,"[{""Symbol"":""magic_physdefbase"",""Value"":""426""},{""Symbol"":""magic_magicdefbase"",""Value"":""426""}]",,Mão Cấp 140
10110055,Mão Cấp 150,10,1,false,142,-1,2,10082,8065,255,false,1,-1,-1,-1,"[{""Symbol"":""magic_physdefbase"",""Value"":""458""},{""Symbol"":""magic_magicdefbase"",""Value"":""458""}]",,Mão Cấp 150
10110100,Phá Đầu Cân,10,1,false,1,-1,2,20,16,114,false,1,-1,-1,-1,"[{""Symbol"":""magic_physdefbase"",""Value"":""26""},{""Symbol"":""magic_magicdefbase"",""Value"":""26""}]",,"Dụng cụ phòng bị của tân thủ, không có giá trị gì."
10111000,Triền Cước,11,4,false,1,-1,2,20,16,114,false,1,-1,-1,-1,"[{""Symbol"":""magic_physdefbase"",""Value"":""26""},{""Symbol"":""magic_magicdefbase"",""Value"":""26""}]",,"Dụng phòng bị sơ cấp nhất, rất thường gặp, cực kỳ bình thường."
10111001,Bố Hài,11,4,false,4,-1,2,50,40,117,false,1,-1,-1,-1,"[{""Symbol"":""magic_physdefbase"",""Value"":""26""},{""Symbol"":""magic_magicdefbase"",""Value"":""26""}]",,"Hài được làm bằng vải thô, phòng ngự bình thường."
10111002,Ma Bố Hài,11,4,false,4,-1,2,50,40,117,false,1,-1,-1,-1,"[{""Symbol"":""magic_physdefbase"",""Value"":""26""},{""Symbol"":""magic_magicdefbase"",""Value"":""26""}]",,"Hài được làm từ vải đay, thích hợp sử dụng cho người mới gia nhập giang hồ."
10111003,Miên Bố Hài,11,4,false,4,-1,2,50,40,117,false,1,-1,-1,-1,"[{""Symbol"":""magic_physdefbase"",""Value"":""26""},{""Symbol"":""magic_magicdefbase"",""Value"":""26""}]",,"Được làm từ vải bông chất lượng tốt, nhẹ nhàng dễ chịu."
10111004,Sa Nhung Hài,11,4,false,14,-1,2,115,92,130,false,1,-1,-1,-1,"[{""Symbol"":""magic_physdefbase"",""Value"":""42""},{""Symbol"":""magic_magicdefbase"",""Value"":""42""}]",,"Hài được làm từ vải nhung, tinh xảo vô cùng, hoa mỹ dễ chịu."
10111005,Quyên Ty Hài,11,4,false,14,-1,2,115,92,130,false,1,-1,-1,-1,"[{""Symbol"":""magic_physdefbase"",""Value"":""42""},{""Symbol"":""magic_magicdefbase"",""Value"":""42""}]",,"Hài làm bằng tơ, tinh xảo vô cùng, hoa mỹ đễ chịu."
10111006,Cẩm Bạch Hài,11,4,false,24,-1,2,195,156,142,false,1,-1,-1,-1,"[{""Symbol"":""magic_physdefbase"",""Value"":""74""},{""Symbol"":""magic_magicdefbase"",""Value"":""74""}]",,"Hài được làm bằng gấm, mỹ luân mỹ hoán, điển nhã hoa quý."
10111007,Ty Trừu Hài,11,4,false,24,-1,2,195,156,142,false,1,-1,-1,-1,"[{""Symbol"":""magic_physdefbase"",""Value"":""74""},{""Symbol"":""magic_magicdefbase"",""Value"":""74""}]",,"Hài được làm bằng lụa, mỹ luân mỹ hoán, điển nhã hoa quý."
10111008,Lăng La Hài,11,4,false,24,-1,2,195,156,142,false,1,-1,-1,-1,"[{""Symbol"":""magic_physdefbase"",""Value"":""74""},{""Symbol"":""magic_magicdefbase"",""Value"":""74""}]",,"Hài làm bằng Lăng la, mỹ luân mỹ hoán, thoải mái phóng khoáng."
10111009,Lang Nha Hài,11,4,false,34,-1,2,365,292,155,false,1,-1,-1,-1,"[{""Symbol"":""magic_physdefbase"",""Value"":""106""},{""Symbol"":""magic_magicdefbase"",""Value"":""106""}]",,"Hài nạm răng chó sói, sơ lộ phong mang, kiên cố hữu lực."
10111010,Lang Trảo Hài,11,4,false,34,-1,2,365,292,155,false,1,-1,-1,-1,"[{""Symbol"":""magic_physdefbase"",""Value"":""106""},{""Symbol"":""magic_magicdefbase"",""Value"":""106""}]",,"Hài nạm móng vuốt chó sói, sơ lộ phong mãng, kiên cố hữu lực."
10111011,Lang Bì Hài,11,4,false,34,-1,2,365,292,155,false,1,-1,-1,-1,"[{""Symbol"":""magic_physdefbase"",""Value"":""106""},{""Symbol"":""magic_magicdefbase"",""Value"":""106""}]",,"Hài làm bằng da sói, sơ lộ phong mãng, chắc chắn vô cùng."
10111012,Hổ Nha Hài,11,4,false,44,-1,2,610,488,167,false,1,-1,-1,-1,"[{""Symbol"":""magic_physdefbase"",""Value"":""138""},{""Symbol"":""magic_magicdefbase"",""Value"":""138""}]",,"Hài nạm răng hổ, phong mang tất lộ, bá khí thập túc."
10111013,Hổ Trảo Hài,11,4,false,44,-1,2,610,488,167,false,1,-1,-1,-1,"[{""Symbol"":""magic_physdefbase"",""Value"":""138""},{""Symbol"":""magic_magicdefbase"",""Value"":""138""}]",,"Hài nạm móng vuốt hổ, phong mang tất lộ, bá khí thập túc."
10111014,Hổ Bì Hài,11,4,false,44,-1,2,610,488,167,false,1,-1,-1,-1,"[{""Symbol"":""magic_physdefbase"",""Value"":""138""},{""Symbol"":""magic_magicdefbase"",""Value"":""138""}]",,"Hài làm bằng da hổ, sơ lộ phong mãng, ngập tràn bá khí."
10111015,Giao Long Hài,11,4,false,54,-1,2,950,760,180,false,1,-1,-1,-1,"[{""Symbol"":""magic_physdefbase"",""Value"":""170""},{""Symbol"":""magic_magicdefbase"",""Value"":""170""}]",,"Làm từ da thuồng luồng và sợi tơ bạc, cảm giác mềm mại khi tiếp xúc, có khả năng phòng ngự rất tốt."
10111016,Ô Tằm Hài,11,4,false,54,-1,2,950,760,180,false,1,-1,-1,-1,"[{""Symbol"":""magic_physdefbase"",""Value"":""170""},{""Symbol"":""magic_magicdefbase"",""Value"":""170""}]",,"Làm từ tơ tằm đen và sợi tơ bạc, cảm giác mềm mại khi tiếp xúc, có khả năng phòng ngự rất tốt."
10111017,Mãng Xà Hài,11,4,false,54,-1,2,950,760,180,false,1,-1,-1,-1,"[{""Symbol"":""magic_physdefbase"",""Value"":""170""},{""Symbol"":""magic_magicdefbase"",""Value"":""170""}]",,"Hợp thành da của mãng xà và sợi Ngân ty, cảm giác mềm mại, có sức phòng ngự rất mạnh."
10111018,Thiên Khu Hài,11,4,false,64,-1,2,1325,1060,192,false,1,-1,-1,-1,"[{""Symbol"":""magic_physdefbase"",""Value"":""202""},{""Symbol"":""magic_magicdefbase"",""Value"":""202""}]",,"Trên hài có vẽ Thiên Khu Tinh Đồ, huyền diệu vô cùng."
10111019,Thiên Cơ Hài,11,4,false,64,-1,2,1325,1060,192,false,1,-1,-1,-1,"[{""Symbol"":""magic_physdefbase"",""Value"":""202""},{""Symbol"":""magic_magicdefbase"",""Value"":""202""}]",,"Trên Hài có vẽ Thiên cơ Tinh Đồ, huyền diệu vô cùng."
10111020,Thiên Toàn Hài,11,4,false,64,-1,2,1325,1060,192,false,1,-1,-1,-1,"[{""Symbol"":""magic_physdefbase"",""Value"":""202""},{""Symbol"":""magic_magicdefbase"",""Value"":""202""}]",,"Thân hài có vẽ Thiên Toàn Tinh Đồ, huyền diệu vô cùng."
10111021,Thiên Quyền Hài,11,4,false,64,-1,2,1325,1060,192,false,1,-1,-1,-1,"[{""Symbol"":""magic_physdefbase"",""Value"":""202""},{""Symbol"":""magic_magicdefbase"",""Value"":""202""}]",,"Thân hài có vẽ Thiên Quyền Tinh Đồ, huyền diệu vô cùng."
10111022,Dao Quang Hài,11,4,false,64,-1,2,1325,1060,192,false,1,-1,-1,-1,"[{""Symbol"":""magic_physdefbase"",""Value"":""202""},{""Symbol"":""magic_magicdefbase"",""Value"":""202""}]",,"Thân hài có vẽ Dao Quang Tinh Đồ, huyền diệu vô cùng."
10111023,Khai Dương Hài,11,4,false,64,-1,2,1325,1060,192,false,1,-1,-1,-1,"[{""Symbol"":""magic_physdefbase"",""Value"":""202""},{""Symbol"":""magic_magicdefbase"",""Value"":""202""}]",,"Thân hài có vẽ Khai Dương Tinh Đồ, huyền diệu vô cùng."
10111024,Tham Lang Hài,11,4,false,72,-1,2,1685,1348,202,false,1,-1,-1,-1,"[{""Symbol"":""magic_physdefbase"",""Value"":""234""},{""Symbol"":""magic_magicdefbase"",""Value"":""234""}]",,"Dành riêng cho Tham Lang tinh quân, thần khí bao quanh, rực rỡ đẹp mắt."
10111025,Cự Môn Hài,11,4,false,72,-1,2,1685,1348,202,false,1,-1,-1,-1,"[{""Symbol"":""magic_physdefbase"",""Value"":""234""},{""Symbol"":""magic_magicdefbase"",""Value"":""234""}]",,"Dành riêng cho Thần Môn tinh quân, thần khí bao quanh, rực rỡ đẹp mắt."
10111026,Lộc Tồn Hài,11,4,false,72,-1,2,1685,1348,202,false,1,-1,-1,-1,"[{""Symbol"":""magic_physdefbase"",""Value"":""234""},{""Symbol"":""magic_magicdefbase"",""Value"":""234""}]",,"Tương truyền được chế tạo bởi Lộc Tồn Tinh Quân, tiên khí vây quanh, ánh sáng chói mắt."
10111027,Văn Khúc Hài,11,4,false,72,-1,2,1685,1348,202,false,1,-1,-1,-1,"[{""Symbol"":""magic_physdefbase"",""Value"":""234""},{""Symbol"":""magic_magicdefbase"",""Value"":""234""}]",,"Tương truyền được chế tạo bởi Văn KhúcTinh Quân, tiên khí vây quanh, ánh sáng chói mắt."
10111028,Phá Quân Hài,11,4,false,72,-1,2,1685,1348,202,false,1,-1,-1,-1,"[{""Symbol"":""magic_physdefbase"",""Value"":""234""},{""Symbol"":""magic_magicdefbase"",""Value"":""234""}]",,"Tương truyền được chế tạo bởi Phá Quân Tinh Quân, tiên khí vây quanh, ánh sáng chói mắt."
10111029,Vũ Khúc Hài,11,4,false,72,-1,2,1685,1348,202,false,1,-1,-1,-1,"[{""Symbol"":""magic_physdefbase"",""Value"":""234""},{""Symbol"":""magic_magicdefbase"",""Value"":""234""}]",,"Tương truyền được chế tạo bởi Vũ Khúc Tinh Quân, tiên khí vậy quanh, ánh sáng chói mắt."
10111030,Như Lai Hài,11,4,false,77,-1,2,1910,1528,209,false,1,-1,-1,-1,"[{""Symbol"":""magic_physdefbase"",""Value"":""234""},{""Symbol"":""magic_magicdefbase"",""Value"":""234""}]",,"Hài của Như Lai Phật Tổ thất lạc thế gian, kinh văn hộ thể, đao thương bất nhập."
10111031,Long Nữ Hài,11,4,false,77,-1,2,1910,1528,209,false,1,-1,-1,-1,"[{""Symbol"":""magic_physdefbase"",""Value"":""234""},{""Symbol"":""magic_magicdefbase"",""Value"":""234""}]",,"Hài của Đông Vực Long Nữ thất lạc thế gian, kinh văn hộ thể, đao thương bất nhập."
10111032,Thánh Vũ Hài,11,4,false,77,-1,2,1910,1528,209,false,1,-1,-1,-1,"[{""Symbol"":""magic_physdefbase"",""Value"":""234""},{""Symbol"":""magic_magicdefbase"",""Value"":""234""}]",,"Hài của Thánh Vũ Chân Quân thất lạc thế gian, kinh văn hộ thể, đao thương bất nhập."
10111033,Đa Ma Hài,11,4,false,77,-1,2,1910,1528,209,false,1,-1,-1,-1,"[{""Symbol"":""magic_physdefbase"",""Value"":""234""},{""Symbol"":""magic_magicdefbase"",""Value"":""234""}]",,"Hài của Đạt Ma Tổ Sư thất lạc thế gian, kinh văn hộ thể, đao thương bất nhập."
10111034,La Hán Hài,11,4,false,77,-1,2,1910,1528,209,false,1,-1,-1,-1,"[{""Symbol"":""magic_physdefbase"",""Value"":""234""},{""Symbol"":""magic_magicdefbase"",""Value"":""234""}]",,"Hài của Hàng Long La Hán thất lạc thế gian, kinh văn hộ thể, đao thương bất nhập."
10111035,Thích Ma Ngoa,11,4,false,77,-1,2,1910,1528,209,false,1,-1,-1,-1,"[{""Symbol"":""magic_physdefbase"",""Value"":""234""},{""Symbol"":""magic_magicdefbase"",""Value"":""234""}]",,"Hài Hồng Bào Thích Ma thất lạc thế gian, kinh văn hộ thể, đao thương bất nhập"
10111036,Phù Vân Ngoa,11,4,false,82,-1,2,2310,1848,215,false,1,-1,-1,-1,"[{""Symbol"":""magic_physdefbase"",""Value"":""266""},{""Symbol"":""magic_magicdefbase"",""Value"":""266""}]",,"Không biết được làm ra từ vật chất gì, trên có phù vân thiên trượng, danh động thiên hạ."
10111037,Thân Hành Ngoa,11,4,false,82,-1,2,2310,1848,215,false,1,-1,-1,-1,"[{""Symbol"":""magic_physdefbase"",""Value"":""266""},{""Symbol"":""magic_magicdefbase"",""Value"":""266""}]",,"Không biết được làm ra từ vật chất gì, trên có long tường vạn lý, danh động thiên hạ."
10111038,Đạp Nguyệt Ngoa,11,4,false,82,-1,2,2310,1848,215,false,1,-1,-1,-1,"[{""Symbol"":""magic_physdefbase"",""Value"":""266""},{""Symbol"":""magic_magicdefbase"",""Value"":""266""}]",,"Không biết được chế tạo bằng vật chất gì, trên đó Đại bàng triển cánh, uy chấn thiên hạ."
10111039,Truy Nguyệt Ngoa,11,4,false,82,-1,2,2310,1848,215,false,1,-1,-1,-1,"[{""Symbol"":""magic_physdefbase"",""Value"":""266""},{""Symbol"":""magic_magicdefbase"",""Value"":""266""}]",,"Không biết được chế tạo bằng vật chất gì, trên đó Phụng hoàng truy nhật, uy chấn thiên hạ."
10111040,Tục Nguyệt Ngoa,11,4,false,82,-1,2,2310,1848,215,false,1,-1,-1,-1,"[{""Symbol"":""magic_physdefbase"",""Value"":""266""},{""Symbol"":""magic_magicdefbase"",""Value"":""266""}]",,"Không biết được chế tạo bằng vật chất gì, trên đó Thanh uyên trục nhật, uy chấn thiên hạ."
10111041,Chu Tước Ngoa,11,4,false,87,-1,2,2660,2128,221,false,1,-1,-1,-1,"[{""Symbol"":""magic_physdefbase"",""Value"":""266""},{""Symbol"":""magic_magicdefbase"",""Value"":""266""}]",,"Ngoa màu hồng, được bảo vệ bởi Chu Tước ở phía Nam, vạn vật bất xâm, pháp lực vô biên."
10111042,Huyền Vũ Ngoa,11,4,false,87,-1,2,2660,2128,221,false,1,-1,-1,-1,"[{""Symbol"":""magic_physdefbase"",""Value"":""266""},{""Symbol"":""magic_magicdefbase"",""Value"":""266""}]",,"Ngoa màu đen, được vệ bởi Huyền Vũ ở phía Bắc, vạn vật bất xâm, pháp lực vô biên."
10111043,Bạch Hổ Ngoa,11,4,false,87,-1,2,2660,2128,221,false,1,-1,-1,-1,"[{""Symbol"":""magic_physdefbase"",""Value"":""266""},{""Symbol"":""magic_magicdefbase"",""Value"":""266""}]",,"Ngoa màu trắng, được vệ bởi Bạch Hổ phía Tây, vạn vật bất xâm, pháp lực vô biên."
10111044,Thanh Long Ngoa,11,4,false,87,-1,2,2660,2128,221,false,1,-1,-1,-1,"[{""Symbol"":""magic_physdefbase"",""Value"":""266""},{""Symbol"":""magic_magicdefbase"",""Value"":""266""}]",,"Ngoa màu xanh, được vệ bởi Thanh Long ở phía Đông, vạn vật bất xâm, pháp lực vô biên."
10111045,Thánh Linh Chiến Ngoa,11,4,false,92,-1,2,3240,2592,227,false,1,-1,-1,-1,"[{""Symbol"":""magic_physdefbase"",""Value"":""298""},{""Symbol"":""magic_magicdefbase"",""Value"":""298""}]",,"Làm từ đá ngũ sắc mà Nữ Oa dùng để vá trời, hấp thụ tinh hoa mặt trăng mặt trời, nguồn lực linh thiêng vô biên."
10111046,U Minh Ma Ngoa,11,4,false,92,-1,2,3240,2592,227,false,1,-1,-1,-1,"[{""Symbol"":""magic_physdefbase"",""Value"":""298""},{""Symbol"":""magic_magicdefbase"",""Value"":""298""}]",,"Đến từ âm phủ, được luyện bởi lửa âm phủ mà thành, oán khí đậm đặc, ma lực mạnh mẽ."
10111047,Lân Mân Ngoa,11,4,false,92,-1,2,3240,2592,227,false,1,-1,-1,-1,"[{""Symbol"":""magic_physdefbase"",""Value"":""298""},{""Symbol"":""magic_magicdefbase"",""Value"":""298""}]",,"Vật phẩm được Phật gia quý trọng nhất, có thể cảm ứng lẫn nhau với người sử dụng."
10111048,Nghê Vân Vũ Ngoa,11,4,false,97,-1,2,3640,2912,234,false,1,-1,-1,-1,"[{""Symbol"":""magic_physdefbase"",""Value"":""298""},{""Symbol"":""magic_magicdefbase"",""Value"":""298""}]",,"Nghe nói Cửu Thiên Huyền Nữ sử dụng khi múa cầu phúc, là cực phẩm có thể gặp nhưng không thể cầu."
10111049,Cửu Bảo Thiên Ngoa,11,4,false,97,-1,2,3640,2912,234,false,1,-1,-1,-1,"[{""Symbol"":""magic_physdefbase"",""Value"":""298""},{""Symbol"":""magic_magicdefbase"",""Value"":""298""}]",,"Trên đó có Cửu Bảo Hoa Văn, chịu sự ngưng luyện của thiên địa tinh hoa, sức mạnh dị thường."
10111050,Qui Nguyên Thần Ngoa,11,4,false,97,-1,2,3640,2912,234,false,1,-1,-1,-1,"[{""Symbol"":""magic_physdefbase"",""Value"":""298""},{""Symbol"":""magic_magicdefbase"",""Value"":""298""}]",,"Cổ vật thượng cổ, được sinh ra từ khi trời đất còn hỗn độn, có tác dụng ngưng thần quy nguyên, khởi tử hồi sinh."
10111051,Khai Nguyên Ngoa,11,4,false,104,-1,2,5408,4326,255,false,1,-1,-1,-1,"[{""Symbol"":""magic_physdefbase"",""Value"":""330""},{""Symbol"":""magic_magicdefbase"",""Value"":""330""}]",,"truyền thiết trong thiên ngoại phi tiên được anh hùng bốn phương tu luyện thành, đạo cụ này có thể bảo hộ cho bản thân mình."
10111052,Thận Lâu Hài,11,4,false,114,-1,2,6498,5198,255,false,1,-1,-1,-1,"[{""Symbol"":""magic_physdefbase"",""Value"":""362""},{""Symbol"":""magic_magicdefbase"",""Value"":""362""}]",,"Cùng thạch lưu nhung hợp với chức cẩm cấu tạo thành, bên trong ẩn chứa 1 loại ngoại công thần mật."
10111053,Ngoa Cấp 130,11,4,false,124,-1,2,7688,6150,255,false,1,-1,-1,-1,"[{""Symbol"":""magic_physdefbase"",""Value"":""394""},{""Symbol"":""magic_magicdefbase"",""Value"":""394""}]",,Ngoa Cấp 130
10111054,Ngoa Cấp 140,11,4,false,134,-1,2,8978,7182,255,false,1,-1,-1,-1,"[{""Symbol"":""magic_physdefbase"",""Value"":""426""},{""Symbol"":""magic_magicdefbase"",""Value"":""426""}]",,Ngoa Cấp 140
10111055,Ngoa Cấp 150,11,4,false,144,-1,2,10368,8294,255,false,1,-1,-1,-1,"[{""Symbol"":""magic_physdefbase"",""Value"":""458""},{""Symbol"":""magic_magicdefbase"",""Value"":""458""}]",,Ngoa Cấp 150
10111100,Phá Triền Cước,11,4,false,1,-1,2,20,16,114,false,1,-1,-1,-1,"[{""Symbol"":""magic_physdefbase"",""Value"":""26""},{""Symbol"":""magic_magicdefbase"",""Value"":""26""}]",,"Phá triền cước, dụng phòng bị của tân thủ, không có giá trị gì."
10112000,Lý Thủ,12,3,false,1,-1,2,20,16,114,false,1,-1,-1,-1,"[{""Symbol"":""magic_physdefbase"",""Value"":""26""},{""Symbol"":""magic_magicdefbase"",""Value"":""26""}]",,"Lý Thủ, dụng phòng bị sơ cấp nhất, rất thường gặp, cực kỳ bình thường."
10112001,Bố Hộ Thủ,12,3,false,6,-1,2,70,56,120,false,1,-1,-1,-1,"[{""Symbol"":""magic_physdefbase"",""Value"":""26""},{""Symbol"":""magic_magicdefbase"",""Value"":""26""}]",,"Hộ thủ được làm bằng vải thô, phòng ngự bình thường."
10112002,Ma Bố Hộ Thủ,12,3,false,6,-1,2,70,56,120,false,1,-1,-1,-1,"[{""Symbol"":""magic_physdefbase"",""Value"":""26""},{""Symbol"":""magic_magicdefbase"",""Value"":""26""}]",,"Hộ Thủ bằng ma bố, thích hợp cho người mới gia nhập giang hồ."
10112003,Miên Bố Hộ Thủ,12,3,false,6,-1,2,70,56,120,false,1,-1,-1,-1,"[{""Symbol"":""magic_physdefbase"",""Value"":""26""},{""Symbol"":""magic_magicdefbase"",""Value"":""26""}]",,"Miên bố hộ thủ được làm từ vải bông chất lượng tốt, nhẹ nhàng dễ chịu."
10112004,Sa Nhung Hộ Thủ,12,3,false,16,-1,2,121,96,132,false,1,-1,-1,-1,"[{""Symbol"":""magic_physdefbase"",""Value"":""42""},{""Symbol"":""magic_magicdefbase"",""Value"":""42""}]",,"Hộ Thủ bằng sa nhung, tinh xảo vô cùng, nho nhã mỹ lệ."
10112005,Quyên Ty Hộ Thủ,12,3,false,16,-1,2,121,96,132,false,1,-1,-1,-1,"[{""Symbol"":""magic_physdefbase"",""Value"":""42""},{""Symbol"":""magic_magicdefbase"",""Value"":""42""}]",,"Hộ Thủ bằng tơ, tinh xảo vô cùng, nho nhã mỹ lệ."
10112006,Cẩm Bạch Hộ Thủ,12,3,false,26,-1,2,221,176,145,false,1,-1,-1,-1,"[{""Symbol"":""magic_physdefbase"",""Value"":""74""},{""Symbol"":""magic_magicdefbase"",""Value"":""74""}]",,"Hộ Thủ bằng gấm, tinh xảo vô cùng, trang nhã sang trọng."
10112007,Ty Trừu Hộ Thủ,12,3,false,26,-1,2,221,176,145,false,1,-1,-1,-1,"[{""Symbol"":""magic_physdefbase"",""Value"":""74""},{""Symbol"":""magic_magicdefbase"",""Value"":""74""}]",,"Hộ Thủ bằng lụa, tinh xảo vô cùng, trang nhã sang trọng."
10112008,Lăng La Hộ Thủ,12,3,false,26,-1,2,221,176,145,false,1,-1,-1,-1,"[{""Symbol"":""magic_physdefbase"",""Value"":""74""},{""Symbol"":""magic_magicdefbase"",""Value"":""74""}]",,"Hộ Thủ bằng lĩnh la, tinh xảo vô cùng, trang nhã sang trọng."
10112009,Lang Nha Hộ Thủ,12,3,false,36,-1,2,399,319,157,false,1,-1,-1,-1,"[{""Symbol"":""magic_physdefbase"",""Value"":""106""},{""Symbol"":""magic_magicdefbase"",""Value"":""106""}]",,"Hộ Thủ khảm nanh sói, thoạt nhìn đã thấy sự sắc sảo, mạnh mẽ vô cùng."
10112010,Lang Trảo Hộ Thủ,12,3,false,36,-1,2,399,319,157,false,1,-1,-1,-1,"[{""Symbol"":""magic_physdefbase"",""Value"":""106""},{""Symbol"":""magic_magicdefbase"",""Value"":""106""}]",,"Hộ Thủ khảm vuốt sói, thoạt nhìn đã thấy sự sắc sảo, mạnh mẽ vô cùng."
10112011,Lang Bì Hộ Thủ,12,3,false,36,-1,2,399,319,157,false,1,-1,-1,-1,"[{""Symbol"":""magic_physdefbase"",""Value"":""106""},{""Symbol"":""magic_magicdefbase"",""Value"":""106""}]",,"Hộ Thủ bằng da sói, thoạt nhìn đã thấy sự sắc sảo, mạnh mẽ vô cùng."
10112012,Hổ Nha Hộ Thủ,12,3,false,46,-1,2,666,532,170,false,1,-1,-1,-1,"[{""Symbol"":""magic_physdefbase"",""Value"":""138""},{""Symbol"":""magic_magicdefbase"",""Value"":""138""}]",,"Hộ Thủ khảm nanh hổ, sắc sảo muôn phần, ba khí hừng hực."
10112013,Hổ Trảo Hộ Thủ,12,3,false,46,-1,2,666,532,170,false,1,-1,-1,-1,"[{""Symbol"":""magic_physdefbase"",""Value"":""138""},{""Symbol"":""magic_magicdefbase"",""Value"":""138""}]",,"Hộ Thủ khảm vuốt hổ, sắc sảo muôn phần, ba khí hừng hực."
10112014,Hổ Bì Hộ Thủ,12,3,false,46,-1,2,666,532,170,false,1,-1,-1,-1,"[{""Symbol"":""magic_physdefbase"",""Value"":""138""},{""Symbol"":""magic_magicdefbase"",""Value"":""138""}]",,"Hộ Thủ bằng da hổ, sắc sảo muôn phần, ba khí hừng hực."
10112015,Giao Long Hộ Thủ,12,3,false,56,-1,2,1010,808,182,false,1,-1,-1,-1,"[{""Symbol"":""magic_physdefbase"",""Value"":""170""},{""Symbol"":""magic_magicdefbase"",""Value"":""170""}]",,"Làm từ da thuồng luồng và sợi tơ bạc, cảm giác mềm mại khi tiếp xúc, có khả năng phòng ngự rất tốt."
10112016,Ô Tằm Hộ Thủ,12,3,false,56,-1,2,1010,808,182,false,1,-1,-1,-1,"[{""Symbol"":""magic_physdefbase"",""Value"":""170""},{""Symbol"":""magic_magicdefbase"",""Value"":""170""}]",,"Làm từ tơ tằm đen và sợi tơ bạc, cảm giác mềm mại khi tiếp xúc, có khả năng phòng ngự rất tốt."
10112017,Mãng Xà Hộ Thủ,12,3,false,56,-1,2,1010,808,182,false,1,-1,-1,-1,"[{""Symbol"":""magic_physdefbase"",""Value"":""170""},{""Symbol"":""magic_magicdefbase"",""Value"":""170""}]",,"Hợp thành da của mãng xà và sợi Ngân ty, cảm giác mềm mại, có sức phòng ngự rất mạnh."
10112018,Thiên Khu Hộ Thủ,12,3,false,66,-1,2,1395,1116,195,false,1,-1,-1,-1,"[{""Symbol"":""magic_physdefbase"",""Value"":""202""},{""Symbol"":""magic_magicdefbase"",""Value"":""202""}]",,"Trên Hộ Thủ có Thiên Xu Tinh Đồ, huyền diệu vô cùng."
10112019,Thiên Cơ Hộ Thủ,12,3,false,66,-1,2,1395,1116,195,false,1,-1,-1,-1,"[{""Symbol"":""magic_physdefbase"",""Value"":""202""},{""Symbol"":""magic_magicdefbase"",""Value"":""202""}]",,"Trên Hộ Thủ có Thiên Ky Tinh Đồ, huyền diệu vô cùng."
10112020,Thiên Toàn Hộ Thủ,12,3,false,66,-1,2,1395,1116,195,false,1,-1,-1,-1,"[{""Symbol"":""magic_physdefbase"",""Value"":""202""},{""Symbol"":""magic_magicdefbase"",""Value"":""202""}]",,"Trên Hộ Thủ có Thiên Tuyền Tinh Đồ, huyền diệu vô cùng."
10112021,Thiên Quyền Hộ Thủ,12,3,false,66,-1,2,1395,1116,195,false,1,-1,-1,-1,"[{""Symbol"":""magic_physdefbase"",""Value"":""202""},{""Symbol"":""magic_magicdefbase"",""Value"":""202""}]",,"Trên Hộ Thủ có Thiên Quyền Tinh Đồ, huyền diệu vô cùng."
10112022,Dao Quang Hộ Thủ,12,3,false,66,-1,2,1395,1116,195,false,1,-1,-1,-1,"[{""Symbol"":""magic_physdefbase"",""Value"":""202""},{""Symbol"":""magic_magicdefbase"",""Value"":""202""}]",,"Trên Hộ Thủ có Dao Quang Tinh Đồ, huyền diệu vô cùng."
10112023,Khai Dương Hộ Thủ,12,3,false,66,-1,2,1395,1116,195,false,1,-1,-1,-1,"[{""Symbol"":""magic_physdefbase"",""Value"":""202""},{""Symbol"":""magic_magicdefbase"",""Value"":""202""}]",,"Trên Hộ Thủ có Khai Dương Tinh Đồ, huyền diệu vô cùng."
10112024,Tham Lang Hộ Thủ,12,3,false,73,-1,2,1730,1384,204,false,1,-1,-1,-1,"[{""Symbol"":""magic_physdefbase"",""Value"":""234""},{""Symbol"":""magic_magicdefbase"",""Value"":""234""}]",,"Dành riêng cho Tham Lang tinh quân, thần khí bao quanh, rực rỡ đẹp mắt."
10112025,Cự Môn Hộ Thủ,12,3,false,73,-1,2,1730,1384,204,false,1,-1,-1,-1,"[{""Symbol"":""magic_physdefbase"",""Value"":""234""},{""Symbol"":""magic_magicdefbase"",""Value"":""234""}]",,"Dành riêng cho Thần Môn tinh quân, thần khí bao quanh, rực rỡ đẹp mắt."
10112026,Lộc Tồn Hộ Thủ,12,3,false,73,-1,2,1730,1384,204,false,1,-1,-1,-1,"[{""Symbol"":""magic_physdefbase"",""Value"":""234""},{""Symbol"":""magic_magicdefbase"",""Value"":""234""}]",,"Tương truyền được chế tạo bởi Lộc Tồn Tinh Quân, tiên khí vây quanh, ánh sáng chói mắt."
10112027,Văn Khúc Hộ Thủ,12,3,false,73,-1,2,1730,1384,204,false,1,-1,-1,-1,"[{""Symbol"":""magic_physdefbase"",""Value"":""234""},{""Symbol"":""magic_magicdefbase"",""Value"":""234""}]",,"Tương truyền được chế tạo bởi Văn KhúcTinh Quân, tiên khí vây quanh, ánh sáng chói mắt."
10112028,Phá Quân Hộ Thủ,12,3,false,73,-1,2,1730,1384,204,false,1,-1,-1,-1,"[{""Symbol"":""magic_physdefbase"",""Value"":""234""},{""Symbol"":""magic_magicdefbase"",""Value"":""234""}]",,"Tương truyền được chế tạo bởi Phá Quân Tinh Quân, tiên khí vây quanh, ánh sáng chói mắt."
10112029,Vũ Khúc Hộ Thủ,12,3,false,73,-1,2,1730,1384,204,false,1,-1,-1,-1,"[{""Symbol"":""magic_physdefbase"",""Value"":""234""},{""Symbol"":""magic_magicdefbase"",""Value"":""234""}]",,"Tương truyền được chế tạo bởi Vũ Khúc Tinh Quân, tiên khí vậy quanh, ánh sáng chói mắt."
10112030,Như Lai Hộ Thủ,12,3,false,78,-1,2,1955,1564,210,false,1,-1,-1,-1,"[{""Symbol"":""magic_physdefbase"",""Value"":""234""},{""Symbol"":""magic_magicdefbase"",""Value"":""234""}]",,"Hộ Thủ của Như Lai Phật Tổ thất lạc trong nhân gian, kinh văn hộ thể, đao thương bất nhập"
10112031,Long Nữ Hộ Thủ,12,3,false,78,-1,2,1955,1564,210,false,1,-1,-1,-1,"[{""Symbol"":""magic_physdefbase"",""Value"":""234""},{""Symbol"":""magic_magicdefbase"",""Value"":""234""}]",,"Hộ Thủ của Đông Vực Long Nữ thất lạc trong nhân gian, kinh văn hộ thể, đao thương bất nhập"
10112032,Thánh Vũ Hộ Thủ,12,3,false,78,-1,2,1955,1564,210,false,1,-1,-1,-1,"[{""Symbol"":""magic_physdefbase"",""Value"":""234""},{""Symbol"":""magic_magicdefbase"",""Value"":""234""}]",,"Hộ Thủ của Thánh Võ Chân Quân thất lạc trong nhân gian, kinh văn hộ thể, đao thương bất nhập"
10112033,Đa Ma Hộ Thủ,12,3,false,78,-1,2,1955,1564,210,false,1,-1,-1,-1,"[{""Symbol"":""magic_physdefbase"",""Value"":""234""},{""Symbol"":""magic_magicdefbase"",""Value"":""234""}]",,"Hộ Thủ của Đạt Ma Tổ Sư thất lạc trong nhân gian, kinh văn hộ thể, đao thương bất nhập"
10112034,La Hán Hộ Thủ,12,3,false,78,-1,2,1955,1564,210,false,1,-1,-1,-1,"[{""Symbol"":""magic_physdefbase"",""Value"":""234""},{""Symbol"":""magic_magicdefbase"",""Value"":""234""}]",,"Hộ Thủ của Giáng Long La Hán thất lạc trong nhân gian, kinh văn hộ thể, đao thương bất nhập"
10112035,Thích Ma Hộ Thủ,12,3,false,78,-1,2,1955,1564,210,false,1,-1,-1,-1,"[{""Symbol"":""magic_physdefbase"",""Value"":""234""},{""Symbol"":""magic_magicdefbase"",""Value"":""234""}]",,"Hộ Thủ của Hồng Bào Lạc Ma thất lạc trong nhân gian, kinh văn hộ thể, đao thương bất nhập"
10112036,Phù Vân Hộ Thủ,12,3,false,83,-1,2,2380,1904,216,false,1,-1,-1,-1,"[{""Symbol"":""magic_physdefbase"",""Value"":""266""},{""Symbol"":""magic_magicdefbase"",""Value"":""266""}]",,"Không biết được làm ra từ vật chất gì, trên có phù vân thiên trượng, danh động thiên hạ."
10112037,Thân Hành Hộ Thủ,12,3,false,83,-1,2,2380,1904,216,false,1,-1,-1,-1,"[{""Symbol"":""magic_physdefbase"",""Value"":""266""},{""Symbol"":""magic_magicdefbase"",""Value"":""266""}]",,"Không biết được làm ra từ vật chất gì, trên có long tường vạn lý, danh động thiên hạ."
10112038,Đạp Nguyệt Hộ Thủ,12,3,false,83,-1,2,2380,1904,216,false,1,-1,-1,-1,"[{""Symbol"":""magic_physdefbase"",""Value"":""266""},{""Symbol"":""magic_magicdefbase"",""Value"":""266""}]",,"Không biết được chế tạo bằng vật chất gì, trên đó Đại bàng triển cánh, uy chấn thiên hạ."
10112039,Truy Nguyệt Hộ Thủ,12,3,false,83,-1,2,2380,1904,216,false,1,-1,-1,-1,"[{""Symbol"":""magic_physdefbase"",""Value"":""266""},{""Symbol"":""magic_magicdefbase"",""Value"":""266""}]",,"Không biết được chế tạo bằng vật chất gì, trên đó Phụng hoàng truy nhật, uy chấn thiên hạ."
10112040,Tục Nguyệt Hộ Thủ,12,3,false,83,-1,2,2380,1904,216,false,1,-1,-1,-1,"[{""Symbol"":""magic_physdefbase"",""Value"":""266""},{""Symbol"":""magic_magicdefbase"",""Value"":""266""}]",,"Không biết được chế tạo bằng vật chất gì, trên đó Thanh uyên trục nhật, uy chấn thiên hạ."
10112041,Chu Tước Hộ Thủ,12,3,false,88,-1,2,2730,2184,222,false,1,-1,-1,-1,"[{""Symbol"":""magic_physdefbase"",""Value"":""266""},{""Symbol"":""magic_magicdefbase"",""Value"":""266""}]",,"Hồng Sắc Hộ Thủ, là vật bảo vệ Chu Tước phía nam, vạn vật bất xâm, pháp lực vô biên"
10112042,Huyền Vũ Hộ Thủ,12,3,false,88,-1,2,2730,2184,222,false,1,-1,-1,-1,"[{""Symbol"":""magic_physdefbase"",""Value"":""266""},{""Symbol"":""magic_magicdefbase"",""Value"":""266""}]",,"Hắc Sắc Hộ Thủ, là vật bảo vệ Huyền Vũ phía bắc, vạn vật bất xâm, pháp lực vô biên"
10112043,Bạch Hổ Hộ Thủ,12,3,false,88,-1,2,2730,2184,222,false,1,-1,-1,-1,"[{""Symbol"":""magic_physdefbase"",""Value"":""266""},{""Symbol"":""magic_magicdefbase"",""Value"":""266""}]",,"Bạch Sắc Hộ Thủ, là vật bảo vệ Bạch Hổ phía tây, vạn vật bất xâm, pháp lực vô biên"
10112044,Thanh Long Hộ Thủ,12,3,false,88,-1,2,2730,2184,222,false,1,-1,-1,-1,"[{""Symbol"":""magic_physdefbase"",""Value"":""266""},{""Symbol"":""magic_magicdefbase"",""Value"":""266""}]",,"Thanh Sắc Hộ Thủ, là vật bảo vệ Thanh Long phía đông, vạn vật bất xâm, pháp lực vô biên"
10112045,Thánh Linh Chiến Hộ Thủ,12,3,false,93,-1,2,3320,2656,229,false,1,-1,-1,-1,"[{""Symbol"":""magic_physdefbase"",""Value"":""298""},{""Symbol"":""magic_magicdefbase"",""Value"":""298""}]",,"Làm từ đá ngũ sắc mà Nữ Oa dùng để vá trời, hấp thụ tinh hoa mặt trăng mặt trời, nguồn lực linh thiêng vô biên."
10112046,U Minh Ma Hộ Thủ,12,3,false,93,-1,2,3320,2656,229,false,1,-1,-1,-1,"[{""Symbol"":""magic_physdefbase"",""Value"":""298""},{""Symbol"":""magic_magicdefbase"",""Value"":""298""}]",,"Đến từ âm phủ, được luyện bởi lửa âm phủ mà thành, oán khí đậm đặc, ma lực mạnh mẽ."
10112047,Lân Mân Hộ Thủ,12,3,false,93,-1,2,3320,2656,229,false,1,-1,-1,-1,"[{""Symbol"":""magic_physdefbase"",""Value"":""298""},{""Symbol"":""magic_magicdefbase"",""Value"":""298""}]",,"Vật phẩm được Phật gia quý trọng nhất, có thể cảm ứng lẫn nhau với người sử dụng."
10112048,Nghê Vân Vũ Hộ Thủ,12,3,false,98,-1,2,3720,2976,235,false,1,-1,-1,-1,"[{""Symbol"":""magic_physdefbase"",""Value"":""298""},{""Symbol"":""magic_magicdefbase"",""Value"":""298""}]",,"Nghe nói Cửu Thiên Huyền Nữ sử dụng khi múa cầu phúc, là cực phẩm có thể gặp nhưng không thể cầu."
10112049,Cửu Bảo Thiên Hộ Thủ,12,3,false,98,-1,2,3720,2976,235,false,1,-1,-1,-1,"[{""Symbol"":""magic_physdefbase"",""Value"":""298""},{""Symbol"":""magic_magicdefbase"",""Value"":""298""}]",,"Trên đó có Cửu Bảo Hoa Văn, chịu sự ngưng luyện của thiên địa tinh hoa, sức mạnh dị thường."
10112050,Qui Nguyên Thần Hộ Thủ,12,3,false,98,-1,2,3720,2976,235,false,1,-1,-1,-1,"[{""Symbol"":""magic_physdefbase"",""Value"":""298""},{""Symbol"":""magic_magicdefbase"",""Value"":""298""}]",,"Cổ vật thượng cổ, được sinh ra từ khi trời đất còn hỗn độn, có tác dụng ngưng thần quy nguyên, khởi tử hồi sinh."
10112051,Lạc Hỏa Hộ Thủ,12,3,false,106,-1,2,5618,4494,255,false,1,-1,-1,-1,"[{""Symbol"":""magic_physdefbase"",""Value"":""330""},{""Symbol"":""magic_magicdefbase"",""Value"":""330""}]",,"Truyền thiết đồn rằng lúc cấu tạo đạo cụ này, được 1 vị tiên nhân hổ trợ thêm phương pháp kỳ lạ, có thể giải trừ những trạng thái không tốt cho bản thân."
10112052,Hung Nô Hộ Thủ,12,3,false,116,-1,2,6728,5382,255,false,1,-1,-1,-1,"[{""Symbol"":""magic_physdefbase"",""Value"":""362""},{""Symbol"":""magic_magicdefbase"",""Value"":""362""}]",,"Kiêu dũng vô địch, được ca tụng như hung nô tinh nhuệ chi sư, Hô hát thiên lý, Huyết chiến bách vạn."
10112053,Găng Tay Cấp 130,12,3,false,126,-1,2,7938,6350,255,false,1,-1,-1,-1,"[{""Symbol"":""magic_physdefbase"",""Value"":""394""},{""Symbol"":""magic_magicdefbase"",""Value"":""394""}]",,Găng Tay Cấp 130
10112054,Găng Tay Cấp 140,12,3,false,136,-1,2,9248,7398,255,false,1,-1,-1,-1,"[{""Symbol"":""magic_physdefbase"",""Value"":""426""},{""Symbol"":""magic_magicdefbase"",""Value"":""426""}]",,Găng Tay Cấp 140
10112055,Găng Tay Cấp 150,12,3,false,146,-1,2,10658,8526,255,false,1,-1,-1,-1,"[{""Symbol"":""magic_physdefbase"",""Value"":""458""},{""Symbol"":""magic_magicdefbase"",""Value"":""458""}]",,Găng Tay Cấp 150
10112100,Phá Lý Thủ,12,3,false,1,-1,2,20,16,114,false,1,-1,-1,-1,"[{""Symbol"":""magic_physdefbase"",""Value"":""26""},{""Symbol"":""magic_magicdefbase"",""Value"":""26""}]",,"Phá lý thủ, vũ khí phòng bị của tân thủ, không có giá trị gì."
10113000,Bố Sam,13,2,false,1,-1,2,20,16,114,false,1,-1,-1,-1,"[{""Symbol"":""magic_physdefbase"",""Value"":""70""},{""Symbol"":""magic_magicdefbase"",""Value"":""70""}]",,"Bố sam, dụng cụ phòng bị sơ cấp nhất, chỗ nào cũng có thể nhìn thấy, cực kỳ phổ thông."
10113001,Bố Y,13,2,false,8,-1,2,90,72,122,false,1,-1,-1,-1,"[{""Symbol"":""magic_physdefbase"",""Value"":""70""},{""Symbol"":""magic_magicdefbase"",""Value"":""70""}]",,"Bố y được làm bằng vải thô, phòng ngự bình thường."
10113002,Ma Bố Y,13,2,false,8,-1,2,90,72,122,false,1,-1,-1,-1,"[{""Symbol"":""magic_physdefbase"",""Value"":""70""},{""Symbol"":""magic_magicdefbase"",""Value"":""70""}]",,"Y phục được làm bằng vải đay, thích hợp cho người mới gia nhập giang hồ sử dụng."
10113003,Miên Bố Y,13,2,false,8,-1,2,90,72,122,false,1,-1,-1,-1,"[{""Symbol"":""magic_physdefbase"",""Value"":""70""},{""Symbol"":""magic_magicdefbase"",""Value"":""70""}]",,"Được làm từ vải bông chất lượng tốt, nhẹ nhàng dễ chịu."
10113004,Sa Nhung Y,13,2,false,18,-1,2,127,101,135,false,1,-1,-1,-1,"[{""Symbol"":""magic_physdefbase"",""Value"":""113""},{""Symbol"":""magic_magicdefbase"",""Value"":""113""}]",,"Y phục làm bằng vải nhung, tinh xảo vô cùng, hoa mỹ dễ chịu."
10113005,Quyên Ty Y,13,2,false,18,-1,2,127,101,135,false,1,-1,-1,-1,"[{""Symbol"":""magic_physdefbase"",""Value"":""113""},{""Symbol"":""magic_magicdefbase"",""Value"":""113""}]",,"Y phục làm bằng vải tơ, tinh xảo vô cùng, hoa mỹ dễ chịu."
10113006,Cẩm Bạch Y,13,2,false,28,-1,2,247,197,147,false,1,-1,-1,-1,"[{""Symbol"":""magic_physdefbase"",""Value"":""198""},{""Symbol"":""magic_magicdefbase"",""Value"":""198""}]",,"Y phục làm bằng vải gấm, mỹ luân mỹ hoán, điển nhã hoa quý."
10113007,Ty Trừu Y,13,2,false,28,-1,2,247,197,147,false,1,-1,-1,-1,"[{""Symbol"":""magic_physdefbase"",""Value"":""198""},{""Symbol"":""magic_magicdefbase"",""Value"":""198""}]",,"Y phục làm bằng lụa, mỹ luân mỹ hoán, điển nhã hoa quý."
10113008,Lăng La Y,13,2,false,28,-1,2,247,197,147,false,1,-1,-1,-1,"[{""Symbol"":""magic_physdefbase"",""Value"":""198""},{""Symbol"":""magic_magicdefbase"",""Value"":""198""}]",,"Y phục làm bằng Lăng La, mỹ luân mỹ hoán, thoải mái phóng khoáng."
10113009,Lang Nha Y,13,2,false,38,-1,2,433,346,160,false,1,-1,-1,-1,"[{""Symbol"":""magic_physdefbase"",""Value"":""283""},{""Symbol"":""magic_magicdefbase"",""Value"":""283""}]",,"Y phục có nạm răng của chú sói, xơ lộ phong mãng, kiên cố hữu lực."
10113010,Lang Trảo Y,13,2,false,38,-1,2,433,346,160,false,1,-1,-1,-1,"[{""Symbol"":""magic_physdefbase"",""Value"":""283""},{""Symbol"":""magic_magicdefbase"",""Value"":""283""}]",,"Y phục có nạm móng vuốt của chú sói, xơ lộ phong mãng, kiên cố hữu lực."
10113011,Lang Bì Y,13,2,false,38,-1,2,433,346,160,false,1,-1,-1,-1,"[{""Symbol"":""magic_physdefbase"",""Value"":""283""},{""Symbol"":""magic_magicdefbase"",""Value"":""283""}]",,"Y phục làm bằng da sói, sơ lộ phong mãng, chắc chắn vô cùng."
10113012,Hổ Nha Y,13,2,false,48,-1,2,722,577,172,false,1,-1,-1,-1,"[{""Symbol"":""magic_physdefbase"",""Value"":""369""},{""Symbol"":""magic_magicdefbase"",""Value"":""369""}]",,"Y phục có nạm răng của hổ, phong mãng tất lộ, bá khí thập túc."
10113013,Hổ Trảo Y,13,2,false,48,-1,2,722,577,172,false,1,-1,-1,-1,"[{""Symbol"":""magic_physdefbase"",""Value"":""369""},{""Symbol"":""magic_magicdefbase"",""Value"":""369""}]",,"Y phục có nạm móng vuốt của hổ, phong mãng tất lộ, bá khí thập túc."
10113014,Hổ Bì Y,13,2,false,48,-1,2,722,577,172,false,1,-1,-1,-1,"[{""Symbol"":""magic_physdefbase"",""Value"":""369""},{""Symbol"":""magic_magicdefbase"",""Value"":""369""}]",,"Y phục làm bằng da hổ, sơ lộ phong mãng, ngập tràn bá khí"
10113015,Giao Long Y,13,2,false,58,-1,2,1070,856,185,false,1,-1,-1,-1,"[{""Symbol"":""magic_physdefbase"",""Value"":""454""},{""Symbol"":""magic_magicdefbase"",""Value"":""454""}]",,"Làm từ da thuồng luồng và sợi tơ bạc, cảm giác mềm mại khi tiếp xúc, có khả năng phòng ngự rất tốt."
10113016,Ô Tàm Y,13,2,false,58,-1,2,1070,856,185,false,1,-1,-1,-1,"[{""Symbol"":""magic_physdefbase"",""Value"":""454""},{""Symbol"":""magic_magicdefbase"",""Value"":""454""}]",,"Làm từ tơ tằm đen và sợi tơ bạc, cảm giác mềm mại khi tiếp xúc, có khả năng phòng ngự rất tốt."
10113017,Mãng Xà Y,13,2,false,58,-1,2,1070,856,185,false,1,-1,-1,-1,"[{""Symbol"":""magic_physdefbase"",""Value"":""454""},{""Symbol"":""magic_magicdefbase"",""Value"":""454""}]",,"Hợp thành da của mãng xà và sợi Ngân ty, cảm giác mềm mại, có sức phòng ngự rất mạnh."
10113018,Thiên Khu Y,13,2,false,68,-1,2,1465,1172,197,false,1,-1,-1,-1,"[{""Symbol"":""magic_physdefbase"",""Value"":""539""},{""Symbol"":""magic_magicdefbase"",""Value"":""539""}]",,"Trên y phục có vẽ Thiên Khu Tinh Đồ, huyền diệu vô cùng."
10113019,Thiên Cơ Y,13,2,false,68,-1,2,1465,1172,197,false,1,-1,-1,-1,"[{""Symbol"":""magic_physdefbase"",""Value"":""539""},{""Symbol"":""magic_magicdefbase"",""Value"":""539""}]",,"Trên y phục có vẽ Thiên Cơ Tinh Đồ, huyền diệu vô cùng."
10113020,Thiên Toàn Y,13,2,false,68,-1,2,1465,1172,197,false,1,-1,-1,-1,"[{""Symbol"":""magic_physdefbase"",""Value"":""539""},{""Symbol"":""magic_magicdefbase"",""Value"":""539""}]",,"Thân áo có vẽ Thiên Toàn Tinh Đồ, huyền diệu vô cùng."
10113021,Thiên Quyền Y,13,2,false,68,-1,2,1465,1172,197,false,1,-1,-1,-1,"[{""Symbol"":""magic_physdefbase"",""Value"":""539""},{""Symbol"":""magic_magicdefbase"",""Value"":""539""}]",,"Thân áo có vẽ Thiên Quyền Tinh Đồ, huyền diệu vô cùng."
10113022,Dao Quang Y,13,2,false,68,-1,2,1465,1172,197,false,1,-1,-1,-1,"[{""Symbol"":""magic_physdefbase"",""Value"":""539""},{""Symbol"":""magic_magicdefbase"",""Value"":""539""}]",,"Thân áo có vẽ Dao Quang Tinh Đồ, huyền diệu vô cùng."
10113023,Khai Dương Y,13,2,false,68,-1,2,1465,1172,197,false,1,-1,-1,-1,"[{""Symbol"":""magic_physdefbase"",""Value"":""539""},{""Symbol"":""magic_magicdefbase"",""Value"":""539""}]",,"Thân áo có vẽ Khai Dương Tinh Đồ, huyền diệu vô cùng."
10113024,Tham Lang Y,13,2,false,74,-1,2,1775,1420,205,false,1,-1,-1,-1,"[{""Symbol"":""magic_physdefbase"",""Value"":""624""},{""Symbol"":""magic_magicdefbase"",""Value"":""624""}]",,"Dành riêng cho Tham Lang tinh quân, thần khí bao quanh, rực rỡ đẹp mắt."
10113025,Cự Môn Y,13,2,false,74,-1,2,1775,1420,205,false,1,-1,-1,-1,"[{""Symbol"":""magic_physdefbase"",""Value"":""624""},{""Symbol"":""magic_magicdefbase"",""Value"":""624""}]",,"Dành riêng cho Thần Môn tinh quân, thần khí bao quanh, rực rỡ đẹp mắt."
10113026,Lộc Tồn Y,13,2,false,74,-1,2,1775,1420,205,false,1,-1,-1,-1,"[{""Symbol"":""magic_physdefbase"",""Value"":""624""},{""Symbol"":""magic_magicdefbase"",""Value"":""624""}]",,"Tương truyền được chế tạo bởi Lộc Tồn Tinh Quân, tiên khí vây quanh, ánh sáng chói mắt."
10113027,Văn Khúc Y,13,2,false,74,-1,2,1775,1420,205,false,1,-1,-1,-1,"[{""Symbol"":""magic_physdefbase"",""Value"":""624""},{""Symbol"":""magic_magicdefbase"",""Value"":""624""}]",,"Tương truyền được chế tạo bởi Văn KhúcTinh Quân, tiên khí vây quanh, ánh sáng chói mắt."
10113028,Phá Quân Y,13,2,false,74,-1,2,1775,1420,205,false,1,-1,-1,-1,"[{""Symbol"":""magic_physdefbase"",""Value"":""624""},{""Symbol"":""magic_magicdefbase"",""Value"":""624""}]",,"Tương truyền được chế tạo bởi Phá Quân Tinh Quân, tiên khí vây quanh, ánh sáng chói mắt."
10113029,Vũ Khúc Y,13,2,false,74,-1,2,1775,1420,205,false,1,-1,-1,-1,"[{""Symbol"":""magic_physdefbase"",""Value"":""624""},{""Symbol"":""magic_magicdefbase"",""Value"":""624""}]",,"Tương truyền được chế tạo bởi Vũ Khúc Tinh Quân, tiên khí vậy quanh, ánh sáng chói mắt."
10113030,Như Lai Y,13,2,false,79,-1,2,2000,1600,211,false,1,-1,-1,-1,"[{""Symbol"":""magic_physdefbase"",""Value"":""624""},{""Symbol"":""magic_magicdefbase"",""Value"":""624""}]",,"Y phục của Như Lai Phật Tổ thất lạc thế gian, kinh văn hộ thể, đao thương bất nhập."
10113031,Long Nữ Y,13,2,false,79,-1,2,2000,1600,211,false,1,-1,-1,-1,"[{""Symbol"":""magic_physdefbase"",""Value"":""624""},{""Symbol"":""magic_magicdefbase"",""Value"":""624""}]",,"Y phục của Đông Vực Long Nữ thất lạc thế gian, kinh văn hộ thể, đao thương bất nhập."
10113032,Thánh Vũ Y,13,2,false,79,-1,2,2000,1600,211,false,1,-1,-1,-1,"[{""Symbol"":""magic_physdefbase"",""Value"":""624""},{""Symbol"":""magic_magicdefbase"",""Value"":""624""}]",,"Y phục của Thánh Vũ Chân Quân thất lạc thế gian, kinh văn hộ thể, đao thương bất nhập."
10113033,Đa Ma Y,13,2,false,79,-1,2,2000,1600,211,false,1,-1,-1,-1,"[{""Symbol"":""magic_physdefbase"",""Value"":""624""},{""Symbol"":""magic_magicdefbase"",""Value"":""624""}]",,"Y phục của Đạt Ma Tổ Sư thất lạc thế gian, kinh văn hộ thể, đao thương bất nhập."
10113034,La Hán Y,13,2,false,79,-1,2,2000,1600,211,false,1,-1,-1,-1,"[{""Symbol"":""magic_physdefbase"",""Value"":""624""},{""Symbol"":""magic_magicdefbase"",""Value"":""624""}]",,"Y phục của Hàng Long La Hán thất lạc thế gian, kinh văn hộ thể, đao thương bất nhập."
10113035,Thích Ma Y,13,2,false,79,-1,2,2000,1600,211,false,1,-1,-1,-1,"[{""Symbol"":""magic_physdefbase"",""Value"":""624""},{""Symbol"":""magic_magicdefbase"",""Value"":""624""}]",,"Y phục của Hồng Bào Thích Ma thất lạc thế gian, kinh văn hộ thể, đao thương bất nhập."
10113036,Phù Vân Y,13,2,false,84,-1,2,2450,1960,217,false,1,-1,-1,-1,"[{""Symbol"":""magic_physdefbase"",""Value"":""709""},{""Symbol"":""magic_magicdefbase"",""Value"":""709""}]",,"Không biết được làm ra từ vật chất gì, trên có phù vân thiên trượng, danh động thiên hạ."
10113037,Thân Hành Y,13,2,false,84,-1,2,2450,1960,217,false,1,-1,-1,-1,"[{""Symbol"":""magic_physdefbase"",""Value"":""709""},{""Symbol"":""magic_magicdefbase"",""Value"":""709""}]",,"Không biết được làm ra từ vật chất gì, trên có long tường vạn lý, danh động thiên hạ."
10113038,Đạp Nguyệt Y,13,2,false,84,-1,2,2450,1960,217,false,1,-1,-1,-1,"[{""Symbol"":""magic_physdefbase"",""Value"":""709""},{""Symbol"":""magic_magicdefbase"",""Value"":""709""}]",,"Không biết được chế tạo bằng vật chất gì, trên đó Đại bàng triển cánh, uy chấn thiên hạ."
10113039,Truy Nguyệt Y,13,2,false,84,-1,2,2450,1960,217,false,1,-1,-1,-1,"[{""Symbol"":""magic_physdefbase"",""Value"":""709""},{""Symbol"":""magic_magicdefbase"",""Value"":""709""}]",,"Không biết được chế tạo bằng vật chất gì, trên đó Phụng hoàng truy nhật, uy chấn thiên hạ."
10113040,Tục Nguyệt Y,13,2,false,84,-1,2,2450,1960,217,false,1,-1,-1,-1,"[{""Symbol"":""magic_physdefbase"",""Value"":""709""},{""Symbol"":""magic_magicdefbase"",""Value"":""709""}]",,"Không biết được chế tạo bằng vật chất gì, trên đó Thanh uyên trục nhật, uy chấn thiên hạ."
10113041,Chu Tước Khôi Giáp,13,2,false,89,-1,2,2800,2240,224,false,1,-1,-1,-1,"[{""Symbol"":""magic_physdefbase"",""Value"":""709""},{""Symbol"":""magic_magicdefbase"",""Value"":""709""}]",,"Khôi giáp màu hồng, được dệt bởi Chu Tước ở phía Nam, vạn vật bất xâm, pháp lực vô biên."
10113042,Huyền Vũ Khôi Giáp,13,2,false,89,-1,2,2800,2240,224,false,1,-1,-1,-1,"[{""Symbol"":""magic_physdefbase"",""Value"":""709""},{""Symbol"":""magic_magicdefbase"",""Value"":""709""}]",,"Khôi giáp màu đen, được dệt bởi Huyền Vũ ở phía Bắc, vạn vật bất xâm, pháp lực vô biên."
10113043,Bạch Hổ Khôi Giáp,13,2,false,89,-1,2,2800,2240,224,false,1,-1,-1,-1,"[{""Symbol"":""magic_physdefbase"",""Value"":""709""},{""Symbol"":""magic_magicdefbase"",""Value"":""709""}]",,"Khôi giáp màu trắng, được dệt bởi Bạch Hổ phía Tây, vạn vật bất xâm, pháp lực vô biên."
10113044,Thanh Long Khôi Giáp,13,2,false,89,-1,2,2800,2240,224,false,1,-1,-1,-1,"[{""Symbol"":""magic_physdefbase"",""Value"":""709""},{""Symbol"":""magic_magicdefbase"",""Value"":""709""}]",,"Khôi giáp màu xanh, được dệt bởi Thanh Long ở phía Đông, vạn vật bất xâm, pháp lực vô biên."
10113045,Thánh Linh Chiến Giáp,13,2,false,94,-1,2,3400,2720,230,false,1,-1,-1,-1,"[{""Symbol"":""magic_physdefbase"",""Value"":""794""},{""Symbol"":""magic_magicdefbase"",""Value"":""794""}]",,"Làm từ đá ngũ sắc mà Nữ Oa dùng để vá trời, hấp thụ tinh hoa mặt trăng mặt trời, nguồn lực linh thiêng vô biên."
10113046,U Minh Ma Giáp,13,2,false,94,-1,2,3400,2720,230,false,1,-1,-1,-1,"[{""Symbol"":""magic_physdefbase"",""Value"":""794""},{""Symbol"":""magic_magicdefbase"",""Value"":""794""}]",,"Đến từ âm phủ, được luyện bởi lửa âm phủ mà thành, oán khí đậm đặc, ma lực mạnh mẽ."
10113047,Lân Mân Giáp,13,2,false,94,-1,2,3400,2720,230,false,1,-1,-1,-1,"[{""Symbol"":""magic_physdefbase"",""Value"":""794""},{""Symbol"":""magic_magicdefbase"",""Value"":""794""}]",,"Vật phẩm được Phật gia quý trọng nhất, có thể cảm ứng lẫn nhau với người sử dụng."
10113048,Nghê Vân Vũ Y,13,2,false,99,-1,2,3800,3040,236,false,1,-1,-1,-1,"[{""Symbol"":""magic_physdefbase"",""Value"":""794""},{""Symbol"":""magic_magicdefbase"",""Value"":""794""}]",,"Nghe nói Cửu Thiên Huyền Nữ sử dụng khi múa cầu phúc, là cực phẩm có thể gặp nhưng không thể cầu."
10113049,Cửu Bảo Thiên Y,13,2,false,99,-1,2,3800,3040,236,false,1,-1,-1,-1,"[{""Symbol"":""magic_physdefbase"",""Value"":""794""},{""Symbol"":""magic_magicdefbase"",""Value"":""794""}]",,"Trên đó có Cửu Bảo Hoa Văn, chịu sự ngưng luyện của thiên địa tinh hoa, sức mạnh dị thường."
10113050,Qui Nguyên Thần Y,13,2,false,99,-1,2,3800,3040,236,false,1,-1,-1,-1,"[{""Symbol"":""magic_physdefbase"",""Value"":""794""},{""Symbol"":""magic_magicdefbase"",""Value"":""794""}]",,"Cổ vật thượng cổ, được sinh ra từ khi trời đất còn hỗn độn, có tác dụng ngưng thần quy nguyên, khởi tử hồi sinh."
10113051,Chiểu Trạch Cừu,13,2,false,108,-1,2,5832,4665,255,false,1,-1,-1,-1,"[{""Symbol"":""magic_physdefbase"",""Value"":""880""},{""Symbol"":""magic_magicdefbase"",""Value"":""880""}]",,"Những độc thi đang trong thời kỳ phủ hóa, đồng thời những con hắc điêu đang triệu hồi những linh hồn cô độc từ những độc thi đó, báo hiệu đây là 1 hung tin."
10113052,Cao Xương Bào,13,2,false,118,-1,2,6962,5569,255,false,1,-1,-1,-1,"[{""Symbol"":""magic_physdefbase"",""Value"":""965""},{""Symbol"":""magic_magicdefbase"",""Value"":""965""}]",,"Cấu tạo bởi Lục nguyệt thái sắc chức cẩm, và cũng là cẩm bào thường dùng của những vị quý tộc Cao Xương, Khí vũ hiên ngang, không gì sánh bằng."
10113053,Hộ Giáp Cấp 130,13,2,false,128,-1,2,8192,6553,255,false,1,-1,-1,-1,"[{""Symbol"":""magic_physdefbase"",""Value"":""1050""},{""Symbol"":""magic_magicdefbase"",""Value"":""1050""}]",,Hộ Giáp Cấp 130
10113054,Hộ Giáp Cấp 140,13,2,false,138,-1,2,9522,7617,255,false,1,-1,-1,-1,"[{""Symbol"":""magic_physdefbase"",""Value"":""1135""},{""Symbol"":""magic_magicdefbase"",""Value"":""1135""}]",,Hộ Giáp Cấp 140
10113055,Hộ Giáp Cấp 150,13,2,false,148,-1,2,10952,8761,255,false,1,-1,-1,-1,"[{""Symbol"":""magic_physdefbase"",""Value"":""1220""},{""Symbol"":""magic_magicdefbase"",""Value"":""1220""}]",,Hộ Giáp Cấp 150
10113100,Phá Bố Sam,13,2,false,1,-1,2,20,16,114,false,1,-1,-1,-1,"[{""Symbol"":""magic_physdefbase"",""Value"":""70""},{""Symbol"":""magic_magicdefbase"",""Value"":""70""}]",,"Phá bố sam, vũ khí phòng bị của tân thủ, không có giá trị gì."
10114000,Miên Bố Hộ Uyển,14,14,false,4,-1,2,20,16,114,false,1,-1,-1,-1,"[{""Symbol"":""magic_hitbase"",""Value"":""60""}]",,"Hộ uyển được làm từ vải bông, thích cho người mới gia nhập giang hồ sử dụng."
10114001,Sa Nhung Hộ Uyển,14,14,false,14,-1,2,70,56,120,false,1,-1,-1,-1,"[{""Symbol"":""magic_hitbase"",""Value"":""100""}]",,"Hộ uyển được làm bằng vải nhung, tinh xảo vô cùng, hoa mỹ dễ chịu"
10114002,Cẩm Bạch Hộ Uyển,14,14,false,24,-1,2,70,56,120,false,1,-1,-1,-1,"[{""Symbol"":""magic_hitbase"",""Value"":""180""}]",,"Hộ uyển được làm bằng gấm, mỹ luân mỹ hoán, điển nhã hoa quý."
10114003,Lăng La Hộ Uyển,14,14,false,34,-1,2,70,56,120,false,1,-1,-1,-1,"[{""Symbol"":""magic_hitbase"",""Value"":""260""}]",,"Hộ uyển làm bằng Lăng la, mỹ luân mỹ hoán, thoải mái phóng khoáng."
10114004,Lang Bì Hộ Uyển,14,14,false,44,-1,2,121,96,132,false,1,-1,-1,-1,"[{""Symbol"":""magic_hitbase"",""Value"":""340""}]",,"Hộ uyển làm bằng da sói, sơ lộ phong mãng, chắc chắn vô cùng."
10114005,Hổ Bì Hộ Uyển,14,14,false,54,-1,2,121,96,132,false,1,-1,-1,-1,"[{""Symbol"":""magic_hitbase"",""Value"":""420""}]",,"Hộ uyển làm bằng da hổ, sơ lộ phong mãng, ngập tràn bá khí."
10114006,Thương Mãng Hộ Uyển,14,14,false,64,-1,2,221,176,145,false,1,-1,-1,-1,"[{""Symbol"":""magic_hitbase"",""Value"":""500""}]",,"Hợp thành da của mãng xà và sợi Ngân ty, cảm giác mềm mại, có sức phòng ngự rất mạnh."
10114007,Thiên Tuyền Hộ Uyển,14,14,false,74,-1,2,221,176,145,false,1,-1,-1,-1,"[{""Symbol"":""magic_hitbase"",""Value"":""580""}]",,"Thân của hộ uyển có vẽ Thiên Toàn Tinh Đồ, huyền diệu vô cùng."
10114008,Dao Quang Hộ Uyển,14,14,false,84,-1,2,221,176,145,false,1,-1,-1,-1,"[{""Symbol"":""magic_hitbase"",""Value"":""660""}]",,"Thân của hộ uyển có vẽ Dao Quang Tinh Đồ, huyền diệu vô cùng."
10114009,Phá Quân Hộ Uyển,14,14,false,94,-1,2,399,319,157,false,1,-1,-1,-1,"[{""Symbol"":""magic_hitbase"",""Value"":""740""}]",,"Tương truyền được chế tạo bởi Phá Quân Tinh Quân, tiên khí vây quanh, ánh sáng chói mắt."
10114010,Lan Thấm Hộ Oản,14,14,false,104,-1,2,5408,4326,255,false,1,-1,-1,-1,"[{""Symbol"":""magic_hitbase"",""Value"":""820""}]",,"Dị hương phiêu lai, quân tử chi hương, thấm nhập tâm phi, chính tâm minh đạo."
10114011,Như Cố Hộ Oản,14,14,false,114,-1,2,6498,5198,255,false,1,-1,-1,-1,"[{""Symbol"":""magic_hitbase"",""Value"":""900""}]",,"Thiên lý tương tống, như thị như cố, nhi hựu hữu văn, ký vu oản thượng."
10114012,Hộ Uyển Cấp 130,14,14,false,124,-1,2,7688,6150,255,false,1,-1,-1,-1,"[{""Symbol"":""magic_hitbase"",""Value"":""980""}]",,Hộ Uyển Cấp 130
10114013,Hộ Uyển Cấp 140,14,14,false,134,-1,2,8978,7182,255,false,1,-1,-1,-1,"[{""Symbol"":""magic_hitbase"",""Value"":""1060""}]",,Hộ Uyển Cấp 140
10114014,Hộ Uyển Cấp 150,14,14,false,144,-1,2,10368,8294,255,false,1,-1,-1,-1,"[{""Symbol"":""magic_hitbase"",""Value"":""1140""}]",,Hộ Uyển Cấp 150
10115000,Miên Bố Hộ Kiên,15,15,false,5,-1,2,20,16,114,false,1,-1,-1,-1,"[{""Symbol"":""magic_physdefbase"",""Value"":""26""},{""Symbol"":""magic_magicdefbase"",""Value"":""26""}]",,"Hộ kiên được làm từ vải bông, thích cho người mới gia nhập giang hồ sử dụng."
10115001,Sa Nhung Hộ Kiên,15,15,false,15,-1,2,70,56,120,false,1,-1,-1,-1,"[{""Symbol"":""magic_physdefbase"",""Value"":""42""},{""Symbol"":""magic_magicdefbase"",""Value"":""42""}]",,"Hộ kiên được làm từ sa nhung, tinh tế vô cùng, hoa lệ thoải mái."
10115002,Cẩm Bạch Hộ Kiên,15,15,false,25,-1,2,70,56,120,false,1,-1,-1,-1,"[{""Symbol"":""magic_physdefbase"",""Value"":""74""},{""Symbol"":""magic_magicdefbase"",""Value"":""74""}]",,"Hộ kiên được làm từ cẩm miên, mỹ luân mỹ hoán, trang nhã phú quý."
10115003,Lăng La Hộ Kiên,15,15,false,35,-1,2,70,56,120,false,1,-1,-1,-1,"[{""Symbol"":""magic_physdefbase"",""Value"":""106""},{""Symbol"":""magic_magicdefbase"",""Value"":""106""}]",,"Hộ kiên được làm từ lăng la, mỹ luân mỹ hoán, trang nhã phú quý."
10115004,Lang Bì Hộ Kiên,15,15,false,45,-1,2,121,96,132,false,1,-1,-1,-1,"[{""Symbol"":""magic_physdefbase"",""Value"":""138""},{""Symbol"":""magic_magicdefbase"",""Value"":""138""}]",,"Hộ kiên làm bằng da sói, sơ lộ phong mãng, chắc chắn vô cùng."
10115005,Hổ Bì Hộ Kiên,15,15,false,55,-1,2,121,96,132,false,1,-1,-1,-1,"[{""Symbol"":""magic_physdefbase"",""Value"":""170""},{""Symbol"":""magic_magicdefbase"",""Value"":""170""}]",,"Hộ kiên làm bằng da hổ, sơ lộ phong mãng, ngập tràn bá khí."
10115006,Thương Mãng Hộ Kiên,15,15,false,65,-1,2,221,176,145,false,1,-1,-1,-1,"[{""Symbol"":""magic_physdefbase"",""Value"":""202""},{""Symbol"":""magic_magicdefbase"",""Value"":""202""}]",,"Hợp thành da của mãng xà và sợi Ngân ty, cảm giác mềm mại, có sức phòng ngự rất mạnh."
10115007,Thiên Tuyền Hộ Kiên,15,15,false,75,-1,2,221,176,145,false,1,-1,-1,-1,"[{""Symbol"":""magic_physdefbase"",""Value"":""234""},{""Symbol"":""magic_magicdefbase"",""Value"":""234""}]",,"Thân của hộ kiên có vẽ Thiên Toàn Tinh Đồ, huyền diệu vô cùng"
10115008,Dao Quang Hộ Kiên,15,15,false,85,-1,2,221,176,145,false,1,-1,-1,-1,"[{""Symbol"":""magic_physdefbase"",""Value"":""266""},{""Symbol"":""magic_magicdefbase"",""Value"":""266""}]",,"Thân của hộ kiên có vẽ Dao Quang Tinh Đồ, huyền diệu vô cùng"
10115009,Phá Quân Hộ Kiên,15,15,false,95,-1,2,399,319,157,false,1,-1,-1,-1,"[{""Symbol"":""magic_physdefbase"",""Value"":""298""},{""Symbol"":""magic_magicdefbase"",""Value"":""298""}]",,"Tương truyền được chế tạo bởi Phá Quân Tinh Quân, tiên khí vây quanh, ánh sáng chói mắt."
10115010,Nạp Lâm Hộ Kiên,15,15,false,105,-1,2,5512,4409,255,false,1,-1,-1,-1,"[{""Symbol"":""magic_physdefbase"",""Value"":""330""},{""Symbol"":""magic_magicdefbase"",""Value"":""330""}]",,"Như thiên lâm điệp hải, thương thúy chi sắc, hộ chân hỏa bất diệt, tu vị chi kiên."
10115011,Thánh Linh Kiên,15,15,false,115,-1,2,6612,5289,255,false,1,-1,-1,-1,"[{""Symbol"":""magic_physdefbase"",""Value"":""362""},{""Symbol"":""magic_magicdefbase"",""Value"":""362""}]",,"Thấp thu linh khí mãn nguyệt, Tứ phúc vô hạn hộ kiên."
10115012,Hộ Kiên Cấp 130,15,15,false,125,-1,2,7812,6249,255,false,1,-1,-1,-1,"[{""Symbol"":""magic_physdefbase"",""Value"":""394""},{""Symbol"":""magic_magicdefbase"",""Value"":""394""}]",,Hộ Kiên Cấp 130
10115013,Hộ Kiên Cấp 140,15,15,false,135,-1,2,9112,7289,255,false,1,-1,-1,-1,"[{""Symbol"":""magic_physdefbase"",""Value"":""426""},{""Symbol"":""magic_magicdefbase"",""Value"":""426""}]",,Hộ Kiên Cấp 140
10115014,Hộ Kiên Cấp 150,15,15,false,145,-1,2,10512,8409,255,false,1,-1,-1,-1,"[{""Symbol"":""magic_physdefbase"",""Value"":""458""},{""Symbol"":""magic_magicdefbase"",""Value"":""458""}]",,Hộ Kiên Cấp 150
10116000,Toại Thạch Đao,16,0,true,1,-1,2,20,16,114,false,1,-1,-1,-1,"[{""Symbol"":""magic_physatkbase"",""Value"":""75""},{""Symbol"":""magic_magicatkbase"",""Value"":""75""}]",,"Vũ khí tân thủ, không có giá trị gì."
10116001,Thạch Anh Đao,16,0,true,10,-1,2,180,144,125,false,1,-1,-1,-1,"[{""Symbol"":""magic_physatkbase"",""Value"":""117""},{""Symbol"":""magic_magicatkbase"",""Value"":""117""}]",,"Thạch Anh Đao có nguyên liệu chính là Thạch Anh, không nặng không nhẹ."
10116002,Tinh Thạch Đao,16,0,true,20,-1,2,540,432,137,false,1,-1,-1,-1,"[{""Symbol"":""magic_physatkbase"",""Value"":""202""},{""Symbol"":""magic_magicatkbase"",""Value"":""202""}]",,"Tinh thạch khảm trên cán đao, lúc vung đao có ánh sáng chói mắt."
10116003,Luyện Cốt Đao,16,0,true,30,-1,2,1150,920,150,false,1,-1,-1,-1,"[{""Symbol"":""magic_physatkbase"",""Value"":""287""},{""Symbol"":""magic_magicatkbase"",""Value"":""287""}]",,"Thân đao dài mảnh, vô cùng sắc bén."
10116004,Tử Cang Đao,16,0,true,40,-1,2,1780,1424,162,false,1,-1,-1,-1,"[{""Symbol"":""magic_physatkbase"",""Value"":""373""},{""Symbol"":""magic_magicatkbase"",""Value"":""373""}]",,"Trường đao được làm từ thép thượng hạng, nặng nề chắc chắn, thích hợp cho người mạnh mẽ."
10116005,Huyền Thiết Đao,16,0,true,50,-1,2,2700,2160,175,false,1,-1,-1,-1,"[{""Symbol"":""magic_physatkbase"",""Value"":""458""},{""Symbol"":""magic_magicatkbase"",""Value"":""458""}]",,"Vũ khí chế tạo cho biên quân, trông có vẻ nhẹ nhưng thật ra cứng cáp vô cùng."
10116006,Ô Kim Đao,16,0,true,60,-1,2,3850,3080,187,false,1,-1,-1,-1,"[{""Symbol"":""magic_physatkbase"",""Value"":""543""},{""Symbol"":""magic_magicatkbase"",""Value"":""543""}]",,"Thân đao màu đen, cán đao khảm vàng, tướng lĩnh trong quân doanh thường dùng."
10116007,Vọng Giang Đao,16,0,true,70,-1,2,5570,4456,200,false,1,-1,-1,-1,"[{""Symbol"":""magic_physatkbase"",""Value"":""628""},{""Symbol"":""magic_magicatkbase"",""Value"":""628""}]",,"Thân đao được làm từ vật ở sông, cán đao có in hoa văn nước."
10116008,Thu Sương Đao,16,0,true,80,-1,2,7450,5960,212,false,1,-1,-1,-1,"[{""Symbol"":""magic_physatkbase"",""Value"":""713""},{""Symbol"":""magic_magicatkbase"",""Value"":""713""}]",,"Toàn thân trắng bạc, tựa như sương thu, rất có khí thế."
10116009,Tật Lôi Đao,16,0,true,90,-1,2,9950,7960,225,false,1,-1,-1,-1,"[{""Symbol"":""magic_physatkbase"",""Value"":""799""},{""Symbol"":""magic_magicatkbase"",""Value"":""799""}]",,"Dòng điện chạy khắp, thân đao có sấm, võ công cao cường mới biết cách sử dụng."
10116010,Tịch Lịch Đao,16,0,true,100,-1,2,16000,12800,237,false,1,-1,-1,-1,"[{""Symbol"":""magic_physatkbase"",""Value"":""884""},{""Symbol"":""magic_magicatkbase"",""Value"":""884""}]",,"Đao do Tịch Lịch Đường đúc tạo, uy lực mạnh mẽ, ngoại hình cũng rất đẹp, trên thân đao có chữ Tịch Lịch."
10116011,Trấn Hải Đao,16,0,true,110,-1,2,19360,15488,255,false,1,-1,-1,-1,"[{""Symbol"":""magic_physatkbase"",""Value"":""969""},{""Symbol"":""magic_magicatkbase"",""Value"":""969""}]",,"Tuy hơi ngắn nhưng có uy danh trấn biển, múa lên sẽ tụ khí ngay lưỡi dao và ra tay trong tích tắc."
10116012,Tam Định Phong Ba Đao,16,0,true,120,-1,2,23040,18432,255,false,1,-1,-1,-1,"[{""Symbol"":""magic_physatkbase"",""Value"":""1054""},{""Symbol"":""magic_magicatkbase"",""Value"":""1054""}]",,"Dẹp hỗn loạn trên triều, yên sóng gió giang hồ, màu đỏ chủ đạo, tinh xảo lạ thường."
10116013,Đao Cấp 130,16,0,true,130,-1,2,27040,21632,255,false,1,-1,-1,-1,"[{""Symbol"":""magic_physatkbase"",""Value"":""1139""},{""Symbol"":""magic_magicatkbase"",""Value"":""1139""}]",,Đao Cấp 130
10116014,Đao Cấp 140,16,0,true,140,-1,2,31360,25088,255,false,1,-1,-1,-1,"[{""Symbol"":""magic_physatkbase"",""Value"":""1224""},{""Symbol"":""magic_magicatkbase"",""Value"":""1224""}]",,Đao Cấp 140
10116015,Đao Cấp 150,16,0,true,150,-1,2,36000,28800,255,false,1,-1,-1,-1,"[{""Symbol"":""magic_physatkbase"",""Value"":""1310""},{""Symbol"":""magic_magicatkbase"",""Value"":""1310""}]",,Đao Cấp 150
10116100,Nam Mộc Đao,16,0,true,1,-1,2,20,1,114,false,1,-1,-1,-1,"[{""Symbol"":""magic_physatkbase"",""Value"":""65""},{""Symbol"":""magic_magicatkbase"",""Value"":""65""}]",,"Vũ khí tân thủ, không có giá trị gì."
10117000,Thanh Đồng Liêm,17,0,true,1,-1,2,20,16,114,false,1,-1,-1,-1,"[{""Symbol"":""magic_physatkbase"",""Value"":""75""},{""Symbol"":""magic_magicatkbase"",""Value"":""75""}]",,"Vũ khí tân thủ, không có giá trị gì."
10117001,Hoàng Thiết Liêm,17,0,true,10,-1,2,180,144,125,false,1,-1,-1,-1,"[{""Symbol"":""magic_physatkbase"",""Value"":""117""},{""Symbol"":""magic_magicatkbase"",""Value"":""117""}]",,"Làm từ hoàng thiết nên được gọi là hoàng thiết liêm, màu sắc ám trầm. "
10117002,Kim Cương Liêm,17,0,true,20,-1,2,540,432,137,false,1,-1,-1,-1,"[{""Symbol"":""magic_physatkbase"",""Value"":""202""},{""Symbol"":""magic_magicatkbase"",""Value"":""202""}]",,"Làm từ kim cương nên được gọi là kim cương liêm, màu sắc diệu nhãn, như ánh mặt trời chói chang giữa ban ngày. "
10117003,Nguyệt Nha Liêm,17,0,true,30,-1,2,1150,920,150,false,1,-1,-1,-1,"[{""Symbol"":""magic_physatkbase"",""Value"":""287""},{""Symbol"":""magic_magicatkbase"",""Value"":""287""}]",,"Lưỡi đao thuôn dần từ trên xuống dưới, khum cong tựa trăng non đầu tháng."
10117004,Trách Thiên Liêm,17,0,true,40,-1,2,1780,1424,162,false,1,-1,-1,-1,"[{""Symbol"":""magic_physatkbase"",""Value"":""373""},{""Symbol"":""magic_magicatkbase"",""Value"":""373""}]",,"Thân đao rộng lớn tựa phu phiến, vung lên có thể giáng xuống đối thủ một kích nặng nề."
10117005,Xỉ Nhận Liêm,17,0,true,50,-1,2,2700,2160,175,false,1,-1,-1,-1,"[{""Symbol"":""magic_physatkbase"",""Value"":""458""},{""Symbol"":""magic_magicatkbase"",""Value"":""458""}]",,"Thân đao lởm chởm như răng thú, hình dạng gồ ghề không có quy tắc."
10117006,Đoạt Phong Liêm,17,0,true,60,-1,2,3850,3080,187,false,1,-1,-1,-1,"[{""Symbol"":""magic_physatkbase"",""Value"":""543""},{""Symbol"":""magic_magicatkbase"",""Value"":""543""}]",,"Lưỡi liêm sắc bén vô song, binh khí thường chẳng chịu nổi, dễ tự gãy khi đối kháng."
10117007,Toái Cốt Liêm,17,0,true,70,-1,2,5570,4456,200,false,1,-1,-1,-1,"[{""Symbol"":""magic_physatkbase"",""Value"":""628""},{""Symbol"":""magic_magicatkbase"",""Value"":""628""}]",,"Tuy không sắc, nhưng liêm đao nặng như thiết thạch, chỉ cần vung mạnh một chiêu đã có thể đập vỡ đầu sọ kẻ địch."
10117008,Câu Cân Liêm,17,0,true,80,-1,2,7450,5960,212,false,1,-1,-1,-1,"[{""Symbol"":""magic_physatkbase"",""Value"":""713""},{""Symbol"":""magic_magicatkbase"",""Value"":""713""}]",,"Đầu liêm có móc, sắc bén dị thường, có thể lột da róc gân chỉ trong một chiêu."
10117009,Liễu Phong Liêm,17,0,true,90,-1,2,9950,7960,225,false,1,-1,-1,-1,"[{""Symbol"":""magic_physatkbase"",""Value"":""799""},{""Symbol"":""magic_magicatkbase"",""Value"":""799""}]",,"Thân liêm nặng tựa ngàn cân, mỗi chiêu vung ra đều dấy lên một luồng cuồng phong rít gào, khiến kẻ địch chưa giao thủ đã khiếp vía."
10117010,Đoạn Thuỷ Liêm,17,0,true,100,-1,2,16000,12800,237,false,1,-1,-1,-1,"[{""Symbol"":""magic_physatkbase"",""Value"":""884""},{""Symbol"":""magic_magicatkbase"",""Value"":""884""}]",,"Thân liêm rộng như tấm chắn, đủ sức chặn đứng thế nước chảy xiết, danh xưng này cũng từ đó mà thành."
10117011,Phách Sơn Liêm,17,0,true,110,-1,2,19360,15488,255,false,1,-1,-1,-1,"[{""Symbol"":""magic_physatkbase"",""Value"":""969""},{""Symbol"":""magic_magicatkbase"",""Value"":""969""}]",,"Danh xưng này do thợ rèn đặt, hàm ý thân liêm cứng cáp phi phàm. Nếu Dương Tiễn có tại thế thì thậm chí có thể dùng nó để khai sơn phá thạch."
10117012,Minh Minh Tế Vũ Liêm,17,0,true,120,-1,2,23040,18432,255,false,1,-1,-1,-1,"[{""Symbol"":""magic_physatkbase"",""Value"":""1054""},{""Symbol"":""magic_magicatkbase"",""Value"":""1054""}]",,"Sóng nước Trường Giang cuốn đi ngàn dặm, mưa phùn bảng lảng kéo về. Một khi liêm này vung lên, chiêu chiêu như mưa bụi giăng mắc khắp trời, khiến đối phương không kịp thở."
10117013,Liêm Cấp 130,17,0,true,130,-1,2,27040,21632,255,false,1,-1,-1,-1,"[{""Symbol"":""magic_physatkbase"",""Value"":""1139""},{""Symbol"":""magic_magicatkbase"",""Value"":""1139""}]",,Liêm cấp 130
10117014,Liêm Cấp 140,17,0,true,140,-1,2,31360,25088,255,false,1,-1,-1,-1,"[{""Symbol"":""magic_physatkbase"",""Value"":""1224""},{""Symbol"":""magic_magicatkbase"",""Value"":""1224""}]",,Liêm cấp 140
10117015,Liêm Cấp 150,17,0,true,150,-1,2,36000,28800,255,false,1,-1,-1,-1,"[{""Symbol"":""magic_physatkbase"",""Value"":""1310""},{""Symbol"":""magic_magicatkbase"",""Value"":""1310""}]",,Liêm cấp 150
10117100,Thiết Liêm,17,0,true,1,-1,2,20,1,114,false,1,-1,-1,-1,"[{""Symbol"":""magic_physatkbase"",""Value"":""65""},{""Symbol"":""magic_magicatkbase"",""Value"":""65""}]",,"Vũ khí tân thủ, không có giá trị gì."
10120001,Thiên Hoa Kết,20,7,false,8,-1,2,90,72,122,false,1,-1,-1,-1,"[{""Symbol"":""magic_hitbase"",""Value"":""30""},{""Symbol"":""magic_dodgebase"",""Value"":""10""}]",,"Xâu những cánh hoa có màu sắc kết thành dây chuyền, sau khi đeo sẽ có cảm giác trăm hoa đang đua nở, tỏa ra mùi hương nhàn nhạt."
10120002,Phỉ Thúy Hạng Liên,20,7,false,18,-1,2,127,101,135,false,1,-1,-1,-1,"[{""Symbol"":""magic_hitbase"",""Value"":""50""},{""Symbol"":""magic_dodgebase"",""Value"":""16""}]",,"Hạng liên chế tác từ lam Bảo thạch, trang nhã phóng khoáng, trang sức phổ thông."
10120003,Loạn Hoa Duyên,20,7,false,28,-1,2,247,197,147,false,1,-1,-1,-1,"[{""Symbol"":""magic_hitbase"",""Value"":""90""},{""Symbol"":""magic_dodgebase"",""Value"":""30""}]",,"Xâu những cành hoa có màu sắc kết thành dây chuyền, sau khi đeo sẽ khiến người đeo có cảm giác hoa nở đầy trời, phát tán ra mùi u hương nhàn nhạt."
10120004,Lam Vân Hạng Liên,20,7,false,38,-1,2,433,346,160,false,1,-1,-1,-1,"[{""Symbol"":""magic_hitbase"",""Value"":""130""},{""Symbol"":""magic_dodgebase"",""Value"":""43""}]",,"Hạng liên chế tác từ Thúy Lam Bảo Thạch, trang nhã phóng khoáng, trang sức phổ thông."
10120005,Vân Miến Liên,20,7,false,48,-1,2,722,577,172,false,1,-1,-1,-1,"[{""Symbol"":""magic_hitbase"",""Value"":""170""},{""Symbol"":""magic_dodgebase"",""Value"":""56""}]",,"Như đám mây trắng trôi bồng bềnh, thiên tầng vận lớp, mênh mông như biển."
10120006,Lục Niệm Thúc,20,7,false,58,-1,2,1070,856,185,false,1,-1,-1,-1,"[{""Symbol"":""magic_hitbase"",""Value"":""210""},{""Symbol"":""magic_dodgebase"",""Value"":""70""}]",,"Có thể tránh được thất tình lục dục của cõi nhân gian, phật kết lục niệm thức, tu luyện tâm tính, người có được là người có duyên với phật."
10120007,U Tình Lệ,20,7,false,68,-1,2,1465,1172,197,false,1,-1,-1,-1,"[{""Symbol"":""magic_hitbase"",""Value"":""250""},{""Symbol"":""magic_dodgebase"",""Value"":""83""}]",,"Lệ u tình có gửi gắm tương tư, vật này được dùng từ lệ của người có tình làm ra, những người có nó sẽ được nhân duyên mỹ mãn."
10120008,Dẫn Hồn Linh,20,7,false,78,-1,2,1955,1564,210,false,1,-1,-1,-1,"[{""Symbol"":""magic_hitbase"",""Value"":""290""},{""Symbol"":""magic_dodgebase"",""Value"":""96""}]",,"Tương chuyền là vật của minh giới dùng để dẫn dắt hồn phách quay về cõi âm, có sức mạnh cực lớn."
10120009,Nguyệt U,20,7,false,88,-1,2,2730,2184,222,false,1,-1,-1,-1,"[{""Symbol"":""magic_hitbase"",""Value"":""330""},{""Symbol"":""magic_dodgebase"",""Value"":""110""}]",,"Được tạo ra từ u quang của mặt trăng tập trung thành đá, tiên khí vậy quanh, cực phẩm nhân gian."
10120010,Điệp Thần,20,7,false,98,-1,2,3720,2976,235,false,1,-1,-1,-1,"[{""Symbol"":""magic_hitbase"",""Value"":""370""},{""Symbol"":""magic_dodgebase"",""Value"":""123""}]",,"Phấn thần mật vạn hoa của hồ điệp, luyện mật và phấn của bướm thần để chế thành dây chuyền, hương thơm mê người, mỗi khi đêm đến có thể khiến cho hàng vạn con bướm nhày múa, không phải vật của nhân gian."
10120011,Tịch Dạ,20,7,false,108,-1,2,5832,4665,255,false,1,-1,-1,-1,"[{""Symbol"":""magic_hitbase"",""Value"":""410""},{""Symbol"":""magic_dodgebase"",""Value"":""136""}]",,"Hắc ngọc hạng liên tinh tế, mặt ngọc như hắc dạ, lấp lánh như chồm sao. Sau khi đeo vào có thể tịnh tâm."
10120012,Thất Miên Liên,20,7,false,118,-1,2,6962,5569,255,false,1,-1,-1,-1,"[{""Symbol"":""magic_hitbase"",""Value"":""450""},{""Symbol"":""magic_dodgebase"",""Value"":""150""}]",,"truyền thiết đồn rằng người nào đeo trên người đạo cụ này, có thể từ vận xui chuyển đổi sang vận may, và còn có ngoại công thần bí hổ trợ."
10120013,Hạng Liên Cấp 130,20,7,false,128,-1,2,8192,6553,255,false,1,-1,-1,-1,"[{""Symbol"":""magic_hitbase"",""Value"":""490""},{""Symbol"":""magic_dodgebase"",""Value"":""163""}]",,Hạng Liên Cấp 130
10120014,Hạng Liên Cấp 140,20,7,false,138,-1,2,9522,7617,255,false,1,-1,-1,-1,"[{""Symbol"":""magic_hitbase"",""Value"":""530""},{""Symbol"":""magic_dodgebase"",""Value"":""176""}]",,Hạng Liên Cấp 140
10120015,Hạng Liên Cấp 150,20,7,false,148,-1,2,10952,8761,255,false,1,-1,-1,-1,"[{""Symbol"":""magic_hitbase"",""Value"":""570""},{""Symbol"":""magic_dodgebase"",""Value"":""190""}]",,Hạng Liên Cấp 150
10121001,Liễu Sắc Yêu Đai,21,5,false,2,-1,2,30,24,115,false,1,-1,-1,-1,"[{""Symbol"":""magic_dodgebase"",""Value"":""20""}]",,"Yêu đai được làm bằng vải thường, trên đó có vẽ cành liễu đang đung đưa bên hồ."
10121002,Tâm Như Yêu Đai,21,5,false,12,-1,2,109,87,127,false,1,-1,-1,-1,"[{""Symbol"":""magic_dodgebase"",""Value"":""33""}]",,"Yêu đai khổ rộng được làm bằng vải thường, lấy ý là vạn sự như ý, cầu gì được đấy."
10121003,Minh Kiêu Yêu Đai,21,5,false,22,-1,2,169,135,140,false,1,-1,-1,-1,"[{""Symbol"":""magic_dodgebase"",""Value"":""60""}]",,"Yêu đai được làm từ da của thủy long ở trong đầm, có thể nâng cao sức lực của bản thân."
10121004,Bắc Càn Cơ Hoàn,21,5,false,32,-1,2,331,264,152,false,1,-1,-1,-1,"[{""Symbol"":""magic_dodgebase"",""Value"":""86""}]",,"Trên đó có khắc phương vị của bắc đẩu, huyền diệu vô cùng."
10121005,Địa Viêm Hoàn Đai,21,5,false,42,-1,2,554,443,165,false,1,-1,-1,-1,"[{""Symbol"":""magic_dodgebase"",""Value"":""113""}]",,"Yêu đai dày nặng chắc chắn, tương truyền được u minh liệt diệm thiêu đốt tạo ra, vì vậy mới tên như vậy."
10121006,Phi Thiên Yêu Hoàn,21,5,false,52,-1,2,890,712,177,false,1,-1,-1,-1,"[{""Symbol"":""magic_dodgebase"",""Value"":""140""}]",,"Truyền thuyết nói là vật do Cửu Thiên Huyền Nữ sử dụng, màu hồng rực, có tua, vào thời khắc nguy hiểm có thể dùng làm vũ khí."
10121007,Thần Toái Đai,21,5,false,62,-1,2,1255,1004,190,false,1,-1,-1,-1,"[{""Symbol"":""magic_dodgebase"",""Value"":""166""}]",,"Dây lưng bằng lụa thân bí, tạo hình kỳ lạ, phảng phất ẩn hiện văn tự để tránh tà."
10121008,Thất Nguyên Yêu Hoàn,21,5,false,72,-1,2,1685,1348,202,false,1,-1,-1,-1,"[{""Symbol"":""magic_dodgebase"",""Value"":""193""}]",,"Được chế tạo từ tinh hoa của thất tinh Nhật / Nguyệt / Kim / Mộc / Thủy / Hỏa / Thổ, uy lực phi phàm."
10121009,Bích Mộ,21,5,false,82,-1,2,2310,1848,215,false,1,-1,-1,-1,"[{""Symbol"":""magic_dodgebase"",""Value"":""220""}]",,Tương truyền là do sắc màu của mặt trời khi lặn xuống ở Bất Châu Sơn nhuộm lên vài bích mộ.
10121010,Thương Nhật,21,5,false,92,-1,2,3240,2592,227,false,1,-1,-1,-1,"[{""Symbol"":""magic_dodgebase"",""Value"":""246""}]",,"Thần vật được truyền lại từ thời thượng cổ, nghe nói đã từng được Hậu Dực sử dụng, lưu truyền thiên cổ, hấp thu tính hoa của trời đất, thần lực phi phàm."
10121011,Huyết Ngọc Đai,21,5,false,102,-1,2,5202,4161,255,false,1,-1,-1,-1,"[{""Symbol"":""magic_dodgebase"",""Value"":""273""}]",,"Hồng sắc huyết ngọc, nghe đồn do Minh thần sử dụng nội lực của bản thân cấu tạo thành, uy lực vô cùng."
10121012,Tiên Vũ Đai,21,5,false,112,-1,2,6272,5017,255,false,1,-1,-1,-1,"[{""Symbol"":""magic_dodgebase"",""Value"":""300""}]",,"truyền thiết đồn rằng ngọc đai này do Sùng vũ sơn và Hoàn sơn tiên kết hợp tạo hành, mang nó bên mình sẽ làm cho bản thân trở nên dũng mãnh."
10121013,Yêu Đai Cấp 130,21,5,false,122,-1,2,7442,5953,255,false,1,-1,-1,-1,"[{""Symbol"":""magic_dodgebase"",""Value"":""326""}]",,Yêu Đai Cấp 130
10121014,Yêu Đai Cấp 140,21,5,false,132,-1,2,8712,6969,255,false,1,-1,-1,-1,"[{""Symbol"":""magic_dodgebase"",""Value"":""353""}]",,Yêu Đai Cấp 140
10121015,Yêu Đai Cấp 150,21,5,false,142,-1,2,10082,8065,255,false,1,-1,-1,-1,"[{""Symbol"":""magic_dodgebase"",""Value"":""380""}]",,Yêu Đai Cấp 150
10122001,Thanh Giới,22,6,false,5,-1,2,60,48,119,false,1,-1,-1,-1,"[{""Symbol"":""magic_physatkbase"",""Value"":""28""},{""Symbol"":""magic_magicatkbase"",""Value"":""28""}]",,"Màu xanh của cỏ, hoạt lực mãnh liệt, dễ hỏng."
10122002,Thúy Túc Giới Chỉ,22,6,false,15,-1,2,118,94,131,false,1,-1,-1,-1,"[{""Symbol"":""magic_physatkbase"",""Value"":""44""},{""Symbol"":""magic_magicatkbase"",""Value"":""44""}]",,"Giới chỉ được là từ thúy trúc trong tử trúc lâm, chỉ truyền cho người có duyên."
10122003,Bách Phi Giới Chỉ,22,6,false,25,-1,2,208,166,144,false,1,-1,-1,-1,"[{""Symbol"":""magic_physatkbase"",""Value"":""76""},{""Symbol"":""magic_magicatkbase"",""Value"":""76""}]",,"Trên nhẫn có hằn lên vết nứt, nhưng chắc chắn là thường"
10122004,Như Ngọc Giới Chỉ,22,6,false,35,-1,2,382,305,156,false,1,-1,-1,-1,"[{""Symbol"":""magic_physatkbase"",""Value"":""108""},{""Symbol"":""magic_magicatkbase"",""Value"":""108""}]",,"Ánh lên màu xanh nhạt, cổ xưa đơn giản và tao nhã, là bảo vật gia truyền."
10122005,Lưu Doanh,22,6,false,45,-1,2,638,510,169,false,1,-1,-1,-1,"[{""Symbol"":""magic_physatkbase"",""Value"":""140""},{""Symbol"":""magic_magicatkbase"",""Value"":""140""}]",,"Trên vòng nhẫn có khảm nhiều loại Bảo thạch, màu sắc dị thường, giá trị liên thành."
10122006,Linh Hủ,22,6,false,55,-1,2,980,784,181,false,1,-1,-1,-1,"[{""Symbol"":""magic_physatkbase"",""Value"":""172""},{""Symbol"":""magic_magicatkbase"",""Value"":""172""}]",,"Linh dị vô cùng, hàm chứa một loại khí thần bí, tương truyền là do Châu U Vương lệnh cho những người thợ khéo tay làm cho Bao Tự."
10122007,Cửu Hoa,22,6,false,65,-1,2,1360,1088,194,false,1,-1,-1,-1,"[{""Symbol"":""magic_physatkbase"",""Value"":""203""},{""Symbol"":""magic_magicatkbase"",""Value"":""203""}]",,"Chứa sức mạnh thần bí, có công lực của cửu cung bát quái, linh dị vô cùng."
10122008,Trân Linh Lung,22,6,false,75,-1,2,1820,1456,206,false,1,-1,-1,-1,"[{""Symbol"":""magic_physatkbase"",""Value"":""235""},{""Symbol"":""magic_magicatkbase"",""Value"":""235""}]",,"Được trái tim của thất thái linh lung thai nghén tạo ra, tập trung sức mạnh cực lớn, có tác dụng bảo vệ cực mạnh đối với những người đeo nó."
10122009,Lãnh Hồn,22,6,false,85,-1,2,2520,2016,219,false,1,-1,-1,-1,"[{""Symbol"":""magic_physatkbase"",""Value"":""267""},{""Symbol"":""magic_magicatkbase"",""Value"":""267""}]",,"Truyền thuyết nói là vật của âm ty, tập kết oán khí, có sức mạnh thôn tính cực mạnh."
10122010,Tế Phách,22,6,false,95,-1,2,3480,2784,231,false,1,-1,-1,-1,"[{""Symbol"":""magic_physatkbase"",""Value"":""299""},{""Symbol"":""magic_magicatkbase"",""Value"":""299""}]",,"Cổ vật thượng cổ, được sinh ra từ khi trời đất còn hỗn độn, hít thở và có huyết mạch như người phàm, uy lực của nó có thể thay đổi theo hỷ nộ ái ố."
10122011,An Tức Chỉ Hoàn,22,6,false,105,-1,2,5512,4409,255,false,1,-1,-1,-1,"[{""Symbol"":""magic_physatkbase"",""Value"":""331""},{""Symbol"":""magic_magicatkbase"",""Value"":""331""}]",,"Là thánh văn của ngâm vịnh an tức, người nào đeo vào có thể làm cho bản thân trở nên cường tráng khoe mạnh."
10122012,Mạn Đà Giới Chỉ,22,6,false,115,-1,2,6612,5289,255,false,1,-1,-1,-1,"[{""Symbol"":""magic_physatkbase"",""Value"":""363""},{""Symbol"":""magic_magicatkbase"",""Value"":""363""}]",,"Giới chỉ này được Minh hồng mạn đà la hoa biện làm ra, pháp bải có thể nhị độc khắc độc."
10122013,Giới Chỉ Cấp 130,22,6,false,125,-1,2,7812,6249,255,false,1,-1,-1,-1,"[{""Symbol"":""magic_physatkbase"",""Value"":""395""},{""Symbol"":""magic_magicatkbase"",""Value"":""395""}]",,Giới Chỉ Cấp 130
10122014,Giới Chỉ Cấp 140,22,6,false,135,-1,2,9112,7289,255,false,1,-1,-1,-1,"[{""Symbol"":""magic_physatkbase"",""Value"":""427""},{""Symbol"":""magic_magicatkbase"",""Value"":""427""}]",,Giới Chỉ Cấp 140
10122015,Giới Chỉ Cấp 150,22,6,false,145,-1,2,10512,8409,255,false,1,-1,-1,-1,"[{""Symbol"":""magic_physatkbase"",""Value"":""459""},{""Symbol"":""magic_magicatkbase"",""Value"":""459""}]",,Giới Chỉ Cấp 150
10123001,Liễu Sắc Hộ Phù,23,12,false,5,-1,2,60,48,119,false,1,-1,-1,-1,"[{""Symbol"":""magic_physatkbase"",""Value"":""28""},{""Symbol"":""magic_magicatkbase"",""Value"":""28""}]",,"Hộ phù được làm bằng vải thường, trên đó có vẽ cành liễu đang đung đưa bên hồ."
10123002,Tâm Như Hộ Phù,23,12,false,15,-1,2,118,94,131,false,1,-1,-1,-1,"[{""Symbol"":""magic_physatkbase"",""Value"":""44""},{""Symbol"":""magic_magicatkbase"",""Value"":""44""}]",,"Hộ phù rộng được làm bằng vải thường, lấy ý là vạn sự như ý, cầu gì được đấy."
10123003,Minh Kiêu Hộ Phù,23,12,false,25,-1,2,208,166,144,false,1,-1,-1,-1,"[{""Symbol"":""magic_physatkbase"",""Value"":""76""},{""Symbol"":""magic_magicatkbase"",""Value"":""76""}]",,"Hộ phù được làm từ da của thủy long ở trong đầm, có thể nâng cao sức lực của bản thân."
10123004,Bắc Càn Thần Phù,23,12,false,35,-1,2,382,305,156,false,1,-1,-1,-1,"[{""Symbol"":""magic_physatkbase"",""Value"":""108""},{""Symbol"":""magic_magicatkbase"",""Value"":""108""}]",,"Trên đó có khắc phương vị của bắc đẩu, huyền diệu vô cùng."
10123005,Địa Viêm Nang,23,12,false,45,-1,2,638,510,169,false,1,-1,-1,-1,"[{""Symbol"":""magic_physatkbase"",""Value"":""140""},{""Symbol"":""magic_magicatkbase"",""Value"":""140""}]",,"Hộ phù dày nặng chắc chắn, tương truyền được u minh liệt diệm thiêu đốt tạo ra, vì vậy mới tên như vậy."
10123006,Phi Thiên Bao,23,12,false,55,-1,2,980,784,181,false,1,-1,-1,-1,"[{""Symbol"":""magic_physatkbase"",""Value"":""172""},{""Symbol"":""magic_magicatkbase"",""Value"":""172""}]",,"Truyền thuyết nói là vật do Cửu Thiên Huyền Nữ sử dụng, màu hồng rực, có tua, vào thời khắc nguy hiểm có thể dùng làm vũ khí."
10123007,Thần Toái Đai,23,12,false,65,-1,2,1360,1088,194,false,1,-1,-1,-1,"[{""Symbol"":""magic_physatkbase"",""Value"":""203""},{""Symbol"":""magic_magicatkbase"",""Value"":""203""}]",,"Dây lưng bằng lụa thân bí, tạo hình kỳ lạ, phảng phất ẩn hiện văn tự để tránh tà."
10123008,Thất Nguyên Yêu Hoàn,23,12,false,75,-1,2,1820,1456,206,false,1,-1,-1,-1,"[{""Symbol"":""magic_physatkbase"",""Value"":""235""},{""Symbol"":""magic_magicatkbase"",""Value"":""235""}]",,"Được chế tạo từ tinh hoa của thất tinh Nhật / Nguyệt / Kim / Mộc / Thủy / Hỏa / Thổ, uy lực phi phàm."
10123009,Bích Mộ,23,12,false,85,-1,2,2520,2016,219,false,1,-1,-1,-1,"[{""Symbol"":""magic_physatkbase"",""Value"":""267""},{""Symbol"":""magic_magicatkbase"",""Value"":""267""}]",,Tương truyền là do sắc màu của mặt trời khi lặn xuống ở Bất Châu Sơn nhuộm lên vài bích mộ.
10123010,Thương Nhật,23,12,false,95,-1,2,3480,2784,231,false,1,-1,-1,-1,"[{""Symbol"":""magic_physatkbase"",""Value"":""299""},{""Symbol"":""magic_magicatkbase"",""Value"":""299""}]",,"Thần vật được truyền lại từ thời thượng cổ, nghe nói đã từng được Hậu Dực sử dụng, lưu truyền thiên cổ, hấp thu tính hoa của trời đất, thần lực phi phàm."
10123011,Lưu Tinh,23,12,false,105,-1,2,5512,4409,255,false,1,-1,-1,-1,"[{""Symbol"":""magic_physatkbase"",""Value"":""331""},{""Symbol"":""magic_magicatkbase"",""Value"":""331""}]",,"Hộ phụ này do huyền hoàng băng tinh tạo thành, uẩn hàm thần mật nội công, đạo cụ này có nguồn gốc từ Côn lôn tiên."
10123012,Bà Sa Văn Chương,23,12,false,115,-1,2,6612,5289,255,false,1,-1,-1,-1,"[{""Symbol"":""magic_physatkbase"",""Value"":""363""},{""Symbol"":""magic_magicatkbase"",""Value"":""363""}]",,"Bà sa la ha, mật văn chi chương. Cấu tạo bởi bạch thạch chi linh và tế phù của hỏa diệm sơn mà thành."
10123013,Hộ Phù Cấp 130,23,12,false,125,-1,2,7812,6249,255,false,1,-1,-1,-1,"[{""Symbol"":""magic_physatkbase"",""Value"":""395""},{""Symbol"":""magic_magicatkbase"",""Value"":""395""}]",,Hộ Phù Cấp 130
10123014,Hộ Phù Cấp 140,23,12,false,135,-1,2,9112,7289,255,false,1,-1,-1,-1,"[{""Symbol"":""magic_physatkbase"",""Value"":""427""},{""Symbol"":""magic_magicatkbase"",""Value"":""427""}]",,Hộ Phù Cấp 140
10123015,Hộ Phù Cấp 150,23,12,false,145,-1,2,10512,8409,255,false,1,-1,-1,-1,"[{""Symbol"":""magic_physatkbase"",""Value"":""459""},{""Symbol"":""magic_magicatkbase"",""Value"":""459""}]",,Hộ Phù Cấp 150
10217001,Tích Lưu Liêm,17,0,true,10,-1,22,160,128,125,true,10,-1,-1,-1,"[{""Symbol"":""magic_physatkbase"",""Value"":""117""},{""Symbol"":""magic_magicatkbase"",""Value"":""117""}]","[{""Symbol"":""magic_maxmp"",""Rate"":""100""},{""Symbol"":""magic_iceatk"",""Rate"":""100""},{""Symbol"":""magic_poisonatk"",""Rate"":""100""},{""Symbol"":""magic_magicatk"",""Rate"":""100""},{""Symbol"":""magic_critatk"",""Rate"":""100""},{""Symbol"":""magic_energy"",""Rate"":""100""},{""Symbol"":""magic_stamina"",""Rate"":""100""},{""Symbol"":""magic_intelligence"",""Rate"":""100""},{""Symbol"":""magic_dexterity"",""Rate"":""100""},{""Symbol"":""magic_allattributes"",""Rate"":""100""}]","Liêm này mỗi lần vung lên khẽ khàng như gió thoảng, tựa suối nguồn không nỡ dứt dòng, nhẹ lay mà chẳng gây một tiếng động."
10217002,Phù Ba Liêm,17,0,true,20,-1,22,640,512,137,true,11,-1,-1,-1,"[{""Symbol"":""magic_physatkbase"",""Value"":""202""},{""Symbol"":""magic_magicatkbase"",""Value"":""202""}]","[{""Symbol"":""magic_maxmp"",""Rate"":""100""},{""Symbol"":""magic_iceatk"",""Rate"":""100""},{""Symbol"":""magic_poisonatk"",""Rate"":""100""},{""Symbol"":""magic_magicatk"",""Rate"":""100""},{""Symbol"":""magic_critatk"",""Rate"":""100""},{""Symbol"":""magic_energy"",""Rate"":""100""},{""Symbol"":""magic_stamina"",""Rate"":""100""},{""Symbol"":""magic_intelligence"",""Rate"":""100""},{""Symbol"":""magic_dexterity"",""Rate"":""100""},{""Symbol"":""magic_allattributes"",""Rate"":""100""}]","Thân liêm nhẹ bẫng như không, dù đặt giữa dòng nước sâu cũng nổi lềnh bềnh chẳng chìm, như thể không dính bụi trần."
10217003,Trục Thuỷ Liêm,17,0,true,30,-1,22,1440,1152,150,true,12,-1,-1,-1,"[{""Symbol"":""magic_physatkbase"",""Value"":""287""},{""Symbol"":""magic_magicatkbase"",""Value"":""287""}]","[{""Symbol"":""magic_maxmp"",""Rate"":""100""},{""Symbol"":""magic_iceatk"",""Rate"":""100""},{""Symbol"":""magic_poisonatk"",""Rate"":""100""},{""Symbol"":""magic_magicatk"",""Rate"":""100""},{""Symbol"":""magic_critatk"",""Rate"":""100""},{""Symbol"":""magic_energy"",""Rate"":""100""},{""Symbol"":""magic_stamina"",""Rate"":""100""},{""Symbol"":""magic_intelligence"",""Rate"":""100""},{""Symbol"":""magic_dexterity"",""Rate"":""100""},{""Symbol"":""magic_allattributes"",""Rate"":""100""}]","Mỗi chiêu vung liêm nhẹ lướt như nước chảy qua khe, thân pháp linh hoạt tự nhiên, tuyệt không vướng mắc hay khựng lại nửa phần."
10217004,Hàn Thanh Liêm,17,0,true,40,-1,22,2560,2048,162,true,13,-1,-1,-1,"[{""Symbol"":""magic_physatkbase"",""Value"":""373""},{""Symbol"":""magic_magicatkbase"",""Value"":""373""}]","[{""Symbol"":""magic_maxmp"",""Rate"":""100""},{""Symbol"":""magic_iceatk"",""Rate"":""100""},{""Symbol"":""magic_poisonatk"",""Rate"":""100""},{""Symbol"":""magic_magicatk"",""Rate"":""100""},{""Symbol"":""magic_critatk"",""Rate"":""100""},{""Symbol"":""magic_energy"",""Rate"":""100""},{""Symbol"":""magic_stamina"",""Rate"":""100""},{""Symbol"":""magic_intelligence"",""Rate"":""100""},{""Symbol"":""magic_dexterity"",""Rate"":""100""},{""Symbol"":""magic_allattributes"",""Rate"":""100""}]","Thân liêm sáng trắng, sạch sẽ như ngọc tuyết, chẳng vướng chút bụi trần. Nhìn vào tựa dòng suối trong vắt giữa núi sâu, thanh tịnh mà lạnh lẽo."
10217005,Chiếu Nguyệt Liêm,17,0,true,50,-1,22,4000,3200,175,true,14,-1,-1,-1,"[{""Symbol"":""magic_physatkbase"",""Value"":""458""},{""Symbol"":""magic_magicatkbase"",""Value"":""458""}]","[{""Symbol"":""magic_maxmp"",""Rate"":""100""},{""Symbol"":""magic_iceatk"",""Rate"":""100""},{""Symbol"":""magic_poisonatk"",""Rate"":""100""},{""Symbol"":""magic_magicatk"",""Rate"":""100""},{""Symbol"":""magic_critatk"",""Rate"":""100""},{""Symbol"":""magic_energy"",""Rate"":""100""},{""Symbol"":""magic_stamina"",""Rate"":""100""},{""Symbol"":""magic_intelligence"",""Rate"":""100""},{""Symbol"":""magic_dexterity"",""Rate"":""100""},{""Symbol"":""magic_allattributes"",""Rate"":""100""}]","Trên lưỡi liêm lấp loáng ánh sáng thanh khiết, như ánh trăng nhè nhẹ phủ xuống nhân gian, vừa tĩnh mịch, vừa lạnh lẽo."
10217006,Sơn Quang Liêm,17,0,true,60,-1,22,5760,4608,187,true,15,-1,-1,-1,"[{""Symbol"":""magic_physatkbase"",""Value"":""543""},{""Symbol"":""magic_magicatkbase"",""Value"":""543""}]","[{""Symbol"":""magic_maxmp"",""Rate"":""100""},{""Symbol"":""magic_iceatk"",""Rate"":""100""},{""Symbol"":""magic_poisonatk"",""Rate"":""100""},{""Symbol"":""magic_magicatk"",""Rate"":""100""},{""Symbol"":""magic_critatk"",""Rate"":""100""},{""Symbol"":""magic_energy"",""Rate"":""100""},{""Symbol"":""magic_stamina"",""Rate"":""100""},{""Symbol"":""magic_intelligence"",""Rate"":""100""},{""Symbol"":""magic_dexterity"",""Rate"":""100""},{""Symbol"":""magic_allattributes"",""Rate"":""100""}]","Trên thân liêm thấp thoáng bóng núi hình sông, trời tạnh mây trong còn hiện ra sắc cầu vồng như ẩn như hiện, đẹp đến mê tâm động phách."
10217007,Ỷ Tình Liêm,17,0,true,70,-1,22,7840,6272,200,true,16,-1,-1,-1,"[{""Symbol"":""magic_physatkbase"",""Value"":""628""},{""Symbol"":""magic_magicatkbase"",""Value"":""628""}]","[{""Symbol"":""magic_maxmp"",""Rate"":""100""},{""Symbol"":""magic_iceatk"",""Rate"":""100""},{""Symbol"":""magic_poisonatk"",""Rate"":""100""},{""Symbol"":""magic_magicatk"",""Rate"":""100""},{""Symbol"":""magic_critatk"",""Rate"":""100""},{""Symbol"":""magic_energy"",""Rate"":""100""},{""Symbol"":""magic_stamina"",""Rate"":""100""},{""Symbol"":""magic_intelligence"",""Rate"":""100""},{""Symbol"":""magic_dexterity"",""Rate"":""100""},{""Symbol"":""magic_allattributes"",""Rate"":""100""}]","Lưỡi liêm khẽ cong, khi đứng bên người chẳng khác nào ái nhân nhẹ nghiêng vai tựa, dáng hình lưu luyến, mang theo vài phần ôn nhu khó tả."
10217008,Thiên Nhận Liêm,17,0,true,80,-1,22,10240,8192,212,true,17,-1,-1,-1,"[{""Symbol"":""magic_physatkbase"",""Value"":""713""},{""Symbol"":""magic_magicatkbase"",""Value"":""713""}]","[{""Symbol"":""magic_maxmp"",""Rate"":""100""},{""Symbol"":""magic_iceatk"",""Rate"":""100""},{""Symbol"":""magic_poisonatk"",""Rate"":""100""},{""Symbol"":""magic_magicatk"",""Rate"":""100""},{""Symbol"":""magic_critatk"",""Rate"":""100""},{""Symbol"":""magic_energy"",""Rate"":""100""},{""Symbol"":""magic_stamina"",""Rate"":""100""},{""Symbol"":""magic_intelligence"",""Rate"":""100""},{""Symbol"":""magic_dexterity"",""Rate"":""100""},{""Symbol"":""magic_allattributes"",""Rate"":""100""}]","Thân liêm dài vượt chuẩn, đường đao thẳng tắp như vách đá dựng đứng, toát ra khí thế trấn áp càn khôn."
10217009,Loạn Phong Liêm,17,0,true,90,-1,22,12960,10368,225,true,18,-1,-1,-1,"[{""Symbol"":""magic_physatkbase"",""Value"":""799""},{""Symbol"":""magic_magicatkbase"",""Value"":""799""}]","[{""Symbol"":""magic_maxmp"",""Rate"":""100""},{""Symbol"":""magic_iceatk"",""Rate"":""100""},{""Symbol"":""magic_poisonatk"",""Rate"":""100""},{""Symbol"":""magic_magicatk"",""Rate"":""100""},{""Symbol"":""magic_critatk"",""Rate"":""100""},{""Symbol"":""magic_energy"",""Rate"":""100""},{""Symbol"":""magic_stamina"",""Rate"":""100""},{""Symbol"":""magic_intelligence"",""Rate"":""100""},{""Symbol"":""magic_dexterity"",""Rate"":""100""},{""Symbol"":""magic_allattributes"",""Rate"":""100""}]","Tương truyền ngay khi liêm được rèn thành, thợ rèn đã dùng nó chém đá phá núi suốt trăm nghìn lần, vậy mà thân liêm vẫn bóng loáng không tì vết, cứng cỏi như thuở ban đầu."
10217010,Vân Hà Thu Sắc Liêm,17,0,true,100,-1,22,16000,12800,237,true,19,-1,-1,-1,"[{""Symbol"":""magic_physatkbase"",""Value"":""884""},{""Symbol"":""magic_magicatkbase"",""Value"":""884""}]","[{""Symbol"":""magic_maxmp"",""Rate"":""100""},{""Symbol"":""magic_iceatk"",""Rate"":""100""},{""Symbol"":""magic_poisonatk"",""Rate"":""100""},{""Symbol"":""magic_magicatk"",""Rate"":""100""},{""Symbol"":""magic_critatk"",""Rate"":""100""},{""Symbol"":""magic_energy"",""Rate"":""100""},{""Symbol"":""magic_stamina"",""Rate"":""100""},{""Symbol"":""magic_intelligence"",""Rate"":""100""},{""Symbol"":""magic_dexterity"",""Rate"":""100""},{""Symbol"":""magic_allattributes"",""Rate"":""100""}]","Khi hoàng hôn buông xuống, mây ráng dần tắt. Nhưng chỉ cần liêm này xuất hiện, hào quang tỏa ra còn khiến cả ráng chiều cũng trở nên nhạt nhòa, không dám tranh sắc."
10217011,Sóc Phong Cuộn Tuyết Liêm,17,0,true,110,-1,22,19360,15488,249,true,19,-1,-1,-1,"[{""Symbol"":""magic_physatkbase"",""Value"":""969""},{""Symbol"":""magic_magicatkbase"",""Value"":""969""}]","[{""Symbol"":""magic_maxmp"",""Rate"":""100""},{""Symbol"":""magic_iceatk"",""Rate"":""100""},{""Symbol"":""magic_poisonatk"",""Rate"":""100""},{""Symbol"":""magic_magicatk"",""Rate"":""100""},{""Symbol"":""magic_critatk"",""Rate"":""100""},{""Symbol"":""magic_energy"",""Rate"":""100""},{""Symbol"":""magic_stamina"",""Rate"":""100""},{""Symbol"":""magic_intelligence"",""Rate"":""100""},{""Symbol"":""magic_dexterity"",""Rate"":""100""},{""Symbol"":""magic_allattributes"",""Rate"":""100""}]","Gió bấc gào rít, tuyết đêm cuộn trắng. Mỗi khi liêm này múa lượn, khí lạnh phát ra tựa bắc phong thét gào, cuốn bay cả lớp tuyết dày, khiến đất trời lạnh thấu tận xương."
10217012,Mặc Lại Sinh Sơn Liêm,17,0,true,120,-1,22,23040,18432,255,true,19,-1,-1,-1,"[{""Symbol"":""magic_physatkbase"",""Value"":""1054""},{""Symbol"":""magic_magicatkbase"",""Value"":""1054""}]","[{""Symbol"":""magic_maxmp"",""Rate"":""100""},{""Symbol"":""magic_iceatk"",""Rate"":""100""},{""Symbol"":""magic_poisonatk"",""Rate"":""100""},{""Symbol"":""magic_magicatk"",""Rate"":""100""},{""Symbol"":""magic_critatk"",""Rate"":""100""},{""Symbol"":""magic_energy"",""Rate"":""100""},{""Symbol"":""magic_stamina"",""Rate"":""100""},{""Symbol"":""magic_intelligence"",""Rate"":""100""},{""Symbol"":""magic_dexterity"",""Rate"":""100""},{""Symbol"":""magic_allattributes"",""Rate"":""100""}]","Giữa núi rừng vạn tiếng ngân vang, dưới nước in một ánh sao cô lẻ. Tương truyền liêm này từng cùng chủ nhân vượt núi xuyên sông, phiêu bạt khắp chân trời góc bể, tựa hành giả độc hành giữa trời đất mênh mang."
10217013,Liêm Cấp 130,17,0,true,130,-1,22,27040,21632,255,true,19,-1,-1,-1,"[{""Symbol"":""magic_physatkbase"",""Value"":""1139""},{""Symbol"":""magic_magicatkbase"",""Value"":""1139""}]","[{""Symbol"":""magic_maxmp"",""Rate"":""100""},{""Symbol"":""magic_iceatk"",""Rate"":""100""},{""Symbol"":""magic_poisonatk"",""Rate"":""100""},{""Symbol"":""magic_magicatk"",""Rate"":""100""},{""Symbol"":""magic_critatk"",""Rate"":""100""},{""Symbol"":""magic_energy"",""Rate"":""100""},{""Symbol"":""magic_stamina"",""Rate"":""100""},{""Symbol"":""magic_intelligence"",""Rate"":""100""},{""Symbol"":""magic_dexterity"",""Rate"":""100""},{""Symbol"":""magic_allattributes"",""Rate"":""100""}]",Liêm cấp 130
10217014,Liêm Cấp 140,17,0,true,140,-1,22,31360,25088,255,true,19,-1,-1,-1,"[{""Symbol"":""magic_physatkbase"",""Value"":""1224""},{""Symbol"":""magic_magicatkbase"",""Value"":""1224""}]","[{""Symbol"":""magic_maxmp"",""Rate"":""100""},{""Symbol"":""magic_iceatk"",""Rate"":""100""},{""Symbol"":""magic_poisonatk"",""Rate"":""100""},{""Symbol"":""magic_magicatk"",""Rate"":""100""},{""Symbol"":""magic_critatk"",""Rate"":""100""},{""Symbol"":""magic_energy"",""Rate"":""100""},{""Symbol"":""magic_stamina"",""Rate"":""100""},{""Symbol"":""magic_intelligence"",""Rate"":""100""},{""Symbol"":""magic_dexterity"",""Rate"":""100""},{""Symbol"":""magic_allattributes"",""Rate"":""100""}]",Liêm cấp 140
10217015,Liêm Cấp 150,17,0,true,150,-1,22,36000,28800,255,true,19,-1,-1,-1,"[{""Symbol"":""magic_physatkbase"",""Value"":""1310""},{""Symbol"":""magic_magicatkbase"",""Value"":""1310""}]","[{""Symbol"":""magic_maxmp"",""Rate"":""100""},{""Symbol"":""magic_iceatk"",""Rate"":""100""},{""Symbol"":""magic_poisonatk"",""Rate"":""100""},{""Symbol"":""magic_magicatk"",""Rate"":""100""},{""Symbol"":""magic_critatk"",""Rate"":""100""},{""Symbol"":""magic_energy"",""Rate"":""100""},{""Symbol"":""magic_stamina"",""Rate"":""100""},{""Symbol"":""magic_intelligence"",""Rate"":""100""},{""Symbol"":""magic_dexterity"",""Rate"":""100""},{""Symbol"":""magic_allattributes"",""Rate"":""100""}]",Liêm cấp 150
10217016,Cô Chu Liêm,17,0,true,10,-1,22,160,128,125,true,10,-1,-1,-1,"[{""Symbol"":""magic_physatkbase"",""Value"":""117""},{""Symbol"":""magic_magicatkbase"",""Value"":""117""}]","[{""Symbol"":""magic_maxmp"",""Rate"":""100""},{""Symbol"":""magic_iceatk"",""Rate"":""100""},{""Symbol"":""magic_poisonatk"",""Rate"":""100""},{""Symbol"":""magic_magicatk"",""Rate"":""100""},{""Symbol"":""magic_critatk"",""Rate"":""100""},{""Symbol"":""magic_energy"",""Rate"":""100""},{""Symbol"":""magic_stamina"",""Rate"":""100""},{""Symbol"":""magic_intelligence"",""Rate"":""100""},{""Symbol"":""magic_dexterity"",""Rate"":""100""},{""Symbol"":""magic_allattributes"",""Rate"":""100""}]","Liêm này rèn từ bạch thiết, hình thức tuy chẳng khác thường, song mỗi lần xuất thủ lại gợi nên cảm giác cô tịch khó tả."
10217017,Ai Ngữ Liêm,17,0,true,20,-1,22,640,512,137,true,11,-1,-1,-1,"[{""Symbol"":""magic_physatkbase"",""Value"":""202""},{""Symbol"":""magic_magicatkbase"",""Value"":""202""}]","[{""Symbol"":""magic_maxmp"",""Rate"":""100""},{""Symbol"":""magic_iceatk"",""Rate"":""100""},{""Symbol"":""magic_poisonatk"",""Rate"":""100""},{""Symbol"":""magic_magicatk"",""Rate"":""100""},{""Symbol"":""magic_critatk"",""Rate"":""100""},{""Symbol"":""magic_energy"",""Rate"":""100""},{""Symbol"":""magic_stamina"",""Rate"":""100""},{""Symbol"":""magic_intelligence"",""Rate"":""100""},{""Symbol"":""magic_dexterity"",""Rate"":""100""},{""Symbol"":""magic_allattributes"",""Rate"":""100""}]","Gió nhẹ mưa buông, lác đác như thúc giục lệ trào ngàn hàng. Trên thân liêm vẫn còn dấu vết nước đọng khi tôi luyện năm xưa, thoạt nhìn như từng giọt lệ đọng lại, toát ra vẻ bi thương, ai oán đến thấu tâm can."
10217018,Nghi Sinh Liêm,17,0,true,30,-1,22,1440,1152,150,true,12,-1,-1,-1,"[{""Symbol"":""magic_physatkbase"",""Value"":""287""},{""Symbol"":""magic_magicatkbase"",""Value"":""287""}]","[{""Symbol"":""magic_maxmp"",""Rate"":""100""},{""Symbol"":""magic_iceatk"",""Rate"":""100""},{""Symbol"":""magic_poisonatk"",""Rate"":""100""},{""Symbol"":""magic_magicatk"",""Rate"":""100""},{""Symbol"":""magic_critatk"",""Rate"":""100""},{""Symbol"":""magic_energy"",""Rate"":""100""},{""Symbol"":""magic_stamina"",""Rate"":""100""},{""Symbol"":""magic_intelligence"",""Rate"":""100""},{""Symbol"":""magic_dexterity"",""Rate"":""100""},{""Symbol"":""magic_allattributes"",""Rate"":""100""}]","Giữa ánh dương còn phân chẳng rõ thiện ác, gặp người lại như gặp quỷ; đến khi đêm xuống, thấy quỷ lại ngờ là người. Binh khí, vốn là vật để giết, theo tay người mà thấm máu, lâu dần sinh ma trong tâm khiến lòng sinh nghi, mắt chẳng còn phân được người hay quỷ."
10217019,Bạc Tình Liêm,17,0,true,40,-1,22,2560,2048,162,true,13,-1,-1,-1,"[{""Symbol"":""magic_physatkbase"",""Value"":""373""},{""Symbol"":""magic_magicatkbase"",""Value"":""373""}]","[{""Symbol"":""magic_maxmp"",""Rate"":""100""},{""Symbol"":""magic_iceatk"",""Rate"":""100""},{""Symbol"":""magic_poisonatk"",""Rate"":""100""},{""Symbol"":""magic_magicatk"",""Rate"":""100""},{""Symbol"":""magic_critatk"",""Rate"":""100""},{""Symbol"":""magic_energy"",""Rate"":""100""},{""Symbol"":""magic_stamina"",""Rate"":""100""},{""Symbol"":""magic_intelligence"",""Rate"":""100""},{""Symbol"":""magic_dexterity"",""Rate"":""100""},{""Symbol"":""magic_allattributes"",""Rate"":""100""}]","Lòng người khó đo, nhân thế lạnh lùng. Cơn mưa tiễn hoàng hôn qua, hoa rụng chẳng ai hay. Thân liêm mỏng như cánh ve, tựa nỗi tình đời nhẹ như khói, lạnh như sương, đủ để lấy mạng người mà không lưu một vết chém."
10217020,Trường Hận Liêm,17,0,true,50,-1,22,4000,3200,175,true,14,-1,-1,-1,"[{""Symbol"":""magic_physatkbase"",""Value"":""458""},{""Symbol"":""magic_magicatkbase"",""Value"":""458""}]","[{""Symbol"":""magic_maxmp"",""Rate"":""100""},{""Symbol"":""magic_iceatk"",""Rate"":""100""},{""Symbol"":""magic_poisonatk"",""Rate"":""100""},{""Symbol"":""magic_magicatk"",""Rate"":""100""},{""Symbol"":""magic_critatk"",""Rate"":""100""},{""Symbol"":""magic_energy"",""Rate"":""100""},{""Symbol"":""magic_stamina"",""Rate"":""100""},{""Symbol"":""magic_intelligence"",""Rate"":""100""},{""Symbol"":""magic_dexterity"",""Rate"":""100""},{""Symbol"":""magic_allattributes"",""Rate"":""100""}]","Lòng người khó dò, chẳng bằng mộng mị vô ưu. Chỉ một chút gợn tâm, đã khiến đất bằng nổi sóng. Dùng oán niệm làm đao, giận dữ hóa thành lưỡi sóng, tuy đủ sức đả thương thiên hạ, nhưng mỗi chiêu chém ra cũng rạch một vết sâu vào chính bản thân mình."
10217021,Dư Nhân Liêm,17,0,true,60,-1,22,5760,4608,187,true,15,-1,-1,-1,"[{""Symbol"":""magic_physatkbase"",""Value"":""543""},{""Symbol"":""magic_magicatkbase"",""Value"":""543""}]","[{""Symbol"":""magic_maxmp"",""Rate"":""100""},{""Symbol"":""magic_iceatk"",""Rate"":""100""},{""Symbol"":""magic_poisonatk"",""Rate"":""100""},{""Symbol"":""magic_magicatk"",""Rate"":""100""},{""Symbol"":""magic_critatk"",""Rate"":""100""},{""Symbol"":""magic_energy"",""Rate"":""100""},{""Symbol"":""magic_stamina"",""Rate"":""100""},{""Symbol"":""magic_intelligence"",""Rate"":""100""},{""Symbol"":""magic_dexterity"",""Rate"":""100""},{""Symbol"":""magic_allattributes"",""Rate"":""100""}]","Hai mươi mốt nhà cùng vào đất Thục, cuối cùng chỉ còn một người rời khỏi Lạc Cốc. Tương truyền, kẻ trong bài thi kia chính là người đã mang theo thanh liêm này thoát khỏi cốc dữ - rồi từ đó biệt tích giang hồ, không ai biết sống chết ra sao."
10217022,Hoa Hồn Liêm,17,0,true,70,-1,22,7840,6272,200,true,16,-1,-1,-1,"[{""Symbol"":""magic_physatkbase"",""Value"":""628""},{""Symbol"":""magic_magicatkbase"",""Value"":""628""}]","[{""Symbol"":""magic_maxmp"",""Rate"":""100""},{""Symbol"":""magic_iceatk"",""Rate"":""100""},{""Symbol"":""magic_poisonatk"",""Rate"":""100""},{""Symbol"":""magic_magicatk"",""Rate"":""100""},{""Symbol"":""magic_critatk"",""Rate"":""100""},{""Symbol"":""magic_energy"",""Rate"":""100""},{""Symbol"":""magic_stamina"",""Rate"":""100""},{""Symbol"":""magic_intelligence"",""Rate"":""100""},{""Symbol"":""magic_dexterity"",""Rate"":""100""},{""Symbol"":""magic_allattributes"",""Rate"":""100""}]","Gửi lời khách qua chớ vội bịt mũi, bởi người sống sao thơm bằng kẻ chết. Thân liêm có khảm mảnh xương trắng, lấy từ nơi sơn dã dưới ánh trăng, nơi hoa nở che mộ, xương vùi trong hương. Cũng bởi vậy, liêm này tự mang u hương dìu dịu, vấn vít chẳng tan."
10217023,Minh Dã Liêm,17,0,true,80,-1,22,10240,8192,212,true,17,-1,-1,-1,"[{""Symbol"":""magic_physatkbase"",""Value"":""713""},{""Symbol"":""magic_magicatkbase"",""Value"":""713""}]","[{""Symbol"":""magic_maxmp"",""Rate"":""100""},{""Symbol"":""magic_iceatk"",""Rate"":""100""},{""Symbol"":""magic_poisonatk"",""Rate"":""100""},{""Symbol"":""magic_magicatk"",""Rate"":""100""},{""Symbol"":""magic_critatk"",""Rate"":""100""},{""Symbol"":""magic_energy"",""Rate"":""100""},{""Symbol"":""magic_stamina"",""Rate"":""100""},{""Symbol"":""magic_intelligence"",""Rate"":""100""},{""Symbol"":""magic_dexterity"",""Rate"":""100""},{""Symbol"":""magic_allattributes"",""Rate"":""100""}]","Xương trắng phơi ngoài hoang dã, ngàn dặm chẳng vang tiếng gà. Trường liêm này từng được mang về từ chiến địa máu loang, trên thân còn vết máu khô mãi chẳng thể xóa mờ, quanh lưỡi toát ra một luồng tà khí âm lãnh, như tích tụ từ nỗi oán hận của vạn vong hồn nơi sa trường."
10217024,Táng Tràng Liêm,17,0,true,90,-1,22,12960,10368,225,true,18,-1,-1,-1,"[{""Symbol"":""magic_physatkbase"",""Value"":""799""},{""Symbol"":""magic_magicatkbase"",""Value"":""799""}]","[{""Symbol"":""magic_maxmp"",""Rate"":""100""},{""Symbol"":""magic_iceatk"",""Rate"":""100""},{""Symbol"":""magic_poisonatk"",""Rate"":""100""},{""Symbol"":""magic_magicatk"",""Rate"":""100""},{""Symbol"":""magic_critatk"",""Rate"":""100""},{""Symbol"":""magic_energy"",""Rate"":""100""},{""Symbol"":""magic_stamina"",""Rate"":""100""},{""Symbol"":""magic_intelligence"",""Rate"":""100""},{""Symbol"":""magic_dexterity"",""Rate"":""100""},{""Symbol"":""magic_allattributes"",""Rate"":""100""}]","Kẻ bị liêm này xuyên qua, ruột gan như bị chôn sống trong bụng, chết trong im lặng, chỉ may mắn là chưa kịp thành mồi cho quạ diều. Những điểm ánh vàng lóe lên trên lưỡi liêm, đều là độc dược chí mạng chỉ một vết xước cũng đủ xuyên ruột thấu tâm, chết chẳng kịp kêu."
10217025,Mệnh Tuyệt Liêm,17,0,true,100,-1,22,16000,12800,237,true,19,-1,-1,-1,"[{""Symbol"":""magic_physatkbase"",""Value"":""884""},{""Symbol"":""magic_magicatkbase"",""Value"":""884""}]","[{""Symbol"":""magic_maxmp"",""Rate"":""100""},{""Symbol"":""magic_iceatk"",""Rate"":""100""},{""Symbol"":""magic_poisonatk"",""Rate"":""100""},{""Symbol"":""magic_magicatk"",""Rate"":""100""},{""Symbol"":""magic_critatk"",""Rate"":""100""},{""Symbol"":""magic_energy"",""Rate"":""100""},{""Symbol"":""magic_stamina"",""Rate"":""100""},{""Symbol"":""magic_intelligence"",""Rate"":""100""},{""Symbol"":""magic_dexterity"",""Rate"":""100""},{""Symbol"":""magic_allattributes"",""Rate"":""100""}]","Giây phút biệt ly chẳng hẹn ngày về, gió lùa ngọn tùng, trăng treo trời vắng. Tương truyền, thợ rèn đã lấy chính thân thể mình tôi đúc nên thanh liêm này, hòa cả máu thịt vào lưỡi đao. Kể từ đó, chỉ có bậc thiên mệnh mới có thể điều khiển, người thường chạm vào ắt gặp tai ương."
10217026,Ác Ngục Liêm,17,0,true,110,-1,22,19360,15488,249,true,19,-1,-1,-1,"[{""Symbol"":""magic_physatkbase"",""Value"":""969""},{""Symbol"":""magic_magicatkbase"",""Value"":""969""}]","[{""Symbol"":""magic_maxmp"",""Rate"":""100""},{""Symbol"":""magic_iceatk"",""Rate"":""100""},{""Symbol"":""magic_poisonatk"",""Rate"":""100""},{""Symbol"":""magic_magicatk"",""Rate"":""100""},{""Symbol"":""magic_critatk"",""Rate"":""100""},{""Symbol"":""magic_energy"",""Rate"":""100""},{""Symbol"":""magic_stamina"",""Rate"":""100""},{""Symbol"":""magic_intelligence"",""Rate"":""100""},{""Symbol"":""magic_dexterity"",""Rate"":""100""},{""Symbol"":""magic_allattributes"",""Rate"":""100""}]","Dương thế hay âm ti cũng đều một cõi mờ nhân ảnh, chẳng khác gì bến lạ tha phương. Thanh liêm này thân thể tàn khuyết, vết nứt vết sứt khắp nơi, nhưng vẫn giữ được hình thù dữ tợn. Mỗi khi xuất hiện, tà khí bốc lên, như lệ quỷ đoạt hồn trong âm thầm, khiến người trúng chiêu chết chẳng biết nguyên do."
10217027,Trảm Khốt Liêm,17,0,true,120,-1,22,23040,18432,255,true,19,-1,-1,-1,"[{""Symbol"":""magic_physatkbase"",""Value"":""1054""},{""Symbol"":""magic_magicatkbase"",""Value"":""1054""}]","[{""Symbol"":""magic_maxmp"",""Rate"":""100""},{""Symbol"":""magic_iceatk"",""Rate"":""100""},{""Symbol"":""magic_poisonatk"",""Rate"":""100""},{""Symbol"":""magic_magicatk"",""Rate"":""100""},{""Symbol"":""magic_critatk"",""Rate"":""100""},{""Symbol"":""magic_energy"",""Rate"":""100""},{""Symbol"":""magic_stamina"",""Rate"":""100""},{""Symbol"":""magic_intelligence"",""Rate"":""100""},{""Symbol"":""magic_dexterity"",""Rate"":""100""},{""Symbol"":""magic_allattributes"",""Rate"":""100""}]","Đã không còn cầu đạo trong lòng, tay gãy vẫn đứng sừng sững giữa băng tuyết. Thanh liêm này, trên có thể trảm thần thánh, dưới có thể đoạn u linh. Kẻ cầm nó trong tay không bị ràng buộc bởi thế gian quy luật, không bị khống chế bởi nhân luân pháp tắc một đao, tự viết đạo lý riêng."
10217028,130 Cấp Chế Tạo,17,0,true,130,-1,22,27040,21632,255,true,19,-1,-1,-1,"[{""Symbol"":""magic_physatkbase"",""Value"":""1139""},{""Symbol"":""magic_magicatkbase"",""Value"":""1139""}]","[{""Symbol"":""magic_maxmp"",""Rate"":""100""},{""Symbol"":""magic_iceatk"",""Rate"":""100""},{""Symbol"":""magic_poisonatk"",""Rate"":""100""},{""Symbol"":""magic_magicatk"",""Rate"":""100""},{""Symbol"":""magic_critatk"",""Rate"":""100""},{""Symbol"":""magic_energy"",""Rate"":""100""},{""Symbol"":""magic_stamina"",""Rate"":""100""},{""Symbol"":""magic_intelligence"",""Rate"":""100""},{""Symbol"":""magic_dexterity"",""Rate"":""100""},{""Symbol"":""magic_allattributes"",""Rate"":""100""}]",Liêm cấp 130
10217029,140 Cấp Chế Tạo,17,0,true,140,-1,22,31360,25088,255,true,19,-1,-1,-1,"[{""Symbol"":""magic_physatkbase"",""Value"":""1224""},{""Symbol"":""magic_magicatkbase"",""Value"":""1224""}]","[{""Symbol"":""magic_maxmp"",""Rate"":""100""},{""Symbol"":""magic_iceatk"",""Rate"":""100""},{""Symbol"":""magic_poisonatk"",""Rate"":""100""},{""Symbol"":""magic_magicatk"",""Rate"":""100""},{""Symbol"":""magic_critatk"",""Rate"":""100""},{""Symbol"":""magic_energy"",""Rate"":""100""},{""Symbol"":""magic_stamina"",""Rate"":""100""},{""Symbol"":""magic_intelligence"",""Rate"":""100""},{""Symbol"":""magic_dexterity"",""Rate"":""100""},{""Symbol"":""magic_allattributes"",""Rate"":""100""}]",Liêm cấp 140
10217030,150 Cấp Chế Tạo,17,0,true,150,-1,22,36000,28800,255,true,19,-1,-1,-1,"[{""Symbol"":""magic_physatkbase"",""Value"":""1310""},{""Symbol"":""magic_magicatkbase"",""Value"":""1310""}]","[{""Symbol"":""magic_maxmp"",""Rate"":""100""},{""Symbol"":""magic_iceatk"",""Rate"":""100""},{""Symbol"":""magic_poisonatk"",""Rate"":""100""},{""Symbol"":""magic_magicatk"",""Rate"":""100""},{""Symbol"":""magic_critatk"",""Rate"":""100""},{""Symbol"":""magic_energy"",""Rate"":""100""},{""Symbol"":""magic_stamina"",""Rate"":""100""},{""Symbol"":""magic_intelligence"",""Rate"":""100""},{""Symbol"":""magic_dexterity"",""Rate"":""100""},{""Symbol"":""magic_allattributes"",""Rate"":""100""}]",Liêm cấp 150
10130001,Như Lai Phật Y,24,16,false,1,0,1,0,0,200,false,1,-1,-1,-1,,,"Cẩm trang thường được môn hạ của Thiếu Lâm mặc, tương truyền sau khi trang bị sẽ được phật thần bảo hộ."
10130002,Hỏa Hoang Thánh Y,24,16,false,1,1,1,0,0,200,false,1,-1,-1,-1,,,"Cẩm trang thường được môn hạ của Minh Giáo mặc, tương truyền sau khi trang bị sẽ được hỏa thần bảo hộ."
10130003,Bách Động Cái Trang,24,16,false,1,2,1,0,0,200,false,1,-1,-1,-1,,,"Cẩm trang thường được môn hạ của Cái Bang mặc, tương truyền sau khi trang bị sẽ được long thần bảo hộ."
10130004,Ngọc Nữ Hoa Phục,24,16,false,1,4,1,0,0,200,false,1,-1,-1,-1,,,"Cẩm trang thường được môn hạ của Nga My mặc, tương truyền sau khi trang bị sẽ được phụng thần bảo hộ."
10130005,Ngọc Hư Đạo Y,24,16,false,1,3,1,0,0,200,false,1,-1,-1,-1,,,"Cẩm trang thường được môn hạ của Võ Đang mặc, tương truyền sau khi trang bị sẽ được âm dương thần bảo hộ."
10130006,Ngũ Độc Cẩm Y,24,16,false,1,5,1,0,0,200,false,1,-1,-1,-1,,,"Cẩm trang thường được môn hạ của Tinh Túc mặc, tương truyền sau khi trang bị sẽ được ngũ độc thần bảo hộ."
10130007,Thiên Sơn Tố Phục,24,16,false,1,7,1,0,0,200,false,1,-1,-1,-1,,,"Cẩm trang thường được môn hạ của Thiên Sơn mặc, tương truyền sau khi trang bị sẽ được tuyết thần bảo hộ."
10130008,Tiêu Dao Cẩm Y,24,16,false,1,8,1,0,0,200,false,1,-1,-1,-1,,,"Cẩm trang thường được môn hạ của Tiêu Dao mặc, tương truyền sau khi trang bị sẽ được linh thần bảo hộ."
10130009,Thần Kiếm Cẩm Trang,24,16,false,1,6,1,0,0,200,false,1,-1,-1,-1,,,"Cẩm trang thường được môn hạ của Thiên Long mặc, tương truyền sau khi trang bị sẽ được thánh thần bảo hộ."
10130010,Không Sắc,24,16,false,1,0,1,10000,4,200,false,1,-1,-1,-1,,,"Nghe nói là phật môn bảo vật được Phật Tổ tặng cho Thiếu Lâm, sau khi mặc sẽ hiện lên màu sắc lung linh, phật quang vây quanh.<br><color=#00FF00>Thời trang cao cấp</color> phái <color=#00FF00>Thiếu Lâm</color>. Trên mình quái vật ở <color=#00FF00>Ngân Ngai Tuyết Nguyên</color> có mang <color=#FFFF00>[Nhật Ký Quái Vật]</color>. Thu thập <color=#FFFF00>20 quyển</color>, có thể đến <color=#00FF00>Đại Lý</color> tìm <color=#FFFF00>Củng Thái Vân</color> để đổi lấy bộ <color=#00FF00>thời trang cao cấp môn phái</color>."
10130011,Thánh Hỏa,24,16,false,1,1,1,10000,4,200,false,1,-1,-1,-1,,,"Ba Tư Ma Ni Giáo tức là bảo vật của Minh Giáo, sau khi mặc sẽ ánh lên màu đen huyền, là vật chấn giáo của Minh Giáo.<br><color=#00FF00>Thời trang cao cấp</color> phái <color=#00FF00>Minh Giáo</color>. Trên mình quái vật ở <color=#00FF00>Ngân Ngai Tuyết Nguyên</color> có mang <color=#FFFF00>[Nhật Ký Quái Vật]</color>. Thu thập <color=#FFFF00>20 quyển</color>, có thể đến <color=#00FF00>Đại Lý</color> tìm <color=#FFFF00>Củng Thái Vân</color> để đổi lấy bộ <color=#00FF00>thời trang cao cấp môn phái</color>."
10130012,Bích Mặc,24,16,false,1,2,1,10000,4,200,false,1,-1,-1,-1,,,"Cái Bang bích mặc, màu xanh trông như làn khói, sau khi mặc khí sắc sẽ tăng lên, là bảo vật của Cái Bang.<br><color=#00FF00>Thời trang cao cấp</color> phái <color=#00FF00>Cái Bang</color>. Trên mình quái vật ở <color=#00FF00>Ngân Ngai Tuyết Nguyên</color> có mang <color=#FFFF00>[Nhật Ký Quái Vật]</color>. Thu thập <color=#FFFF00>20 quyển</color>, có thể đến <color=#00FF00>Đại Lý</color> tìm <color=#FFFF00>Củng Thái Vân</color> để đổi lấy bộ <color=#00FF00>thời trang cao cấp môn phái</color>."
10130013,Khấp Ảnh,24,16,false,1,4,1,10000,4,200,false,1,-1,-1,-1,,,"Truyền thuyết kể rằng được tạo ra từ nước mắt của thần điêu và túc thủy trong cổ mộ, bảo vật chấn sơn của Nga My.<br><color=#00FF00>Thời trang cao cấp</color> phái <color=#00FF00>Nga My</color>. Trên mình quái vật ở <color=#00FF00>Ngân Ngai Tuyết Nguyên</color> có mang <color=#FFFF00>[Nhật Ký Quái Vật]</color>. Thu thập <color=#FFFF00>20 quyển</color>, có thể đến <color=#00FF00>Đại Lý</color> tìm <color=#FFFF00>Củng Thái Vân</color> để đổi lấy bộ <color=#00FF00>thời trang cao cấp môn phái</color>."
10130014,Hạc Tuyết,24,16,false,1,3,1,10000,4,200,false,1,-1,-1,-1,,,"Được tạo ra từ toàn cơ ngọc chỉ hòa vào huyết chim hạc, uy lực vô biên, trấn phái chi bảo của Võ Đang.<br><color=#00FF00>Thời trang cao cấp</color> phái <color=#00FF00>Võ Đang</color>. Trên mình quái vật ở <color=#00FF00>Ngân Ngai Tuyết Nguyên</color> có mang <color=#FFFF00>[Nhật Ký Quái Vật]</color>. Thu thập <color=#FFFF00>20 quyển</color>, có thể đến <color=#00FF00>Đại Lý</color> tìm <color=#FFFF00>Củng Thái Vân</color> để đổi lấy bộ <color=#00FF00>thời trang cao cấp môn phái</color>."
10130015,Hung Lạc,24,16,false,1,5,1,10000,4,200,false,1,-1,-1,-1,,,"Được tạo ra từ việc chế luyện tinh hoa của độc vật trong Tinh Túc Hải, nghe nói nó có thể cách độc bất xâm, trấn phái chi bảo của Tinh Túc.<br><color=#00FF00>Thời trang cao cấp</color> phái <color=#00FF00>Tinh Túc</color>. Trên mình quái vật ở <color=#00FF00>Ngân Ngai Tuyết Nguyên</color> có mang <color=#FFFF00>[Nhật Ký Quái Vật]</color>. Thu thập <color=#FFFF00>20 quyển</color>, có thể đến <color=#00FF00>Đại Lý</color> tìm <color=#FFFF00>Củng Thái Vân</color> để đổi lấy bộ <color=#00FF00>thời trang cao cấp môn phái</color>."
10130016,Nguyệt Mạn,24,16,false,1,7,1,10000,4,200,false,1,-1,-1,-1,,,"Ngân nguyệt ngưng liên được sức mạnh của Thiên Sơn nuôi dưỡng tạo ra vật này, sức mạnh cực mạnh, bảo vật chấn sơn của Thiên Sơn.<br><color=#00FF00>Thời trang cao cấp</color> phái <color=#00FF00>Thiên Sơn</color>. Trên mình quái vật ở <color=#00FF00>Ngân Ngai Tuyết Nguyên</color> có mang <color=#FFFF00>[Nhật Ký Quái Vật]</color>. Thu thập <color=#FFFF00>20 quyển</color>, có thể đến <color=#00FF00>Đại Lý</color> tìm <color=#FFFF00>Củng Thái Vân</color> để đổi lấy bộ <color=#00FF00>thời trang cao cấp môn phái</color>."
10130017,Huyền Thương,24,16,false,1,8,1,10000,4,200,false,1,-1,-1,-1,,,"Huyền thương, bảo vật của Tiêu Dao, phiêu miểu vô ảnh, tiên khí vậy quanh, ẩn chứa hào quang.<br><color=#00FF00>Thời trang cao cấp</color> phái <color=#00FF00>Tiêu Dao</color>. Trên mình quái vật ở <color=#00FF00>Ngân Ngai Tuyết Nguyên</color> có mang <color=#FFFF00>[Nhật Ký Quái Vật]</color>. Thu thập <color=#FFFF00>20 quyển</color>, có thể đến <color=#00FF00>Đại Lý</color> tìm <color=#FFFF00>Củng Thái Vân</color> để đổi lấy bộ <color=#00FF00>thời trang cao cấp môn phái</color>."
10130020,Huyễn Thương,24,16,false,1,10,1,10000,4,200,false,1,-1,-1,-1,,,"Mộ Dung chi bảo, tương truyền là do anh linh của các tướng lĩnh đã vong trận của Yến Quốc hóa thành, hàm chứa khí thế cuồng nộ của chiến trường.<br><color=#00FF00>Thời trang tiến cấp</color> phái <color=#00FF00>Mộ Dung</color>. <color=#00FF00>Trấn Bảo Long Vương</color> cai quản <color=#00FF00>Lâu Lan Bảo Tàng Động</color> cùng vô số rương bảo vật, trong đó bao gồm <color=#FFFF00>[Quái Vật Tương Sách]</color>. Thu thập <color=#FFFF00>20 quyển</color>, có thể đến <color=#00FF00>Đại Lý</color> tìm <color=#FFFF00>Củng Thái Vân</color> để đổi lấy bộ <color=#00FF00>thời trang tiến cấp môn phái</color>."
10130021,Dương Tiêu,24,16,false,1,6,1,10000,4,200,false,1,-1,-1,-1,,,"Bảo vật của Thiên Long, nghe nói vị trụ trì đầu tiên của Thiên Long đã hóa thành vật này, có thể hấp thu tinh hoa của thiên địa nhật nguyệt.<br><color=#00FF00>Thời trang cao cấp</color> phái <color=#00FF00>Thiên Long</color>. Trên mình quái vật ở <color=#00FF00>Ngân Ngai Tuyết Nguyên</color> có mang <color=#FFFF00>[Nhật Ký Quái Vật]</color>. Thu thập <color=#FFFF00>20 quyển</color>, có thể đến <color=#00FF00>Đại Lý</color> tìm <color=#FFFF00>Củng Thái Vân</color> để đổi lấy bộ <color=#00FF00>thời trang cao cấp môn phái</color>."
10130022,Loan Phụng Hòa Minh,24,16,false,1,-1,1,10000,4,200,false,1,-1,-1,168,,,"<color=#33ff99>(Hạn sử dụng 7 ngày, tính từ khi bắt đầu mua)#r<color=#FFFFFF>Đêm cùng ngủ, ngày đồng hành, kề vai sát cánh, như loan và phụng."
10130023,Loan Phụng Hòa Minh,24,16,false,1,-1,1,10000,4,200,false,1,-1,-1,168,,,"<color=#33ff99>(Hạn sử dụng 7 ngày, tính từ khi bắt đầu mua)#r<color=#FFFFFF>Dạ đồng tẩm, trú đồng hành, bất ly bất khí, tự loan phụng hòa minh."
10130024,Loan Phụng Hòa Minh,24,16,false,1,-1,1,10000,4,200,false,1,-1,-1,720,,,"<color=#33ff99>(Hạn sử dụng 30 ngày, tính từ khi bắt đầu mua)#r<color=#FFFFFF>Dạ đồng tẩm, trú đồng hành, bất ly bất khí, tự loan phụng hoà minh"
10130025,Loan Phụng Hòa Minh,24,16,false,1,-1,1,10000,4,200,false,1,-1,-1,720,,,"<color=#33ff99>(Hạn sử dụng 30 ngày, tính từ khi bắt đầu mua)#r<color=#FFFFFF>Đêm cùng ngủ, ngày đồng hành, kề vai sát cánh, như loan và phụng."
10130028,Loan Phụng Hòa Minh,24,16,false,1,-1,1,10000,4,200,false,1,-1,-1,720,,,"<color=#33ff99>(Hạn sử dụng 30 ngày, tính từ khi bắt đầu mua)#r<color=#FFFFFF>Dạ đồng tẩm, trú đồng hành, bất ly bất khí, tự loan phụng hoà minh"
10130026,Loan Phụng Hòa Minh,24,16,false,1,-1,1,10000,4,200,false,1,-1,-1,2160,,,"<color=#33ff99>(Hạn sử dụng 90 ngày, tính từ khi bắt đầu mua)#r<color=#FFFFFF>Đêm cùng ngủ, ngày đồng hành, kề vai sát cánh, như loan và phụng."
10130027,Loan Phụng Hòa Minh,24,16,false,1,-1,1,10000,4,200,false,1,-1,-1,-1,,,"Tối cùng ngủ, ngày cùng đi, không rời không bỏ, giống loan phụng hòa minh."
10130028,Nữ Chân Thị Phục,24,16,false,1,-1,1,10000,4,200,false,1,-1,-1,168,,,"<color=#33ff99>(Hạn sử dụng 7 ngày, tính từ khi bắt đầu mua)#r<color=#FFFFFF>phục sức của tộc nữ chân, chống lạnh rất tốt."
10130029,Nữ Chân Thị Phục,24,16,false,1,-1,1,10000,4,200,false,1,-1,-1,720,,,"<color=#33ff99>(Hạn sử dụng 30 ngày, tính từ khi bắt đầu mua)#r<color=#FFFFFF>Nữ chân tộc nhân đặc hữu đích phục sức, ngự hàn tính cấp giai"
10130030,Nữ Chân Thị Phục,24,16,false,1,-1,1,10000,4,200,false,1,-1,-1,720,,,"<color=#33ff99>(Hạn sử dụng 30 ngày, tính từ khi bắt đầu mua)#r<color=#FFFFFF>Nữ chân tộc nhân đặc hữu đích phục sức, ngự hàn tính cấp giai"
10130031,Nữ Chân Thị Phục,24,16,false,1,-1,1,10000,4,200,false,1,-1,-1,2160,,,"<color=#33ff99>(Hạn sử dụng 90 ngày, tính từ khi bắt đầu mua)#r<color=#FFFFFF>Nữ chân tộc nhân đặc hữu đích phục sức, ngự hàn tính cấp giai"
10130032,Nữ Chân Thị Phục,24,16,false,1,-1,1,10000,4,200,false,1,-1,-1,2160,,,"<color=#33ff99>(Hạn sử dụng 90 ngày, tính từ khi bắt đầu mua)#r<color=#FFFFFF>Nữ chân tộc nhân đặc hữu đích phục sức, ngự hàn tính cấp giai"
10130033,Nữ Chân Thị Phục,24,16,false,1,-1,1,10000,4,200,false,1,-1,-1,-1,,,"Quần áo chỉ có ở người thuộc bộ tộc nữ chân, khả năng chống lạnh cực tốt."
10130034,Tình Thánh Ngoại Sáo,24,16,false,1,-1,1,10000,4,200,false,1,-1,-1,2160,,,"<color=#33ff99>(Hạn sử dụng 90 ngày, tính từ khi bắt đầu mua)#r<color=#FFFFFF>Hạo nhật vũ thiên tử quang viêm #rVô tình na bỉ đa tình duyên"
10130035,Tình Thánh Ngoại Sáo,24,16,false,1,-1,1,10000,4,200,false,1,-1,-1,2160,,,"<color=#33ff99>(Hạn sử dụng 90 ngày, tính từ khi bắt đầu mua)#r<color=#FFFFFF>Hạo nhật vũ thiên tử quang viêm #rVô tình na bỉ đa tình duyên"
10130036,Tình Thánh Ngoại Sáo,24,16,false,1,-1,1,10000,4,200,false,1,-1,-1,-1,,,Tình Thánh Ngoại Sáo
10130037,Mai Khôi Tiên Tử,24,16,false,1,-1,1,10000,4,200,false,1,-1,-1,2160,,,"<color=#33ff99>(Hạn sử dụng 90 ngày, tính từ khi bắt đầu mua)#r<color=#FFFFFF>Khiên nguyệt dao tình bách hoa liên #rThanh phong độc quyến mai khôi nhan"
10130038,Mai Khôi Tiên Tử,24,16,false,1,-1,1,10000,4,200,false,1,-1,-1,2160,,,"<color=#33ff99>(Hạn sử dụng 90 ngày, tính từ khi bắt đầu mua)#r<color=#FFFFFF>Khiên nguyệt dao tình bách hoa liên #rThanh phong độc quyến mai khôi nhan"
10130039,Mai Khôi Tiên Tử,24,16,false,1,-1,1,10000,4,200,false,1,-1,-1,-1,,,Mai Khôi Tiên Tử
10130040,Ám Dạ Bách Hợp,24,16,false,1,-1,1,10000,4,200,false,1,-1,-1,24,,,"<color=#33ff99>(Hạn sử dụng 1 ngày, tính từ khi bắt đầu mua)#r<color=#FFFFFF>Nùng tình mật ý âm u tư, #rTây sơn thái phụng đãi kim hoàng."
10130041,Ám Dạ Bách Hợp,24,16,false,1,-1,1,10000,4,200,false,1,-1,-1,168,,,"<color=#33ff99>(Hạn sử dụng 7 ngày, tính từ khi bắt đầu mua)#r<color=#FFFFFF>Nùng tình mật ý âm u tư, #rTây sơn thái phụng đãi kim hoàng."
10130042,Ám Dạ Bách Hợp,24,16,false,1,-1,1,10000,4,200,false,1,-1,-1,720,,,"<color=#33ff99>(Hạn sử dụng 30 ngày, tính từ khi bắt đầu mua)#r<color=#FFFFFF>Nùng tình mật ý âm u tư, #rTây sơn thái phụng đãi kim hoàng."
10130043,Ám Dạ Bách Hợp,24,16,false,1,-1,1,10000,4,200,false,1,-1,-1,720,,,"<color=#33ff99>(Hạn sử dụng 30 ngày, tính từ khi bắt đầu mua)#r<color=#FFFFFF>Nùng tình mật ý ám u tư #rTây Sơn thái phụng đãi kim hoàng"
10130044,Ám Dạ Bách Hợp,24,16,false,1,-1,1,10000,4,200,false,1,-1,-1,2160,,,"<color=#33ff99>(Hạn sử dụng 90 ngày, tính từ khi bắt đầu mua)#r<color=#FFFFFF>Nùng tình mật ý âm u tư, #rTây sơn thái phụng đãi kim hoàng."
10130045,Ám Dạ Bách Hợp,24,16,false,1,-1,1,10000,4,200,false,1,-1,-1,-1,,,Nùng tình mật ý ám u tư #rTây Sơn thái phụng đãi kim hoàng
10130046,Miêu Vực Phong Tình,24,16,false,1,-1,1,10000,4,200,false,1,-1,-1,24,,,"<color=#33ff99>(Hạn sử dụng 1 ngày, tính từ khi bắt đầu mua)#r<color=#FFFFFF>Thân khán ngân linh phối ngân hoàn, #rU quang Phiêu Miễu kim ty triền."
10130047,Miêu Vực Phong Tình,24,16,false,1,-1,1,10000,4,200,false,1,-1,-1,24,,,"<color=#33ff99>(Hạn sử dụng 1 ngày, tính từ khi bắt đầu mua)#r<color=#FFFFFF> thân trước ngân linh phối ngân hoàn,#ru quang Phiêu Miễu kim ty triền."
10130048,Miêu Vực Phong Tình,24,16,false,1,-1,1,10000,4,200,false,1,-1,-1,168,,,"<color=#33ff99>(Hạn sử dụng 7 ngày, tính từ khi bắt đầu mua)#r<color=#FFFFFF>Thân khán ngân linh phối ngân Hoàn, #rU quang Phiêu Miễu Kim Ty triền."
10130049,Miêu Vực Phong Tình,24,16,false,1,-1,1,10000,4,200,false,1,-1,-1,720,,,"<color=#33ff99>(Hạn sử dụng 30 ngày, tính từ khi bắt đầu mua)#r<color=#FFFFFF>Thân trước ngân linh phối ngân hoàn #rU quang Phiêu Miễu kim ty triền"
10130050,Miêu Vực Phong Tình,24,16,false,1,-1,1,10000,4,200,false,1,-1,-1,720,,,"<color=#33ff99>(Hạn sử dụng 30 ngày, tính từ khi bắt đầu mua)#r<color=#FFFFFF>Thân trước ngân linh phối ngân hoàn #rU quang Phiêu Miễu kim ty triền"
10130051,Miêu Vực Phong Tình,24,16,false,1,-1,1,10000,4,200,false,1,-1,-1,2160,,,"<color=#33ff99>(Hạn sử dụng 90 ngày, tính từ khi bắt đầu mua)#r<color=#FFFFFF>Thân trước ngân linh phối ngân hoàn #rU quang Phiêu Miễu kim ty triền"
10130052,Miêu Vực Phong Tình,24,16,false,1,-1,1,10000,4,200,false,1,-1,-1,-1,,,Thân trước ngân linh phối ngân hoàn #rU quang Phiêu Miễu kim ty triền
10130053,Phấn Mặc Nhân Sinh,24,16,false,1,-1,1,10000,4,200,false,1,-1,-1,168,,,"<color=#33ff99>(Hạn sử dụng 7 ngày, tính từ khi bắt đầu mua)#r<color=#FFFFFF>Vị hội khiên ngưu ý nhược hà #rTu yêu chức nữ lộng kim thoa"
10130054,Phấn Mặc Nhân Sinh,24,16,false,1,-1,1,10000,4,200,false,1,-1,-1,720,,,"<color=#33ff99>(Hạn sử dụng 30 ngày, tính từ khi bắt đầu mua)#r<color=#FFFFFF>Kim sinh hí vi tha nhân thế #rNhất điểm phấn mặc hoá ngưng trang"
10130055,Phấn Mặc Nhân Sinh,24,16,false,1,-1,1,10000,4,200,false,1,-1,-1,720,,,"<color=#33ff99>(Hạn sử dụng 30 ngày, tính từ khi bắt đầu mua)#r<color=#FFFFFF>Kim sinh hí vi tha nhân thế #rNhất điểm phấn mặc hoá ngưng trang"
10130056,Phấn Mặc Nhân Sinh,24,16,false,1,-1,1,10000,4,200,false,1,-1,-1,2160,,,"<color=#33ff99>(Hạn sử dụng 90 ngày, tính từ khi bắt đầu mua)#r<color=#FFFFFF>Kim sinh hí vi tha nhân thế #rNhất điểm phấn mặc hoá ngưng trang"
10130057,Phấn Mặc Nhân Sinh,24,16,false,1,-1,1,10000,4,200,false,1,-1,-1,-1,,,Kim sinh hí vi tha nhân thế #rNhất điểm phấn mặc hoá ngưng trang
10130058,Đoàn Dự Ngữ Yên,24,16,false,1,-1,1,10000,4,200,false,1,-1,-1,168,,,"<color=#33ff99>(Hạn sử dụng 7 ngày, tính từ khi bắt đầu mua)#r<color=#FFFFFF>Cẩm y như quyên tình mạch mạch,#rNhư thủy thiền quyên cộng thử sinh."
10130059,Đoàn Dự Ngữ Yên,24,16,false,1,-1,1,10000,4,200,false,1,-1,-1,168,,,"<color=#33ff99>(Hạn sử dụng 7 ngày, tính từ khi bắt đầu mua)#r<color=#FFFFFF>Cẩm Y như tình lụa mượt mà,#rNhư ý nước nhẹ nhàng uốn lượn."
10130060,Đoàn Dự Ngữ Yên,24,16,false,1,-1,1,10000,4,200,false,1,-1,-1,360,,,"<color=#33ff99>(Hạn sử dụng 15 ngày, tính từ khi bắt đầu mua)#r<color=#FFFFFF>Cẩm y như quyên tình mạch mạch, #rNhư thủy thiền quyên cộng thử sinh."
10130061,Đoàn Dự Ngữ Yên,24,16,false,1,-1,1,10000,4,200,false,1,-1,-1,360,,,"<color=#33ff99>(Hạn sử dụng 15 ngày, tính từ khi bắt đầu mua)#r<color=#FFFFFF>Cẩm y như quyên tình mạch mạch,#rNhư thủy thuyền quyên cộng thử sinh."
10130062,Đoàn Dự Ngữ Yên,24,16,false,1,-1,1,10000,4,200,false,1,-1,-1,720,,,"<color=#33ff99>(Hạn sử dụng 30 ngày, tính từ khi bắt đầu mua)#r<color=#FFFFFF>Cẩm y như quyên tình mạch mạch,#rnhư thủy thiền quyên cộng thử sinh."
10130063,Đoàn Dự Ngữ Yên,24,16,false,1,-1,1,10000,4,200,false,1,-1,-1,720,,,"<color=#33ff99>(Hạn sử dụng 30 ngày, tính từ khi bắt đầu mua)#r<color=#FFFFFF>Cẩm y như quyên tình mạch mạch #rNhư thủy thiền quyên cộng thử sinh"
10130064,Đoàn Dự Ngữ Yên,24,16,false,1,-1,1,10000,4,200,false,1,-1,-1,720,,,"<color=#33ff99>(Hạn sử dụng 30 ngày, tính từ khi bắt đầu mua)#r<color=#FFFFFF>Cẩm y như quyên tình mạch mạch, #rNhư thủy thiền quyên cộng thử sinh."
10130065,Đoàn Dự Ngữ Yên,24,16,false,1,-1,1,10000,4,200,false,1,-1,-1,2160,,,"<color=#33ff99>(Hạn sử dụng 90 ngày, tính từ khi bắt đầu mua)#r<color=#FFFFFF>Cẩm y như quyên tình mạch mạch #rNhư thủy thiền quyên cộng thử sinh"
10130066,Đoàn Dự Ngữ Yên,24,16,false,1,-1,1,10000,4,200,false,1,-1,-1,-1,,,Cẩm y như quyên tình mạch mạch #rNhư thủy thiền quyên cộng thử sinh
10130067,Khô Lâu Chiến Giáp,24,16,false,1,-1,1,10000,4,200,false,1,-1,-1,24,,,"<color=#33ff99>(Hạn sử dụng 1 ngày, tính từ khi bắt đầu mua)#r<color=#FFFFFF> tảo ra ánh sáng tà ác, do như địa ngục trung vô tận hắc ám muốn đem thế nhân nuốt chửng."
10130068,Khô Lâu Chiến Giáp,24,16,false,1,-1,1,10000,4,200,false,1,-1,-1,336,,,"<color=#33ff99>(Hạn sử dụng 14 ngày, tính từ khi bắt đầu mua)#r<color=#FFFFFF>Tỏa ánh sáng tà ác, như bóng đêm vô tận từ địa ngục muốn nuốt chửng cả thế gian."
10130069,Khô Lâu Chiến Giáp,24,16,false,1,-1,1,10000,4,200,false,1,-1,-1,720,,,"<color=#33ff99>(Hạn sử dụng 30 ngày, tính từ khi bắt đầu mua)#r<color=#FFFFFF>Tỏa luồng khí tà ác xung quanh, tựa như ánh sáng đến từ địa ngục."
10130070,Khô Lâu Chiến Giáp,24,16,false,1,-1,1,10000,4,200,false,1,-1,-1,720,,,"<color=#33ff99>(Hạn sử dụng 30 ngày, tính từ khi bắt đầu mua)#r<color=#FFFFFF>Tỏa ra sát khí của tà ma ác giới, mang uy lực bóng đêm vô tận của địa ngục"
10130071,Khô Lâu Chiến Giáp,24,16,false,1,-1,1,10000,4,200,false,1,-1,-1,2160,,,"<color=#33ff99>(Hạn sử dụng 90 ngày, tính từ khi bắt đầu mua)#r<color=#FFFFFF>Tỏa ra sát khí của tà ma ác giới, mang uy lực bóng đêm vô tận của địa ngục"
71014002,Khô Lâu Chiến Giáp,24,16,false,1,-1,1,10000,4,200,false,1,-1,-1,-1,,,"Tỏa ra sát khí của tà ma ác giới, mang uy lực bóng đêm vô tận của địa ngục"
10130073,Tây Dương Phong Tình,24,16,false,1,-1,1,10000,4,200,false,1,-1,-1,240,,,"<color=#33ff99>(Hạn sử dụng 10 ngày, tính từ khi bắt đầu mua)#r<color=#FFFFFF>Tỏa ánh ngọc chói lòa, như hoàng tử công chúa cao quý quá bộ."
10130074,Tây Dương Phong Tình,24,16,false,1,-1,1,10000,4,200,false,1,-1,-1,720,,,"<color=#33ff99>(Hạn sử dụng 30 ngày, tính từ khi bắt đầu mua)#r<color=#FFFFFF>Tỏa ra hào quang lấp lánh của ánh sáng, mang theo sức mạnh vô song của vương tử"
10130075,Tây Dương Phong Tình,24,16,false,1,-1,1,10000,4,200,false,1,-1,-1,2160,,,"<color=#33ff99>(Hạn sử dụng 90 ngày, tính từ khi bắt đầu mua)#r<color=#FFFFFF>Tỏa ra hào quang lấp lánh của ánh sáng, mang theo sức mạnh vô song của vương tử"
10130076,Tây Dương Phong Tình,24,16,false,1,-1,1,10000,4,200,false,1,-1,-1,-1,,,"Tỏa ra hào quang lấp lánh của ánh sáng, mang theo sức mạnh vô song của vương tử"
10130077,Đại Nội Cung Phong,24,16,false,1,-1,1,10000,4,200,false,1,-1,-1,72,,,"<color=#33ff99>(Hạn sử dụng 3 ngày, tính từ khi bắt đầu mua)#r<color=#FFFFFF>Phiếm khan đàn mộc hương khí đích y sam, hiển xuất nhất chủng cao quý nhi cổ phác đích mỹ.<color=#00FF00>("
10130078,Đại Nội Cung Phong,24,16,false,1,-1,1,10000,4,200,false,1,-1,-1,720,,,"<color=#33ff99>(Hạn sử dụng 30 ngày, tính từ khi bắt đầu mua)#r<color=#FFFFFF>Phiếm khan đàn mộc hương khí đích y sam, hiển xuất nhất chủng cao quý nhi cổ phác đích mỹ.<color=#00FF00>("
10130079,Đại Nội Cung Phong,24,16,false,1,-1,1,10000,4,200,false,1,-1,-1,720,,,"<color=#33ff99>(Hạn sử dụng 30 ngày, tính từ khi bắt đầu mua)#r<color=#FFFFFF>Một tuyệt tác của nghệ thuật, thoát ra vẻ đẹp mê hồn của ánh sáng"
10130080,Đại Nội Cung Phong,24,16,false,1,-1,1,10000,4,200,false,1,-1,-1,2160,,,"<color=#33ff99>(Hạn sử dụng 90 ngày, tính từ khi bắt đầu mua)#r<color=#FFFFFF>Một tuyệt tác của nghệ thuật, thoát ra vẻ đẹp mê hồn của ánh sáng"
10130081,Đại Nội Cung Phong,24,16,false,1,-1,1,10000,4,200,false,1,-1,-1,-1,,,"Một tuyệt tác của nghệ thuật, thoát ra vẻ đẹp mê hồn của ánh sáng"
10130082,Cổ Hoặc Giang Hồ,24,16,false,1,-1,1,10000,4,200,false,1,-1,-1,24,,,"<color=#33ff99>(Hạn sử dụng 1 ngày, tính từ khi bắt đầu mua)#r<color=#FFFFFF>Tinh phong huyết vũ diệc vô tận, #rThuỳ tri giang hồ hà nhật hưu."
10130083,Cổ Hoặc Giang Hồ,24,16,false,1,-1,1,10000,4,200,false,1,-1,-1,24,,,"<color=#33ff99>(Hạn sử dụng 1 ngày, tính từ khi bắt đầu mua)#r<color=#FFFFFF> tinh phong huyết vũ diệc vô tận,#rthuỳ tri giang hồ hà nhật hưu."
10130084,Cổ Hoặc Giang Hồ,24,16,false,1,-1,1,10000,4,200,false,1,-1,-1,168,,,"<color=#33ff99>(Hạn sử dụng 7 ngày, tính từ khi bắt đầu mua)#r<color=#FFFFFF>Tinh phong huyết vũ diệc vô tận, #rThuỳ tri giang hồ hà nhật hưu."
10130085,Cổ Hoặc Giang Hồ,24,16,false,1,-1,1,10000,4,200,false,1,-1,-1,720,,,"<color=#33ff99>(Hạn sử dụng 30 ngày, tính từ khi bắt đầu mua)#r<color=#FFFFFF>Tinh phong huyết vũ diệc vô tận #rThuỳ tri giang hồ hà nhật hưu"
10130086,Cổ Hoặc Giang Hồ,24,16,false,1,-1,1,10000,4,200,false,1,-1,-1,2160,,,"<color=#33ff99>(Hạn sử dụng 90 ngày, tính từ khi bắt đầu mua)#r<color=#FFFFFF>Tinh phong huyết vũ diệc vô tận #rThuỳ tri giang hồ hà nhật hưu"
10130087,Cổ Hoặc Giang Hồ,24,16,false,1,-1,1,10000,4,200,false,1,-1,-1,-1,,,Tinh phong huyết vũ diệc vô tận #rThuỳ tri giang hồ hà nhật hưu
10130088,Hoàng Kim Chiến Giáp,24,16,false,1,-1,1,10000,4,200,false,1,-1,-1,720,,,"<color=#33ff99>(Hạn sử dụng 30 ngày, tính từ khi bắt đầu mua)#r<color=#FFFFFF>Tướng quân nhất thanh chấn thiên hống #rKim giáp chiến thần hạ cửu châu"
10130089,Hoàng Kim Chiến Giáp,24,16,false,1,-1,1,10000,4,200,false,1,-1,-1,2160,,,"<color=#33ff99>(Hạn sử dụng 90 ngày, tính từ khi bắt đầu mua)#r<color=#FFFFFF>Tướng quân nhất thanh chấn thiên hống #rKim giáp chiến thần hạ cửu châu"
10130090,Hoàng Kim Chiến Giáp,24,16,false,1,-1,1,10000,4,200,false,1,-1,-1,2160,,,"<color=#33ff99>(Hạn sử dụng 90 ngày, tính từ khi bắt đầu mua)#r<color=#FFFFFF>Tướng quân nhất thanh chấn thiên hống #rKim giáp chiến thần hạ cửu châu"
10130091,Hoàng Kim Chiến Giáp,24,16,false,1,-1,1,10000,4,200,false,1,-1,-1,-1,,,Tướng quân nhất thanh chấn thiên hống #rKim giáp chiến thần hạ cửu châu
10130092,Tài Tử Giai Nhân,24,16,false,1,-1,1,10000,4,200,false,1,-1,-1,24,,,"<color=#33ff99>(Hạn sử dụng 1 ngày, tính từ khi bắt đầu mua)#r<color=#FFFFFF>Phấn mặc nhấn sinh hà sở đẩu #rĐoan phối phục sí châu thượng đầu ."
10130093,Tài Tử Giai Nhân,24,16,false,1,-1,1,10000,4,200,false,1,-1,-1,720,,,"<color=#33ff99>(Hạn sử dụng 30 ngày, tính từ khi bắt đầu mua)#r<color=#FFFFFF>Phấn mặc nhất sinh hà sở cầu #rLoan phối phụng sí châu thượng cầu"
10130094,Tài Tử Giai Nhân,24,16,false,1,-1,1,10000,4,200,false,1,-1,-1,720,,,"<color=#33ff99>(Hạn sử dụng 30 ngày, tính từ khi bắt đầu mua)#r<color=#FFFFFF>Phấn mặc nhất sinh hà sở cầu #rLoan phối phụng sí châu thượng cầu"
10130095,Tài Tử Giai Nhân,24,16,false,1,-1,1,10000,4,200,false,1,-1,-1,2160,,,"<color=#33ff99>(Hạn sử dụng 90 ngày, tính từ khi bắt đầu mua)#r<color=#FFFFFF>Phấn mặc nhất sinh hà sở cầu #rLoan phối phụng sí châu thượng cầu"
10130096,Tài Tử Giai Nhân,24,16,false,1,-1,1,10000,4,200,false,1,-1,-1,-1,,,Phấn mặc nhất sinh hà sở cầu #rLoan phối phụng sí châu thượng cầu
10130097,Hổ Văn Liệp Thủ,24,16,false,1,-1,1,10000,4,200,false,1,-1,-1,168,,,"<color=#33ff99>(Hạn sử dụng 7 ngày, tính từ khi bắt đầu mua)#r<color=#FFFFFF>linh hổ trong núi lột xác thành tiên, tấm da hổ để lại bị thợ săn mang đi, mặc vào sẽ có linh hổ phù trợ."
10130098,Hổ Văn Liệp Thủ,24,16,false,1,-1,1,10000,4,200,false,1,-1,-1,720,,,"<color=#33ff99>(Hạn sử dụng 30 ngày, tính từ khi bắt đầu mua)#r<color=#FFFFFF>Tương truyền hổ khi hóa tiên đã để lại một mảnh da, những người thợ săn trang bị áo da hổ này có thể cảm nhận linh hồn của hổ tiên"
10130099,Hổ Văn Liệp Thủ,24,16,false,1,-1,1,10000,4,200,false,1,-1,-1,2160,,,"<color=#33ff99>(Hạn sử dụng 90 ngày, tính từ khi bắt đầu mua)#r<color=#FFFFFF>Tương truyền hổ khi hóa tiên đã để lại một mảnh da, những người thợ săn trang bị áo da hổ này có thể cảm nhận linh hồn của hổ tiên"
10130100,Hổ Văn Liệp Thủ,24,16,false,1,-1,1,10000,4,200,false,1,-1,-1,-1,,,"Tương truyền hổ khi hóa tiên đã để lại một mảnh da, những người thợ săn trang bị áo da hổ này có thể cảm nhận linh hôn của hổ tiên"
10130101,Huyết Sắc Chiến Giáp,24,16,false,1,-1,1,10000,4,200,false,1,-1,-1,72,,,"<color=#33ff99>(Hạn sử dụng 3 ngày, tính từ khi bắt đầu mua)#r<color=#FFFFFF>Chiến giáp màu tà dương, bị oán linh nguyền rủa."
10130102,Huyết Sắc Chiến Giáp,24,16,false,1,-1,1,10000,4,200,false,1,-1,-1,168,,,"<color=#33ff99>(Hạn sử dụng 7 ngày, tính từ khi bắt đầu mua)#r<color=#FFFFFF>Chiến giáp như tàn dương tịch huyết, do bị bùa chú của Phệ Nhân Huyết nên vĩnh viễn không thể bình yên."
10130103,Huyết Sắc Chiến Giáp,24,16,false,1,-1,1,10000,4,200,false,1,-1,-1,240,,,"<color=#33ff99>(Hạn sử dụng 10 ngày, tính từ khi bắt đầu mua)#r<color=#FFFFFF>Chiến giáp như tàn dương trích huyết, vĩnh thế bất hưu."
10130104,Huyết Sắc Chiến Giáp,24,16,false,1,-1,1,10000,4,200,false,1,-1,-1,720,,,"<color=#33ff99>(Hạn sử dụng 30 ngày, tính từ khi bắt đầu mua)#r<color=#FFFFFF>Chiến giáp như tàn dương tịch huyết, do bị bùa chú của Phệ Nhân Huyết nên vĩnh viễn không thể bình yên."
10130105,Huyết Sắc Chiến Giáp,24,16,false,1,-1,1,10000,4,200,false,1,-1,-1,720,,,"<color=#33ff99>(Hạn sử dụng 30 ngày, tính từ khi bắt đầu mua)#r<color=#FFFFFF>Chiến giáp như tàn dương tịch huyết, do bị bùa chú của Phệ Nhân Huyết nên vĩnh viễn không thể bình yên."
10130106,Huyết Sắc Chiến Giáp,24,16,false,1,-1,1,10000,4,200,false,1,-1,-1,720,,,"<color=#33ff99>(Hạn sử dụng 30 ngày, tính từ khi bắt đầu mua)#r<color=#FFFFFF>Chiến giáp còn đọng lại dấu vết của vị chiến thần trong truyền thuyết, kèm theo lời nguyền bí ẩn, giải lời nguyền có thể sở hữu sức mạnh vô song"
10130107,Huyết Sắc Chiến Giáp,24,16,false,1,-1,1,10000,4,200,false,1,-1,-1,1440,,,"<color=#33ff99>(Hạn sử dụng 60 ngày, tính từ khi bắt đầu mua)#r<color=#FFFFFF>Chiến giáp còn đọng lại dấu vết của vị chiến thần trong truyền thuyết, kèm theo lời nguyền bí ẩn, giải lời nguyền có thể sở hữu sức mạnh vô song"
10130108,Huyết Sắc Chiến Giáp,24,16,false,1,-1,1,10000,4,200,false,1,-1,-1,2160,,,"<color=#33ff99>(Hạn sử dụng 90 ngày, tính từ khi bắt đầu mua)#r<color=#FFFFFF>Chiến giáp còn đọng lại dấu vết của vị chiến thần trong truyền thuyết, kèm theo lời nguyền bí ẩn, giải lời nguyền có thể sở hữu sức mạnh vô song"
10130109,Huyết Sắc Chiến Giáp,24,16,false,1,-1,1,10000,4,200,false,1,-1,-1,-1,,,"Chiến giáp còn đọng lại dấu vết của vị chiến thần trong truyền thuyết, kèm theo lời nguyền bí ẩn, giải lời nguyền có thể sở hữu sức mạnh vô song"
10130110,Tuyết Vũ Sương Y,24,16,false,1,-1,1,10000,4,200,false,1,-1,-1,24,,,"<color=#33ff99>(Hạn sử dụng 1 ngày, tính từ khi bắt đầu mua)#r<color=#FFFFFF>Phi tuyết như yên lạc sương y,#rTây phong phủ vũ ngự phong quy."
10130111,Tuyết Vũ Sương Y,24,16,false,1,-1,1,10000,4,200,false,1,-1,-1,24,,,"<color=#33ff99>(Hạn sử dụng 1 ngày, tính từ khi bắt đầu mua)#r<color=#FFFFFF>Phi tuyết như yên lạc sương y,#rTây phong phủ vũ ngự phong quy."
10130112,Tuyết Vũ Sương Y,24,16,false,1,-1,1,10000,4,200,false,1,-1,-1,24,,,"<color=#33ff99>(Hạn sử dụng 1 ngày, tính từ khi bắt đầu mua)#r<color=#FFFFFF>Phi tuyết như yên lạc sương y,#rTây phong phủ vũ ngự phong quy."
10130113,Tuyết Vũ Sương Y,24,16,false,1,-1,1,10000,4,200,false,1,-1,-1,24,,,"<color=#33ff99>(Hạn sử dụng 1 ngày, tính từ khi bắt đầu mua)#r<color=#FFFFFF>Phi tuyết như yên lạc sương y,#rTây phong phủ vũ ngự phong quy."
10130114,Tuyết Vũ Sương Y,24,16,false,1,-1,1,10000,4,200,false,1,-1,-1,24,,,"<color=#33ff99>(Hạn sử dụng 1 ngày, tính từ khi bắt đầu mua)#r<color=#FFFFFF>Phi tuyết như yên lạc sương y,#rTây phong phủ vũ ngự phong quy."
10130115,Tuyết Vũ Sương Y,24,16,false,1,-1,1,10000,4,200,false,1,-1,-1,24,,,"<color=#33ff99>(Hạn sử dụng 1 ngày, tính từ khi bắt đầu mua)#r<color=#FFFFFF> phi tuyết như yên lạc sương y,#rtây phong phủ vũ ngự phong quy."
10130116,Tuyết Vũ Sương Y,24,16,false,1,-1,1,10000,4,200,false,1,-1,-1,72,,,"<color=#33ff99>(Hạn sử dụng 3 ngày, tính từ khi bắt đầu mua)#r<color=#FFFFFF>Phi tuyết như yên lạc sương y.#rTây phong phủ vũ ngự phong quy."
10130117,Tuyết Vũ Sương Y,24,16,false,1,-1,1,10000,4,200,false,1,-1,-1,72,,,"<color=#33ff99>(Hạn sử dụng 3 ngày, tính từ khi bắt đầu mua)#r<color=#FFFFFF>Phi tuyết như yên lạc sương y,#rTây phong phủ vũ ngự phong quy."
10130118,Tuyết Vũ Sương Y,24,16,false,1,-1,1,10000,4,200,false,1,-1,-1,72,,,"<color=#33ff99>(Hạn sử dụng 3 ngày, tính từ khi bắt đầu mua)#r<color=#FFFFFF>Phi tuyết như yên lạc sương y, #rTây phong phủ vũ ngự phong quy."
10130119,Tuyết Vũ Sương Y,24,16,false,1,-1,1,10000,4,200,false,1,-1,-1,168,,,"<color=#33ff99>(Hạn sử dụng 7 ngày, tính từ khi bắt đầu mua)#r<color=#FFFFFF>Phi tuyết như yên lạc sương y,#rTây phong phủ vũ ngự phong quy."
10130120,Tuyết Vũ Sương Y,24,16,false,1,-1,1,10000,4,200,false,1,-1,-1,360,,,"<color=#33ff99>(Hạn sử dụng 15 ngày, tính từ khi bắt đầu mua)#r<color=#FFFFFF>Phi tuyết như yên lạc sương y,#rTây phong phủ vũ ngự phong quy."
10130121,Tuyết Vũ Sương Y,24,16,false,1,-1,1,10000,4,200,false,1,-1,-1,720,,,"<color=#33ff99>(Hạn sử dụng 30 ngày, tính từ khi bắt đầu mua)#r<color=#FFFFFF>Phi tuyết như yên lạc sương y,#rTây phong phủ vũ ngự phong quy."
10130122,Tuyết Vũ Sương Y,24,16,false,1,-1,1,10000,4,200,false,1,-1,-1,720,,,"<color=#33ff99>(Hạn sử dụng 30 ngày, tính từ khi bắt đầu mua)#r<color=#FFFFFF>Phi tuyết như yên lạc sương y, #rtây phong phủ vũ ngự phong quy.<br><color=#00FF00>Đến Lạc Dương tìm Y Thiên Thái tiến hành nhuộm màu cho thời trang"
10130123,Tuyết Vũ Sương Y,24,16,false,1,-1,1,10000,4,200,false,1,-1,-1,2160,,,"<color=#33ff99>(Hạn sử dụng 90 ngày, tính từ khi bắt đầu mua)#r<color=#FFFFFF>Phi tuyết như yên lạc sương y, #rtây phong phủ vũ ngự phong quy.<br><color=#00FF00>Đến Lạc Dương tìm Y Thiên Thái tiến hành nhuộm màu cho thời trang"
10130124,Tuyết Vũ Sương Y,24,16,false,1,-1,1,10000,4,200,false,1,-1,-1,-1,,,"Phi tuyết như yên lạc sương y, #rtây phong phủ vũ ngự phong quy.<br><color=#00FF00>Đến Lạc Dương tìm Y Thiên Thái tiến hành nhuộm màu cho thời trang"
10130125,Tuyết Vũ Sương Y,24,16,false,1,-1,1,10000,4,200,false,1,-1,-1,-1,,,"Phi tuyết như yên lạc sương y, #rtây phong phủ vũ ngự phong quy.<br><color=#00FF00>Đến Lạc Dương tìm Y Thiên Thái tiến hành nhuộm màu cho thời trang"
10130126,Tiên Lữ Tình Duyên,24,16,false,1,-1,1,10000,4,200,false,1,-1,-1,24,,,"<color=#33ff99>(Hạn sử dụng 1 ngày, tính từ khi bắt đầu mua)#r<color=#FFFFFF>Hồng chúc quá bán xuân tiêu noãn,#rKim sinh nguyện tố hóa điệp phi."
10130127,Tiên Lữ Tình Duyên,24,16,false,1,-1,1,10000,4,200,false,1,-1,-1,24,,,"<color=#33ff99>(Hạn sử dụng 1 ngày, tính từ khi bắt đầu mua)#r<color=#FFFFFF>Hồng chúc quá bán xuân tiêu noãn,#rKim sinh nguyện tố hóa điệp phi."
10130128,Tiên Lữ Tình Duyên,24,16,false,1,-1,1,10000,4,200,false,1,-1,-1,24,,,"<color=#33ff99>(Hạn sử dụng 1 ngày, tính từ khi bắt đầu mua)#r<color=#FFFFFF>Hồng chúc quá bán xuân tiêu noãn,#rKim sinh nguyện tố hóa điệp phi."
10130129,Tiên Lữ Tình Duyên,24,16,false,1,-1,1,10000,4,200,false,1,-1,-1,24,,,"<color=#33ff99>(Hạn sử dụng 1 ngày, tính từ khi bắt đầu mua)#r<color=#FFFFFF>Hồng chúc quá bán xuân tiêu noãn, #rkim sinh nguyện tố hóa điệp phi.<br><color=#00FF00>Đến Lạc Dương tìm Y Thiên Thái tiến hành nhuộm màu cho thời trang"
10130130,Tiên Lữ Tình Duyên,24,16,false,1,-1,1,10000,4,200,false,1,-1,-1,72,,,"<color=#33ff99>(Hạn sử dụng 3 ngày, tính từ khi bắt đầu mua)#r<color=#FFFFFF>Hồng chúc quá bán xuân tiêu noãn,#rKim sinh nguyện tố hóa điệp phi."
10130131,Tiên Lữ Tình Duyên,24,16,false,1,-1,1,10000,4,200,false,1,-1,-1,72,,,"<color=#33ff99>(Hạn sử dụng 3 ngày, tính từ khi bắt đầu mua)#r<color=#FFFFFF>Hồng chúc quá bán xuân tiêu noãn,#rKim sinh nguyện tố hóa điệp phi."
10130132,Tiên Lữ Tình Duyên,24,16,false,1,-1,1,10000,4,200,false,1,-1,-1,72,,,"<color=#33ff99>(Hạn sử dụng 3 ngày, tính từ khi bắt đầu mua)#r<color=#FFFFFF>Hồng chúc quá bán xuân tiêu noãn,#rKim sinh nguyện tố hóa điệp phi."
10130133,Tiên Lữ Tình Duyên,24,16,false,1,-1,1,10000,4,200,false,1,-1,-1,72,,,"<color=#33ff99>(Hạn sử dụng 3 ngày, tính từ khi bắt đầu mua)#r<color=#FFFFFF>Hồng chúc quá bán xuân tiêu noãn,#rKim sinh nguyện tố hóa điệp phi."
10130134,Tiên Lữ Tình Duyên,24,16,false,1,-1,1,10000,4,200,false,1,-1,-1,72,,,"<color=#33ff99>(Hạn sử dụng 3 ngày, tính từ khi bắt đầu mua)#r<color=#FFFFFF>Hồng chúc quá bán xuân tiêu noãn,#rKim sinh nguyện tố hóa điệp phi."
10130135,Tiên Lữ Tình Duyên,24,16,false,1,-1,1,10000,4,200,false,1,-1,-1,72,,,"<color=#33ff99>(Hạn sử dụng 3 ngày, tính từ khi bắt đầu mua)#r<color=#FFFFFF>Hồng chúc quá bán xuân tiêu noãn,#rKim sinh nguyện tố hóa điệp phi."
10130136,Tiên Lữ Tình Duyên,24,16,false,1,-1,1,10000,4,200,false,1,-1,-1,72,,,"<color=#33ff99>(Hạn sử dụng 3 ngày, tính từ khi bắt đầu mua)#r<color=#FFFFFF>Hồng chúc quá bán xuân tiêu noãn,#rKim sinh nguyện tố hóa điệp phi."
10130137,Tiên Lữ Tình Duyên,24,16,false,1,-1,1,10000,4,200,false,1,-1,-1,168,,,"<color=#33ff99>(Hạn sử dụng 7 ngày, tính từ khi bắt đầu mua)#r<color=#FFFFFF>Hồng chúc quá bán xuân tiêu noãn, #rkim sinh nguyện tố hóa điệp phi.<br><color=#00FF00>Đến Lạc Dương tìm Y Thiên Thái tiến hành nhuộm màu cho thời trang"
10130138,Tiên Lữ Tình Duyên,24,16,false,1,-1,1,10000,4,200,false,1,-1,-1,168,,,"<color=#33ff99>(Hạn sử dụng 7 ngày, tính từ khi bắt đầu mua)#r<color=#FFFFFF>Hồng chúc quá bán xuân tiêu noãn,#rKim sinh nguyện tố hóa điệp phi."
10130139,Tiên Lữ Tình Duyên,24,16,false,1,-1,1,10000,4,200,false,1,-1,-1,168,,,"<color=#33ff99>(Hạn sử dụng 7 ngày, tính từ khi bắt đầu mua)#r<color=#FFFFFF>Hồng chúc quá bán xuân tiêu noãn,#rKim sinh nguyện tố hóa điệp phi."
10130140,Tiên Lữ Tình Duyên,24,16,false,1,-1,1,10000,4,200,false,1,-1,-1,168,,,"<color=#33ff99>(Hạn sử dụng 7 ngày, tính từ khi bắt đầu mua)#r<color=#FFFFFF>Hồng chúc quá bán xuân tiêu noãn,#rKim sinh nguyện tố hóa điệp phi."
10130141,Tiên Lữ Tình Duyên,24,16,false,1,-1,1,10000,4,200,false,1,-1,-1,168,,,"<color=#33ff99>(Hạn sử dụng 7 ngày, tính từ khi bắt đầu mua)#r<color=#FFFFFF>Hồng chúc quá bán xuân tiêu noãn,#rKim sinh nguyện tố hóa điệp phi."
10130142,Tiên Lữ Tình Duyên,24,16,false,1,-1,1,10000,4,200,false,1,-1,-1,360,,,"<color=#33ff99>(Hạn sử dụng 15 ngày, tính từ khi bắt đầu mua)#r<color=#FFFFFF>Hồng chúc quá bán xuân tiêu noãn,#rKim sinh nguyện tố hóa điệp phi."
10130143,Tiên Lữ Tình Duyên,24,16,false,1,-1,1,10000,4,200,false,1,-1,-1,360,,,"<color=#33ff99>(Hạn sử dụng 15 ngày, tính từ khi bắt đầu mua)#r<color=#FFFFFF>Hồng chúc quá bán xuân tiêu noãn,#rKim sinh nguyện tố hóa điệp phi."
10130144,Tiên Lữ Tình Duyên,24,16,false,1,-1,1,10000,4,200,false,1,-1,-1,720,,,"<color=#33ff99>(Hạn sử dụng 30 ngày, tính từ khi bắt đầu mua)#r<color=#FFFFFF>Hồng chúc quá bán xuân tiêu noãn, #rkim sinh nguyện tố hóa điệp phi.<br><color=#00FF00>Đến Lạc Dương tìm Y Thiên Thái tiến hành nhuộm màu cho thời trang"
10130145,Tiên Lữ Tình Duyên,24,16,false,1,-1,1,10000,4,200,false,1,-1,-1,720,,,"<color=#33ff99>(Hạn sử dụng 30 ngày, tính từ khi bắt đầu mua)#r<color=#FFFFFF>Hồng chúc quá bán xuân tiêu noãn, #rkim sinh nguyện tố hóa điệp phi.<br><color=#00FF00>Đến Lạc Dương tìm Y Thiên Thái tiến hành nhuộm màu cho thời trang"
10130146,Tiên Lữ Tình Duyên,24,16,false,1,-1,1,10000,4,200,false,1,-1,-1,720,,,"<color=#33ff99>(Hạn sử dụng 30 ngày, tính từ khi bắt đầu mua)#r<color=#FFFFFF>Hồng chúc quá bán xuân tiêu noãn,#rKim sinh nguyện tố hóa điệp phi."
10130147,Tiên Lữ Tình Duyên,24,16,false,1,-1,1,10000,4,200,false,1,-1,-1,720,,,"<color=#33ff99>(Hạn sử dụng 30 ngày, tính từ khi bắt đầu mua)#r<color=#FFFFFF>Hồng chúc quá bán xuân tiêu noãn,#rKim sinh nguyện tố hóa điệp phi."
10130148,Tiên Lữ Tình Duyên,24,16,false,1,-1,1,10000,4,200,false,1,-1,-1,720,,,"<color=#33ff99>(Hạn sử dụng 30 ngày, tính từ khi bắt đầu mua)#r<color=#FFFFFF>Hồng chúc quá bán xuân tiêu noãn,#rKim sinh nguyện tố hóa điệp phi."
10130149,Tiên Lữ Tình Duyên,24,16,false,1,-1,1,10000,4,200,false,1,-1,-1,720,,,"<color=#33ff99>(Hạn sử dụng 30 ngày, tính từ khi bắt đầu mua)#r<color=#FFFFFF>Hồng chúc quá bán xuân tiêu noãn,#rKim sinh nguyện tố hóa điệp phi."
10130150,Tiên Lữ Tình Duyên,24,16,false,1,-1,1,10000,4,200,false,1,-1,-1,720,,,"<color=#33ff99>(Hạn sử dụng 30 ngày, tính từ khi bắt đầu mua)#r<color=#FFFFFF>Hồng chúc quá bán xuân tiêu noãn,#rKim sinh nguyện tố hóa điệp phi."
10130151,Tiên Lữ Tình Duyên,24,16,false,1,-1,1,10000,4,200,false,1,-1,-1,2160,,,"<color=#33ff99>(Hạn sử dụng 90 ngày, tính từ khi bắt đầu mua)#r<color=#FFFFFF>Hồng chúc quá bán xuân tiêu noãn, #rkim sinh nguyện tố hóa điệp phi.<br><color=#00FF00>Đến Lạc Dương tìm Y Thiên Thái tiến hành nhuộm màu cho thời trang"
10130152,Tiên Lữ Tình Duyên,24,16,false,1,-1,1,10000,4,200,false,1,-1,-1,2160,,,"<color=#33ff99>(Hạn sử dụng 90 ngày, tính từ khi bắt đầu mua)#r<color=#FFFFFF>Hồng chúc quá bán xuân tiêu noãn,#rKim sinh nguyện tố hóa điệp phi."
10130153,Tiên Lữ Tình Duyên,24,16,false,1,-1,1,10000,4,200,false,1,-1,-1,-1,,,"Hồng chúc quá bán xuân tiêu noãn,#rKim sinh nguyện tố hóa điệp phi."
10130154,Tiên Lữ Tình Duyên,24,16,false,1,-1,1,10000,4,200,false,1,-1,-1,-1,,,"Hồng chúc quá bán xuân tiêu noãn,#rKim sinh nguyện tố hóa điệp phi."
10130155,Tiên Lữ Tình Duyên,24,16,false,1,-1,1,10000,4,200,false,1,-1,-1,-1,,,"Hồng chúc quá bán xuân tiêu noãn,#rKim sinh nguyện tố hóa điệp phi.<color=#00FF00>Đến Lạc Dương tìm Y Thiên Thái tiến hành nhuộm màu cho thời trang."
10130156,Tiên Lữ Tình Duyên,24,16,false,1,-1,1,10000,4,200,false,1,-1,-1,-1,,,"Hồng chúc quá bán xuân tiêu noãn,#rKim sinh nguyện tố hóa điệp phi."
10130157,Tiên Lữ Tình Duyên,24,16,false,1,-1,1,10000,4,200,false,1,-1,-1,-1,,,"Hồng chúc quá bán xuân tiêu noãn,#rKim sinh nguyện tố hóa điệp phi."
10130158,Tiên Lữ Tình Duyên,24,16,false,1,-1,1,10000,4,200,false,1,-1,-1,-1,,,"Hồng chúc quá bán xuân tiêu noãn,#rKim sinh nguyện tố hóa điệp phi."
10130159,Dã Tính Chi Phong,24,16,false,1,-1,1,10000,4,200,false,1,-1,-1,720,,,"<color=#33ff99>(Hạn sử dụng 30 ngày, tính từ khi bắt đầu mua)#r<color=#FFFFFF>Sinh mệnh chi sắc vĩnh sinh #rTự nhiên chi lực vĩnh hằng"
10130160,Dã Tính Chi Phong,24,16,false,1,-1,1,10000,4,200,false,1,-1,-1,2160,,,"<color=#33ff99>(Hạn sử dụng 90 ngày, tính từ khi bắt đầu mua)#r<color=#FFFFFF>Sinh mệnh chi sắc vĩnh sinh #rTự nhiên chi lực vĩnh hằng"
10130161,Dã Tính Chi Phong,24,16,false,1,-1,1,10000,4,200,false,1,-1,-1,-1,,,Sinh mệnh chi sắc vĩnh sinh #rTự nhiên chi lực vĩnh hằng
10130162,Giáng Sinh Vui Vẻ,24,16,false,1,-1,1,10000,4,200,false,1,-1,-1,72,,,"<color=#33ff99>(Hạn sử dụng 3 ngày, tính từ khi bắt đầu mua)#r<color=#FFFFFF>Trước khi mặc y phục này phải đảm bảo chuẩn bị đủ quà giáng sinh."
10130163,Giáng Sinh Vui Vẻ,24,16,false,1,-1,1,10000,4,200,false,1,-1,-1,72,,,"<color=#33ff99>(Hạn sử dụng 3 ngày, tính từ khi bắt đầu mua)#r<color=#FFFFFF>Trước khi mặc y phục vào, hãy chuẩn bị đón nhận những món quà trong lễ giáng sinh."
10130164,Giáng Sinh Vui Vẻ,24,16,false,1,-1,1,10000,4,200,false,1,-1,-1,168,,,"<color=#33ff99>(Hạn sử dụng 7 ngày, tính từ khi bắt đầu mua)#r<color=#FFFFFF>Trước khi mặc y phục này hãy xác nhận đã chuẩn bị xong phần quà noel."
10130165,Giáng Sinh Vui Vẻ,24,16,false,1,-1,1,10000,4,200,false,1,-1,-1,360,,,"<color=#33ff99>(Hạn sử dụng 15 ngày, tính từ khi bắt đầu mua)#r<color=#FFFFFF>Mặc y phục này vào hãy nhớ chuẩn bị đủ quà Giáng Sinh."
10130166,Giáng Sinh Vui Vẻ,24,16,false,1,-1,1,10000,4,200,false,1,-1,-1,360,,,"<color=#33ff99>(Hạn sử dụng 15 ngày, tính từ khi bắt đầu mua)#r<color=#FFFFFF>Mặc y phục này vào hãy nhớ chuẩn bị đủ quà Giáng Sinh."
10130167,Giáng Sinh Vui Vẻ,24,16,false,1,-1,1,10000,4,200,false,1,-1,-1,720,,,"<color=#33ff99>(Hạn sử dụng 30 ngày, tính từ khi bắt đầu mua)#r<color=#FFFFFF>Trước khi mặc y phục này hãy xác nhận đã chuẩn bị xong phần quà noel."
10130168,Giáng Sinh Vui Vẻ,24,16,false,1,-1,1,10000,4,200,false,1,-1,-1,2160,,,"<color=#33ff99>(Hạn sử dụng 90 ngày, tính từ khi bắt đầu mua)#r<color=#FFFFFF>Trước khi trang bị y phục vào, hãy chuẩn bị đón nhận những món quà trong lễ giáng sinh"
10130169,Giáng Sinh Vui Vẻ,24,16,false,1,-1,1,10000,4,200,false,1,-1,-1,4320,,,"<color=#33ff99>(Hạn sử dụng 180 ngày, tính từ khi bắt đầu mua)#r<color=#FFFFFF>Trước khi mặc y phục này hãy xác nhận đã chuẩn bị xong phần quà noel."
10130170,Giáng Sinh Vui Vẻ,24,16,false,1,-1,1,10000,4,200,false,1,-1,-1,-1,,,"Trước khi trang bị y phục vào, hãy chuẩn bị đón nhận những món quà trong lễ giáng sinh"
10130171,Dạ Hỏa Long Ngâm,24,16,false,1,-1,1,10000,4,200,false,1,-1,-1,720,,,"<color=#33ff99>(Hạn sử dụng 30 ngày, tính từ khi bắt đầu mua)#r<color=#FFFFFF>Long khiếu cửu thiên phong vân biến #rVăn ngữ tiêu tương Lạc Kim Phụng"
10130172,Dạ Hỏa Long Ngâm,24,16,false,1,-1,1,10000,4,200,false,1,-1,-1,2160,,,"<color=#33ff99>(Hạn sử dụng 90 ngày, tính từ khi bắt đầu mua)#r<color=#FFFFFF>Long khiếu cửu thiên phong vân biến #rVăn ngữ tiêu tương Lạc Kim Phụng"
10130173,Dạ Hỏa Long Ngâm,24,16,false,1,-1,1,10000,4,200,false,1,-1,-1,-1,,,Long khiếu cửu thiên phong vân biến #rVăn ngữ tiêu tương lạc kim phụng
10130174,Vạn Tử Thiên Hồng,24,16,false,1,-1,1,10000,4,200,false,1,-1,-1,24,,,"<color=#33ff99>(Hạn sử dụng 1 ngày, tính từ khi bắt đầu mua)#r<color=#FFFFFF>Nhất niên tứ quý xuân thường tại, #rVạn Tử Thiên Hồng vĩnh khai hoa."
10130175,Vạn Tử Thiên Hồng,24,16,false,1,-1,1,10000,4,200,false,1,-1,-1,168,,,"<color=#33ff99>(Hạn sử dụng 7 ngày, tính từ khi bắt đầu mua)#r<color=#FFFFFF>Nhất niên tứ quý xuân thường tại, #rVạn tử thiên hồng vĩnh khai hoa"
10130176,Vạn Tử Thiên Hồng,24,16,false,1,-1,1,10000,4,200,false,1,-1,-1,168,,,"<color=#33ff99>(Hạn sử dụng 7 ngày, tính từ khi bắt đầu mua)#r<color=#FFFFFF>Nhất niên tứ quý xuân thường tại,#rVạn tử thiên hồng vĩnh khai hoa."
10130177,Vạn Tử Thiên Hồng,24,16,false,1,-1,1,10000,4,200,false,1,-1,-1,720,,,"<color=#33ff99>(Hạn sử dụng 30 ngày, tính từ khi bắt đầu mua)#r<color=#FFFFFF>Một năm bốn mùa luôn như thế, #rhoa khoe sắc thắm khắp chốn vui."
10130178,Vạn Tử Thiên Hồng,24,16,false,1,-1,1,10000,4,200,false,1,-1,-1,720,,,"<color=#33ff99>(Hạn sử dụng 30 ngày, tính từ khi bắt đầu mua)#r<color=#FFFFFF>Nhất niên tứ quý xuân thường tại,#rVạn tử thiên hồng vĩnh khai hoa."
10130179,Vạn Tử Thiên Hồng,24,16,false,1,-1,1,10000,4,200,false,1,-1,-1,720,,,"<color=#33ff99>(Hạn sử dụng 30 ngày, tính từ khi bắt đầu mua)#r<color=#FFFFFF>Nhất niên tứ quý xuân thường tại #rVạn tử thiên hồng vĩnh khai hoa"
10130180,Vạn Tử Thiên Hồng,24,16,false,1,-1,1,10000,4,200,false,1,-1,-1,2160,,,"<color=#33ff99>(Hạn sử dụng 90 ngày, tính từ khi bắt đầu mua)#r<color=#FFFFFF>Nhất niên tứ quý xuân thường tại #rVạn tử thiên hồng vĩnh khai hoa"
10130181,Vạn Tử Thiên Hồng,24,16,false,1,-1,1,10000,4,200,false,1,-1,-1,-1,,,"Nhất niên tứ quý xuân thường tại,#rVạn Tử Thiên Hồng vĩnh khai hoa.<color=#00FF00>Đến Lạc Dương tìm Y Thiên Thái tiến hành nhuộm màu cho thời trang."
10130182,Lương Hồng Mãng Quang,24,16,false,1,-1,1,10000,4,200,false,1,-1,-1,720,,,"<color=#33ff99>(Hạn sử dụng 30 ngày, tính từ khi bắt đầu mua)#r<color=#FFFFFF>Thiên kim khuê tú quân bất kiến #rKinh thoa bố quần ẩn tiên hương"
10130183,Lương Hồng Mãng Quang,24,16,false,1,-1,1,10000,4,200,false,1,-1,-1,720,,,"<color=#33ff99>(Hạn sử dụng 30 ngày, tính từ khi bắt đầu mua)#r<color=#FFFFFF>Thiên kim khuê tú quân bất kiến,#rKinh thoa bố quần ẩn tiên hương."
10130184,Lương Hồng Mãng Quang,24,16,false,1,-1,1,10000,4,200,false,1,-1,-1,2160,,,"<color=#33ff99>(Hạn sử dụng 90 ngày, tính từ khi bắt đầu mua)#r<color=#FFFFFF>Thiên kim khuê tú quân bất kiến #rKinh thoa bố quần ẩn tiên hương"
10130185,Lương Hồng Mãng Quang,24,16,false,1,-1,1,10000,4,200,false,1,-1,-1,-1,,,Thiên kim khuê tú quân bất kiến #rKinh thoa bố quần ẩn tiên hương
10130186,Ảm Đạm Điêu Linh,24,16,false,1,-1,1,10000,4,200,false,1,-1,-1,24,,,"<color=#33ff99>(Hạn sử dụng 1 ngày, tính từ khi bắt đầu mua)#r<color=#FFFFFF>Điêu cuồng bán thế ảm tàn sinh,#rLinh hí thương hải đạm cổ chung."
10130187,Ảm Đạm Điêu Linh,24,16,false,1,-1,1,10000,4,200,false,1,-1,-1,24,,,"<color=#33ff99>(Hạn sử dụng 1 ngày, tính từ khi bắt đầu mua)#r<color=#FFFFFF>Điêu cuồng bán thế ảm tàn sinh,#rLinh hí thương hải đạm cổ chung."
10130188,Ảm Đạm Điêu Linh,24,16,false,1,-1,1,10000,4,200,false,1,-1,-1,24,,,"<color=#33ff99>(Hạn sử dụng 1 ngày, tính từ khi bắt đầu mua)#r<color=#FFFFFF>Điêu cuồng bán thế ảm tàn sinh,#rLinh hí thương hải đạm cổ chung."
10130189,Ảm Đạm Điêu Linh,24,16,false,1,-1,1,10000,4,200,false,1,-1,-1,24,,,"<color=#33ff99>(Hạn sử dụng 1 ngày, tính từ khi bắt đầu mua)#r<color=#FFFFFF>Điêu cuồng bán thế ảm tàn sinh, #rlinh hí thương hải đạm cổ chung.<br><color=#00FF00>Đến Lạc Dương tìm Y Thiên Thái tiến hành nhuộm màu cho thời trang"
10130190,Ảm Đạm Điêu Linh,24,16,false,1,-1,1,10000,4,200,false,1,-1,-1,72,,,"<color=#33ff99>(Hạn sử dụng 3 ngày, tính từ khi bắt đầu mua)#r<color=#FFFFFF>Điêu cuồng bán thế ảm tàn sinh,#rLinh hí thương hải đạm cổ chung."
10130191,Ảm Đạm Điêu Linh,24,16,false,1,-1,1,10000,4,200,false,1,-1,-1,72,,,"<color=#33ff99>(Hạn sử dụng 3 ngày, tính từ khi bắt đầu mua)#r<color=#FFFFFF>Điêu cuồng bán thế ảm tàn sinh,#rLinh hí thương hải đạm cổ chung."
10130192,Ảm Đạm Điêu Linh,24,16,false,1,-1,1,10000,4,200,false,1,-1,-1,72,,,"<color=#33ff99>(Hạn sử dụng 3 ngày, tính từ khi bắt đầu mua)#r<color=#FFFFFF>Điêu cuồng bán thế ảm tàn sinh,#rLinh hí thương hải đạm cổ chung."
10130193,Ảm Đạm Điêu Linh,24,16,false,1,-1,1,10000,4,200,false,1,-1,-1,72,,,"<color=#33ff99>(Hạn sử dụng 3 ngày, tính từ khi bắt đầu mua)#r<color=#FFFFFF>Điêu cuồng bán thế ảm tàn sinh,#rLinh hí thương hải đạm cổ chung."
10130194,Ảm Đạm Điêu Linh,24,16,false,1,-1,1,10000,4,200,false,1,-1,-1,72,,,"<color=#33ff99>(Hạn sử dụng 3 ngày, tính từ khi bắt đầu mua)#r<color=#FFFFFF>Điêu cuồng bán thế ảm tàn sinh,#rLinh hí thương hải đạm cổ chung."
10130195,Ảm Đạm Điêu Linh,24,16,false,1,-1,1,10000,4,200,false,1,-1,-1,72,,,"<color=#33ff99>(Hạn sử dụng 3 ngày, tính từ khi bắt đầu mua)#r<color=#FFFFFF>Điêu cuồng bán thế ảm tàn sinh,#rLinh hí thương hải đạm cổ chung."
10130196,Ảm Đạm Điêu Linh,24,16,false,1,-1,1,10000,4,200,false,1,-1,-1,168,,,"<color=#33ff99>(Hạn sử dụng 7 ngày, tính từ khi bắt đầu mua)#r<color=#FFFFFF>Điêu cuồng bán thế ảm tàn sinh, #rLinh hí thương hải đạm cổ chung."
10130197,Ảm Đạm Điêu Linh,24,16,false,1,-1,1,10000,4,200,false,1,-1,-1,360,,,"<color=#33ff99>(Hạn sử dụng 15 ngày, tính từ khi bắt đầu mua)#r<color=#FFFFFF>Điêu cuồng bán thế ảm tàn sinh,#rLinh hí thương hải đạm cổ chung."
10130198,Ảm Đạm Điêu Linh,24,16,false,1,-1,1,10000,4,200,false,1,-1,-1,720,,,"<color=#33ff99>(Hạn sử dụng 30 ngày, tính từ khi bắt đầu mua)#r<color=#FFFFFF>Điêu cuồng bán thế ảm tàn sinh, #rlinh hí thương hải đạm cổ chung.<br><color=#00FF00>Đến Lạc Dương tìm Y Thiên Thái tiến hành nhuộm màu cho thời trang"
10130199,Ảm Đạm Điêu Linh,24,16,false,1,-1,1,10000,4,200,false,1,-1,-1,720,,,"<color=#33ff99>(Hạn sử dụng 30 ngày, tính từ khi bắt đầu mua)#r<color=#FFFFFF>Điêu cuồng bán thế ảm tàn sinh,#rLinh hí thương hải đạm cổ chung."
10130200,Ảm Đạm Điêu Linh,24,16,false,1,-1,1,10000,4,200,false,1,-1,-1,720,,,"<color=#33ff99>(Hạn sử dụng 30 ngày, tính từ khi bắt đầu mua)#r<color=#FFFFFF>Điêu cuồng bán thế ảm tàn sinh,#rLinh hí thương hải đạm cổ chung."
10130201,Ảm Đạm Điêu Linh,24,16,false,1,-1,1,10000,4,200,false,1,-1,-1,720,,,"<color=#33ff99>(Hạn sử dụng 30 ngày, tính từ khi bắt đầu mua)#r<color=#FFFFFF>Điêu cuồng bán thế ảm tàn sinh,#rLinh hí thương hải đạm cổ chung."
10130202,Ảm Đạm Điêu Linh,24,16,false,1,-1,1,10000,4,200,false,1,-1,-1,720,,,"<color=#33ff99>(Hạn sử dụng 30 ngày, tính từ khi bắt đầu mua)#r<color=#FFFFFF>Điêu cuồng bán thế ảm tàn sinh #rLinh hí thương hải đạm cổ chung"
10130203,Ảm Đạm Điêu Linh,24,16,false,1,-1,1,10000,4,200,false,1,-1,-1,720,,,"<color=#33ff99>(Hạn sử dụng 30 ngày, tính từ khi bắt đầu mua)#r<color=#FFFFFF>Điêu cuồng bán thế ảm tàn sinh,#rLinh hí thương hải đạm cổ chung."
10130204,Ảm Đạm Điêu Linh,24,16,false,1,-1,1,10000,4,200,false,1,-1,-1,2160,,,"<color=#33ff99>(Hạn sử dụng 90 ngày, tính từ khi bắt đầu mua)#r<color=#FFFFFF>Điêu cuồng bán thế ảm tàn sinh, #rlinh hí thương hải đạm cổ chung.<br><color=#00FF00>Đến Lạc Dương tìm Y Thiên Thái tiến hành nhuộm màu cho thời trang"
10130205,Ảm Đạm Điêu Linh,24,16,false,1,-1,1,10000,4,200,false,1,-1,-1,-1,,,"Điêu cuồng bán thế ảm tàn sinh, #rlinh hí thương hải đạm cổ chung.<br><color=#00FF00>Đến Lạc Dương tìm Y Thiên Thái tiến hành nhuộm màu cho thời trang"
10130206,Thanh Phong Di Giang,24,16,false,1,-1,1,10000,4,200,false,1,-1,-1,24,,,"<color=#33ff99>(Hạn sử dụng 1 ngày, tính từ khi bắt đầu mua)#r<color=#FFFFFF>Thanh phong hữu tình quân ý thiếp, #rMộng hồi di giang đãi tâm duyên.<br><color=#00FF00>Đến Lạc Dương tìm Y Thiên Thái tiến hành nhuộm màu cho thời trang"
10130207,Thanh Phong Di Giang,24,16,false,1,-1,1,10000,4,200,false,1,-1,-1,24,,,"<color=#33ff99>(Hạn sử dụng 1 ngày, tính từ khi bắt đầu mua)#r<color=#FFFFFF>Thanh phong hữu tình quân ý thiệp,#rMộng hồi di giang đãi tâm duyên."
10130208,Thanh Phong Di Giang,24,16,false,1,-1,1,10000,4,200,false,1,-1,-1,24,,,"<color=#33ff99>(Hạn sử dụng 1 ngày, tính từ khi bắt đầu mua)#r<color=#FFFFFF>Thanh phong hữu tình quân ý thiệp,#rMộng hồi di giang đãi tâm duyên."
10130209,Thanh Phong Di Giang,24,16,false,1,-1,1,10000,4,200,false,1,-1,-1,24,,,"<color=#33ff99>(Hạn sử dụng 1 ngày, tính từ khi bắt đầu mua)#r<color=#FFFFFF>Thanh phong hữu tình quân ý thiệp,#rMộng hồi di giang đãi tâm duyên."
10130210,Thanh Phong Di Giang,24,16,false,1,-1,1,10000,4,200,false,1,-1,-1,72,,,"<color=#33ff99>(Hạn sử dụng 3 ngày, tính từ khi bắt đầu mua)#r<color=#FFFFFF>Thanh phong hữu tình quân ý thiệp,#rMộng hồi di giang đãi tâm duyên."
10130211,Thanh Phong Di Giang,24,16,false,1,-1,1,10000,4,200,false,1,-1,-1,72,,,"<color=#33ff99>(Hạn sử dụng 3 ngày, tính từ khi bắt đầu mua)#r<color=#FFFFFF>Thanh phong hữu tình quân ý thiệp,#rMộng hồi di giang đãi tâm duyên."
10130212,Thanh Phong Di Giang,24,16,false,1,-1,1,10000,4,200,false,1,-1,-1,72,,,"<color=#33ff99>(Hạn sử dụng 3 ngày, tính từ khi bắt đầu mua)#r<color=#FFFFFF>Thanh phong hữu tình quân ý thiệp,#rMộng hồi di giang đãi tâm duyên."
10130213,Thanh Phong Di Giang,24,16,false,1,-1,1,10000,4,200,false,1,-1,-1,72,,,"<color=#33ff99>(Hạn sử dụng 3 ngày, tính từ khi bắt đầu mua)#r<color=#FFFFFF>Thanh phong hữu tình quân ý thiệp,#rMộng hồi di giang đãi tâm duyên."
10130214,Thanh Phong Di Giang,24,16,false,1,-1,1,10000,4,200,false,1,-1,-1,72,,,"<color=#33ff99>(Hạn sử dụng 3 ngày, tính từ khi bắt đầu mua)#r<color=#FFFFFF>Thanh phong hữu tình quân ý thiệp,#rMộng hồi di giang đãi tâm duyên."
10130215,Thanh Phong Di Giang,24,16,false,1,-1,1,10000,4,200,false,1,-1,-1,72,,,"<color=#33ff99>(Hạn sử dụng 3 ngày, tính từ khi bắt đầu mua)#r<color=#FFFFFF>Thanh phong hữu tình quân ý thiệp,#rMộng hồi di giang đãi tâm duyên."
10130216,Thanh Phong Di Giang,24,16,false,1,-1,1,10000,4,200,false,1,-1,-1,72,,,"<color=#33ff99>(Hạn sử dụng 3 ngày, tính từ khi bắt đầu mua)#r<color=#FFFFFF>Thanh phong hữu tình quân ý thiếp,#rMộng hồi di giang đãi tâm duyên."
10130217,Thanh Phong Di Giang,24,16,false,1,-1,1,10000,4,200,false,1,-1,-1,168,,,"<color=#33ff99>(Hạn sử dụng 7 ngày, tính từ khi bắt đầu mua)#r<color=#FFFFFF>Thanh phong hữu tình quân ý thiếp, #rMộng hồi di giang đãi tâm duyên.<br><color=#00FF00>Đến Lạc Dương tìm Y Thiên Thái tiến hành nhuộm màu cho thời trang"
10130218,Thanh Phong Di Giang,24,16,false,1,-1,1,10000,4,200,false,1,-1,-1,168,,,"<color=#33ff99>(Hạn sử dụng 7 ngày, tính từ khi bắt đầu mua)#r<color=#FFFFFF>Thanh phong hữu tình quân ý thiệp,#rMộng hồi di giang đãi tâm duyên."
10130219,Thanh Phong Di Giang,24,16,false,1,-1,1,10000,4,200,false,1,-1,-1,168,,,"<color=#33ff99>(Hạn sử dụng 7 ngày, tính từ khi bắt đầu mua)#r<color=#FFFFFF>Thanh phong hữu tình quân ý thiệp,#rMộng hồi di giang đãi tâm duyên."
10130220,Thanh Phong Di Giang,24,16,false,1,-1,1,10000,4,200,false,1,-1,-1,168,,,"<color=#33ff99>(Hạn sử dụng 7 ngày, tính từ khi bắt đầu mua)#r<color=#FFFFFF>Thanh phong hữu tình quân ý thiệp,#rMộng hồi di giang đãi tâm duyên."
10130221,Thanh Phong Di Giang,24,16,false,1,-1,1,10000,4,200,false,1,-1,-1,168,,,"<color=#33ff99>(Hạn sử dụng 7 ngày, tính từ khi bắt đầu mua)#r<color=#FFFFFF>Thanh phong hữu tình quân ý thiệp,#rMộng hồi di giang đãi tâm duyên."
10130222,Thanh Phong Di Giang,24,16,false,1,-1,1,10000,4,200,false,1,-1,-1,360,,,"<color=#33ff99>(Hạn sử dụng 15 ngày, tính từ khi bắt đầu mua)#r<color=#FFFFFF>Thanh phong hữu tình quân ý khiếp,#rMộng hồi di giang đãi tâm duyên."
10130223,Thanh Phong Di Giang,24,16,false,1,-1,1,10000,4,200,false,1,-1,-1,360,,,"<color=#33ff99>(Hạn sử dụng 15 ngày, tính từ khi bắt đầu mua)#r<color=#FFFFFF>Thanh phong hữu tình quân ý thiệp,#rMộng hồi di giang đãi tâm duyên."
10130224,Thanh Phong Di Giang,24,16,false,1,-1,1,10000,4,200,false,1,-1,-1,360,,,"<color=#33ff99>(Hạn sử dụng 15 ngày, tính từ khi bắt đầu mua)#r<color=#FFFFFF>Thanh phong hữu tình quân ý thiệp,#rMộng hồi di giang đãi tâm duyên.(Không thể nhuộm)<color=#FFFFFF>Phần thưởng nhận được <color=#00FF00>khi tham gia hoạt động thu thập phản hồi<color=#FFFFFF>."
10130225,Thanh Phong Di Giang,24,16,false,1,-1,1,10000,4,200,false,1,-1,-1,360,,,"<color=#33ff99>(Hạn sử dụng 15 ngày, tính từ khi bắt đầu mua)#r<color=#FFFFFF>Thanh phong hữu tình quân ý thiệp,#rMộng hồi di giang đãi tâm duyên."
10130226,Thanh Phong Di Giang,24,16,false,1,-1,1,10000,4,200,false,1,-1,-1,720,,,"<color=#33ff99>(Hạn sử dụng 30 ngày, tính từ khi bắt đầu mua)#r<color=#FFFFFF>Thanh phong hữu tình quân ý thiếp, #rMộng hồi di giang đãi tâm duyên.<br><color=#00FF00>Đến Lạc Dương tìm Y Thiên Thái tiến hành nhuộm màu cho thời trang"
10130227,Thanh Phong Di Giang,24,16,false,1,-1,1,10000,4,200,false,1,-1,-1,720,,,"<color=#33ff99>(Hạn sử dụng 30 ngày, tính từ khi bắt đầu mua)#r<color=#FFFFFF>Thanh phong hữu tình quân ý thiệp,#rMộng hồi di giang đãi tâm duyên."
10130228,Thanh Phong Di Giang,24,16,false,1,-1,1,10000,4,200,false,1,-1,-1,720,,,"<color=#33ff99>(Hạn sử dụng 30 ngày, tính từ khi bắt đầu mua)#r<color=#FFFFFF>Thanh phong hữu tình quân ý thiệp,#rMộng hồi di giang đãi tâm duyên."
10130229,Thanh Phong Di Giang,24,16,false,1,-1,1,10000,4,200,false,1,-1,-1,720,,,"<color=#33ff99>(Hạn sử dụng 30 ngày, tính từ khi bắt đầu mua)#r<color=#FFFFFF>Thanh phong hữu tình quân ý thiệp,#rMộng hồi di giang đãi tâm duyên."
10130230,Thanh Phong Di Giang,24,16,false,1,-1,1,10000,4,200,false,1,-1,-1,720,,,"<color=#33ff99>(Hạn sử dụng 30 ngày, tính từ khi bắt đầu mua)#r<color=#FFFFFF>Thanh phong hữu tình quân ý thiệp,#rMộng hồi di giang đãi tâm duyên."
10130231,Thanh Phong Di Giang,24,16,false,1,-1,1,10000,4,200,false,1,-1,-1,720,,,"<color=#33ff99>(Hạn sử dụng 30 ngày, tính từ khi bắt đầu mua)#r<color=#FFFFFF>Thanh phong hữu tình quân ý thiệp,#rMộng hồi di giang đãi tâm duyên."
10130232,Thanh Phong Di Giang,24,16,false,1,-1,1,10000,4,200,false,1,-1,-1,2160,,,"<color=#33ff99>(Hạn sử dụng 90 ngày, tính từ khi bắt đầu mua)#r<color=#FFFFFF>Thanh phong hữu tình quân ý thiếp, #rMộng hồi di giang đãi tâm duyên.<br><color=#00FF00>Đến Lạc Dương tìm Y Thiên Thái tiến hành nhuộm màu cho thời trang"
10130233,Thanh Phong Di Giang,24,16,false,1,-1,1,10000,4,200,false,1,-1,-1,-1,,,"Thanh phong hữu tình quân ý thiếp,#rMộng hồi di giang đãi tâm duyên."
10130234,Thanh Phong Di Giang,24,16,false,1,-1,1,10000,4,200,false,1,-1,-1,-1,,,"Thanh phong hữu tình quân ý thiếp,#rMộng hồi di giang đãi tâm duyên."
10130235,Thanh Phong Di Giang,24,16,false,1,-1,1,10000,4,200,false,1,-1,-1,-1,,,"Thanh phong hữu tình quân ý thiệp,#rMộng hồi di giang đãi tâm duyên."
10130236,Thanh Phong Di Giang,24,16,false,1,-1,1,10000,4,200,false,1,-1,-1,-1,,,"Thanh phong hữu tình quân ý thiệp,#rMộng hồi di giang đãi tâm duyên."
10130237,Thanh Phong Di Giang,24,16,false,1,-1,1,10000,4,200,false,1,-1,-1,-1,,,"Thanh phong hữu tình quân ý thiếp, #rMộng hồi di giang đãi tâm duyên.<br><color=#00FF00>Đến Lạc Dương tìm Y Thiên Thái tiến hành nhuộm màu cho thời trang"
10130238,Nguyệt Thố Thương Lang,24,16,false,1,-1,1,10000,4,200,false,1,-1,-1,24,,,"<color=#33ff99>(Hạn sử dụng 1 ngày, tính từ khi bắt đầu mua)#r<color=#FFFFFF>Thương nguyên nguyệt sắc ngưỡng thiên hao, #rQuảng hàn môn tiền tố trung trường."
10130239,Nguyệt Thố Thương Lang,24,16,false,1,-1,1,10000,4,200,false,1,-1,-1,168,,,"<color=#33ff99>(Hạn sử dụng 7 ngày, tính từ khi bắt đầu mua)#r<color=#FFFFFF>Thương nguyên nguyệt sắc ngưỡng thiên hao, #rQuảng hàn môn tiền tố trung trường."
10130240,Nguyệt Thố Thương Lang,24,16,false,1,-1,1,10000,4,200,false,1,-1,-1,360,,,"<color=#33ff99>(Hạn sử dụng 15 ngày, tính từ khi bắt đầu mua)#r<color=#FFFFFF>Thương nguyên nguyệt sắc ngưỡng thiên hao"
10130241,Nguyệt Thố Thương Lang,24,16,false,1,-1,1,10000,4,200,false,1,-1,-1,720,,,"<color=#33ff99>(Hạn sử dụng 30 ngày, tính từ khi bắt đầu mua)#r<color=#FFFFFF>Thương nguyên nguyệt sắc ngưỡng thiên hao, #rQuảng hàn môn tiền tố trung trường."
10130242,Nguyệt Thố Thương Lang,24,16,false,1,-1,1,10000,4,200,false,1,-1,-1,2160,,,"<color=#33ff99>(Hạn sử dụng 90 ngày, tính từ khi bắt đầu mua)#r<color=#FFFFFF>Thương nguyên nguyệt sắc ngưỡng thiên hao #rQuảng hàn môn tiền tố chung trường"
10130243,Nguyệt Thố Thương Lang,24,16,false,1,-1,1,10000,4,200,false,1,-1,-1,-1,,,Thương nguyên nguyệt sắc ngưỡng thiên hao #rQuảng hàn môn tiền tố chung trường
10130244,Nghịch Kích Thanh Cương,24,16,false,1,-1,1,10000,4,200,false,1,-1,-1,720,,,"<color=#33ff99>(Hạn sử dụng 30 ngày, tính từ khi bắt đầu mua)#r <color=#FFFFFF>Nghịch kích duyên sinh ôn hầu hoặc #rThanh cương bất trảm mãng đức thương"
10130245,Nghịch Kích Thanh Cương,24,16,false,1,-1,1,10000,4,200,false,1,-1,-1,2160,,,"<color=#33ff99>(Hạn sử dụng 90 ngày, tính từ khi bắt đầu mua)#r <color=#FFFFFF>Nghịch kích duyên sinh ôn hầu hoặc #rThanh cương bất trảm mãng đức thương"
10130246,Nghịch Kích Thanh Cương,24,16,false,1,-1,1,10000,4,200,false,1,-1,-1,-1,,,Nghịch kích duyên sinh ôn hầu hoặc #rThanh cương bất trảm mãng đức thương
10130247,Sơn Minh Hải Thệ,24,16,false,1,-1,1,10000,4,200,false,1,-1,-1,168,,,"<color=#33ff99>(Hạn sử dụng 7 ngày, tính từ khi bắt đầu mua)#r<color=#FFFFFF>Vị hội khiên ngưu ý nhược hà, #rTu yêu chức nữ lộng kim thoa."
10130248,Sơn Minh Hải Thệ,24,16,false,1,-1,1,10000,4,200,false,1,-1,-1,-1,,,"<color=#FFFFFF>Vị hội khiên ngưu ý nhược hà, #rTu yêu chức nữ lộng kim thoa."
10130249,Ca La,24,16,false,1,0,1,10000,4,200,false,1,-1,-1,-1,,,"Tương truyền là Phật Môn Chí Bảo do Thiên Trúc truyền lại.<br><color=#00FF00>Thời trang tiến cấp</color> phái <color=#00FF00>Thiếu Lâm</color>. <color=#00FF00>Trấn Bảo Long Vương</color> cai quản <color=#00FF00>Lâu Lan Bảo Tàng Động</color> cùng vô số rương bảo vật, trong đó bao gồm <color=#FFFF00>[Quái Vật Tương Sách]</color>. Thu thập <color=#FFFF00>20 quyển</color>, có thể đến <color=#00FF00>Đại Lý</color> tìm <color=#FFFF00>Củng Thái Vân</color> để đổi lấy bộ <color=#00FF00>thời trang tiến cấp môn phái</color>."
10130252,Tà Diễm,24,16,false,1,1,1,10000,4,200,false,1,-1,-1,-1,,,"Thánh hỏa hực hực, là bảo vật của Minh Giáo.<br><color=#00FF00>Thời trang tiến cấp</color> phái <color=#00FF00>Minh Giáo</color>. <color=#00FF00>Trấn Bảo Long Vương</color> cai quản <color=#00FF00>Lâu Lan Bảo Tàng Động</color> cùng vô số rương bảo vật, trong đó bao gồm <color=#FFFF00>[Quái Vật Tương Sách]</color>. Thu thập <color=#FFFF00>20 quyển</color>, có thể đến <color=#00FF00>Đại Lý</color> tìm <color=#FFFF00>Củng Thái Vân</color> để đổi lấy bộ <color=#00FF00>thời trang tiến cấp môn phái</color>."
10130255,Túy Ý,24,16,false,1,2,1,10000,4,200,false,1,-1,-1,-1,,,"Tấm áo chắp vá, bảo vật của Cái Bang.<br><color=#00FF00>Thời trang tiến cấp</color> phái <color=#00FF00>Cái Bang</color>. <color=#00FF00>Trấn Bảo Long Vương</color> cai quản <color=#00FF00>Lâu Lan Bảo Tàng Động</color> cùng vô số rương bảo vật, trong đó bao gồm <color=#FFFF00>[Quái Vật Tương Sách]</color>. Thu thập <color=#FFFF00>20 quyển</color>, có thể đến <color=#00FF00>Đại Lý</color> tìm <color=#FFFF00>Củng Thái Vân</color> để đổi lấy bộ <color=#00FF00>thời trang tiến cấp môn phái</color>."
10130258,Tiên Trần,24,16,false,1,4,1,10000,4,200,false,1,-1,-1,-1,,,"Tương truyền trên có gắn bụi ảo diệu, là bảo vật trấn sơn của Nga My.<br><color=#00FF00>Thời trang tiến cấp</color> phái <color=#00FF00>Nga My</color>. <color=#00FF00>Trấn Bảo Long Vương</color> cai quản <color=#00FF00>Lâu Lan Bảo Tàng Động</color> cùng vô số rương bảo vật, trong đó bao gồm <color=#FFFF00>[Quái Vật Tương Sách]</color>. Thu thập <color=#FFFF00>20 quyển</color>, có thể đến <color=#00FF00>Đại Lý</color> tìm <color=#FFFF00>Củng Thái Vân</color> để đổi lấy bộ <color=#00FF00>thời trang tiến cấp môn phái</color>."
10130261,Lưu Hà,24,16,false,1,3,1,10000,4,200,false,1,-1,-1,-1,,,"Mặc vào tăng cao nội lực, là bảo vật của phái Võ Đang.<br><color=#00FF00>Thời trang tiến cấp</color> phái <color=#00FF00>Võ Đang</color>. <color=#00FF00>Trấn Bảo Long Vương</color> cai quản <color=#00FF00>Lâu Lan Bảo Tàng Động</color> cùng vô số rương bảo vật, trong đó bao gồm <color=#FFFF00>[Quái Vật Tương Sách]</color>. Thu thập <color=#FFFF00>20 quyển</color>, có thể đến <color=#00FF00>Đại Lý</color> tìm <color=#FFFF00>Củng Thái Vân</color> để đổi lấy bộ <color=#00FF00>thời trang tiến cấp môn phái</color>."
10130264,Tinh Hàn,24,16,false,1,5,1,10000,4,200,false,1,-1,-1,-1,,,"Trên khảm mảnh huyền thiết, tựa hàn tinh, là bảo vật của Tinh Túc.<br><color=#00FF00>Thời trang tiến cấp</color> phái <color=#00FF00>Tinh Túc</color>. <color=#00FF00>Trấn Bảo Long Vương</color> cai quản <color=#00FF00>Lâu Lan Bảo Tàng Động</color> cùng vô số rương bảo vật, trong đó bao gồm <color=#FFFF00>[Quái Vật Tương Sách]</color>. Thu thập <color=#FFFF00>20 quyển</color>, có thể đến <color=#00FF00>Đại Lý</color> tìm <color=#FFFF00>Củng Thái Vân</color> để đổi lấy bộ <color=#00FF00>thời trang tiến cấp môn phái</color>."
10130267,Dao Quang,24,16,false,1,7,1,10000,4,200,false,1,-1,-1,-1,,,"Dệt từ lông đại bàng trên đỉnh Thiên Sơn, là bảo vật của Thiên Sơn phái.<br><color=#00FF00>Thời trang tiến cấp</color> phái <color=#00FF00>Thiên Sơn</color>. <color=#00FF00>Trấn Bảo Long Vương</color> cai quản <color=#00FF00>Lâu Lan Bảo Tàng Động</color> cùng vô số rương bảo vật, trong đó bao gồm <color=#FFFF00>[Quái Vật Tương Sách]</color>. Thu thập <color=#FFFF00>20 quyển</color>, có thể đến <color=#00FF00>Đại Lý</color> tìm <color=#FFFF00>Củng Thái Vân</color> để đổi lấy bộ <color=#00FF00>thời trang tiến cấp môn phái</color>."
10130270,Lục Khởi,24,16,false,1,8,1,10000,4,200,false,1,-1,-1,-1,,,"Đối tửu đương ca, tự do tự tại, bảo vật của Tiêu Dao phái.<br><color=#00FF00>Thời trang tiến cấp</color> phái <color=#00FF00>Tiêu Dao</color>. <color=#00FF00>Trấn Bảo Long Vương</color> cai quản <color=#00FF00>Lâu Lan Bảo Tàng Động</color> cùng vô số rương bảo vật, trong đó bao gồm <color=#FFFF00>[Quái Vật Tương Sách]</color>. Thu thập <color=#FFFF00>20 quyển</color>, có thể đến <color=#00FF00>Đại Lý</color> tìm <color=#FFFF00>Củng Thái Vân</color> để đổi lấy bộ <color=#00FF00>thời trang tiến cấp môn phái</color>."
10130273,Mạch Ly,24,16,false,1,6,1,10000,4,200,false,1,-1,-1,-1,,,"Bảo vật gia truyền của Đại Lý Đoàn Thị.<br><color=#00FF00>Thời trang tiến cấp</color> phái <color=#00FF00>Thiên Long</color>. <color=#00FF00>Trấn Bảo Long Vương</color> cai quản <color=#00FF00>Lâu Lan Bảo Tàng Động</color> cùng vô số rương bảo vật, trong đó bao gồm <color=#FFFF00>[Quái Vật Tương Sách]</color>. Thu thập <color=#FFFF00>20 quyển</color>, có thể đến <color=#00FF00>Đại Lý</color> tìm <color=#FFFF00>Củng Thái Vân</color> để đổi lấy bộ <color=#00FF00>thời trang tiến cấp môn phái</color>."
10130276,Ngày Ngày Thăng Tiến,24,16,false,1,-1,1,10000,4,200,false,1,-1,-1,24,,,"<color=#33ff99>(Hạn sử dụng 1 ngày, tính từ khi bắt đầu mua)#r<color=#FFFFFF>Cố gắng học tập #rNgày ngày thăng tiến."
10130277,Ngày Ngày Thăng Tiến,24,16,false,1,-1,1,10000,4,200,false,1,-1,-1,168,,,"<color=#33ff99>(Hạn sử dụng 7 ngày, tính từ khi bắt đầu mua)#r<color=#FFFFFF>Cố gắng học tập, #rNgày Ngày Thăng tiến."
10130278,Ngày Ngày Thăng Tiến,24,16,false,1,-1,1,10000,4,200,false,1,-1,-1,336,,,"<color=#33ff99>(Hạn sử dụng 14 ngày, tính từ khi bắt đầu mua)#r<color=#FFFFFF>Hảo hảo học tập, #rThiên thiên hướng thượng."
10130279,Ngày Ngày Thăng Tiến,24,16,false,1,-1,1,10000,4,200,false,1,-1,-1,720,,,"<color=#33ff99>(Hạn sử dụng 30 ngày, tính từ khi bắt đầu mua)#r<color=#FFFFFF>Cố gắng học tập #rNgày ngày thăng tiến."
10130280,Ngày Ngày Thăng Tiến,24,16,false,1,-1,1,10000,4,200,false,1,-1,-1,2160,,,"<color=#33ff99>(Hạn sử dụng 90 ngày, tính từ khi bắt đầu mua)#r<color=#FFFFFF>Cố gắng học tập #rNgày ngày thăng tiến."
10130281,Ngày Ngày Thăng Tiến,24,16,false,1,-1,1,10000,4,200,false,1,-1,-1,2160,,,"<color=#33ff99>(Hạn sử dụng 90 ngày, tính từ khi bắt đầu mua)#r<color=#FFFFFF>Chăm chỉ học tập,#rngày ngày thăng tiến."
10130282,Ngày Ngày Thăng Tiến,24,16,false,1,-1,1,10000,4,200,false,1,-1,-1,-1,,,"Cố gắng học tập, #rNgày ngày thăng tiến."
10130283,Tiêu Phong A Châu,24,16,false,1,-1,1,10000,4,200,false,1,-1,-1,24,,,"<color=#33ff99>(Hạn sử dụng 1 ngày, tính từ khi bắt đầu mua)#r<color=#FFFFFF>Huynh đệ tình thâm bi hoan cộng,#rPhu thê ân ái sinh tử đồng."
10130284,Tiêu Phong A Châu,24,16,false,1,-1,1,10000,4,200,false,1,-1,-1,72,,,"<color=#33ff99>(Hạn sử dụng 3 ngày, tính từ khi bắt đầu mua)#r<color=#FFFFFF>Huynh đệ tình thâm bi hoan cộng,#rPhu thê ân ái sinh tử đồng."
10130285,Tiêu Phong A Châu,24,16,false,1,-1,1,10000,4,200,false,1,-1,-1,168,,,"<color=#33ff99>(Hạn sử dụng 7 ngày, tính từ khi bắt đầu mua)#r<color=#FFFFFF>Huynh đệ tình thâm bi hoan cộng,#rPhu thê ân ái sinh tử đồng."
10130286,Tiêu Phong A Châu,24,16,false,1,-1,1,10000,4,200,false,1,-1,-1,240,,,"<color=#33ff99>(Hạn sử dụng 10 ngày, tính từ khi bắt đầu mua)#r<color=#FFFFFF>Huynh đệ tình thâm bi hoan cộng, #rPhu thê ân ái sinh tử đồng."
10130287,Tiêu Phong A Châu,24,16,false,1,-1,1,10000,4,200,false,1,-1,-1,360,,,"<color=#33ff99>(Hạn sử dụng 15 ngày, tính từ khi bắt đầu mua)#r<color=#FFFFFF>Huynh đệ tình thâm bi hoan cộng,#rPhu thê ân ái sinh tử đồng."
10130288,Tiêu Phong A Châu,24,16,false,1,-1,1,10000,4,200,false,1,-1,-1,360,,,"<color=#33ff99>(Hạn sử dụng 15 ngày, tính từ khi bắt đầu mua)#r<color=#FFFFFF>Huynh đệ tình thâm bi hoan cộng, #rPhu thê ân ái sinh tử đồng."
10130289,Tiêu Phong A Châu,24,16,false,1,-1,1,10000,4,200,false,1,-1,-1,720,,,"<color=#33ff99>(Hạn sử dụng 30 ngày, tính từ khi bắt đầu mua)#r<color=#FFFFFF>Huynh đệ tình thâm bi hoan cộng.#rPhu thê ân ái sinh tử đồng."
10130290,Tiêu Phong A Châu,24,16,false,1,-1,1,10000,4,200,false,1,-1,-1,720,,,"<color=#33ff99>(Hạn sử dụng 30 ngày, tính từ khi bắt đầu mua)#r<color=#FFFFFF>Huynh đệ tình thâm bi hoan cộng, #rPhu thê ân ái sinh tử đồng."
10130291,Tiêu Phong A Châu,24,16,false,1,-1,1,10000,4,200,false,1,-1,-1,2160,,,"<color=#33ff99>(Hạn sử dụng 90 ngày, tính từ khi bắt đầu mua)#r<color=#FFFFFF>Huynh đệ tình thâm bi hoan cộng #rPhu thê ân ái sinh tử đồng."
10130292,Tiêu Phong A Châu,24,16,false,1,-1,1,10000,4,200,false,1,-1,-1,-1,,,Huynh đệ tình thâm bi hoan cộng #rPhu thê ân ái sinh tử đồng.
10130293,Tiêu Phong A Châu,24,16,false,1,-1,1,10000,4,200,false,1,-1,-1,-1,,,Huynh đệ tình thâm bi hoan cộng #rPhu thê ân ái sinh tử đồng.
10130294,Sơ Cuồng Ám Hương,24,16,false,1,-1,1,10000,4,200,false,1,-1,-1,24,,,"<color=#33ff99>(Hạn sử dụng 1 ngày, tính từ khi bắt đầu mua)#r<color=#FFFFFF> sơ cuồng bả tửu hoàng hôn hậu,#rhữu ám hương doanh tụ."
10130295,Sơ Cuồng Ám Hương,24,16,false,1,-1,1,10000,4,200,false,1,-1,-1,24,,,"<color=#33ff99>(Hạn sử dụng 1 ngày, tính từ khi bắt đầu mua)#r<color=#FFFFFF>Sơ cuồng bả tửu hoàng hôn hậu,#rHữu ám hương danh tụ."
10130296,Sơ Cuồng Ám Hương,24,16,false,1,-1,1,10000,4,200,false,1,-1,-1,24,,,"<color=#33ff99>(Hạn sử dụng 1 ngày, tính từ khi bắt đầu mua)#r<color=#FFFFFF>Sơ cuồng bả tửu hoàng hôn hậu,#rHữu ám hương danh tụ."
10130297,Sơ Cuồng Ám Hương,24,16,false,1,-1,1,10000,4,200,false,1,-1,-1,24,,,"<color=#33ff99>(Hạn sử dụng 1 ngày, tính từ khi bắt đầu mua)#r<color=#FFFFFF>Sơ cuồng bả tửu hoàng hôn hậu,#rHữu ám hương danh tụ."
10130298,Sơ Cuồng Ám Hương,24,16,false,1,-1,1,10000,4,200,false,1,-1,-1,72,,,"<color=#33ff99>(Hạn sử dụng 3 ngày, tính từ khi bắt đầu mua)#r<color=#FFFFFF>Sơ cuồng bả tửu hoàng hôn hậu,#rHữu ám hương danh tụ."
10130299,Sơ Cuồng Ám Hương,24,16,false,1,-1,1,10000,4,200,false,1,-1,-1,72,,,"<color=#33ff99>(Hạn sử dụng 3 ngày, tính từ khi bắt đầu mua)#r<color=#FFFFFF>Sơ cuồng bả tửu hoàng hôn hậu,#rHữu ám hương danh tụ."
10130300,Sơ Cuồng Ám Hương,24,16,false,1,-1,1,10000,4,200,false,1,-1,-1,72,,,"<color=#33ff99>(Hạn sử dụng 3 ngày, tính từ khi bắt đầu mua)#r<color=#FFFFFF>Sơ cuồng bả tửu hoàng hôn hậu, #rhữu ám hương doanh tụ.<br><color=#00FF00>Đến Lạc Dương tìm Y Thiên Thái tiến hành nhuộm màu cho thời trang"
10130301,Sơ Cuồng Ám Hương,24,16,false,1,-1,1,10000,4,200,false,1,-1,-1,72,,,"<color=#33ff99>(Hạn sử dụng 3 ngày, tính từ khi bắt đầu mua)#r<color=#FFFFFF>Sơ cuồng bả tửu hoàng hôn hậu,#rHữu ám hương danh tụ."
10130302,Sơ Cuồng Ám Hương,24,16,false,1,-1,1,10000,4,200,false,1,-1,-1,72,,,"<color=#33ff99>(Hạn sử dụng 3 ngày, tính từ khi bắt đầu mua)#r<color=#FFFFFF>Sơ cuồng bả tửu hoàng hôn hậu,#rHữu ám Hương danh tụ."
10130303,Sơ Cuồng Ám Hương,24,16,false,1,-1,1,10000,4,200,false,1,-1,-1,72,,,"<color=#33ff99>(Hạn sử dụng 3 ngày, tính từ khi bắt đầu mua)#r<color=#FFFFFF>Sơ cuồng bả tửu hoàng hôn hậu,#rHữu ám hương danh tụ."
10130304,Sơ Cuồng Ám Hương,24,16,false,1,-1,1,10000,4,200,false,1,-1,-1,72,,,"<color=#33ff99>(Hạn sử dụng 3 ngày, tính từ khi bắt đầu mua)#r<color=#FFFFFF> sơ cuồng bả tửu hoàng hôn hậu,#rhữu ám hương doanh tụ."
10130305,Sơ Cuồng Ám Hương,24,16,false,1,-1,1,10000,4,200,false,1,-1,-1,72,,,"<color=#33ff99>(Hạn sử dụng 3 ngày, tính từ khi bắt đầu mua)#r<color=#FFFFFF>Sơ cuồng bả tửu hoàng hôn hậu,#rHữu ám hương danh tụ."
10130306,Sơ Cuồng Ám Hương,24,16,false,1,-1,1,10000,4,200,false,1,-1,-1,168,,,"<color=#33ff99>(Hạn sử dụng 7 ngày, tính từ khi bắt đầu mua)#r<color=#FFFFFF>Sơ cuồng bả tửu hoàng hôn hậu,#rHữu ám hương doanh tụ."
10130307,Sơ Cuồng Ám Hương,24,16,false,1,-1,1,10000,4,200,false,1,-1,-1,360,,,"<color=#33ff99>(Hạn sử dụng 15 ngày, tính từ khi bắt đầu mua)#r<color=#FFFFFF>Sơ cuồng bả tửu hoàng hôn hậu,#rHữu ám hương doanh tụ."
10130308,Sơ Cuồng Ám Hương,24,16,false,1,-1,1,10000,4,200,false,1,-1,-1,720,,,"<color=#33ff99>(Hạn sử dụng 30 ngày, tính từ khi bắt đầu mua)#r<color=#FFFFFF>Sơ cuồng bả tửu hoàng hôn hậu,#rHữu ám hương danh tụ."
10130309,Sơ Cuồng Ám Hương,24,16,false,1,-1,1,10000,4,200,false,1,-1,-1,720,,,"<color=#33ff99>(Hạn sử dụng 30 ngày, tính từ khi bắt đầu mua)#r<color=#FFFFFF>Sơ cuồng bả tửu hoàng hôn hậu, #rhữu ám hương doanh tụ.<br><color=#00FF00>Đến Lạc Dương tìm Y Thiên Thái tiến hành nhuộm màu cho thời trang"
10130310,Sơ Cuồng Ám Hương,24,16,false,1,-1,1,10000,4,200,false,1,-1,-1,720,,,"<color=#33ff99>(Hạn sử dụng 30 ngày, tính từ khi bắt đầu mua)#r<color=#FFFFFF>Sơ cuồng bả tửu hoàng hôn hậu, #rhữu ám hương doanh tụ.<br><color=#00FF00>Đến Lạc Dương tìm Y Thiên Thái tiến hành nhuộm màu cho thời trang"
10130311,Sơ Cuồng Ám Hương,24,16,false,1,-1,1,10000,4,200,false,1,-1,-1,720,,,"<color=#33ff99>(Hạn sử dụng 30 ngày, tính từ khi bắt đầu mua)#r<color=#FFFFFF>Sơ cuồng bả tửu hoàng hôn hậu, #rhữu ám hương doanh tụ.<br><color=#00FF00>Đến Lạc Dương tìm Y Thiên Thái tiến hành nhuộm màu cho thời trang"
10130312,Sơ Cuồng Ám Hương,24,16,false,1,-1,1,10000,4,200,false,1,-1,-1,2160,,,"<color=#33ff99>(Hạn sử dụng 90 ngày, tính từ khi bắt đầu mua)#r<color=#FFFFFF>Sơ cuồng bả tửu hoàng hôn hậu, #rhữu ám hương doanh tụ.<br><color=#00FF00>Đến Lạc Dương tìm Y Thiên Thái tiến hành nhuộm màu cho thời trang"
10130313,Sơ Cuồng Ám Hương,24,16,false,1,-1,1,10000,4,200,false,1,-1,-1,-1,,,"Sơ cuồng bả tửu hoàng hôn hậu, #rhữu ám hương doanh tụ.<br><color=#00FF00>Đến Lạc Dương tìm Y Thiên Thái tiến hành nhuộm màu cho thời trang"
10130314,Sơ Cuồng Ám Hương,24,16,false,1,-1,1,10000,4,200,false,1,-1,-1,-1,,,"Sơ cuồng bả tửu hoàng hôn hậu, #rhữu ám hương doanh tụ.<br><color=#00FF00>Đến Lạc Dương tìm Y Thiên Thái tiến hành nhuộm màu cho thời trang"
10130315,Giáng Sinh Tưng Bừng,24,16,false,1,-1,1,10000,4,200,false,1,-1,-1,168,,,"<color=#33ff99>(Hạn sử dụng 7 ngày, tính từ khi bắt đầu mua)#r<color=#FFFFFF>Hãy cùng vui đêm Giáng sinh!"
10130316,Giáng Sinh Tưng Bừng,24,16,false,1,-1,1,10000,4,200,false,1,-1,-1,72,,,"<color=#33ff99>(Hạn sử dụng 3 ngày, tính từ khi bắt đầu mua)#r<color=#FFFFFF>Đêm giáng sinh, náo nhiệt tưng bừng."
10130317,Giáng Sinh Tưng Bừng,24,16,false,1,-1,1,10000,4,200,false,1,-1,-1,720,,,"<color=#33ff99>(Hạn sử dụng 30 ngày, tính từ khi bắt đầu mua)#r<color=#FFFFFF>Đêm noel, cùng vui chơi!"
10130318,Giáng Sinh Tưng Bừng,24,16,false,1,-1,1,10000,4,200,false,1,-1,-1,2160,,,"<color=#33ff99>(Hạn sử dụng 90 ngày, tính từ khi bắt đầu mua)#r<color=#FFFFFF>Đêm giáng sinh, náo nhiệt tưng bừng."
10130319,Giáng Sinh Tưng Bừng,24,16,false,1,-1,1,10000,4,200,false,1,-1,-1,-1,,,"Đêm Giáng Sinh, tưng bừng náo nhiệt!"
10130320,Xuân Phong Dư Tuyết,24,16,false,1,-1,1,10000,4,200,false,1,-1,-1,168,,,"<color=#33ff99>(Hạn sử dụng 7 ngày, tính từ khi bắt đầu mua)#r<color=#FFFFFF>Xuân phong lưu tế liễu,#rDư tuyết độ tân niên."
10130321,Xuân Phong Dư Tuyết,24,16,false,1,-1,1,10000,4,200,false,1,-1,-1,720,,,"<color=#33ff99>(Hạn sử dụng 30 ngày, tính từ khi bắt đầu mua)#r<color=#FFFFFF>Thanh phong lưu tế liễu, #rdư tuyết độ tân niên.<br><color=#00FF00>Đến Lạc Dương tìm Y Thiên Thái tiến hành nhuộm màu cho thời trang"
10130322,Xuân Phong Dư Tuyết,24,16,false,1,-1,1,10000,4,200,false,1,-1,-1,720,,,"<color=#33ff99>(Hạn sử dụng 30 ngày, tính từ khi bắt đầu mua)#r<color=#FFFFFF>Xuân phong lưu tế liễu,#rDư tuyết độ tân niên."
10130323,Xuân Phong Dư Tuyết,24,16,false,1,-1,1,10000,4,200,false,1,-1,-1,720,,,"<color=#33ff99>(Hạn sử dụng 30 ngày, tính từ khi bắt đầu mua)#r<color=#FFFFFF>Xuân phong lưu tế liễu,#rDư tuyết độ tân niên."
10130324,Xuân Phong Dư Tuyết,24,16,false,1,-1,1,10000,4,200,false,1,-1,-1,720,,,"<color=#33ff99>(Hạn sử dụng 30 ngày, tính từ khi bắt đầu mua)#r<color=#FFFFFF>Thanh phong lưu tế liễu, #rdư tuyết độ tân niên.<br><color=#00FF00>Đến Lạc Dương tìm Y Thiên Thái tiến hành nhuộm màu cho thời trang"
10130325,Xuân Phong Dư Tuyết,24,16,false,1,-1,1,10000,4,200,false,1,-1,-1,2160,,,"<color=#33ff99>(Hạn sử dụng 90 ngày, tính từ khi bắt đầu mua)#r<color=#FFFFFF>Thanh phong lưu tế liễu, #rdư tuyết độ tân niên.<br><color=#00FF00>Đến Lạc Dương tìm Y Thiên Thái tiến hành nhuộm màu cho thời trang"
10130326,Xuân Phong Dư Tuyết,24,16,false,1,-1,1,10000,4,200,false,1,-1,-1,-1,,,"Thanh phong lưu tế liễu, #rdư tuyết độ tân niên.<br><color=#00FF00>Đến Lạc Dương tìm Y Thiên Thái tiến hành nhuộm màu cho thời trang"
10130327,Nước Ngoài Chiếm Dụng,41,8,false,10,-1,1,4,4,150,false,1,-1,-1,72,,,"<color=#FFFFFF>Nước ngoài chiếm dụng (ID nước ngoài chiếm dụng, vô hiệu)"
10130328,Nước Ngoài Chiếm Dụng,41,8,false,10,-1,1,4,4,150,false,1,-1,-1,168,,,"<color=#FFFFFF>Nước ngoài chiếm dụng (ID nước ngoài chiếm dụng, vô hiệu)"
10130329,Nước Ngoài Chiếm Dụng,41,8,false,10,-1,1,4,4,150,false,1,-1,-1,168,,,"<color=#FFFFFF>Nước ngoài chiếm dụng (ID nước ngoài chiếm dụng, vô hiệu)"
10130330,Nước Ngoài Chiếm Dụng,24,16,false,1,-1,1,10000,4,200,false,1,-1,-1,720,,,"Nước ngoài chiếm dụng (ID nước ngoài chiếm dụng, không tác dụng)"
10130331,Nước Ngoài Chiếm Dụng,41,8,false,10,-1,1,4,4,150,false,1,-1,-1,720,,,"<color=#FFFFFF>Nước ngoài chiếm dụng (ID nước ngoài chiếm dụng, vô hiệu)"
10130332,Nước Ngoài Chiếm Dụng,41,8,false,10,-1,1,4,4,150,false,1,-1,-1,-1,,,"<color=#FFFFFF>Nước ngoài chiếm dụng (ID nước ngoài chiếm dụng, vô hiệu)"
10130333,Nước Ngoài Chiếm Dụng,41,8,false,10,-1,1,4,4,150,false,1,-1,-1,-1,,,"<color=#FFFFFF>Nước ngoài chiếm dụng (ID nước ngoài chiếm dụng, vô hiệu)"
10130334,Tử Mị Huyễn Ảnh,24,16,false,1,-1,1,10000,4,200,false,1,-1,-1,720,,,"<color=#33ff99>(Hạn sử dụng 30 ngày, tính từ khi bắt đầu mua)#r<color=#FFFFFF>Tử khí mông lung mị ảnh sinh,#rtự chân tự huyễn mạc dư tranh."
10130335,Tử Mị Huyễn Ảnh,24,16,false,1,-1,1,10000,4,200,false,1,-1,-1,720,,,"<color=#33ff99>(Hạn sử dụng 30 ngày, tính từ khi bắt đầu mua)#r<color=#FFFFFF>Tử khí mông lung mị ảnh sinh,#rTự chân tự huyễn mạc dữ tranh."
10130336,Tử Mị Huyễn Ảnh,24,16,false,1,-1,1,10000,4,200,false,1,-1,-1,2160,,,"<color=#33ff99>(Hạn sử dụng 90 ngày, tính từ khi bắt đầu mua)#r<color=#FFFFFF>Tử khí mông lung mị ảnh sinh,#rTự chân tự huyễn mạc dữ tranh."
10130337,Tử Mị Huyễn Ảnh,24,16,false,1,-1,1,10000,4,200,false,1,-1,-1,-1,,,"Tử khí mông lung mị ảnh sinh,#rTự chân tự huyễn mạc dữ tranh."
10130338,Tiên Vũ Ngưng Nguyệt,24,16,false,1,-1,1,10000,4,200,false,1,-1,-1,24,,,"<color=#33ff99>(Hạn sử dụng 1 ngày, tính từ khi bắt đầu mua)#r<color=#FFFFFF>Nhất khúc tiên vũ truyền ngọc tích,#rTứ chu vân miên dụng kim nguyệt."
10130339,Tiên Vũ Ngưng Nguyệt,24,16,false,1,-1,1,10000,4,200,false,1,-1,-1,168,,,"<color=#33ff99>(Hạn sử dụng 7 ngày, tính từ khi bắt đầu mua)#r<color=#FFFFFF>Nhất khúc tiên vũ truyền ngọc địch,#rTứ châu vân cẩm ủng kim nguyệt."
10130340,Tiên Vũ Ngưng Nguyệt,24,16,false,1,-1,1,10000,4,200,false,1,-1,-1,720,,,"<color=#33ff99>(Hạn sử dụng 30 ngày, tính từ khi bắt đầu mua)#r<color=#FFFFFF> nhất khúc tiên vũ truyền ngọc địch,#rtứ chu vân cẩm ủng kim nguyệt."
10130341,Tiên Vũ Ngưng Nguyệt,24,16,false,1,-1,1,10000,4,200,false,1,-1,-1,2160,,,"<color=#33ff99>(Hạn sử dụng 90 ngày, tính từ khi bắt đầu mua)#r<color=#FFFFFF>Nhất khúc tiên vũ truyền ngọc địch,#rTứ châu vân cẩm ủng kim nguyệt."
10130342,Tiên Vũ Ngưng Nguyệt,24,16,false,1,-1,1,10000,4,200,false,1,-1,-1,-1,,,"Nhất khúc tiên vũ truyền ngọc địch, #rtứ chu vân cẩm ủng kim nguyệt.<br><color=#00FF00>Đến Lạc Dương tìm Y Thiên Thái tiến hành nhuộm màu cho thời trang"
10130343,Tiên Vũ Ngưng Nguyệt,24,16,false,1,-1,1,10000,4,200,false,1,-1,-1,-1,,,"Nhất khúc tiên vũ truyền ngọc địch, #rtứ chu vân cẩm ủng kim nguyệt.<br><color=#00FF00>Đến Lạc Dương tìm Y Thiên Thái tiến hành nhuộm màu cho thời trang"
10130344,Tử Mạch Hồng Trần,24,16,false,1,-1,1,10000,4,200,false,1,-1,-1,720,,,"<color=#33ff99>(Hạn sử dụng 30 ngày, tính từ khi bắt đầu mua)#r<color=#FFFFFF>Hữu duyên thiên lý lai tương tụ,#rHoa tiền huyệt hạ cộng thử thời."
10130345,Tử Mạch Hồng Trần,24,16,false,1,-1,1,10000,4,200,false,1,-1,-1,720,,,"<color=#33ff99>(Hạn sử dụng 30 ngày, tính từ khi bắt đầu mua)#r<color=#FFFFFF>Hữu duyên thiên lý lai tương tụ, #rHoa tiền nguyệt hạ cộng thử thời."
10130346,Tử Mạch Hồng Trần,24,16,false,1,-1,1,10000,4,200,false,1,-1,-1,2160,,,"<color=#33ff99>(Hạn sử dụng 90 ngày, tính từ khi bắt đầu mua)#r<color=#FFFFFF>Hữu duyên thiên lý lai tương tụ, #rHoa tiền nguyệt hạ cộng thử thời."
10130347,Tử Mạch Hồng Trần,24,16,false,1,-1,1,10000,4,200,false,1,-1,-1,-1,,,"Hữu duyên thiên lý lai tương tụ, #rHoa tiền nguyệt hạ cộng thử thời."
10130348,Thúy Trúc Du Du,24,16,false,1,-1,1,10000,4,200,false,1,-1,-1,72,,,"<color=#33ff99>(Hạn sử dụng 3 ngày, tính từ khi bắt đầu mua)#r<color=#FFFFFF>Thúy trúc du du hưởng thanh phong, #rKiêu tử hy lạc bạn giang hồ."
10130349,Thúy Trúc Du Du,24,16,false,1,-1,1,10000,4,200,false,1,-1,-1,72,,,"<color=#33ff99>(Hạn sử dụng 3 ngày, tính từ khi bắt đầu mua)#r<color=#FFFFFF>Thúy trúc du du hưởng thanh phong,#rKiều tử hỉ lạc bạn giang hồ."
10130350,Thúy Trúc Du Du,24,16,false,1,-1,1,10000,4,200,false,1,-1,-1,168,,,"<color=#33ff99>(Hạn sử dụng 7 ngày, tính từ khi bắt đầu mua)#r<color=#FFFFFF>Thúy trúc du du hưởng thanh phong, #rKiêu tử hy nhạc bạn giang hồ."
10130351,Thúy Trúc Du Du,24,16,false,1,-1,1,10000,4,200,false,1,-1,-1,720,,,"<color=#33ff99>(Hạn sử dụng 30 ngày, tính từ khi bắt đầu mua)#r<color=#FFFFFF>Thúy trúc du du hưởng thanh phong, #rKiêu tử hy nhạc bạn giang hồ."
10130352,Thúy Trúc Du Du,24,16,false,1,-1,1,10000,4,200,false,1,-1,-1,2160,,,"<color=#33ff99>(Hạn sử dụng 90 ngày, tính từ khi bắt đầu mua)#r<color=#FFFFFF>Thúy trúc du du hưởng thanh phong, #rKiêu tử hy lạc bạn giang hồ."
10130353,Thúy Trúc Du Du,24,16,false,1,-1,1,10000,4,200,false,1,-1,-1,-1,,,"Thúy trúc du du hưởng thanh phong, #rKiêu tử hy lạc bạn giang hồ."
10130354,Hắc Dạ Giáng Lâm,24,16,false,1,-1,1,10000,4,200,false,1,-1,-1,24,,,"<color=#33ff99>(Hạn sử dụng 1 ngày, tính từ khi bắt đầu mua)#r<color=#FFFFFF>Hắc dạ độc túy thâm thu lí, hồng nhan đàm tiếu tại mộng trung."
10130355,Hắc Dạ Giáng Lâm,24,16,false,1,-1,1,10000,4,200,false,1,-1,-1,168,,,"<color=#33ff99>(Hạn sử dụng 7 ngày, tính từ khi bắt đầu mua)#r<color=#FFFFFF>Dạ hắc độc túy thâm thu lý, hồng nhan đạm tiếu tại mộng trung."
10130356,Hắc Dạ Giáng Lâm,24,16,false,1,-1,1,10000,4,200,false,1,-1,-1,720,,,"<color=#00FF00>Huyết Chiến Nhạn Môn Quan<color=#FFFFFF> tặng danh hiệu <color=#FFFF00>Thiên Long Siêu Cấp<color=#FFFFFF>.#rThời trang đặc biệt, mặc lên người sẽ nhận được danh hiệu <color=#FFFF00>Thiên Long Siêu Cấp<color=#FFFFFF>."
10130357,Hắc Dạ Giáng Lâm,24,16,false,1,-1,1,10000,4,200,false,1,-1,-1,720,,,"<color=#33ff99>(Hạn sử dụng 30 ngày, tính từ khi bắt đầu mua)#r<color=#FFFFFF> dạ hắc độc túy thâm thu lý, hồng nhan đạm tiếu tại mộng trung."
10130358,Hắc Dạ Giáng Lâm,24,16,false,1,-1,1,10000,4,200,false,1,-1,-1,2160,,,"<color=#33ff99>(Hạn sử dụng 90 ngày, tính từ khi bắt đầu mua)#r<color=#FFFFFF>Dạ hắc độc túy thâm thu lý, hồng nhan đạm tiếu tại mộng trung."
10130359,Hắc Dạ Giáng Lâm,24,16,false,1,-1,1,10000,4,200,false,1,-1,-1,-1,,,"Dạ hắc độc túy thâm thu lý, hồng nhan đạm tiếu tại mộng trung."
10130360,Lễ Phục Giáng Sinh,24,16,false,1,-1,1,10000,4,200,false,1,-1,-1,72,,,"<color=#33ff99>(Hạn sử dụng 3 ngày, tính từ khi bắt đầu mua)#r<color=#FFFFFF>Mặc y phục này đi tham gia buổi tiệc giáng sinh."
10130361,Lễ Phục Giáng Sinh,24,16,false,1,-1,1,10000,4,200,false,1,-1,-1,168,,,"<color=#33ff99>(Hạn sử dụng 7 ngày, tính từ khi bắt đầu mua)#r<color=#FFFFFF>Mặc trang phục này vào và cùng nhau vui vẻ trong đêm giáng sinh nào!"
10130362,Lễ Phục Giáng Sinh,24,16,false,1,-1,1,10000,4,200,false,1,-1,-1,720,,,"<color=#33ff99>(Hạn sử dụng 30 ngày, tính từ khi bắt đầu mua)#r<color=#FFFFFF>Mặc trang phục này vào và cùng nhau vui vẻ trong đêm giáng sinh nào!"
10130363,Lễ Phục Giáng Sinh,24,16,false,1,-1,1,10000,4,200,false,1,-1,-1,2160,,,"<color=#33ff99>(Hạn sử dụng 90 ngày, tính từ khi bắt đầu mua)#r<color=#FFFFFF>Mặc trang phục này vào và cùng nhau vui vẻ trong đêm giáng sinh nào!"
10130364,Lễ Phục Giáng Sinh,24,16,false,1,-1,1,10000,4,200,false,1,-1,-1,-1,,,Mặc trang phục này vào và cùng nhau vui vẻ trong đêm giáng sinh nào!
10130365,Mộ Dung Kiếm Phục,24,16,false,1,10,1,0,0,200,false,1,-1,-1,-1,,,"Kiếm phục của Mộ Dung môn hạ, tương truyền khi mặc vào sẽ nhận được Kiếm Chi Hộ Hữu."
10130366,Binh Trá,24,16,false,1,10,1,10000,4,200,false,1,-1,-1,-1,,,"Có hoa văn giống như Cửu Thiên Huyền Tinh Đồ, bảo vật trấn phái của phái Mộ Dung.<br><color=#00FF00>Thời trang cao cấp</color> phái <color=#00FF00>Mộ Dung</color>. Trên mình quái vật ở <color=#00FF00>Ngân Ngai Tuyết Nguyên</color> có mang <color=#FFFF00>[Nhật Ký Quái Vật]</color>. Thu thập <color=#FFFF00>20 quyển</color>, có thể đến <color=#00FF00>Đại Lý</color> tìm <color=#FFFF00>Củng Thái Vân</color> để đổi lấy bộ <color=#00FF00>thời trang cao cấp môn phái</color>."
10130367,Lục Dã Tiên Tung,24,16,false,1,-1,1,10000,4,200,false,1,-1,-1,72,,,"<color=#33ff99>(Hạn sử dụng 3 ngày, tính từ khi bắt đầu mua)#r<color=#FFFFFF>Lục bình điệp điệp liên biến dã #rTiên ảnh san san mịch vô tung."
10130368,Lục Dã Tiên Tung,24,16,false,1,-1,1,10000,4,200,false,1,-1,-1,360,,,"<color=#33ff99>(Hạn sử dụng 15 ngày, tính từ khi bắt đầu mua)#r<color=#FFFFFF>Lục bình điệp điệp liên biến dã,#rTiên ảnh san san mịch vô tung."
10130369,Lục Dã Tiên Tung,24,16,false,1,-1,1,10000,4,200,false,1,-1,-1,720,,,"<color=#33ff99>(Hạn sử dụng 30 ngày, tính từ khi bắt đầu mua)#r<color=#FFFFFF>Lục bình điệp điệp liên biến dã, #rTiên ảnh san san mịch vô tung."
10130370,Lục Dã Tiên Tung,24,16,false,1,-1,1,10000,4,200,false,1,-1,-1,2160,,,"<color=#33ff99>(Hạn sử dụng 90 ngày, tính từ khi bắt đầu mua)#r<color=#FFFFFF>Lục bình điệp điệp liên biến dã, #rTiên ảnh san san mịch vô tung."
10130371,Lục Dã Tiên Tung,24,16,false,1,-1,1,10000,4,200,false,1,-1,-1,-1,,,"Lục bình điệp điệp liên biến dã, #rTiên ảnh san san mịch vô tung."
10130372,Xích Tuyết Huyền Phượng,24,16,false,1,-1,1,10000,4,200,false,1,-1,-1,24,,,"<color=#33ff99>(Hạn sử dụng 1 ngày, tính từ khi bắt đầu mua)#r<color=#FFFFFF>Xích địa thiên lý hốt phùng tuyết, #rHuyền hư khứ tẫn duy phượng ngâm."
10130373,Xích Tuyết Huyền Phượng,24,16,false,1,-1,1,10000,4,200,false,1,-1,-1,72,,,"<color=#33ff99>(Hạn sử dụng 3 ngày, tính từ khi bắt đầu mua)#r<color=#FFFFFF> xích địa thiên lý hốt phùng tuyết,#rhuyền hư khứ tận duy phụng ngâm."
10130374,Xích Tuyết Huyền Phượng,24,16,false,1,-1,1,10000,4,200,false,1,-1,-1,168,,,"<color=#33ff99>(Hạn sử dụng 7 ngày, tính từ khi bắt đầu mua)#r<color=#FFFFFF> xích địa thiên lý hốt phùng tuyết,#rhuyền hư khử tận duy phụng ngâm."
10130375,Xích Tuyết Huyền Phượng,24,16,false,1,-1,1,10000,4,200,false,1,-1,-1,168,,,"<color=#33ff99>(Hạn sử dụng 7 ngày, tính từ khi bắt đầu mua)#r<color=#FFFFFF>Xích địa thiên lý hốt phùng tuyết,#rHuyền hư khứ tẫn duy phượng ngâm."
10130376,Xích Tuyết Huyền Phượng,24,16,false,1,-1,1,10000,4,200,false,1,-1,-1,360,,,"<color=#33ff99>(Hạn sử dụng 15 ngày, tính từ khi bắt đầu mua)#r<color=#FFFFFF>Xích địa thiên lý hốt phùng tuyết,#rHuyền hư khứ tẫn duy phượng ngâm."
10130377,Xích Tuyết Huyền Phượng,24,16,false,1,-1,1,10000,4,200,false,1,-1,-1,720,,,"<color=#33ff99>(Hạn sử dụng 30 ngày, tính từ khi bắt đầu mua)#r<color=#FFFFFF> xích địa thiên lý hốt phùng tuyết,#rhuyền hư khứ tận duy phụng ngâm."
10130378,Xích Tuyết Huyền Phượng,24,16,false,1,-1,1,10000,4,200,false,1,-1,-1,720,,,"<color=#33ff99>(Hạn sử dụng 30 ngày, tính từ khi bắt đầu mua)#r<color=#FFFFFF>Xích địa thiên lý hốt phùng tuyết,#rHuyền hư khứ tẫn duy phượng ngâm."
10130379,Xích Tuyết Huyền Phượng,24,16,false,1,-1,1,10000,4,200,false,1,-1,-1,2160,,,"<color=#33ff99>(Hạn sử dụng 90 ngày, tính từ khi bắt đầu mua)#r<color=#FFFFFF> xích địa thiên lý hốt phùng tuyết,#rhuyền hư khử tận duy phụng ngâm."
10130380,Xích Tuyết Huyền Phượng,24,16,false,1,-1,1,10000,4,200,false,1,-1,-1,-1,,,"Xích địa thiên lý hốt phùng tuyết, #rHuyền hư khứ tẫn duy phượng ngâm."
10130381,Mặc Vũ U Long,24,16,false,1,-1,1,10000,4,200,false,1,-1,-1,168,,,"<color=#33ff99>(Hạn sử dụng 1 ngày, tính từ khi bắt đầu mua)#r<color=#FFFFFF>Mặc nhiễm thiên đình vũ hoá thời, #ru ẩn tử linh long đằng nhật."
10130382,Mặc Vũ U Long,24,16,false,1,-1,1,10000,4,200,false,1,-1,-1,336,,,"<color=#33ff99>(Hạn sử dụng 14 ngày, tính từ khi bắt đầu mua)#r<color=#FFFFFF>Mặc nhiễm thiên đình vũ hóa thời, #ru ẩn tử linh long đằng nhật."
10130383,Mặc Vũ U Long,24,16,false,1,-1,1,10000,4,200,false,1,-1,-1,720,,,"<color=#33ff99>(Hạn sử dụng 30 ngày, tính từ khi bắt đầu mua)#r<color=#FFFFFF> mặc nhiễm thiên đình vũ hoá thời,#ru ẩn tử linh long đằng nhật."
10130384,Mặc Vũ U Long,24,16,false,1,-1,1,10000,4,200,false,1,-1,-1,2160,,,"<color=#33ff99>(Hạn sử dụng 90 ngày, tính từ khi bắt đầu mua)#r<color=#FFFFFF> mặc nhiễm thiên đình vũ hoá thời,#ru ẩn tử linh long đằng nhật."
10130385,Mặc Vũ U Long,24,16,false,1,-1,1,10000,4,200,false,1,-1,-1,-1,,,"Mặc nhiễm thiên đình vũ hoá thời,#ru ẩn tử linh long đằng nhật."
10130386,Ám Ảnh Phong Ngân,24,16,false,1,-1,1,10000,4,200,false,1,-1,-1,720,,,"<color=#33ff99>(Hạn sử dụng 30 ngày, tính từ khi bắt đầu mua)#r<color=#FFFFFF> tinh trầm nguyệt lạc ảnh vô tung,#rkiếm quyển sa phúc nhân vi phong."
10130387,Ám Ảnh Phong Ngân,24,16,false,1,-1,1,10000,4,200,false,1,-1,-1,2160,,,"<color=#33ff99>(Hạn sử dụng 90 ngày, tính từ khi bắt đầu mua)#r<color=#FFFFFF> tinh trầm nguyệt lạc ảnh vô tung,#rkiếm quyến sa phúc nhân vi phong."
10130388,Ám Ảnh Phong Ngân,24,16,false,1,-1,1,10000,4,200,false,1,-1,-1,-1,,,"Tinh trầm nguyệt lạc ảnh vô tông, #rkiếm quyển sa phú nhân vi phong"
10130389,Cổ Vận Hoa Tranh,24,16,false,1,-1,1,10000,4,200,false,1,-1,-1,720,,,"<color=#33ff99>(Hạn sử dụng 30 ngày, tính từ khi bắt đầu mua)#r<color=#FFFFFF> âm sơ như ngọc tam lưỡng thanh,#rđoạn tú sơn hà hữu hoa tranh."
10130390,Cổ Vận Hoa Tranh,24,16,false,1,-1,1,10000,4,200,false,1,-1,-1,2160,,,"<color=#33ff99>(Hạn sử dụng 90 ngày, tính từ khi bắt đầu mua)#r<color=#FFFFFF> âm sơ như ngọc tam lưỡng thanh,#rđoạn tú sơn hà hữu hoa tranh."
10130391,Cổ Vận Hoa Tranh,24,16,false,1,-1,1,10000,4,200,false,1,-1,-1,-1,,,"Âm sơ như ngọc tam lưỡng thanh, #rđoạn tú sơn hà hữu hoa tranh."
10130392,Khinh Sa Mộng Điệp,24,16,false,1,-1,1,10000,4,200,false,1,-1,-1,720,,,"<color=#33ff99>(Hạn sử dụng 30 ngày, tính từ khi bắt đầu mua)#r<color=#FFFFFF> vân mộng bất miên khinh sa trướng, #rHuyễn Điệp nan khí mỹ nhân hương."
10130393,Khinh Sa Mộng Điệp,24,16,false,1,-1,1,10000,4,200,false,1,-1,-1,2160,,,"<color=#33ff99>(Hạn sử dụng 90 ngày, tính từ khi bắt đầu mua)#r<color=#FFFFFF> vân mộng bất miên khinh sa trướng, #rHuyễn Điệp nan khí mỹ nhân hương."
10130394,Khinh Sa Mộng Điệp,24,16,false,1,-1,1,10000,4,200,false,1,-1,-1,-1,,,"Vân mộng bất miên khinh sa trướng, #rhuyễn điệp nam khí mỹ nhân hương."
10130395,Cẩm Tú Niên Hoa,24,16,false,1,-1,1,10000,4,200,false,1,-1,-1,720,,,"<color=#33ff99>(Hạn sử dụng 30 ngày, tính từ khi bắt đầu mua)#r<color=#FFFFFF> lưu quang nhẫm nhiễm xuân thường tại,#rniên hoa vô bằng thủy vân gian."
10130396,Cẩm Tú Niên Hoa,24,16,false,1,-1,1,10000,4,200,false,1,-1,-1,2160,,,"<color=#33ff99>(Hạn sử dụng 90 ngày, tính từ khi bắt đầu mua)#r<color=#FFFFFF> lưu quang nhẫm nhiễm xuân thường tại,#rniên hoa vô bằng thủy vân gian."
10130397,Cẩm Tú Niên Hoa,24,16,false,1,-1,1,10000,4,200,false,1,-1,-1,-1,,," lưu quang nhẫm nhiễm xuân thường tại,#rniên hoa vô bằng thủy vân gian."
10130398,Tử Trừng Hiệp Ảnh,24,16,false,1,-1,1,10000,4,200,false,1,-1,-1,720,,,"<color=#33ff99>(Hạn sử dụng 30 ngày, tính từ khi bắt đầu mua)#r<color=#FFFFFF>Trừng minh như nguyệt tự tại trung,#rhạo khí chính đại tử hiệp phong."
10130399,Tử Trừng Hiệp Ảnh,24,16,false,1,-1,1,10000,4,200,false,1,-1,-1,2160,,,"<color=#33ff99>(Hạn sử dụng 90 ngày, tính từ khi bắt đầu mua)#r<color=#FFFFFF>Trừng minh như nguyệt tự tại trung,#rhạo khí chính đại tử hiệp phong."
10130400,Tử Trừng Hiệp Ảnh,24,16,false,1,-1,1,10000,4,200,false,1,-1,-1,-1,,,"Trừng minh như nguyệt tự tại trung,#r Hạo khí chính đại tử hiệp phong."
10130401,Tuyết Vũ Nhiên Tình,24,16,false,1,-1,1,10000,4,200,false,1,-1,-1,720,,,"<color=#33ff99>(Hạn sử dụng 30 ngày, tính từ khi bắt đầu mua)#r<color=#FFFFFF> lưu diễm thanh đăng tuyết trung vũ,#rthuỵ điểu song phi nhiên thử tình."
10130402,Tuyết Vũ Nhiên Tình,24,16,false,1,-1,1,10000,4,200,false,1,-1,-1,2160,,,"<color=#33ff99>(Hạn sử dụng 90 ngày, tính từ khi bắt đầu mua)#r<color=#FFFFFF> lưu diễm thanh đăng tuyết trung vũ,#rthuỵ điểu song phi nhiên thử tình."
10130403,Tuyết Vũ Nhiên Tình,24,16,false,1,-1,1,10000,4,200,false,1,-1,-1,-1,,," lưu diễm thanh đăng tuyết trung vũ,#rthuỵ điểu song phi nhiên thử tình."
10130404,Tuyết Vũ Nhiên Tình,24,16,false,1,-1,1,10000,4,200,false,1,-1,-1,-1,,," lưu diễm thanh đăng tuyết trung vũ,#rthuỵ điểu song phi nhiên thử tình."
10130405,Xích Vũ Tình Duyên,24,16,false,1,-1,1,10000,4,200,false,1,-1,-1,168,,,"<color=#33ff99>(Hạn sử dụng 7 ngày, tính từ khi bắt đầu mua)#r<color=#FFFFFF> hà vân nhiễm xích vũ linh lạc,#rnhược thủy đoạn tình duyênTượng tụ."
10130406,Xích Vũ Tình Duyên,24,16,false,1,-1,1,10000,4,200,false,1,-1,-1,720,,,"<color=#33ff99>(Hạn sử dụng 30 ngày, tính từ khi bắt đầu mua)#r<color=#FFFFFF> hà vân nhiễm xích vũ linh lạc,#rnhược thủy đoạn tình duyênTượng tụ."
10130407,Xích Vũ Tình Duyên,24,16,false,1,-1,1,10000,4,200,false,1,-1,-1,2160,,,"<color=#33ff99>(Hạn sử dụng 90 ngày, tính từ khi bắt đầu mua)#r<color=#FFFFFF> hà vân nhiễm xích vũ linh lạc,#rnhược thủy đoạn tình duyênTượng tụ."
10130408,Xích Vũ Tình Duyên,24,16,false,1,-1,1,10000,4,200,false,1,-1,-1,-1,,," hà vân nhiễm xích vũ linh lạc,#rnhược thủy đoạn tình duyênTượng tụ."
10130409,Xích Vũ Tình Duyên,24,16,false,1,-1,1,10000,4,200,false,1,-1,-1,-1,,," hà vân nhiễm xích vũ linh lạc,#rnhược thủy đoạn tình duyênTượng tụ."
10130410,Cẩm Tú Ngọc Hoàn,24,16,false,1,-1,1,10000,4,200,false,1,-1,-1,168,,,"<color=#33ff99>(Hạn sử dụng 7 ngày, tính từ khi bắt đầu mua)#r<color=#FFFFFF> kimBạch liên miên chức cẩm tú,#rngọc hoàn dao duệ minh tiêu dao."
10130411,Cẩm Tú Ngọc Hoàn,24,16,false,1,-1,1,10000,4,200,false,1,-1,-1,720,,,"<color=#33ff99>(Hạn sử dụng 30 ngày, tính từ khi bắt đầu mua)#r<color=#FFFFFF> kimBạch liên miên chức cẩm tú,#rngọc hoàn dao duệ minh tiêu dao."
10130412,Cẩm Tú Ngọc Hoàn,24,16,false,1,-1,1,10000,4,200,false,1,-1,-1,2160,,,"<color=#33ff99>(Hạn sử dụng 90 ngày, tính từ khi bắt đầu mua)#r<color=#FFFFFF> kimBạch liên miên chức cẩm tú,#rngọc hoàn dao duệ minh tiêu dao."
10130413,Cẩm Tú Ngọc Hoàn,24,16,false,1,-1,1,10000,4,200,false,1,-1,-1,-1,,,"Kim Bạch liên miên chức cẩm tú,#rngọc hoàn dao duệ minh tiêu dao."
10130414,Cẩm Tú Ngọc Hoàn,24,16,false,1,-1,1,10000,4,200,false,1,-1,-1,-1,,,"Kim Bạch liên miên chức cẩm tú,#rngọc hoàn dao duệ minh tiêu dao."
10130415,Hiệp Môn Thanh Sam,24,16,false,1,-1,1,10000,4,200,false,1,-1,-1,720,,,"<color=#33ff99>(Hạn sử dụng 30 ngày, tính từ khi bắt đầu mua)#r<color=#FFFFFF> quần hào kết nghĩa chúng quy tụ,#rhiệp môn tặng quân thanh đoạn sam."
10130416,Thương Vũ Thái Lam,24,16,false,1,-1,1,10000,4,200,false,1,-1,-1,720,,,"<color=#33ff99>(Hạn sử dụng 30 ngày, tính từ khi bắt đầu mua)#r<color=#FFFFFF> thương mang dã nguyên tùy tâm ý,#rthái vũ lam phong đạp không hành."
10130417,Thương Vũ Thái Lam,24,16,false,1,-1,1,10000,4,200,false,1,-1,-1,2160,,,"<color=#33ff99>(Hạn sử dụng 90 ngày, tính từ khi bắt đầu mua)#r<color=#FFFFFF> thương mang dã nguyên tùy tâm ý,#rthái vũ lam phong đạp không hành."
10130418,Thương Vũ Thái Lam,24,16,false,1,-1,1,10000,4,200,false,1,-1,-1,-1,,," thương mang dã nguyên tùy tâm ý,#rthái vũ lam phong đạp không hành."
10130419,Bích Thảo Thanh Tâm,24,16,false,1,-1,1,10000,4,200,false,1,-1,-1,168,,,"<color=#33ff99>(Hạn sử dụng 7 ngày, tính từ khi bắt đầu mua)#r<color=#FFFFFF>Bích thảo phân phương thi ngữ tàng, #rBạc khâm cẩm tú anh hùng trang."
10130420,Bích Thảo Thanh Tâm,24,16,false,1,-1,1,10000,4,200,false,1,-1,-1,720,,,"<color=#33ff99>(Hạn sử dụng 30 ngày, tính từ khi bắt đầu mua)#r<color=#FFFFFF>Bích thảo phân phương thi ngữ tạng, #rBạc khâm cẩm tú anh hùng trang."
10130421,Bích Thảo Thanh Tâm,24,16,false,1,-1,1,10000,4,200,false,1,-1,-1,720,,,"<color=#33ff99>(Hạn sử dụng 30 ngày, tính từ khi bắt đầu mua)#r<color=#FFFFFF>Bích thảo phân phương thi ngữ tàng, #rBạc khâm cẩm tú anh hùng trang."
10130422,Tử Phong Điệp Ảnh,24,16,false,1,-1,1,10000,4,200,false,1,-1,-1,2160,,,"<color=#33ff99>(Hạn sử dụng 90 ngày, tính từ khi bắt đầu mua)#r<color=#FFFFFF>Ma lệ phong nhẫn phiến trung tàng,#rhạo khí chính đại tử hiệp phong."
10130423,Trừng Quang Dao Dật,24,16,false,1,-1,1,10000,4,200,false,1,-1,-1,2160,,,"<color=#33ff99>(Hạn sử dụng 90 ngày, tính từ khi bắt đầu mua)#r<color=#FFFFFF>Trừng minh như nguyệt tự tại trung, #rNhu tình khắc cốt bạn phiêu dao."
10130424,Bích Thảo Thanh Tâm,24,16,false,1,-1,1,10000,4,200,false,1,-1,-1,2160,,,"<color=#33ff99>(Hạn sử dụng 90 ngày, tính từ khi bắt đầu mua)#r<color=#FFFFFF>Bích thảo phân phương thi ngữ tàng, #rBạc khâm cẩm tú anh hùng trang."
10130425,Bích Thảo Thanh Tâm,24,16,false,1,-1,1,10000,4,200,false,1,-1,-1,-1,,,"Bích thảo phân phương thi ngữ tàng, #rBạc khâm cẩm tú anh hùng trang."
10130426,Nguyệt Ảnh Ỷ Mộng,24,16,false,1,-1,1,10000,4,200,false,1,-1,-1,72,,,"<color=#33ff99>(Hạn sử dụng 3 ngày, tính từ khi bắt đầu mua)#r<color=#FFFFFF>Nguyệt ảnh hoa la tổng tượng bạn, #rỶ tình tâm duyên cận mộng trung."
10130427,Nguyệt Ảnh Ỷ Mộng,24,16,false,1,-1,1,10000,4,200,false,1,-1,-1,720,,,"<color=#33ff99>(Hạn sử dụng 30 ngày, tính từ khi bắt đầu mua)#r<color=#FFFFFF>Nguyệt ảnh hoa la tổng tượng bạn, #rỶ tình tâm duyên cận mộng trung."
10130428,Nguyệt Ảnh Ỷ Mộng,24,16,false,1,-1,1,10000,4,200,false,1,-1,-1,2160,,,"<color=#33ff99>(Hạn sử dụng 90 ngày, tính từ khi bắt đầu mua)#r<color=#FFFFFF>Nguyệt ảnh hoa la tổng tượng bạn, #rỶ tình tâm duyên cận mộng trung."
10130429,Nguyệt Ảnh Ỷ Mộng,24,16,false,1,-1,1,10000,4,200,false,1,-1,-1,-1,,,"Nguyệt ảnh hoa la tổng tượng bạn, #rỶ tình tâm duyên cận mộng trung."
10130430,Đại Lý Fcoin,24,16,false,1,-1,1,10000,4,200,false,1,-1,-1,-1,,,"Nguyệt ảnh hoa la tổng tượng bạn, #rỶ tình tâm duyên cận mộng trung."
10130432,Phục Hổ,24,16,false,1,0,1,10000,4,200,false,1,-1,-1,-1,,,"Tương truyền là Pháp Y của Phục Hổ La Hán, bên trên dường như ẩn hiện tiếng hổ gầm, công hiệu trừ tà tránh ma.<br><color=#00FF00>Thời trang đặc biệt</color> phái <color=#00FF00>Thiếu Lâm</color>. <color=#00FF00>Gia Luật Liên Thành</color> tại <color=#00FF00>Binh Thánh Kỳ Trận</color> có ấn ký <color=#FFFF00>[Chinh Nam Tiên Phong Ấn]</color>. Thu thập <color=#FFFF00>20 ấn</color>, có thể đến <color=#00FF00>Đại Lý</color> tìm <color=#FFFF00>Củng Thái Vân</color> để đổi lấy bộ <color=#00FF00>thời trang đặc biệt môn phái</color>."
10130434,Nộ Diệm,24,16,false,1,1,1,10000,4,200,false,1,-1,-1,-1,,,"Bên trên như có tia lửa chiếu, tựa như muốn thiêu rụi tà ác nhân gian, là bảo vật của Ba Tư Tông Giáo truyền vào Trung Nguyên.<br><color=#00FF00>Thời trang đặc biệt</color> phái <color=#00FF00>Minh Giáo</color>. <color=#00FF00>Gia Luật Liên Thành</color> tại <color=#00FF00>Binh Thánh Kỳ Trận</color> có ấn ký <color=#FFFF00>[Chinh Nam Tiên Phong Ấn]</color>. Thu thập <color=#FFFF00>20 ấn</color>, có thể đến <color=#00FF00>Đại Lý</color> tìm <color=#FFFF00>Củng Thái Vân</color> để đổi lấy bộ <color=#00FF00>thời trang đặc biệt môn phái</color>."
10130436,Thiên Lang,24,16,false,1,2,1,10000,4,200,false,1,-1,-1,-1,,,"Mang danh trời sao, ngụ ý tình nghĩa Cái Bang Đệ tử mãi sáng như sao.<color=#00FF00>Thời trang tiến cấp Cái Bang.<br><color=#00FF00>Thời trang đặc biệt</color> phái <color=#00FF00>Cái Bang</color>. <color=#00FF00>Gia Luật Liên Thành</color> tại <color=#00FF00>Binh Thánh Kỳ Trận</color> có ấn ký <color=#FFFF00>[Chinh Nam Tiên Phong Ấn]</color>. Thu thập <color=#FFFF00>20 ấn</color>, có thể đến <color=#00FF00>Đại Lý</color> tìm <color=#FFFF00>Củng Thái Vân</color> để đổi lấy bộ <color=#00FF00>thời trang đặc biệt môn phái</color>."
10130438,Thái Dực,24,16,false,1,4,1,10000,4,200,false,1,-1,-1,-1,,,"Lấy từ Thân vô thái phụng song phi dực, tâm hữu linh tê nhất điểm thông. Tỏ rõ tình nghĩa Đệ tử Nga My hòa quyện như dòng nước.<br><color=#00FF00>Thời trang đặc biệt</color> phái <color=#00FF00>Nga My</color>. <color=#00FF00>Gia Luật Liên Thành</color> tại <color=#00FF00>Binh Thánh Kỳ Trận</color> có ấn ký <color=#FFFF00>[Chinh Nam Tiên Phong Ấn]</color>. Thu thập <color=#FFFF00>20 ấn</color>, có thể đến <color=#00FF00>Đại Lý</color> tìm <color=#FFFF00>Củng Thái Vân</color> để đổi lấy bộ <color=#00FF00>thời trang đặc biệt môn phái</color>."
10130440,Tuyền Cơ,24,16,false,1,3,1,10000,4,200,false,1,-1,-1,-1,,,"Sự biến hóa tử vi của Đệ tử Võ Đang, không chỉ vận dụng vào trận pháp, mà cả trong cách ăn vận.<br><color=#00FF00>Thời trang đặc biệt</color> phái <color=#00FF00>Võ Đang</color>. <color=#00FF00>Gia Luật Liên Thành</color> tại <color=#00FF00>Binh Thánh Kỳ Trận</color> có ấn ký <color=#FFFF00>[Chinh Nam Tiên Phong Ấn]</color>. Thu thập <color=#FFFF00>20 ấn</color>, có thể đến <color=#00FF00>Đại Lý</color> tìm <color=#FFFF00>Củng Thái Vân</color> để đổi lấy bộ <color=#00FF00>thời trang đặc biệt môn phái</color>."
10130442,Linh Xà,24,16,false,1,5,1,10000,4,200,false,1,-1,-1,-1,,,"Tinh Túc bốn phía là hoang địa, rắn rết vô số, có các Đệ tử còn giấu rắn bên mình, dùng khi luyện công.<br><color=#00FF00>Thời trang đặc biệt</color> phái <color=#00FF00>Tinh Túc</color>. <color=#00FF00>Gia Luật Liên Thành</color> tại <color=#00FF00>Binh Thánh Kỳ Trận</color> có ấn ký <color=#FFFF00>[Chinh Nam Tiên Phong Ấn]</color>. Thu thập <color=#FFFF00>20 ấn</color>, có thể đến <color=#00FF00>Đại Lý</color> tìm <color=#FFFF00>Củng Thái Vân</color> để đổi lấy bộ <color=#00FF00>thời trang đặc biệt môn phái</color>."
10130444,Ưng Kích,24,16,false,1,7,1,10000,4,200,false,1,-1,-1,-1,,,"Đệ tử Thiên Sơn học theo tư thế Hùng Ưng đọ sức, học tốc độ tấn công như chớp, học sự chính xác của chúng.<br><color=#00FF00>Thời trang đặc biệt</color> phái <color=#00FF00>Thiên Sơn</color>. <color=#00FF00>Gia Luật Liên Thành</color> tại <color=#00FF00>Binh Thánh Kỳ Trận</color> có ấn ký <color=#FFFF00>[Chinh Nam Tiên Phong Ấn]</color>. Thu thập <color=#FFFF00>20 ấn</color>, có thể đến <color=#00FF00>Đại Lý</color> tìm <color=#FFFF00>Củng Thái Vân</color> để đổi lấy bộ <color=#00FF00>thời trang đặc biệt môn phái</color>."
10130446,Lăng Ba,24,16,false,1,8,1,10000,4,200,false,1,-1,-1,-1,,,"Lăng Ba Khiên Bộ, Thân Hình Bách Biến. Đệ tử Tiêu Dao với bộ pháp vang danh thiên hạ, có thể thấy dấu ấn trong cách phục sức.<br><color=#00FF00>Thời trang đặc biệt</color> phái <color=#00FF00>Tiêu Dao</color>. <color=#00FF00>Gia Luật Liên Thành</color> tại <color=#00FF00>Binh Thánh Kỳ Trận</color> có ấn ký <color=#FFFF00>[Chinh Nam Tiên Phong Ấn]</color>. Thu thập <color=#FFFF00>20 ấn</color>, có thể đến <color=#00FF00>Đại Lý</color> tìm <color=#FFFF00>Củng Thái Vân</color> để đổi lấy bộ <color=#00FF00>thời trang đặc biệt môn phái</color>."
10130448,Thuần Hoa,24,16,false,1,6,1,10000,4,200,false,1,-1,-1,-1,,,"Vật này dệt từ tơ quý, đính thêm linh châu, hiển hiện tư chất hoàng thất của Đại Lý.<br><color=#00FF00>Thời trang đặc biệt</color> phái <color=#00FF00>Thiên Long</color>. <color=#00FF00>Gia Luật Liên Thành</color> tại <color=#00FF00>Binh Thánh Kỳ Trận</color> có ấn ký <color=#FFFF00>[Chinh Nam Tiên Phong Ấn]</color>. Thu thập <color=#FFFF00>20 ấn</color>, có thể đến <color=#00FF00>Đại Lý</color> tìm <color=#FFFF00>Củng Thái Vân</color> để đổi lấy bộ <color=#00FF00>thời trang đặc biệt môn phái</color>."
10130450,Nhược Thủy,24,16,false,1,10,1,10000,4,200,false,1,-1,-1,-1,,,"Thủy tinh châu dao dực, thủy cấp lãng thao thiên, võ công Mộ Dung, thể hiện rõ nét bản sắc của nước.<br><color=#00FF00>Thời trang đặc biệt</color> phái <color=#00FF00>Mộ Dung</color>. <color=#00FF00>Gia Luật Liên Thành</color> tại <color=#00FF00>Binh Thánh Kỳ Trận</color> có ấn ký <color=#FFFF00>[Chinh Nam Tiên Phong Ấn]</color>. Thu thập <color=#FFFF00>20 ấn</color>, có thể đến <color=#00FF00>Đại Lý</color> tìm <color=#FFFF00>Củng Thái Vân</color> để đổi lấy bộ <color=#00FF00>thời trang đặc biệt môn phái</color>."
10130451,Xích Hà Văn Long,24,16,false,1,-1,1,10000,4,200,false,1,-1,-1,168,,,"<color=#33ff99>(Hạn sử dụng 7 ngày, tính từ khi bắt đầu mua)#r<color=#FFFFFF>Nhật lạc tây sơn xích hà thăng,#rxuyên vân mặc long cẩm bào văn."
10130452,Xích Hà Văn Long,24,16,false,1,-1,1,10000,4,200,false,1,-1,-1,720,,,"<color=#33ff99>(Hạn sử dụng 30 ngày, tính từ khi bắt đầu mua)#r<color=#FFFFFF>Nhật lạc tây sơn xích hà thăng,#rxuyên vân mặc long cẩm bào văn."
10130453,Xích Hà Văn Long,24,16,false,1,-1,1,10000,4,200,false,1,-1,-1,2160,,,"<color=#33ff99>(Hạn sử dụng 90 ngày, tính từ khi bắt đầu mua)#r<color=#FFFFFF>Nhật lạc tây sơn xích hà thăng,#rxuyên vân mặc long cẩm bào văn."
10130454,Xích Hà Văn Long,24,16,false,1,-1,1,10000,4,200,false,1,-1,-1,-1,,," nhật lạc Tây Sơn xích hà thăng,#rxuyên vân mặc long cẩm bào văn."
10130455,Xích Hà Văn Long,24,16,false,1,-1,1,10000,4,200,false,1,-1,-1,-1,,," nhật lạc Tây Sơn xích hà thăng,#rxuyên vân mặc long cẩm bào văn."
10130456,Cẩm Tú Thánh Trang,24,16,false,1,-1,1,10000,4,200,false,1,-1,-1,72,,,"<color=#33ff99>(Hạn sử dụng 3 ngày, tính từ khi bắt đầu mua)#r<color=#FFFFFF>Cẩm tú khinh tải thánh đàn trang,#rHồng đoạn gia thân tuấn vô song."
10130457,Cẩm Tú Thánh Trang,24,16,false,1,-1,1,10000,4,200,false,1,-1,-1,168,,,"<color=#33ff99>(Hạn sử dụng 7 ngày, tính từ khi bắt đầu mua)#r<color=#FFFFFF>Cẩm tú khinh tài thánh đản trang, #rHồng đoạn gia thân tuấn vô song."
10130458,Cẩm Tú Thánh Trang,24,16,false,1,-1,1,10000,4,200,false,1,-1,-1,168,,,"<color=#33ff99>(Hạn sử dụng 7 ngày, tính từ khi bắt đầu mua)#r<color=#FFFFFF>Cẩm tú khinh tài thánh đản trang, #rHồng đoạn gia thân tuấn vô song."
10130459,Cẩm Tú Thánh Trang,24,16,false,1,-1,1,10000,4,200,false,1,-1,-1,360,,,"<color=#33ff99>(Hạn sử dụng 15 ngày, tính từ khi bắt đầu mua)#r<color=#FFFFFF>Cẩm tú khinh tài thánh đản trang,#rhồng đoạn gia thân tuấn vô song."
10130460,Cẩm Tú Thánh Trang,24,16,false,1,-1,1,10000,4,200,false,1,-1,-1,720,,,"<color=#33ff99>(Hạn sử dụng 30 ngày, tính từ khi bắt đầu mua)#r<color=#FFFFFF>Cẩm tú khinh tài thánh đản trang, #rHồng đoạn gia thân tuấn vô song."
10130461,Cẩm Tú Thánh Trang,24,16,false,1,-1,1,10000,4,200,false,1,-1,-1,720,,,"<color=#33ff99>(Hạn sử dụng 30 ngày, tính từ khi bắt đầu mua)#r<color=#FFFFFF>Cẩm tú khinh tài thánh đản trang, #rHồng đoạn gia thân tuấn vô song."
10130462,Cẩm Tú Thánh Trang,24,16,false,1,-1,1,10000,4,200,false,1,-1,-1,2160,,,"<color=#33ff99>(Hạn sử dụng 90 ngày, tính từ khi bắt đầu mua)#r<color=#FFFFFF>Cẩm tú khinh tài thánh đản trang, #rHồng đoạn gia thân tuấn vô song."
10130463,Cẩm Tú Thánh Trang,24,16,false,1,-1,1,10000,4,200,false,1,-1,-1,2160,,,"<color=#33ff99>(Hạn sử dụng 90 ngày, tính từ khi bắt đầu mua)#r<color=#FFFFFF>Cẩm tú khinh tài thánh đản trang, #rHồng đoạn gia thân tuấn vô song."
10130464,Cẩm Tú Thánh Trang,24,16,false,1,-1,1,10000,4,200,false,1,-1,-1,-1,,,"Cẩm tú khinh tài thánh đản trang,#rhồng đoạn gia thân tuấn vô song."
10130465,Xuân Noãn Long Hồn,24,16,false,1,-1,1,10000,4,200,false,1,-1,-1,72,,,"<color=#33ff99>(Hạn sử dụng 3 ngày, tính từ khi bắt đầu mua)#r<color=#FFFFFF>Hoa quang ỷ nị noãn hồng trần,#rLong vận miên miên tiếu tân xuân."
10130466,Xuân Noãn Long Hồn,24,16,false,1,-1,1,10000,4,200,false,1,-1,-1,168,,,"<color=#33ff99>(Hạn sử dụng 7 ngày, tính từ khi bắt đầu mua)#r<color=#FFFFFF>Hoa quang y nỉ noãn hồng trần, #rLong vận miên miên tiếu tân xuân."
10130467,Xuân Noãn Long Hồn,24,16,false,1,-1,1,10000,4,200,false,1,-1,-1,168,,,"<color=#33ff99>(Hạn sử dụng 7 ngày, tính từ khi bắt đầu mua)#r<color=#FFFFFF>Hoa quang y nỉ noãn hồng trần, #rLong vận miên miên tiếu tân xuân."
10130468,Xuân Noãn Long Hồn,24,16,false,1,-1,1,10000,4,200,false,1,-1,-1,720,,,"<color=#33ff99>(Hạn sử dụng 30 ngày, tính từ khi bắt đầu mua)#r<color=#FFFFFF>Hoa quang y nỉ noãn hồng trần, #rLong vận miên miên tiếu tân xuân."
10130469,Xuân Noãn Long Hồn,24,16,false,1,-1,1,10000,4,200,false,1,-1,-1,720,,,"<color=#33ff99>(Hạn sử dụng 30 ngày, tính từ khi bắt đầu mua)#r<color=#FFFFFF>Hoa quang y nỉ noãn hồng trần, #rLong vận miên miên tiếu tân xuân."
10130470,Xuân Noãn Long Hồn,24,16,false,1,-1,1,10000,4,200,false,1,-1,-1,2160,,,"<color=#33ff99>(Hạn sử dụng 90 ngày, tính từ khi bắt đầu mua)#r<color=#FFFFFF>Hoa quang y nỉ noãn hồng trần, #rLong vận miên miên tiếu tân xuân."
10130471,Xuân Noãn Long Hồn,24,16,false,1,-1,1,10000,4,200,false,1,-1,-1,2160,,,"<color=#33ff99>(Hạn sử dụng 90 ngày, tính từ khi bắt đầu mua)#r<color=#FFFFFF>Hoa quang y nỉ noãn hồng trần, #rLong vận miên miên tiếu tân xuân."
10130472,Xuân Noãn Long Hồn,24,16,false,1,-1,1,10000,4,200,false,1,-1,-1,-1,,,"Hoa quang ỷ nỉ noãn hồng trần,#rlong vận miên miên tiếu tân xuân."
10130473,Tử Dật Sương Nhung,24,16,false,1,-1,1,10000,4,200,false,1,-1,-1,24,,,"<color=#33ff99>(Hạn sử dụng 1 ngày, tính từ khi bắt đầu mua)#r<color=#FFFFFF>Sương bạch cẩm đoạn tử ngân phiêu,#rDoanh doanh nhung vũ tứ yêu nhiêu."
10130474,Tử Dật Sương Nhung,24,16,false,1,-1,1,10000,4,200,false,1,-1,-1,24,,,"<color=#33ff99>(Hạn sử dụng 1 ngày, tính từ khi bắt đầu mua)#r<color=#FFFFFF>Sương bạch cẩm đoạn tử ngân phiêu,#rDoanh doanh nhung vũ tứ yêu nhiêu."
10130475,Tử Dật Sương Nhung,24,16,false,1,-1,1,10000,4,200,false,1,-1,-1,24,,,"<color=#33ff99>(Hạn sử dụng 1 ngày, tính từ khi bắt đầu mua)#r<color=#FFFFFF>Sương bạch cẩm đoạn tử ngân phiêu,#rDoanh doanh nhung vũ tứ yêu nhiêu."
10130476,Tử Dật Sương Nhung,24,16,false,1,-1,1,10000,4,200,false,1,-1,-1,72,,,"<color=#33ff99>(Hạn sử dụng 3 ngày, tính từ khi bắt đầu mua)#r<color=#FFFFFF>Sương bạch cẩm đoạn tử ngân phiêu, #roánh oánh nhung vũ tứ yêu nhiêu."
10130477,Tử Dật Sương Nhung,24,16,false,1,-1,1,10000,4,200,false,1,-1,-1,168,,,"<color=#33ff99>(Hạn sử dụng 7 ngày, tính từ khi bắt đầu mua)#r<color=#FFFFFF>Sương bạch cẩm đoạn tử ngân phiêu, #roánh oánh nhung vũ tứ yêu nhiêu."
10130478,Tử Dật Sương Nhung,24,16,false,1,-1,1,10000,4,200,false,1,-1,-1,168,,,"<color=#33ff99>(Hạn sử dụng 7 ngày, tính từ khi bắt đầu mua)#r<color=#FFFFFF>Sương bạch cẩm đoạn tử ngân phiêu, #roánh oánh nhung vũ tứ yêu nhiêu."
10130479,Tử Dật Sương Nhung,24,16,false,1,-1,1,10000,4,200,false,1,-1,-1,168,,,"<color=#33ff99>(Hạn sử dụng 7 ngày, tính từ khi bắt đầu mua)#r<color=#FFFFFF>Sương bạch cẩm đoạn tử ngân phiêu, #roánh oánh nhung vũ tứ yêu nhiêu."
10130480,Tử Dật Sương Nhung,24,16,false,1,-1,1,10000,4,200,false,1,-1,-1,360,,,"<color=#33ff99>(Hạn sử dụng 15 ngày, tính từ khi bắt đầu mua)#r<color=#FFFFFF>Sương bạch cẩm đoạn tử ngân phiêu, #roánh oánh nhung vũ tứ yêu nhiêu."
10130481,Tử Dật Sương Nhung,24,16,false,1,-1,1,10000,4,200,false,1,-1,-1,720,,,"<color=#33ff99>(Hạn sử dụng 30 ngày, tính từ khi bắt đầu mua)#r<color=#FFFFFF>Sương bạch cẩm đoạn tử ngân phiêu,#rDoanh doanh nhung vũ tứ yêu nhiêu."
10130482,Tử Dật Sương Nhung,24,16,false,1,-1,1,10000,4,200,false,1,-1,-1,720,,,"<color=#33ff99>(Hạn sử dụng 30 ngày, tính từ khi bắt đầu mua)#r<color=#FFFFFF>Sương bạch cẩm đoạn tử ngân phiêu, #roánh oánh nhung vũ tứ yêu nhiêu."
10130483,Tử Dật Sương Nhung,24,16,false,1,-1,1,10000,4,200,false,1,-1,-1,720,,,"<color=#33ff99>(Hạn sử dụng 30 ngày, tính từ khi bắt đầu mua)#r<color=#FFFFFF>Sương bạch cẩm đoạn tử ngân phiêu, #roánh oánh nhung vũ tứ yêu nhiêu."
10130484,Tử Dật Sương Nhung,24,16,false,1,-1,1,10000,4,200,false,1,-1,-1,2160,,,"<color=#33ff99>(Hạn sử dụng 90 ngày, tính từ khi bắt đầu mua)#r<color=#FFFFFF>Sương bạch cẩm đoạn tử ngân phiêu, #roánh oánh nhung vũ tứ yêu nhiêu."
10130485,Tử Dật Sương Nhung,24,16,false,1,-1,1,10000,4,200,false,1,-1,-1,2160,,,"<color=#33ff99>(Hạn sử dụng 90 ngày, tính từ khi bắt đầu mua)#r<color=#FFFFFF>Sương bạch cẩm đoạn tử ngân phiêu, #roánh oánh nhung vũ tứ yêu nhiêu."
10130486,Tử Dật Sương Nhung,24,16,false,1,-1,1,10000,4,200,false,1,-1,-1,-1,,,"Sương bạch cẩm đoạn tử ngân phiêu,#rDoanh doanh nhung vũ tứ yêu nhiêu.<color=#00FF00>#rThời trang này có thể thông qua Y Thiên Thái tại Lạc Dương tiến hành nhuộm màu."
10130487,Tử Dật Sương Nhung,24,16,false,1,-1,1,10000,4,200,false,1,-1,-1,-1,,,"Sương bạch cẩm đoạn tử ngân phiêu,#rDoanh doanh nhung vũ tứ yêu nhiêu.<color=#00FF00>#rThời trang này có thể thông qua Y Thiên Thái tại Lạc Dương tiến hành nhuộm màu."
10130488,Phi Long Thừa Vân,24,16,false,1,-1,1,10000,4,200,false,1,-1,-1,24,,,"<color=#33ff99>(Hạn sử dụng 1 ngày, tính từ khi bắt đầu mua)#r<color=#FFFFFF>Phi long đằng không phong tùy ảnh,#rPhù dao trực thượng vân nguyệt hành."
10130489,Phi Long Thừa Vân,24,16,false,1,-1,1,10000,4,200,false,1,-1,-1,72,,,"<color=#33ff99>(Hạn sử dụng 3 ngày, tính từ khi bắt đầu mua)#r<color=#FFFFFF>Phi long đằng không phong tùy ảnh, #rphù diêu trực thượng vân nguyệt hành."
10130490,Phi Long Thừa Vân,24,16,false,1,-1,1,10000,4,200,false,1,-1,-1,168,,,"<color=#33ff99>(Hạn sử dụng 7 ngày, tính từ khi bắt đầu mua)#r<color=#FFFFFF>Phi long đằng không phong tùy ảnh, #rphù diêu trực thượng vân nguyệt hành."
10130491,Phi Long Thừa Vân,24,16,false,1,-1,1,10000,4,200,false,1,-1,-1,168,,,"<color=#33ff99>(Hạn sử dụng 7 ngày, tính từ khi bắt đầu mua)#r<color=#FFFFFF>Phi long đằng không phong tùy ảnh,#rPhù dao trực thượng vân nguyệt hành."
10130492,Phi Long Thừa Vân,24,16,false,1,-1,1,10000,4,200,false,1,-1,-1,168,,,"<color=#33ff99>(Hạn sử dụng 7 ngày, tính từ khi bắt đầu mua)#r<color=#FFFFFF>Phi long đằng không phong tùy ảnh,#rPhù diêu trực thượng vân nguyệt hành."
10130493,Phi Long Thừa Vân,24,16,false,1,-1,1,10000,4,200,false,1,-1,-1,168,,,"<color=#33ff99>(Hạn sử dụng 7 ngày, tính từ khi bắt đầu mua)#r<color=#FFFFFF>Phi long đằng không phong tùy ảnh,#rPhù diêu trực thượng vân nguyệt hành."
10130494,Phi Long Thừa Vân,24,16,false,1,-1,1,10000,4,200,false,1,-1,-1,168,,,"<color=#33ff99>(Hạn sử dụng 7 ngày, tính từ khi bắt đầu mua)#r<color=#FFFFFF>Phi long đằng không phong tùy ảnh,#rPhù dao trực thượng vân nguyệt hành."
10130495,Phi Long Thừa Vân,24,16,false,1,-1,1,10000,4,200,false,1,-1,-1,168,,,"<color=#33ff99>(Hạn sử dụng 7 ngày, tính từ khi bắt đầu mua)#r<color=#FFFFFF>Phi long đằng không phong tùy ảnh,#rPhù diêu trực thượng vân nguyệt hành."
10130496,Phi Long Thừa Vân,24,16,false,1,-1,1,10000,4,200,false,1,-1,-1,168,,,"<color=#33ff99>(Hạn sử dụng 7 ngày, tính từ khi bắt đầu mua)#r<color=#FFFFFF>Phi long đằng không phong tùy ảnh,#rPhù diêu trực thượng vân nguyệt hành."
10130497,Phi Long Thừa Vân,24,16,false,1,-1,1,10000,4,200,false,1,-1,-1,168,,,"<color=#33ff99>(Hạn sử dụng 7 ngày, tính từ khi bắt đầu mua)#r<color=#FFFFFF>Phi long đằng không phong tùy ảnh,#rPhù diêu trực thượng vân nguyệt hành."
10130498,Phi Long Thừa Vân,24,16,false,1,-1,1,10000,4,200,false,1,-1,-1,168,,,"<color=#33ff99>(Hạn sử dụng 7 ngày, tính từ khi bắt đầu mua)#r<color=#FFFFFF>Phi long đằng không phong tùy ảnh,#rPhù diêu trực thượng vân nguyệt hành."
10130499,Phi Long Thừa Vân,24,16,false,1,-1,1,10000,4,200,false,1,-1,-1,168,,,"<color=#33ff99>(Hạn sử dụng 7 ngày, tính từ khi bắt đầu mua)#r<color=#FFFFFF>Phi long đằng không phong tùy ảnh,#rPhù diêu trực thượng vân nguyệt hành."
10130500,Phi Long Thừa Vân,24,16,false,1,-1,1,10000,4,200,false,1,-1,-1,168,,,"<color=#33ff99>(Hạn sử dụng 7 ngày, tính từ khi bắt đầu mua)#r<color=#FFFFFF>Phi long đằng không phong tùy ảnh,#rPhù dao trực thượng vân nguyệt hành."
10130501,Phi Long Thừa Vân,24,16,false,1,-1,1,10000,4,200,false,1,-1,-1,168,,,"<color=#33ff99>(Hạn sử dụng 7 ngày, tính từ khi bắt đầu mua)#r<color=#FFFFFF>Phi long đằng không phong tùy ảnh#rPhù dao trực thượng vân nguyệt hành."
10130502,Phi Long Thừa Vân,24,16,false,1,-1,1,10000,4,200,false,1,-1,-1,168,,,"<color=#33ff99>(Hạn sử dụng 7 ngày, tính từ khi bắt đầu mua)#r<color=#FFFFFF>Phi long đằng không phong tùy ảnh, #rphù diêu trực thượng vân nguyệt hành."
10130503,Phi Long Thừa Vân,24,16,false,1,-1,1,10000,4,200,false,1,-1,-1,360,,,"<color=#33ff99>(Hạn sử dụng 15 ngày, tính từ khi bắt đầu mua)#r<color=#FFFFFF>Phi long đằng không phong tùy ảnh, #rphù diêu trực thượng vân nguyệt hành."
10130504,Phi Long Thừa Vân,24,16,false,1,-1,1,10000,4,200,false,1,-1,-1,360,,,"<color=#33ff99>(Hạn sử dụng 15 ngày, tính từ khi bắt đầu mua)#r<color=#FFFFFF>Phi long đằng không phong tùy ảnh#rPhù dao trực thượng vân nguyệt hành."
10130505,Phi Long Thừa Vân,24,16,false,1,-1,1,10000,4,200,false,1,-1,-1,720,,,"<color=#33ff99>(Hạn sử dụng 30 ngày, tính từ khi bắt đầu mua)#r<color=#FFFFFF>Phi long đằng không phong tùy ảnh, #rphù diêu trực thượng vân nguyệt hành."
10130506,Phi Long Thừa Vân,24,16,false,1,-1,1,10000,4,200,false,1,-1,-1,720,,,"<color=#33ff99>(Hạn sử dụng 30 ngày, tính từ khi bắt đầu mua)#r<color=#FFFFFF>Phi long đằng không phong tùy ảnh,#rPhù dao trực thượng vân nguyệt hành."
10130507,Phi Long Thừa Vân,24,16,false,1,-1,1,10000,4,200,false,1,-1,-1,720,,,"<color=#33ff99>(Hạn sử dụng 30 ngày, tính từ khi bắt đầu mua)#r<color=#FFFFFF>Phi long đằng không phong tùy ảnh,#rPhù dao trực thượng vân nguyệt hành."
10130508,Phi Long Thừa Vân,24,16,false,1,-1,1,10000,4,200,false,1,-1,-1,720,,,"<color=#33ff99>(Hạn sử dụng 30 ngày, tính từ khi bắt đầu mua)#r<color=#FFFFFF>Phi long đằng không phong tùy ảnh#rPhù dao trực thượng vân nguyệt hành."
10130509,Phi Long Thừa Vân,24,16,false,1,-1,1,10000,4,200,false,1,-1,-1,2160,,,"<color=#33ff99>(Hạn sử dụng 90 ngày, tính từ khi bắt đầu mua)#r<color=#FFFFFF>Phi long đằng không phong tùy ảnh,#rPhù dao trực thượng vân nguyệt hành."
10130510,Phi Long Thừa Vân,24,16,false,1,-1,1,10000,4,200,false,1,-1,-1,2160,,,"<color=#33ff99>(Hạn sử dụng 90 ngày, tính từ khi bắt đầu mua)#r<color=#FFFFFF>Phi long đằng không phong tùy ảnh, #rphù diêu trực thượng vân nguyệt hành."
10130511,Phi Long Thừa Vân,24,16,false,1,-1,1,10000,4,200,false,1,-1,-1,2160,,,"<color=#33ff99>(Hạn sử dụng 90 ngày, tính từ khi bắt đầu mua)#r<color=#FFFFFF>Phi long đằng không phong tùy ảnh,#rPhù dao trực thượng vân nguyệt hành."
10130512,Phi Long Thừa Vân,24,16,false,1,-1,1,10000,4,200,false,1,-1,-1,4320,,,"<color=#33ff99>(Hạn sử dụng 180 ngày, tính từ khi bắt đầu mua)#r<color=#FFFFFF>Phi long đằng không phong tùy ảnh,#rPhù dao trực thượng vân nguyệt hành."
10130513,Phi Long Thừa Vân,24,16,false,1,-1,1,10000,4,200,false,1,-1,-1,-1,,,"Phi long đằng không phong tùy ảnh,#rPhù dao trực thượng vân nguyệt hành.<color=#00FF00>#rThời trang này có thể thông qua Y Thiên Thái tại Lạc Dương tiến hành nhuộm màu."
10130514,Phi Long Thừa Vân,24,16,false,1,-1,1,10000,4,200,false,1,-1,-1,-1,,,"Phi long đằng không phong tùy ảnh,#rPhù dao trực thượng vân nguyệt hành."
10130515,Phi Long Thừa Vân,24,16,false,1,-1,1,10000,4,200,false,1,-1,-1,-1,,,"Phi long đằng không phong tùy ảnh,#rPhù dao trực thượng vân nguyệt hành.<color=#00FF00>#rThời trang này có thể thông qua Y Thiên Thái tại Lạc Dương tiến hành nhuộm màu."
10130525,Thanh Hà Ngư Thiển,24,16,false,1,-1,1,10000,4,200,false,1,-1,-1,24,,,"<color=#33ff99>(Hạn sử dụng 1 ngày, tính từ khi bắt đầu mua)#r<color=#FFFFFF>Làn gió phảng phấng mùi hương sen, #rnước cạn lá rơi cá nô đùa."
10130526,Thanh Hà Ngư Thiển,24,16,false,1,-1,1,10000,4,200,false,1,-1,-1,24,,,"<color=#33ff99>(Hạn sử dụng 1 ngày, tính từ khi bắt đầu mua)#r<color=#FFFFFF>Thanh phong phất động hà u hương,#rTiên thủy diệp dao ngư nhạc du."
10130527,Thanh Hà Ngư Thiển,24,16,false,1,-1,1,10000,4,200,false,1,-1,-1,24,,,"<color=#33ff99>(Hạn sử dụng 1 ngày, tính từ khi bắt đầu mua)#r<color=#FFFFFF>Thanh phong phất động hà u hương,#rTiên thủy diệp dao ngư nhạc du."
10130528,Thanh Hà Ngư Thiển,24,16,false,1,-1,1,10000,4,200,false,1,-1,-1,24,,,"<color=#33ff99>(Hạn sử dụng 1 ngày, tính từ khi bắt đầu mua)#r<color=#FFFFFF>Thanh phong phất động hà u hương,#rTiên thủy diệp dao ngư nhạc du."
10130529,Thanh Hà Ngư Thiển,24,16,false,1,-1,1,10000,4,200,false,1,-1,-1,24,,,"<color=#33ff99>(Hạn sử dụng 1 ngày, tính từ khi bắt đầu mua)#r<color=#FFFFFF>Thanh phong phất động hà u hương,#rTiên thủy diệp dao ngư nhạc du."
10130530,Thanh Hà Ngư Thiển,24,16,false,1,-1,1,10000,4,200,false,1,-1,-1,72,,,"<color=#33ff99>(Hạn sử dụng 3 ngày, tính từ khi bắt đầu mua)#r<color=#FFFFFF>Thanh phong phất động hà u hương,#rTiên thủy diệp dao ngư nhạc du."
10130531,Thanh Hà Ngư Thiển,24,16,false,1,-1,1,10000,4,200,false,1,-1,-1,72,,,"<color=#33ff99>(Hạn sử dụng 3 ngày, tính từ khi bắt đầu mua)#r<color=#FFFFFF>Thanh phong phất động hà u hương,#rTiên thủy diệp dao ngư lạc du."
10130532,Thanh Hà Ngư Thiển,24,16,false,1,-1,1,10000,4,200,false,1,-1,-1,72,,,"<color=#33ff99>(Hạn sử dụng 3 ngày, tính từ khi bắt đầu mua)#r<color=#FFFFFF>Thanh phong phất động hà u hương,#rTiên thủy diệp dao ngư lạc du."
10130533,Thanh Hà Ngư Thiển,24,16,false,1,-1,1,10000,4,200,false,1,-1,-1,72,,,"<color=#33ff99>(Hạn sử dụng 3 ngày, tính từ khi bắt đầu mua)#r<color=#FFFFFF>Thanh phong phất động hà u hương,#rTiên thủy diệp dao ngư lạc du."
10130534,Thanh Hà Ngư Thiển,24,16,false,1,-1,1,10000,4,200,false,1,-1,-1,72,,,"<color=#33ff99>(Hạn sử dụng 3 ngày, tính từ khi bắt đầu mua)#r<color=#FFFFFF>Làn gió phảng phấng mùi hương sen, #rnước cạn lá rơi cá nô đùa.<color=#00FF00>#rThời trang này có thể thông qua Y Thiên Thái tại Lạc Dương tiến hành nhuộm màu."
10130535,Thanh Hà Ngư Thiển,24,16,false,1,-1,1,10000,4,200,false,1,-1,-1,72,,,"<color=#33ff99>(Hạn sử dụng 3 ngày, tính từ khi bắt đầu mua)#r<color=#FFFFFF>Làn gió phảng phấng mùi hương sen, #rnước cạn lá rơi cá nô đùa."
10130536,Thanh Hà Ngư Thiển,24,16,false,1,-1,1,10000,4,200,false,1,-1,-1,168,,,"<color=#33ff99>(Hạn sử dụng 7 ngày, tính từ khi bắt đầu mua)#r<color=#FFFFFF>Thanh phong phất động hà u hương,#rTiên thủy diệp dao ngư nhạc du."
10130537,Thanh Hà Ngư Thiển,24,16,false,1,-1,1,10000,4,200,false,1,-1,-1,168,,,"<color=#33ff99>(Hạn sử dụng 7 ngày, tính từ khi bắt đầu mua)#r<color=#FFFFFF>Thanh phong phật động hà u hương,#rthiển thủy diệp diêu ngư lạc du."
10130538,Thanh Hà Ngư Thiển,24,16,false,1,-1,1,10000,4,200,false,1,-1,-1,168,,,"<color=#33ff99>(Hạn sử dụng 7 ngày, tính từ khi bắt đầu mua)#r<color=#FFFFFF>Thanh phong phất động hà u hương,#rTiên thủy diệp dao ngư lạc du."
10130539,Thanh Hà Ngư Thiển,24,16,false,1,-1,1,10000,4,200,false,1,-1,-1,168,,,"<color=#33ff99>(Hạn sử dụng 7 ngày, tính từ khi bắt đầu mua)#r<color=#FFFFFF>Làn gió phảng phấng mùi hương sen, #rnước cạn lá rơi cá nô đùa.<color=#00FF00>#rThời trang này có thể thông qua Y Thiên Thái tại Lạc Dương tiến hành nhuộm màu."
10130540,Thanh Hà Ngư Thiển,24,16,false,1,-1,1,10000,4,200,false,1,-1,-1,168,,,"<color=#33ff99>(Hạn sử dụng 7 ngày, tính từ khi bắt đầu mua)#r<color=#FFFFFF>Làn gió phảng phấng mùi hương sen, #rnước cạn lá rơi cá nô đùa.<color=#00FF00>#rThời trang này có thể thông qua Y Thiên Thái tại Lạc Dương tiến hành nhuộm màu."
10130541,Thanh Hà Ngư Thiển,24,16,false,1,-1,1,10000,4,200,false,1,-1,-1,168,,,"<color=#33ff99>(Hạn sử dụng 7 ngày, tính từ khi bắt đầu mua)#r<color=#FFFFFF>Làn gió phảng phấng mùi hương sen, #rnước cạn lá rơi cá nô đùa.<color=#00FF00>#rThời trang này có thể thông qua Y Thiên Thái tại Lạc Dương tiến hành nhuộm màu."
10130542,Thanh Hà Ngư Thiển,24,16,false,1,-1,1,10000,4,200,false,1,-1,-1,720,,,"<color=#33ff99>(Hạn sử dụng 30 ngày, tính từ khi bắt đầu mua)#r<color=#FFFFFF>Làn gió phảng phấng mùi hương sen, #rnước cạn lá rơi cá nô đùa.<color=#00FF00>#rThời trang này có thể thông qua Y Thiên Thái tại Lạc Dương tiến hành nhuộm màu."
10130543,Thanh Hà Ngư Thiển,24,16,false,1,-1,1,10000,4,200,false,1,-1,-1,720,,,"<color=#33ff99>(Hạn sử dụng 30 ngày, tính từ khi bắt đầu mua)#r<color=#FFFFFF>Làn gió phảng phấng mùi hương sen, #rnước cạn lá rơi cá nô đùa."
10130544,Thanh Hà Ngư Thiển,24,16,false,1,-1,1,10000,4,200,false,1,-1,-1,2160,,,"<color=#33ff99>(Hạn sử dụng 90 ngày, tính từ khi bắt đầu mua)#r<color=#FFFFFF>Làn gió phảng phấng mùi hương sen, #rnước cạn lá rơi cá nô đùa.<color=#00FF00>#rThời trang này có thể thông qua Y Thiên Thái tại Lạc Dương tiến hành nhuộm màu."
10130545,Thanh Hà Ngư Thiển,24,16,false,1,-1,1,10000,4,200,false,1,-1,-1,-1,,,"Làn gió phảng phấng mùi hương sen, #rnước cạn lá rơi cá nô đùa.<color=#00FF00>#rThời trang này có thể thông qua Y Thiên Thái tại Lạc Dương tiến hành nhuộm màu."
10130546,Thanh Hà Ngư Thiển,24,16,false,1,-1,1,10000,4,200,false,1,-1,-1,-1,,,"Thanh phong phất động hà u hương,#rTiên thủy diệp dao ngư nhạc du."
10130547,Viêm Lang Tôn Bào,24,16,false,1,-1,1,10000,4,200,false,1,-1,-1,2160,,,"<color=#33ff99>(Hạn sử dụng 90 ngày, tính từ khi bắt đầu mua)#r<color=#FFFFFF>Quần lang khiếu ngạo lộ tranh dung#rĐạm đạm tứ phương đồ tôn vinh.<color=#00FF00>Thưởng thành công vào thi đấu vòng trong Tranh Bá Toàn Cầu."
10130548,Viêm Lang Tôn Bào,24,16,false,1,-1,1,10000,4,200,false,1,-1,-1,4320,,,"<color=#33ff99>(Hạn sử dụng 180 ngày, tính từ khi bắt đầu mua)#r<color=#FFFFFF>Quần lang tiếu ngạo lộ tranh dung,#rViêm diệm tứ phương đồ tôn vinh.<color=#00FF00>Phần thưởng Top 32 chung kết Tranh Bá Toàn Cầu."
10130549,Viêm Lang Tôn Bào,24,16,false,1,-1,1,10000,4,200,false,1,-1,-1,4320,,,"<color=#33ff99>(Hạn sử dụng 180 ngày, tính từ khi bắt đầu mua)#r<color=#FFFFFF>Quần lang tiếu ngạo lộ tranh dung.#rViêm diệm tứ phương đồ tôn vinh."
10130550,Viêm Lang Tôn Bào,24,16,false,1,-1,1,10000,4,200,false,1,-1,-1,8640,,,"<color=#33ff99>(Hạn sử dụng 360 ngày, tính từ khi bắt đầu mua)#r<color=#FFFFFF>Quần lang tiếu ngạo lộ tranh dung.#rViêm diệm tứ phương đồ tôn vinh.<color=#00FF00>Thưởng hạng 4 Chung Kết Tranh Bá Toàn Cầu"
10130551,Viêm Lang Tôn Bào,24,16,false,1,-1,1,10000,4,200,false,1,-1,-1,-1,,,"Quần lang tiếu ngạo lộ tranh dung,#rViêm diệm tứ phương đồ tôn vinh.<color=#00FF00>Phần thưởng hạng 3 chung kết Tranh Bá Toàn Cầu."
10130552,Hổ Tiếu Hùng Trang,24,16,false,1,-1,1,10000,4,200,false,1,-1,-1,-1,,,"Hổ khiếu thanh khâu bễ nghễ chúng,#rHồng đồ vĩ nghiệp đãi tranh hùng."
10130553,Kiêu Long Bá Khải,24,16,false,1,-1,1,10000,4,200,false,1,-1,-1,4320,,,"<color=#33ff99>(Hạn sử dụng 180 ngày, tính từ khi bắt đầu mua)#r<color=#FFFFFF>Long bàn cửu châu độc kiêu hùng#rQuân lâm thiên hạ bá giả phong."
10130554,Kiêu Long Bá Khải,24,16,false,1,-1,1,10000,4,200,false,1,-1,-1,-1,,,"Long bàn cửu châu độc kiêu hùng,#rQuân lâm thiên hạ bá giả phong."
10130555,Kiếm Ảnh Hoa Hinh,24,16,false,1,-1,1,10000,4,200,false,1,-1,-1,24,,,"<color=#33ff99>(Hạn sử dụng 1 ngày, tính từ khi bắt đầu mua)#r<color=#FFFFFF>Thanh sam kiếm ảnh giang hồ khứ,#rPhi hoa hàm hinh cộng quân hành."
10130556,Kiếm Ảnh Hoa Hinh,24,16,false,1,-1,1,10000,4,200,false,1,-1,-1,72,,,"<color=#33ff99>(Hạn sử dụng 3 ngày, tính từ khi bắt đầu mua)#r<color=#FFFFFF>Thanh sam kiếm ảnh giang hồ khứ,#rPhi hoa hàm hinh cộng quân hành."
10130557,Kiếm Ảnh Hoa Hinh,24,16,false,1,-1,1,10000,4,200,false,1,-1,-1,168,,,"<color=#33ff99>(Hạn sử dụng 7 ngày, tính từ khi bắt đầu mua)#r<color=#FFFFFF>Thanh sam kiếm ảnh giang hồ khứ,#rPhi hoa hàm hinh cộng quân hành."
10130558,Kiếm Ảnh Hoa Hinh,24,16,false,1,-1,1,10000,4,200,false,1,-1,-1,168,,,"<color=#33ff99>(Hạn sử dụng 7 ngày, tính từ khi bắt đầu mua)#r<color=#FFFFFF>Thanh sam kiếm ảnh giang hồ khứ,#rPhi hoa hàm hinh cộng quân hành."
10130559,Kiếm Ảnh Hoa Hinh,24,16,false,1,-1,1,10000,4,200,false,1,-1,-1,360,,,"<color=#33ff99>(Hạn sử dụng 15 ngày, tính từ khi bắt đầu mua)#r<color=#FFFFFF>Thanh sam kiếm ảnh giang hồ khứ,#rPhi hoa hàm hinh cộng quân hành."
10130560,Kiếm Ảnh Hoa Hinh,24,16,false,1,-1,1,10000,4,200,false,1,-1,-1,720,,,"<color=#33ff99>(Hạn sử dụng 30 ngày, tính từ khi bắt đầu mua)#r<color=#FFFFFF>Thanh sam kiếm ảnh giang hồ khứ,#rPhi hoa hàm hinh cộng quân hành."
10130561,Kiếm Ảnh Hoa Hinh,24,16,false,1,-1,1,10000,4,200,false,1,-1,-1,720,,,"<color=#33ff99>(Hạn sử dụng 30 ngày, tính từ khi bắt đầu mua)#r<color=#FFFFFF>Thanh sam kiếm ảnh giang hồ khứ,#rPhi hoa hàm hinh cộng quân hành."
10130562,Kiếm Ảnh Hoa Hinh,24,16,false,1,-1,1,10000,4,200,false,1,-1,-1,2160,,,"<color=#33ff99>(Hạn sử dụng 90 ngày, tính từ khi bắt đầu mua)#r<color=#FFFFFF>Thanh sam kiếm ảnh giang hồ khứ,#rPhi hoa hàm hinh cộng quân hành."
10130563,Kiếm Ảnh Hoa Hinh,24,16,false,1,-1,1,10000,4,200,false,1,-1,-1,-1,,,"Thanh sam kiếm ảnh giang hồ khứ,#rPhi hoa hàm hinh cộng quân hành."
10130564,Phi Vũ Du Long,24,16,false,1,-1,1,10000,4,200,false,1,-1,-1,168,,,"<color=#33ff99>(Hạn sử dụng 7 ngày, tính từ khi bắt đầu mua)#r<color=#FFFFFF>Viêm long trục nhật vạn lân khai,#rLiễm vũ phún tức bá thế lai."
10130565,Phi Vũ Du Long,24,16,false,1,-1,1,10000,4,200,false,1,-1,-1,720,,,"<color=#33ff99>(Hạn sử dụng 30 ngày, tính từ khi bắt đầu mua)#r<color=#FFFFFF>Viêm long trục nhật vạn lân khai,#rLiễm vũ phún tức bá thế lai."
10130566,Phi Vũ Du Long,24,16,false,1,-1,1,10000,4,200,false,1,-1,-1,720,,,"<color=#33ff99>(Hạn sử dụng 30 ngày, tính từ khi bắt đầu mua)#r<color=#FFFFFF>Viêm long trục nhật vạn lân khai,#rLiễm vũ phún tức bá thế lai."
10130567,Phi Vũ Du Long,24,16,false,1,-1,1,10000,4,200,false,1,-1,-1,2160,,,"<color=#33ff99>(Hạn sử dụng 90 ngày, tính từ khi bắt đầu mua)#r<color=#FFFFFF>Viêm long trục nhật vạn lân khai,#rLiễm vũ phún tức bá thế lai."
10130568,Phi Vũ Du Long,24,16,false,1,-1,1,10000,4,200,false,1,-1,-1,-1,,,"Viêm long trục nhật vạn lân khai,#rLiễm vũ phún tức bá thế lai."
10130569,Phiên Điệp Lạc Vũ,24,16,false,1,-1,1,10000,4,200,false,1,-1,-1,24,,,"<color=#33ff99>(Hạn sử dụng 1 ngày, tính từ khi bắt đầu mua)#r<color=#FFFFFF>Diệu điệp tiêm tiêm kiên thượng vũ,#rNhạ lai tiên vũ cộng anh tư."
10130570,Phiên Điệp Lạc Vũ,24,16,false,1,-1,1,10000,4,200,false,1,-1,-1,24,,,"<color=#33ff99>(Hạn sử dụng 1 ngày, tính từ khi bắt đầu mua)#r<color=#FFFFFF>Miễu điệp kiên thượng vũ,#rTiên vũ cộng anh tư."
10130571,Phiên Điệp Lạc Vũ,24,16,false,1,-1,1,10000,4,200,false,1,-1,-1,72,,,"<color=#33ff99>(Hạn sử dụng 3 ngày, tính từ khi bắt đầu mua)#r<color=#FFFFFF>Diệu điệp khiên khiên kiên thượng vũ,#rNhạ lai tiên vũ cộng anh tư."
10130572,Phiên Điệp Lạc Vũ,24,16,false,1,-1,1,10000,4,200,false,1,-1,-1,72,,,"<color=#33ff99>(Hạn sử dụng 3 ngày, tính từ khi bắt đầu mua)#r<color=#FFFFFF>Diệu điệp khiên khiên kiên thượng vũ,#rNhạ lai tiên vũ cộng anh tư."
10130573,Phiên Điệp Lạc Vũ,24,16,false,1,-1,1,10000,4,200,false,1,-1,-1,72,,,"<color=#33ff99>(Hạn sử dụng 3 ngày, tính từ khi bắt đầu mua)#r<color=#FFFFFF>Diệu điệp khiên khiên kiên thượng vũ,#rNhạ lai tiên vũ cộng anh tư."
10130574,Phiên Điệp Lạc Vũ,24,16,false,1,-1,1,10000,4,200,false,1,-1,-1,72,,,"<color=#33ff99>(Hạn sử dụng 3 ngày, tính từ khi bắt đầu mua)#r<color=#FFFFFF>Diệu điệp tiêm tiêm kiên thượng vũ,#rNhạ lai tiên vũ cộng anh tư."
10130575,Phiên Điệp Lạc Vũ,24,16,false,1,-1,1,10000,4,200,false,1,-1,-1,168,,,"<color=#33ff99>(Hạn sử dụng 7 ngày, tính từ khi bắt đầu mua)#r<color=#FFFFFF>Diệu điệp tiêm tiêm kiên thượng vũ,#rNhạ lai tiên vũ cộng anh tư."
10130576,Phiên Điệp Lạc Vũ,24,16,false,1,-1,1,10000,4,200,false,1,-1,-1,168,,,"<color=#33ff99>(Hạn sử dụng 7 ngày, tính từ khi bắt đầu mua)#r<color=#FFFFFF>Diệu điệp tiêm tiêm kiên thượng vũ,#rNhạ lai tiên vũ cộng anh tư."
10130577,Phiên Điệp Lạc Vũ,24,16,false,1,-1,1,10000,4,200,false,1,-1,-1,720,,,"<color=#33ff99>(Hạn sử dụng 30 ngày, tính từ khi bắt đầu mua)#r<color=#FFFFFF>Diệu điệp tiêm tiêm kiên thượng vũ,#rNhạ lai tiên vũ cộng anh tư."
10130578,Phiên Điệp Lạc Vũ,24,16,false,1,-1,1,10000,4,200,false,1,-1,-1,720,,,"<color=#33ff99>(Hạn sử dụng 30 ngày, tính từ khi bắt đầu mua)#r<color=#FFFFFF>Diệu điệp tiêm tiêm kiên thượng vũ,#rNhạ lai tiên vũ cộng anh tư."
10130579,Phiên Điệp Lạc Vũ,24,16,false,1,-1,1,10000,4,200,false,1,-1,-1,2160,,,"<color=#33ff99>(Hạn sử dụng 90 ngày, tính từ khi bắt đầu mua)#r<color=#FFFFFF>Diệu điệp tiêm tiêm kiên thượng vũ,#rNhạ lai tiên vũ cộng anh tư."
10130580,Phiên Điệp Lạc Vũ,24,16,false,1,-1,1,10000,4,200,false,1,-1,-1,-1,,,"Diệu điệp tiêm tiêm kiên thượng vũ,#rNhạ lai tiên vũ cộng anh tư.<color=#00FF00>#rThời trang này có thể thông qua Y Thiên Thái tại Lạc Dương tiến hành nhuộm màu."
10130581,Phiên Điệp Lạc Vũ,24,16,false,1,-1,1,10000,4,200,false,1,-1,-1,-1,,,"Diệu điệp tiêm tiêm kiên thượng vũ,#rNhạ lai tiên vũ cộng anh tư."
10130582,Thụy Ảnh Tường Phong,24,16,false,1,-1,1,10000,4,200,false,1,-1,-1,24,,,"<color=#33ff99>(Hạn sử dụng 1 ngày, tính từ khi bắt đầu mua)#r<color=#FFFFFF>Nhật noãn như viêm phúc thụy chí,#rPhiên phiên hiệp ảnh mộc xuân phong."
10130583,Thụy Ảnh Tường Phong,24,16,false,1,-1,1,10000,4,200,false,1,-1,-1,72,,,"<color=#33ff99>(Hạn sử dụng 3 ngày, tính từ khi bắt đầu mua)#r<color=#FFFFFF>Nhật noãn như viêm phúc thụy chí,#rPhiên phiên hiệp ảnh mộc xuân phong."
10130584,Thụy Ảnh Tường Phong,24,16,false,1,-1,1,10000,4,200,false,1,-1,-1,72,,,"<color=#33ff99>(Hạn sử dụng 3 ngày, tính từ khi bắt đầu mua)#r<color=#FFFFFF>Nhật noãn như viêm phúc thụy chí,#rPhiên phiên hiệp ảnh mộc xuân phong."
10130585,Thụy Ảnh Tường Phong,24,16,false,1,-1,1,10000,4,200,false,1,-1,-1,168,,,"<color=#33ff99>(Hạn sử dụng 7 ngày, tính từ khi bắt đầu mua)#r<color=#FFFFFF>Nhật noãn như viêm phúc thụy chí,#rPhiên phiên hiệp ảnh mộc xuân phong."
10130586,Thụy Ảnh Tường Phong,24,16,false,1,-1,1,10000,4,200,false,1,-1,-1,168,,,"<color=#33ff99>(Hạn sử dụng 7 ngày, tính từ khi bắt đầu mua)#r<color=#FFFFFF>Nhật noãn như viêm phúc thụy chí,#rPhiên phiên hiệp ảnh mộc xuân phong."
10130587,Thụy Ảnh Tường Phong,24,16,false,1,-1,1,10000,4,200,false,1,-1,-1,360,,,"<color=#33ff99>(Hạn sử dụng 15 ngày, tính từ khi bắt đầu mua)#r<color=#FFFFFF>Nhật noãn như viêm phúc thụy chí,#rPhiên phiên hiệp ảnh mộc xuân phong."
10130588,Thụy Ảnh Tường Phong,24,16,false,1,-1,1,10000,4,200,false,1,-1,-1,360,,,"<color=#33ff99>(Hạn sử dụng 90 ngày, tính từ khi bắt đầu mua)#r<color=#FFFFFF>Nhật noãn như viêm phúc thụy chí,#rPhiên phiên hiệp ảnh mộc xuân phong."
10130589,Thụy Ảnh Tường Phong,24,16,false,1,-1,1,10000,4,200,false,1,-1,-1,720,,,"<color=#33ff99>(Hạn sử dụng 30 ngày, tính từ khi bắt đầu mua)#r<color=#FFFFFF>Nhật noãn như viêm phúc thụy chí,#rPhiên phiên hiệp ảnh mộc xuân phong."
10130590,Thụy Ảnh Tường Phong,24,16,false,1,-1,1,10000,4,200,false,1,-1,-1,720,,,"<color=#33ff99>(Hạn sử dụng 30 ngày, tính từ khi bắt đầu mua)#r<color=#FFFFFF>Nhật noãn như viêm phúc thụy chí,#rPhiên phiên hiệp ảnh mộc xuân phong."
10130591,Thụy Ảnh Tường Phong,24,16,false,1,-1,1,10000,4,200,false,1,-1,-1,2160,,,"<color=#33ff99>(Hạn sử dụng 90 ngày, tính từ khi bắt đầu mua)#r<color=#FFFFFF>Nhật noãn như viêm phúc thụy chí,#rPhiên phiên hiệp ảnh mộc xuân phong."
10130595,Thụy Ảnh Tường Phong,24,16,false,1,-1,1,10000,4,200,false,1,-1,-1,2160,,,"<color=#33ff99>(Hạn sử dụng 90 ngày, tính từ khi bắt đầu mua)#r<color=#FFFFFF>Nhật noãn như viêm phúc thụy chí,#rPhiên phiên hiệp ảnh mộc xuân phong."
10130596,Thụy Ảnh Tường Phong,24,16,false,1,-1,1,10000,4,200,false,1,-1,-1,-1,,,"Nhật noãn như viêm phúc thụy chí,#rPhiên phiên hiệp ảnh mộc xuân phong."
10130597,Kiếm Ảnh Cầm Âm,24,16,false,1,-1,1,10000,4,200,false,1,-1,-1,168,,,"<color=#33ff99>(Hạn sử dụng 7 ngày, tính từ khi bắt đầu mua)#r<color=#FFFFFF>Thanh phong tam xích giang hồ bạn,#rCầm sắt nhất khúc cộng quân hành."
10130598,Kiếm Ảnh Cầm Âm,24,16,false,1,-1,1,10000,4,200,false,1,-1,-1,168,,,"<color=#33ff99>(Hạn sử dụng 7 ngày, tính từ khi bắt đầu mua)#r<color=#FFFFFF>Thanh phong tam xích giang hồ bạn,#rCầm sắt nhất khúc cộng quân hành."
10130599,Kiếm Ảnh Cầm Âm,24,16,false,1,-1,1,10000,4,200,false,1,-1,-1,720,,,"<color=#33ff99>(Hạn sử dụng 30 ngày, tính từ khi bắt đầu mua)#r<color=#FFFFFF>Thanh phong tam xích giang hồ bạn,#rCầm sắt nhất khúc cộng quân hành."
10130600,Kiếm Ảnh Cầm Âm,24,16,false,1,-1,1,10000,4,200,false,1,-1,-1,720,,,"<color=#33ff99>(Hạn sử dụng 30 ngày, tính từ khi bắt đầu mua)#r<color=#FFFFFF>Thanh phong tam xích giang hồ bạn,#rCầm sắt nhất khúc cộng quân hành."
10130601,Kiếm Ảnh Cầm Âm,24,16,false,1,-1,1,10000,4,200,false,1,-1,-1,2160,,,"<color=#33ff99>(Hạn sử dụng 90 ngày, tính từ khi bắt đầu mua)#r<color=#FFFFFF>Thanh phong tam xích giang hồ bạn,#rCầm sắt nhất khúc cộng quân hành."
10130602,Kiếm Ảnh Cầm Âm,24,16,false,1,-1,1,10000,4,200,false,1,-1,-1,-1,,,"Thanh phong tam xích giang hồ bạn,#rCầm sắt nhất khúc cộng quân hành."
10130603,Đường Môn Khinh Trang,24,16,false,1,11,1,10000,4,200,false,1,-1,-1,-1,,,"Áo cẩm của Đệ tử Đường Môn thường dùng, truyền thuyết kể rằng người mặc sẽ được sự phù hộ của Thiên Cơ."
10130604,Dạ Ảnh,24,16,false,1,11,1,10000,4,200,false,1,-1,-1,-1,,,"Bảo vật của Đường Môn, tương truyền là cao nhân của Đường Thị chế tạo dưới ánh trăng rằm, bên trên khắc văn tự thiên cơ huyền bí biến hóa khôn lường.<br><color=#00FF00>Thời trang cao cấp</color> phái <color=#00FF00>Đường Môn</color>. Trên mình quái vật ở <color=#00FF00>Ngân Ngai Tuyết Nguyên</color> có mang <color=#FFFF00>[Nhật Ký Quái Vật]</color>. Thu thập <color=#FFFF00>20 quyển</color>, có thể đến <color=#00FF00>Đại Lý</color> tìm <color=#FFFF00>Củng Thái Vân</color> để đổi lấy bộ <color=#00FF00>thời trang cao cấp môn phái</color>."
10130605,Hàn Phong,24,16,false,1,11,1,10000,4,200,false,1,-1,-1,-1,,,"Y phục dành cho Đệ tử cao cấp của Đường Môn.<br><color=#00FF00>Thời trang tiến cấp</color> phái <color=#00FF00>Đường Môn</color>. <color=#00FF00>Trấn Bảo Long Vương</color> cai quản <color=#00FF00>Lâu Lan Bảo Tàng Động</color> cùng vô số rương bảo vật, trong đó bao gồm <color=#FFFF00>[Quái Vật Tương Sách]</color>. Thu thập <color=#FFFF00>20 quyển</color>, có thể đến <color=#00FF00>Đại Lý</color> tìm <color=#FFFF00>Củng Thái Vân</color> để đổi lấy bộ <color=#00FF00>thời trang tiến cấp môn phái</color>."
10130609,Truy Hồn,24,16,false,1,11,1,10000,4,200,false,1,-1,-1,-1,,,"Võng lượng dạ hành, Tu la giáng thế. Tương truyền tổ tiên Mặc gia chế tạo ra cẩm y này.<br><color=#00FF00>Thời trang đặc biệt</color> phái <color=#00FF00>Đường Môn</color>. <color=#00FF00>Gia Luật Liên Thành</color> tại <color=#00FF00>Binh Thánh Kỳ Trận</color> có ấn ký <color=#FFFF00>[Chinh Nam Tiên Phong Ấn]</color>. Thu thập <color=#FFFF00>20 ấn</color>, có thể đến <color=#00FF00>Đại Lý</color> tìm <color=#FFFF00>Củng Thái Vân</color> để đổi lấy bộ <color=#00FF00>thời trang đặc biệt môn phái</color>."
10130610,Lưu Vân Miên Trang,24,16,false,1,-1,1,10000,4,200,false,1,-1,-1,168,,,"<color=#33ff99>(Hạn sử dụng 7 ngày, tính từ khi bắt đầu mua)#r<color=#FFFFFF>Thái đắc nhất phiến thanh vân cẩm,#rTú thử hoa phục bạn phương dung."
10130611,Lưu Vân Miên Trang,24,16,false,1,-1,1,10000,4,200,false,1,-1,-1,168,,,"<color=#33ff99>(Hạn sử dụng 7 ngày, tính từ khi bắt đầu mua)#r<color=#FFFFFF>Thái đắc nhất phiến thanh vân cẩm,#rTú thử hoa phục bạn phương dung."
10130612,Lưu Vân Miên Trang,24,16,false,1,-1,1,10000,4,200,false,1,-1,-1,720,,,"<color=#33ff99>(Hạn sử dụng 30 ngày, tính từ khi bắt đầu mua)#r<color=#FFFFFF>Thái đắc nhất phiến thanh vân cẩm,#rTú thử hoa phục bạn phương dung."
10130613,Lưu Vân Miên Trang,24,16,false,1,-1,1,10000,4,200,false,1,-1,-1,720,,,"<color=#33ff99>(Hạn sử dụng 30 ngày, tính từ khi bắt đầu mua)#r<color=#FFFFFF>Thái đắc nhất phiến thanh vân cẩm,#rTú thử hoa phục bạn phương dung."
10130614,Lưu Vân Miên Trang,24,16,false,1,-1,1,10000,4,200,false,1,-1,-1,2160,,,"<color=#33ff99>(Hạn sử dụng 90 ngày, tính từ khi bắt đầu mua)#r<color=#FFFFFF>Thái đắc nhất phiến thanh vân cẩm,#rTú thử hoa phục bạn phương dung."
10130615,Lưu Vân Miên Trang,24,16,false,1,-1,1,10000,4,200,false,1,-1,-1,-1,,,"Thái đắc nhất phiến thanh vân cẩm,#rTú thử hoa phục bạn phương dung."
10130616,Hồng Thiền Cẩm Trang,24,16,false,1,-1,1,10000,4,200,false,1,-1,-1,168,,,"<color=#33ff99>(Hạn sử dụng 7 ngày, tính từ khi bắt đầu mua)#r<color=#FFFFFF>Phiên nhiên nhược vụ trường hồng cẩm,#rVân bạc thiền dực cán khê sa."
10130617,Hồng Thiền Cẩm Trang,24,16,false,1,-1,1,10000,4,200,false,1,-1,-1,168,,,"<color=#33ff99>(Hạn sử dụng 7 ngày, tính từ khi bắt đầu mua)#r<color=#FFFFFF>Phiên nhiên nhược vũ trường hồng cẩm,#rVân bạc thiền dực cán khê sa."
10130618,Hồng Thiền Cẩm Trang,24,16,false,1,-1,1,10000,4,200,false,1,-1,-1,720,,,"<color=#33ff99>(Hạn sử dụng 30 ngày, tính từ khi bắt đầu mua)#r<color=#FFFFFF>Phiên nhiên nhược vũ trường hồng cẩm,#rVân bạc thiền dực cán khê sa."
10130619,Hồng Thiền Cẩm Trang,24,16,false,1,-1,1,10000,4,200,false,1,-1,-1,2160,,,"<color=#33ff99>(Hạn sử dụng 90 ngày, tính từ khi bắt đầu mua)#r<color=#FFFFFF>Phiên nhiên nhược vũ trường hồng cẩm,#rVân bạc thiền dực cán khê sa."
10130620,Hồng Thiền Cẩm Trang,24,16,false,1,-1,1,10000,4,200,false,1,-1,-1,-1,,,"Phiên nhiên nhược vũ trường hồng cẩm,#rVân bạc thiền dực cán khê sa."
10130621,Hồng Thiền Cẩm Trang,24,16,false,1,-1,1,10000,4,200,false,1,-1,-1,-1,,,"Phiên nhiên nhược vũ trường hồng cẩm,#rVân bạc thiền dực cán khê sa."
10130622,Mặc Nhiễm Thanh Phong,24,16,false,1,-1,1,10000,4,200,false,1,-1,-1,24,,,"<color=#33ff99>(Hạn sử dụng 1 ngày, tính từ khi bắt đầu mua)#r<color=#FFFFFF>Trường không bạch luyện thanh hồng chiếu,#rMột nhập tinh không ảnh bất tri."
10130623,Mặc Nhiễm Thanh Phong,24,16,false,1,-1,1,10000,4,200,false,1,-1,-1,72,,,"<color=#33ff99>(Hạn sử dụng 3 ngày, tính từ khi bắt đầu mua)#r<color=#FFFFFF>Trường không bạch luyện thanh hồng chiếu,#rMột nhập tinh không ảnh bất tri."
10130624,Mặc Nhiễm Thanh Phong,24,16,false,1,-1,1,10000,4,200,false,1,-1,-1,168,,,"<color=#33ff99>(Hạn sử dụng 7 ngày, tính từ khi bắt đầu mua)#r<color=#FFFFFF>Trường không bạch luyện thanh hồng chiếu,#rMột nhập tinh không ảnh bất tri."
10130625,Mặc Nhiễm Thanh Phong,24,16,false,1,-1,1,10000,4,200,false,1,-1,-1,720,,,"<color=#33ff99>(Hạn sử dụng 30 ngày, tính từ khi bắt đầu mua)#r<color=#FFFFFF>Trường không bạch luyện thanh hồng chiếu,#rMột nhập tinh không ảnh bất tri."
10130626,Mặc Nhiễm Thanh Phong,24,16,false,1,-1,1,10000,4,200,false,1,-1,-1,2160,,,"<color=#33ff99>(Hạn sử dụng 90 ngày, tính từ khi bắt đầu mua)#r<color=#FFFFFF>Trường không bạch luyện thanh hồng chiếu,#rMột nhập tinh không ảnh bất tri."
10130627,Mặc Nhiễm Thanh Phong,24,16,false,1,-1,1,10000,4,200,false,1,-1,-1,4320,,,"<color=#33ff99>(Hạn sử dụng 180 ngày, tính từ khi bắt đầu mua)#r<color=#FFFFFF>Trường không bạch luyện thanh hồng chiếu,#rMột nhập tinh không ảnh bất tri."
10130628,Mặc Nhiễm Thanh Phong,24,16,false,1,-1,1,10000,4,200,false,1,-1,-1,-1,,,"Trường không bạch luyện thanh hồng chiếu,#rMột nhập tinh không ảnh bất tri."
10130629,Mặc Nhiễm Thanh Phong,24,16,false,1,-1,1,10000,4,200,false,1,-1,-1,-1,,,"Trường không bạch luyện thanh hồng chiếu,#rMột nhập tinh không ảnh bất tri."
10130630,Ngọc Vũ Thanh Trù,24,16,false,1,-1,1,10000,4,200,false,1,-1,-1,24,,,"<color=#33ff99>(Hạn sử dụng 1 ngày, tính từ khi bắt đầu mua)#r<color=#FFFFFF>Lưu vân tự vũ túy lâm phong,#rThanh hồng tác cẩm ánh kiều dung."
10130631,Ngọc Vũ Thanh Trù,24,16,false,1,-1,1,10000,4,200,false,1,-1,-1,24,,,"<color=#33ff99>(Hạn sử dụng 1 ngày, tính từ khi bắt đầu mua)#r<color=#FFFFFF>Lưu vân tự vũ túy lâm phong,#rthanh hồng tác cẩm ánh kiều dung."
10130632,Ngọc Vũ Thanh Trù,24,16,false,1,-1,1,10000,4,200,false,1,-1,-1,24,,,"<color=#33ff99>(Hạn sử dụng 1 ngày, tính từ khi bắt đầu mua)#r<color=#FFFFFF>Lưu vân tự vũ túy lâm phong,#rThanh hồng tác cẩm ánh kiều dung."
10130633,Ngọc Vũ Thanh Trù,24,16,false,1,-1,1,10000,4,200,false,1,-1,-1,24,,,"<color=#33ff99>(Hạn sử dụng 1 ngày, tính từ khi bắt đầu mua)#r<color=#FFFFFF>Lưu vân tự vũ túy lâm phong,#rThanh hồng tác cẩm ánh kiều dung."
10130634,Ngọc Vũ Thanh Trù,24,16,false,1,-1,1,10000,4,200,false,1,-1,-1,72,,,"<color=#33ff99>(Hạn sử dụng 3 ngày, tính từ khi bắt đầu mua)#r<color=#FFFFFF>Lưu vân tự vũ túy lâm phong,#rThanh hồng tác cẩm ánh kiều dung."
10130635,Ngọc Vũ Thanh Trù,24,16,false,1,-1,1,10000,4,200,false,1,-1,-1,72,,,"<color=#33ff99>(Hạn sử dụng 3 ngày, tính từ khi bắt đầu mua)#r<color=#FFFFFF>Lưu vân tự vũ túy lâm phong,#rThanh hồng tác cẩm ánh kiều dung."
10130636,Ngọc Vũ Thanh Trù,24,16,false,1,-1,1,10000,4,200,false,1,-1,-1,72,,,"<color=#33ff99>(Hạn sử dụng 3 ngày, tính từ khi bắt đầu mua)#r<color=#FFFFFF>Lưu vân tự vũ túy lâm phong,#rthanh hồng tác cẩm ánh kiều dung."
10130637,Ngọc Vũ Thanh Trù,24,16,false,1,-1,1,10000,4,200,false,1,-1,-1,72,,,"<color=#33ff99>(Hạn sử dụng 3 ngày, tính từ khi bắt đầu mua)#r<color=#FFFFFF>Lưu vân tự vũ túy lâm phong,#rthanh hồng tác cẩm ánh kiều dung."
10130638,Ngọc Vũ Thanh Trù,24,16,false,1,-1,1,10000,4,200,false,1,-1,-1,72,,,"<color=#33ff99>(Hạn sử dụng 3 ngày, tính từ khi bắt đầu mua)#r<color=#FFFFFF>Lưu vân tự vũ túy lâm phong,#rThanh hồng tác cẩm ánh kiều dung."
10130639,Ngọc Vũ Thanh Trù,24,16,false,1,-1,1,10000,4,200,false,1,-1,-1,168,,,"<color=#33ff99>(Hạn sử dụng 7 ngày, tính từ khi bắt đầu mua)#r<color=#FFFFFF>Lưu vân tự vũ túy lâm phong,#rthanh hồng tác cẩm ánh kiều dung."
10130640,Ngọc Vũ Thanh Trù,24,16,false,1,-1,1,10000,4,200,false,1,-1,-1,168,,,"<color=#33ff99>(Hạn sử dụng 7 ngày, tính từ khi bắt đầu mua)#r<color=#FFFFFF>Lưu vân tự vũ túy lâm phong,#rthanh hồng tác cẩm ánh kiều dung."
10130641,Ngọc Vũ Thanh Trù,24,16,false,1,-1,1,10000,4,200,false,1,-1,-1,168,,,"<color=#33ff99>(Hạn sử dụng 7 ngày, tính từ khi bắt đầu mua)#r<color=#FFFFFF>Lưu vân tự vũ túy lâm phong,#rthanh hồng tác cẩm ánh kiều dung."
10130642,Ngọc Vũ Thanh Trù,24,16,false,1,-1,1,10000,4,200,false,1,-1,-1,360,,,"<color=#33ff99>(Hạn sử dụng 15 ngày, tính từ khi bắt đầu mua)#r<color=#FFFFFF>Lưu vân tự vũ túy lâm phong,#rThanh hồng tác cẩm ánh kiều dung."
10130643,Ngọc Vũ Thanh Trù,24,16,false,1,-1,1,10000,4,200,false,1,-1,-1,720,,,"<color=#33ff99>(Hạn sử dụng 30 ngày, tính từ khi bắt đầu mua)#r<color=#FFFFFF>Lưu vân tự vũ túy lâm phong,#rthanh hồng tác cẩm ánh kiều dung."
10130644,Ngọc Vũ Thanh Trù,24,16,false,1,-1,1,10000,4,200,false,1,-1,-1,720,,,"<color=#33ff99>(Hạn sử dụng 30 ngày, tính từ khi bắt đầu mua)#r<color=#FFFFFF>Lưu vân tự vũ túy lâm phong,#rThanh hồng tác cẩm ánh kiều dung."
10130645,Ngọc Vũ Thanh Trù,24,16,false,1,-1,1,10000,4,200,false,1,-1,-1,720,,,"<color=#33ff99>(Hạn sử dụng 30 ngày, tính từ khi bắt đầu mua)#r<color=#FFFFFF>Lưu vân tự vũ túy lâm phong,#rThanh hồng tác cẩm ánh kiều dung."
10130646,Ngọc Vũ Thanh Trù,24,16,false,1,-1,1,10000,4,200,false,1,-1,-1,2160,,,"<color=#33ff99>(Hạn sử dụng 30 ngày, tính từ khi bắt đầu mua)#r<color=#FFFFFF>Lưu vân tự vũ túy lâm phong,#rthanh hồng tác cẩm ánh kiều dung."
10130647,Ngọc Vũ Thanh Trù,24,16,false,1,-1,1,10000,4,200,false,1,-1,-1,-1,,,"Lưu vân tự vũ túy lâm phong,#rThanh hồng tác cẩm ánh kiều dung."
10130648,Ngọc Vũ Thanh Trù,24,16,false,1,-1,1,10000,4,200,false,1,-1,-1,-1,,,"Lưu vân tự vũ túy lâm phong,#rthanh hồng tác cẩm ánh kiều dung."
10130649,Ngọc Vũ Thanh Trù,24,16,false,1,-1,1,10000,4,200,false,1,-1,-1,-1,,,"Lưu vân tự vũ túy lâm phong,#rThanh hồng tác cẩm ánh kiều dung."
10130650,Ngọc Vũ Thanh Trù,24,16,false,1,-1,1,10000,4,200,false,1,-1,-1,-1,,,"Lưu vân tự vũ túy lâm phong,#rThanh hồng tác cẩm ánh kiều dung.<color=#00FF00>#rThời trang này có thể thông qua Y Thiên Thái tại Lạc Dương tiến hành nhuộm màu."
10130651,Uất Hương Hinh Phương,24,16,false,1,-1,1,10000,4,200,false,1,-1,-1,24,,,"<color=#33ff99>(Hạn sử dụng 1 ngày, tính từ khi bắt đầu mua)#r<color=#FFFFFF>Hồng trù thiêm đắc phức thảo phương,#rCẩm đoạn khinh chiêm bách hoa hương."
10130652,Uất Hương Hinh Phương,24,16,false,1,-1,1,10000,4,200,false,1,-1,-1,24,,,"<color=#33ff99>(Hạn sử dụng 1 ngày, tính từ khi bắt đầu mua)#r<color=#FFFFFF>Hồng trù thiêm đắc phức thảo phương,#rCẩm đoạn khinh chiêm bách hoa hương."
10130653,Uất Hương Hinh Phương,24,16,false,1,-1,1,10000,4,200,false,1,-1,-1,24,,,"<color=#33ff99>(Hạn sử dụng 1 ngày, tính từ khi bắt đầu mua)#r<color=#FFFFFF>Hồng trù thiêm đắc phức thảo phương,#rCẩm đoạn khinh triêm bách hoa hương."
10130654,Uất Hương Hinh Phương,24,16,false,1,-1,1,10000,4,200,false,1,-1,-1,72,,,"<color=#33ff99>(Hạn sử dụng 3 ngày, tính từ khi bắt đầu mua)#r<color=#FFFFFF>Hồng trù thiêm đắc phức thảo phương,#rCẩm đoạn khinh triêm bách hoa hương."
10130655,Uất Hương Hinh Phương,24,16,false,1,-1,1,10000,4,200,false,1,-1,-1,72,,,"<color=#33ff99>(Hạn sử dụng 3 ngày, tính từ khi bắt đầu mua)#r<color=#FFFFFF>Hồng trù thiêm đắc phức thảo phương,#rCẩm đoạn khinh triêm bách hoa hương."
10130656,Uất Hương Hinh Phương,24,16,false,1,-1,1,10000,4,200,false,1,-1,-1,72,,,"<color=#33ff99>(Hạn sử dụng 3 ngày, tính từ khi bắt đầu mua)#r<color=#FFFFFF>Hồng trù thiêm đắc phức thảo phương,#rCẩm đoạn khinh triêm bách hoa hương."
10130657,Uất Hương Hinh Phương,24,16,false,1,-1,1,10000,4,200,false,1,-1,-1,72,,,"<color=#33ff99>(Hạn sử dụng 3 ngày, tính từ khi bắt đầu mua)#r<color=#FFFFFF>Hồng trù thiêm đắc phức thảo phương,#rCẩm đoạn khinh triêm bách hoa hương."
10130658,Uất Hương Hinh Phương,24,16,false,1,-1,1,10000,4,200,false,1,-1,-1,72,,,"<color=#33ff99>(Hạn sử dụng 3 ngày, tính từ khi bắt đầu mua)#r<color=#FFFFFF>Hồng trù thiêm đắc phức thảo phương,#rCẩm đoạn khinh triêm bách hoa hương."
10130659,Uất Hương Hinh Phương,24,16,false,1,-1,1,10000,4,200,false,1,-1,-1,168,,,"<color=#33ff99>(Hạn sử dụng 7 ngày, tính từ khi bắt đầu mua)#r<color=#FFFFFF>Hồng trù thiêm đắc phức thảo phương,#rCẩm đoạn khinh triêm bách hoa hương."
10130660,Uất Hương Hinh Phương,24,16,false,1,-1,1,10000,4,200,false,1,-1,-1,168,,,"<color=#33ff99>(Hạn sử dụng 7 ngày, tính từ khi bắt đầu mua)#r<color=#FFFFFF>Hồng trù thiêm đắc phức thảo phương,#rCẩm đoạn khinh triêm bách hoa hương."
10130661,Uất Hương Hinh Phương,24,16,false,1,-1,1,10000,4,200,false,1,-1,-1,168,,,"<color=#33ff99>(Hạn sử dụng 7 ngày, tính từ khi bắt đầu mua)#r<color=#FFFFFF>Hồng trù thiêm đắc phức thảo phương,#rCẩm đoạn khinh triêm bách hoa hương."
10130662,Uất Hương Hinh Phương,24,16,false,1,-1,1,10000,4,200,false,1,-1,-1,168,,,"<color=#33ff99>(Hạn sử dụng 7 ngày, tính từ khi bắt đầu mua)#r<color=#FFFFFF>Hồng trù thiêm đắc phức thảo phương,#rCẩm đoạn khinh triêm bách hoa hương."
10130663,Uất Hương Hinh Phương,24,16,false,1,-1,1,10000,4,200,false,1,-1,-1,360,,,"<color=#33ff99>(Hạn sử dụng 15 ngày, tính từ khi bắt đầu mua)#r<color=#FFFFFF>Hồng trù thiêm đắc phức thảo phương,#rCẩm đoạn khinh triêm bách hoa hương."
10130664,Uất Hương Hinh Phương,24,16,false,1,-1,1,10000,4,200,false,1,-1,-1,720,,,"<color=#33ff99>(Hạn sử dụng 30 ngày, tính từ khi bắt đầu mua)#r<color=#FFFFFF>Hồng trù thiêm đắc phức thảo phương,#rCẩm đoạn khinh triêm bách hoa hương."
10130665,Uất Hương Hinh Phương,24,16,false,1,-1,1,10000,4,200,false,1,-1,-1,720,,,"<color=#33ff99>(Hạn sử dụng 30 ngày, tính từ khi bắt đầu mua)#r<color=#FFFFFF>Hồng trù thiêm đắc phức thảo phương,#rCẩm đoạn khinh triêm bách hoa hương."
10130666,Uất Hương Hinh Phương,24,16,false,1,-1,1,10000,4,200,false,1,-1,-1,2160,,,"<color=#33ff99>(Hạn sử dụng 90 ngày, tính từ khi bắt đầu mua)#r<color=#FFFFFF>Hồng trù thiêm đắc phức thảo phương,#rCẩm đoạn khinh triêm bách hoa hương."
10130667,Uất Hương Hinh Phương,24,16,false,1,-1,1,10000,4,200,false,1,-1,-1,-1,,,"<color=#FFFFFF>Hồng trù thiêm đắc phức thảo phương,#rCẩm đoạn khinh triêm bách hoa hương.<color=#00FF00>#rThời trang này có thể thông qua Y Thiên Thái tại Lạc Dương tiến hành nhuộm màu."
10130668,Kỷ Niệm Offline 2024,24,16,false,1,-1,1,10000,4,200,false,1,-1,-1,-1,,,"Hồng trù thiêm đắc phức thảo phương,#rCẩm đoạn khinh triêm bách hoa hương."
10130669,Lí Hí Lan Hương,24,16,false,1,-1,1,10000,4,200,false,1,-1,-1,168,,,"<color=#33ff99>(Hạn sử dụng 7 ngày, tính từ khi bắt đầu mua)#r<color=#FFFFFF>Cẩm y thêu hình cá chép, #rnhư đang đùa vui trong nước."
10130670,Lí Hí Lan Hương,24,16,false,1,-1,1,10000,4,200,false,1,-1,-1,720,,,"<color=#33ff99>(Hạn sử dụng 30 ngày, tính từ khi bắt đầu mua)#r<color=#FFFFFF>Cẩm y thêu hình cá chép, #rnhư đang đùa vui trong nước."
10130671,Lí Hí Lan Hương,24,16,false,1,-1,1,10000,4,200,false,1,-1,-1,720,,,"<color=#33ff99>(Hạn sử dụng 30 ngày, tính từ khi bắt đầu mua)#r<color=#FFFFFF>Cẩm y thêu hình cá chép,#rNhư đang đùa vui trong nước."
10130672,Lí Hí Lan Hương,24,16,false,1,-1,1,10000,4,200,false,1,-1,-1,2160,,,"<color=#33ff99>(Hạn sử dụng 90 ngày, tính từ khi bắt đầu mua)#r<color=#FFFFFF>Cẩm y văn đắc giang trung lí,#rDu hí khinh lan đãng tiên y."
10130673,Lí Hí Lan Hương,24,16,false,1,-1,1,10000,4,200,false,1,-1,-1,2160,,,"<color=#33ff99>(Hạn sử dụng 90 ngày, tính từ khi bắt đầu mua)#r<color=#FFFFFF>Cẩm y thêu hình cá chép, #rnhư đang đùa vui trong nước."
10130674,Lí Hí Lan Hương,24,16,false,1,-1,1,10000,4,200,false,1,-1,-1,4320,,,"<color=#33ff99>(Hạn sử dụng 180 ngày, tính từ khi bắt đầu mua)#r<color=#FFFFFF>Cẩm y văn đắc giang trung lí,#rDu hí khinh lan đãng tiên y."
10130675,Lí Hí Lan Hương,24,16,false,1,-1,1,10000,4,200,false,1,-1,-1,-1,,,"Cẩm y thêu hình cá chép, #rNhư đang đùa vui trong nước.<color=#00FF00><color=#00FF00>#rThời trang này có thể thông qua Y Thiên Thái tại Lạc Dương tiến hành nhuộm màu."
10130676,Dục Huyết Hàn Phong,24,16,false,1,-1,1,10000,4,200,false,1,-1,-1,168,,,"<color=#33ff99>(Hạn sử dụng 7 ngày, tính từ khi bắt đầu mua)#r<color=#FFFFFF>Anh hùng chỉ phủ nhẫn biên huyết,#rTiếu bả hàn phong đối thương khung."
10130677,Dục Huyết Hàn Phong,24,16,false,1,-1,1,10000,4,200,false,1,-1,-1,168,,,"<color=#33ff99>(Hạn sử dụng 7 ngày, tính từ khi bắt đầu mua)#r<color=#FFFFFF>Anh hùng chỉ phủ nhẫn biên huyết,#rTiếu bả hàn phong đối thương khung."
10130678,Dục Huyết Hàn Phong,24,16,false,1,-1,1,10000,4,200,false,1,-1,-1,720,,,"<color=#33ff99>(Hạn sử dụng 30 ngày, tính từ khi bắt đầu mua)#r<color=#FFFFFF>Anh hùng chỉ phủ nhẫn biên huyết,#rTiếu bả hàn phong đối thương khung."
10130679,Dục Huyết Hàn Phong,24,16,false,1,-1,1,10000,4,200,false,1,-1,-1,720,,,"<color=#33ff99>(Hạn sử dụng 30 ngày, tính từ khi bắt đầu mua)#r<color=#FFFFFF>Anh hùng chỉ phủ nhẫn biên huyết,#rTiếu bả hàn phong đối thương khung."
10130680,Dục Huyết Hàn Phong,24,16,false,1,-1,1,10000,4,200,false,1,-1,-1,2160,,,"<color=#33ff99>(Hạn sử dụng 90 ngày, tính từ khi bắt đầu mua)#r<color=#FFFFFF>Anh hùng chỉ phủ nhẫn biên huyết,#rTiếu bả hàn phong đối thương khung."
10130681,Dục Huyết Hàn Phong,24,16,false,1,-1,1,10000,4,200,false,1,-1,-1,-1,,,"Anh hùng chỉ phủ nhẫn biên huyết,#rTiếu bả hàn phong đối thương khung."
10130682,Bích Hủy Hàm Phương,24,16,false,1,-1,1,10000,4,200,false,1,-1,-1,24,,,"<color=#33ff99>(Hạn sử dụng 1 ngày, tính từ khi bắt đầu mua)#r<color=#FFFFFF>An đắc nhất chu huyền bích thảo,#rHoa khai khinh thố túy tâm phương."
10130683,Bích Hủy Hàm Phương,24,16,false,1,-1,1,10000,4,200,false,1,-1,-1,24,,,"<color=#33ff99>(Hạn sử dụng 1 ngày, tính từ khi bắt đầu mua)#r<color=#FFFFFF>An đắc nhất chu huyền bích thảo,#rHoa khai khinh thổ túy tâm phương."
10130684,Bích Hủy Hàm Phương,24,16,false,1,-1,1,10000,4,200,false,1,-1,-1,72,,,"<color=#33ff99>(Hạn sử dụng 3 ngày, tính từ khi bắt đầu mua)#r<color=#FFFFFF>An đắc nhất chu huyền bích thảo,#rHoa khai khinh thổ túy tâm phương."
10130685,Bích Hủy Hàm Phương,24,16,false,1,-1,1,10000,4,200,false,1,-1,-1,168,,,"<color=#33ff99>(Hạn sử dụng 7 ngày, tính từ khi bắt đầu mua)#r<color=#FFFFFF>An đắc nhất chu huyền bích thảo,#rHoa khai khinh thổ túy tâm phương."
10130686,Bích Hủy Hàm Phương,24,16,false,1,-1,1,10000,4,200,false,1,-1,-1,720,,,"<color=#33ff99>(Hạn sử dụng 30 ngày, tính từ khi bắt đầu mua)#r<color=#FFFFFF>An đắc nhất chu huyền bích thảo,#rHoa khai khinh thổ túy tâm phương."
10130687,Bích Hủy Hàm Phương,24,16,false,1,-1,1,10000,4,200,false,1,-1,-1,2160,,,"<color=#33ff99>(Hạn sử dụng 90 ngày, tính từ khi bắt đầu mua)#r<color=#FFFFFF>An đắc nhất chu huyền bích thảo,#rHoa khai khinh thổ túy tâm phương."
10130688,Bích Hủy Hàm Phương,24,16,false,1,-1,1,10000,4,200,false,1,-1,-1,4320,,,"<color=#33ff99>(Hạn sử dụng 180 ngày, tính từ khi bắt đầu mua)#r<color=#FFFFFF>An đắc nhất chu huyền bích thảo,#rHoa khai khinh thổ túy tâm phương."
10130689,Bích Hủy Hàm Phương,24,16,false,1,-1,1,10000,4,200,false,1,-1,-1,-1,,,"An đắc nhất chu huyền bích thảo,#rHoa khai khinh thổ túy tâm phương."
10130690,Bích Hủy Hàm Phương,24,16,false,1,-1,1,10000,4,200,false,1,-1,-1,-1,,,"An đắc nhất chu huyền bích thảo,#rHoa khai khinh thổ túy tâm phương."
10130691,Ngọc Cẩm Kim Sa,24,16,false,1,-1,1,10000,4,200,false,1,-1,-1,24,,,"<color=#33ff99>(Hạn sử dụng 1 ngày, tính từ khi bắt đầu mua)#r<color=#FFFFFF>Ngân trừu tố cẩm tác hoa thường,#rKim ti ngọc tuyến tú vân tường."
10130692,Ngọc Cẩm Kim Sa,24,16,false,1,-1,1,10000,4,200,false,1,-1,-1,72,,,"<color=#33ff99>(Hạn sử dụng 3 ngày, tính từ khi bắt đầu mua)#r<color=#FFFFFF>Ngân trừu tố cẩm tác hoa thường,#rKim ti ngọc tuyến tú vân tường."
10130693,Ngọc Cẩm Kim Sa,24,16,false,1,-1,1,10000,4,200,false,1,-1,-1,168,,,"<color=#33ff99>(Hạn sử dụng 7 ngày, tính từ khi bắt đầu mua)#r<color=#FFFFFF>Ngân trừu tố cẩm tác hoa thường,#rKim ti ngọc tuyến tú vân tường."
10130694,Ngọc Cẩm Kim Sa,24,16,false,1,-1,1,10000,4,200,false,1,-1,-1,168,,,"<color=#33ff99>(Hạn sử dụng 7 ngày, tính từ khi bắt đầu mua)#r<color=#FFFFFF>Ngân trừu tố cẩm tác hoa thường,#rKim ti ngọc tuyến tú vân tường."
10130695,Ngọc Cẩm Kim Sa,24,16,false,1,-1,1,10000,4,200,false,1,-1,-1,720,,,"<color=#33ff99>(Hạn sử dụng 30 ngày, tính từ khi bắt đầu mua)#r<color=#FFFFFF>Ngân trừu tố cẩm tác hoa thường,#rKim ti ngọc tuyến tú vân tường."
10130696,Ngọc Cẩm Kim Sa,24,16,false,1,-1,1,10000,4,200,false,1,-1,-1,-1,,,"<color=#33ff99>(Hiệu lực vĩnh viễn)#r<color=#FFFFFF>Ngân trừu tố cẩm tác hoa thường,#rKim ti ngọc tuyến tú vân tường.<color=#00FF00>#rThời trang này có thể thông qua Y Thiên Thái tại Lạc Dương tiến hành nhuộm màu."
10130697,Mặc Vũ,24,16,false,1,-1,1,10000,4,200,false,1,-1,-1,24,,,"<color=#33ff99>(Hạn sử dụng 1 ngày, tính từ khi bắt đầu mua)#r<color=#FFFFFF>Quyến rũ như đêm đen,#rToát lên vẻ ma mị bí ẩn."
10130698,Mặc Vũ,24,16,false,1,-1,1,10000,4,200,false,1,-1,-1,24,,,"<color=#33ff99>(Hạn sử dụng 1 ngày, tính từ khi bắt đầu mua)#r<color=#FFFFFF>Quyến rũ như đêm đen,#rToát lên vẻ ma mị bí ẩn."
10130699,Mặc Vũ,24,16,false,1,-1,1,10000,4,200,false,1,-1,-1,24,,,"<color=#33ff99>(Hạn sử dụng 1 ngày, tính từ khi bắt đầu mua)#r<color=#FFFFFF>Quyến rũ như đêm đen,#rToát lên vẻ ma mị bí ẩn."
10130700,Mặc Vũ,24,16,false,1,-1,1,10000,4,200,false,1,-1,-1,168,,,"<color=#33ff99>(Hạn dùng 7 ngày, tính từ lúc nhận.)<color=#FFFFFF>Quyến rũ như đêm đen,#rtoát lên vẻ ma mị bí ẩn."
10130701,Mặc Vũ,24,16,false,1,-1,1,10000,4,200,false,1,-1,-1,168,,,"<color=#33ff99>(Hạn dùng 7 ngày, tính từ lần sử dụng đầu tiên.)<color=#FFFFFF>Quyến rũ như đêm đen,#rtoát lên vẻ ma mị bí ẩn."
10130702,Mặc Vũ,24,16,false,1,-1,1,10000,4,200,false,1,-1,-1,360,,,"<color=#33ff99>(Hạn sử dụng 15 ngày, tính từ khi bắt đầu mua)#r<color=#FFFFFF>Quyến rũ như đêm đen,#rToát lên vẻ ma mị bí ẩn."
10130703,Mặc Vũ,24,16,false,1,-1,1,10000,4,200,false,1,-1,-1,720,,,"<color=#33ff99>(Hạn sử dụng 30 ngày, tính từ khi bắt đầu mua)#r<color=#FFFFFF>Quyến rũ như đêm đen,#rtoát lên vẻ ma mị bí ẩn."
10130704,Mặc Vũ,24,16,false,1,-1,1,10000,4,200,false,1,-1,-1,720,,,"<color=#33ff99>(Hạn dùng 30 ngày, tính từ lần sử dụng đầu tiên.)<color=#FFFFFF>Quyến rũ như đêm đen,#rtoát lên vẻ ma mị bí ẩn."
10130705,Mặc Vũ,24,16,false,1,-1,1,10000,4,200,false,1,-1,-1,2160,,,"<color=#33ff99>(Hạn sử dụng 90 ngày, tính từ khi bắt đầu mua)#r<color=#FFFFFF>Quyến rũ như đêm đen,#rtoát lên vẻ ma mị bí ẩn."
10130706,Mặc Vũ,24,16,false,1,-1,1,10000,4,200,false,1,-1,-1,2160,,,"<color=#33ff99>(Hạn sử dụng 90 ngày, tính từ khi bắt đầu mua)#r<color=#FFFFFF>Quyến rũ như đêm đen,#rtoát lên vẻ ma mị bí ẩn."
10130707,Mặc Vũ,24,16,false,1,-1,1,10000,4,200,false,1,-1,-1,-1,,,"Quyến rũ như đêm đen,#rToát lên vẻ ma mị bí ẩn.<color=#00FF00>#rThời trang này có thể thông qua Y Thiên Thái tại Lạc Dương tiến hành nhuộm màu."
10130708,Mặc Vũ,24,16,false,1,-1,1,10000,4,200,false,1,-1,-1,-1,,,"<color=#FFFF00>Thời trang hiếm<color=#FFFFFF>, trong hoạt động <color=#00FF00>19/10/2014<color=#FFFF00> Vang Danh Giang Hồ<color=#FFFFFF> thưởng cho người chơi <color=#00FF00>Thanh Danh Đại Chấn<color=#FFFFFF>!<color=#00FFFF>(Có thể dùng vĩnh viễn)<color=#FFFFFF>Quyến rũ,#rtoát lên vẻ ma mị bí ẩn.<color=#be38ff>Kim Phấn Thế Gia [Hiếm]"
10130709,Mặc Vũ,24,16,false,1,-1,1,10000,4,200,false,1,-1,-1,-1,,,"Tăng vi thiên địa sơ sinh điểu,#rTiềm đắc cửu u đãi dạ minh.<color=#be38ff>Kim Phấn Thế Gia [Hiếm]"
10130710,Dạ Cẩm Thiên Lan,24,16,false,1,-1,1,10000,4,200,false,1,-1,-1,24,,,"<color=#33ff99>(Hạn sử dụng 1 ngày, tính từ khi bắt đầu mua)#r<color=#FFFFFF>Mặc cẩm kim ti tú thái y,#rThanh trù phương thảo điện lan hề."
10130711,Dạ Cẩm Thiên Lan,24,16,false,1,-1,1,10000,4,200,false,1,-1,-1,24,,,"<color=#33ff99>(Hạn sử dụng 1 ngày, tính từ khi bắt đầu mua)#r<color=#FFFFFF>Mặc cẩm kim ti tú thái y,#rThanh trù phương thảo điện lan hề."
10130712,Dạ Cẩm Thiên Lan,24,16,false,1,-1,1,10000,4,200,false,1,-1,-1,72,,,"<color=#33ff99>(Hạn sử dụng 3 ngày, tính từ khi bắt đầu mua)#r<color=#FFFFFF>Mặc cẩm kim ti tú thái y, #rThanh trù phương thảo điện lan hề."
10130713,Dạ Cẩm Thiên Lan,24,16,false,1,-1,1,10000,4,200,false,1,-1,-1,168,,,"<color=#33ff99>(Hạn sử dụng 7 ngày, tính từ khi bắt đầu mua)#r<color=#FFFFFF>Mặc cẩm kim ti tú thái y,#rThanh trù phương thảo điện lan hề."
10130714,Dạ Cẩm Thiên Lan,24,16,false,1,-1,1,10000,4,200,false,1,-1,-1,720,,,"<color=#33ff99>(Hạn sử dụng 30 ngày, tính từ khi bắt đầu mua)#r<color=#FFFFFF>Mặc cẩm kim ti tú thái y,#rThanh trù phương thảo điện lan hề."
10130715,Dạ Cẩm Thiên Lan,24,16,false,1,-1,1,10000,4,200,false,1,-1,-1,2160,,,"<color=#33ff99>(Hạn sử dụng 90 ngày, tính từ khi bắt đầu mua)#r<color=#FFFFFF>Mặc cẩm kim ti tú thái y,#rThanh trù phương thảo điện lan hề."
10130716,Dạ Cẩm Thiên Lan,24,16,false,1,-1,1,10000,4,200,false,1,-1,-1,-1,,,"Mặc cẩm kim ti tú thái y,#rThanh trù phương thảo điện lan hề.<color=#00FF00>#rThời trang này có thể thông qua Y Thiên Thái tại Lạc Dương tiến hành nhuộm màu."
10130717,Thương Vân Sương Nguyệt,24,16,false,1,-1,1,10000,4,200,false,1,-1,-1,168,,,"<color=#33ff99>(Hạn sử dụng 7 ngày, tính từ khi bắt đầu mua)#r<color=#FFFFFF>Thiên thu giảo nguyệt trừng thanh tố,#rNghi thị vũ tiên lạc phàm trần."
10130718,Thương Vân Sương Nguyệt,24,16,false,1,-1,1,10000,4,200,false,1,-1,-1,720,,,"<color=#33ff99>(Hạn sử dụng 30 ngày, tính từ khi bắt đầu mua)#r<color=#FFFFFF>Thiên thu giảo nguyệt trừng thanh tố,#rNghi thị vũ tiên lạc phàm trần."
10130719,Thương Vân Sương Nguyệt,24,16,false,1,-1,1,10000,4,200,false,1,-1,-1,720,,,"<color=#33ff99>(Hạn sử dụng 30 ngày, tính từ khi bắt đầu mua)#r<color=#FFFFFF>Thiên thu giảo nguyệt trừng thanh tố,#rNghi thị vũ tiên lạc phàm trần."
10130720,Thương Vân Sương Nguyệt,24,16,false,1,-1,1,10000,4,200,false,1,-1,-1,2160,,,"<color=#33ff99>(Hạn sử dụng 90 ngày, tính từ khi bắt đầu mua)#r<color=#FFFFFF>Thiên thu giảo nguyệt trừng thanh tố,#rNghi thị vũ tiên lạc phàm trần."
10130721,Thương Vân Sương Nguyệt,24,16,false,1,-1,1,10000,4,200,false,1,-1,-1,-1,,,"<color=#00FFFF>(Sử dụng vĩnh viễn.)<color=#FFFFFF>Thiên thu giảo nguyệt trừng thanh tố,#rNghi thị vũ tiên lạc phàm trần."
10130722,Tố Vãn Huyền Thường,24,16,false,1,-1,1,10000,4,200,false,1,-1,-1,24,,,"<color=#33ff99>(Hạn sử dụng 1 ngày, tính từ khi bắt đầu mua)#r<color=#FFFFFF>Tài lai doanh doanh huyền tố cẩm,#rChức đắc khanh khanh mộng vân thường."
10130723,Tố Vãn Huyền Thường,24,16,false,1,-1,1,10000,4,200,false,1,-1,-1,24,,,"<color=#33ff99>(Hạn sử dụng 1 ngày, tính từ khi bắt đầu mua)#r<color=#FFFFFF>Tài lai doanh doanh huyền tố cẩm,#rChức đắc khanh khanh mộng vân thường."
10130724,Tố Vãn Huyền Thường,24,16,false,1,-1,1,10000,4,200,false,1,-1,-1,24,,,"<color=#33ff99>(Hạn sử dụng 1 ngày, tính từ khi bắt đầu mua)#r<color=#FFFFFF>Tài lai doanh doanh huyền tố cẩm,#rChức đắc khanh khanh mộng vân thường."
10130725,Tố Vãn Huyền Thường,24,16,false,1,-1,1,10000,4,200,false,1,-1,-1,24,,,"<color=#33ff99>(Hạn sử dụng 1 ngày, tính từ khi bắt đầu mua)#r<color=#FFFFFF>Tài lai doanh doanh huyền tố cẩm,#rChức đắc khanh khanh mộng vân thường."
10130726,Tố Vãn Huyền Thường,24,16,false,1,-1,1,10000,4,200,false,1,-1,-1,24,,,"<color=#33ff99>(Hạn sử dụng 1 ngày, tính từ khi bắt đầu mua)#r<color=#FFFFFF>Tài lai doanh doanh huyền tố cẩm,#rChức đắc khanh khanh mộng vân thường."
10130727,Tố Vãn Huyền Thường,24,16,false,1,-1,1,10000,4,200,false,1,-1,-1,24,,,"<color=#33ff99>(Hạn sử dụng 1 ngày, tính từ khi bắt đầu mua)#r<color=#FFFFFF>Tài lai doanh doanh huyền tố cẩm,#rChức đắc khanh khanh mộng vân thường."
10130728,Tố Vãn Huyền Thường,24,16,false,1,-1,1,10000,4,200,false,1,-1,-1,24,,,"<color=#33ff99>(Hạn sử dụng 1 ngày, tính từ khi bắt đầu mua)#r<color=#FFFFFF>Tài lai doanh doanh huyền tố cẩm,#rChức đắc khanh khanh mộng vân thường."
10130729,Tố Vãn Huyền Thường,24,16,false,1,-1,1,10000,4,200,false,1,-1,-1,24,,,"<color=#33ff99>(Hạn sử dụng 1 ngày, tính từ khi bắt đầu mua)#r<color=#FFFFFF>Tài lai doanh doanh huyền tố cẩm,#rChức đắc khanh khanh mộng vân thường."
10130730,Tố Vãn Huyền Thường,24,16,false,1,-1,1,10000,4,200,false,1,-1,-1,24,,,"<color=#33ff99>(Hạn sử dụng 1 ngày, tính từ khi bắt đầu mua)#r<color=#FFFFFF>Tài lai doanh doanh huyền tố cẩm,#rChức đắc khanh khanh mộng vân thường."
10130731,Tố Vãn Huyền Thường,24,16,false,1,-1,1,10000,4,200,false,1,-1,-1,24,,,"<color=#33ff99>(Hạn sử dụng 1 ngày, tính từ khi bắt đầu mua)#r<color=#FFFFFF>Tài lai doanh doanh huyền tố cẩm,#rChức đắc khanh khanh mộng vân thường."
10130732,Tố Vãn Huyền Thường,24,16,false,1,-1,1,10000,4,200,false,1,-1,-1,72,,,"<color=#33ff99>(Hạn sử dụng 3 ngày, tính từ khi bắt đầu mua)#r<color=#FFFFFF>Tải lai doanh doanh huyền tố cẩm.#rChức đắc khanh khanh mộng vân thường."
10130733,Tố Vãn Huyền Thường,24,16,false,1,-1,1,10000,4,200,false,1,-1,-1,168,,,"<color=#33ff99>(Hạn sử dụng 7 ngày, tính từ khi bắt đầu mua)#r<color=#FFFFFF>Tài lai doanh doanh huyền tố cẩm,#rChức đắc khanh khanh mộng vân thường."
10130734,Tố Vãn Huyền Thường,24,16,false,1,-1,1,10000,4,200,false,1,-1,-1,168,,,"<color=#33ff99>(Hạn sử dụng 7 ngày, tính từ khi bắt đầu mua)#r<color=#FFFFFF>Tiệt lai doanh doanh huyền tố cẩm#rChức đắc khanh khanh mộng vân thường."
10130735,Tố Vãn Huyền Thường,24,16,false,1,-1,1,10000,4,200,false,1,-1,-1,168,,,"<color=#33ff99>(Hạn sử dụng 7 ngày, tính từ khi bắt đầu mua)#r<color=#FFFFFF>Tài lai doanh doanh huyền tố cẩm,#rChức đắc khanh khanh mộng vân thường."
10130736,Tố Vãn Huyền Thường,24,16,false,1,-1,1,10000,4,200,false,1,-1,-1,168,,,"<color=#33ff99>(Hạn sử dụng 7 ngày, tính từ khi bắt đầu mua)#r<color=#FFFFFF>Tài lai doanh doanh huyền tố cẩm,#rChức đắc khanh khanh mộng vân thường."
10130737,Tố Vãn Huyền Thường,24,16,false,1,-1,1,10000,4,200,false,1,-1,-1,720,,,"<color=#33ff99>(Hạn sử dụng 30 ngày, tính từ khi bắt đầu mua)#r<color=#FFFFFF>Tài lai doanh doanh huyền tố cẩm,#rChức đắc khanh khanh mộng vân thường."
10130738,Tố Vãn Huyền Thường,24,16,false,1,-1,1,10000,4,200,false,1,-1,-1,720,,,"<color=#33ff99>(Hạn sử dụng 30 ngày, tính từ khi bắt đầu mua)#r<color=#FFFFFF>Tài lai doanh doanh huyền tố cẩm,#rChức đắc khanh khanh mộng vân thường."
10130739,Tố Vãn Huyền Thường,24,16,false,1,-1,1,10000,4,200,false,1,-1,-1,720,,,"<color=#33ff99>(Hạn sử dụng 30 ngày, tính từ khi bắt đầu mua)#r<color=#FFFFFF>Tài lai doanh doanh huyền tố cẩm,#rChức đắc khanh khanh mộng vân thường."
10130740,Tố Vãn Huyền Thường,24,16,false,1,-1,1,10000,4,200,false,1,-1,-1,720,,,"<color=#33ff99>(Hạn sử dụng 30 ngày, tính từ khi bắt đầu mua)#r<color=#FFFFFF>Tài lai doanh doanh huyền tố cẩm,#rChức đắc khanh khanh mộng vân thường."
10130741,Tố Vãn Huyền Thường,24,16,false,1,-1,1,10000,4,200,false,1,-1,-1,720,,,"<color=#33ff99>(Hạn sử dụng 30 ngày, tính từ khi bắt đầu mua)#r<color=#FFFFFF>Tài lai doanh doanh huyền tố cẩm,#rChức đắc khanh khanh mộng vân thường."
10130742,Tố Vãn Huyền Thường,24,16,false,1,-1,1,10000,4,200,false,1,-1,-1,720,,,"<color=#33ff99>(Hạn sử dụng 30 ngày, tính từ khi bắt đầu mua)#r<color=#FFFFFF>Tài lai doanh doanh huyền tố cẩm,#rChức đắc khanh khanh mộng vân thường."
10130743,Tố Vãn Huyền Thường,24,16,false,1,-1,1,10000,4,200,false,1,-1,-1,2160,,,"<color=#33ff99>(Hạn sử dụng 90 ngày, tính từ khi bắt đầu mua)#r<color=#FFFFFF>Tài lai doanh doanh huyền tố cẩm,#rChức đắc khanh khanh mộng vân thường."
10130744,Tố Vãn Huyền Thường,24,16,false,1,-1,1,10000,4,200,false,1,-1,-1,2160,,,"<color=#33ff99>(Hạn sử dụng 90 ngày, tính từ khi bắt đầu mua)#r<color=#FFFFFF>Tài lai doanh doanh huyền tố cẩm,#rChức đắc khanh khanh mộng vân thường."
10130745,Tố Vãn Huyền Thường,24,16,false,1,-1,1,10000,4,200,false,1,-1,-1,-1,,,"Tài lai doanh doanh huyền tố cẩm,#rChức đắc khanh khanh mộng vân thường."
10130746,Tố Vãn Huyền Thường,24,16,false,1,-1,1,10000,4,200,false,1,-1,-1,-1,,,"Tài lai doanh doanh huyền tố cẩm,#rChức đắc khanh khanh mộng vân thường."
10130747,Tố Vãn Huyền Thường,24,16,false,1,-1,1,10000,4,200,false,1,-1,-1,-1,,,"Tài lai doanh doanh huyền tố cẩm,#rChức đắc khanh khanh mộng vân thường.<color=#00FF00>#rThời trang này có thể thông qua Y Thiên Thái tại Lạc Dương tiến hành nhuộm màu."
10130748,Tường Vi Mộng,24,16,false,1,-1,1,10000,4,200,false,1,-1,-1,24,,,"<color=#33ff99>(Hạn sử dụng 1 ngày, tính từ khi bắt đầu mua)#r<color=#FFFFFF>Tường vi hàm phóng ân hồng mộng, giai nhân tịnh hầu kỵ sĩ lai."
10130749,Tường Vi Mộng,24,16,false,1,-1,1,10000,4,200,false,1,-1,-1,168,,,"<color=#33ff99>(Hạn sử dụng 7 ngày, tính từ khi bắt đầu mua)#r<color=#FFFFFF>Tường vi hàm phóng ân hồng mộng, giai nhân tịnh hầu kỵ sĩ lai."
10130750,Tường Vi Mộng,24,16,false,1,-1,1,10000,4,200,false,1,-1,-1,168,,,"<color=#33ff99>(Hạn sử dụng 7 ngày, tính từ khi bắt đầu mua)#r<color=#FFFFFF>Tường vi hàm phóng ân hồng mộng, giai nhân tịnh hầu kỵ sĩ lai."
10130751,Tường Vi Mộng,24,16,false,1,-1,1,10000,4,200,false,1,-1,-1,720,,,"<color=#33ff99>(Hạn sử dụng 30 ngày, tính từ khi bắt đầu mua)#r<color=#FFFFFF>Tường vi hàm phóng ân hồng mộng, giai nhân tịnh hầu kỵ sĩ lai."
10130752,Tường Vi Mộng,24,16,false,1,-1,1,10000,4,200,false,1,-1,-1,2160,,,"<color=#33ff99>(Hạn sử dụng 90 ngày, tính từ khi bắt đầu mua)#r<color=#FFFFFF>Tường vi hàm phóng ân hồng mộng, giai nhân tịnh hầu kỵ sĩ lai."
10130753,Tường Vi Mộng,24,16,false,1,-1,1,10000,4,200,false,1,-1,-1,-1,,,"Tường vi hàm phóng ân hồng mộng, giai nhân tịnh hầu kỵ sĩ lai.<color=#00FF00>#rThời trang này có thể thông qua Y Thiên Thái tại Lạc Dương tiến hành nhuộm màu."
10130754,Vân Noãn Phương Hoa,24,16,false,1,-1,1,10000,4,200,false,1,-1,-1,24,,,"<color=#33ff99>(Hạn sử dụng 1 ngày, tính từ khi bắt đầu mua)#r<color=#FFFFFF>Nhung vân thiêm lai giai nhân noãn,#rCẩm sa tú đắc bách hoa xuân."
10130755,Vân Noãn Phương Hoa,24,16,false,1,-1,1,10000,4,200,false,1,-1,-1,24,,,"<color=#33ff99>(Hạn sử dụng 1 ngày, tính từ khi bắt đầu mua)#r<color=#FFFFFF>Nhung vân thiêm lai giai nhân noãn,#rCẩm sa tú đắc bách hoa xuân."
10130756,Vân Noãn Phương Hoa,24,16,false,1,-1,1,10000,4,200,false,1,-1,-1,24,,,"<color=#33ff99>(Hạn sử dụng 1 ngày, tính từ khi bắt đầu mua)#r<color=#FFFFFF>Nhung vân thiêm lai giai nhân noãn,#rCẩm sa tú đắc bách hoa xuân."
10130757,Vân Noãn Phương Hoa,24,16,false,1,-1,1,10000,4,200,false,1,-1,-1,24,,,"<color=#33ff99>(Hạn sử dụng 1 ngày, tính từ khi bắt đầu mua)#r<color=#FFFFFF>Nhung vân thiêm lai giai nhân noãn#rCẩm sa tú đắc bách hoa xuân."
10130758,Vân Noãn Phương Hoa,24,16,false,1,-1,1,10000,4,200,false,1,-1,-1,24,,,"<color=#33ff99>(Hạn sử dụng 1 ngày, tính từ khi bắt đầu mua)#r<color=#FFFFFF>Nhung vân thiêm lai giai nhân noãn,#rCẩm sa tú đắc bách hoa xuân."
10130759,Vân Noãn Phương Hoa,24,16,false,1,-1,1,10000,4,200,false,1,-1,-1,72,,,"<color=#33ff99>(Hạn sử dụng 3 ngày, tính từ khi bắt đầu mua)#r<color=#FFFFFF>Nhung vân thiêm lai giai nhân noãn, #rCẩm sa tú đắc bách hoa xuân."
10130760,Vân Noãn Phương Hoa,24,16,false,1,-1,1,10000,4,200,false,1,-1,-1,72,,,"<color=#33ff99>(Hạn sử dụng 3 ngày, tính từ khi bắt đầu mua)#r<color=#FFFFFF>Nhung vân thiêm lai giai nhân noãn#rCẩm sa tú đắc bách hoa xuân."
10130761,Vân Noãn Phương Hoa,24,16,false,1,-1,1,10000,4,200,false,1,-1,-1,72,,,"<color=#33ff99>(Hạn sử dụng 3 ngày, tính từ khi bắt đầu mua)#r<color=#FFFFFF>Nhung vân thiêm lai giai nhân noãn,#rCẩm sa tú đắc bách hoa xuân."
10130762,Vân Noãn Phương Hoa,24,16,false,1,-1,1,10000,4,200,false,1,-1,-1,72,,,"<color=#33ff99>(Hạn sử dụng 3 ngày, tính từ khi bắt đầu mua)#r<color=#FFFFFF>Nhung vân thiêm lai giai nhân noãn#rCẩm sa tú đắc bách hoa xuân."
10130763,Vân Noãn Phương Hoa,24,16,false,1,-1,1,10000,4,200,false,1,-1,-1,72,,,"<color=#33ff99>(Hạn sử dụng 3 ngày, tính từ khi bắt đầu mua)#r<color=#FFFFFF>Nhung vân thiêm lai giai nhân noãn#rCẩm sa tú đắc bách hoa xuân."
10130764,Vân Noãn Phương Hoa,24,16,false,1,-1,1,10000,4,200,false,1,-1,-1,72,,,"<color=#33ff99>(Hạn sử dụng 3 ngày, tính từ khi bắt đầu mua)#r<color=#FFFFFF>Nhung vân thiêm lai giai nhân noãn, #rCẩm sa tú đắc bách hoa xuân."
10130765,Vân Noãn Phương Hoa,24,16,false,1,-1,1,10000,4,200,false,1,-1,-1,168,,,"<color=#33ff99>(Hạn sử dụng 7 ngày, tính từ khi bắt đầu mua)#r<color=#FFFFFF>Nhung vân thiêm lai giai nhân noãn,#rCẩm sa tú đắc bách hoa xuân."
10130766,Vân Noãn Phương Hoa,24,16,false,1,-1,1,10000,4,200,false,1,-1,-1,168,,,"<color=#33ff99>(Hạn sử dụng 7 ngày, tính từ khi bắt đầu mua)#r<color=#FFFFFF>Nhung vân thiêm lai giai nhân noãn,#rCẩm sa tú đắc bách hoa xuân."
10130767,Vân Noãn Phương Hoa,24,16,false,1,-1,1,10000,4,200,false,1,-1,-1,168,,,"<color=#33ff99>(Hạn sử dụng 7 ngày, tính từ khi bắt đầu mua)#r<color=#FFFFFF>Nhung vân thiêm lai giai nhân noãn,#rCẩm sa tú đắc bách hoa xuân."
10130768,Vân Noãn Phương Hoa,24,16,false,1,-1,1,10000,4,200,false,1,-1,-1,168,,,"<color=#33ff99>(Hạn sử dụng 7 ngày, tính từ khi bắt đầu mua)#r<color=#FFFFFF>Nhung vân thiêm lai giai nhân noãn,#rCẩm sa tú đắc bách hoa xuân."
10130769,Vân Noãn Phương Hoa,24,16,false,1,-1,1,10000,4,200,false,1,-1,-1,168,,,"<color=#33ff99>(Hạn sử dụng 7 ngày, tính từ khi bắt đầu mua)#r<color=#FFFFFF>Nhung vân thiêm lai giai nhân noãn,#rCẩm sa tú đắc bách hoa xuân."
10130770,Vân Noãn Phương Hoa,24,16,false,1,-1,1,10000,4,200,false,1,-1,-1,360,,,"<color=#33ff99>(Hạn sử dụng 15 ngày, tính từ khi bắt đầu mua)#r<color=#FFFFFF>Nhung vân thiêm lai giai nhân noãn,#rCẩm sa tú đắc bách hoa xuân."
10130771,Vân Noãn Phương Hoa,24,16,false,1,-1,1,10000,4,200,false,1,-1,-1,720,,,"<color=#33ff99>(Hạn sử dụng 30 ngày, tính từ khi bắt đầu mua)#r<color=#FFFFFF>Nhung vân thiêm lai giai nhân noãn,#rCẩm sa tú đắc bách hoa xuân."
10130772,Vân Noãn Phương Hoa,24,16,false,1,-1,1,10000,4,200,false,1,-1,-1,720,,,"<color=#33ff99>(Hạn sử dụng 30 ngày, tính từ khi bắt đầu mua)#r<color=#FFFFFF>Nhung vân thiêm lai giai nhân noãn,#rCẩm sa tú đắc bách hoa xuân."
10130773,Vân Noãn Phương Hoa,24,16,false,1,-1,1,10000,4,200,false,1,-1,-1,2160,,,"<color=#33ff99>(Hạn sử dụng 90 ngày, tính từ khi bắt đầu mua)#r<color=#FFFFFF>Nhung vân thiêm lai giai nhân noãn,#rCẩm sa tú đắc bách hoa xuân."
10130774,Vân Noãn Phương Hoa,24,16,false,1,-1,1,10000,4,200,false,1,-1,-1,4320,,,"<color=#33ff99>(Hạn sử dụng 180 ngày, tính từ khi bắt đầu mua)#r<color=#FFFFFF>Nhung vân thiêm lai giai nhân noãn,#rCẩm sa tú đắc bách hoa xuân."
10130775,Vân Noãn Phương Hoa,24,16,false,1,-1,1,10000,4,200,false,1,-1,-1,-1,,,"Nhung vân thiêm lai giai nhân noãn,#rCẩm sa tú đắc bách hoa xuân."
10130776,Vân Noãn Phương Hoa,24,16,false,1,-1,1,10000,4,200,false,1,-1,-1,-1,,,"Nhung vân thiêm lai giai nhân noãn,#rCẩm sa tú đắc bách hoa xuân.<color=#00FF00>#rThời trang này có thể thông qua Y Thiên Thái tại Lạc Dương tiến hành nhuộm màu."
10130777,Long Phụng Trình Tường,24,16,false,1,-1,1,10000,4,200,false,1,-1,-1,72,,,"<color=#33ff99>(Hạn sử dụng 3 ngày, tính từ khi bắt đầu mua)#r<color=#FFFFFF>Long phi phượng vũ thiên thu ái, #rNhật nguyệt giao huy vạn cổ tình."
10130778,Long Phụng Trình Tường,24,16,false,1,-1,1,10000,4,200,false,1,-1,-1,720,,,"<color=#33ff99>(Hạn sử dụng 30 ngày, tính từ khi bắt đầu mua)#r<color=#FFFFFF>Long phi phượng vũ thiên thu ái#rNhật nguyệt giao huy vạn cổ tình."
10130779,Long Phụng Trình Tường,24,16,false,1,-1,1,10000,4,200,false,1,-1,-1,-1,,,"Rồng bay phượng múa,#rMay mắn vào nhà.<color=#00FF00>#rThời trang này có thể thông qua Y Thiên Thái tại Lạc Dương tiến hành nhuộm màu."
10130780,Ngọc Cẩm Hồi Phong,24,16,false,1,-1,1,10000,4,200,false,1,-1,-1,2160,,,"<color=#33ff99>(Hạn sử dụng 90 ngày, tính từ khi bắt đầu mua)#r<color=#FFFFFF>Khinh sa man man ánh kiều dung,#rNgọc cẩm phiên phiên điểm hồi phong.<color=#00FF00>#rThời trang này có thể thông qua Y Thiên Thái tại Lạc Dương tiến hành nhuộm màu."
10130781,Nghê Thường Vũ Y,24,16,false,1,-1,1,10000,4,200,false,1,-1,-1,168,,,"<color=#33ff99>(Hạn sử dụng 7 ngày, tính từ khi bắt đầu mua)#r<color=#FFFFFF>Kinh hồng hồi mộng nghê thường vũ, #rDu tiên hóa vũ hí trường không."
10130782,Nghê Thường Vũ Y,24,16,false,1,-1,1,10000,4,200,false,1,-1,-1,360,,,"<color=#33ff99>(Hạn sử dụng 15 ngày, tính từ khi bắt đầu mua)#r<color=#FFFFFF>Kinh hồng hồi mộng nghê thường vũ#rDu tiên hóa vũ hí trường không."
10130783,Nghê Thường Vũ Y,24,16,false,1,-1,1,10000,4,200,false,1,-1,-1,720,,,"<color=#33ff99>(Hạn sử dụng 30 ngày, tính từ khi bắt đầu mua)#r<color=#FFFFFF>Kinh hồng hồi mộng nghê thường vũ,#rDu tiên hóa vũ hí trường không."
10130784,Nghê Thường Vũ Y,24,16,false,1,-1,1,10000,4,200,false,1,-1,-1,2160,,,"<color=#33ff99>(Hạn sử dụng 90 ngày, tính từ khi bắt đầu mua)#r<color=#FFFFFF>Kinh hồng hồi mộng nghê thường vũ,#rDu tiên hóa vũ hí trường không."
10130785,Nghê Thường Vũ Y,24,16,false,1,-1,1,10000,4,200,false,1,-1,-1,4320,,,"<color=#33ff99>(Hạn sử dụng 180 ngày, tính từ khi bắt đầu mua)#r<color=#FFFFFF>Kinh hồng hồi mộng nghê thường vũ,#rDu tiên hóa vũ hí trường không."
10130786,Nghê Thường Vũ Y,24,16,false,1,-1,1,10000,4,200,false,1,-1,-1,-1,,,"Kinh hồng hồi mộng nghê thường vũ,#rDu tiên hóa vũ hí trường không."
10130787,Phi Hồng Cẩm Trang,24,16,false,1,-1,1,10000,4,200,false,1,-1,-1,72,,,"<color=#33ff99>(Hạn sử dụng 3 ngày, tính từ khi bắt đầu mua)#r<color=#FFFFFF>Lưu kim điểm xuyết khinh sa man,#rXích hà tẩm nhiễm miên tú trang."
10130789,Phi Hồng Cẩm Trang,24,16,false,1,-1,1,10000,4,200,false,1,-1,-1,168,,,"<color=#33ff99>(Hạn sử dụng 7 ngày, tính từ khi bắt đầu mua)#r<color=#FFFFFF>Lưu kim điểm xuyết khinh sa man,#rXích hà tẩm nhiễm cẩm tú trang."
10130790,Phi Hồng Cẩm Trang,24,16,false,1,-1,1,10000,4,200,false,1,-1,-1,168,,,"<color=#33ff99>(Hạn sử dụng 7 ngày, tính từ khi bắt đầu mua)#r<color=#FFFFFF>Lưu kim điểm xuyết khinh sa man,#rXích hà tẩm nhiễm cẩm tú trang."
10130791,Phi Hồng Cẩm Trang,24,16,false,1,-1,1,10000,4,200,false,1,-1,-1,168,,,"<color=#33ff99>(Hạn sử dụng 7 ngày, tính từ khi bắt đầu mua)#r<color=#FFFFFF>Lưu kim điểm xuyết khinh sa man,#rXích hà tẩm nhiễm cẩm tú trang."
10130792,Phi Hồng Cẩm Trang,24,16,false,1,-1,1,10000,4,200,false,1,-1,-1,360,,,"<color=#33ff99>(Hạn sử dụng 15 ngày, tính từ khi bắt đầu mua)#r<color=#FFFFFF>Lưu kim điểm xuyết khinh sa man,#rXích hà tẩm nhiễm cẩm tú trang."
10130793,Phi Hồng Cẩm Trang,24,16,false,1,-1,1,10000,4,200,false,1,-1,-1,720,,,"<color=#33ff99>(Hạn sử dụng 30 ngày, tính từ khi bắt đầu mua)#r<color=#FFFFFF>Lưu kim điểm xuyết khinh sa man,#rXích hà tẩm nhiễm cẩm tú trang."
10130794,Phi Hồng Cẩm Trang,24,16,false,1,-1,1,10000,4,200,false,1,-1,-1,720,,,"<color=#33ff99>(Hạn sử dụng 30 ngày, tính từ khi bắt đầu mua)#r<color=#FFFFFF>Lưu kim điểm xuyết khinh sa man,#rXích hà tẩm nhiễm cẩm tú trang."
10130795,Phi Hồng Cẩm Trang,24,16,false,1,-1,1,10000,4,200,false,1,-1,-1,2160,,,"<color=#33ff99>(Hạn sử dụng 90 ngày, tính từ khi bắt đầu mua)#r<color=#FFFFFF>Lưu kim điểm xuyết khinh sa man,#rXích hà tẩm nhiễm cẩm tú trang."
10130796,Phi Hồng Cẩm Trang,24,16,false,1,-1,1,10000,4,200,false,1,-1,-1,-1,,,"Lưu kim điểm chuế khinh sa mạn,#rXích hà tẩm nhiễm cẩm tú trang.<color=#00FF00>#rThời trang này có thể thông qua Y Thiên Thái tại Lạc Dương tiến hành nhuộm màu."
10130797,Phi Hồng Cẩm Trang,24,16,false,1,-1,1,10000,4,200,false,1,-1,-1,-1,,,"Lưu kim điểm chuế khinh sa mạn,#rXích hà tẩm nhiễm cẩm tú trang."
10130798,Hoàng Kim Bá Long Giáp,24,16,false,1,-1,1,10000,4,200,false,1,-1,-1,168,,,"<color=#33ff99>(Hạn sử dụng 7 ngày, tính từ khi bắt đầu nhận)#r<color=#FFFFFF>Thiên long toàn vũ càn khôn động#rBá vương cái thế thiên địa quy."
10130799,Hoàng Kim Bá Long Giáp,24,16,false,1,-1,1,10000,4,200,false,1,-1,-1,-1,,,"<color=#33ff99>(Hạn sử dụng vĩnh viễn)#r<color=#FFFFFF>Thiên long hoàn vũ càn khôn động,#rBá vương cái thế thiên địa quy."
10130800,Thiên Canh Chiến Giáp,24,16,false,1,-1,1,10000,4,200,false,1,-1,-1,168,,,"<color=#33ff99>(Hạn sử dụng 7 ngày, tính từ khi bắt đầu nhận)#r<color=#FFFFFF>Ngân tỏa liên hoàn bách chiến ý.#rHùng sư bễ nghễ anh hùng tâm."
10130801,Thiên Canh Chiến Giáp,24,16,false,1,-1,1,10000,4,200,false,1,-1,-1,-1,,,"<color=#33ff99>(Hạn sử dụng vĩnh viễn)#r<color=#FFFFFF>Ngân tỏa liên hoàn bách chiến ý,#rHùng sư tí nghễ anh hùng tâm."
10130802,Băng Tâm Như Mộng,24,16,false,1,-1,1,10000,4,200,false,1,-1,-1,24,,,"<color=#33ff99>(Hạn sử dụng 1 ngày, tính từ khi bắt đầu mua)#r<color=#FFFFFF>Vân cẩm như mộng mộng như ảo,#rBăng tâm tự thủy thủy tự khanh."
10130803,Băng Tâm Như Mộng,24,16,false,1,-1,1,10000,4,200,false,1,-1,-1,24,,,"<color=#33ff99>(Hạn sử dụng 1 ngày, tính từ khi bắt đầu mua)#r<color=#FFFFFF>Vân cẩm như mộng mộng như ảo,#rBăng tâm tự thủy thủy tự khanh."
10130804,Băng Tâm Như Mộng,24,16,false,1,-1,1,10000,4,200,false,1,-1,-1,72,,,"<color=#33ff99>(Hạn sử dụng 3 ngày, tính từ khi bắt đầu mua)#r<color=#FFFFFF>Vân cẩm như mộng mộng như ảo,#rBăng tâm tự thủy thủy tự khanh."
10130805,Băng Tâm Như Mộng,24,16,false,1,-1,1,10000,4,200,false,1,-1,-1,72,,,"<color=#33ff99>(Hạn sử dụng 3 ngày, tính từ khi bắt đầu mua)#r<color=#FFFFFF>Vân cẩm như mộng mộng như ảo,#rBăng tâm tự thủy thủy tự khanh."
10130806,Băng Tâm Như Mộng,24,16,false,1,-1,1,10000,4,200,false,1,-1,-1,168,,,"<color=#33ff99>(Hạn sử dụng 7 ngày, tính từ khi bắt đầu mua)#r<color=#FFFFFF>Vân cẩm như mộng mộng như ảo,#rBăng tâm tự thủy thủy tự khanh."
10130807,Băng Tâm Như Mộng,24,16,false,1,-1,1,10000,4,200,false,1,-1,-1,168,,,"<color=#33ff99>(Hạn sử dụng 7 ngày, tính từ khi bắt đầu mua)#r<color=#FFFFFF>Vân cẩm như mộng mộng như ảo,#rBăng tâm tự thủy thủy tự khanh."
10130808,Băng Tâm Như Mộng,24,16,false,1,-1,1,10000,4,200,false,1,-1,-1,360,,,"<color=#33ff99>(Hạn sử dụng 15 ngày, tính từ khi bắt đầu mua)#r<color=#FFFFFF>Vân cẩm như mộng mộng như ảo,#rBăng tâm tự thủy thủy tự khanh."
10130809,Băng Tâm Như Mộng,24,16,false,1,-1,1,10000,4,200,false,1,-1,-1,720,,,"<color=#33ff99>(Hạn sử dụng 30 ngày, tính từ khi bắt đầu mua)#r<color=#FFFFFF>Vân cẩm như mộng mộng như ảo,#rBăng tâm tự thủy thủy tự khanh."
10130810,Băng Tâm Như Mộng,24,16,false,1,-1,1,10000,4,200,false,1,-1,-1,720,,,"<color=#33ff99>(Hạn sử dụng 30 ngày, tính từ khi bắt đầu mua)#r<color=#FFFFFF>Vân cẩm như mộng mộng như ảo,#rBăng tâm tự thủy thủy tự khanh."
10130811,Băng Tâm Như Mộng,24,16,false,1,-1,1,10000,4,200,false,1,-1,-1,2160,,,"<color=#33ff99>(Hạn sử dụng 90 ngày, tính từ khi bắt đầu mua)#r<color=#FFFFFF>Vân cẩm như mộng mộng như ảo,#rBăng tâm tự thủy thủy tự khanh."
10130812,Băng Tâm Như Mộng,24,16,false,1,-1,1,10000,4,200,false,1,-1,-1,2160,,,"<color=#33ff99>(Hạn sử dụng 90 ngày, tính từ khi bắt đầu mua)#r<color=#FFFFFF>Vân cẩm như mộng mộng như ảo,#rBăng tâm tự thủy thủy tự khanh."
10130813,Băng Tâm Như Mộng,24,16,false,1,-1,1,10000,4,200,false,1,-1,-1,4320,,,"<color=#33ff99>(Hạn sử dụng 180 ngày, tính từ khi bắt đầu mua)#r<color=#FFFFFF>Vân cẩm như mộng mộng như ảo,#rBăng tâm tự thủy thủy tự khanh."
10130814,Băng Tâm Như Mộng,24,16,false,1,-1,1,10000,4,200,false,1,-1,-1,4320,,,"<color=#33ff99>(Hạn sử dụng 180 ngày, tính từ khi bắt đầu mua)#r<color=#FFFFFF>Vân cẩm như mộng mộng như ảo,#rBăng tâm tự thủy thủy tự khanh."
10130815,Băng Tâm Như Mộng,24,16,false,1,-1,1,10000,4,200,false,1,-1,-1,-1,,,"Vân cẩm như mộng mộng như ảo,#rBăng tâm tự thủy thủy tự khanh."
10130816,Băng Tâm Như Mộng,24,16,false,1,-1,1,10000,4,200,false,1,-1,-1,-1,,,"Vân cẩm như mộng mộng như ảo,#rBăng tâm tự thủy thủy tự khanh."
10130817,Linh Ô Lộng Vũ,24,16,false,1,-1,1,10000,4,200,false,1,-1,-1,24,,,"<color=#33ff99>(Hạn sử dụng 1 ngày, tính từ khi bắt đầu mua)#r<color=#FFFFFF>Linh điểu phi thiên kỷ phiêu linh,#rTự xuất phù tang hoàng kim bình."
10130818,Linh Ô Lộng Vũ,24,16,false,1,-1,1,10000,4,200,false,1,-1,-1,24,,,"<color=#33ff99>(Hạn sử dụng 1 ngày, tính từ khi bắt đầu mua)#r<color=#FFFFFF>Linh điểu phi thiên kỷ phiêu linh,#rTự xuất phù tang hoàng kim bình."
10130819,Linh Ô Lộng Vũ,24,16,false,1,-1,1,10000,4,200,false,1,-1,-1,72,,,"<color=#33ff99>(Hạn sử dụng 3 ngày, tính từ khi bắt đầu mua)#r<color=#FFFFFF>Linh điểu phi thiên kỷ phiêu linh,#rTự xuất phù tang hoàng kim bình."
10130820,Linh Ô Lộng Vũ,24,16,false,1,-1,1,10000,4,200,false,1,-1,-1,72,,,"<color=#33ff99>(Hạn sử dụng 3 ngày, tính từ khi bắt đầu mua)#r<color=#FFFFFF>Linh điểu phi thiên kỷ phiêu linh,#rTự xuất phù tang hoàng kim bình."
10130821,Linh Ô Lộng Vũ,24,16,false,1,-1,1,10000,4,200,false,1,-1,-1,168,,,"<color=#33ff99>(Hạn sử dụng 7 ngày, tính từ khi bắt đầu mua)#r<color=#FFFFFF>Linh điểu phi thiên kỷ phiêu linh,#rTự xuất phù tang hoàng kim bình."
10130822,Linh Ô Lộng Vũ,24,16,false,1,-1,1,10000,4,200,false,1,-1,-1,168,,,"<color=#33ff99>(Hạn sử dụng 7 ngày, tính từ khi bắt đầu mua)#r<color=#FFFFFF>Linh điểu phi thiên kỷ phiêu linh,#rTự xuất phù tang hoàng kim bình."
10130823,Linh Ô Lộng Vũ,24,16,false,1,-1,1,10000,4,200,false,1,-1,-1,720,,,"<color=#33ff99>(Hạn sử dụng 30 ngày, tính từ khi bắt đầu mua)#r<color=#FFFFFF>Linh điểu phi thiên kỷ phiêu linh,#rTự xuất phù tang hoàng kim bình."
10130824,Linh Ô Lộng Vũ,24,16,false,1,-1,1,10000,4,200,false,1,-1,-1,720,,,"<color=#33ff99>(Hạn sử dụng 30 ngày, tính từ khi bắt đầu mua)#r<color=#FFFFFF>Linh điểu phi thiên kỷ phiêu linh,#rTự xuất phù tang hoàng kim bình."
10130825,Linh Ô Lộng Vũ,24,16,false,1,-1,1,10000,4,200,false,1,-1,-1,2160,,,"<color=#33ff99>(Hạn sử dụng 90 ngày, tính từ khi bắt đầu mua)#r<color=#FFFFFF>Linh điểu phi thiên kỷ phiêu linh,#rTự xuất phù tang hoàng kim bình."
10130826,Linh Ô Lộng Vũ,24,16,false,1,-1,1,10000,4,200,false,1,-1,-1,2160,,,"<color=#33ff99>(Hạn sử dụng 90 ngày, tính từ khi bắt đầu mua)#r<color=#FFFFFF>Linh điểu phi thiên kỷ phiêu linh,#rTự xuất phù tang hoàng kim bình."
10130827,Linh Ô Lộng Vũ,24,16,false,1,-1,1,10000,4,200,false,1,-1,-1,4320,,,"<color=#33ff99>(Hạn sử dụng 180 ngày, tính từ khi bắt đầu mua)#r<color=#FFFFFF>Linh điểu phi thiên kỷ phiêu linh,#rTự xuất phù tang hoàng kim bình."
10130828,Linh Ô Lộng Vũ,24,16,false,1,-1,1,10000,4,200,false,1,-1,-1,4320,,,"<color=#33ff99>(Hạn sử dụng 180 ngày, tính từ khi bắt đầu mua)#r<color=#FFFFFF>Linh điểu phi thiên kỷ phiêu linh,#rTự xuất phù tang hoàng kim bình."
10130829,Linh Ô Lộng Vũ,24,16,false,1,-1,1,10000,4,200,false,1,-1,-1,-1,,,"Linh ô phi thiên kỷ phiêu linh,#rTự xuất phù tang hoàng kim bình.<color=#00FF00>#rThời trang này có thể thông qua Y Thiên Thái tại Lạc Dương tiến hành nhuộm màu."
10130830,Linh Ô Lộng Vũ,24,16,false,1,-1,1,10000,4,200,false,1,-1,-1,-1,,,"Linh ô phi thiên kỷ phiêu linh,#rTự xuất phù tang hoàng kim bình.<color=#00FF00>#rThời trang này có thể thông qua Y Thiên Thái tại Lạc Dương tiến hành nhuộm màu."
10130831,Nộ Hải Phong Tình,24,16,false,1,-1,1,10000,4,200,false,1,-1,-1,24,,,"<color=#33ff99>(Hạn sử dụng 1 ngày, tính từ khi bắt đầu mua)#r<color=#FFFFFF>Bì khôi kim tỏa dị thành phong,#rKinh lôi điệp lãng nộ hải tình."
10130832,Nộ Hải Phong Tình,24,16,false,1,-1,1,10000,4,200,false,1,-1,-1,24,,,"<color=#33ff99>(Hạn sử dụng 1 ngày, tính từ khi bắt đầu mua)#r<color=#FFFFFF>Bì khôi kim tỏa dị thành phong,#rKinh lôi điệp lãng nộ hải tình."
10130833,Nộ Hải Phong Tình,24,16,false,1,-1,1,10000,4,200,false,1,-1,-1,72,,,"<color=#33ff99>(Hạn sử dụng 3 ngày, tính từ khi bắt đầu mua)#r<color=#FFFFFF>Bì khôi kim tỏa dị thành phong,#rKinh lôi điệp lãng nộ hải tình."
10130834,Nộ Hải Phong Tình,24,16,false,1,-1,1,10000,4,200,false,1,-1,-1,72,,,"<color=#33ff99>(Hạn sử dụng 3 ngày, tính từ khi bắt đầu mua)#r<color=#FFFFFF>Bì khôi kim tỏa dị thành phong,#rKinh lôi điệp lãng nộ hải tình."
10130835,Nộ Hải Phong Tình,24,16,false,1,-1,1,10000,4,200,false,1,-1,-1,168,,,"<color=#33ff99>(Hạn sử dụng 7 ngày, tính từ khi bắt đầu mua)#r<color=#FFFFFF>Bì khôi kim tỏa dị thành phong,#rKinh lôi điệp lãng nộ hải tình."
10130836,Nộ Hải Phong Tình,24,16,false,1,-1,1,10000,4,200,false,1,-1,-1,168,,,"<color=#33ff99>(Hạn sử dụng 7 ngày, tính từ khi bắt đầu mua)#r<color=#FFFFFF>Bì khôi kim tỏa dị thành phong,#rKinh lôi điệp lãng nộ hải tình."
10130837,Nộ Hải Phong Tình,24,16,false,1,-1,1,10000,4,200,false,1,-1,-1,720,,,"<color=#33ff99>(Hạn sử dụng 30 ngày, tính từ khi bắt đầu mua)#r<color=#FFFFFF>Bì khôi kim tỏa dị thành phong,#rKinh lôi điệp lãng nộ hải tình."
10130838,Nộ Hải Phong Tình,24,16,false,1,-1,1,10000,4,200,false,1,-1,-1,720,,,"<color=#33ff99>(Hạn sử dụng 30 ngày, tính từ khi bắt đầu mua)#r<color=#FFFFFF>Bì khôi kim tỏa dị thành phong,#rKinh lôi điệp lãng nộ hải tình."
10130839,Nộ Hải Phong Tình,24,16,false,1,-1,1,10000,4,200,false,1,-1,-1,2160,,,"<color=#33ff99>(Hạn sử dụng 90 ngày, tính từ khi bắt đầu mua)#r<color=#FFFFFF>Bì khôi kim tỏa dị thành phong,#rKinh lôi điệp lãng nộ hải tình."
1013040,Nộ Hải Phong Tình,24,16,false,1,-1,1,10000,4,200,false,1,-1,-1,2160,,,"<color=#33ff99>(Hạn sử dụng 90 ngày, tính từ khi bắt đầu mua)#r<color=#FFFFFF>Bì khôi kim tỏa dị thành phong,#rKinh lôi điệp lãng nộ hải tình."
10130841,Nộ Hải Phong Tình,24,16,false,1,-1,1,10000,4,200,false,1,-1,-1,4320,,,"<color=#33ff99>(Hạn sử dụng 180 ngày, tính từ khi bắt đầu mua)#r<color=#FFFFFF>Bì khôi kim tỏa dị thành phong,#rKinh lôi điệp lãng nộ hải tình."
10130842,Nộ Hải Phong Tình,24,16,false,1,-1,1,10000,4,200,false,1,-1,-1,4320,,,"<color=#33ff99>(Hạn sử dụng 180 ngày, tính từ khi bắt đầu mua)#r<color=#FFFFFF>Bì khôi kim tỏa dị thành phong,#rKinh lôi điệp lãng nộ hải tình."
10130843,Nộ Hải Phong Tình,24,16,false,1,-1,1,10000,4,200,false,1,-1,-1,-1,,,"Bì khôi kim tỏa dị thành phong,#rKinh lôi điệp lãng nộ hải tình."
10130844,Nộ Hải Phong Tình,24,16,false,1,-1,1,10000,4,200,false,1,-1,-1,-1,,,"Bì khôi kim tỏa dị thành phong,#rKinh lôi điệp lãng nộ hải tình."
10130845,Vân Mộng Tinh Thường,24,16,false,1,-1,1,10000,4,200,false,1,-1,-1,24,,,"<color=#33ff99>(Hạn sử dụng 1 ngày, tính từ khi bắt đầu mua)#r<color=#FFFFFF>Điều điều khung đài tinh hà thủy,#rLạc lạc du vân diệu cẩm y."
10130846,Vân Mộng Tinh Thường,24,16,false,1,-1,1,10000,4,200,false,1,-1,-1,24,,,"<color=#33ff99>(Hạn sử dụng 1 ngày, tính từ khi bắt đầu mua)#r<color=#FFFFFF>Điều điều khung đài tinh hà thủy,#rLạc lạc du vân diệu cẩm y."
10130847,Vân Mộng Tinh Thường,24,16,false,1,-1,1,10000,4,200,false,1,-1,-1,24,,,"<color=#33ff99>(Hạn sử dụng 1 ngày, tính từ khi bắt đầu mua)#r<color=#FFFFFF>Điều điều khung đài tinh hà thủy,#rLạc lạc du vân diệu cẩm y."
10130848,Vân Mộng Tinh Thường,24,16,false,1,-1,1,10000,4,200,false,1,-1,-1,24,,,"<color=#33ff99>(Hạn sử dụng 1 ngày, tính từ khi bắt đầu mua)#r<color=#FFFFFF>Điều điều khung đài tinh hà thủy,#rLạc lạc du vân diệu cẩm y."
10130849,Vân Mộng Tinh Thường,24,16,false,1,-1,1,10000,4,200,false,1,-1,-1,24,,,"<color=#33ff99>(Hạn sử dụng 1 ngày, tính từ khi bắt đầu mua)#r<color=#FFFFFF>Điều điều khung đài tinh hà thủy,#rLạc lạc du vân diệu cẩm y."
10130850,Vân Mộng Tinh Thường,24,16,false,1,-1,1,10000,4,200,false,1,-1,-1,72,,,"<color=#33ff99>(Hạn sử dụng 3 ngày, tính từ khi bắt đầu mua)#r<color=#FFFFFF>Điều điều khung đài tinh hà thủy,#rLạc lạc du vân diệu cẩm y."
10130851,Vân Mộng Tinh Thường,24,16,false,1,-1,1,10000,4,200,false,1,-1,-1,72,,,"<color=#33ff99>(Hạn sử dụng 3 ngày, tính từ khi bắt đầu mua)#r<color=#FFFFFF>Điều điều khung đài tinh hà thủy#rLạc lạc du vân diệu cẩm y."
10130852,Vân Mộng Tinh Thường,24,16,false,1,-1,1,10000,4,200,false,1,-1,-1,72,,,"<color=#33ff99>(Hạn sử dụng 3 ngày, tính từ khi bắt đầu mua)#r<color=#FFFFFF>Điều điều khung đài tinh hà thủy,#rLạc lạc du vân diệu cẩm y."
10130853,Vân Mộng Tinh Thường,24,16,false,1,-1,1,10000,4,200,false,1,-1,-1,72,,,"<color=#33ff99>(Hạn sử dụng 3 ngày, tính từ khi bắt đầu mua)#r<color=#FFFFFF>Điều điều khung đài tinh hà thủy#rLạc lạc du vân diệu cẩm y."
10130854,Vân Mộng Tinh Thường,24,16,false,1,-1,1,10000,4,200,false,1,-1,-1,72,,,"<color=#33ff99>(Hạn sử dụng 3 ngày, tính từ khi bắt đầu mua)#r<color=#FFFFFF>Điều điều khung đài tinh hà thủy#rLạc lạc du vân diệu cẩm y."
10130855,Vân Mộng Tinh Thường,24,16,false,1,-1,1,10000,4,200,false,1,-1,-1,168,,,"<color=#33ff99>(Hạn sử dụng 7 ngày, tính từ khi bắt đầu mua)#r<color=#FFFFFF>Điều điều khung đài tinh hà thủy,#rLạc lạc du vân diệu cẩm y."
10130856,Vân Mộng Tinh Thường,24,16,false,1,-1,1,10000,4,200,false,1,-1,-1,168,,,"<color=#33ff99>(Hạn sử dụng 7 ngày, tính từ khi bắt đầu mua)#r<color=#FFFFFF>Điều điều khung đài tinh hà thủy,#rLạc lạc du vân diệu cẩm y."
10130857,Vân Mộng Tinh Thường,24,16,false,1,-1,1,10000,4,200,false,1,-1,-1,168,,,"<color=#33ff99>(Hạn sử dụng 7 ngày, tính từ khi bắt đầu mua)#r<color=#FFFFFF>Điều điều khung đài tinh hà thủy, #rLạc lạc du vân diệu cẩm y."
10130858,Vân Mộng Tinh Thường,24,16,false,1,-1,1,10000,4,200,false,1,-1,-1,720,,,"<color=#33ff99>(Hạn sử dụng 30 ngày, tính từ khi bắt đầu mua)#r<color=#FFFFFF>Điều điều khung đài tinh hà thủy, #rLạc lạc du vân diệu cẩm y."
10130859,Vân Mộng Tinh Thường,24,16,false,1,-1,1,10000,4,200,false,1,-1,-1,720,,,"<color=#33ff99>(Hạn sử dụng 30 ngày, tính từ khi bắt đầu mua)#r<color=#FFFFFF>Điều điều khung đài tinh hà thủy,#rLạc lạc du vân diệu cẩm y."
10130860,Vân Mộng Tinh Thường,24,16,false,1,-1,1,10000,4,200,false,1,-1,-1,2160,,,"<color=#33ff99>(Hạn sử dụng 90 ngày, tính từ khi bắt đầu mua)#r<color=#FFFFFF>Điều điều khung đài tinh hà thủy,#rLạc lạc du vân diệu cẩm y."
10130861,Vân Mộng Tinh Thường,24,16,false,1,-1,1,10000,4,200,false,1,-1,-1,2160,,,"<color=#33ff99>(Hạn sử dụng 90 ngày, tính từ khi bắt đầu mua)#r<color=#FFFFFF>Điều điều khung đài tinh hà thủy,#rLạc lạc du vân diệu cẩm y."
10130862,Vân Mộng Tinh Thường,24,16,false,1,-1,1,10000,4,200,false,1,-1,-1,4320,,,"<color=#33ff99>(Hạn sử dụng 180 ngày, tính từ khi bắt đầu mua)#r<color=#FFFFFF>Điều điều khung đài tinh hà thủy,#rLạc lạc du vân diệu cẩm y."
10130863,Vân Mộng Tinh Thường,24,16,false,1,-1,1,10000,4,200,false,1,-1,-1,4320,,,"<color=#33ff99>(Hạn sử dụng 180 ngày, tính từ khi bắt đầu mua)#r<color=#FFFFFF>Điều điều khung đài tinh hà thủy,#rLạc lạc du vân diệu cẩm y."
10130864,Vân Mộng Tinh Thường,24,16,false,1,-1,1,10000,4,200,false,1,-1,-1,-1,,,Chiêu chiêu khung đài tinh hà thủy#rLạc lạc du vân diệu cẩm y.<color=#00FF00>#rThời trang này có thể thông qua Y Thiên Thái tại Lạc Dương tiến hành nhuộm màu.
10130865,Vân Mộng Tinh Thường,24,16,false,1,-1,1,10000,4,200,false,1,-1,-1,-1,,,Chiêu chiêu khung đài tinh hà thủy#rLạc lạc du vân diệu cẩm y.<color=#00FF00>#rThời trang này có thể thông qua Y Thiên Thái tại Lạc Dương tiến hành nhuộm màu.
10130866,Thiên Thu Trang,24,16,false,30,-1,1,10000,4,200,false,1,-1,-1,-1,,,"<color=#FFFFFF>Trang phục Thiên Thu Điện, mặc vào sẽ trở thành tướng sĩ Thiên Thu Điện!"
10130867,Bất Quy Trang,24,16,false,30,-1,1,10000,4,200,false,1,-1,-1,24,,,"<color=#33ff99>(Hạn sử dụng 1 ngày, tính từ khi bắt đầu mua)#r<color=#FFFFFF>Trang phục Bất Quy Lâm, mặc vào sẽ trở thành tướng sĩ Bất Quy Lâm!"
10130868,Vô Nhai,24,16,false,30,-1,1,10000,4,200,false,1,-1,-1,24,,,"<color=#33ff99>(Hạn sử dụng 1 ngày, tính từ khi bắt đầu mua)#r<color=#FFFFFF>Trang phục Vô Nhai Hải, mặc vào sẽ trở thành tướng sĩ Vô Nhai Hải!"
10130869,Viêm La,24,16,false,30,-1,1,10000,4,200,false,1,-1,-1,-1,,,"<color=#33ff99>(Hạn sử dụng vĩnh viễn)#r<color=#FFFFFF>Trang phục Viêm La Thiên, mặc vào sẽ trở thành tướng sĩ Viêm La Thiên!"
10130870,Ngọc Hoàng Trang,24,16,false,30,-1,1,10000,4,200,false,1,-1,-1,24,,,"<color=#33ff99>(Hạn sử dụng 1 ngày, tính từ khi bắt đầu mua)#r<color=#FFFFFF>Trang phục Ngọc Hoàng Sơn, mặc vào sẽ trở thành tướng sĩ Ngọc Hoàng Sơn!"
10130871,Phong Hoa Thiên Hương,24,16,false,1,-1,1,10000,4,200,false,1,-1,-1,2160,,,"<color=#33ff99>(Hạn sử dụng 90 ngày, tính từ khi bắt đầu mua)#r<color=#FFFFFF>Vô song vương giả kim hà tại, #rĐộc lãm thiên hương đại hiệp phong.<color=#00FF00>Thưởng Giải Đấu Ngôi Sao Tranh Bá Toàn Cầu."
10130872,Phong Hoa Thiên Hương,24,16,false,1,-1,1,10000,4,200,false,1,-1,-1,-1,,,"<color=#33ff99>(Hạn sử dụng vĩnh viễn)#r<color=#FFFFFF>Vô song vương giả kim hà tại, #rĐộc lãm thiên hương đại hiệp phong."
10130873,Nguyệt Ảnh Man Y,24,16,false,1,-1,1,10000,4,200,false,1,-1,-1,24,,,"<color=#33ff99>(Hạn sử dụng 1 ngày, tính từ khi bắt đầu mua)#r<color=#FFFFFF>Mê mộng sơ sơ ám nguyệt ảnh.#rSát khí sâm sâm man huyết y."
10130874,Nguyệt Ảnh Man Y,24,16,false,1,-1,1,10000,4,200,false,1,-1,-1,24,,,"<color=#33ff99>(Hạn sử dụng 1 ngày, tính từ khi bắt đầu mua)#r<color=#FFFFFF>Mê mộng sơ sơ ám nguyệt ảnh.#rSát khí sâm sâm man huyết y."
10130875,Nguyệt Ảnh Man Y,24,16,false,1,-1,1,10000,4,200,false,1,-1,-1,72,,,"<color=#33ff99>(Hạn sử dụng 3 ngày, tính từ khi bắt đầu mua)#r<color=#FFFFFF>Mê mộng sơ sơ ám nguyệt ảnh.#rSát khí sâm sâm man huyết y."
10130876,Nguyệt Ảnh Man Y,24,16,false,1,-1,1,10000,4,200,false,1,-1,-1,72,,,"<color=#33ff99>(Hạn sử dụng 3 ngày, tính từ khi bắt đầu mua)#r<color=#FFFFFF>Mê mộng sơ sơ ám nguyệt ảnh.#rSát khí sâm sâm man huyết y."
10130877,Nguyệt Ảnh Man Y,24,16,false,1,-1,1,10000,4,200,false,1,-1,-1,168,,,"<color=#33ff99>(Hạn sử dụng 7 ngày, tính từ khi bắt đầu mua)#r<color=#FFFFFF>Mê mông sơ sơ ám nguyệt ảnh#rSát khí sâm sâm man huyết y."
10130878,Nguyệt Ảnh Man Y,24,16,false,1,-1,1,10000,4,200,false,1,-1,-1,168,,,"<color=#33ff99>(Hạn sử dụng 7 ngày, tính từ khi bắt đầu mua)#r<color=#FFFFFF>Mê mông sơ sơ ám nguyệt ảnh#rSát khí sâm sâm man huyết y."
10130879,Nguyệt Ảnh Man Y,24,16,false,1,-1,1,10000,4,200,false,1,-1,-1,360,,,"<color=#33ff99>(Hạn sử dụng 15 ngày, tính từ khi bắt đầu mua)#r<color=#FFFFFF>Mê mộng sơ sơ ám nguyệt ảnh,#rSát khí sâm sâm man huyết y."
10130880,Nguyệt Ảnh Man Y,24,16,false,1,-1,1,10000,4,200,false,1,-1,-1,720,,,"<color=#33ff99>(Hạn sử dụng 30 ngày, tính từ khi bắt đầu mua)#r<color=#FFFFFF>Mê mộng sơ sơ ám nguyệt ảnh.#rSát khí sâm sâm man huyết y."
10130881,Nguyệt Ảnh Man Y,24,16,false,1,-1,1,10000,4,200,false,1,-1,-1,720,,,"<color=#33ff99>(Hạn sử dụng 30 ngày, tính từ khi bắt đầu mua)#r<color=#FFFFFF>Mê mộng sơ sơ ám nguyệt ảnh.#rSát khí sâm sâm man huyết y."
10130882,Nguyệt Ảnh Man Y,24,16,false,1,-1,1,10000,4,200,false,1,-1,-1,2160,,,"<color=#33ff99>(Hạn sử dụng 90 ngày, tính từ khi bắt đầu mua)#r<color=#FFFFFF>Mê mông sơ sơ ám nguyệt ảnh#rSát khí sâm sâm man huyết y."
10130883,Nguyệt Ảnh Man Y,24,16,false,1,-1,1,10000,4,200,false,1,-1,-1,2160,,,"<color=#33ff99>(Hạn sử dụng 90 ngày, tính từ khi bắt đầu mua)#r<color=#FFFFFF>Mê mông sơ sơ ám nguyệt ảnh#rSát khí sâm sâm man huyết y."
10130884,Nguyệt Ảnh Man Y,24,16,false,1,-1,1,10000,4,200,false,1,-1,-1,4320,,,"<color=#33ff99>(Hạn sử dụng 180 ngày, tính từ khi bắt đầu mua)#r<color=#FFFFFF>Mê mộng sơ sơ ám nguyệt ảnh.#rSát khí sâm sâm man huyết y."
10130885,Nguyệt Ảnh Man Y,24,16,false,1,-1,1,10000,4,200,false,1,-1,-1,4320,,,"<color=#33ff99>(Hạn sử dụng 180 ngày, tính từ khi bắt đầu mua)#r<color=#FFFFFF>Mê mộng sơ sơ ám nguyệt ảnh.#rSát khí sâm sâm man huyết y."
10130886,Nguyệt Ảnh Man Y,24,16,false,1,-1,1,10000,4,200,false,1,-1,-1,-1,,,Mê mông sơ sơ ám nguyệt ảnh#rSát khí sâm sâm man huyết y.
10130887,Nguyệt Ảnh Man Y,24,16,false,1,-1,1,10000,4,200,false,1,-1,-1,-1,,,Mê mông sơ sơ ám nguyệt ảnh#rSát khí sâm sâm man huyết y.
10130888,Bích Mộng Liên Hoa,24,16,false,1,-1,1,10000,4,200,false,1,-1,-1,24,,,"<color=#33ff99>(Hạn sử dụng 1 ngày, tính từ khi bắt đầu mua)#r<color=#FFFFFF>Cổ Dao Trấn trì nhất mạt bích#rĐãi tác kim triều khởi la y."
10130889,Bích Mộng Liên Hoa,24,16,false,1,-1,1,10000,4,200,false,1,-1,-1,24,,,"<color=#33ff99>(Hạn sử dụng 1 ngày, tính từ khi bắt đầu mua)#r<color=#FFFFFF>Cổ dao điền trì nhất mạt bích,#rĐãi tác kim triều khởi la y."
10130890,Bích Mộng Liên Hoa,24,16,false,1,-1,1,10000,4,200,false,1,-1,-1,24,,,"<color=#33ff99>(Hạn sử dụng 1 ngày, tính từ khi bắt đầu mua)#r<color=#FFFFFF>Cổ dao điền trì nhất mạt bích,#rĐãi tác kim triều khởi la y."
10130891,Bích Mộng Liên Hoa,24,16,false,1,-1,1,10000,4,200,false,1,-1,-1,24,,,"<color=#33ff99>(Hạn sử dụng 1 ngày, tính từ khi bắt đầu mua)#r<color=#FFFFFF>Cổ dao điền trì nhất mạt bích,#rĐãi tác kim triều khởi la y."
10130892,Bích Mộng Liên Hoa,24,16,false,1,-1,1,10000,4,200,false,1,-1,-1,24,,,"<color=#33ff99>(Hạn sử dụng 1 ngày, tính từ khi bắt đầu mua)#r<color=#FFFFFF>Cổ Dao Trấn trì nhất mạt bích#rĐãi tác kim triều khởi la y."
10130893,Bích Mộng Liên Hoa,24,16,false,1,-1,1,10000,4,200,false,1,-1,-1,72,,,"<color=#33ff99>(Hạn sử dụng 3 ngày, tính từ khi bắt đầu mua)#r<color=#FFFFFF>Cổ Dao Trấn trì nhất mạt bích#rĐãi tác kim triều khởi la y."
10130894,Bích Mộng Liên Hoa,24,16,false,1,-1,1,10000,4,200,false,1,-1,-1,72,,,"<color=#33ff99>(Hạn sử dụng 3 ngày, tính từ khi bắt đầu mua)#r<color=#FFFFFF>Cổ Dao Trấn trì nhất mạt bích#rĐãi tác kim triều khởi la y."
10130895,Bích Mộng Liên Hoa,24,16,false,1,-1,1,10000,4,200,false,1,-1,-1,72,,,"<color=#33ff99>(Hạn sử dụng 3 ngày, tính từ khi bắt đầu mua)#r<color=#FFFFFF>Cổ dao trấn trì nhất mạt bích#rĐãi tác kim triều khởi la y."
10130896,Bích Mộng Liên Hoa,24,16,false,1,-1,1,10000,4,200,false,1,-1,-1,72,,,"<color=#33ff99>(Hạn sử dụng 3 ngày, tính từ khi bắt đầu mua)#r<color=#FFFFFF>Cổ Dao Trấn trì nhất mạt bích#rĐãi tác kim triều khởi la y."
10130897,Bích Mộng Liên Hoa,24,16,false,1,-1,1,10000,4,200,false,1,-1,-1,72,,,"<color=#33ff99>(Hạn sử dụng 3 ngày, tính từ khi bắt đầu mua)#r<color=#FFFFFF>Cổ Dao Trấn trì nhất mạt bích#rĐãi tác kim triều khởi la y."
10130899,Bích Mộng Liên Hoa,24,16,false,1,-1,1,10000,4,200,false,1,-1,-1,168,,,"<color=#33ff99>(Hạn sử dụng 7 ngày, tính từ khi bắt đầu mua)#r<color=#FFFFFF>Cổ Dao Trấn trì nhất mạt bích#rĐãi tác kim triều Khởi La Y."
10130900,Bích Mộng Liên Hoa,24,16,false,1,-1,1,10000,4,200,false,1,-1,-1,168,,,"<color=#33ff99>(Hạn sử dụng 7 ngày, tính từ khi bắt đầu mua)#r<color=#FFFFFF>Cổ Dao Trấn trì nhất mạt bích#rĐãi tác kim triều Khởi La Y."
10130901,Bích Mộng Liên Hoa,24,16,false,1,-1,1,10000,4,200,false,1,-1,-1,168,,,"<color=#33ff99>(Hạn sử dụng 7 ngày, tính từ khi bắt đầu mua)#r<color=#FFFFFF>Cổ Dao Trấn trì nhất mạt bích#rĐãi tác kim triều Khởi La Y."
10130902,Bích Mộng Liên Hoa,24,16,false,1,-1,1,10000,4,200,false,1,-1,-1,168,,,"<color=#33ff99>(Hạn sử dụng 7 ngày, tính từ khi bắt đầu mua)#r<color=#FFFFFF>Cổ Dao Trấn trì nhất mạt bích#rĐãi tác kim triều Khởi La Y."
10130903,Bích Mộng Liên Hoa,24,16,false,1,-1,1,10000,4,200,false,1,-1,-1,168,,,"<color=#33ff99>(Hạn sử dụng 7 ngày, tính từ khi bắt đầu mua)#r<color=#FFFFFF>Cổ Dao Trấn trì nhất mạt bích#rĐãi tác kim triều Khởi La Y."
10130904,Bích Mộng Liên Hoa,24,16,false,1,-1,1,10000,4,200,false,1,-1,-1,168,,,"<color=#33ff99>(Hạn sử dụng 7 ngày, tính từ khi bắt đầu mua)#r<color=#FFFFFF>Cổ Dao Trấn trì nhất mạt bích#rĐãi tác kim triều Khởi La Y."
10130905,Bích Mộng Liên Hoa,24,16,false,1,-1,1,10000,4,200,false,1,-1,-1,168,,,"<color=#33ff99>(Hạn sử dụng 7 ngày, tính từ khi bắt đầu mua)#r<color=#FFFFFF>Cổ Dao Trấn trì nhất mạt bích#rĐãi tác kim triều Khởi La Y."
10130906,Bích Mộng Liên Hoa,24,16,false,1,-1,1,10000,4,200,false,1,-1,-1,168,,,"<color=#33ff99>(Hạn sử dụng 7 ngày, tính từ khi bắt đầu mua)#r<color=#FFFFFF>Cổ Dao Trấn trì nhất mạt bích#rĐãi tác kim triều Khởi La Y."
10130907,Bích Mộng Liên Hoa,24,16,false,1,-1,1,10000,4,200,false,1,-1,-1,168,,,"<color=#33ff99>(Hạn sử dụng 7 ngày, tính từ khi bắt đầu mua)#r<color=#FFFFFF>Cổ Dao Trấn trì nhất mạt bích#rĐãi tác kim triều Khởi La Y."
10130908,Bích Mộng Liên Hoa,24,16,false,1,-1,1,10000,4,200,false,1,-1,-1,360,,,"<color=#33ff99>(Hạn sử dụng 15 ngày, tính từ khi bắt đầu mua)#r<color=#FFFFFF>Cổ dao điền trì nhất mạt bích,#rĐãi tác kim triều khởi la y."
10130909,Bích Mộng Liên Hoa,24,16,false,1,-1,1,10000,4,200,false,1,-1,-1,360,,,"<color=#33ff99>(Hạn sử dụng 15 ngày, tính từ khi bắt đầu mua)#r<color=#FFFFFF>Cổ dao điền trì nhất mạt bích,#rĐãi tác kim triều khởi la y."
10130910,Bích Mộng Liên Hoa,24,16,false,1,-1,1,10000,4,200,false,1,-1,-1,720,,,"<color=#33ff99>(Hạn sử dụng 30 ngày, tính từ khi bắt đầu mua)#r<color=#FFFFFF>Cổ Dao Trấn trì nhất mạt bích#rĐãi tác kim triều khởi la y."
10130911,Bích Mộng Liên Hoa,24,16,false,1,-1,1,10000,4,200,false,1,-1,-1,168,,,"<color=#33ff99>(Hạn sử dụng 7 ngày, tính từ khi bắt đầu mua)#r<color=#FFFFFF>Cổ Dao Trấn trì nhất mạt bích#rĐãi tác kim triều Khởi La Y."
10130912,Bích Mộng Liên Hoa,24,16,false,1,-1,1,10000,4,200,false,1,-1,-1,720,,,"<color=#33ff99>(Hạn sử dụng 30 ngày, tính từ khi bắt đầu mua)#r<color=#FFFFFF>Cổ dao trấn trì nhất mạt bích#rĐãi tác kim triều khởi la y."
10130913,Bích Mộng Liên Hoa,24,16,false,1,-1,1,10000,4,200,false,1,-1,-1,720,,,"<color=#33ff99>(Hạn sử dụng 30 ngày, tính từ khi bắt đầu mua)#r<color=#FFFFFF>Cổ dao điền trì nhất mạt bích,#rĐãi tác kim triều khởi la y."
10130914,Bích Mộng Liên Hoa,24,16,false,1,-1,1,10000,4,200,false,1,-1,-1,2160,,,"<color=#33ff99>(Hạn sử dụng 90 ngày, tính từ khi bắt đầu mua)#r<color=#FFFFFF>Cổ dao điền trì nhất mạt bích,#rĐãi tác kim triều khởi la y."
10130915,Bích Mộng Liên Hoa,24,16,false,1,-1,1,10000,4,200,false,1,-1,-1,2160,,,"<color=#33ff99>(Hạn sử dụng 90 ngày, tính từ khi bắt đầu mua)#r<color=#FFFFFF>Cổ Dao Trấn trì nhất mạt bích#rĐãi tác kim triều Khởi La Y."
10130916,Bích Mộng Liên Hoa,24,16,false,1,-1,1,10000,4,200,false,1,-1,-1,2160,,,"<color=#33ff99>(Hạn sử dụng 90 ngày, tính từ khi bắt đầu mua)#r<color=#FFFFFF>Cổ Dao Trấn trì nhất mạt bích#rĐãi tác kim triều Khởi La Y."
10130917,Bích Mộng Liên Hoa,24,16,false,1,-1,1,10000,4,200,false,1,-1,-1,4320,,,"<color=#33ff99>(Hạn sử dụng 180 ngày, tính từ khi bắt đầu mua)#r<color=#FFFFFF>Cổ Dao Trấn trì nhất mạt bích#rĐãi tác kim triều khởi la y."
10130918,Bích Mộng Liên Hoa,24,16,false,1,-1,1,10000,4,200,false,1,-1,-1,4320,,,"<color=#33ff99>(Hạn sử dụng 180 ngày, tính từ khi bắt đầu mua)#r<color=#FFFFFF>Cổ Dao Trấn trì nhất mạt bích#rĐãi tác kim triều khởi la y."
10130919,Bích Mộng Liên Hoa,24,16,false,1,-1,1,10000,4,200,false,1,-1,-1,-1,,,Cổ Dao Trấn trì nhất mạt bích#rĐãi tác kim triều Khởi La Y.<color=#00FF00>#rThời trang này có thể thông qua Y Thiên Thái tại Lạc Dương tiến hành nhuộm màu.
10130920,Bích Mộng Liên Hoa,24,16,false,1,-1,1,10000,4,200,false,1,-1,-1,-1,,,Cổ Dao Trấn trì nhất mạt bích#rĐãi tác kim triều Khởi La Y.<color=#00FF00>#rThời trang này có thể thông qua Y Thiên Thái tại Lạc Dương tiến hành nhuộm màu.
10130921,Điệp Vũ Lưu Phương,24,16,false,1,-1,1,10000,4,200,false,1,-1,-1,24,,,"<color=#33ff99>(Hạn sử dụng 1 ngày, tính từ khi bắt đầu mua)#r<color=#FFFFFF>Thiên thu túc ái mộng điệp hồn#rVạn tải lưu phương cộng càn khôn."
10130922,Điệp Vũ Lưu Phương,24,16,false,1,-1,1,10000,4,200,false,1,-1,-1,24,,,"<color=#33ff99>(Hạn sử dụng 1 ngày, tính từ khi bắt đầu mua)#r<color=#FFFFFF>Thiên thu túc ái mộng điệp hồn#rVạn tải lưu phương cộng càn khôn."
10130923,Điệp Vũ Lưu Phương,24,16,false,1,-1,1,10000,4,200,false,1,-1,-1,24,,,"<color=#33ff99>(Hạn sử dụng 1 ngày, tính từ khi bắt đầu mua)#r<color=#FFFFFF>Thiên thu túc ái mộng điệp hồn#rVạn tải lưu phương cộng càn khôn."
10130924,Điệp Vũ Lưu Phương,24,16,false,1,-1,1,10000,4,200,false,1,-1,-1,24,,,"<color=#33ff99>(Hạn sử dụng 1 ngày, tính từ khi bắt đầu mua)#r<color=#FFFFFF>Thiên thu túc ái mộng điệp hồn#rVạn tải lưu phương cộng càn khôn."
10130925,Điệp Vũ Lưu Phương,24,16,false,1,-1,1,10000,4,200,false,1,-1,-1,24,,,"<color=#33ff99>(Hạn sử dụng 1 ngày, tính từ khi bắt đầu mua)#r<color=#FFFFFF>Thiên thu túc ái mộng điệp hồn#rVạn tải lưu phương cộng càn khôn."
10130926,Điệp Vũ Lưu Phương,24,16,false,1,-1,1,10000,4,200,false,1,-1,-1,72,,,"<color=#33ff99>(Hạn sử dụng 3 ngày, tính từ khi bắt đầu mua)#r<color=#FFFFFF>Thiên thu túc ái mộng điệp hồn#rVạn tải lưu phương cộng càn khôn."
10130927,Điệp Vũ Lưu Phương,24,16,false,1,-1,1,10000,4,200,false,1,-1,-1,72,,,"<color=#33ff99>(Hạn sử dụng 3 ngày, tính từ khi bắt đầu mua)#r<color=#FFFFFF>Thiên thu túc ái mộng điệp hồn#rVạn tải lưu phương cộng càn khôn."
10130928,Điệp Vũ Lưu Phương,24,16,false,1,-1,1,10000,4,200,false,1,-1,-1,72,,,"<color=#33ff99>(Hạn sử dụng 3 ngày, tính từ khi bắt đầu mua)#r<color=#FFFFFF>Thiên thu túc ái mộng điệp hồn#rVạn tải lưu phương cộng càn khôn."
10130929,Điệp Vũ Lưu Phương,24,16,false,1,-1,1,10000,4,200,false,1,-1,-1,72,,,"<color=#33ff99>(Hạn sử dụng 3 ngày, tính từ khi bắt đầu mua)#r<color=#FFFFFF>Thiên thu túc ái mộng điệp hồn#rVạn tải lưu phương cộng càn khôn."
10130930,Điệp Vũ Lưu Phương,24,16,false,1,-1,1,10000,4,200,false,1,-1,-1,72,,,"<color=#33ff99>(Hạn sử dụng 3 ngày, tính từ khi bắt đầu mua)#r<color=#FFFFFF>Thiên thu túc ái mộng điệp hồn#rVạn tải lưu phương cộng càn khôn."
10130931,Điệp Vũ Lưu Phương,24,16,false,1,-1,1,10000,4,200,false,1,-1,-1,168,,,"<color=#33ff99>(Hạn sử dụng 7 ngày, tính từ khi bắt đầu mua)#r<color=#FFFFFF>Thiên thu túc ai mộng điệp hồn#rVạn tải lưu phương cộng càn khôn."
10130932,Điệp Vũ Lưu Phương,24,16,false,1,-1,1,10000,4,200,false,1,-1,-1,168,,,"<color=#33ff99>(Hạn sử dụng 7 ngày, tính từ khi bắt đầu mua)#r<color=#FFFFFF>Thiên thu túc ai mộng điệp hồn#rVạn tải lưu phương cộng càn khôn."
10130933,Điệp Vũ Lưu Phương,24,16,false,1,-1,1,10000,4,200,false,1,-1,-1,168,,,"<color=#33ff99>(Hạn sử dụng 7 ngày, tính từ khi bắt đầu mua)#r<color=#FFFFFF>Thiên thu túc ái mộng điệp hồn,#rVạn tải lưu phương cộng càn khôn."
10130934,Điệp Vũ Lưu Phương,24,16,false,1,-1,1,10000,4,200,false,1,-1,-1,168,,,"<color=#33ff99>(Hạn sử dụng 7 ngày, tính từ khi bắt đầu mua)#r<color=#FFFFFF>Thiên thu túc ai mộng điệp hồn#rVạn tải lưu phương cộng càn khôn."
10130935,Điệp Vũ Lưu Phương,24,16,false,1,-1,1,10000,4,200,false,1,-1,-1,168,,,"<color=#33ff99>(Hạn sử dụng 7 ngày, tính từ khi bắt đầu mua)#r<color=#FFFFFF>Thiên thu túc ái mộng điệp hồn,#rVạn tải lưu phương cộng càn khôn."
10130936,Điệp Vũ Lưu Phương,24,16,false,1,-1,1,10000,4,200,false,1,-1,-1,168,,,"<color=#33ff99>(Hạn sử dụng 7 ngày, tính từ khi bắt đầu mua)#r<color=#FFFFFF>Thiên thu túc ai mộng điệp hồn#rVạn tải lưu phương cộng càn khôn."
10130937,Điệp Vũ Lưu Phương,24,16,false,1,-1,1,10000,4,200,false,1,-1,-1,360,,,"<color=#33ff99>(Hạn sử dụng 15 ngày, tính từ khi bắt đầu mua)#r<color=#FFFFFF>Thiên thu túc ái mộng điệp hồn,#rVạn tải lưu phương cộng càn khôn."
10130938,Điệp Vũ Lưu Phương,24,16,false,1,-1,1,10000,4,200,false,1,-1,-1,360,,,"<color=#33ff99>(Hạn sử dụng 15 ngày, tính từ khi bắt đầu mua)#r<color=#FFFFFF>Thiên thu túc ái mộng điệp hồn,#rVạn tải lưu phương cộng càn khôn."
10130939,Điệp Vũ Lưu Phương,24,16,false,1,-1,1,10000,4,200,false,1,-1,-1,720,,,"<color=#33ff99>(Hạn sử dụng 30 ngày, tính từ khi bắt đầu mua)#r<color=#FFFFFF>Thiên thu túc ái mộng điệp hồn,#rVạn tải lưu phương cộng càn khôn."
10130940,Điệp Vũ Lưu Phương,24,16,false,1,-1,1,10000,4,200,false,1,-1,-1,720,,,"<color=#33ff99>(Hạn sử dụng 30 ngày, tính từ khi bắt đầu mua)#r<color=#FFFFFF>Thiên thu túc ái mộng điệp hồn#rVạn tải lưu phương cộng càn khôn."
10130941,Điệp Vũ Lưu Phương,24,16,false,1,-1,1,10000,4,200,false,1,-1,-1,720,,,"<color=#33ff99>(Hạn sử dụng 30 ngày, tính từ khi bắt đầu mua)#r<color=#FFFFFF>Thiên thu túc ái mộng điệp hồn#rVạn tải lưu phương cộng càn khôn."
10130942,Điệp Vũ Lưu Phương,24,16,false,1,-1,1,10000,4,200,false,1,-1,-1,2160,,,"<color=#33ff99>(Hạn sử dụng 90 ngày, tính từ khi bắt đầu mua)#r<color=#FFFFFF>Thiên thu túc ai mộng điệp hồn#rVạn tải lưu phương cộng càn khôn."
10130943,Điệp Vũ Lưu Phương,24,16,false,1,-1,1,10000,4,200,false,1,-1,-1,2160,,,"<color=#33ff99>(Hạn sử dụng 90 ngày, tính từ khi bắt đầu mua)#r<color=#FFFFFF>Thiên thu túc ai mộng điệp hồn#rVạn tải lưu phương cộng càn khôn."
10130944,Điệp Vũ Lưu Phương,24,16,false,1,-1,1,10000,4,200,false,1,-1,-1,4320,,,"<color=#33ff99>(Hạn sử dụng 180 ngày, tính từ khi bắt đầu mua)#r<color=#FFFFFF>Thiên thu túc ái mộng điệp hồn#rVạn tải lưu phương cộng càn khôn."
10130945,Điệp Vũ Lưu Phương,24,16,false,1,-1,1,10000,4,200,false,1,-1,-1,4320,,,"<color=#33ff99>(Hạn sử dụng 180 ngày, tính từ khi bắt đầu mua)#r<color=#FFFFFF>Thiên thu túc ái mộng điệp hồn#rVạn tải lưu phương cộng càn khôn."
10130946,Điệp Vũ Lưu Phương,24,16,false,1,-1,1,10000,4,200,false,1,-1,-1,-1,,,Thiên thu túc ai mộng điệp hồn#rVạn tải lưu phương cộng càn khôn.<color=#00FF00>#rThời trang này có thể thông qua Y Thiên Thái tại Lạc Dương tiến hành nhuộm màu.
10130947,Điệp Vũ Lưu Phương,24,16,false,1,-1,1,10000,4,200,false,1,-1,-1,-1,,,Thiên thu túc ai mộng điệp hồn#rVạn tải lưu phương cộng càn khôn.<color=#00FF00>#rThời trang này có thể thông qua Y Thiên Thái tại Lạc Dương tiến hành nhuộm màu.
10130948,Sương Tuyết Long Hồn,24,16,false,1,-1,1,10000,4,200,false,1,-1,-1,24,,,"<color=#33ff99>(Hạn sử dụng 1 ngày, tính từ khi bắt đầu mua)#r<color=#FFFFFF>Phi tuyết liên thiên cửu tiêu đỉnh#rThần long tiềm tuyết vạn trượng uyên."
10130949,Sương Tuyết Long Hồn,24,16,false,1,-1,1,10000,4,200,false,1,-1,-1,24,,,"<color=#33ff99>(Hạn sử dụng 1 ngày, tính từ khi bắt đầu mua)#r<color=#FFFFFF>Phi tuyết liên thiên cửu tiêu đỉnh#rThần long tiềm tuyết vạn trượng uyên."
10130950,Sương Tuyết Long Hồn,24,16,false,1,-1,1,10000,4,200,false,1,-1,-1,24,,,"<color=#33ff99>(Hạn sử dụng 1 ngày, tính từ khi bắt đầu mua)#r<color=#FFFFFF>Phi tuyết liên thiên cửu tiêu đỉnh,#rThần long tiềm tuyết vạn trượng uyên."
10130951,Sương Tuyết Long Hồn,24,16,false,1,-1,1,10000,4,200,false,1,-1,-1,72,,,"<color=#33ff99>(Hạn sử dụng 3 ngày, tính từ khi bắt đầu mua)#r<color=#FFFFFF>Phi tuyết liên thiên cửu tiêu đỉnh,#rThần long tiềm tuyết vạn trượng uyên."
10130952,Sương Tuyết Long Hồn,24,16,false,1,-1,1,10000,4,200,false,1,-1,-1,72,,,"<color=#33ff99>(Hạn sử dụng 3 ngày, tính từ khi bắt đầu mua)#r<color=#FFFFFF>Phi tuyết liên thiên cửu tiêu hạng#rThần long tiềm tuyết vạn trượng uyên."
10130953,Sương Tuyết Long Hồn,24,16,false,1,-1,1,10000,4,200,false,1,-1,-1,72,,,"<color=#33ff99>(Hạn sử dụng 3 ngày, tính từ khi bắt đầu mua)#r<color=#FFFFFF>Phi tuyết liên thiên cửu tiêu đỉnh#rThần long tiềm tuyết vạn trượng uyên."
10130954,Sương Tuyết Long Hồn,24,16,false,1,-1,1,10000,4,200,false,1,-1,-1,168,,,"<color=#33ff99>(Hạn sử dụng 7 ngày, tính từ khi bắt đầu mua)#r<color=#FFFFFF>Phi tuyết liên thiên cửu tiêu hạng#rThần long tiềm tuyết vạn trượng uyên."
10130955,Sương Tuyết Long Hồn,24,16,false,1,-1,1,10000,4,200,false,1,-1,-1,168,,,"<color=#33ff99>(Hạn sử dụng 7 ngày, tính từ khi bắt đầu mua)#r<color=#FFFFFF>Phi tuyết liên thiên cửu tiêu hạng#rThần long tiềm tuyết vạn trượng uyên."
10130956,Sương Tuyết Long Hồn,24,16,false,1,-1,1,10000,4,200,false,1,-1,-1,168,,,"<color=#33ff99>(Hạn sử dụng 7 ngày, tính từ khi bắt đầu mua)#r<color=#FFFFFF>Phi tuyết liên thiên cửu tiêu đỉnh,#rThần long tiềm tuyết vạn trượng uyên."
10130957,Sương Tuyết Long Hồn,24,16,false,1,-1,1,10000,4,200,false,1,-1,-1,360,,,"<color=#33ff99>(Hạn sử dụng 15 ngày, tính từ khi bắt đầu mua)#r<color=#FFFFFF>Phi tuyết liên thiên cửu tiêu hạng#rThần long tiềm tuyết vạn trượng uyên."
10130958,Sương Tuyết Long Hồn,24,16,false,1,-1,1,10000,4,200,false,1,-1,-1,720,,,"<color=#33ff99>(Hạn sử dụng 30 ngày, tính từ khi bắt đầu mua)#r<color=#FFFFFF>Phi tuyết liên thiên cửu tiêu đỉnh#rThần long tiềm tuyết vạn trượng uyên."
10130959,Sương Tuyết Long Hồn,24,16,false,1,-1,1,10000,4,200,false,1,-1,-1,720,,,"<color=#33ff99>(Hạn sử dụng 30 ngày, tính từ khi bắt đầu mua)#r<color=#FFFFFF>Phi tuyết liên thiên cửu tiêu hạng#rThần long tiềm tuyết vạn trượng uyên."
10130960,Sương Tuyết Long Hồn,24,16,false,1,-1,1,10000,4,200,false,1,-1,-1,720,,,"<color=#33ff99>(Hạn sử dụng 30 ngày, tính từ khi bắt đầu mua)#r<color=#FFFFFF>Phi tuyết liên thiên cửu tiêu đỉnh#rThần long tiềm tuyết vạn trượng uyên."
10130961,Sương Tuyết Long Hồn,24,16,false,1,-1,1,10000,4,200,false,1,-1,-1,2160,,,"<color=#33ff99>(Hạn sử dụng 90 ngày, tính từ khi bắt đầu mua)#r<color=#FFFFFF>Phi tuyết liên thiên cửu tiêu hạng#rThần long tiềm tuyết vạn trượng uyên."
10130962,Sương Tuyết Long Hồn,24,16,false,1,-1,1,10000,4,200,false,1,-1,-1,2160,,,"<color=#33ff99>(Hạn sử dụng 90 ngày, tính từ khi bắt đầu mua)#r<color=#FFFFFF>Phi tuyết liên thiên cửu tiêu hạng#rThần long tiềm tuyết vạn trượng uyên."
10130963,Sương Tuyết Long Hồn,24,16,false,1,-1,1,10000,4,200,false,1,-1,-1,4320,,,"<color=#33ff99>(Hạn sử dụng 180 ngày, tính từ khi bắt đầu mua)#r<color=#FFFFFF>Phi tuyết liên thiên cửu tiêu đỉnh#rThần long tiềm tuyết vạn trượng uyên."
10130964,Sương Tuyết Long Hồn,24,16,false,1,-1,1,10000,4,200,false,1,-1,-1,4320,,,"<color=#33ff99>(Hạn sử dụng 180 ngày, tính từ khi bắt đầu mua)#r<color=#FFFFFF>Phi tuyết liên thiên cửu tiêu đỉnh#rThần long tiềm tuyết vạn trượng uyên."
10130965,Sương Tuyết Long Hồn,24,16,false,1,-1,1,10000,4,200,false,1,-1,-1,-1,,,Phi tuyết liên thiên cửu tiêu hạng#rThần long tiềm tuyết vạn trượng uyên.<color=#00FF00>#rThời trang này có thể thông qua Y Thiên Thái tại Lạc Dương tiến hành nhuộm màu.
10130966,Sương Tuyết Long Hồn,24,16,false,1,-1,1,10000,4,200,false,1,-1,-1,-1,,,Phi tuyết liên thiên cửu tiêu hạng#rThần long tiềm tuyết vạn trượng uyên.<color=#00FF00>#rThời trang này có thể thông qua Y Thiên Thái tại Lạc Dương tiến hành nhuộm màu.
10130967,Tinh Ấn,24,16,false,1,12,1,10000,4,200,false,1,-1,-1,-1,,,"Môn nhân Quỷ Cốc mới được mặc, từng sợi tơ thể hiện quy luật sao trời.<br><color=#00FF00>Thời trang cao cấp</color> phái <color=#00FF00>Quỷ Cốc</color>. Trên mình quái vật tại <color=#00FF00>Ngân Ngai Tuyết Nguyên</color> có mang <color=#FFFF00>[Nhật Ký Quái Vật]</color>. Thu thập <color=#FFFF00>20 quyển</color>, có thể đến <color=#00FF00>Đại Lý</color> tìm <color=#FFFF00>Củng Thái Vân</color> để đổi lấy bộ <color=#00FF00>thời trang cao cấp môn phái</color>."
10130968,Âm Dương,24,16,false,1,12,1,10000,4,200,false,1,-1,-1,-1,,,"Chế tạo từ Ô Tàm Ti, là bảo vật trấn phái của Quỷ Cốc.<br><color=#00FF00>Thời trang tiến cấp</color> phái <color=#00FF00>Quỷ Cốc</color>. <color=#00FF00>Trấn Bảo Long Vương</color> cai quản <color=#00FF00>Lâu Lan Bảo Tàng Động</color> cùng vô số rương bảo vật, trong đó bao gồm <color=#FFFF00>[Quái Vật Tương Sách]</color>. Thu thập <color=#FFFF00>20 quyển</color>, có thể đến <color=#00FF00>Đại Lý</color> tìm <color=#FFFF00>Củng Thái Vân</color> để đổi lấy bộ <color=#00FF00>thời trang tiến cấp môn phái</color>."
10130971,Vạn Thánh,24,16,false,1,12,1,10000,4,200,false,1,-1,-1,-1,,,"Bảo y do Quỷ Cốc Tử tặng cho Đệ tử kiệt xuất.<br><color=#00FF00>Thời trang đặc biệt</color> phái <color=#00FF00>Quỷ Cốc</color>. <color=#00FF00>Gia Luật Liên Thành</color> tại <color=#00FF00>Binh Thánh Kỳ Trận</color> có ấn ký <color=#FFFF00>[Chinh Nam Tiên Phong Ấn]</color>. Thu thập <color=#FFFF00>20 ấn</color>, có thể đến <color=#00FF00>Đại Lý</color> tìm <color=#FFFF00>Củng Thái Vân</color> để đổi lấy bộ <color=#00FF00>thời trang đặc biệt môn phái</color>."
10130972,Vân Tô Mộng Thường,24,16,false,1,-1,1,10000,4,200,false,1,-1,-1,24,,,"<color=#33ff99>(Hạn sử dụng 1 ngày, tính từ khi bắt đầu mua)#r<color=#FFFFFF>Lưu hương nhập mộng mạn sa trướng,#rPhi hoa phúc tuyết cẩm y thường."
10130973,Vân Tô Mộng Thường,24,16,false,1,-1,1,10000,4,200,false,1,-1,-1,24,,,"<color=#33ff99>(Hạn sử dụng 1 ngày, tính từ khi bắt đầu mua)#r<color=#FFFFFF>Lưu hương nhập mộng mạn sa trướng,#rPhi hoa phúc tuyết cẩm y thường."
10130974,Vân Tô Mộng Thường,24,16,false,1,-1,1,10000,4,200,false,1,-1,-1,24,,,"<color=#33ff99>(Hạn sử dụng 1 ngày, tính từ khi bắt đầu mua)#r<color=#FFFFFF>Lưu hương nhập mộng màn sa trướng#rPhi hoa phúc tuyết cẩm y thường."
10130975,Vân Tô Mộng Thường,24,16,false,1,-1,1,10000,4,200,false,1,-1,-1,24,,,"<color=#33ff99>(Hạn sử dụng 1 ngày, tính từ khi bắt đầu mua)#r<color=#FFFFFF>Lưu hương nhập mộng màn sa trướng#rPhi hoa phúc tuyết cẩm y thường."
10130976,Vân Tô Mộng Thường,24,16,false,1,-1,1,10000,4,200,false,1,-1,-1,24,,,"<color=#33ff99>(Hạn sử dụng 1 ngày, tính từ khi bắt đầu mua)#r<color=#FFFFFF>Lưu hương nhập mộng mạn sa trướng,#rPhi hoa phúc tuyết cẩm y thường."
10130977,Vân Tô Mộng Thường,24,16,false,1,-1,1,10000,4,200,false,1,-1,-1,72,,,"<color=#33ff99>(Hạn sử dụng 3 ngày, tính từ khi bắt đầu mua)#r<color=#FFFFFF>Lưu hương nhập mộng mạn sa trướng,#rPhi hoa phúc tuyết cẩm y thường."
10130978,Vân Tô Mộng Thường,24,16,false,1,-1,1,10000,4,200,false,1,-1,-1,72,,,"<color=#33ff99>(Hạn sử dụng 3 ngày, tính từ khi bắt đầu mua)#r<color=#FFFFFF>Lưu hương nhập mộng màn sa trướng#rPhi hoa phúc tuyết cẩm y thường."
10130979,Vân Tô Mộng Thường,24,16,false,1,-1,1,10000,4,200,false,1,-1,-1,72,,,"<color=#33ff99>(Hạn sử dụng 3 ngày, tính từ khi bắt đầu mua)#r<color=#FFFFFF>Lưu hương nhập mộng màn sa trướng#rPhi hoa phúc tuyết cẩm y thường."
10130980,Vân Tô Mộng Thường,24,16,false,1,-1,1,10000,4,200,false,1,-1,-1,168,,,"<color=#33ff99>(Hạn sử dụng 7 ngày, tính từ khi bắt đầu mua)#r<color=#FFFFFF>Lưu hương nhập mộng mạn sa trướng#rPhi hoa phúc tuyết cẩm y thường."
10130981,Vân Tô Mộng Thường,24,16,false,1,-1,1,10000,4,200,false,1,-1,-1,168,,,"<color=#33ff99>(Hạn sử dụng 7 ngày, tính từ khi bắt đầu mua)#r<color=#FFFFFF>Lưu hương nhập mộng mạn sa trướng#rPhi hoa phúc tuyết cẩm y thường."
10130982,Vân Tô Mộng Thường,24,16,false,1,-1,1,10000,4,200,false,1,-1,-1,168,,,"<color=#33ff99>(Hạn sử dụng 7 ngày, tính từ khi bắt đầu mua)#r<color=#FFFFFF>Lưu hương nhập mộng mạn sa trướng,#rPhi hoa phúc tuyết cẩm y thường."
10130983,Vân Tô Mộng Thường,24,16,false,1,-1,1,10000,4,200,false,1,-1,-1,168,,,"<color=#33ff99>(Hạn sử dụng 7 ngày, tính từ khi bắt đầu mua)#r<color=#FFFFFF>Lưu hương nhập mộng mạn sa trướng,#rPhi hoa phúc tuyết cẩm y thường."
10130984,Vân Tô Mộng Thường,24,16,false,1,-1,1,10000,4,200,false,1,-1,-1,168,,,"<color=#33ff99>(Hạn sử dụng 7 ngày, tính từ khi bắt đầu mua)#r<color=#FFFFFF>Lưu hương nhập mộng mạn sa trướng,#rPhi hoa phúc tuyết cẩm y thường."
10130985,Vân Tô Mộng Thường,24,16,false,1,-1,1,10000,4,200,false,1,-1,-1,360,,,"<color=#33ff99>(Hạn sử dụng 15 ngày, tính từ khi bắt đầu mua)#r<color=#FFFFFF>Lưu hương nhập mộng màn sa trướng#rPhi hoa phúc tuyết cẩm y thường."
10130986,Vân Tô Mộng Thường,24,16,false,1,-1,1,10000,4,200,false,1,-1,-1,360,,,"<color=#33ff99>(Hạn sử dụng 15 ngày, tính từ khi bắt đầu mua)#r<color=#FFFFFF>Lưu hương nhập mộng màn sa trướng#rPhi hoa phúc tuyết cẩm y thường."
10130987,Vân Tô Mộng Thường,24,16,false,1,-1,1,10000,4,200,false,1,-1,-1,720,,,"<color=#33ff99>(Hạn sử dụng 30 ngày, tính từ khi bắt đầu mua)#r<color=#FFFFFF>Lưu hương nhập mộng màn sa trướng#rPhi hoa phúc tuyết cẩm y thường."
10130988,Vân Tô Mộng Thường,24,16,false,1,-1,1,10000,4,200,false,1,-1,-1,720,,,"<color=#33ff99>(Hạn sử dụng 30 ngày, tính từ khi bắt đầu mua)#r<color=#FFFFFF>Lưu hương nhập mộng màn sa trướng#rPhi hoa phúc tuyết cẩm y thường."
10130989,Vân Tô Mộng Thường,24,16,false,1,-1,1,10000,4,200,false,1,-1,-1,2160,,,"<color=#33ff99>(Hạn sử dụng 90 ngày, tính từ khi bắt đầu mua)#r<color=#FFFFFF>Lưu hương nhập mộng mạn sa trướng#rPhi hoa phúc tuyết cẩm y thường."
10130990,Vân Tô Mộng Thường,24,16,false,1,-1,1,10000,4,200,false,1,-1,-1,2160,,,"<color=#33ff99>(Hạn sử dụng 90 ngày, tính từ khi bắt đầu mua)#r<color=#FFFFFF>Lưu hương nhập mộng mạn sa trướng#rPhi hoa phúc tuyết cẩm y thường."
10130991,Vân Tô Mộng Thường,24,16,false,1,-1,1,10000,4,200,false,1,-1,-1,4320,,,"<color=#33ff99>(Hạn sử dụng 180 ngày, tính từ khi bắt đầu mua)#r<color=#FFFFFF>Lưu hương nhập mộng màn sa trướng#rPhi hoa phúc tuyết cẩm y thường."
10130992,Vân Tô Mộng Thường,24,16,false,1,-1,1,10000,4,200,false,1,-1,-1,4320,,,"<color=#33ff99>(Hạn sử dụng 180 ngày, tính từ khi bắt đầu mua)#r<color=#FFFFFF>Lưu hương nhập mộng màn sa trướng#rPhi hoa phúc tuyết cẩm y thường."
10130993,Vân Tô Mộng Thường,24,16,false,1,-1,1,10000,4,200,false,1,-1,-1,-1,,,"Lưu hương nhập mộng mạn sa trướng,#rPhi hoa phúc tuyết cẩm y thường.<color=#00FF00>#rThời trang này có thể thông qua Y Thiên Thái tại Lạc Dương tiến hành nhuộm màu."
10130994,Vân Tô Mộng Thường,24,16,false,1,-1,1,10000,4,200,false,1,-1,-1,-1,,,"Lưu hương nhập mộng mạn sa trướng,#rPhi hoa phúc tuyết cẩm y thường.<color=#00FF00>#rThời trang này có thể thông qua Y Thiên Thái tại Lạc Dương tiến hành nhuộm màu."
10130995,Vân Tô Mộng Thường,24,16,false,1,-1,1,10000,4,200,false,1,-1,-1,-1,,,Lưu hương nhập mộng mạn sa trướng#rPhi hoa phúc tuyết cẩm y thường.
10130996,Vân Tô Mộng Thường,24,16,false,1,-1,1,10000,4,200,false,1,-1,-1,-1,,,Lưu hương nhập mộng mạn sa trướng#rPhi hoa phúc tuyết cẩm y thường.
10130997,Túy Mộng Liên Phương,24,16,false,1,-1,1,10000,4,200,false,1,-1,-1,24,,,"<color=#33ff99>(Hạn sử dụng 1 ngày, tính từ khi bắt đầu mua)#r<color=#FFFFFF>Thanh u nhất lũ phù cừ hương#rTúy lạc giai nhân nhập mộng trường."
10130998,Túy Mộng Liên Phương,24,16,false,1,-1,1,10000,4,200,false,1,-1,-1,24,,,"<color=#33ff99>(Hạn sử dụng 1 ngày, tính từ khi bắt đầu mua)#r<color=#FFFFFF>Thanh u nhất lũ phù cừ hương#rTúy lạc giai nhân nhập mộng trường."
10130999,Túy Mộng Liên Phương,24,16,false,1,-1,1,10000,4,200,false,1,-1,-1,72,,,"<color=#33ff99>(Hạn sử dụng 3 ngày, tính từ khi bắt đầu mua)#r<color=#FFFFFF>Thanh u nhất lũ phù cừ hương#rTúy lạc giai nhân nhập mộng trường."
10131000,Túy Mộng Liên Phương,24,16,false,1,-1,1,10000,4,200,false,1,-1,-1,72,,,"<color=#33ff99>(Hạn sử dụng 3 ngày, tính từ khi bắt đầu mua)#r<color=#FFFFFF>Thanh u nhất lũ phù cừ hương#rTúy lạc giai nhân nhập mộng trường."
10131001,Túy Mộng Liên Phương,24,16,false,1,-1,1,10000,4,200,false,1,-1,-1,168,,,"<color=#33ff99>(Hạn sử dụng 7 ngày, tính từ khi bắt đầu mua)#r<color=#FFFFFF>Thanh ưu nhất lâu phù cừ hương#rTúy lạc giai nhân nhập mộng trường."
10131002,Túy Mộng Liên Phương,24,16,false,1,-1,1,10000,4,200,false,1,-1,-1,168,,,"<color=#33ff99>(Hạn sử dụng 7 ngày, tính từ khi bắt đầu mua)#r<color=#FFFFFF>Thanh ưu nhất lâu phù cừ hương#rTúy lạc giai nhân nhập mộng trường."
10131003,Túy Mộng Liên Phương,24,16,false,1,-1,1,10000,4,200,false,1,-1,-1,360,,,"<color=#33ff99>(Hạn sử dụng 15 ngày, tính từ khi bắt đầu mua)#r<color=#FFFFFF>Thanh u nhất lũ phù cừ hương#rTúy lạc giai nhân nhập mộng trường."
10131004,Túy Mộng Liên Phương,24,16,false,1,-1,1,10000,4,200,false,1,-1,-1,360,,,"<color=#33ff99>(Hạn sử dụng 15 ngày, tính từ khi bắt đầu mua)#r<color=#FFFFFF>Thanh u nhất lũ phù cừ hương#rTúy lạc giai nhân nhập mộng trường."
10131005,Túy Mộng Liên Phương,24,16,false,1,-1,1,10000,4,200,false,1,-1,-1,720,,,"<color=#33ff99>(Hạn sử dụng 30 ngày, tính từ khi bắt đầu mua)#r<color=#FFFFFF>Thanh u nhất lũ phù cừ hương#rTúy lạc giai nhân nhập mộng trường."
10131006,Túy Mộng Liên Phương,24,16,false,1,-1,1,10000,4,200,false,1,-1,-1,720,,,"<color=#33ff99>(Hạn sử dụng 30 ngày, tính từ khi bắt đầu mua)#r<color=#FFFFFF>Thanh u nhất lũ phù cừ hương#rTúy lạc giai nhân nhập mộng trường."
10131007,Túy Mộng Liên Phương,24,16,false,1,-1,1,10000,4,200,false,1,-1,-1,720,,,"<color=#33ff99>(Hạn sử dụng 30 ngày, tính từ khi bắt đầu mua)#r<color=#FFFFFF>Thanh u nhất lũ phù cừ hương#rTúy lạc giai nhân nhập mộng trường."
10131008,Túy Mộng Liên Phương,24,16,false,1,-1,1,10000,4,200,false,1,-1,-1,2160,,,"<color=#33ff99>(Hạn sử dụng 90 ngày, tính từ khi bắt đầu mua)#r<color=#FFFFFF>Thanh ưu nhất lâu phù cừ hương#rTúy lạc giai nhân nhập mộng trường."
10131009,Túy Mộng Liên Phương,24,16,false,1,-1,1,10000,4,200,false,1,-1,-1,2160,,,"<color=#33ff99>(Hạn sử dụng 90 ngày, tính từ khi bắt đầu mua)#r<color=#FFFFFF>Thanh ưu nhất lâu phù cừ hương#rTúy lạc giai nhân nhập mộng trường."
10131010,Túy Mộng Liên Phương,24,16,false,1,-1,1,10000,4,200,false,1,-1,-1,4320,,,"<color=#33ff99>(Hạn sử dụng 180 ngày, tính từ khi bắt đầu mua)#r<color=#FFFFFF>Thanh u nhất lũ phù cừ hương#rTúy lạc giai nhân nhập mộng trường."
10131011,Túy Mộng Liên Phương,24,16,false,1,-1,1,10000,4,200,false,1,-1,-1,4320,,,"<color=#33ff99>(Hạn sử dụng 180 ngày, tính từ khi bắt đầu mua)#r<color=#FFFFFF>Thanh u nhất lũ phù cừ hương#rTúy lạc giai nhân nhập mộng trường."
10131012,Túy Mộng Liên Phương,24,16,false,1,-1,1,10000,4,200,false,1,-1,-1,-1,,,Thanh ưu nhất lâu phù cừ hương#rTúy lạc giai nhân nhập mộng trường.
10131013,Túy Mộng Liên Phương,24,16,false,1,-1,1,10000,4,200,false,1,-1,-1,-1,,,Thanh ưu nhất lâu phù cừ hương#rTúy lạc giai nhân nhập mộng trường.
10131014,Phỏng-Vạn Thánh,24,16,false,1,-1,1,10000,4,200,false,1,-1,-1,168,,,"<color=#33ff99>(Hạn sử dụng 7 ngày, tính từ khi bắt đầu mua)#r<color=#FFFFFF>Vạn thánh quy tông, đạo pháp tố nguyên.#rThời trang này là trang phục Đệ tử Quỷ Cốc chưa nhập thế."
10131015,Phỏng-Vạn Thánh,24,16,false,1,-1,1,10000,4,200,false,1,-1,-1,360,,,"<color=#33ff99>(Hạn sử dụng 15 ngày, tính từ khi bắt đầu mua)#r<color=#FFFFFF>Vạn thánh quy tông, đạo pháp tố nguyên.#rThời trang này do Tiêu Phong chế tạo theo lời đồn của giang hồ, là trang phục của Đệ tử Quỷ Cốc khi chưa nhập thế."
10131016,Quỷ Cốc Tố Bào,24,16,false,1,12,1,10000,4,200,false,1,-1,-1,-1,,,"Cẩm bào môn nhân Quỷ Cốc, mặc vào có thể được Thiên Đạo phù hộ."
10131017,Thanh Long Túy Vũ,24,16,false,1,-1,1,10000,4,200,false,1,-1,-1,72,,,"<color=#33ff99>(Hạn sử dụng 3 ngày, tính từ khi bắt đầu mua)#r<color=#FFFFFF>Đà nhan toái trản tâm quy khứ#rTúy vũ trường đình ý nan tầm."
10131018,Thanh Long Túy Vũ,24,16,false,1,-1,1,10000,4,200,false,1,-1,-1,72,,,"<color=#33ff99>(Hạn sử dụng 3 ngày, tính từ khi bắt đầu mua)#r<color=#FFFFFF>Đà nhan toái trản tâm quy khứ#rTúy vũ trường đình ý nan tầm."
10131019,Thanh Long Túy Vũ,24,16,false,1,-1,1,10000,4,200,false,1,-1,-1,168,,,"<color=#33ff99>(Hạn sử dụng 7 ngày, tính từ khi bắt đầu mua)#r<color=#FFFFFF>Túy diễm toái triền tâm quy khứ#rTúy vũ trường đình tức nan tầm."
10131020,Thanh Long Túy Vũ,24,16,false,1,-1,1,10000,4,200,false,1,-1,-1,168,,,"<color=#33ff99>(Hạn sử dụng 7 ngày, tính từ khi bắt đầu mua)#r<color=#FFFFFF>Túy diễm toái triền tâm quy khứ#rTúy vũ trường đình tức nan tầm."
10131021,Thanh Long Túy Vũ,24,16,false,1,-1,1,10000,4,200,false,1,-1,-1,360,,,"<color=#33ff99>(Hạn sử dụng 15 ngày, tính từ khi bắt đầu mua)#r<color=#FFFFFF>Đà nhan toái trản tâm quy khứ#rTúy vũ trường đình ý nan tầm."
10131022,Thanh Long Túy Vũ,24,16,false,1,-1,1,10000,4,200,false,1,-1,-1,360,,,"<color=#33ff99>(Hạn sử dụng 15 ngày, tính từ khi bắt đầu mua)#r<color=#FFFFFF>Đà nhan toái trản tâm quy khứ#rTúy vũ trường đình ý nan tầm."
10131023,Thanh Long Túy Vũ,24,16,false,1,-1,1,10000,4,200,false,1,-1,-1,720,,,"<color=#33ff99>(Hạn sử dụng 30 ngày, tính từ khi bắt đầu mua)#r<color=#FFFFFF>Đà nhan toái trản tâm quy khứ#rTúy vũ trường đình ý nan tầm."
10131024,Thanh Long Túy Vũ,24,16,false,1,-1,1,10000,4,200,false,1,-1,-1,720,,,"<color=#33ff99>(Hạn sử dụng 30 ngày, tính từ khi bắt đầu mua)#r<color=#FFFFFF>Đà nhan toái trản tâm quy khứ#rTúy vũ trường đình ý nan tầm."
10131025,Thanh Long Túy Vũ,24,16,false,1,-1,1,10000,4,200,false,1,-1,-1,2160,,,"<color=#33ff99>(Hạn sử dụng 90 ngày, tính từ khi bắt đầu mua)#r<color=#FFFFFF>Túy diễm toái triền tâm quy khứ#rTúy vũ trường đình tức nan tầm."
10131026,Thanh Long Túy Vũ,24,16,false,1,-1,1,10000,4,200,false,1,-1,-1,2160,,,"<color=#33ff99>(Hạn sử dụng 90 ngày, tính từ khi bắt đầu mua)#r<color=#FFFFFF>Túy diễm toái triền tâm quy khứ#rTúy vũ trường đình tức nan tầm."
10131027,Thanh Long Túy Vũ,24,16,false,1,-1,1,10000,4,200,false,1,-1,-1,4320,,,"<color=#33ff99>(Hạn sử dụng 180 ngày, tính từ khi bắt đầu mua)#r<color=#FFFFFF>Đà nhan toái trản tâm quy khứ#rTúy vũ trường đình ý nan tầm."
10131028,Thanh Long Túy Vũ,24,16,false,1,-1,1,10000,4,200,false,1,-1,-1,4320,,,"<color=#33ff99>(Hạn sử dụng 180 ngày, tính từ khi bắt đầu mua)#r<color=#FFFFFF>Đà nhan toái trản tâm quy khứ#rTúy vũ trường đình ý nan tầm."
10131029,Thanh Long Túy Vũ,24,16,false,1,-1,1,10000,4,200,false,1,-1,-1,-1,,,"Túy diễm toái triền tâm quy khứ,#rTúy vũ trường đình tức nan tầm.<color=#00FF00>#rThời trang này có thể thông qua Y Thiên Thái tại Lạc Dương tiến hành nhuộm màu."
10131030,Thanh Long Túy Vũ,24,16,false,1,-1,1,10000,4,200,false,1,-1,-1,-1,,,"Túy diễm toái triền tâm quy khứ,#rTúy vũ trường đình tức nan tầm.<color=#00FF00>#rThời trang này có thể thông qua Y Thiên Thái tại Lạc Dương tiến hành nhuộm màu."
10131031,Đan Hà Cẩm Tú,24,16,false,1,-1,1,10000,4,200,false,1,-1,-1,24,,,"<color=#33ff99>(Hạn sử dụng 1 ngày, tính từ khi bắt đầu mua)#r<color=#FFFFFF>Cổ lai đan hà thùy vân dũng,#rHoàng hà cẩm lý phi thiên tung."
10131032,Đan Hà Cẩm Tú,24,16,false,1,-1,1,10000,4,200,false,1,-1,-1,24,,,"<color=#33ff99>(Hạn sử dụng 1 ngày, tính từ khi bắt đầu mua)#r<color=#FFFFFF>Cổ lai đan hà thùy vân dũng,#rHoàng hà cẩm lý phi thiên tung."
10131033,Đan Hà Cẩm Tú,24,16,false,1,-1,1,10000,4,200,false,1,-1,-1,24,,,"<color=#33ff99>(Hạn sử dụng 1 ngày, tính từ khi bắt đầu mua)#r<color=#FFFFFF>Cổ lai đan hà thùy vân dũng,#rHoàng hà cẩm lý phi thiên tung."
10131034,Đan Hà Cẩm Tú,24,16,false,1,-1,1,10000,4,200,false,1,-1,-1,24,,,"<color=#33ff99>(Hạn sử dụng 1 ngày, tính từ khi bắt đầu mua)#r<color=#FFFFFF>Cổ lai đan hà thùy vân dũng,#rHoàng hà cẩm lý phi thiên tung."
10131035,Đan Hà Cẩm Tú,24,16,false,1,-1,1,10000,4,200,false,1,-1,-1,24,,,"<color=#33ff99>(Hạn sử dụng 1 ngày, tính từ khi bắt đầu mua)#r<color=#FFFFFF>Cổ lai đan hà thùy vân dũng,#rHoàng hà cẩm lý phi thiên tung."
10131036,Đan Hà Cẩm Tú,24,16,false,1,-1,1,10000,4,200,false,1,-1,-1,24,,,"<color=#33ff99>(Hạn sử dụng 1 ngày, tính từ khi bắt đầu mua)#r<color=#FFFFFF>Cổ lai đan hà thùy vân dũng,#rGiang hà cẩm lý phi thiên tung."
10131037,Đan Hà Cẩm Tú,24,16,false,1,-1,1,10000,4,200,false,1,-1,-1,24,,,"<color=#33ff99>(Hạn sử dụng 1 ngày, tính từ khi bắt đầu mua)#r<color=#FFFFFF>Cổ lai đan hà thùy vân dũng,#rGiang hà cẩm lý phi thiên tung."
10131038,Đan Hà Cẩm Tú,24,16,false,1,-1,1,10000,4,200,false,1,-1,-1,72,,,"<color=#33ff99>(Hạn sử dụng 3 ngày, tính từ khi bắt đầu mua)#r<color=#FFFFFF>Cổ lai đan hà thùy vân dũng,#rGiang hà cẩm lý phi thiên tung."
10131039,Đan Hà Cẩm Tú,24,16,false,1,-1,1,10000,4,200,false,1,-1,-1,72,,,"<color=#33ff99>(Hạn sử dụng 3 ngày, tính từ khi bắt đầu mua)#r<color=#FFFFFF>Cổ lai đan hà thùy vân dũng,#rGiang hà cẩm lý phi thiên tung."
10131040,Đan Hà Cẩm Tú,24,16,false,1,-1,1,10000,4,200,false,1,-1,-1,168,,,"<color=#33ff99>(Hạn sử dụng 7 ngày, tính từ khi bắt đầu mua)#r<color=#FFFFFF>Cổ lai đan hà thùy vân dũng,#rGiang hà cẩm lý phi thiên tung."
10131041,Đan Hà Cẩm Tú,24,16,false,1,-1,1,10000,4,200,false,1,-1,-1,168,,,"<color=#33ff99>(Hạn sử dụng 7 ngày, tính từ khi bắt đầu mua)#r<color=#FFFFFF>Cổ lai đan hà thùy vân dũng,#rGiang hà cẩm lý phi thiên tung."
10131042,Đan Hà Cẩm Tú,24,16,false,1,-1,1,10000,4,200,false,1,-1,-1,168,,,"<color=#33ff99>(Hạn sử dụng 7 ngày, tính từ khi bắt đầu mua)#r<color=#FFFFFF>Cổ lai đan hà thùy vân dũng,#rHoàng giang cẩm lý phi thiên tung."
10131043,Đan Hà Cẩm Tú,24,16,false,1,-1,1,10000,4,200,false,1,-1,-1,360,,,"<color=#33ff99>(Hạn sử dụng 15 ngày, tính từ khi bắt đầu mua)#r<color=#FFFFFF>Cổ lai đan hà thùy vân dũng,#rGiang hà cẩm lý phi thiên tung."
10131044,Đan Hà Cẩm Tú,24,16,false,1,-1,1,10000,4,200,false,1,-1,-1,360,,,"<color=#33ff99>(Hạn sử dụng 15 ngày, tính từ khi bắt đầu mua)#r<color=#FFFFFF>Cổ lai đan hà thùy vân dũng,#rGiang hà cẩm lý phi thiên tung."
10131045,Đan Hà Cẩm Tú,24,16,false,1,-1,1,10000,4,200,false,1,-1,-1,360,,,"<color=#33ff99>(Hạn sử dụng 15 ngày, tính từ khi bắt đầu mua)#r<color=#FFFFFF>Cổ lai đan hà thùy vân dũng,#rHoàng hà cẩm lý phi thiên tung."
10131046,Đan Hà Cẩm Tú,24,16,false,1,-1,1,10000,4,200,false,1,-1,-1,360,,,"<color=#33ff99>(Hạn sử dụng 15 ngày, tính từ khi bắt đầu mua)#r<color=#FFFFFF>Cổ lai đan hà thùy vân dũng,#rHoàng hà cẩm lý phi thiên tung."
10131047,Đan Hà Cẩm Tú,24,16,false,1,-1,1,10000,4,200,false,1,-1,-1,360,,,"<color=#33ff99>(Hạn sử dụng 15 ngày, tính từ khi bắt đầu mua)#r<color=#FFFFFF>Cổ lai đan hà thùy vân dũng,#rHoàng hà cẩm lý phi thiên tung."
10131048,Đan Hà Cẩm Tú,24,16,false,1,-1,1,10000,4,200,false,1,-1,-1,720,,,"<color=#33ff99>(Hạn sử dụng 30 ngày, tính từ khi bắt đầu mua)#r<color=#FFFFFF>Cổ lai đan hà thùy vân dũng,#rGiang hà cẩm lý phi thiên tung."
10131049,Đan Hà Cẩm Tú,24,16,false,1,-1,1,10000,4,200,false,1,-1,-1,720,,,"<color=#33ff99>(Hạn sử dụng 30 ngày, tính từ khi bắt đầu mua)#r<color=#FFFFFF>Cổ lai đan hà thùy vân dũng,#rGiang hà cẩm lý phi thiên tung."
10131050,Đan Hà Cẩm Tú,24,16,false,1,-1,1,10000,4,200,false,1,-1,-1,2160,,,"<color=#33ff99>(Hạn sử dụng 90 ngày, tính từ khi bắt đầu mua)#r<color=#FFFFFF>Cổ lai đan hà thùy vân dũng,#rGiang hà cẩm lý phi thiên tung."
10131051,Đan Hà Cẩm Tú,24,16,false,1,-1,1,10000,4,200,false,1,-1,-1,2160,,,"<color=#33ff99>(Hạn sử dụng 90 ngày, tính từ khi bắt đầu mua)#r<color=#FFFFFF>Cổ lai đan hà thùy vân dũng,#rGiang hà cẩm lý phi thiên tung."
10131052,Đan Hà Cẩm Tú,24,16,false,1,-1,1,10000,4,200,false,1,-1,-1,4320,,,"<color=#33ff99>(Hạn sử dụng 180 ngày, tính từ khi bắt đầu mua)#r<color=#FFFFFF>Cổ lai đan hà thùy vân dũng,#rGiang hà cẩm lý phi thiên tung."
10131053,Đan Hà Cẩm Tú,24,16,false,1,-1,1,10000,4,200,false,1,-1,-1,4320,,,"<color=#33ff99>(Hạn sử dụng 180 ngày, tính từ khi bắt đầu mua)#r<color=#FFFFFF>Cổ lai đan hà thùy vân dũng,#rGiang hà cẩm lý phi thiên tung."
10131054,Đan Hà Cẩm Tú,24,16,false,1,-1,1,10000,4,200,false,1,-1,-1,-1,,,"Cổ lai đan hà thùy vân dũng,#rSơn hà cẩm lý phi thiên tung.<color=#00FF00>#rThời trang này có thể thông qua Y Thiên Thái tại Lạc Dương tiến hành nhuộm màu."
10131055,Đan Hà Cẩm Tú,24,16,false,1,-1,1,10000,4,200,false,1,-1,-1,-1,,,"Cổ lai đan hà thùy vân dũng,#rSơn hà cẩm lý phi thiên tung.<color=#00FF00>#rThời trang này có thể thông qua Y Thiên Thái tại Lạc Dương tiến hành nhuộm màu."
10131056,Cẩm Tú Du Tiên,24,16,false,1,-1,1,10000,4,200,false,1,-1,-1,24,,,"<color=#33ff99>(Hạn sử dụng 1 ngày, tính từ khi bắt đầu mua)#r<color=#FFFFFF>Cửu tiêu vân mộng mộng quy nhân,#rCôn lôn diệu họa họa trung tiên."
10131057,Cẩm Tú Du Tiên,24,16,false,1,-1,1,10000,4,200,false,1,-1,-1,24,,,"<color=#33ff99>(Hạn sử dụng 1 ngày, tính từ khi bắt đầu mua)#r<color=#FFFFFF>Cửu tiêu vân mộng mộng quy nhân,#rCôn lôn diệu họa họa trung tiên."
10131058,Cẩm Tú Du Tiên,24,16,false,1,-1,1,10000,4,200,false,1,-1,-1,72,,,"<color=#33ff99>(Hạn sử dụng 3 ngày, tính từ khi bắt đầu mua)#r<color=#FFFFFF>Cửu tiêu vân mộng mộng quy nhân,#rCôn lôn diệu họa họa trung tiên."
10131059,Cẩm Tú Du Tiên,24,16,false,1,-1,1,10000,4,200,false,1,-1,-1,72,,,"<color=#33ff99>(Hạn sử dụng 3 ngày, tính từ khi bắt đầu mua)#r<color=#FFFFFF>Cửu tiêu vân mộng mộng quy nhân,#rCôn lôn diệu họa họa trung tiên."
10131060,Cẩm Tú Du Tiên,24,16,false,1,-1,1,10000,4,200,false,1,-1,-1,72,,,"<color=#33ff99>(Hạn sử dụng 3 ngày, tính từ khi bắt đầu mua)#r<color=#FFFFFF>Cửu tiêu vân mộng mộng quy nhân#rCôn lôn diệu họa họa trung tiên."
10131061,Cẩm Tú Du Tiên,24,16,false,1,-1,1,10000,4,200,false,1,-1,-1,72,,,"<color=#33ff99>(Hạn sử dụng 3 ngày, tính từ khi bắt đầu mua)#r<color=#FFFFFF>Cửu tiêu vân mộng mộng quy nhân,#rCôn lôn diệu họa họa trung tiên."
10131062,Cẩm Tú Du Tiên,24,16,false,1,-1,1,10000,4,200,false,1,-1,-1,72,,,"<color=#33ff99>(Hạn sử dụng 3 ngày, tính từ khi bắt đầu mua)#r<color=#FFFFFF>Cửu tiêu vân mộng mộng quy nhân,#rCôn lôn diệu họa họa trung tiên."
10131063,Cẩm Tú Du Tiên,24,16,false,1,-1,1,10000,4,200,false,1,-1,-1,72,,,"<color=#33ff99>(Hạn sử dụng 3 ngày, tính từ khi bắt đầu mua)#r<color=#FFFFFF>Cửu tiêu vân mộng mộng quy nhân#rCôn lôn diệu họa họa trung tiên."
10131064,Cẩm Tú Du Tiên,24,16,false,1,-1,1,10000,4,200,false,1,-1,-1,168,,,"<color=#33ff99>(Hạn sử dụng 7 ngày, tính từ khi bắt đầu mua)#r<color=#FFFFFF>Cửu tiêu vân mộng mộng quy nhân,#rCôn lôn diệu họa họa trung tiên."
10131065,Cẩm Tú Du Tiên,24,16,false,1,-1,1,10000,4,200,false,1,-1,-1,168,,,"<color=#33ff99>(Hạn sử dụng 7 ngày, tính từ khi bắt đầu mua)#r<color=#FFFFFF>Cửu tiêu vân mộng mộng quy nhân,#rCôn lôn diệu họa họa trung tiên."
10131066,Cẩm Tú Du Tiên,24,16,false,1,-1,1,10000,4,200,false,1,-1,-1,360,,,"<color=#33ff99>(Hạn sử dụng 15 ngày, tính từ khi bắt đầu mua)#r<color=#FFFFFF>Cửu tiêu vân mộng mộng quy nhân,#rCôn lôn diệu họa họa trung tiên."
10131067,Cẩm Tú Du Tiên,24,16,false,1,-1,1,10000,4,200,false,1,-1,-1,360,,,"<color=#33ff99>(Hạn sử dụng 15 ngày, tính từ khi bắt đầu mua)#r<color=#FFFFFF>Cửu tiêu vân mộng mộng quy nhân,#rCôn Lôn diệu họa họa trung tiên."
10131068,Cẩm Tú Du Tiên,24,16,false,1,-1,1,10000,4,200,false,1,-1,-1,360,,,"<color=#33ff99>(Hạn sử dụng 15 ngày, tính từ khi bắt đầu mua)#r<color=#FFFFFF>Cửu tiêu vân mộng mộng quy nhân,#rCôn Lôn diệu họa họa trung tiên."
10131069,Cẩm Tú Du Tiên,24,16,false,1,-1,1,10000,4,200,false,1,-1,-1,360,,,"<color=#33ff99>(Hạn sử dụng 15 ngày, tính từ khi bắt đầu mua)#r<color=#FFFFFF>Cửu tiêu vân mộng mộng quy nhân,#rCôn Lôn diệu họa họa trung tiên."
10131070,Cẩm Tú Du Tiên,24,16,false,1,-1,1,10000,4,200,false,1,-1,-1,360,,,"<color=#33ff99>(Hạn sử dụng 15 ngày, tính từ khi bắt đầu mua)#r<color=#FFFFFF>Cửu tiêu vân mộng mộng quy nhân,#rCôn Lôn diệu họa họa trung tiên."
10131071,Cẩm Tú Du Tiên,24,16,false,1,-1,1,10000,4,200,false,1,-1,-1,360,,,"<color=#33ff99>(Hạn sử dụng 15 ngày, tính từ khi bắt đầu mua)#r<color=#FFFFFF>Cửu tiêu vân mộng mộng quy nhân,#rCôn lôn diệu họa họa trung tiên."
10131072,Cẩm Tú Du Tiên,24,16,false,1,-1,1,10000,4,200,false,1,-1,-1,360,,,"<color=#33ff99>(Hạn sử dụng 15 ngày, tính từ khi bắt đầu mua)#r<color=#FFFFFF>Cửu tiêu vân mộng mộng quy nhân,#rCôn lôn diệu họa họa trung tiên."
10131073,Cẩm Tú Du Tiên,24,16,false,1,-1,1,10000,4,200,false,1,-1,-1,360,,,"<color=#33ff99>(Hạn sử dụng 15 ngày, tính từ khi bắt đầu mua)#r<color=#FFFFFF>Cửu tiêu vân mộng mộng quy nhân,#rCôn lôn diệu họa họa trung tiên."
10131074,Cẩm Tú Du Tiên,24,16,false,1,-1,1,10000,4,200,false,1,-1,-1,360,,,"<color=#33ff99>(Hạn sử dụng 15 ngày, tính từ khi bắt đầu mua)#r<color=#FFFFFF>Cửu tiêu vân mộng mộng quy nhân,#rCôn Lôn diệu họa họa trung tiên."
10131075,Cẩm Tú Du Tiên,24,16,false,1,-1,1,10000,4,200,false,1,-1,-1,360,,,"<color=#33ff99>(Hạn sử dụng 15 ngày, tính từ khi bắt đầu mua)#r<color=#FFFFFF>Cửu tiêu vân mộng mộng quy nhân,#rCôn Lôn diệu họa họa trung tiên."
10131076,Cẩm Tú Du Tiên,24,16,false,1,-1,1,10000,4,200,false,1,-1,-1,360,,,"<color=#33ff99>(Hạn sử dụng 15 ngày, tính từ khi bắt đầu mua)#r<color=#FFFFFF>Cửu tiêu vân mộng mộng quy nhân,#rCôn Lôn diệu họa họa trung tiên."
10131077,Cẩm Tú Du Tiên,24,16,false,1,-1,1,10000,4,200,false,1,-1,-1,720,,,"<color=#33ff99>(Hạn sử dụng 30 ngày, tính từ khi bắt đầu mua)#r<color=#FFFFFF>Cửu tiêu vân mộng mộng quy nhân,#rCôn Lôn diệu họa họa trung tiên."
10131078,Cẩm Tú Du Tiên,24,16,false,1,-1,1,10000,4,200,false,1,-1,-1,720,,,"<color=#33ff99>(Hạn sử dụng 30 ngày, tính từ khi bắt đầu mua)#r<color=#FFFFFF>Cửu tiêu vân mộng mộng quy nhân,#rCôn lôn diệu họa họa trung tiên."
10131079,Cẩm Tú Du Tiên,24,16,false,1,-1,1,10000,4,200,false,1,-1,-1,720,,,"<color=#33ff99>(Hạn sử dụng 30 ngày, tính từ khi bắt đầu mua)#r<color=#FFFFFF>Cửu tiêu vân mộng mộng quy nhân,#rCôn lôn diệu họa họa trung tiên."
10131080,Cẩm Tú Du Tiên,24,16,false,1,-1,1,10000,4,200,false,1,-1,-1,720,,,"<color=#33ff99>(Hạn sử dụng 30 ngày, tính từ khi bắt đầu mua)#r<color=#FFFFFF>Cửu tiêu vân mộng mộng quy nhân,#rCôn lôn diệu họa họa trung tiên."
10131081,Cẩm Tú Du Tiên,24,16,false,1,-1,1,10000,4,200,false,1,-1,-1,720,,,"<color=#33ff99>(Hạn sử dụng 30 ngày, tính từ khi bắt đầu mua)#r<color=#FFFFFF>Cửu tiêu vân mộng mộng quy nhân,#rCôn lôn diệu họa họa trung tiên."
10131082,Cẩm Tú Du Tiên,24,16,false,1,-1,1,10000,4,200,false,1,-1,-1,2160,,,"<color=#33ff99>(Hạn sử dụng 90 ngày, tính từ khi bắt đầu mua)#r<color=#FFFFFF>Cửu tiêu vân mộng mộng quy nhân,#rCôn lôn diệu họa họa trung tiên."
10131083,Cẩm Tú Du Tiên,24,16,false,1,-1,1,10000,4,200,false,1,-1,-1,2160,,,"<color=#33ff99>(Hạn sử dụng 90 ngày, tính từ khi bắt đầu mua)#r<color=#FFFFFF>Cửu tiêu vân mộng mộng quy nhân,#rCôn lôn diệu họa họa trung tiên."
10131084,Cẩm Tú Du Tiên,24,16,false,1,-1,1,10000,4,200,false,1,-1,-1,2160,,,"<color=#33ff99>(Hạn sử dụng 90 ngày, tính từ khi bắt đầu mua)#r<color=#FFFFFF>Cửu tiêu vân mộng mộng quy nhân,#rCôn Lôn diệu họa họa trung tiên."
10131085,Cẩm Tú Du Tiên,24,16,false,1,-1,1,10000,4,200,false,1,-1,-1,4320,,,"<color=#33ff99>(Hạn sử dụng 180 ngày, tính từ khi bắt đầu mua)#r<color=#FFFFFF>Cửu tiêu vân mộng mộng quy nhân,#rCôn lôn diệu họa họa trung tiên."
10131086,Cẩm Tú Du Tiên,24,16,false,1,-1,1,10000,4,200,false,1,-1,-1,4320,,,"<color=#33ff99>(Hạn sử dụng 180 ngày, tính từ khi bắt đầu mua)#r<color=#FFFFFF>Cửu tiêu vân mộng mộng quy nhân,#rCôn lôn diệu họa họa trung tiên."
10131087,Cẩm Tú Du Tiên,24,16,false,1,-1,1,10000,4,200,false,1,-1,-1,-1,,,"Cửu tiêu vân mộng mộng quy nhân,#rCôn Lôn diệu họa họa trung tiên.<color=#00FF00> "
10131088,Cẩm Tú Du Tiên,24,16,false,1,-1,1,10000,4,200,false,1,-1,-1,-1,,,"Cửu tiêu vân mộng mộng quy nhân,#rCôn Lôn diệu họa họa trung tiên.<color=#00FF00> "
10131089,Cẩm Tú Du Tiên,24,16,false,1,-1,1,10000,4,200,false,1,-1,-1,-1,,,"Cửu tiêu vân mộng mộng quy nhân,#rCôn lôn diệu họa họa trung tiên."
10131090,Cẩm Tú Du Tiên,24,16,false,1,-1,1,10000,4,200,false,1,-1,-1,-1,,,"Cửu tiêu vân mộng mộng quy nhân,#rCôn lôn diệu họa họa trung tiên."
10131091,Cẩm Tú Du Tiên,24,16,false,1,-1,1,10000,4,200,false,1,-1,-1,-1,,,Cửu tiêu vân mộng mộng quy nhân#rCôn lôn diệu họa họa trung tiên.
10131092,Cẩm Tú Du Tiên,24,16,false,1,-1,1,10000,4,200,false,1,-1,-1,-1,,,Cửu tiêu vân mộng mộng quy nhân#rCôn lôn diệu họa họa trung tiên.<color=#00FF00>#rThời trang này có thể thông qua Y Thiên Thái tại Lạc Dương tiến hành nhuộm màu.
10131093,Đồ Tắm Mê Hoặc,24,16,false,1,-1,1,10000,4,200,false,1,-1,-1,-1,,,"Đồ tắm,#rĐồ tắm hấp dẫn."
10131094,Ngân Phi Nhiễm Nguyệt,24,16,false,1,-1,1,10000,4,200,false,1,-1,-1,24,,,"<color=#33ff99>(Hạn sử dụng 1 ngày, tính từ khi bắt đầu mua)#r<color=#FFFFFF>Thương khung ngân phi ngưng triều lộ,#rNguyệt nhiễm tinh hà chức mộng lương."
10131095,Ngân Phi Nhiễm Nguyệt,24,16,false,1,-1,1,10000,4,200,false,1,-1,-1,24,,,"<color=#33ff99>(Hạn sử dụng 1 ngày, tính từ khi bắt đầu mua)#r<color=#FFFFFF>Thương khung ngân phi ngưng triều lộ,#rNguyệt nhiễm tinh hà chức mộng lương."
10131096,Ngân Phi Nhiễm Nguyệt,24,16,false,1,-1,1,10000,4,200,false,1,-1,-1,72,,,"<color=#33ff99>(Hạn sử dụng 3 ngày, tính từ khi bắt đầu mua)#r<color=#FFFFFF>Thương khung ngân phi ngưng triều lộ,#rNguyệt nhiễm tinh hà chức mộng lương."
10131097,Ngân Phi Nhiễm Nguyệt,24,16,false,1,-1,1,10000,4,200,false,1,-1,-1,72,,,"<color=#33ff99>(Hạn sử dụng 3 ngày, tính từ khi bắt đầu mua)#r<color=#FFFFFF>Thương khung ngân phi ngưng triều lộ,#rNguyệt nhiễm tinh hà chức mộng lương."
10131098,Ngân Phi Nhiễm Nguyệt,24,16,false,1,-1,1,10000,4,200,false,1,-1,-1,72,,,"<color=#33ff99>(Hạn sử dụng 3 ngày, tính từ khi bắt đầu mua)#r<color=#FFFFFF>Thương khung ngân phi ngưng triều lộ,#rNguyệt nhiễm tinh hà chức mộng lương."
10131099,Ngân Phi Nhiễm Nguyệt,24,16,false,1,-1,1,10000,4,200,false,1,-1,-1,168,,,"<color=#33ff99>(Hạn sử dụng 7 ngày, tính từ khi bắt đầu mua)#r<color=#FFFFFF>Thương khung ngân phi ngưng triều lộ,#rNguyệt nhiễm tinh hà chức mộng lương."
10131100,Ngân Phi Nhiễm Nguyệt,24,16,false,1,-1,1,10000,4,200,false,1,-1,-1,168,,,"<color=#33ff99>(Hạn sử dụng 7 ngày, tính từ khi bắt đầu mua)#r<color=#FFFFFF>Thương khung ngân phi ngưng triều lộ,#rNguyệt nhiễm tinh hà chức mộng lương."
10131101,Ngân Phi Nhiễm Nguyệt,24,16,false,1,-1,1,10000,4,200,false,1,-1,-1,168,,,"<color=#33ff99>(Hạn sử dụng 7 ngày, tính từ khi bắt đầu mua)#r<color=#FFFFFF>Thương khung ngân phi ngưng triều lộ,#rNguyệt nhiễm tinh hà chức mộng lương."
10131102,Ngân Phi Nhiễm Nguyệt,24,16,false,1,-1,1,10000,4,200,false,1,-1,-1,360,,,"<color=#33ff99>(Hạn sử dụng 15 ngày, tính từ khi bắt đầu mua)#r<color=#FFFFFF>Thương khung ngân phi ngưng triều lộ,#rNguyệt nhiễm tinh hà chức mộng lương."
10131103,Ngân Phi Nhiễm Nguyệt,24,16,false,1,-1,1,10000,4,200,false,1,-1,-1,360,,,"<color=#33ff99>(Hạn sử dụng 15 ngày, tính từ khi bắt đầu mua)#r<color=#FFFFFF>Thương khung ngân phi ngưng triều lộ,#rNguyệt nhiễm tinh hà chức mộng lương."
10131104,Ngân Phi Nhiễm Nguyệt,24,16,false,1,-1,1,10000,4,200,false,1,-1,-1,360,,,"<color=#33ff99>(Hạn sử dụng 15 ngày, tính từ khi bắt đầu mua)#r<color=#FFFFFF>Thương khung ngân phi ngưng triều lộ,#rNguyệt nhiễm tinh hà chức mộng lương."
10131105,Ngân Phi Nhiễm Nguyệt,24,16,false,1,-1,1,10000,4,200,false,1,-1,-1,720,,,"<color=#33ff99>(Hạn sử dụng 30 ngày, tính từ khi bắt đầu mua)#r<color=#FFFFFF>Thương khung ngân phi ngưng triều lộ,#rNguyệt nhiễm tinh hà chức mộng lương."
10131106,Ngân Phi Nhiễm Nguyệt,24,16,false,1,-1,1,10000,4,200,false,1,-1,-1,720,,,"<color=#33ff99>(Hạn sử dụng 30 ngày, tính từ khi bắt đầu mua)#r<color=#FFFFFF>Thương khung ngân phi ngưng triều lộ,#rNguyệt nhiễm tinh hà chức mộng lương."
10131107,Ngân Phi Nhiễm Nguyệt,24,16,false,1,-1,1,10000,4,200,false,1,-1,-1,720,,,"<color=#33ff99>(Hạn sử dụng 30 ngày, tính từ khi bắt đầu mua)#r<color=#FFFFFF>Thương khung ngân phi ngưng triều lộ,#rNguyệt nhiễm tinh hà chức mộng lương."
10131108,Ngân Phi Nhiễm Nguyệt,24,16,false,1,-1,1,10000,4,200,false,1,-1,-1,720,,,"<color=#33ff99>(Hạn sử dụng 30 ngày, tính từ khi bắt đầu mua)#r<color=#FFFFFF>Thương khung ngân phi ngưng triều lộ,#rNguyệt nhiễm tinh hà chức mộng lương."
10131109,Ngân Phi Nhiễm Nguyệt,24,16,false,1,-1,1,10000,4,200,false,1,-1,-1,2160,,,"<color=#33ff99>(Hạn sử dụng 90 ngày, tính từ khi bắt đầu mua)#r<color=#FFFFFF>Thương khung ngân phi ngưng triều lộ,#rNguyệt nhiễm tinh hà chức mộng lương."
10131110,Ngân Phi Nhiễm Nguyệt,24,16,false,1,-1,1,10000,4,200,false,1,-1,-1,2160,,,"<color=#33ff99>(Hạn sử dụng 90 ngày, tính từ khi bắt đầu mua)#r<color=#FFFFFF>Thương khung ngân phi ngưng triều lộ,#rNguyệt nhiễm tinh hà chức mộng lương."
10131111,Ngân Phi Nhiễm Nguyệt,24,16,false,1,-1,1,10000,4,200,false,1,-1,-1,4320,,,"<color=#33ff99>(Hạn sử dụng 180 ngày, tính từ khi bắt đầu mua)#r<color=#FFFFFF>Thương khung ngân phi ngưng triều lộ,#rNguyệt nhiễm tinh hà chức mộng lương."
10131112,Ngân Phi Nhiễm Nguyệt,24,16,false,1,-1,1,10000,4,200,false,1,-1,-1,4320,,,"<color=#33ff99>(Hạn sử dụng 180 ngày, tính từ khi bắt đầu mua)#r<color=#FFFFFF>Thương khung ngân phi ngưng triều lộ,#rNguyệt nhiễm tinh hà chức mộng lương."
10131113,Ngân Phi Nhiễm Nguyệt,24,16,false,1,-1,1,10000,4,200,false,1,-1,-1,-1,,,"Thương khung ngân phi ngưng triều lộ,#rNguyệt nhiễm tinh hà chức mộng kinh.<color=#00FF00>"
10131114,Ngân Phi Nhiễm Nguyệt,24,16,false,1,-1,1,10000,4,200,false,1,-1,-1,-1,,,"Thương khung ngân phi ngưng triều lộ,#rNguyệt nhiễm tinh hà chức mộng kinh.<color=#00FF00><color=#00FF00>#rThời trang này có thể thông qua Y Thiên Thái tại Lạc Dương tiến hành nhuộm màu."
10131115,Ngân Phi Nhiễm Nguyệt,24,16,false,1,-1,1,10000,4,200,false,1,-1,-1,-1,,,"Thương khung ngân phi ngưng triều lộ,#rNguyệt nhiễm tinh hà chức mộng lương."
10131116,Cẩm Y Túy Họa,24,16,false,1,-1,1,10000,4,200,false,1,-1,-1,-1,,,"Vi vũ xuân sơn giai thị bích,#rBạch nhẫn nghịch lân toái đàn tâm."
10131117,Cẩm Y Túy Họa,24,16,false,1,-1,1,10000,4,200,false,1,-1,-1,-1,,,"Vi vũ xuân sơn giai thị bích,#rBạch nhẫn nghịch lân toái đàn tâm."
10131118,Du Cang Ngọc Sắc,24,16,false,1,-1,1,10000,4,200,false,1,-1,-1,24,,,"<color=#33ff99>(Hạn sử dụng 1 ngày, tính từ khi bắt đầu mua)#r<color=#FFFFFF>Sơn miểu du lam động đình dạ,#rNguyệt túc lưu sương đại xuân hàn."
10131119,Du Cang Ngọc Sắc,24,16,false,1,-1,1,10000,4,200,false,1,-1,-1,24,,,"<color=#33ff99>(Hạn sử dụng 1 ngày, tính từ khi bắt đầu mua)#r<color=#FFFFFF>Sơn miểu du lam động đình dạ,#rNguyệt túc lưu sương đại xuân hàn."
10131120,Du Cang Ngọc Sắc,24,16,false,1,-1,1,10000,4,200,false,1,-1,-1,72,,,"<color=#33ff99>(Hạn sử dụng 3 ngày, tính từ khi bắt đầu mua)#r<color=#FFFFFF>Sơn miểu du lam động đình dạ,#rNguyệt túc lưu sương đại xuân hàn."
10131121,Du Cang Ngọc Sắc,24,16,false,1,-1,1,10000,4,200,false,1,-1,-1,72,,,"<color=#33ff99>(Hạn sử dụng 3 ngày, tính từ khi bắt đầu mua)#r<color=#FFFFFF>Sơn miểu du lam động đình dạ,#rNguyệt túc lưu sương đại xuân hàn."
10131122,Du Cang Ngọc Sắc,24,16,false,1,-1,1,10000,4,200,false,1,-1,-1,168,,,"<color=#33ff99>(Hạn sử dụng 7 ngày, tính từ khi bắt đầu mua)#r<color=#FFFFFF>Sơn miểu du lam động đình dạ,#rNguyệt túc lưu sương đại xuân hàn."
10131123,Du Cang Ngọc Sắc,24,16,false,1,-1,1,10000,4,200,false,1,-1,-1,168,,,"<color=#33ff99>(Hạn sử dụng 7 ngày, tính từ khi bắt đầu mua)#r<color=#FFFFFF>Sơn miểu du lam động đình dạ,#rNguyệt túc lưu sương đại xuân hàn."
10131124,Du Cang Ngọc Sắc,24,16,false,1,-1,1,10000,4,200,false,1,-1,-1,168,,,"<color=#33ff99>(Hạn sử dụng 7 ngày, tính từ khi bắt đầu mua)#r<color=#FFFFFF>Sơn miểu du lam động đình dạ,#rNguyệt túc lưu sương đại xuân hàn."
10131125,Du Cang Ngọc Sắc,24,16,false,1,-1,1,10000,4,200,false,1,-1,-1,360,,,"<color=#33ff99>(Hạn sử dụng 15 ngày, tính từ khi bắt đầu mua)#r<color=#FFFFFF>Sơn miểu du lam động đình dạ,#rNguyệt túc lưu sương đại xuân hàn."
10131126,Du Cang Ngọc Sắc,24,16,false,1,-1,1,10000,4,200,false,1,-1,-1,360,,,"<color=#33ff99>(Hạn sử dụng 15 ngày, tính từ khi bắt đầu mua)#r<color=#FFFFFF>Sơn miểu du lam động đình dạ,#rNguyệt túc lưu sương đại xuân hàn."
10131127,Du Cang Ngọc Sắc,24,16,false,1,-1,1,10000,4,200,false,1,-1,-1,360,,,"<color=#33ff99>(Hạn sử dụng 15 ngày, tính từ khi bắt đầu mua)#r<color=#FFFFFF>Sơn miểu du lam động đình dạ,#rNguyệt túc lưu sương đại xuân hàn."
10131128,Du Cang Ngọc Sắc,24,16,false,1,-1,1,10000,4,200,false,1,-1,-1,720,,,"<color=#33ff99>(Hạn sử dụng 30 ngày, tính từ khi bắt đầu mua)#r<color=#FFFFFF>Sơn miểu du lam động đình dạ,#rNguyệt túc lưu sương đại xuân hàn."
10131129,Du Cang Ngọc Sắc,24,16,false,1,-1,1,10000,4,200,false,1,-1,-1,720,,,"<color=#33ff99>(Hạn sử dụng 30 ngày, tính từ khi bắt đầu mua)#r<color=#FFFFFF>Sơn miểu du lam động đình dạ,#rNguyệt túc lưu sương đại xuân hàn."
10131130,Du Cang Ngọc Sắc,24,16,false,1,-1,1,10000,4,200,false,1,-1,-1,2160,,,"<color=#33ff99>(Hạn sử dụng 90 ngày, tính từ khi bắt đầu mua)#r<color=#FFFFFF>Sơn miểu du lam động đình dạ,#rNguyệt túc lưu sương đại xuân hàn."
10131131,Du Cang Ngọc Sắc,24,16,false,1,-1,1,10000,4,200,false,1,-1,-1,2160,,,"<color=#33ff99>(Hạn sử dụng 90 ngày, tính từ khi bắt đầu mua)#r<color=#FFFFFF>Sơn miểu du lam động đình dạ,#rNguyệt túc lưu sương đại xuân hàn."
10131132,Du Cang Ngọc Sắc,24,16,false,1,-1,1,10000,4,200,false,1,-1,-1,4320,,,"<color=#33ff99>(Hạn sử dụng 180 ngày, tính từ khi bắt đầu mua)#r<color=#FFFFFF>Sơn miểu du lam động đình dạ,#rNguyệt túc lưu sương đại xuân hàn."
10131133,Du Cang Ngọc Sắc,24,16,false,1,-1,1,10000,4,200,false,1,-1,-1,4320,,,"<color=#33ff99>(Hạn sử dụng 180 ngày, tính từ khi bắt đầu mua)#r<color=#FFFFFF>Sơn miểu du lam động đình dạ,#rNguyệt túc lưu sương đại xuân hàn."
10131134,Du Cang Ngọc Sắc,24,16,false,1,-1,1,10000,4,200,false,1,-1,-1,-1,,,"Sơn miểu du lam động đình dạ,#rnguyệt túc lưu sương đại xuân hàn.<color=#00FF00>#rThời trang này có thể thông qua Y Thiên Thái tại Lạc Dương tiến hành nhuộm màu."
10131135,Du Cang Ngọc Sắc,24,16,false,1,-1,1,10000,4,200,false,1,-1,-1,-1,,,"Sơn miểu du lam động đình dạ,#rnguyệt túc lưu sương đại xuân hàn.<color=#00FF00>#rThời trang này có thể thông qua Y Thiên Thái tại Lạc Dương tiến hành nhuộm màu."
10131136,Tuyết Chiếu Kim Thành,24,16,false,1,-1,1,10000,4,200,false,1,-1,-1,24,,,"<color=#33ff99>(Hạn sử dụng 1 ngày, tính từ khi bắt đầu mua)#r<color=#FFFFFF>Tuyết chiếu kim thành ngọc chỉ hàn,#rLạc dẫn sáo quản vũ lâu gian."
10131137,Tuyết Chiếu Kim Thành,24,16,false,1,-1,1,10000,4,200,false,1,-1,-1,24,,,"<color=#33ff99>(Hạn sử dụng 1 ngày, tính từ khi bắt đầu mua)#r<color=#FFFFFF>Tuyết chiếu kim thành ngọc chỉ hàn,#rLạc dẫn sáo quản vũ lâu gian."
10131138,Tuyết Chiếu Kim Thành,24,16,false,1,-1,1,10000,4,200,false,1,-1,-1,72,,,"<color=#33ff99>(Hạn sử dụng 3 ngày, tính từ khi bắt đầu mua)#r<color=#FFFFFF>Tuyết chiếu kim thành ngọc chỉ hàn,#rLạc dẫn sáo quản vũ lâu gian."
10131139,Tuyết Chiếu Kim Thành,24,16,false,1,-1,1,10000,4,200,false,1,-1,-1,72,,,"<color=#33ff99>(Hạn sử dụng 3 ngày, tính từ khi bắt đầu mua)#r<color=#FFFFFF>Tuyết chiếu kim thành ngọc chỉ hàn,#rLạc dẫn sáo quản vũ lâu gian."
10131140,Tuyết Chiếu Kim Thành,24,16,false,1,-1,1,10000,4,200,false,1,-1,-1,168,,,"<color=#33ff99>(Hạn sử dụng 7 ngày, tính từ khi bắt đầu mua)#r<color=#FFFFFF>Tuyết chiếu kim thành ngọc chỉ hàn,#rLạc dẫn sáo quản vũ lâu gian."
10131141,Tuyết Chiếu Kim Thành,24,16,false,1,-1,1,10000,4,200,false,1,-1,-1,168,,,"<color=#33ff99>(Hạn sử dụng 7 ngày, tính từ khi bắt đầu mua)#r<color=#FFFFFF>Tuyết chiếu kim thành ngọc chỉ hàn,#rLạc dẫn sáo quản vũ lâu gian."
10131142,Tuyết Chiếu Kim Thành,24,16,false,1,-1,1,10000,4,200,false,1,-1,-1,360,,,"<color=#33ff99>(Hạn sử dụng 15 ngày, tính từ khi bắt đầu mua)#r<color=#FFFFFF>Tuyết chiếu kim thành ngọc chỉ hàn,#rLạc dẫn sáo quản vũ lâu gian."
10131143,Tuyết Chiếu Kim Thành,24,16,false,1,-1,1,10000,4,200,false,1,-1,-1,360,,,"<color=#33ff99>(Hạn sử dụng 15 ngày, tính từ khi bắt đầu mua)#r<color=#FFFFFF>Tuyết chiếu kim thành ngọc chỉ hàn,#rLạc dẫn sáo quản vũ lâu gian."
10131144,Tuyết Chiếu Kim Thành,24,16,false,1,-1,1,10000,4,200,false,1,-1,-1,720,,,"<color=#33ff99>(Hạn sử dụng 30 ngày, tính từ khi bắt đầu mua)#r<color=#FFFFFF>Tuyết chiếu kim thành ngọc chỉ hàn,#rLạc dẫn sáo quản vũ lâu gian."
10131145,Tuyết Chiếu Kim Thành,24,16,false,1,-1,1,10000,4,200,false,1,-1,-1,720,,,"<color=#33ff99>(Hạn sử dụng 30 ngày, tính từ khi bắt đầu mua)#r<color=#FFFFFF>Tuyết chiếu kim thành ngọc chỉ hàn,#rLạc dẫn sáo quản vũ lâu gian."
10131146,Tuyết Chiếu Kim Thành,24,16,false,1,-1,1,10000,4,200,false,1,-1,-1,2160,,,"<color=#33ff99>(Hạn sử dụng 90 ngày, tính từ khi bắt đầu mua)#r<color=#FFFFFF>Tuyết chiếu kim thành ngọc chỉ hàn,#rLạc dẫn sáo quản vũ lâu gian."
10131147,Tuyết Chiếu Kim Thành,24,16,false,1,-1,1,10000,4,200,false,1,-1,-1,2160,,,"<color=#33ff99>(Hạn sử dụng 90 ngày, tính từ khi bắt đầu mua)#r<color=#FFFFFF>Tuyết chiếu kim thành ngọc chỉ hàn,#rLạc dẫn sáo quản vũ lâu gian."
10131148,Tuyết Chiếu Kim Thành,24,16,false,1,-1,1,10000,4,200,false,1,-1,-1,4320,,,"<color=#33ff99>(Hạn sử dụng 180 ngày, tính từ khi bắt đầu mua)#r<color=#FFFFFF>Tuyết chiếu kim thành ngọc chỉ hàn,#rLạc dẫn sáo quản vũ lâu gian."
10131149,Tuyết Chiếu Kim Thành,24,16,false,1,-1,1,10000,4,200,false,1,-1,-1,4320,,,"<color=#33ff99>(Hạn sử dụng 180 ngày, tính từ khi bắt đầu mua)#r<color=#FFFFFF>Tuyết chiếu kim thành ngọc chỉ hàn,#rLạc dẫn sáo quản vũ lâu gian."
10131150,Tuyết Chiếu Kim Thành,24,16,false,1,-1,1,10000,4,200,false,1,-1,-1,-1,,,"Tuyết chiếu kim thành ngọc chỉ hàn,#rLạc dẫn sáo quản vũ lâu gian.<color=#00FF00>"
10131151,Tuyết Chiếu Kim Thành,24,16,false,1,-1,1,10000,4,200,false,1,-1,-1,-1,,,"Tuyết chiếu kim thành ngọc chỉ hàn,#rLạc dẫn sáo quản vũ lâu gian.<color=#00FF00><color=#00FF00>#rThời trang này có thể thông qua Y Thiên Thái tại Lạc Dương tiến hành nhuộm màu."
10131152,Bích Cảnh Lưu Ly,24,16,false,1,-1,1,10000,4,200,false,1,-1,-1,24,,,"<color=#33ff99>(Hạn sử dụng 1 ngày, tính từ khi bắt đầu mua)#r<color=#FFFFFF>Thái triệt khinh cư sào thủy lam,#rKhoản khúc xuyên lân phách tâm tiên."
10131153,Bích Cảnh Lưu Ly,24,16,false,1,-1,1,10000,4,200,false,1,-1,-1,24,,,"<color=#33ff99>(Hạn sử dụng 1 ngày, tính từ khi bắt đầu mua)#r<color=#FFFFFF>Thái triệt khinh cư sào thủy lam,#rKhoản khúc xuyên lân phách tâm tiên."
10131154,Bích Cảnh Lưu Ly,24,16,false,1,-1,1,10000,4,200,false,1,-1,-1,72,,,"<color=#33ff99>(Hạn sử dụng 3 ngày, tính từ khi bắt đầu mua)#r<color=#FFFFFF>Thái triệt khinh cư sào thủy lam,#rKhoản khúc xuyên lân phách tâm tiên."
10131155,Bích Cảnh Lưu Ly,24,16,false,1,-1,1,10000,4,200,false,1,-1,-1,72,,,"<color=#33ff99>(Hạn sử dụng 3 ngày, tính từ khi bắt đầu mua)#r<color=#FFFFFF>Thái triệt khinh cư sào thủy lam,#rKhoản khúc xuyên lân phách tâm tiên."
10131156,Bích Cảnh Lưu Ly,24,16,false,1,-1,1,10000,4,200,false,1,-1,-1,72,,,"<color=#33ff99>(Hạn sử dụng 3 ngày, tính từ khi bắt đầu mua)#r<color=#FFFFFF>Thái triệt khinh cư sào thủy lam#rKhoản khúc xuyên lân phách tâm tiên."
10131157,Bích Cảnh Lưu Ly,24,16,false,1,-1,1,10000,4,200,false,1,-1,-1,72,,,"<color=#33ff99>(Hạn sử dụng 3 ngày, tính từ khi bắt đầu mua)#r<color=#FFFFFF>Thái triệt khinh cư sào thủy lam#rKhoản khúc xuyên lân phách tâm tiên."
10131158,Bích Cảnh Lưu Ly,24,16,false,1,-1,1,10000,4,200,false,1,-1,-1,72,,,"<color=#33ff99>(Hạn sử dụng 3 ngày, tính từ khi bắt đầu mua)#r<color=#FFFFFF>Thái triệt khinh cư sào thủy lam#rKhoản khúc xuyên lân phách tâm tiên."
10131159,Bích Cảnh Lưu Ly,24,16,false,1,-1,1,10000,4,200,false,1,-1,-1,168,,,"<color=#33ff99>(Hạn sử dụng 7 ngày, tính từ khi bắt đầu mua)#r<color=#FFFFFF>Thái triệt khinh cư sào thủy lam#rKhoản khúc xuyên lân phách tâm tiên."
10131160,Bích Cảnh Lưu Ly,24,16,false,1,-1,1,10000,4,200,false,1,-1,-1,168,,,"<color=#33ff99>(Hạn sử dụng 7 ngày, tính từ khi bắt đầu mua)#r<color=#FFFFFF>Thái triệt khinh cư sào thủy lam#rKhoản khúc xuyên lân phách tâm tiên."
10131161,Bích Cảnh Lưu Ly,24,16,false,1,-1,1,10000,4,200,false,1,-1,-1,168,,,"<color=#33ff99>(Hạn sử dụng 7 ngày, tính từ khi bắt đầu mua)#r<color=#FFFFFF>Thái triệt khinh cư sào thủy lam,#rKhoản khúc xuyên lân phách tâm tiên."
10131162,Bích Cảnh Lưu Ly,24,16,false,1,-1,1,10000,4,200,false,1,-1,-1,168,,,"<color=#33ff99>(Hạn sử dụng 7 ngày, tính từ khi bắt đầu mua)#r<color=#FFFFFF>Thái triệt khinh cư sào thủy lam#rKhoản khúc xuyên lân phách tâm tiên."
10131163,Bích Cảnh Lưu Ly,24,16,false,1,-1,1,10000,4,200,false,1,-1,-1,168,,,"<color=#33ff99>(Hạn sử dụng 7 ngày, tính từ khi bắt đầu mua)#r<color=#FFFFFF>Thái triệt khinh cư sào thủy lam#rKhoản khúc xuyên lân phách tâm tiên."
10131164,Bích Cảnh Lưu Ly,24,16,false,1,-1,1,10000,4,200,false,1,-1,-1,168,,,"<color=#33ff99>(Hạn sử dụng 7 ngày, tính từ khi bắt đầu mua)#r<color=#FFFFFF>Thái triệt khinh cư sào thủy lam,#rKhoản khúc xuyên lân phách tâm tiên."
10131165,Bích Cảnh Lưu Ly,24,16,false,1,-1,1,10000,4,200,false,1,-1,-1,360,,,"<color=#33ff99>(Hạn sử dụng 15 ngày, tính từ khi bắt đầu mua)#r<color=#FFFFFF>Thái triệt khinh cư sào thủy lam,#rKhoản khúc xuyên lân phách tâm tiên."
10131166,Bích Cảnh Lưu Ly,24,16,false,1,-1,1,10000,4,200,false,1,-1,-1,360,,,"<color=#33ff99>(Hạn sử dụng 15 ngày, tính từ khi bắt đầu mua)#r<color=#FFFFFF>Thái triệt khinh cư sào thủy lam,#rKhoản khúc xuyên lân phách tâm tiên."
10131167,Bích Cảnh Lưu Ly,24,16,false,1,-1,1,10000,4,200,false,1,-1,-1,360,,,"<color=#33ff99>(Hạn sử dụng 15 ngày, tính từ khi bắt đầu mua)#r<color=#FFFFFF>Thái triệt khinh cư sào thủy lam,#rKhoản khúc xuyên lân phách tâm tiên."
10131168,Bích Cảnh Lưu Ly,24,16,false,1,-1,1,10000,4,200,false,1,-1,-1,720,,,"<color=#33ff99>(Hạn sử dụng 30 ngày, tính từ khi bắt đầu mua)#r<color=#FFFFFF>Thái triệt khinh cư sào thủy lam,#rKhoản khúc xuyên lân phách tâm tiên."
10131169,Bích Cảnh Lưu Ly,24,16,false,1,-1,1,10000,4,200,false,1,-1,-1,720,,,"<color=#33ff99>(Hạn sử dụng 30 ngày, tính từ khi bắt đầu mua)#r<color=#FFFFFF>Thái triệt khinh cư sào thủy lam,#rKhoản khúc xuyên lân phách tâm tiên."
10131170,Bích Cảnh Lưu Ly,24,16,false,1,-1,1,10000,4,200,false,1,-1,-1,720,,,"<color=#33ff99>(Hạn sử dụng 30 ngày, tính từ khi bắt đầu mua)#r<color=#FFFFFF>Thái triệt khinh cư sào thủy lam#rKhoản khúc xuyên lân phách tâm tiên."
10131171,Bích Cảnh Lưu Ly,24,16,false,1,-1,1,10000,4,200,false,1,-1,-1,720,,,"<color=#33ff99>(Hạn sử dụng 30 ngày, tính từ khi bắt đầu mua)#r<color=#FFFFFF>Thái triệt khinh cư sào thủy lam#rKhoản khúc xuyên lân phách tâm tiên."
10131172,Bích Cảnh Lưu Ly,24,16,false,1,-1,1,10000,4,200,false,1,-1,-1,2160,,,"<color=#33ff99>(Hạn sử dụng 90 ngày, tính từ khi bắt đầu mua)#r<color=#FFFFFF>Thái triệt khinh cư sào thủy lam,#rKhoản khúc xuyên lân phách tâm tiên."
10131173,Bích Cảnh Lưu Ly,24,16,false,1,-1,1,10000,4,200,false,1,-1,-1,2160,,,"<color=#33ff99>(Hạn sử dụng 90 ngày, tính từ khi bắt đầu mua)#r<color=#FFFFFF>Thái triệt khinh cư sào thủy lam,#rKhoản khúc xuyên lân phách tâm tiên."
10131174,Bích Cảnh Lưu Ly,24,16,false,1,-1,1,10000,4,200,false,1,-1,-1,4320,,,"<color=#33ff99>(Hạn sử dụng 180 ngày, tính từ khi bắt đầu mua)#r<color=#FFFFFF>Thái triệt khinh cư sào thủy lam,#rKhoản khúc xuyên lân phách tâm tiên."
10131175,Bích Cảnh Lưu Ly,24,16,false,1,-1,1,10000,4,200,false,1,-1,-1,4320,,,"<color=#33ff99>(Hạn sử dụng 180 ngày, tính từ khi bắt đầu mua)#r<color=#FFFFFF>Thái triệt khinh cư sào thủy lam,#rKhoản khúc xuyên lân phách tâm tiên."
10131176,Bích Cảnh Lưu Ly,24,16,false,1,-1,1,10000,4,200,false,1,-1,-1,-1,,,"Thái triệt khinh cư sào thủy lam,#rKhoản khúc xuyên lân phách tâm tiên.<color=#00FF00>#rThời trang này có thể thông qua Y Thiên Thái tại Lạc Dương tiến hành nhuộm màu."
10131177,Bích Cảnh Lưu Ly,24,16,false,1,-1,1,10000,4,200,false,1,-1,-1,-1,,,"Thái triệt khinh cư sào thủy lam,#rKhoản khúc xuyên lân phách tâm tiên.<color=#00FF00>#rThời trang này có thể thông qua Y Thiên Thái tại Lạc Dương tiến hành nhuộm màu."
10131178,Bích Cảnh Lưu Ly,24,16,false,1,-1,1,10000,4,200,false,1,-1,-1,-1,,,Thái triệt khinh cư sào thủy lam#rKhoản khúc xuyên lân phách tâm tiên.
10131179,Phượng Linh Phi Giáp,24,16,false,1,-1,1,10000,4,200,false,1,-1,-1,4320,,,"<color=#33ff99>(Hạn sử dụng 180 ngày, tính từ khi bắt đầu mua)#r<color=#FFFFFF>Thiên giáo xích phụng tranh vanh tại,#rPhong vân nhập thế tả bồng lai."
10131180,Phượng Linh Phi Giáp,24,16,false,1,-1,1,10000,4,200,false,1,-1,-1,-1,,,"Thiên giáo xích phụng tranh vanh tại,#rPhong vân nhập thế tả bồng lai."
10131181,Phượng Linh Phi Giáp,24,16,false,1,-1,1,10000,4,200,false,1,-1,-1,2160,,,"<color=#33ff99>(Hạn sử dụng 90 ngày, tính từ khi bắt đầu mua)#r<color=#FFFFFF>Thiên giáo xích phụng tranh vanh tại,#rPhong vân nhập thế tả bồng lai."
10131182,Ngọc Miên Hàn Xuyên,24,16,false,1,-1,1,10000,4,200,false,1,-1,-1,24,,,"<color=#33ff99>(Hạn sử dụng 1 ngày, tính từ khi bắt đầu mua)#r<color=#FFFFFF>Nguyệt tẩy duyên hoa miên ngọc thố,#rLộ bạc hàn yên túc bích xuyên."
10131183,Ngọc Miên Hàn Xuyên,24,16,false,1,-1,1,10000,4,200,false,1,-1,-1,24,,,"<color=#33ff99>(Hạn sử dụng 1 ngày, tính từ khi bắt đầu mua)#r<color=#FFFFFF>Nguyệt tẩy duyên hoa miên ngọc thố,#rLộ bạc hàn yên túc bích xuyên."
10131184,Ngọc Miên Hàn Xuyên,24,16,false,1,-1,1,10000,4,200,false,1,-1,-1,72,,,"<color=#33ff99>(Hạn sử dụng 3 ngày, tính từ khi bắt đầu mua)#r<color=#FFFFFF>Nguyệt tẩy duyên hoa miên ngọc thố,#rLộ bạc hàn yên túc bích xuyên."
10131185,Ngọc Miên Hàn Xuyên,24,16,false,1,-1,1,10000,4,200,false,1,-1,-1,72,,,"<color=#33ff99>(Hạn sử dụng 3 ngày, tính từ khi bắt đầu mua)#r<color=#FFFFFF>Nguyệt tẩy duyên hoa miên ngọc thố,#rLộ bạc hàn yên túc bích xuyên."
10131186,Ngọc Miên Hàn Xuyên,24,16,false,1,-1,1,10000,4,200,false,1,-1,-1,72,,,"<color=#33ff99>(Hạn sử dụng 3 ngày, tính từ khi bắt đầu mua)#r<color=#FFFFFF>Nguyệt tẩy duyên hoa miên ngọc thố,#rLộ bạc hàn yên túc bích xuyên."
10131187,Ngọc Miên Hàn Xuyên,24,16,false,1,-1,1,10000,4,200,false,1,-1,-1,168,,,"<color=#33ff99>(Hạn sử dụng 7 ngày, tính từ khi bắt đầu mua)#r<color=#FFFFFF>Nguyệt tẩy duyên hoa miên ngọc thố,#rLộ bạc hàn yên túc bích xuyên."
10131188,Ngọc Miên Hàn Xuyên,24,16,false,1,-1,1,10000,4,200,false,1,-1,-1,168,,,"<color=#33ff99>(Hạn sử dụng 7 ngày, tính từ khi bắt đầu mua)#r<color=#FFFFFF>Nguyệt tẩy duyên hoa miên ngọc thố,#rLộ bạc hàn yên túc bích xuyên."
10131189,Ngọc Miên Hàn Xuyên,24,16,false,1,-1,1,10000,4,200,false,1,-1,-1,168,,,"<color=#33ff99>(Hạn sử dụng 7 ngày, tính từ khi bắt đầu mua)#r<color=#FFFFFF>Nguyệt tẩy duyên hoa miên ngọc thố,#rLộ bạc hàn yên túc bích xuyên."
10131190,Ngọc Miên Hàn Xuyên,24,16,false,1,-1,1,10000,4,200,false,1,-1,-1,168,,,"<color=#33ff99>(Hạn sử dụng 7 ngày, tính từ khi bắt đầu mua)#r<color=#FFFFFF>Nguyệt tẩy duyên hoa miên ngọc thố#rLộ bạc hàn yên túc bích xuyên."
10131191,Ngọc Miên Hàn Xuyên,24,16,false,1,-1,1,10000,4,200,false,1,-1,-1,360,,,"<color=#33ff99>(Hạn sử dụng 15 ngày, tính từ khi bắt đầu mua)#r<color=#FFFFFF>Nguyệt tẩy duyên hoa miên ngọc thố#rLộ bạc hàn yên túc bích xuyên."
10131192,Ngọc Miên Hàn Xuyên,24,16,false,1,-1,1,10000,4,200,false,1,-1,-1,360,,,"<color=#33ff99>(Hạn sử dụng 15 ngày, tính từ khi bắt đầu mua)#r<color=#FFFFFF>Nguyệt tẩy duyên hoa miên ngọc thố,#rLộ bạc hàn yên túc bích xuyên."
10131193,Ngọc Miên Hàn Xuyên,24,16,false,1,-1,1,10000,4,200,false,1,-1,-1,360,,,"<color=#33ff99>(Hạn sử dụng 15 ngày, tính từ khi bắt đầu mua)#r<color=#FFFFFF>Nguyệt tẩy duyên hoa miên ngọc thố,#rLộ bạc hàn yên túc bích xuyên."
10131194,Ngọc Miên Hàn Xuyên,24,16,false,1,-1,1,10000,4,200,false,1,-1,-1,360,,,"<color=#33ff99>(Hạn sử dụng 15 ngày, tính từ khi bắt đầu mua)#r<color=#FFFFFF>Nguyệt tẩy duyên hoa miên ngọc thố,#rLộ bạc hàn yên túc bích xuyên."
10131195,Ngọc Miên Hàn Xuyên,24,16,false,1,-1,1,10000,4,200,false,1,-1,-1,720,,,"<color=#33ff99>(Hạn sử dụng 30 ngày, tính từ khi bắt đầu mua)#r<color=#FFFFFF>Nguyệt tẩy duyên hoa miên ngọc thố#rLộ bạc hàn yên túc bích xuyên."
10131196,Ngọc Miên Hàn Xuyên,24,16,false,1,-1,1,10000,4,200,false,1,-1,-1,720,,,"<color=#33ff99>(Hạn sử dụng 30 ngày, tính từ khi bắt đầu mua)#r<color=#FFFFFF>Nguyệt tẩy duyên hoa miên ngọc thố#rLộ bạc hàn yên túc bích xuyên."
10131197,Ngọc Miên Hàn Xuyên,24,16,false,1,-1,1,10000,4,200,false,1,-1,-1,720,,,"<color=#33ff99>(Hạn sử dụng 30 ngày, tính từ khi bắt đầu mua)#r<color=#FFFFFF>Nguyệt tẩy duyên hoa miên ngọc thố,#rLộ bạc hàn yên túc bích xuyên."
10131198,Ngọc Miên Hàn Xuyên,24,16,false,1,-1,1,10000,4,200,false,1,-1,-1,720,,,"<color=#33ff99>(Hạn sử dụng 30 ngày, tính từ khi bắt đầu mua)#r<color=#FFFFFF>Nguyệt tẩy duyên hoa miên ngọc thố,#rLộ bạc hàn yên túc bích xuyên."
10131199,Ngọc Miên Hàn Xuyên,24,16,false,1,-1,1,10000,4,200,false,1,-1,-1,2160,,,"<color=#33ff99>(Hạn sử dụng 90 ngày, tính từ khi bắt đầu mua)#r<color=#FFFFFF>Nguyệt tẩy duyên hoa miên ngọc thố,#rLộ bạc hàn yên túc bích xuyên."
10131200,Ngọc Miên Hàn Xuyên,24,16,false,1,-1,1,10000,4,200,false,1,-1,-1,2160,,,"<color=#33ff99>(Hạn sử dụng 90 ngày, tính từ khi bắt đầu mua)#r<color=#FFFFFF>Nguyệt tẩy duyên hoa miên ngọc thố,#rLộ bạc hàn yên túc bích xuyên."
10131201,Ngọc Miên Hàn Xuyên,24,16,false,1,-1,1,10000,4,200,false,1,-1,-1,4320,,,"<color=#33ff99>(Hạn sử dụng 180 ngày, tính từ khi bắt đầu mua)#r<color=#FFFFFF>Nguyệt tẩy duyên hoa miên ngọc thố,#rLộ bạc hàn yên túc bích xuyên."
10131202,Ngọc Miên Hàn Xuyên,24,16,false,1,-1,1,10000,4,200,false,1,-1,-1,4320,,,"<color=#33ff99>(Hạn sử dụng 180 ngày, tính từ khi bắt đầu mua)#r<color=#FFFFFF>Nguyệt tẩy duyên hoa miên ngọc thố,#rLộ bạc hàn yên túc bích xuyên."
10131203,Ngọc Miên Hàn Xuyên,24,16,false,1,-1,1,10000,4,200,false,1,-1,-1,-1,,,"Nguyệt tẩy duyên hoa miên ngọc thố,#rLộ bạc hàn yên túc bích xuyên.<color=#00FF00>#rThời trang này có thể thông qua Y Thiên Thái tại Lạc Dương tiến hành nhuộm màu."
10131204,Ngọc Miên Hàn Xuyên,24,16,false,1,-1,1,10000,4,200,false,1,-1,-1,-1,,,"Nguyệt tẩy duyên hoa miên ngọc thố,#rLộ bạc hàn yên túc bích xuyên.<color=#00FF00>#rThời trang này có thể thông qua Y Thiên Thái tại Lạc Dương tiến hành nhuộm màu."
10131205,Thần Uyên Vân Nhụy,24,16,false,1,-1,1,10000,4,200,false,1,-1,-1,24,,,"<color=#33ff99>(Hạn sử dụng 1 ngày, tính từ khi bắt đầu mua)#r<color=#FFFFFF>Chấp thủ vân kiều tinh chử bạn,#rNhụy hương tình nồng hạ giai kỳ."
10131206,Thần Uyên Vân Nhụy,24,16,false,1,-1,1,10000,4,200,false,1,-1,-1,24,,,"<color=#33ff99>(Hạn sử dụng 1 ngày, tính từ khi bắt đầu mua)#r<color=#FFFFFF>Chấp thủ vân kiều tinh chử bạn,#rNhụy hương tình nồng hạ giai kỳ."
10131207,Thần Uyên Vân Nhụy,24,16,false,1,-1,1,10000,4,200,false,1,-1,-1,72,,,"<color=#33ff99>(Hạn sử dụng 3 ngày, tính từ khi bắt đầu mua)#r<color=#FFFFFF>Chấp thủ vân kiều tinh chử bạn,#rNhụy hương tình nồng hạ giai kỳ."
10131208,Thần Uyên Vân Nhụy,24,16,false,1,-1,1,10000,4,200,false,1,-1,-1,72,,,"<color=#33ff99>(Hạn sử dụng 3 ngày, tính từ khi bắt đầu mua)#r<color=#FFFFFF>Chấp thủ vân kiều tinh chử bạn,#rNhụy hương tình nồng hạ giai kỳ."
10131209,Thần Uyên Vân Nhụy,24,16,false,1,-1,1,10000,4,200,false,1,-1,-1,168,,,"<color=#33ff99>(Hạn sử dụng 7 ngày, tính từ khi bắt đầu mua)#r<color=#FFFFFF>Chấp thủ vân kiều tinh chử bạn,#rNhụy hương tình nồng hạ giai kỳ."
10131210,Thần Uyên Vân Nhụy,24,16,false,1,-1,1,10000,4,200,false,1,-1,-1,360,,,"<color=#33ff99>(Hạn sử dụng 15 ngày, tính từ khi bắt đầu mua)#r<color=#FFFFFF>Chấp thủ vân kiều tinh chử bạn,#rNhụy hương tình nồng hạ giai kỳ."
10131211,Thần Uyên Vân Nhụy,24,16,false,1,-1,1,10000,4,200,false,1,-1,-1,720,,,"<color=#33ff99>(Hạn sử dụng 30 ngày, tính từ khi bắt đầu mua)#r<color=#FFFFFF>Chấp thủ vân kiều tinh chử bạn,#rNhụy hương tình nồng hạ giai kỳ."
10131212,Thần Uyên Vân Nhụy,24,16,false,1,-1,1,10000,4,200,false,1,-1,-1,720,,,"<color=#33ff99>(Hạn sử dụng 30 ngày, tính từ khi bắt đầu mua)#r<color=#FFFFFF>Chấp thủ vân kiều tinh chử bạn,#rNhụy hương tình nồng hạ giai kỳ."
10131213,Thần Uyên Vân Nhụy,24,16,false,1,-1,1,10000,4,200,false,1,-1,-1,2160,,,"<color=#33ff99>(Hạn sử dụng 90 ngày, tính từ khi bắt đầu mua)#r<color=#FFFFFF>Chấp thủ vân kiều tinh chử bạn,#rNhụy hương tình nồng hạ giai kỳ."
10131214,Thần Uyên Vân Nhụy,24,16,false,1,-1,1,10000,4,200,false,1,-1,-1,2160,,,"<color=#33ff99>(Hạn sử dụng 90 ngày, tính từ khi bắt đầu mua)#r<color=#FFFFFF>Chấp thủ vân kiều tinh chử bạn,#rNhụy hương tình nồng hạ giai kỳ."
10131215,Thần Uyên Vân Nhụy,24,16,false,1,-1,1,10000,4,200,false,1,-1,-1,4320,,,"<color=#33ff99>(Hạn sử dụng 180 ngày, tính từ khi bắt đầu mua)#r<color=#FFFFFF>Chấp thủ vân kiều tinh chử bạn,#rNhụy hương tình nồng hạ giai kỳ."
10131216,Thần Uyên Vân Nhụy,24,16,false,1,-1,1,10000,4,200,false,1,-1,-1,4320,,,"<color=#33ff99>(Hạn sử dụng 180 ngày, tính từ khi bắt đầu mua)#r<color=#FFFFFF>Chấp thủ vân kiều tinh chử bạn,#rNhụy hương tình nồng hạ giai kỳ."
10131217,Thần Uyên Vân Nhụy,24,16,false,1,-1,1,10000,4,200,false,1,-1,-1,-1,,,"Chấp thủ vân kiều tinh chử bạn,#rNhụy hương tình nồng hạ giai kỳ.<color=#FF0000>#rThời trang này không thể nhuộm màu."
10131218,Thần Uyên Vân Nhụy,24,16,false,1,-1,1,10000,4,200,false,1,-1,-1,-1,,,"Chấp thủ vân kiều tinh chử bạn,#rNhụy hương tình nồng hạ giai kỳ.<color=#FF0000>#rThời trang này không thể nhuộm màu."
10131219,Huyền Kim Xán Mặc,24,16,false,1,-1,1,10000,4,200,false,1,-1,-1,168,,,"<color=#33ff99>(Hạn sử dụng 7 ngày, tính từ khi bắt đầu mua)#r<color=#FFFFFF>Huyền tất vẫn kim tướng giao cảnh#rNgọc long đại mặc tứ tứ lai."
10131220,Huyền Kim Xán Mặc,24,16,false,1,-1,1,10000,4,200,false,1,-1,-1,-1,,,<color=#FFFFFF>Huyền tất vẫn kim tướng giao cảnh#rNgọc long đại mặc tứ tứ lai.
10131221,Vân Mộng Ấn Đô,24,16,false,1,-1,1,10000,4,200,false,1,-1,-1,24,,,"<color=#33ff99>(Hạn sử dụng 1 ngày, tính từ khi bắt đầu mua)#r<color=#FFFFFF>Sở quân tư lai vân ương mãng#rTương thủy lưu linh đãi tiềm băng."
10131222,Vân Mộng Ấn Đô,24,16,false,1,-1,1,10000,4,200,false,1,-1,-1,24,,,"<color=#33ff99>(Hạn sử dụng 1 ngày, tính từ khi bắt đầu mua)#r<color=#FFFFFF>Sở quân tư lai vân ương mãng#rTương thủy lưu linh đãi tiềm băng."
10131223,Vân Mộng Ấn Đô,24,16,false,1,-1,1,10000,4,200,false,1,-1,-1,72,,,"<color=#33ff99>(Hạn sử dụng 3 ngày, tính từ khi bắt đầu mua)#r<color=#FFFFFF>Sở quân tư lai vân ương mãng,#rTương thủy lưu linh đãi tiềm băng."
10131224,Vân Mộng Ấn Đô,24,16,false,1,-1,1,10000,4,200,false,1,-1,-1,72,,,"<color=#33ff99>(Hạn sử dụng 3 ngày, tính từ khi bắt đầu mua)#r<color=#FFFFFF>Sở quân tư lai vân ương mãng#rTương thủy lưu linh đãi tiềm băng."
10131225,Vân Mộng Ấn Đô,24,16,false,1,-1,1,10000,4,200,false,1,-1,-1,72,,,"<color=#33ff99>(Hạn sử dụng 3 ngày, tính từ khi bắt đầu mua)#r<color=#FFFFFF>Sở quân tư lai vân ương mãng,#rTương thủy lưu linh đãi tiềm băng."
10131226,Vân Mộng Ấn Đô,24,16,false,1,-1,1,10000,4,200,false,1,-1,-1,72,,,"<color=#33ff99>(Hạn sử dụng 3 ngày, tính từ khi bắt đầu mua)#r<color=#FFFFFF>Sở quân tư lai vân ương mãng#rTương thủy lưu linh đãi tiềm băng."
10131227,Vân Mộng Ấn Đô,24,16,false,1,-1,1,10000,4,200,false,1,-1,-1,72,,,"<color=#33ff99>(Hạn sử dụng 3 ngày, tính từ khi bắt đầu mua)#r<color=#FFFFFF>Sở quân tư lai vân ương mãng#rTương thủy lưu linh đãi tiềm băng."
10131228,Vân Mộng Ấn Đô,24,16,false,1,-1,1,10000,4,200,false,1,-1,-1,72,,,"<color=#33ff99>(Hạn sử dụng 3 ngày, tính từ khi bắt đầu mua)#r<color=#FFFFFF>Sở quân tư lai vân ương mãng#rTương thủy lưu linh đãi tiềm băng."
10131229,Vân Mộng Ấn Đô,24,16,false,1,-1,1,10000,4,200,false,1,-1,-1,168,,,"<color=#33ff99>(Hạn sử dụng 7 ngày, tính từ khi bắt đầu mua)#r<color=#FFFFFF>Sở quân tư lai vân ương mãng#rTương thủy lưu linh đãi tiềm băng."
10131230,Vân Mộng Ấn Đô,24,16,false,1,-1,1,10000,4,200,false,1,-1,-1,168,,,"<color=#33ff99>(Hạn sử dụng 7 ngày, tính từ khi bắt đầu mua)#r<color=#FFFFFF>Sở quân tư lai vân ương mãng#rTương thủy lưu linh đãi tiềm băng."
10131231,Vân Mộng Ấn Đô,24,16,false,1,-1,1,10000,4,200,false,1,-1,-1,168,,,"<color=#33ff99>(Hạn sử dụng 7 ngày, tính từ khi bắt đầu mua)#r<color=#FFFFFF>Sở quân tư lai vân ương mãng#rTương thủy lưu linh đãi tiềm băng."
10131232,Vân Mộng Ấn Đô,24,16,false,1,-1,1,10000,4,200,false,1,-1,-1,168,,,"<color=#33ff99>(Hạn sử dụng 7 ngày, tính từ khi bắt đầu mua)#r<color=#FFFFFF>Sở quân tư lai vân ương mãng#rTương thủy lưu linh đãi tiềm băng."
10131233,Vân Mộng Ấn Đô,24,16,false,1,-1,1,10000,4,200,false,1,-1,-1,168,,,"<color=#33ff99>(Hạn sử dụng 7 ngày, tính từ khi bắt đầu mua)#r<color=#FFFFFF>Sở quân tư lai vân ương mãng#rTương thủy lưu linh đãi tiềm băng."
10131234,Vân Mộng Ấn Đô,24,16,false,1,-1,1,10000,4,200,false,1,-1,-1,360,,,"<color=#33ff99>(Hạn sử dụng 15 ngày, tính từ khi bắt đầu mua)#r<color=#FFFFFF>Sở quân tư lai vân ương mãng#rTương thủy lưu linh đãi tiềm băng."
10131235,Vân Mộng Ấn Đô,24,16,false,1,-1,1,10000,4,200,false,1,-1,-1,360,,,"<color=#33ff99>(Hạn sử dụng 15 ngày, tính từ khi bắt đầu mua)#r<color=#FFFFFF>Sở quân tư lai vân ương mãng#rTương thủy lưu linh đãi tiềm băng."
10131236,Vân Mộng Ấn Đô,24,16,false,1,-1,1,10000,4,200,false,1,-1,-1,360,,,"<color=#33ff99>(Hạn sử dụng 15 ngày, tính từ khi bắt đầu mua)#r<color=#FFFFFF>Sở quân tư lai vân ương mãng#rTương thủy lưu linh đãi tiềm băng."
10131237,Vân Mộng Ấn Đô,24,16,false,1,-1,1,10000,4,200,false,1,-1,-1,360,,,"<color=#33ff99>(Hạn sử dụng 15 ngày, tính từ khi bắt đầu mua)#r<color=#FFFFFF>Sở quân tư lai vân ương mãng#rTương thủy lưu linh đãi tiềm băng."
10131238,Vân Mộng Ấn Đô,24,16,false,1,-1,1,10000,4,200,false,1,-1,-1,360,,,"<color=#33ff99>(Hạn sử dụng 15 ngày, tính từ khi bắt đầu mua)#r<color=#FFFFFF>Sở quân tư lai vân ương mãng#rTương thủy lưu linh đãi tiềm băng."
10131239,Vân Mộng Ấn Đô,24,16,false,1,-1,1,10000,4,200,false,1,-1,-1,720,,,"<color=#33ff99>(Hạn sử dụng 30 ngày, tính từ khi bắt đầu mua)#r<color=#FFFFFF>Sở quân tư lai vân ương mãng#rTương thủy lưu linh đãi tiềm băng."
10131240,Vân Mộng Ấn Đô,24,16,false,1,-1,1,10000,4,200,false,1,-1,-1,720,,,"<color=#33ff99>(Hạn sử dụng 30 ngày, tính từ khi bắt đầu mua)#r<color=#FFFFFF>Sở quân tư lai vân ương mãng#rTương thủy lưu linh đãi tiềm băng."
10131241,Vân Mộng Ấn Đô,24,16,false,1,-1,1,10000,4,200,false,1,-1,-1,720,,,"<color=#33ff99>(Hạn sử dụng 30 ngày, tính từ khi bắt đầu mua)#r<color=#FFFFFF>Sở quân tư lai vân ương mãng#rTương thủy lưu linh đãi tiềm băng."
10131242,Vân Mộng Ấn Đô,24,16,false,1,-1,1,10000,4,200,false,1,-1,-1,2160,,,"<color=#33ff99>(Hạn sử dụng 90 ngày, tính từ khi bắt đầu mua)#r<color=#FFFFFF>Sở quân tư lai vân ương mãng#rTương thủy lưu linh đãi tiềm băng."
10131243,Vân Mộng Ấn Đô,24,16,false,1,-1,1,10000,4,200,false,1,-1,-1,2160,,,"<color=#33ff99>(Hạn sử dụng 90 ngày, tính từ khi bắt đầu mua)#r<color=#FFFFFF>Sở quân tư lai vân ương mãng#rTương thủy lưu linh đãi tiềm băng."
10131244,Vân Mộng Ấn Đô,24,16,false,1,-1,1,10000,4,200,false,1,-1,-1,2160,,,"<color=#33ff99>(Hạn sử dụng 90 ngày, tính từ khi bắt đầu mua)#r<color=#FFFFFF>Sở quân tư lai vân ương mãng#rTương thủy lưu linh đãi tiềm băng."
10131245,Vân Mộng Ấn Đô,24,16,false,1,-1,1,10000,4,200,false,1,-1,-1,4320,,,"<color=#33ff99>(Hạn sử dụng 180 ngày, tính từ khi bắt đầu mua)#r<color=#FFFFFF>Sở quân tư lai vân ương mãng#rTương thủy lưu linh đãi tiềm băng."
10131246,Vân Mộng Ấn Đô,24,16,false,1,-1,1,10000,4,200,false,1,-1,-1,4320,,,"<color=#33ff99>(Hạn sử dụng 180 ngày, tính từ khi bắt đầu mua)#r<color=#FFFFFF>Sở quân tư lai vân ương mãng#rTương thủy lưu linh đãi tiềm băng."
10131247,Vân Mộng Ấn Đô,24,16,false,1,-1,1,10000,4,200,false,1,-1,-1,-1,,,Sở quân tư lai vân ương mãng#rTương thủy lưu linh đãi tiềm băng.<color=#00FF00>#rThời trang này có thể thông qua Y Thiên Thái tại Lạc Dương tiến hành nhuộm màu.
10131248,Vân Mộng Ấn Đô,24,16,false,1,-1,1,10000,4,200,false,1,-1,-1,-1,,,Sở quân tư lai vân ương mãng#rTương thủy lưu linh đãi tiềm băng.<color=#00FF00>
10131249,Vân Mộng Ấn Đô,24,16,false,1,-1,1,10000,4,200,false,1,-1,-1,-1,,,Sở quân tư lai vân ương mãng#rTương thủy lưu linh đãi tiềm băng.
10131250,Vân Mộng Ấn Đô,24,16,false,1,-1,1,10000,4,200,false,1,-1,-1,-1,,,Sở quân tư lai vân ương mãng#rTương thủy lưu linh đãi tiềm băng.
10131251,Long Phụng Dao Tương Ỷ,24,16,false,1,-1,1,10000,4,200,false,1,-1,-1,-1,,,"Dao tác long phụng tương ỷ thế,#rNgọc cổ kim minh triện hòa huyền."
10131252,Long Phụng Dao Tương Ỷ,24,16,false,1,-1,1,10000,4,200,false,1,-1,-1,-1,,,"Dao tác long phụng tương ỷ thế,#rNgọc cổ kim minh triện hòa huyền."
10131253,Long Phụng Dao Tương Ỷ,24,16,false,1,-1,1,10000,4,200,false,1,-1,-1,-1,,,Long bàn phượng vũ tướng y xứ#rTường vân thụy húc cửu châu hòa.
10131254,Đào Hoa Đảo Trường Sam,24,16,false,1,13,1,10000,4,200,false,1,-1,-1,-1,,,"Trang phục của Đệ tử Đào Hoa Đảo, sau khi mặc vào giúp tĩnh tâm thư thái."
10131257,Minh Tâm,24,16,false,1,13,1,10000,4,200,false,1,-1,-1,-1,,,"Cẩm phục đặc chế của môn nhân Đào Hoa Đảo, có dị hương độc đáo trên đảo.<br><color=#00FF00>Thời trang cao cấp</color> phái <color=#00FF00>Đào Hoa</color>. Trên mình quái vật ở <color=#00FF00>Ngân Ngai Tuyết Nguyên</color> có mang <color=#FFFF00>[Nhật Ký Quái Vật]</color>. Thu thập <color=#FFFF00>20 quyển</color>, có thể đến <color=#00FF00>Đại Lý</color> tìm <color=#FFFF00>Củng Thái Vân</color> để đổi lấy bộ <color=#00FF00>thời trang cao cấp môn phái</color>."
10131259,Lâm Phong,24,16,false,1,13,1,10000,4,200,false,1,-1,-1,-1,,,"Cẩm phục làm từ Băng Tằm Ti, không thấm nước.<br><color=#00FF00>Thời trang tiến cấp</color> phái <color=#00FF00>Đào Hoa</color>. <color=#00FF00>Trấn Bảo Long Vương</color> cai quản <color=#00FF00>Lâu Lan Bảo Tàng Động</color> cùng vô số rương bảo vật, trong đó bao gồm <color=#FFFF00>[Quái Vật Tương Sách]</color>. Thu thập <color=#FFFF00>20 quyển</color>, có thể đến <color=#00FF00>Đại Lý</color> tìm <color=#FFFF00>Củng Thái Vân</color> để đổi lấy bộ <color=#00FF00>thời trang tiến cấp môn phái</color>."
10131260,Tư Vô Tà,24,16,false,1,13,1,10000,4,200,false,1,-1,-1,-1,,,"Tư vô tà giả, thành dã. Áo gấm của thợ giỏi Đào Hoa Đảo làm cho Đệ tử thông minh tài giỏi, hoa văn là vạn vật hoạt động tuần hoàn.<br><color=#00FF00>Thời trang đặc biệt</color> phái <color=#00FF00>Đào Hoa</color>. <color=#00FF00>Gia Luật Liên Thành</color> tại <color=#00FF00>Binh Thánh Kỳ Trận</color> có ấn ký <color=#FFFF00>[Chinh Nam Tiên Phong Ấn]</color>. Thu thập <color=#FFFF00>20 ấn</color>, có thể đến <color=#00FF00>Đại Lý</color> tìm <color=#FFFF00>Củng Thái Vân</color> để đổi lấy bộ <color=#00FF00>thời trang đặc biệt môn phái</color>."
10131261,Thiên Trường Địa Cửu,24,16,false,1,-1,1,10000,4,200,false,1,-1,-1,168,,,"<color=#33ff99>(Hạn sử dụng 7 ngày, tính từ khi bắt đầu mua)#r<color=#FFFFFF>Xuân sơn tiếu khán trúc lý quán, bạch thủ ỷ tọa nhi nữ đường."
10131262,Thiên Trường Địa Cửu,24,16,false,1,-1,1,10000,4,200,false,1,-1,-1,720,,,"<color=#33ff99>(Hạn sử dụng 30 ngày, tính từ khi bắt đầu mua)#r<color=#FFFFFF>Xuân sơn tiếu khán trúc lý quán, bạch thủ ỷ tọa nhi nữ đường.#rTrước <color=#00FF00>24:00 22/8<color=#FFFFFF>, có thể dùng <color=#00FF00>Chức Nữ Thoa<color=#FFFFFF> trong giao diện <color=#00FF00>Thất Tịch Nguyệt Hạ<color=#FFFFFF>, tham gia <color=#00FF00>Thiên Y Ngẫu Thành<color=#FFFFFF>, dệt <color=#FFFF00>Thời Trang: Thiên Trường Địa Cửu (30 Ngày)<color=#FFFFFF> thành <color=#FFFF00>Thời Trang: Thiên Trường Địa Cửu (Vĩnh viễn)<color=#FFFFFF>."
10131263,Thiên Trường Địa Cửu,24,16,false,1,-1,1,10000,4,200,false,1,-1,-1,-1,,,"Xuân sơn tiếu khán trúc lý quán, bạch thủ ỷ tọa nhi nữ đường.<color=#00FF00>#rThời trang này có thể thông qua Y Thiên Thái tại Lạc Dương tiến hành nhuộm màu."
10131264,Thiên Trường Địa Cửu,24,16,false,1,-1,1,10000,4,200,false,1,-1,-1,-1,,,"Xuân sơn tiếu khán trúc lý quán, bạch thủ ỷ tọa nhi nữ đường."
10131265,Tích Quân Thanh Ngọc Thường,24,16,false,1,-1,1,10000,4,200,false,1,-1,-1,168,,,"<color=#33ff99>(Hạn sử dụng 7 ngày, tính từ khi bắt đầu mua)#r<color=#FFFFFF>Mạc tiện song tinh vân vũ mộng, tặng quân thanh thường lưỡng tướng hoan."
10131266,Tích Quân Thanh Ngọc Thường,24,16,false,1,-1,1,10000,4,200,false,1,-1,-1,-1,,,"Mạc tiện song tinh vân vũ mộng, tặng quân thanh thường lưỡng tướng hoan."
10131267,Tích Quân Thanh Ngọc Thường,24,16,false,1,-1,1,10000,4,200,false,1,-1,-1,-1,,,"Mạc tiện song tinh vân vũ mộng, tặng quân thanh thường lưỡng tướng hoan."
10131268,Dữ Quân Đồng,24,16,false,1,-1,1,10000,4,200,false,1,-1,-1,24,,,"<color=#33ff99>(Hạn sử dụng 1 ngày, tính từ khi bắt đầu mua)#r<color=#FFFFFF>Dữ quân ân ái sơ kết phát,#rCùng đạt xứ xứ dữ quân đồng."
10131269,Dữ Quân Đồng,24,16,false,1,-1,1,10000,4,200,false,1,-1,-1,24,,,"<color=#33ff99>(Hạn sử dụng 1 ngày, tính từ khi bắt đầu mua)#r<color=#FFFFFF>Dữ quân ân ái sơ kết phát,#rCùng đạt xứ xứ dữ quân đồng."
10131270,Dữ Quân Đồng,24,16,false,1,-1,1,10000,4,200,false,1,-1,-1,72,,,"<color=#33ff99>(Hạn sử dụng 3 ngày, tính từ khi bắt đầu mua)#r<color=#FFFFFF>Dữ quân ân ái sơ kết phát,#rCùng đạt xứ xứ dữ quân đồng"
10131271,Dữ Quân Đồng,24,16,false,1,-1,1,10000,4,200,false,1,-1,-1,72,,,"<color=#33ff99>(Hạn sử dụng 3 ngày, tính từ khi bắt đầu mua)#r<color=#FFFFFF>Dữ quân ân ái sơ kết phát#rCùng đạt xứ xứ dữ quân đồng."
10131272,Dữ Quân Đồng,24,16,false,1,-1,1,10000,4,200,false,1,-1,-1,72,,,"<color=#33ff99>(Hạn sử dụng 3 ngày, tính từ khi bắt đầu mua)#r<color=#FFFFFF>Dữ quân ân ái sơ kết phát,#rCùng đạt xứ xứ dữ quân đồng"
10131273,Dữ Quân Đồng,24,16,false,1,-1,1,10000,4,200,false,1,-1,-1,72,,,"<color=#33ff99>(Hạn sử dụng 3 ngày, tính từ khi bắt đầu mua)#r<color=#FFFFFF>Dữ quân ân ái sơ kết phát#rCùng đạt xứ xứ dữ quân đồng."
10131274,Dữ Quân Đồng,24,16,false,1,-1,1,10000,4,200,false,1,-1,-1,72,,,"<color=#33ff99>(Hạn sử dụng 3 ngày, tính từ khi bắt đầu mua)#r<color=#FFFFFF>Dữ quân ân ái sơ kết phát,#rCùng đạt xứ xứ dữ quân đồng."
10131275,Dữ Quân Đồng,24,16,false,1,-1,1,10000,4,200,false,1,-1,-1,72,,,"<color=#33ff99>(Hạn sử dụng 3 ngày, tính từ khi bắt đầu mua)#r<color=#FFFFFF>Dữ quân ân ái sơ kết phát,#rCùng đạt xứ xứ dữ quân đồng."
10131276,Dữ Quân Đồng,24,16,false,1,-1,1,10000,4,200,false,1,-1,-1,168,,,"<color=#33ff99>(Hạn sử dụng 7 ngày, tính từ khi bắt đầu mua)#r<color=#FFFFFF>Dữ quân ân ái sơ kết phát,#rCùng đạt xứ xứ dữ quân đồng."
10131277,Dữ Quân Đồng,24,16,false,1,-1,1,10000,4,200,false,1,-1,-1,168,,,"<color=#33ff99>(Hạn sử dụng 7 ngày, tính từ khi bắt đầu mua)#r<color=#FFFFFF>Dữ quân ân ái sơ kết phát,#rCùng đạt xứ xứ dữ quân đồng."
10131278,Dữ Quân Đồng,24,16,false,1,-1,1,10000,4,200,false,1,-1,-1,168,,,"<color=#33ff99>(Hạn sử dụng 7 ngày, tính từ khi bắt đầu mua)#r<color=#FFFFFF>Dữ quân ân ái sơ kết phát#rCùng đạt xứ xứ dữ quân đồng."
10131279,Dữ Quân Đồng,24,16,false,1,-1,1,10000,4,200,false,1,-1,-1,168,,,"<color=#33ff99>(Hạn sử dụng 7 ngày, tính từ khi bắt đầu mua)#r<color=#FFFFFF>Dữ quân ân ái sơ kết phát#rCùng đạt xứ xứ dữ quân đồng."
10131280,Dữ Quân Đồng,24,16,false,1,-1,1,10000,4,200,false,1,-1,-1,360,,,"<color=#33ff99>(Hạn sử dụng 15 ngày, tính từ khi bắt đầu mua)#r<color=#FFFFFF>Dữ quân ân ái sơ kết phát,#rCùng đạt xứ xứ dữ quân đồng."
10131281,Dữ Quân Đồng,24,16,false,1,-1,1,10000,4,200,false,1,-1,-1,360,,,"<color=#33ff99>(Hạn sử dụng 15 ngày, tính từ khi bắt đầu mua)#r<color=#FFFFFF>Dữ quân ân ái sơ kết phát,#rCùng đạt xứ xứ dữ quân đồng."
10131282,Dữ Quân Đồng,24,16,false,1,-1,1,10000,4,200,false,1,-1,-1,360,,,"<color=#33ff99>(Hạn sử dụng 15 ngày, tính từ khi bắt đầu mua)#r<color=#FFFFFF>Dữ quân ân ái sơ kết phát#rCùng đạt xứ xứ dữ quân đồng."
10131283,Dữ Quân Đồng,24,16,false,1,-1,1,10000,4,200,false,1,-1,-1,720,,,"<color=#33ff99>(Hạn sử dụng 30 ngày, tính từ khi bắt đầu mua)#r<color=#FFFFFF>Dữ quân ân ái sơ kết phát#rCùng đạt xứ xứ dữ quân đồng."
10131284,Dữ Quân Đồng,24,16,false,1,-1,1,10000,4,200,false,1,-1,-1,720,,,"<color=#33ff99>(Hạn sử dụng 30 ngày, tính từ khi bắt đầu mua)#r<color=#FFFFFF>Dữ quân ân ái sơ kết phát,#rCùng đạt xứ xứ dữ quân đồng."
10131285,Dữ Quân Đồng,24,16,false,1,-1,1,10000,4,200,false,1,-1,-1,720,,,"<color=#33ff99>(Hạn sử dụng 30 ngày, tính từ khi bắt đầu mua)#r<color=#FFFFFF>Dữ quân ân ái sơ kết phát,#rCùng đạt xứ xứ dữ quân đồng."
10131286,Dữ Quân Đồng,24,16,false,1,-1,1,10000,4,200,false,1,-1,-1,2160,,,"<color=#33ff99>(Hạn sử dụng 90 ngày, tính từ khi bắt đầu mua)#r<color=#FFFFFF>Dữ quân ân ái sơ kết phát,#rCùng đạt xứ xứ dữ quân đồng."
10131287,Dữ Quân Đồng,24,16,false,1,-1,1,10000,4,200,false,1,-1,-1,2160,,,"<color=#33ff99>(Hạn sử dụng 90 ngày, tính từ khi bắt đầu mua)#r<color=#FFFFFF>Dữ quân ân ái sơ kết phát,#rCùng đạt xứ xứ dữ quân đồng."
10131288,Dữ Quân Đồng,24,16,false,1,-1,1,10000,4,200,false,1,-1,-1,4320,,,"<color=#33ff99>(Hạn sử dụng 180 ngày, tính từ khi bắt đầu mua)#r<color=#FFFFFF>Dữ quân ân ái sơ kết phát,#rCùng đạt xứ xứ dữ quân đồng."
10131289,Dữ Quân Đồng,24,16,false,1,-1,1,10000,4,200,false,1,-1,-1,4320,,,"<color=#33ff99>(Hạn sử dụng 180 ngày, tính từ khi bắt đầu mua)#r<color=#FFFFFF>Dữ quân ân ái sơ kết phát,#rCùng đạt xứ xứ dữ quân đồng."
10131290,Dữ Quân Đồng,24,16,false,1,-1,1,10000,4,200,false,1,-1,-1,-1,,,"Dữ quân ân ái sơ kết phát,#rCùng đạt xứ xứ dữ quân đồng.<color=#00FF00>#rThời trang này có thể thông qua Y Thiên Thái tại Lạc Dương tiến hành nhuộm màu."
10131291,Dữ Quân Đồng,24,16,false,1,-1,1,10000,4,200,false,1,-1,-1,-1,,,"Dữ quân ân ái sơ kết phát,#rCùng đạt xứ xứ dữ quân đồng.<color=#00FF00>#rThời trang này có thể thông qua Y Thiên Thái tại Lạc Dương tiến hành nhuộm màu."
10131292,Dữ Quân Đồng,24,16,false,1,-1,1,10000,4,200,false,1,-1,-1,-1,,,Dữ quân ân ái sơ kết phát#rCùng đạt xứ xứ dữ quân đồng.
10131293,Diểu Minh Hề Ký Ám,24,16,false,1,-1,1,10000,4,200,false,1,-1,-1,24,,,"<color=#33ff99>(Hạn sử dụng 1 ngày, tính từ khi bắt đầu mua)#r<color=#FFFFFF>Diểu minh minh hề vô hối sóc#rVụ mông mông hề cư giả mê."
10131294,Diểu Minh Hề Ký Ám,24,16,false,1,-1,1,10000,4,200,false,1,-1,-1,24,,,"<color=#33ff99>(Hạn sử dụng 1 ngày, tính từ khi bắt đầu mua)#r<color=#FFFFFF>Diểu minh minh hề vô hối sóc#rVụ mông mông hề cư giả mê."
10131295,Diểu Minh Hề Ký Ám,24,16,false,1,-1,1,10000,4,200,false,1,-1,-1,72,,,"<color=#33ff99>(Hạn sử dụng 3 ngày, tính từ khi bắt đầu mua)#r<color=#FFFFFF>Diểu minh minh hề vô hối sóc#rVụ mông mông hề cư giả mê."
10131296,Diểu Minh Hề Ký Ám,24,16,false,1,-1,1,10000,4,200,false,1,-1,-1,72,,,"<color=#33ff99>(Hạn sử dụng 3 ngày, tính từ khi bắt đầu mua)#r<color=#FFFFFF>Diểu minh minh hề vô hối sóc,#rVụ mộng mộng hề cư giả mê."
10131297,Diểu Minh Hề Ký Ám,24,16,false,1,-1,1,10000,4,200,false,1,-1,-1,72,,,"<color=#33ff99>(Hạn sử dụng 3 ngày, tính từ khi bắt đầu mua)#r<color=#FFFFFF>Diểu minh minh hề vô hối sóc#rVụ mông mông hề cư giả mê."
10131298,Diểu Minh Hề Ký Ám,24,16,false,1,-1,1,10000,4,200,false,1,-1,-1,72,,,"<color=#33ff99>(Hạn sử dụng 3 ngày, tính từ khi bắt đầu mua)#r<color=#FFFFFF>Diểu minh minh hề vô hối sóc#rVụ mông mông hề cư giả mê."
10131299,Diểu Minh Hề Ký Ám,24,16,false,1,-1,1,10000,4,200,false,1,-1,-1,72,,,"<color=#33ff99>(Hạn sử dụng 3 ngày, tính từ khi bắt đầu mua)#r<color=#FFFFFF>Diểu minh minh hề vô hối sóc#rVụ mông mông hề cư giả mê."
10131300,Diểu Minh Hề Ký Ám,24,16,false,1,-1,1,10000,4,200,false,1,-1,-1,72,,,"<color=#33ff99>(Hạn sử dụng 3 ngày, tính từ khi bắt đầu mua)#r<color=#FFFFFF>Diểu minh minh hề vô hối sóc,#rVụ mộng mộng hề cư giả mê."
10131301,Diểu Minh Hề Ký Ám,24,16,false,1,-1,1,10000,4,200,false,1,-1,-1,168,,,"<color=#33ff99>(Hạn sử dụng 7 ngày, tính từ khi bắt đầu mua)#r<color=#FFFFFF>Diểu minh minh hề vô hối sóc,#rVụ mộng mộng hề cư giả mê."
10131302,Diểu Minh Hề Ký Ám,24,16,false,1,-1,1,10000,4,200,false,1,-1,-1,168,,,"<color=#33ff99>(Hạn sử dụng 7 ngày, tính từ khi bắt đầu mua)#r<color=#FFFFFF>Diểu minh minh hề vô hối sóc#rVụ mông mông hề cư giả mê."
10131303,Diểu Minh Hề Ký Ám,24,16,false,1,-1,1,10000,4,200,false,1,-1,-1,168,,,"<color=#33ff99>(Hạn sử dụng 7 ngày, tính từ khi bắt đầu mua)#r<color=#FFFFFF>Diểu minh minh hề vô hối sóc#rVụ mông mông hề cư giả mê."
10131304,Diểu Minh Hề Ký Ám,24,16,false,1,-1,1,10000,4,200,false,1,-1,-1,360,,,"<color=#33ff99>(Hạn sử dụng 15 ngày, tính từ khi bắt đầu mua)#r<color=#FFFFFF>Diểu minh minh hề vô hối sóc#rVụ mông mông hề cư giả mê."
10131305,Diểu Minh Hề Ký Ám,24,16,false,1,-1,1,10000,4,200,false,1,-1,-1,360,,,"<color=#33ff99>(Hạn sử dụng 15 ngày, tính từ khi bắt đầu mua)#r<color=#FFFFFF>Diểu minh minh hề vô hối sóc,#rVụ mộng mộng hề cư giả mê."
10131306,Diểu Minh Hề Ký Ám,24,16,false,1,-1,1,10000,4,200,false,1,-1,-1,360,,,"<color=#33ff99>(Hạn sử dụng 15 ngày, tính từ khi bắt đầu mua)#r<color=#FFFFFF>Diểu minh minh hề vô hối sóc#rVụ mông mông hề cư giả mê."
10131307,Diểu Minh Hề Ký Ám,24,16,false,1,-1,1,10000,4,200,false,1,-1,-1,720,,,"<color=#33ff99>(Hạn sử dụng 30 ngày, tính từ khi bắt đầu mua)#r<color=#FFFFFF>Diểu minh minh hề vô hối sóc#rVụ mông mông hề cư giả mê."
10131308,Diểu Minh Hề Ký Ám,24,16,false,1,-1,1,10000,4,200,false,1,-1,-1,720,,,"<color=#33ff99>(Hạn sử dụng 30 ngày, tính từ khi bắt đầu mua)#r<color=#FFFFFF>Diểu minh minh hề vô hối sóc#rVụ mông mông hề cư giả mê."
10131309,Diểu Minh Hề Ký Ám,24,16,false,1,-1,1,10000,4,200,false,1,-1,-1,2160,,,"<color=#33ff99>(Hạn sử dụng 90 ngày, tính từ khi bắt đầu mua)#r<color=#FFFFFF>Diểu minh minh hề vô hối sóc#rVụ mông mông hề cư giả mê."
10131310,Diểu Minh Hề Ký Ám,24,16,false,1,-1,1,10000,4,200,false,1,-1,-1,2160,,,"<color=#33ff99>(Hạn sử dụng 90 ngày, tính từ khi bắt đầu mua)#r<color=#FFFFFF>Diểu minh minh hề vô hối sóc#rVụ mông mông hề cư giả mê."
10131311,Diểu Minh Hề Ký Ám,24,16,false,1,-1,1,10000,4,200,false,1,-1,-1,4320,,,"<color=#33ff99>(Hạn sử dụng 180 ngày, tính từ khi bắt đầu mua)#r<color=#FFFFFF>Diểu minh minh hề vô hối sóc#rVụ mông mông hề cư giả mê."
10131312,Diểu Minh Hề Ký Ám,24,16,false,1,-1,1,10000,4,200,false,1,-1,-1,4320,,,"<color=#33ff99>(Hạn sử dụng 180 ngày, tính từ khi bắt đầu mua)#r<color=#FFFFFF>Diểu minh minh hề vô hối sóc#rVụ mông mông hề cư giả mê."
10131313,Diểu Minh Hề Ký Ám,24,16,false,1,-1,1,10000,4,200,false,1,-1,-1,-1,,,Diểu minh minh hề vô hối sóc#rVụ mông mông hề cư giả mê.<color=#00FF00>
10131314,Diểu Minh Hề Ký Ám,24,16,false,1,-1,1,10000,4,200,false,1,-1,-1,-1,,,Diểu minh minh hề vô hối sóc#rVụ mông mông hề cư giả mê.<color=#00FF00>
10131315,Diểu Minh Hề Ký Ám,24,16,false,1,-1,1,10000,4,200,false,1,-1,-1,-1,,,"Diểu minh minh hề vô hối sóc,#rVụ mộng mộng hề cư giả mê.<color=#00FF00>#rThời trang này có thể thông qua Y Thiên Thái tại Lạc Dương tiến hành nhuộm màu."
10131316,Chưa dùng,24,18,false,1,-1,1,10000,4,200,false,1,-1,-1,-1,,,Dự Lưu
10131317,Huyết Chiến Phong Hoa,24,16,false,1,-1,1,10000,4,200,false,1,-1,-1,720,,,"<color=#33ff99>(Hạn sử dụng 30 ngày, tính từ khi bắt đầu mua)#r<color=#FFFFFF>Khinh kỵ trường kiếm huyết ngọc trang#rTrục lộc trì mã phong hoa thủ."
10131318,Huyết Chiến Phong Hoa,24,16,false,1,-1,1,10000,4,200,false,1,-1,-1,720,,,"<color=#33ff99>(Hạn sử dụng 30 ngày, tính từ khi bắt đầu mua)#r<color=#FFFFFF>Khinh kỵ trường kiếm huyết ngọc trang#rTrục lộc trì mã phong hoa thủ."
10131319,Huyết Chiến Phong Hoa,24,16,false,1,-1,1,10000,4,200,false,1,-1,-1,1440,,,"<color=#33ff99>(Hạn sử dụng 60 ngày, tính từ khi bắt đầu mua)#r<color=#FFFFFF>Khinh kỵ trường kiếm huyết ngọc trang#rTrục lộc trì mã phong hoa thủ."
10131320,Huyết Chiến Phong Hoa,24,16,false,1,-1,1,10000,4,200,false,1,-1,-1,-1,,,<color=#FFFFFF>Khinh kỵ trường kiếm huyết ngọc trang#rTrục lộc trì mã phong hoa thủ.
10131321,Mộng Hoa Lục,24,16,false,1,-1,1,10000,4,200,false,1,-1,-1,-1,,,"Tuyên Hòa mộng hoa tư.#rThính phong lữ xuy hạ, phi chuyển thiên tế."
10131322,Mộng Hoa Lục,24,16,false,1,-1,1,10000,4,200,false,1,-1,-1,-1,,,"Tuyên Hòa mộng hoa tư.#rThính phong lữ xuy hạ, phi chuyển thiên tế."
10131323,Thụy Hạc Tập,24,16,false,1,-1,1,10000,4,200,false,1,-1,-1,24,,,"<color=#33ff99>(Hạn sử dụng 1 ngày, tính từ khi bắt đầu mua)#r<color=#FFFFFF>Bích đàm khinh doanh, thụy hạc tường tập."
10131331,Thụy Hạc Tập,24,16,false,1,-1,1,10000,4,200,false,1,-1,-1,24,,,"<color=#33ff99>(Hạn sử dụng 1 ngày, tính từ khi bắt đầu mua)#r<color=#FFFFFF>Bích đàm khinh doanh, thụy hạc tường tập."
10131332,Thụy Hạc Tập,24,16,false,1,-1,1,10000,4,200,false,1,-1,-1,72,,,"<color=#33ff99>(Hạn sử dụng 3 ngày, tính từ khi bắt đầu mua)#r<color=#FFFFFF>Bích đàm khinh doanh, thụy hạc tường tập."
10131324,Thụy Hạc Tập,24,16,false,1,-1,1,10000,4,200,false,1,-1,-1,72,,,"<color=#33ff99>(Hạn sử dụng 3 ngày, tính từ khi bắt đầu mua)#r<color=#FFFFFF>Bích đàm khinh doanh, thụy hạc tường tập."
10131325,Thụy Hạc Tập,24,16,false,1,-1,1,10000,4,200,false,1,-1,-1,168,,,"<color=#33ff99>(Hạn sử dụng 7 ngày, tính từ khi bắt đầu mua)#r<color=#FFFFFF>Bích đàm khinh doanh, thụy hạc tường tập."
10131333,Thụy Hạc Tập,24,16,false,1,-1,1,10000,4,200,false,1,-1,-1,168,,,"<color=#33ff99>(Hạn sử dụng 7 ngày, tính từ khi bắt đầu mua)#r<color=#FFFFFF>Bích đàm khinh doanh, thụy hạc tường tập."
10131334,Thụy Hạc Tập,24,16,false,1,-1,1,10000,4,200,false,1,-1,-1,360,,,"<color=#33ff99>(Hạn sử dụng 15 ngày, tính từ khi bắt đầu mua)#r<color=#FFFFFF>Bích đàm khinh doanh, thụy hạc tường tập."
10131326,Thụy Hạc Tập,24,16,false,1,-1,1,10000,4,200,false,1,-1,-1,360,,,"<color=#33ff99>(Hạn sử dụng 15 ngày, tính từ khi bắt đầu mua)#r<color=#FFFFFF>Bích đàm khinh doanh, thụy hạc tường tập."
10131327,Thụy Hạc Tập,24,16,false,1,-1,1,10000,4,200,false,1,-1,-1,720,,,"<color=#33ff99>(Hạn sử dụng 30 ngày, tính từ khi bắt đầu mua)#r<color=#FFFFFF>Bích đàm khinh doanh, thụy hạc tường tập."
10131335,Thụy Hạc Tập,24,16,false,1,-1,1,10000,4,200,false,1,-1,-1,720,,,"<color=#33ff99>(Hạn sử dụng 30 ngày, tính từ khi bắt đầu mua)#r<color=#FFFFFF>Bích đàm khinh doanh, thụy hạc tường tập."
10131336,Thụy Hạc Tập,24,16,false,1,-1,1,10000,4,200,false,1,-1,-1,2160,,,"<color=#33ff99>(Hạn sử dụng 90 ngày, tính từ khi bắt đầu mua)#r<color=#FFFFFF>Bích đàm khinh doanh, thụy hạc tường tập."
10131328,Thụy Hạc Tập,24,16,false,1,-1,1,10000,4,200,false,1,-1,-1,2160,,,"<color=#33ff99>(Hạn sử dụng 90 ngày, tính từ khi bắt đầu mua)#r<color=#FFFFFF>Bích đàm khinh doanh, thụy hạc tường tập."
10131329,Thụy Hạc Tập,24,16,false,1,-1,1,10000,4,200,false,1,-1,-1,4320,,,"<color=#33ff99>(Hạn sử dụng 180 ngày, tính từ khi bắt đầu mua)#r<color=#FFFFFF>Bích đàm khinh doanh, thụy hạc tường tập."
10131337,Thụy Hạc Tập,24,16,false,1,-1,1,10000,4,200,false,1,-1,-1,4320,,,"<color=#33ff99>(Hạn sử dụng 180 ngày, tính từ khi bắt đầu mua)#r<color=#FFFFFF>Bích đàm khinh doanh, thụy hạc tường tập."
10131330,Thụy Hạc Tập,24,16,false,1,-1,1,10000,4,200,false,1,-1,-1,-1,,,"Thử khắc, trừng ly tiêm tố, bích đàm khinh doanh, thụy hạ tường tập."
10131338,Thụy Hạc Tập,24,16,false,1,-1,1,10000,4,200,false,1,-1,-1,-1,,,"Thử khắc, trừng ly tiêm tố, bích đàm khinh doanh, thụy hạ tường tập."
10131339,Hi Niên Họa Trung Nhân,24,16,false,1,-1,1,10000,4,200,false,1,-1,-1,168,,,"<color=#33ff99>(Hạn sử dụng 7 ngày, tính từ khi bắt đầu mua)#r<color=#FFFFFF>Tích niên hồng mai lâm trung khách,#rHọa tác yểu điệu nhập tâm lai."
10131340,Hi Niên Họa Trung Nhân,24,16,false,1,-1,1,10000,4,200,false,1,-1,-1,-1,,,Tích niên hồng mai lâm trung khách#rHọa tác yểu điệu nhập tâm lai.
10131341,Hi Niên Họa Trung Nhân,24,16,false,1,-1,1,10000,4,200,false,1,-1,-1,-1,,,Tích niên hồng mai lâm trung khách#rHọa tác yểu điệu nhập tâm lai.
10131342,Thiên Kim Ý,24,16,false,1,-1,1,10000,4,200,false,1,-1,-1,2160,,,"<color=#33ff99>(Hạn sử dụng 90 ngày, tính từ khi bắt đầu mua)#r<color=#FFFFFF>Thiên kim mãi mã chiến tuyệt địa#rBách bảo trang đao bất tử hương."
10131343,Thiên Kim Ý,24,16,false,1,-1,1,10000,4,200,false,1,-1,-1,8640,,,"<color=#33ff99>(Hạn sử dụng 360 ngày, tính từ khi bắt đầu mua)#r<color=#FFFFFF>Thiên kim mãi mã chiến tuyệt địa#rBách bảo trang đao bất tử hương."
10131344,Thiên Kim Ý,24,16,false,1,-1,1,10000,4,200,false,1,-1,-1,-1,,,Thiên kim mãi mã chiến tuyệt địa#rBách bảo trang đao bất tử hương.
10131345,Cảnh Mừng Thượng Nguyên,24,16,false,1,-1,1,10000,4,200,false,1,-1,-1,24,,,"<color=#33ff99>(Hạn sử dụng 1 ngày, tính từ khi bắt đầu mua)#r<color=#FFFFFF>Dạ trầm lục hải ảnh thanh gia#rThủy thị hi nhướng thượng nguyên thì."
10131346,Cảnh Mừng Thượng Nguyên,24,16,false,1,-1,1,10000,4,200,false,1,-1,-1,24,,,"<color=#33ff99>(Hạn sử dụng 1 ngày, tính từ khi bắt đầu mua)#r<color=#FFFFFF>Dạ trầm lục hải ảnh thanh gia#rThủy thị hi nhướng thượng nguyên thì."
10131347,Cảnh Mừng Thượng Nguyên,24,16,false,1,-1,1,10000,4,200,false,1,-1,-1,72,,,"<color=#33ff99>(Hạn sử dụng 3 ngày, tính từ khi bắt đầu mua)#r<color=#FFFFFF>Dạ trầm lục hải ảnh thanh gia#rThủy thị hi nhướng thượng nguyên thì."
10131348,Cảnh Mừng Thượng Nguyên,24,16,false,1,-1,1,10000,4,200,false,1,-1,-1,72,,,"<color=#33ff99>(Hạn sử dụng 3 ngày, tính từ khi bắt đầu mua)#r<color=#FFFFFF>Dạ trầm lục hải ảnh thanh gia#rThủy thị hi nhướng thượng nguyên thì."
10131349,Cảnh Mừng Thượng Nguyên,24,16,false,1,-1,1,10000,4,200,false,1,-1,-1,168,,,"<color=#33ff99>(Hạn sử dụng 7 ngày, tính từ khi bắt đầu mua)#r<color=#FFFFFF>Dạ trầm lục hải ảnh thanh gia#rThủy thị hi nhướng thượng nguyên thì."
10131350,Cảnh Mừng Thượng Nguyên,24,16,false,1,-1,1,10000,4,200,false,1,-1,-1,168,,,"<color=#33ff99>(Hạn sử dụng 7 ngày, tính từ khi bắt đầu mua)#r<color=#FFFFFF>Dạ trầm lục hải ảnh thanh gia#rThủy thị hi nhướng thượng nguyên thì."
10131351,Cảnh Mừng Thượng Nguyên,24,16,false,1,-1,1,10000,4,200,false,1,-1,-1,360,,,"<color=#33ff99>(Hạn sử dụng 15 ngày, tính từ khi bắt đầu mua)#r<color=#FFFFFF>Dạ trầm lục hải ảnh thanh gia#rThủy thị hi nhướng thượng nguyên thì."
10131352,Cảnh Mừng Thượng Nguyên,24,16,false,1,-1,1,10000,4,200,false,1,-1,-1,360,,,"<color=#33ff99>(Hạn sử dụng 15 ngày, tính từ khi bắt đầu mua)#r<color=#FFFFFF>Dạ trầm lục hải ảnh thanh gia#rThủy thị hi nhướng thượng nguyên thì."
10131353,Cảnh Mừng Thượng Nguyên,24,16,false,1,-1,1,10000,4,200,false,1,-1,-1,720,,,"<color=#33ff99>(Hạn sử dụng 30 ngày, tính từ khi bắt đầu mua)#r<color=#FFFFFF>Dạ trầm lục hải ảnh thanh gia#rThủy thị hi nhướng thượng nguyên thì."
10131354,Cảnh Mừng Thượng Nguyên,24,16,false,1,-1,1,10000,4,200,false,1,-1,-1,720,,,"<color=#33ff99>(Hạn sử dụng 30 ngày, tính từ khi bắt đầu mua)#r<color=#FFFFFF>Dạ trầm lục hải ảnh thanh gia#rThủy thị hi nhướng thượng nguyên thì."
10131355,Cảnh Mừng Thượng Nguyên,24,16,false,1,-1,1,10000,4,200,false,1,-1,-1,2160,,,"<color=#33ff99>(Hạn sử dụng 90 ngày, tính từ khi bắt đầu mua)#r<color=#FFFFFF>Dạ trầm lục hải ảnh thanh gia#rThủy thị hi nhướng thượng nguyên thì."
10131356,Cảnh Mừng Thượng Nguyên,24,16,false,1,-1,1,10000,4,200,false,1,-1,-1,2160,,,"<color=#33ff99>(Hạn sử dụng 90 ngày, tính từ khi bắt đầu mua)#r<color=#FFFFFF>Dạ trầm lục hải ảnh thanh gia#rThủy thị hi nhướng thượng nguyên thì."
10131357,Cảnh Mừng Thượng Nguyên,24,16,false,1,-1,1,10000,4,200,false,1,-1,-1,4320,,,"<color=#33ff99>(Hạn sử dụng 180 ngày, tính từ khi bắt đầu mua)#r<color=#FFFFFF>Dạ trầm lục hải ảnh thanh gia#rThủy thị hi nhướng thượng nguyên thì."
10131358,Cảnh Mừng Thượng Nguyên,24,16,false,1,-1,1,10000,4,200,false,1,-1,-1,4320,,,"<color=#33ff99>(Hạn sử dụng 180 ngày, tính từ khi bắt đầu mua)#r<color=#FFFFFF>Dạ trầm lục hải ảnh thanh gia#rThủy thị hi nhướng thượng nguyên thì."
10131359,Cảnh Mừng Thượng Nguyên,24,16,false,1,-1,1,10000,4,200,false,1,-1,-1,-1,,,Dạ trầm lục hải ảnh thanh gia#rThủy thị hi nhướng thượng nguyên thì.
10131360,Cảnh Mừng Thượng Nguyên,24,16,false,1,-1,1,10000,4,200,false,1,-1,-1,-1,,,Dạ trầm lục hải ảnh thanh gia#rThủy thị hi nhướng thượng nguyên thì.
10131361,Thời Trang Tụ Cốt A (Hủy),24,16,false,1,-1,1,10000,4,200,false,1,-1,-1,168,,,"<color=#33ff99>(Hạn sử dụng 7 ngày, tính từ khi bắt đầu mua)#r<color=#FFFFFF>Quốc vận vô song, hoa thường sơ hiện.#rThính phong lữ xuy hạ, phi chuyển thiên tế."
10131362,Thời Trang Tụ Cốt B (Hủy),24,16,false,1,-1,1,10000,4,200,false,1,-1,-1,168,,,"<color=#33ff99>(Hạn sử dụng 7 ngày, tính từ khi bắt đầu mua)#r<color=#FFFFFF>Quốc vận vô song, hoa thường sơ hiện.#rThính phong lữ xuy hạ, phi chuyển thiên tế."
10131363,Thời Trang Tụ Cốt C (Hủy),24,16,false,1,-1,1,10000,4,200,false,1,-1,-1,168,,,"<color=#33ff99>(Hạn sử dụng 7 ngày, tính từ khi bắt đầu mua)#r<color=#FFFFFF>Quốc vận vô song, hoa thường sơ hiện.#rThính phong lữ xuy hạ, phi chuyển thiên tế."
10131364,Thời Trang Tụ Cốt D (Hủy),24,16,false,1,-1,1,10000,4,200,false,1,-1,-1,168,,,"<color=#33ff99>(Hạn sử dụng 7 ngày, tính từ khi bắt đầu mua)#r<color=#FFFFFF>Quốc vận vô song, hoa thường sơ hiện.#rThính phong lữ xuy hạ, phi chuyển thiên tế."
10131365,Thời Trang Tụ Cốt A (Hủy),24,16,false,1,-1,1,10000,4,200,false,1,-1,-1,-1,,,"Quốc vận vô song, hoa thường sơ hiện.#rThính phong lữ xuy hạ, phi chuyển thiên tế."
10131366,Thời Trang Tụ Cốt B (Hủy),24,16,false,1,-1,1,10000,4,200,false,1,-1,-1,-1,,,"Quốc vận vô song, hoa thường sơ hiện.#rThính phong lữ xuy hạ, phi chuyển thiên tế."
10131367,Thời Trang Tụ Cốt C (Hủy),24,16,false,1,-1,1,10000,4,200,false,1,-1,-1,-1,,,"Quốc vận vô song, hoa thường sơ hiện.#rThính phong lữ xuy hạ, phi chuyển thiên tế."
10131368,Thời Trang Tụ Cốt D (Hủy),24,16,false,1,-1,1,10000,4,200,false,1,-1,-1,-1,,,"Quốc vận vô song, hoa thường sơ hiện.#rThính phong lữ xuy hạ, phi chuyển thiên tế."
10131369,Hồng Lệ Đa,24,16,false,1,-1,1,10000,4,200,false,1,-1,-1,168,,,"<color=#33ff99>(Hạn sử dụng 7 ngày, tính từ khi bắt đầu mua)#r<color=#FFFFFF>Thủy tiên dục thượng lý ngư khứ,#rNhất dạ phù cừ hồng lệ đa."
10131370,Hồng Lệ Đa,24,16,false,1,-1,1,10000,4,200,false,1,-1,-1,360,,,"<color=#33ff99>(Hạn sử dụng 15 ngày, tính từ khi bắt đầu mua)#r<color=#FFFFFF>Thủy tiên dục thượng lý ngư khứ,#rNhất dạ phù cừ hồng lệ đa."
10131371,Hồng Lệ Đa,24,16,false,1,-1,1,10000,4,200,false,1,-1,-1,720,,,"<color=#33ff99>(Hạn sử dụng 30 ngày, tính từ khi bắt đầu mua)#r<color=#FFFFFF>Thủy tiên dục thượng lý ngư khứ,#rNhất dạ phù cừ hồng lệ đa."
10131372,Hồng Lệ Đa,24,16,false,1,-1,1,10000,4,200,false,1,-1,-1,1440,,,"<color=#33ff99>(Hạn sử dụng 60 ngày, tính từ khi bắt đầu mua)#r<color=#FFFFFF>Thủy tiên dục thượng lý ngư khứ,#rNhất dạ phù cừ hồng lệ đa."
10131373,Hồng Lệ Đa,24,16,false,1,-1,1,10000,4,200,false,1,-1,-1,2160,,,"<color=#33ff99>(Hạn sử dụng 90 ngày, tính từ khi bắt đầu mua)#r<color=#FFFFFF>Thủy tiên dục thượng lý ngư khứ,#rNhất dạ phù cừ hồng lệ đa."
10131374,Hồng Lệ Đa,24,16,false,1,-1,1,10000,4,200,false,1,-1,-1,4320,,,"<color=#33ff99>(Hạn sử dụng 180 ngày, tính từ khi bắt đầu mua)#r<color=#FFFFFF>Thủy tiên dục thượng lý ngư khứ,#rNhất dạ phù cừ hồng lệ đa."
10131375,Hồng Lệ Đa,24,16,false,1,-1,1,10000,4,200,false,1,-1,-1,-1,,,"Thủy tiên dục thượng lý ngư khứ,#rNhất dạ phù cừ hồng lệ đa."
10131376,Hồng Lệ Đa,24,16,false,1,-1,1,10000,4,200,false,1,-1,-1,-1,,,"Thủy tiên dục thượng lý ngư khứ,#rNhất dạ phù cừ hồng lệ đa."
10131377,Đằng Hoa Chính Hiểu Tinh,24,16,false,1,-1,1,10000,4,200,false,1,-1,-1,24,,,"<color=#33ff99>(Hạn sử dụng 1 ngày, tính từ khi bắt đầu mua)#r<color=#FFFFFF>U khê xuân ý lưu bất trú,#rTử đằng hoa mạn chính hiểu tinh."
10131378,Đằng Hoa Chính Hiểu Tinh,24,16,false,1,-1,1,10000,4,200,false,1,-1,-1,24,,,"<color=#33ff99>(Hạn sử dụng 1 ngày, tính từ khi bắt đầu mua)#r<color=#FFFFFF>U khê xuân ý lưu bất trú,#rTử đằng hoa mạn chính hiểu tinh."
10131379,Đằng Hoa Chính Hiểu Tinh,24,16,false,1,-1,1,10000,4,200,false,1,-1,-1,72,,,"<color=#33ff99>(Hạn sử dụng 3 ngày, tính từ khi bắt đầu mua)#r<color=#FFFFFF>U khê xuân ý lưu bất trú, #rtử đằng hoa mạn chính hiểu tinh."
10131380,Đằng Hoa Chính Hiểu Tinh,24,16,false,1,-1,1,10000,4,200,false,1,-1,-1,72,,,"<color=#33ff99>(Hạn sử dụng 3 ngày, tính từ khi bắt đầu mua)#r<color=#FFFFFF>U khê xuân ý lưu bất trú,#rTử đằng hoa mạn chính hiểu tinh."
10131381,Đằng Hoa Chính Hiểu Tinh,24,16,false,1,-1,1,10000,4,200,false,1,-1,-1,72,,,"<color=#33ff99>(Hạn sử dụng 3 ngày, tính từ khi bắt đầu mua)#r<color=#FFFFFF>U khê xuân ý lưu bất trú, #rtử đằng hoa mạn chính hiểu tinh."
10131382,Đằng Hoa Chính Hiểu Tinh,24,16,false,1,-1,1,10000,4,200,false,1,-1,-1,72,,,"<color=#33ff99>(Hạn sử dụng 3 ngày, tính từ khi bắt đầu mua)#r<color=#FFFFFF>U khê xuân ý lưu bất trú,#rTử đằng hoa mạn chính hiểu tinh."
10131383,Đằng Hoa Chính Hiểu Tinh,24,16,false,1,-1,1,10000,4,200,false,1,-1,-1,72,,,"<color=#33ff99>(Hạn sử dụng 3 ngày, tính từ khi bắt đầu mua)#r<color=#FFFFFF>U khê xuân ý lưu bất trú,#rTử đằng hoa mạn chính hiểu tinh."
10131384,Đằng Hoa Chính Hiểu Tinh,24,16,false,1,-1,1,10000,4,200,false,1,-1,-1,72,,,"<color=#33ff99>(Hạn sử dụng 3 ngày, tính từ khi bắt đầu mua)#r<color=#FFFFFF>U khê xuân ý lưu bất trú,#rTử đằng hoa mạn chính hiểu tinh."
10131385,Đằng Hoa Chính Hiểu Tinh,24,16,false,1,-1,1,10000,4,200,false,1,-1,-1,168,,,"<color=#33ff99>(Hạn sử dụng 7 ngày, tính từ khi bắt đầu mua)#r<color=#FFFFFF>U khê xuân ý lưu bất trú,#rTử đằng hoa mạn chính hiểu tinh."
10131386,Đằng Hoa Chính Hiểu Tinh,24,16,false,1,-1,1,10000,4,200,false,1,-1,-1,168,,,"<color=#33ff99>(Hạn sử dụng 7 ngày, tính từ khi bắt đầu mua)#r<color=#FFFFFF>U khê xuân ý lưu bất trú, #rtử đằng hoa mạn chính hiểu tinh."
10131387,Đằng Hoa Chính Hiểu Tinh,24,16,false,1,-1,1,10000,4,200,false,1,-1,-1,168,,,"<color=#33ff99>(Hạn sử dụng 7 ngày, tính từ khi bắt đầu mua)#r<color=#FFFFFF>U khê xuân ý lưu bất trú,#rTử đằng hoa mạn chính hiểu tinh."
10131388,Đằng Hoa Chính Hiểu Tinh,24,16,false,1,-1,1,10000,4,200,false,1,-1,-1,360,,,"<color=#33ff99>(Hạn sử dụng 15 ngày, tính từ khi bắt đầu mua)#r<color=#FFFFFF>U khê xuân ý lưu bất trú,#rTử đằng hoa mạn chính hiểu tinh."
10131389,Đằng Hoa Chính Hiểu Tinh,24,16,false,1,-1,1,10000,4,200,false,1,-1,-1,360,,,"<color=#33ff99>(Hạn sử dụng 15 ngày, tính từ khi bắt đầu mua)#r<color=#FFFFFF>U khê xuân ý lưu bất trú,#rTử đằng hoa mạn chính hiểu tinh."
10131390,Đằng Hoa Chính Hiểu Tinh,24,16,false,1,-1,1,10000,4,200,false,1,-1,-1,360,,,"<color=#33ff99>(Hạn sử dụng 15 ngày, tính từ khi bắt đầu mua)#r<color=#FFFFFF>U khê xuân ý lưu bất trú, #rtử đằng hoa mạn chính hiểu tinh."
10131391,Đằng Hoa Chính Hiểu Tinh,24,16,false,1,-1,1,10000,4,200,false,1,-1,-1,360,,,"<color=#33ff99>(Hạn sử dụng 15 ngày, tính từ khi bắt đầu mua)#r<color=#FFFFFF>U khê xuân ý lưu bất trú, #rtử đằng hoa mạn chính hiểu tinh."
10131392,Đằng Hoa Chính Hiểu Tinh,24,16,false,1,-1,1,10000,4,200,false,1,-1,-1,720,,,"<color=#33ff99>(Hạn sử dụng 30 ngày, tính từ khi bắt đầu mua)#r<color=#FFFFFF>U khê xuân ý lưu bất trú,#rTử đằng hoa mạn chính hiểu tinh."
10131393,Đằng Hoa Chính Hiểu Tinh,24,16,false,1,-1,1,10000,4,200,false,1,-1,-1,720,,,"<color=#33ff99>(Hạn sử dụng 30 ngày, tính từ khi bắt đầu mua)#r<color=#FFFFFF>U khê xuân ý lưu bất trú,#rTử đằng hoa mạn chính hiểu tinh."
10131394,Đằng Hoa Chính Hiểu Tinh,24,16,false,1,-1,1,10000,4,200,false,1,-1,-1,720,,,"<color=#33ff99>(Hạn sử dụng 30 ngày, tính từ khi bắt đầu mua)#r<color=#FFFFFF>U khê xuân ý lưu bất trú,#rTử đằng hoa mạn chính hiểu tinh."
10131395,Đằng Hoa Chính Hiểu Tinh,24,16,false,1,-1,1,10000,4,200,false,1,-1,-1,720,,,"<color=#33ff99>(Hạn sử dụng 30 ngày, tính từ khi bắt đầu mua)#r<color=#FFFFFF>U khê xuân ý lưu bất trú,#rTử đằng hoa mạn chính hiểu tinh."
10131396,Đằng Hoa Chính Hiểu Tinh,24,16,false,1,-1,1,10000,4,200,false,1,-1,-1,2160,,,"<color=#33ff99>(Hạn sử dụng 90 ngày, tính từ khi bắt đầu mua)#r<color=#FFFFFF>U khê xuân ý lưu bất trú,#rTử đằng hoa mạn chính hiểu tinh."
10131397,Đằng Hoa Chính Hiểu Tinh,24,16,false,1,-1,1,10000,4,200,false,1,-1,-1,2160,,,"<color=#33ff99>(Hạn sử dụng 90 ngày, tính từ khi bắt đầu mua)#r<color=#FFFFFF>U khê xuân ý lưu bất trú,#rTử đằng hoa mạn chính hiểu tinh."
10131398,Đằng Hoa Chính Hiểu Tinh,24,16,false,1,-1,1,10000,4,200,false,1,-1,-1,4320,,,"<color=#33ff99>(Hạn sử dụng 180 ngày, tính từ khi bắt đầu mua)#r<color=#FFFFFF>U khê xuân ý lưu bất trú,#rTử đằng hoa mạn chính hiểu tinh."
10131399,Đằng Hoa Chính Hiểu Tinh,24,16,false,1,-1,1,10000,4,200,false,1,-1,-1,4320,,,"<color=#33ff99>(Hạn sử dụng 180 ngày, tính từ khi bắt đầu mua)#r<color=#FFFFFF>U khê xuân ý lưu bất trú,#rTử đằng hoa mạn chính hiểu tinh."
10131400,Đằng Hoa Chính Hiểu Tinh,24,16,false,1,-1,1,10000,4,200,false,1,-1,-1,-1,,,"U khê xuân ý lưu bất trú,#rTử đằng hoa mạn chính hiểu tinh<color=#00FF00>#rThời trang này có thể thông qua Y Thiên Thái tại Lạc Dương tiến hành nhuộm màu."
10131401,Đằng Hoa Chính Hiểu Tinh,24,16,false,1,-1,1,10000,4,200,false,1,-1,-1,-1,,,"U khê xuân ý lưu bất trú,#rTử đằng hoa mạn chính hiểu tinh<color=#00FF00>#rThời trang này có thể thông qua Y Thiên Thái tại Lạc Dương tiến hành nhuộm màu."
10131402,Tiếu Hồng Trần,24,16,false,1,-1,1,10000,4,200,false,1,-1,-1,-1,,,"Tiếu hoàng diệp mãn thuyền sơn túy,#rHữu hồng trần thả khứ hồ trung."
10131403,Thiệp Giang Phù Dung,24,16,false,1,4,1,10000,4,200,false,1,-1,-1,-1,,,"Thiệp giang dục thái phù dung vũ,#rGiang ba diêu diêu hạo yên vụ."
10131404,Thiệp Giang Phù Dung,24,16,false,1,4,1,10000,4,200,false,1,-1,-1,-1,,,"Thiệp giang dục thái phù dung vũ,#rGiang ba diêu diêu hạo yên vụ."
10131405,Đạo Thị Vô Tình,24,16,false,1,3,1,10000,4,200,false,1,-1,-1,-1,,,"Đạo thị vô tình mại bất thành,#rVô nhân tri ngã tâm tiên ngộ."
10131406,Đạo Thị Vô Tình,24,16,false,1,3,1,10000,4,200,false,1,-1,-1,-1,,,"Đạo thị vô tình mại bất thành,#rVô nhân tri ngã tâm tiên ngộ."
10131407,Dao Dạ Nhân Gian,24,16,false,1,11,1,10000,4,200,false,1,-1,-1,-1,,,"Vạn tịch tĩnh thanh dao dạ vĩnh,#rNhân gian vị hữu quân cao thu."
10131408,Dao Dạ Nhân Gian,24,16,false,1,11,1,10000,4,200,false,1,-1,-1,-1,,,"Vạn tịch tĩnh thanh dao dạ vĩnh,#rNhân gian vị hữu quân cao thu."
10131409,Quân Chấn Thiên Khuyết,24,16,false,1,6,1,10000,4,200,false,1,-1,-1,-1,,,"Như văn hán đế trảm xà sự,#rThiên hạ tạ giáp gia công phủ."
10131410,Quân Chấn Thiên Khuyết,24,16,false,1,6,1,10000,4,200,false,1,-1,-1,-1,,,"Như văn hán đế trảm xà sự,#rThiên hạ tạ giáp gia công phủ."
10131411,Linh Mộc Phật Lâu,24,16,false,1,0,1,10000,4,200,false,1,-1,-1,-1,,,"Tân mộc lai chiêm hiện thế phật,#rMôn bế chung khánh linh truyền thính."
10131412,Linh Mộc Phật Lâu,24,16,false,1,0,1,10000,4,200,false,1,-1,-1,-1,,,"Tân mộc lai chiêm hiện thế phật,#rMôn bế chung khánh linh truyền thính."
10131413,Xích Phần Bi Khổ,24,16,false,1,1,1,10000,4,200,false,1,-1,-1,-1,,,"Dục tri hành tọa phần thiêu khổ,#rThốn tâm bi khổ khả hóa khôi."
10131414,Xích Phần Bi Khổ,24,16,false,1,1,1,10000,4,200,false,1,-1,-1,-1,,,"Dục tri hành tọa phần thiêu khổ,#rThốn tâm bi khổ khả hóa khôi."
10131415,Kinh Cúc Nhập Tâm,24,16,false,1,7,1,10000,4,200,false,1,-1,-1,-1,,,"Tuyết điêu sương túc thu ý kinh,#rThiên kinh địa cúc thích nhân tâm."
10131416,Kinh Cúc Nhập Tâm,24,16,false,1,7,1,10000,4,200,false,1,-1,-1,-1,,,"Tuyết điêu sương túc thu ý kinh,#rThiên kinh địa cúc thích nhân tâm."
10131417,Hiệp Cốt Thiên Trường,24,16,false,1,2,1,10000,4,200,false,1,-1,-1,-1,,,"Thiên kim hà xứ thác hiệp cốt,#rTọa đối tuế nguyệt tửu thiên trường."
10131418,Hiệp Cốt Thiên Trường,24,16,false,1,2,1,10000,4,200,false,1,-1,-1,-1,,,"Thiên kim hà xứ thác hiệp cốt,#rTọa đối tuế nguyệt tửu thiên trường."
10131419,Khởi Nguyệt Lê Mông,24,16,false,1,5,1,10000,4,200,false,1,-1,-1,-1,,,"Khởi hoa tử trúc truyền u vận,#rNguyệt hạ giai khách điêu vong hàn."
10131420,Khởi Nguyệt Lê Mông,24,16,false,1,5,1,10000,4,200,false,1,-1,-1,-1,,,"Khởi hoa tử trúc truyền u vận,#rNguyệt hạ giai khách điêu vong hàn."
10131421,Sơn Mạt Vi Vân,24,16,false,1,8,1,10000,4,200,false,1,-1,-1,-1,,,"Cảm đồng sơn mạt vi vân hận,#rVi biệt giai nhân đoạn viễn kiều."
10131422,Sơn Mạt Vi Vân,24,16,false,1,8,1,10000,4,200,false,1,-1,-1,-1,,,"Cảm đồng sơn mạt vi vân hận,#rVi biệt giai nhân đoạn viễn kiều."
10131423,Hồ Tinh Lam Tướng,24,16,false,1,10,1,10000,4,200,false,1,-1,-1,-1,,,"Hồ thiên vũ quá tiếp viễn lộ,#rMãn mục tinh lam đai thụ yên."
10131424,Hồ Tinh Lam Tướng,24,16,false,1,10,1,10000,4,200,false,1,-1,-1,-1,,,"Hồ thiên vũ quá tiếp viễn lộ,#rMãn mục tinh lam đai thụ yên."
10131425,Tinh Trầm Liệt Dã,24,16,false,1,12,1,10000,4,200,false,1,-1,-1,-1,,,"Liệt trận trầm tinh dã mạn mạn,#rMinh diệt tham si vọng bất kiến."
10131426,Tinh Trầm Liệt Dã,24,16,false,1,12,1,10000,4,200,false,1,-1,-1,-1,,,"Liệt trận trầm tinh dã mạn mạn,#rMinh diệt tham si vọng bất kiến."
10131427,Duy Mộng Nhàn Nhân,24,16,false,1,13,1,10000,4,200,false,1,-1,-1,-1,,,"Khấp lộ thu trùng hàm suy thảo,#rNhàn nhân nhập mộng bất kiến quân."
10131428,Duy Mộng Nhàn Nhân,24,16,false,1,13,1,10000,4,200,false,1,-1,-1,-1,,,"Khấp lộ thu trùng hàm suy thảo,#rNhàn nhân nhập mộng bất kiến quân."
10131429,Đề Kỵ Chiếu Ngọc,24,16,false,1,-1,1,10000,4,200,false,1,-1,-1,-1,,,"Đề kỵ đương hành lập tiêu trung,#rNgân yên bạch mã chiếu ngọc kinh.<color=#00FF00>#rThời trang này có thể thông qua Y Thiên Thái tại Lạc Dương tiến hành nhuộm màu."
10131430,Đề Kỵ Chiếu Ngọc,24,16,false,1,-1,1,10000,4,200,false,1,-1,-1,-1,,,"Lãng nguyệt dao đài trừng phong lộ,#rHoa hạ tự chước ngọc hồ băng.<color=#00FF00>#rThời trang này có thể thông qua Y Thiên Thái tại Lạc Dương tiến hành nhuộm màu."
10131431,Đề Kỵ Chiếu Ngọc,24,16,false,1,-1,1,10000,4,200,false,1,-1,-1,-1,,,"Vũ hậu hồng cừ thứ đệ khai,#rCộng hưởng thanh hoan tác trường ca.<color=#00FF00>#rThời trang này có thể thông qua Y Thiên Thái tại Lạc Dương tiến hành nhuộm màu."
10131432,Đề Kỵ Chiếu Ngọc,24,16,false,1,-1,1,10000,4,200,false,1,-1,-1,-1,,,"Tiểu hà cái thủy lâm phong khúc,#rẢnh lạc thiên thanh tịnh như tẩy.<color=#00FF00>#rThời trang này có thể thông qua Y Thiên Thái tại Lạc Dương tiến hành nhuộm màu."
10131433,Hàn Cung Tiêu Mộng,24,16,false,1,-1,1,10000,4,200,false,1,-1,-1,24,,,"<color=#33ff99>(Hạn sử dụng 1 ngày, tính từ khi bắt đầu mua)#r<color=#FFFFFF>Ngân tản vân ác hoảng sinh mộng,#rHứa thị thâm hàn tuyền tiên sa."
10131434,Hàn Cung Tiêu Mộng,24,16,false,1,-1,1,10000,4,200,false,1,-1,-1,24,,,"<color=#33ff99>(Hạn sử dụng 1 ngày, tính từ khi bắt đầu mua)#r<color=#FFFFFF>Ngân tản vân ác hoảng sinh mộng,#rHứa thị thâm hàn tuyền tiên sa."
10131435,Hàn Cung Tiêu Mộng,24,16,false,1,-1,1,10000,4,200,false,1,-1,-1,72,,,"<color=#33ff99>(Hạn sử dụng 3 ngày, tính từ khi bắt đầu mua)#r<color=#FFFFFF>Ngân tản vân ác hoảng sinh mộng,#rHứa thị thâm hàn tuyền tiên sa."
10131436,Hàn Cung Tiêu Mộng,24,16,false,1,-1,1,10000,4,200,false,1,-1,-1,72,,,"<color=#33ff99>(Hạn sử dụng 3 ngày, tính từ khi bắt đầu mua)#r<color=#FFFFFF>Ngân tản vân ác hoảng sinh mộng,#rHứa thị thâm hàn tuyền tiên sa."
10131437,Hàn Cung Tiêu Mộng,24,16,false,1,-1,1,10000,4,200,false,1,-1,-1,168,,,"<color=#33ff99>(Hạn sử dụng 7 ngày, tính từ khi bắt đầu mua)#r<color=#FFFFFF>Ngân tản vân ác hoảng sinh mộng,#rHứa thị thâm hàn tuyền tiên sa."
10131438,Hàn Cung Tiêu Mộng,24,16,false,1,-1,1,10000,4,200,false,1,-1,-1,168,,,"<color=#33ff99>(Hạn sử dụng 7 ngày, tính từ khi bắt đầu mua)#r<color=#FFFFFF>Ngân tản vân ác hoảng sinh mộng,#rHứa thị thâm hàn tuyền tiên sa."
10131439,Hàn Cung Tiêu Mộng,24,16,false,1,-1,1,10000,4,200,false,1,-1,-1,360,,,"<color=#33ff99>(Hạn sử dụng 15 ngày, tính từ khi bắt đầu mua)#r<color=#FFFFFF>Ngân tản vân ác hoảng sinh mộng,#rHứa thị thâm hàn tuyền tiên sa."
10131440,Hàn Cung Tiêu Mộng,24,16,false,1,-1,1,10000,4,200,false,1,-1,-1,360,,,"<color=#33ff99>(Hạn sử dụng 15 ngày, tính từ khi bắt đầu mua)#r<color=#FFFFFF>Ngân tản vân ác hoảng sinh mộng,#rHứa thị thâm hàn tuyền tiên sa."
10131441,Hàn Cung Tiêu Mộng,24,16,false,1,-1,1,10000,4,200,false,1,-1,-1,720,,,"<color=#33ff99>(Hạn sử dụng 30 ngày, tính từ khi bắt đầu mua)#r<color=#FFFFFF>Ngân tản vân ác hoảng sinh mộng,#rHứa thị thâm hàn tuyền tiên sa."
10131442,Hàn Cung Tiêu Mộng,24,16,false,1,-1,1,10000,4,200,false,1,-1,-1,720,,,"<color=#33ff99>(Hạn sử dụng 30 ngày, tính từ khi bắt đầu mua)#r<color=#FFFFFF>Ngân tản vân ác hoảng sinh mộng,#rHứa thị thâm hàn tuyền tiên sa."
10131443,Hàn Cung Tiêu Mộng,24,16,false,1,-1,1,10000,4,200,false,1,-1,-1,2160,,,"<color=#33ff99>(Hạn sử dụng 90 ngày, tính từ khi bắt đầu mua)#r<color=#FFFFFF>Ngân tản vân ác hoảng sinh mộng,#rHứa thị thâm hàn tuyền tiên sa."
10131444,Hàn Cung Tiêu Mộng,24,16,false,1,-1,1,10000,4,200,false,1,-1,-1,2160,,,"<color=#33ff99>(Hạn sử dụng 90 ngày, tính từ khi bắt đầu mua)#r<color=#FFFFFF>Ngân tản vân ác hoảng sinh mộng,#rHứa thị thâm hàn tuyền tiên sa."
10131445,Hàn Cung Tiêu Mộng,24,16,false,1,-1,1,10000,4,200,false,1,-1,-1,4320,,,"<color=#33ff99>(Hạn sử dụng 180 ngày, tính từ khi bắt đầu mua)#r<color=#FFFFFF>Ngân tản vân ác hoảng sinh mộng,#rHứa thị thâm hàn tuyền tiên sa."
10131446,Hàn Cung Tiêu Mộng,24,16,false,1,-1,1,10000,4,200,false,1,-1,-1,4320,,,"<color=#33ff99>(Hạn sử dụng 180 ngày, tính từ khi bắt đầu mua)#r<color=#FFFFFF>Ngân tản vân ác hoảng sinh mộng,#rHứa thị thâm hàn tuyền tiên sa."
10131447,Hàn Cung Tiêu Mộng,24,16,false,1,-1,1,10000,4,200,false,1,-1,-1,-1,,,"Ngân tản vân ác hoảng sinh mộng,#rHứa thị thâm hàn tuyền tiên sa.<color=#00FF00>#rThời trang này có thể thông qua Y Thiên Thái tại Lạc Dương tiến hành nhuộm màu."
10131448,Hàn Cung Tiêu Mộng,24,16,false,1,-1,1,10000,4,200,false,1,-1,-1,-1,,,"Ngân tản vân ác hoảng sinh mộng,#rHứa thị thâm hàn tuyền tiên sa.<color=#00FF00>#rThời trang này có thể thông qua Y Thiên Thái tại Lạc Dương tiến hành nhuộm màu."
10131449,Vũ Y Hà Phiên Thiên,24,16,false,1,-1,1,10000,4,200,false,1,-1,-1,24,,,"<color=#33ff99>(Hạn sử dụng 1 ngày, tính từ khi bắt đầu mua)#r<color=#FFFFFF>Ngân tản vân ác hoảng sinh mộng,#rHứa thị thâm hàn tuyền tiên sa."
10131450,Vũ Y Hà Phiên Thiên,24,16,false,1,-1,1,10000,4,200,false,1,-1,-1,24,,,"<color=#33ff99>(Hạn sử dụng 1 ngày, tính từ khi bắt đầu mua)#r<color=#FFFFFF>Ngân tản vân ác hoảng sinh mộng,#rHứa thị thâm hàn tuyền tiên sa."
10131451,Vũ Y Hà Phiên Thiên,24,16,false,1,-1,1,10000,4,200,false,1,-1,-1,72,,,"<color=#33ff99>(Hạn sử dụng 3 ngày, tính từ khi bắt đầu mua)#r<color=#FFFFFF>Ngân tản vân ác hoảng sinh mộng,#rHứa thị thâm hàn tuyền tiên sa."
10131452,Vũ Y Hà Phiên Thiên,24,16,false,1,-1,1,10000,4,200,false,1,-1,-1,72,,,"<color=#33ff99>(Hạn sử dụng 3 ngày, tính từ khi bắt đầu mua)#r<color=#FFFFFF>Ngân tản vân ác hoảng sinh mộng,#rHứa thị thâm hàn tuyền tiên sa."
10131453,Vũ Y Hà Phiên Thiên,24,16,false,1,-1,1,10000,4,200,false,1,-1,-1,168,,,"<color=#33ff99>(Hạn sử dụng 7 ngày, tính từ khi bắt đầu mua)#r<color=#FFFFFF>Ngân tản vân ác hoảng sinh mộng,#rHứa thị thâm hàn tuyền tiên sa."
10131454,Vũ Y Hà Phiên Thiên,24,16,false,1,-1,1,10000,4,200,false,1,-1,-1,168,,,"<color=#33ff99>(Hạn sử dụng 7 ngày, tính từ khi bắt đầu mua)#r<color=#FFFFFF>Ngân tản vân ác hoảng sinh mộng,#rHứa thị thâm hàn tuyền tiên sa."
10131455,Vũ Y Hà Phiên Thiên,24,16,false,1,-1,1,10000,4,200,false,1,-1,-1,360,,,"<color=#33ff99>(Hạn sử dụng 15 ngày, tính từ khi bắt đầu mua)#r<color=#FFFFFF>Ngân tản vân ác hoảng sinh mộng,#rHứa thị thâm hàn tuyền tiên sa."
10131456,Vũ Y Hà Phiên Thiên,24,16,false,1,-1,1,10000,4,200,false,1,-1,-1,360,,,"<color=#33ff99>(Hạn sử dụng 15 ngày, tính từ khi bắt đầu mua)#r<color=#FFFFFF>Ngân tản vân ác hoảng sinh mộng,#rHứa thị thâm hàn tuyền tiên sa."
10131457,Vũ Y Hà Phiên Thiên,24,16,false,1,-1,1,10000,4,200,false,1,-1,-1,720,,,"<color=#33ff99>(Hạn sử dụng 30 ngày, tính từ khi bắt đầu mua)#r<color=#FFFFFF>Ngân tản vân ác hoảng sinh mộng,#rHứa thị thâm hàn tuyền tiên sa."
10131458,Vũ Y Hà Phiên Thiên,24,16,false,1,-1,1,10000,4,200,false,1,-1,-1,720,,,"<color=#33ff99>(Hạn sử dụng 30 ngày, tính từ khi bắt đầu mua)#r<color=#FFFFFF>Ngân tản vân ác hoảng sinh mộng,#rHứa thị thâm hàn tuyền tiên sa."
10131459,Vũ Y Hà Phiên Thiên,24,16,false,1,-1,1,10000,4,200,false,1,-1,-1,2160,,,"<color=#33ff99>(Hạn sử dụng 90 ngày, tính từ khi bắt đầu mua)#r<color=#FFFFFF>Ngân tản vân ác hoảng sinh mộng,#rHứa thị thâm hàn tuyền tiên sa."
10131460,Vũ Y Hà Phiên Thiên,24,16,false,1,-1,1,10000,4,200,false,1,-1,-1,2160,,,"<color=#33ff99>(Hạn sử dụng 90 ngày, tính từ khi bắt đầu mua)#r<color=#FFFFFF>Ngân tản vân ác hoảng sinh mộng,#rHứa thị thâm hàn tuyền tiên sa."
10131461,Vũ Y Hà Phiên Thiên,24,16,false,1,-1,1,10000,4,200,false,1,-1,-1,4320,,,"<color=#33ff99>(Hạn sử dụng 180 ngày, tính từ khi bắt đầu mua)#r<color=#FFFFFF>Ngân tản vân ác hoảng sinh mộng,#rHứa thị thâm hàn tuyền tiên sa."
10131462,Vũ Y Hà Phiên Thiên,24,16,false,1,-1,1,10000,4,200,false,1,-1,-1,4320,,,"<color=#33ff99>(Hạn sử dụng 180 ngày, tính từ khi bắt đầu mua)#r<color=#FFFFFF>Ngân tản vân ác hoảng sinh mộng,#rHứa thị thâm hàn tuyền tiên sa."
10131463,Vũ Y Hà Phiên Thiên,24,16,false,1,-1,1,10000,4,200,false,1,-1,-1,-1,,,"Ngân tản vân ác hoảng sinh mộng,#rHứa thị thâm hàn tuyền tiên sa."
10131464,Vũ Y Hà Phiên Thiên,24,16,false,1,-1,1,10000,4,200,false,1,-1,-1,-1,,,"Ngân tản vân ác hoảng sinh mộng,#rHứa thị thâm hàn tuyền tiên sa."
10131465,Phong Lộ Nồng,24,16,false,1,-1,1,10000,4,200,false,1,-1,-1,-1,,,"Thanh sơn bạch thủy giang phong duệ,#rTây viên bạc thuyền thanh lộ nùng."
10131466,Phong Lộ Nồng,24,16,false,1,-1,1,10000,4,200,false,1,-1,-1,-1,,,"Thanh sơn bạch thủy giang phong duệ,#rTây viên bạc thuyền thanh lộ nùng."
10131467,Mạc Cao Phi Thiên Vũ,24,16,false,1,-1,1,10000,4,200,false,1,-1,-1,-1,,,"Bối diệp không thiền thích phật quốc,#rPhi thiên ngũ sắc giáng đình giai."
10131468,Mạc Cao Phi Thiên Vũ,24,16,false,1,-1,1,10000,4,200,false,1,-1,-1,-1,,,"Bối diệp không thiền thích phật quốc,#rPhi thiên ngũ sắc giáng đình giai."
10131469,Khuynh Quốc Lưỡng Tương Hoan,24,16,false,1,-1,1,10000,4,200,false,1,-1,-1,24,,,"<color=#33ff99>(Hạn sử dụng 1 ngày, tính từ khi bắt đầu mua)#r<color=#FFFFFF>Danh hoa khuynh quốc lưỡng tướng hoan,#rTrường đắc quân vương đai tiếu khán."
10131470,Khuynh Quốc Lưỡng Tương Hoan,24,16,false,1,-1,1,10000,4,200,false,1,-1,-1,24,,,"<color=#33ff99>(Hạn sử dụng 1 ngày, tính từ khi bắt đầu mua)#r<color=#FFFFFF>Danh hoa khuynh quốc lưỡng tướng hoan,#rTrường đắc quân vương đai tiếu khán."
10131471,Khuynh Quốc Lưỡng Tương Hoan,24,16,false,1,-1,1,10000,4,200,false,1,-1,-1,72,,,"<color=#33ff99>(Hạn sử dụng 3 ngày, tính từ khi bắt đầu mua)#r<color=#FFFFFF>Danh hoa khuynh quốc lưỡng tướng hoan,#rTrường đắc quân vương đai tiếu khán."
10131472,Khuynh Quốc Lưỡng Tương Hoan,24,16,false,1,-1,1,10000,4,200,false,1,-1,-1,72,,,"<color=#33ff99>(Hạn sử dụng 3 ngày, tính từ khi bắt đầu mua)#r<color=#FFFFFF>Danh hoa khuynh quốc lưỡng tướng hoan,#rTrường đắc quân vương đai tiếu khán."
10131473,Khuynh Quốc Lưỡng Tương Hoan,24,16,false,1,-1,1,10000,4,200,false,1,-1,-1,168,,,"<color=#33ff99>(Hạn sử dụng 7 ngày, tính từ khi bắt đầu mua)#r<color=#FFFFFF>Danh hoa khuynh quốc lưỡng tướng hoan#rTrường đắc quân vương đai tiếu khán."
10131474,Khuynh Quốc Lưỡng Tương Hoan,24,16,false,1,-1,1,10000,4,200,false,1,-1,-1,168,,,"<color=#33ff99>(Hạn sử dụng 7 ngày, tính từ khi bắt đầu mua)#r<color=#FFFFFF>Danh hoa khuynh quốc lưỡng tướng hoan,#rTrường đắc quân vương đai tiếu khán."
10131475,Khuynh Quốc Lưỡng Tương Hoan,24,16,false,1,-1,1,10000,4,200,false,1,-1,-1,168,,,"<color=#33ff99>(Hạn sử dụng 7 ngày, tính từ khi bắt đầu mua)#r<color=#FFFFFF>Danh hoa khuynh quốc lưỡng tướng hoan,#rTrường đắc quân vương đai tiếu khán."
10131476,Khuynh Quốc Lưỡng Tương Hoan,24,16,false,1,-1,1,10000,4,200,false,1,-1,-1,360,,,"<color=#33ff99>(Hạn sử dụng 15 ngày, tính từ khi bắt đầu mua)#r<color=#FFFFFF>Danh hoa khuynh quốc lưỡng tướng hoan,#rTrường đắc quân vương đai tiếu khán."
10131477,Khuynh Quốc Lưỡng Tương Hoan,24,16,false,1,-1,1,10000,4,200,false,1,-1,-1,360,,,"<color=#33ff99>(Hạn sử dụng 15 ngày, tính từ khi bắt đầu mua)#r<color=#FFFFFF>Danh hoa khuynh quốc lưỡng tướng hoan,#rTrường đắc quân vương đai tiếu khán."
10131478,Khuynh Quốc Lưỡng Tương Hoan,24,16,false,1,-1,1,10000,4,200,false,1,-1,-1,720,,,"<color=#33ff99>(Hạn sử dụng 30 ngày, tính từ khi bắt đầu mua)#r<color=#FFFFFF>Danh hoa khuynh quốc lưỡng tướng hoan#rTrường đắc quân vương đai tiếu khán."
10131479,Khuynh Quốc Lưỡng Tương Hoan,24,16,false,1,-1,1,10000,4,200,false,1,-1,-1,720,,,"<color=#33ff99>(Hạn sử dụng 30 ngày, tính từ khi bắt đầu mua)#r<color=#FFFFFF>Danh hoa khuynh quốc lưỡng tướng hoan,#rTrường đắc quân vương đai tiếu khán."
10131480,Khuynh Quốc Lưỡng Tương Hoan,24,16,false,1,-1,1,10000,4,200,false,1,-1,-1,720,,,"<color=#33ff99>(Hạn sử dụng 30 ngày, tính từ khi bắt đầu mua)#r<color=#FFFFFF>Danh hoa khuynh quốc lưỡng tướng hoan,#rTrường đắc quân vương đai tiếu khán."
10131481,Khuynh Quốc Lưỡng Tương Hoan,24,16,false,1,-1,1,10000,4,200,false,1,-1,-1,2160,,,"<color=#33ff99>(Hạn sử dụng 90 ngày, tính từ khi bắt đầu mua)#r<color=#FFFFFF>Danh hoa khuynh quốc lưỡng tướng hoan,#rTrường đắc quân vương đai tiếu khán."
10131482,Khuynh Quốc Lưỡng Tương Hoan,24,16,false,1,-1,1,10000,4,200,false,1,-1,-1,2160,,,"<color=#33ff99>(Hạn sử dụng 90 ngày, tính từ khi bắt đầu mua)#r<color=#FFFFFF>Danh hoa khuynh quốc lưỡng tướng hoan,#rTrường đắc quân vương đai tiếu khán."
10131483,Khuynh Quốc Lưỡng Tương Hoan,24,16,false,1,-1,1,10000,4,200,false,1,-1,-1,4320,,,"<color=#33ff99>(Hạn sử dụng 180 ngày, tính từ khi bắt đầu mua)#r<color=#FFFFFF>Danh hoa khuynh quốc lưỡng tướng hoan,#rTrường đắc quân vương đai tiếu khán."
10131484,Khuynh Quốc Lưỡng Tương Hoan,24,16,false,1,-1,1,10000,4,200,false,1,-1,-1,4320,,,"<color=#33ff99>(Hạn sử dụng 180 ngày, tính từ khi bắt đầu mua)#r<color=#FFFFFF>Danh hoa khuynh quốc lưỡng tướng hoan,#rTrường đắc quân vương đai tiếu khán."
10131485,Khuynh Quốc Lưỡng Tương Hoan,24,16,false,1,-1,1,10000,4,200,false,1,-1,-1,-1,,,"Danh hoa khuynh quốc lưỡng tướng hoan,#rTrường đắc quân vương đai tiếu khán."
10131486,Khuynh Quốc Lưỡng Tương Hoan,24,16,false,1,-1,1,10000,4,200,false,1,-1,-1,-1,,,"Danh hoa khuynh quốc lưỡng tướng hoan,#rTrường đắc quân vương đai tiếu khán."
10131487,Khuynh Quốc Lưỡng Tương Hoan,24,16,false,1,-1,1,10000,4,200,false,1,-1,-1,-1,,,Danh hoa khuynh quốc lưỡng tướng hoan#rTrường đắc quân vương đai tiếu khán.
10131488,Khuynh Quốc Lưỡng Tương Hoan,24,16,false,1,-1,1,10000,4,200,false,1,-1,-1,-1,,,Danh hoa khuynh quốc lưỡng tướng hoan#rTrường đắc quân vương đai tiếu khán.
10131489,Khuynh Quốc Lưỡng Tương Hoan,24,16,false,1,-1,1,10000,4,200,false,1,-1,-1,-1,,,Danh hoa khuynh quốc lưỡng tướng hoan#rTrường đắc quân vương đai tiếu khán.
10131490,Khuynh Quốc Lưỡng Tương Hoan,24,16,false,1,-1,1,10000,4,200,false,1,-1,-1,-1,,,Danh hoa khuynh quốc lưỡng tướng hoan#rTrường đắc quân vương đai tiếu khán.
10131491,Thương Minh Đại Ảnh,24,16,false,1,-1,1,10000,4,200,false,1,-1,-1,24,,,"<color=#33ff99>(Hạn sử dụng 1 ngày, tính từ khi bắt đầu mua)#r<color=#FFFFFF>Thái sơ khởi thương minh,#rĐại ảnh dao tham thương."
10131492,Thương Minh Đại Ảnh,24,16,false,1,-1,1,10000,4,200,false,1,-1,-1,24,,,"<color=#33ff99>(Hạn sử dụng 1 ngày, tính từ khi bắt đầu mua)#r<color=#FFFFFF>Thái sơ khởi thương minh,#rĐại ảnh dao tham thương."
10131493,Thương Minh Đại Ảnh,24,16,false,1,-1,1,10000,4,200,false,1,-1,-1,72,,,"<color=#33ff99>(Hạn sử dụng 3 ngày, tính từ khi bắt đầu mua)#r<color=#FFFFFF>Thái sơ khởi thương minh,#rĐại ảnh dao tham thương."
10131494,Thương Minh Đại Ảnh,24,16,false,1,-1,1,10000,4,200,false,1,-1,-1,72,,,"<color=#33ff99>(Hạn sử dụng 3 ngày, tính từ khi bắt đầu mua)#r<color=#FFFFFF>Thái sơ khởi thương minh,#rĐại ảnh dao tham thương."
10131495,Thương Minh Đại Ảnh,24,16,false,1,-1,1,10000,4,200,false,1,-1,-1,168,,,"<color=#33ff99>(Hạn sử dụng 7 ngày, tính từ khi bắt đầu mua)#r<color=#FFFFFF>Thái sơ khởi thương minh,#rĐại ảnh dao tham thương."
10131496,Thương Minh Đại Ảnh,24,16,false,1,-1,1,10000,4,200,false,1,-1,-1,168,,,"<color=#33ff99>(Hạn sử dụng 7 ngày, tính từ khi bắt đầu mua)#r<color=#FFFFFF>Thái sơ khởi thương minh,#rĐại ảnh dao tham thương."
10131497,Thương Minh Đại Ảnh,24,16,false,1,-1,1,10000,4,200,false,1,-1,-1,360,,,"<color=#33ff99>(Hạn sử dụng 15 ngày, tính từ khi bắt đầu mua)#r<color=#FFFFFF>Thái sơ khởi thương minh,#rĐại ảnh dao tham thương."
10131497,Thương Minh Đại Ảnh,24,16,false,1,-1,1,10000,4,200,false,1,-1,-1,360,,,"<color=#33ff99>(Hạn sử dụng 15 ngày, tính từ khi bắt đầu mua)#r<color=#FFFFFF>Thái sơ khởi thương minh,#rĐại ảnh dao tham thương."
10131498,Thương Minh Đại Ảnh,24,16,false,1,-1,1,10000,4,200,false,1,-1,-1,720,,,"<color=#33ff99>(Hạn sử dụng 30 ngày, tính từ khi bắt đầu mua)#r<color=#FFFFFF>Thái sơ khởi thương minh,#rĐại ảnh dao tham thương."
10131499,Thương Minh Đại Ảnh,24,16,false,1,-1,1,10000,4,200,false,1,-1,-1,720,,,"<color=#33ff99>(Hạn sử dụng 30 ngày, tính từ khi bắt đầu mua)#r<color=#FFFFFF>Thái sơ khởi thương minh,#rĐại ảnh dao tham thương."
10131500,Thương Minh Đại Ảnh,24,16,false,1,-1,1,10000,4,200,false,1,-1,-1,2160,,,"<color=#33ff99>(Hạn sử dụng 90 ngày, tính từ khi bắt đầu mua)#r<color=#FFFFFF>Thái sơ khởi thương minh,#rĐại ảnh dao tham thương."
10131501,Thương Minh Đại Ảnh,24,16,false,1,-1,1,10000,4,200,false,1,-1,-1,2160,,,"<color=#33ff99>(Hạn sử dụng 90 ngày, tính từ khi bắt đầu mua)#r<color=#FFFFFF>Thái sơ khởi thương minh,#rĐại ảnh dao tham thương."
10131502,Thương Minh Đại Ảnh,24,16,false,1,-1,1,10000,4,200,false,1,-1,-1,4320,,,"<color=#33ff99>(Hạn sử dụng 180 ngày, tính từ khi bắt đầu mua)#r<color=#FFFFFF>Thái sơ khởi thương minh,#rĐại ảnh dao tham thương."
10131503,Thương Minh Đại Ảnh,24,16,false,1,-1,1,10000,4,200,false,1,-1,-1,4320,,,"<color=#33ff99>(Hạn sử dụng 180 ngày, tính từ khi bắt đầu mua)#r<color=#FFFFFF>Thái sơ khởi thương minh,#rĐại ảnh dao tham thương."
10131504,Thương Minh Đại Ảnh,24,16,false,1,-1,1,10000,4,200,false,1,-1,-1,-1,,,"Thái sơ khởi thương minh,#rĐại ảnh dao tham thương."
10131505,Thương Minh Đại Ảnh,24,16,false,1,-1,1,10000,4,200,false,1,-1,-1,-1,,,"Thái sơ khởi thương minh,#rĐại ảnh dao tham thương."
10131506,Thương Minh Đại Ảnh,24,16,false,1,-1,1,10000,4,200,false,1,-1,-1,-1,,,"Thái sơ khởi thương minh,#rĐại ảnh dao tham thương."
10131507,Cẩm La Bán Tiễn,24,16,false,1,-1,1,10000,4,200,false,1,-1,-1,24,,,"<color=#33ff99>(Hạn sử dụng 1 ngày, tính từ khi bắt đầu mua)#r<color=#FFFFFF>Cẩm lý dục hí lăng hoa ngạnh, #rngự hương do nhạ cẩm la bào."
10131508,Cẩm La Bán Tiễn,24,16,false,1,-1,1,10000,4,200,false,1,-1,-1,24,,,"<color=#33ff99>(Hạn sử dụng 1 ngày, tính từ khi bắt đầu mua)#r<color=#FFFFFF>Cẩm lý dục hí lăng hoa ngạnh,#rNgự hương do nhạ cẩm la bào."
10131509,Cẩm La Bán Tiễn,24,16,false,1,-1,1,10000,4,200,false,1,-1,-1,72,,,"<color=#33ff99>(Hạn sử dụng 3 ngày, tính từ khi bắt đầu mua)#r<color=#FFFFFF>Cẩm lý dục hí lăng hoa ngạnh,#rNgự hương do nhạ cẩm la bào."
10131510,Cẩm La Bán Tiễn,24,16,false,1,-1,1,10000,4,200,false,1,-1,-1,72,,,"<color=#33ff99>(Hạn sử dụng 3 ngày, tính từ khi bắt đầu mua)#r<color=#FFFFFF>Cẩm lý dục hí lăng hoa ngạnh, #rngự hương do nhạ cẩm la bào."
10131511,Cẩm La Bán Tiễn,24,16,false,1,-1,1,10000,4,200,false,1,-1,-1,168,,,"<color=#33ff99>(Hạn sử dụng 7 ngày, tính từ khi bắt đầu mua)#r<color=#FFFFFF>Cẩm lý dục hí lăng hoa ngạnh, #rngự hương do nhạ cẩm la bào."
10131512,Cẩm La Bán Tiễn,24,16,false,1,-1,1,10000,4,200,false,1,-1,-1,168,,,"<color=#33ff99>(Hạn sử dụng 7 ngày, tính từ khi bắt đầu mua)#r<color=#FFFFFF>Cẩm lý dục hí lăng hoa ngạnh,#rNgự hương do nhạ cẩm la bào."
10131513,Cẩm La Bán Tiễn,24,16,false,1,-1,1,10000,4,200,false,1,-1,-1,360,,,"<color=#33ff99>(Hạn sử dụng 15 ngày, tính từ khi bắt đầu mua)#r<color=#FFFFFF>Cẩm lý dục hí lăng hoa ngạnh,#rNgự hương do nhạ cẩm la bào."
10131514,Cẩm La Bán Tiễn,24,16,false,1,-1,1,10000,4,200,false,1,-1,-1,360,,,"<color=#33ff99>(Hạn sử dụng 15 ngày, tính từ khi bắt đầu mua)#r<color=#FFFFFF>Cẩm lý dục hí lăng hoa ngạnh, #rngự hương do nhạ cẩm la bào."
10131515,Cẩm La Bán Tiễn,24,16,false,1,-1,1,10000,4,200,false,1,-1,-1,720,,,"<color=#33ff99>(Hạn sử dụng 30 ngày, tính từ khi bắt đầu mua)#r<color=#FFFFFF>Cẩm lý dục hí lăng hoa ngạnh, #rngự hương do nhạ cẩm la bào."
10131516,Cẩm La Bán Tiễn,24,16,false,1,-1,1,10000,4,200,false,1,-1,-1,720,,,"<color=#33ff99>(Hạn sử dụng 30 ngày, tính từ khi bắt đầu mua)#r<color=#FFFFFF>Cẩm lý dục hí lăng hoa ngạnh,#rNgự hương do nhạ cẩm la bào."
10131517,Cẩm La Bán Tiễn,24,16,false,1,-1,1,10000,4,200,false,1,-1,-1,2160,,,"<color=#33ff99>(Hạn sử dụng 90 ngày, tính từ khi bắt đầu mua)#r<color=#FFFFFF>Cẩm lý dục hí lăng hoa ngạnh,#rNgự hương do nhạ cẩm la bào."
10131518,Cẩm La Bán Tiễn,24,16,false,1,-1,1,10000,4,200,false,1,-1,-1,2160,,,"<color=#33ff99>(Hạn sử dụng 90 ngày, tính từ khi bắt đầu mua)#r<color=#FFFFFF>Cẩm lý dục hí lăng hoa ngạnh, #rngự hương do nhạ cẩm la bào."
10131519,Cẩm La Bán Tiễn,24,16,false,1,-1,1,10000,4,200,false,1,-1,-1,4320,,,"<color=#33ff99>(Hạn sử dụng 180 ngày, tính từ khi bắt đầu mua)#r<color=#FFFFFF>Cẩm lý dục hí lăng hoa ngạnh, #rngự hương do nhạ cẩm la bào."
10131520,Cẩm La Bán Tiễn,24,16,false,1,-1,1,10000,4,200,false,1,-1,-1,4320,,,"<color=#33ff99>(Hạn sử dụng 180 ngày, tính từ khi bắt đầu mua)#r<color=#FFFFFF>Cẩm lý dục hí lăng hoa ngạnh,#rNgự hương do nhạ cẩm la bào."
10131521,Cẩm La Bán Tiễn,24,16,false,1,-1,1,10000,4,200,false,1,-1,-1,-1,,,"Cẩm lý dục hí lăng hoa ngạnh,#rNgự hương do nhạ cẩm la bào."
10131521,Cẩm La Bán Tiễn,24,16,false,1,-1,1,10000,4,200,false,1,-1,-1,-1,,,"Cẩm lý dục hí lăng hoa ngạnh,#rNgự hương do nhạ cẩm la bào."
10131522,Vân Hồng Kim Lạc,24,16,false,1,-1,1,10000,4,200,false,1,-1,-1,24,,,"<color=#33ff99>(Hạn sử dụng 1 ngày, tính từ khi bắt đầu mua)#r<color=#FFFFFF>Bạch nhạn tây phong tử tắc,#rTạo điêu lạc nhật hà sa."
10131523,Vân Hồng Kim Lạc,24,16,false,1,-1,1,10000,4,200,false,1,-1,-1,24,,,"<color=#33ff99>(Hạn sử dụng 1 ngày, tính từ khi bắt đầu mua)#r<color=#FFFFFF>Bạch nhạn tây phong tử tắc,#rTạo điêu lạc nhật hà sa."
10131524,Vân Hồng Kim Lạc,24,16,false,1,-1,1,10000,4,200,false,1,-1,-1,72,,,"<color=#33ff99>(Hạn sử dụng 3 ngày, tính từ khi bắt đầu mua)#r<color=#FFFFFF>Bạch nhạn tây phong tử tắc,#rTạo điêu lạc nhật hà sa."
10131525,Vân Hồng Kim Lạc,24,16,false,1,-1,1,10000,4,200,false,1,-1,-1,72,,,"<color=#33ff99>(Hạn sử dụng 3 ngày, tính từ khi bắt đầu mua)#r<color=#FFFFFF>Bạch nhạn tây phong tử tắc,#rTạo điêu lạc nhật hà sa."
10131526,Vân Hồng Kim Lạc,24,16,false,1,-1,1,10000,4,200,false,1,-1,-1,168,,,"<color=#33ff99>(Hạn sử dụng 7 ngày, tính từ khi bắt đầu mua)#r<color=#FFFFFF>Bạch nhạn tây phong tử tắc,#rTạo điêu lạc nhật hà sa."
10131527,Vân Hồng Kim Lạc,24,16,false,1,-1,1,10000,4,200,false,1,-1,-1,168,,,"<color=#33ff99>(Hạn sử dụng 7 ngày, tính từ khi bắt đầu mua)#r<color=#FFFFFF>Bạch nhạn tây phong tử tắc.#rTạo điêu lạc nhật hoàng pha."
10131528,Vân Hồng Kim Lạc,24,16,false,1,-1,1,10000,4,200,false,1,-1,-1,168,,,"<color=#33ff99>(Hạn sử dụng 7 ngày, tính từ khi bắt đầu mua)#r<color=#FFFFFF>Bạch nhạn tây phong tử tắc,#rTạo điêu lạc nhật hà sa."
10131529,Vân Hồng Kim Lạc,24,16,false,1,-1,1,10000,4,200,false,1,-1,-1,360,,,"<color=#33ff99>(Hạn sử dụng 15 ngày, tính từ khi bắt đầu mua)#r<color=#FFFFFF>Bạch nhạn tây phong tử tắc,#rTạo điêu lạc nhật hà sa."
10131530,Vân Hồng Kim Lạc,24,16,false,1,-1,1,10000,4,200,false,1,-1,-1,360,,,"<color=#33ff99>(Hạn sử dụng 15 ngày, tính từ khi bắt đầu mua)#r<color=#FFFFFF>Bạch nhạn tây phong tử tắc,#rTạo điêu lạc nhật hà sa."
10131531,Vân Hồng Kim Lạc,24,16,false,1,-1,1,10000,4,200,false,1,-1,-1,720,,,"<color=#33ff99>(Hạn sử dụng 30 ngày, tính từ khi bắt đầu mua)#r<color=#FFFFFF>Bạch nhạn tây phong tử tắc,#rTạo điêu lạc nhật hà sa."
10131532,Vân Hồng Kim Lạc,24,16,false,1,-1,1,10000,4,200,false,1,-1,-1,720,,,"<color=#33ff99>(Hạn sử dụng 30 ngày, tính từ khi bắt đầu mua)#r<color=#FFFFFF>Bạch nhạn tây phong tử tắc.#rTạo điêu lạc nhật hoàng pha."
10131533,Vân Hồng Kim Lạc,24,16,false,1,-1,1,10000,4,200,false,1,-1,-1,720,,,"<color=#33ff99>(Hạn sử dụng 30 ngày, tính từ khi bắt đầu mua)#r<color=#FFFFFF>Bạch nhạn tây phong tử tắc,#rTạo điêu lạc nhật hà sa."
10131534,Vân Hồng Kim Lạc,24,16,false,1,-1,1,10000,4,200,false,1,-1,-1,2160,,,"<color=#33ff99>(Hạn sử dụng 90 ngày, tính từ khi bắt đầu mua)#r<color=#FFFFFF>Bạch nhạn tây phong tử tắc,#rTạo điêu lạc nhật hà sa."
10131535,Vân Hồng Kim Lạc,24,16,false,1,-1,1,10000,4,200,false,1,-1,-1,2160,,,"<color=#33ff99>(Hạn sử dụng 90 ngày, tính từ khi bắt đầu mua)#r<color=#FFFFFF>Bạch nhạn tây phong tử tắc,#rTạo điêu lạc nhật hà sa."
10131536,Vân Hồng Kim Lạc,24,16,false,1,-1,1,10000,4,200,false,1,-1,-1,4320,,,"<color=#33ff99>(Hạn sử dụng 180 ngày, tính từ khi bắt đầu mua)#r<color=#FFFFFF>Bạch nhạn tây phong tử tắc,#rTạo điêu lạc nhật hà sa."
10131537,Vân Hồng Kim Lạc,24,16,false,1,-1,1,10000,4,200,false,1,-1,-1,4320,,,"<color=#33ff99>(Hạn sử dụng 180 ngày, tính từ khi bắt đầu mua)#r<color=#FFFFFF>Bạch nhạn tây phong tử tắc,#rTạo điêu lạc nhật hà sa."
10131538,Vân Hồng Kim Lạc,24,16,false,1,-1,1,10000,4,200,false,1,-1,-1,-1,,,Bạch nhạn tây phong tử tắc.#rTạo điêu lạc nhật hoàng pha.<color=#00FF00>#rThời trang này có thể thông qua Y Thiên Thái tại Lạc Dương tiến hành nhuộm màu.
10131539,Vân Hồng Kim Lạc,24,16,false,1,-1,1,10000,4,200,false,1,-1,-1,-1,,,Bạch nhạn tây phong tử tắc.#rTạo điêu lạc nhật hoàng pha.<color=#00FF00>#rThời trang này có thể thông qua Y Thiên Thái tại Lạc Dương tiến hành nhuộm màu.
10131540,Li Băng Tiên Tiêu,24,16,false,1,-1,1,10000,4,200,false,1,-1,-1,24,,,"<color=#33ff99>(Hạn sử dụng 1 ngày, tính từ khi bắt đầu mua)#r<color=#FFFFFF>Lưu li ngọc thái độc chiếu ngã,#rBăng cơ cốt thượng hóa tiên tiêu."
10131541,Li Băng Tiên Tiêu,24,16,false,1,-1,1,10000,4,200,false,1,-1,-1,24,,,"<color=#33ff99>(Hạn sử dụng 1 ngày, tính từ khi bắt đầu mua)#r<color=#FFFFFF>Lưu li ngọc thái độc chiếu ngã,#rBăng cơ cốt thượng hóa tiên tiêu."
10131542,Li Băng Tiên Tiêu,24,16,false,1,-1,1,10000,4,200,false,1,-1,-1,72,,,"<color=#33ff99>(Hạn sử dụng 3 ngày, tính từ khi bắt đầu mua)#r<color=#FFFFFF>Lưu li ngọc thái độc chiếu ngã,#rBăng cơ cốt thượng hóa tiên tiêu."
10131543,Li Băng Tiên Tiêu,24,16,false,1,-1,1,10000,4,200,false,1,-1,-1,72,,,"<color=#33ff99>(Hạn sử dụng 3 ngày, tính từ khi bắt đầu mua)#r<color=#FFFFFF>Lưu li ngọc thái độc chiếu ngã,#rBăng cơ cốt thượng hóa tiên tiêu."
10131544,Li Băng Tiên Tiêu,24,16,false,1,-1,1,10000,4,200,false,1,-1,-1,168,,,"<color=#33ff99>(Hạn sử dụng 7 ngày, tính từ khi bắt đầu mua)#r<color=#FFFFFF>Lưu li ngọc thái độc chiếu ngã,#rBăng cơ cốt thượng hóa tiên tiêu."
10131545,Li Băng Tiên Tiêu,24,16,false,1,-1,1,10000,4,200,false,1,-1,-1,168,,,"<color=#33ff99>(Hạn sử dụng 7 ngày, tính từ khi bắt đầu mua)#r<color=#FFFFFF>Lưu li ngọc thái độc chiếu ngã,#rBăng cơ cốt thượng hóa tiên tiêu."
10131546,Li Băng Tiên Tiêu,24,16,false,1,-1,1,10000,4,200,false,1,-1,-1,360,,,"<color=#33ff99>(Hạn sử dụng 15 ngày, tính từ khi bắt đầu mua)#r<color=#FFFFFF>Lưu li ngọc thái độc chiếu ngã,#rBăng cơ cốt thượng hóa tiên tiêu."
10131547,Li Băng Tiên Tiêu,24,16,false,1,-1,1,10000,4,200,false,1,-1,-1,360,,,"<color=#33ff99>(Hạn sử dụng 15 ngày, tính từ khi bắt đầu mua)#r<color=#FFFFFF>Lưu li ngọc thái độc chiếu ngã,#rBăng cơ cốt thượng hóa tiên tiêu."
10131548,Li Băng Tiên Tiêu,24,16,false,1,-1,1,10000,4,200,false,1,-1,-1,720,,,"<color=#33ff99>(Hạn sử dụng 30 ngày, tính từ khi bắt đầu mua)#r<color=#FFFFFF>Lưu li ngọc thái độc chiếu ngã,#rBăng cơ cốt thượng hóa tiên tiêu."
10131549,Li Băng Tiên Tiêu,24,16,false,1,-1,1,10000,4,200,false,1,-1,-1,720,,,"<color=#33ff99>(Hạn sử dụng 30 ngày, tính từ khi bắt đầu mua)#r<color=#FFFFFF>Lưu li ngọc thái độc chiếu ngã,#rBăng cơ cốt thượng hóa tiên tiêu."
10131550,Li Băng Tiên Tiêu,24,16,false,1,-1,1,10000,4,200,false,1,-1,-1,2160,,,"<color=#33ff99>(Hạn sử dụng 90 ngày, tính từ khi bắt đầu mua)#r<color=#FFFFFF>Lưu li ngọc thái độc chiếu ngã,#rBăng cơ cốt thượng hóa tiên tiêu."
10131551,Li Băng Tiên Tiêu,24,16,false,1,-1,1,10000,4,200,false,1,-1,-1,2160,,,"<color=#33ff99>(Hạn sử dụng 90 ngày, tính từ khi bắt đầu mua)#r<color=#FFFFFF>Lưu li ngọc thái độc chiếu ngã,#rBăng cơ cốt thượng hóa tiên tiêu."
10131552,Li Băng Tiên Tiêu,24,16,false,1,-1,1,10000,4,200,false,1,-1,-1,4320,,,"<color=#33ff99>(Hạn sử dụng 180 ngày, tính từ khi bắt đầu mua)#r<color=#FFFFFF>Lưu li ngọc thái độc chiếu ngã,#rBăng cơ cốt thượng hóa tiên tiêu."
10131553,Li Băng Tiên Tiêu,24,16,false,1,-1,1,10000,4,200,false,1,-1,-1,4320,,,"<color=#33ff99>(Hạn sử dụng 180 ngày, tính từ khi bắt đầu mua)#r<color=#FFFFFF>Lưu li ngọc thái độc chiếu ngã,#rBăng cơ cốt thượng hóa tiên tiêu."
10131554,Li Băng Tiên Tiêu,24,16,false,1,-1,1,10000,4,200,false,1,-1,-1,-1,,,"Lưu li ngọc thái độc chiếu ngã,#rBăng cơ cốt thượng hóa tiên tiêu."
10131555,Li Băng Tiên Tiêu,24,16,false,1,-1,1,10000,4,200,false,1,-1,-1,-1,,,"Lưu li ngọc thái độc chiếu ngã,#rBăng cơ cốt thượng hóa tiên tiêu."
10131556,Thiên Lý Giang Sơn,24,16,false,1,-1,1,10000,4,200,false,1,-1,-1,24,,,"<color=#33ff99>(Hạn sử dụng 1 ngày, tính từ khi bắt đầu mua)#r<color=#FFFFFF>Thanh lục trang điểm thành cẩm tú#rSơn hà tiễn tài mộng hoa thường.<color=#00FF00>Khi trang bị vào ô thời trang, có thể dùng động tác 1 người: Kinh Hồng."
10131557,Thiên Lý Giang Sơn,24,16,false,1,-1,1,10000,4,200,false,1,-1,-1,24,,,"<color=#33ff99>(Hạn sử dụng 1 ngày, tính từ khi bắt đầu mua)#r<color=#FFFFFF>Thanh lục trang điểm thành cẩm tú#rSơn hà tiễn tài mộng hoa thường.<color=#00FF00>Khi trang bị vào ô thời trang, có thể dùng động tác 1 người: Kinh Hồng."
10131558,Thiên Lý Giang Sơn,24,16,false,1,-1,1,10000,4,200,false,1,-1,-1,72,,,"<color=#33ff99>(Hạn sử dụng 3 ngày, tính từ khi bắt đầu mua)#r<color=#FFFFFF>Thanh lục trang điểm thành cẩm tú#rSơn hà tiễn tài mộng hoa thường.<color=#00FF00>Khi trang bị vào ô thời trang, có thể dùng động tác 1 người: Kinh Hồng."
10131559,Thiên Lý Giang Sơn,24,16,false,1,-1,1,10000,4,200,false,1,-1,-1,72,,,"<color=#33ff99>(Hạn sử dụng 3 ngày, tính từ khi bắt đầu mua)#r<color=#FFFFFF>Thanh lục trang điểm thành cẩm tú#rSơn hà tiễn tài mộng hoa thường.<color=#00FF00>Khi trang bị vào ô thời trang, có thể dùng động tác 1 người: Kinh Hồng."
10131560,Thiên Lý Giang Sơn,24,16,false,1,-1,1,10000,4,200,false,1,-1,-1,168,,,"<color=#33ff99>(Hạn sử dụng 7 ngày, tính từ khi bắt đầu mua)#r<color=#FFFFFF>Thanh lục trang điểm thành cẩm tú#rSơn hà tiễn tài mộng hoa thường.<color=#00FF00>Khi trang bị vào ô thời trang, có thể dùng động tác 1 người: Kinh Hồng."
10131561,Thiên Lý Giang Sơn,24,16,false,1,-1,1,10000,4,200,false,1,-1,-1,168,,,"<color=#33ff99>(Hạn sử dụng 7 ngày, tính từ khi bắt đầu mua)#r<color=#FFFFFF>Thanh lục trang điểm thành cẩm tú#rSơn hà tiễn tài mộng hoa thường.<color=#00FF00>Khi trang bị vào ô thời trang, có thể dùng động tác 1 người: Kinh Hồng."
10131562,Thiên Lý Giang Sơn,24,16,false,1,-1,1,10000,4,200,false,1,-1,-1,360,,,"<color=#33ff99>(Hạn sử dụng 15 ngày, tính từ khi bắt đầu mua)#r<color=#FFFFFF>Thanh lục trang điểm thành cẩm tú#rSơn hà tiễn tài mộng hoa thường.<color=#00FF00>Khi trang bị vào ô thời trang, có thể dùng động tác 1 người: Kinh Hồng."
10131563,Thiên Lý Giang Sơn,24,16,false,1,-1,1,10000,4,200,false,1,-1,-1,360,,,"<color=#33ff99>(Hạn sử dụng 15 ngày, tính từ khi bắt đầu mua)#r<color=#FFFFFF>Thanh lục trang điểm thành cẩm tú#rSơn hà tiễn tài mộng hoa thường.<color=#00FF00>Khi trang bị vào ô thời trang, có thể dùng động tác 1 người: Kinh Hồng."
10131564,Thiên Lý Giang Sơn,24,16,false,1,-1,1,10000,4,200,false,1,-1,-1,720,,,"<color=#33ff99>(Hạn sử dụng 30 ngày, tính từ khi bắt đầu mua)#r<color=#FFFFFF>Thanh lục trang điểm thành cẩm tú#rSơn hà tiễn tài mộng hoa thường.<color=#00FF00>Khi trang bị vào ô thời trang, có thể dùng động tác 1 người: Kinh Hồng."
10131565,Thiên Lý Giang Sơn,24,16,false,1,-1,1,10000,4,200,false,1,-1,-1,720,,,"<color=#33ff99>(Hạn sử dụng 30 ngày, tính từ khi bắt đầu mua)#r<color=#FFFFFF>Thanh lục trang điểm thành cẩm tú#rSơn hà tiễn tài mộng hoa thường.<color=#00FF00>Khi trang bị vào ô thời trang, có thể dùng động tác 1 người: Kinh Hồng."
10131566,Thiên Lý Giang Sơn,24,16,false,1,-1,1,10000,4,200,false,1,-1,-1,2160,,,"<color=#33ff99>(Hạn sử dụng 90 ngày, tính từ khi bắt đầu mua)#r<color=#FFFFFF>Thanh lục trang điểm thành cẩm tú#rSơn hà tiễn tài mộng hoa thường.<color=#00FF00>Khi trang bị vào ô thời trang, có thể dùng động tác 1 người: Kinh Hồng."
10131567,Thiên Lý Giang Sơn,24,16,false,1,-1,1,10000,4,200,false,1,-1,-1,2160,,,"<color=#33ff99>(Hạn sử dụng 90 ngày, tính từ khi bắt đầu mua)#r<color=#FFFFFF>Thanh lục trang điểm thành cẩm tú#rSơn hà tiễn tài mộng hoa thường.<color=#00FF00>Khi trang bị vào ô thời trang, có thể dùng động tác 1 người: Kinh Hồng."
10131568,Thiên Lý Giang Sơn,24,16,false,1,-1,1,10000,4,200,false,1,-1,-1,4320,,,"<color=#33ff99>(Hạn sử dụng 180 ngày, tính từ khi bắt đầu mua)#r<color=#FFFFFF>Thanh lục trang điểm thành cẩm tú#rSơn hà tiễn tài mộng hoa thường.<color=#00FF00>Khi trang bị vào ô thời trang, có thể dùng động tác 1 người: Kinh Hồng."
10131569,Thiên Lý Giang Sơn,24,16,false,1,-1,1,10000,4,200,false,1,-1,-1,4320,,,"<color=#33ff99>(Hạn sử dụng 180 ngày, tính từ khi bắt đầu mua)#r<color=#FFFFFF>Thanh lục trang điểm thành cẩm tú#rSơn hà tiễn tài mộng hoa thường.<color=#00FF00>Khi trang bị vào ô thời trang, có thể dùng động tác 1 người: Kinh Hồng."
10131570,Thiên Lý Giang Sơn,24,16,false,1,-1,1,10000,4,200,false,1,-1,-1,-1,,,"Thanh lục trang điểm thành cẩm tú#rSơn hà tiễn tài mộng hoa thường.<color=#00FF00>Khi trang bị vào ô thời trang, có thể dùng động tác 1 người: Kinh Hồng."
10131571,Thiên Lý Giang Sơn,24,16,false,1,-1,1,10000,4,200,false,1,-1,-1,-1,,,"Thanh lục trang điểm thành cẩm tú#rSơn hà tiễn tài mộng hoa thường.<color=#00FF00>Khi trang bị vào ô thời trang, có thể dùng động tác 1 người: Kinh Hồng."
10131572,Mịch Thiều Hoa,24,16,false,1,-1,1,10000,4,200,false,1,-1,-1,24,,,"<color=#33ff99>(Hạn sử dụng 1 ngày, tính từ khi bắt đầu mua)#r<color=#FFFFFF>Nguyệt hạ thiều quang dao trúc ảnh#rAm lý trà yên thấu bích sa."
10131573,Mịch Thiều Hoa,24,16,false,1,-1,1,10000,4,200,false,1,-1,-1,24,,,"<color=#33ff99>(Hạn sử dụng 1 ngày, tính từ khi bắt đầu mua)#r<color=#FFFFFF>Nguyệt hạ thiều quang dao trúc ảnh#rAm lý trà yên thấu bích sa."
10131574,Mịch Thiều Hoa,24,16,false,1,-1,1,10000,4,200,false,1,-1,-1,72,,,"<color=#33ff99>(Hạn sử dụng 3 ngày, tính từ khi bắt đầu mua)#r<color=#FFFFFF>Nguyệt hạ thiều quang dao trúc ảnh#rAm lý trà yên thấu bích sa."
10131575,Mịch Thiều Hoa,24,16,false,1,-1,1,10000,4,200,false,1,-1,-1,72,,,"<color=#33ff99>(Hạn sử dụng 3 ngày, tính từ khi bắt đầu mua)#r<color=#FFFFFF>Nguyệt hạ thiều quang dao trúc ảnh#rAm lý trà yên thấu bích sa."
10131576,Mịch Thiều Hoa,24,16,false,1,-1,1,10000,4,200,false,1,-1,-1,168,,,"<color=#33ff99>(Hạn sử dụng 7 ngày, tính từ khi bắt đầu mua)#r<color=#FFFFFF>Nguyệt hạ thiều quang dao trúc ảnh#rAm lý trà yên thấu bích sa."
10131577,Mịch Thiều Hoa,24,16,false,1,-1,1,10000,4,200,false,1,-1,-1,168,,,"<color=#33ff99>(Hạn sử dụng 7 ngày, tính từ khi bắt đầu mua)#r<color=#FFFFFF>Nguyệt hạ thiều quang dao trúc ảnh#rAm lý trà yên thấu bích sa."
10131578,Mịch Thiều Hoa,24,16,false,1,-1,1,10000,4,200,false,1,-1,-1,360,,,"<color=#33ff99>(Hạn sử dụng 15 ngày, tính từ khi bắt đầu mua)#r<color=#FFFFFF>Nguyệt hạ thiều quang dao trúc ảnh#rAm lý trà yên thấu bích sa."
10131579,Mịch Thiều Hoa,24,16,false,1,-1,1,10000,4,200,false,1,-1,-1,360,,,"<color=#33ff99>(Hạn sử dụng 15 ngày, tính từ khi bắt đầu mua)#r<color=#FFFFFF>Nguyệt hạ thiều quang dao trúc ảnh#rAm lý trà yên thấu bích sa."
10131580,Mịch Thiều Hoa,24,16,false,1,-1,1,10000,4,200,false,1,-1,-1,360,,,"<color=#33ff99>(Hạn sử dụng 15 ngày, tính từ khi bắt đầu mua)#r<color=#FFFFFF>Nguyệt hạ thiều quang dao trúc ảnh#rAm lý trà yên thấu bích sa."
10131581,Mịch Thiều Hoa,24,16,false,1,-1,1,10000,4,200,false,1,-1,-1,720,,,"<color=#33ff99>(Hạn sử dụng 30 ngày, tính từ khi bắt đầu mua)#r<color=#FFFFFF>Nguyệt hạ thiều quang dao trúc ảnh#rAm lý trà yên thấu bích sa."
10131582,Mịch Thiều Hoa,24,16,false,1,-1,1,10000,4,200,false,1,-1,-1,720,,,"<color=#33ff99>(Hạn sử dụng 30 ngày, tính từ khi bắt đầu mua)#r<color=#FFFFFF>Nguyệt hạ thiều quang dao trúc ảnh#rAm lý trà yên thấu bích sa."
10131583,Mịch Thiều Hoa,24,16,false,1,-1,1,10000,4,200,false,1,-1,-1,2160,,,"<color=#33ff99>(Hạn sử dụng 90 ngày, tính từ khi bắt đầu mua)#r<color=#FFFFFF>Nguyệt hạ thiều quang dao trúc ảnh#rAm lý trà yên thấu bích sa."
10131584,Mịch Thiều Hoa,24,16,false,1,-1,1,10000,4,200,false,1,-1,-1,2160,,,"<color=#33ff99>(Hạn sử dụng 90 ngày, tính từ khi bắt đầu mua)#r<color=#FFFFFF>Nguyệt hạ thiều quang dao trúc ảnh#rAm lý trà yên thấu bích sa."
10131585,Mịch Thiều Hoa,24,16,false,1,-1,1,10000,4,200,false,1,-1,-1,4320,,,"<color=#33ff99>(Hạn sử dụng 180 ngày, tính từ khi bắt đầu mua)#r<color=#FFFFFF>Nguyệt hạ thiều quang dao trúc ảnh#rAm lý trà yên thấu bích sa."
10131586,Mịch Thiều Hoa,24,16,false,1,-1,1,10000,4,200,false,1,-1,-1,4320,,,"<color=#33ff99>(Hạn sử dụng 180 ngày, tính từ khi bắt đầu mua)#r<color=#FFFFFF>Nguyệt hạ thiều quang dao trúc ảnh#rAm lý trà yên thấu bích sa."
10131587,Mịch Thiều Hoa,24,16,false,1,-1,1,10000,4,200,false,1,-1,-1,-1,,,Nguyệt hạ thiều quang dao trúc ảnh#rAm lý trà yên thấu bích sa.<color=#00FF00>#rThời trang này có thể thông qua Y Thiên Thái tại Lạc Dương tiến hành nhuộm màu.
10131588,Mịch Thiều Hoa,24,16,false,1,-1,1,10000,4,200,false,1,-1,-1,-1,,,Nguyệt hạ thiều quang dao trúc ảnh#rAm lý trà yên thấu bích sa.<color=#00FF00>#rThời trang này có thể thông qua Y Thiên Thái tại Lạc Dương tiến hành nhuộm màu.
10131589,Mịch Thiều Hoa,24,16,false,1,-1,1,10000,4,200,false,1,-1,-1,-1,,,Nguyệt hạ thiều quang dao trúc ảnh#rAm lý trà yên thấu bích sa.
10131590,Ức Tiên Tư,24,16,false,1,-1,1,10000,4,200,false,1,-1,-1,24,,,"<color=#33ff99>(Hạn sử dụng 1 ngày, tính từ khi bắt đầu mua)#r<color=#FFFFFF>Quế điện lan cung tiên nhân tửu#rNgọc cốt băng cơ trường sinh ca."
10131591,Ức Tiên Tư,24,16,false,1,-1,1,10000,4,200,false,1,-1,-1,24,,,"<color=#33ff99>(Hạn sử dụng 1 ngày, tính từ khi bắt đầu mua)#r<color=#FFFFFF>Quế điện lan cung tiên nhân tửu#rNgọc cốt băng cơ trường sinh ca."
10131592,Ức Tiên Tư,24,16,false,1,-1,1,10000,4,200,false,1,-1,-1,72,,,"<color=#33ff99>(Hạn sử dụng 3 ngày, tính từ khi bắt đầu mua)#r<color=#FFFFFF>Quế điện lan cung tiên nhân tửu#rNgọc cốt băng cơ trường sinh ca."
10131593,Ức Tiên Tư,24,16,false,1,-1,1,10000,4,200,false,1,-1,-1,72,,,"<color=#33ff99>(Hạn sử dụng 3 ngày, tính từ khi bắt đầu mua)#r<color=#FFFFFF>Quế điện lan cung tiên nhân tửu#rNgọc cốt băng cơ trường sinh ca."
10131594,Ức Tiên Tư,24,16,false,1,-1,1,10000,4,200,false,1,-1,-1,168,,,"<color=#33ff99>(Hạn sử dụng 7 ngày, tính từ khi bắt đầu mua)#r<color=#FFFFFF>Quế điện lan cung tiên nhân tửu#rNgọc cốt băng cơ trường sinh ca."
10131595,Ức Tiên Tư,24,16,false,1,-1,1,10000,4,200,false,1,-1,-1,168,,,"<color=#33ff99>(Hạn sử dụng 7 ngày, tính từ khi bắt đầu mua)#r<color=#FFFFFF>Quế điện lan cung tiên nhân tửu#rNgọc cốt băng cơ trường sinh ca."
10131596,Ức Tiên Tư,24,16,false,1,-1,1,10000,4,200,false,1,-1,-1,360,,,"<color=#33ff99>(Hạn sử dụng 15 ngày, tính từ khi bắt đầu mua)#r<color=#FFFFFF>Quế điện lan cung tiên nhân tửu#rNgọc cốt băng cơ trường sinh ca."
10131597,Ức Tiên Tư,24,16,false,1,-1,1,10000,4,200,false,1,-1,-1,360,,,"<color=#33ff99>(Hạn sử dụng 15 ngày, tính từ khi bắt đầu mua)#r<color=#FFFFFF>Quế điện lan cung tiên nhân tửu#rNgọc cốt băng cơ trường sinh ca."
10131598,Ức Tiên Tư,24,16,false,1,-1,1,10000,4,200,false,1,-1,-1,720,,,"<color=#33ff99>(Hạn sử dụng 30 ngày, tính từ khi bắt đầu mua)#r<color=#FFFFFF>Quế điện lan cung tiên nhân tửu#rNgọc cốt băng cơ trường sinh ca."
10131599,Ức Tiên Tư,24,16,false,1,-1,1,10000,4,200,false,1,-1,-1,720,,,"<color=#33ff99>(Hạn sử dụng 30 ngày, tính từ khi bắt đầu mua)#r<color=#FFFFFF>Quế điện lan cung tiên nhân tửu#rNgọc cốt băng cơ trường sinh ca."
10131600,Ức Tiên Tư,24,16,false,1,-1,1,10000,4,200,false,1,-1,-1,2160,,,"<color=#33ff99>(Hạn sử dụng 90 ngày, tính từ khi bắt đầu mua)#r<color=#FFFFFF>Quế điện lan cung tiên nhân tửu#rNgọc cốt băng cơ trường sinh ca."
10131601,Ức Tiên Tư,24,16,false,1,-1,1,10000,4,200,false,1,-1,-1,2160,,,"<color=#33ff99>(Hạn sử dụng 90 ngày, tính từ khi bắt đầu mua)#r<color=#FFFFFF>Quế điện lan cung tiên nhân tửu#rNgọc cốt băng cơ trường sinh ca."
10131602,Ức Tiên Tư,24,16,false,1,-1,1,10000,4,200,false,1,-1,-1,4320,,,"<color=#33ff99>(Hạn sử dụng 180 ngày, tính từ khi bắt đầu mua)#r<color=#FFFFFF>Quế điện lan cung tiên nhân tửu#rNgọc cốt băng cơ trường sinh ca."
10131603,Ức Tiên Tư,24,16,false,1,-1,1,10000,4,200,false,1,-1,-1,4320,,,"<color=#33ff99>(Hạn sử dụng 180 ngày, tính từ khi bắt đầu mua)#r<color=#FFFFFF>Quế điện lan cung tiên nhân tửu#rNgọc cốt băng cơ trường sinh ca."
10131604,Ức Tiên Tư,24,16,false,1,-1,1,10000,4,200,false,1,-1,-1,-1,,,Quế điện lan cung tiên nhân tửu#rNgọc cốt băng cơ trường sinh ca.<color=#00FF00>#rThời trang này có thể thông qua Y Thiên Thái tại Lạc Dương tiến hành nhuộm màu.
10131605,Ức Tiên Tư,24,16,false,1,-1,1,10000,4,200,false,1,-1,-1,-1,,,Quế điện lan cung tiên nhân tửu#rNgọc cốt băng cơ trường sinh ca.<color=#00FF00>#rThời trang này có thể thông qua Y Thiên Thái tại Lạc Dương tiến hành nhuộm màu.
10131606,Hồng Hy Chiếu Xuân Phúc,24,16,false,1,-1,1,10000,4,200,false,1,-1,-1,24,,,"<color=#33ff99>(Hạn sử dụng 1 ngày, tính từ khi bắt đầu mua)#r<color=#FFFFFF>Trì nhật giang sơn xuân ý tiếu#rHòa phong húc vũ dao phương thảo.<color=#be38ff>[Hạn Định Năm Mới]"
10131607,Hồng Hy Chiếu Xuân Phúc,24,16,false,1,-1,1,10000,4,200,false,1,-1,-1,24,,,"<color=#33ff99>(Hạn sử dụng 1 ngày, tính từ khi bắt đầu mua)#r<color=#FFFFFF>Trì nhật giang sơn xuân ý tiếu#rHòa phong húc vũ dao phương thảo.<color=#be38ff>[Hạn Định Năm Mới]"
10131608,Hồng Hy Chiếu Xuân Phúc,24,16,false,1,-1,1,10000,4,200,false,1,-1,-1,72,,,"<color=#33ff99>(Hạn sử dụng 3 ngày, tính từ khi bắt đầu mua)#r<color=#FFFFFF>Trì nhật giang sơn xuân ý tiếu#rHòa phong húc vũ dao phương thảo.<color=#be38ff>[Hạn Định Năm Mới]"
10131609,Hồng Hy Chiếu Xuân Phúc,24,16,false,1,-1,1,10000,4,200,false,1,-1,-1,72,,,"<color=#33ff99>(Hạn sử dụng 3 ngày, tính từ khi bắt đầu mua)#r<color=#FFFFFF>Trì nhật giang sơn xuân ý tiếu#rHòa phong húc vũ dao phương thảo.<color=#be38ff>[Hạn Định Năm Mới]"
10131610,Hồng Hy Chiếu Xuân Phúc,24,16,false,1,-1,1,10000,4,200,false,1,-1,-1,168,,,"<color=#33ff99>(Hạn sử dụng 7 ngày, tính từ khi bắt đầu mua)#r<color=#FFFFFF>Trì nhật giang sơn xuân ý tiếu#rHòa phong húc vũ dao phương thảo.<color=#be38ff>[Hạn Định Năm Mới]"
10131611,Hồng Hy Chiếu Xuân Phúc,24,16,false,1,-1,1,10000,4,200,false,1,-1,-1,168,,,"<color=#33ff99>(Hạn sử dụng 7 ngày, tính từ khi bắt đầu mua)#r<color=#FFFFFF>Trì nhật giang sơn xuân ý tiếu#rHòa phong húc vũ dao phương thảo.<color=#be38ff>[Hạn Định Năm Mới]"
10131612,Hồng Hy Chiếu Xuân Phúc,24,16,false,1,-1,1,10000,4,200,false,1,-1,-1,360,,,"<color=#33ff99>(Hạn sử dụng 15 ngày, tính từ khi bắt đầu mua)#r<color=#FFFFFF>Trì nhật giang sơn xuân ý tiếu#rHòa phong húc vũ dao phương thảo.<color=#be38ff>[Hạn Định Năm Mới]"
10131613,Hồng Hy Chiếu Xuân Phúc,24,16,false,1,-1,1,10000,4,200,false,1,-1,-1,360,,,"<color=#33ff99>(Hạn sử dụng 15 ngày, tính từ khi bắt đầu mua)#r<color=#FFFFFF>Trì nhật giang sơn xuân ý tiếu#rHòa phong húc vũ dao phương thảo.<color=#be38ff>[Hạn Định Năm Mới]"
10131614,Hồng Hy Chiếu Xuân Phúc,24,16,false,1,-1,1,10000,4,200,false,1,-1,-1,720,,,"<color=#33ff99>(Hạn sử dụng 30 ngày, tính từ khi bắt đầu mua)#r<color=#FFFFFF>Trì nhật giang sơn xuân ý tiếu#rHòa phong húc vũ dao phương thảo.<color=#be38ff>[Hạn Định Năm Mới]"
10131615,Hồng Hy Chiếu Xuân Phúc,24,16,false,1,-1,1,10000,4,200,false,1,-1,-1,720,,,"<color=#33ff99>(Hạn sử dụng 30 ngày, tính từ khi bắt đầu mua)#r<color=#FFFFFF>Trì nhật giang sơn xuân ý tiếu#rHòa phong húc vũ dao phương thảo.<color=#be38ff>[Hạn Định Năm Mới]"
10131616,Hồng Hy Chiếu Xuân Phúc,24,16,false,1,-1,1,10000,4,200,false,1,-1,-1,2160,,,"<color=#33ff99>(Hạn sử dụng 90 ngày, tính từ khi bắt đầu mua)#r<color=#FFFFFF>Trì nhật giang sơn xuân ý tiếu#rHòa phong húc vũ dao phương thảo.<color=#be38ff>[Hạn Định Năm Mới]"
10131617,Hồng Hy Chiếu Xuân Phúc,24,16,false,1,-1,1,10000,4,200,false,1,-1,-1,2160,,,"<color=#33ff99>(Hạn sử dụng 90 ngày, tính từ khi bắt đầu mua)#r<color=#FFFFFF>Trì nhật giang sơn xuân ý tiếu#rHòa phong húc vũ dao phương thảo.<color=#be38ff>[Hạn Định Năm Mới]"
10131618,Hồng Hy Chiếu Xuân Phúc,24,16,false,1,-1,1,10000,4,200,false,1,-1,-1,4320,,,"<color=#33ff99>(Hạn sử dụng 180 ngày, tính từ khi bắt đầu mua)#r<color=#FFFFFF>Trì nhật giang sơn xuân ý tiếu#rHòa phong húc vũ dao phương thảo.<color=#be38ff>[Hạn Định Năm Mới]"
10131619,Hồng Hy Chiếu Xuân Phúc,24,16,false,1,-1,1,10000,4,200,false,1,-1,-1,4320,,,"<color=#33ff99>(Hạn sử dụng 180 ngày, tính từ khi bắt đầu mua)#r<color=#FFFFFF>Trì nhật giang sơn xuân ý tiếu#rHòa phong húc vũ dao phương thảo.<color=#be38ff>[Hạn Định Năm Mới]"
10131620,Hồng Hy Chiếu Xuân Phúc,24,16,false,1,-1,1,10000,4,200,false,1,-1,-1,-1,,,Trì nhật giang sơn xuân ý tiếu#rHòa phong húc vũ dao phương thảo.<color=#be38ff>[Hạn Định Năm Mới] <color=#00FF00>#rThời trang này có thể thông qua Y Thiên Thái tại Lạc Dương tiến hành nhuộm màu.
10131621,Hồng Hy Chiếu Xuân Phúc,24,16,false,1,-1,1,10000,4,200,false,1,-1,-1,-1,,,Trì nhật giang sơn xuân ý tiếu#rHòa phong húc vũ dao phương thảo.<color=#be38ff>[Hạn Định Năm Mới] <color=#00FF00>#rThời trang này có thể thông qua Y Thiên Thái tại Lạc Dương tiến hành nhuộm màu.
10131622,Thương Long Ngự Cửu Châu,24,16,false,1,-1,1,10000,4,200,false,1,-1,-1,24,,,"<color=#33ff99>(Hạn sử dụng 1 ngày, tính từ khi bắt đầu mua)#r<color=#FFFFFF>Kỷ niệm Thần Long Mobile."
10131623,Thương Long Ngự Cửu Châu,24,16,false,1,-1,1,10000,4,200,false,1,-1,-1,24,,,"<color=#33ff99>(Hạn sử dụng 1 ngày, tính từ khi bắt đầu mua)#r<color=#FFFFFF>Kỷ niệm Thần Long Mobile."
10131624,Thương Long Ngự Cửu Châu,24,16,false,1,-1,1,10000,4,200,false,1,-1,-1,72,,,"<color=#33ff99>(Hạn sử dụng 3 ngày, tính từ khi bắt đầu mua)#r<color=#FFFFFF>Kỷ niệm Thần Long Mobile."
10131625,Thương Long Ngự Cửu Châu,24,16,false,1,-1,1,10000,4,200,false,1,-1,-1,72,,,"<color=#33ff99>(Hạn sử dụng 3 ngày, tính từ khi bắt đầu mua)#r<color=#FFFFFF>Kỷ niệm Thần Long Mobile."
10131626,Thương Long Ngự Cửu Châu,24,16,false,1,-1,1,10000,4,200,false,1,-1,-1,168,,,"<color=#33ff99>(Hạn sử dụng 7 ngày, tính từ khi bắt đầu mua)#r<color=#FFFFFF>Kỷ niệm Thần Long Mobile."
10131627,Thương Long Ngự Cửu Châu,24,16,false,1,-1,1,10000,4,200,false,1,-1,-1,168,,,"<color=#33ff99>(Hạn sử dụng 7 ngày, tính từ khi bắt đầu mua)#r<color=#FFFFFF>Kỷ niệm Thần Long Mobile."
10131628,Thương Long Ngự Cửu Châu,24,16,false,1,-1,1,10000,4,200,false,1,-1,-1,360,,,"<color=#33ff99>(Hạn sử dụng 15 ngày, tính từ khi bắt đầu mua)#r<color=#FFFFFF>Kỷ niệm Thần Long Mobile."
10131629,Thương Long Ngự Cửu Châu,24,16,false,1,-1,1,10000,4,200,false,1,-1,-1,360,,,"<color=#33ff99>(Hạn sử dụng 15 ngày, tính từ khi bắt đầu mua)#r<color=#FFFFFF>Kỷ niệm Thần Long Mobile."
10131630,Thương Long Ngự Cửu Châu,24,16,false,1,-1,1,10000,4,200,false,1,-1,-1,720,,,"<color=#33ff99>(Hạn sử dụng 30 ngày, tính từ khi bắt đầu mua)#r<color=#FFFFFF>Kỷ niệm Thần Long Mobile."
10131631,Thương Long Ngự Cửu Châu,24,16,false,1,-1,1,10000,4,200,false,1,-1,-1,720,,,"<color=#33ff99>(Hạn sử dụng 30 ngày, tính từ khi bắt đầu mua)#r<color=#FFFFFF>Kỷ niệm Thần Long Mobile."
10131632,Thương Long Ngự Cửu Châu,24,16,false,1,-1,1,10000,4,200,false,1,-1,-1,2160,,,"<color=#33ff99>(Hạn sử dụng 90 ngày, tính từ khi bắt đầu mua)#r<color=#FFFFFF>Kỷ niệm Thần Long Mobile."
10131633,Thương Long Ngự Cửu Châu,24,16,false,1,-1,1,10000,4,200,false,1,-1,-1,2160,,,"<color=#33ff99>(Hạn sử dụng 90 ngày, tính từ khi bắt đầu mua)#r<color=#FFFFFF>Kỷ niệm Thần Long Mobile."
10131634,Thương Long Ngự Cửu Châu,24,16,false,1,-1,1,10000,4,200,false,1,-1,-1,4320,,,"<color=#33ff99>(Hạn sử dụng 180 ngày, tính từ khi bắt đầu mua)#r<color=#FFFFFF>Kỷ niệm Thần Long Mobile."
10131635,Thương Long Ngự Cửu Châu,24,16,false,1,-1,1,10000,4,200,false,1,-1,-1,4320,,,"<color=#33ff99>(Hạn sử dụng 180 ngày, tính từ khi bắt đầu mua)#r<color=#FFFFFF>Kỷ niệm Thần Long Mobile."
10131636,Thương Long Ngự Cửu Châu,24,16,false,1,-1,1,10000,4,200,false,1,-1,-1,-1,,,Kỷ niệm Thần Long Mobile.
10131637,Thương Long Ngự Cửu Châu,24,16,false,1,-1,1,10000,4,200,false,1,-1,-1,-1,,,Kỷ niệm Thần Long Mobile.
10131638,Dạ Vũ Thú Thần Quan,24,16,false,1,-1,1,10000,4,200,false,1,-1,-1,24,,,"<color=#33ff99>(Hạn sử dụng 1 ngày, tính từ khi bắt đầu mua)#r<color=#FFFFFF>Dạ vũ phi thân thính tịch sự#rHùng trấn lâm hải thú thần quan."
10131639,Dạ Vũ Thú Thần Quan,24,16,false,1,-1,1,10000,4,200,false,1,-1,-1,24,,,"<color=#33ff99>(Hạn sử dụng 1 ngày, tính từ khi bắt đầu mua)#r<color=#FFFFFF>Dạ vũ phi thân thính tịch sự#rHùng trấn lâm hải thú thần quan."
10131640,Dạ Vũ Thú Thần Quan,24,16,false,1,-1,1,10000,4,200,false,1,-1,-1,72,,,"<color=#33ff99>(Hạn sử dụng 3 ngày, tính từ khi bắt đầu mua)#r<color=#FFFFFF>Dạ vũ phi thân thính tịch sự#rHùng trấn lâm hải thú thần quan."
10131641,Dạ Vũ Thú Thần Quan,24,16,false,1,-1,1,10000,4,200,false,1,-1,-1,72,,,"<color=#33ff99>(Hạn sử dụng 3 ngày, tính từ khi bắt đầu mua)#r<color=#FFFFFF>Dạ vũ phi thân thính tịch sự#rHùng trấn lâm hải thú thần quan."
10131642,Dạ Vũ Thú Thần Quan,24,16,false,1,-1,1,10000,4,200,false,1,-1,-1,168,,,"<color=#33ff99>(Hạn sử dụng 7 ngày, tính từ khi bắt đầu mua)#r<color=#FFFFFF>Dạ vũ phi thân thính tịch sự#rHùng trấn lâm hải thú thần quan."
10131643,Dạ Vũ Thú Thần Quan,24,16,false,1,-1,1,10000,4,200,false,1,-1,-1,168,,,"<color=#33ff99>(Hạn sử dụng 7 ngày, tính từ khi bắt đầu mua)#r<color=#FFFFFF>Dạ vũ phi thân thính tịch sự#rHùng trấn lâm hải thú thần quan."
10131644,Dạ Vũ Thú Thần Quan,24,16,false,1,-1,1,10000,4,200,false,1,-1,-1,360,,,"<color=#33ff99>(Hạn sử dụng 15 ngày, tính từ khi bắt đầu mua)#r<color=#FFFFFF>Dạ vũ phi thân thính tịch sự#rHùng trấn lâm hải thú thần quan."
10131645,Dạ Vũ Thú Thần Quan,24,16,false,1,-1,1,10000,4,200,false,1,-1,-1,360,,,"<color=#33ff99>(Hạn sử dụng 15 ngày, tính từ khi bắt đầu mua)#r<color=#FFFFFF>Dạ vũ phi thân thính tịch sự#rHùng trấn lâm hải thú thần quan."
10131646,Dạ Vũ Thú Thần Quan,24,16,false,1,-1,1,10000,4,200,false,1,-1,-1,720,,,"<color=#33ff99>(Hạn sử dụng 30 ngày, tính từ khi bắt đầu mua)#r<color=#FFFFFF>Dạ vũ phi thân thính tịch sự#rHùng trấn lâm hải thú thần quan."
10131647,Dạ Vũ Thú Thần Quan,24,16,false,1,-1,1,10000,4,200,false,1,-1,-1,720,,,"<color=#33ff99>(Hạn sử dụng 30 ngày, tính từ khi bắt đầu mua)#r<color=#FFFFFF>Dạ vũ phi thân thính tịch sự#rHùng trấn lâm hải thú thần quan."
10131648,Dạ Vũ Thú Thần Quan,24,16,false,1,-1,1,10000,4,200,false,1,-1,-1,2160,,,"<color=#33ff99>(Hạn sử dụng 90 ngày, tính từ khi bắt đầu mua)#r<color=#FFFFFF>Dạ vũ phi thân thính tịch sự#rHùng trấn lâm hải thú thần quan."
10131649,Dạ Vũ Thú Thần Quan,24,16,false,1,-1,1,10000,4,200,false,1,-1,-1,2160,,,"<color=#33ff99>(Hạn sử dụng 90 ngày, tính từ khi bắt đầu mua)#r<color=#FFFFFF>Dạ vũ phi thân thính tịch sự#rHùng trấn lâm hải thú thần quan."
10131650,Dạ Vũ Thú Thần Quan,24,16,false,1,-1,1,10000,4,200,false,1,-1,-1,4320,,,"<color=#33ff99>(Hạn sử dụng 180 ngày, tính từ khi bắt đầu mua)#r<color=#FFFFFF>Dạ vũ phi thân thính tịch sự#rHùng trấn lâm hải thú thần quan."
10131651,Dạ Vũ Thú Thần Quan,24,16,false,1,-1,1,10000,4,200,false,1,-1,-1,4320,,,"<color=#33ff99>(Hạn sử dụng 180 ngày, tính từ khi bắt đầu mua)#r<color=#FFFFFF>Dạ vũ phi thân thính tịch sự#rHùng trấn lâm hải thú thần quan."
10131652,Dạ Vũ Thú Thần Quan,24,16,false,1,-1,1,10000,4,200,false,1,-1,-1,-1,,,Dạ vũ phi thân thính tịch sự#rHùng trấn lâm hải thú thần quan.
10131653,Dạ Vũ Thú Thần Quan,24,16,false,1,-1,1,10000,4,200,false,1,-1,-1,-1,,,Dạ vũ phi thân thính tịch sự#rHùng trấn lâm hải thú thần quan.
10131654,Đào Hoa Túy,24,16,false,1,-1,1,10000,4,200,false,1,-1,-1,24,,,"<color=#33ff99>(Hạn sử dụng 1 ngày, tính từ khi bắt đầu mua)#r<color=#FFFFFF>Võ lăng đào hạ phùng ngọc nhân#rNguyện tác lục ngạc bạn quân khai.<color=#00FF00>Khi trang bị vào ô thời trang, có thể dùng động tác 1 người: Hoa Gian Độc Chước."
10131655,Đào Hoa Túy,24,16,false,1,-1,1,10000,4,200,false,1,-1,-1,24,,,"<color=#33ff99>(Hạn sử dụng 1 ngày, tính từ khi bắt đầu mua)#r<color=#FFFFFF>Võ lăng đào hạ phùng ngọc nhân#rNguyện tác lục ngạc bạn quân khai.<color=#00FF00>Khi trang bị vào ô thời trang, có thể dùng động tác 1 người: Hoa Gian Độc Chước."
10131656,Đào Hoa Túy,24,16,false,1,-1,1,10000,4,200,false,1,-1,-1,72,,,"<color=#33ff99>(Hạn sử dụng 3 ngày, tính từ khi bắt đầu mua)#r<color=#FFFFFF>Võ lăng đào hạ phùng ngọc nhân#rNguyện tác lục ngạc bạn quân khai.<color=#00FF00>Khi trang bị vào ô thời trang, có thể dùng động tác 1 người: Hoa Gian Độc Chước."
10131657,Đào Hoa Túy,24,16,false,1,-1,1,10000,4,200,false,1,-1,-1,72,,,"<color=#33ff99>(Hạn sử dụng 3 ngày, tính từ khi bắt đầu mua)#r<color=#FFFFFF>Võ lăng đào hạ phùng ngọc nhân#rNguyện tác lục ngạc bạn quân khai.<color=#00FF00>Khi trang bị vào ô thời trang, có thể dùng động tác 1 người: Hoa Gian Độc Chước."
10131658,Đào Hoa Túy,24,16,false,1,-1,1,10000,4,200,false,1,-1,-1,168,,,"<color=#33ff99>(Hạn sử dụng 7 ngày, tính từ khi bắt đầu mua)#r<color=#FFFFFF>Võ lăng đào hạ phùng ngọc nhân#rNguyện tác lục ngạc bạn quân khai.<color=#00FF00>Khi trang bị vào ô thời trang, có thể dùng động tác 1 người: Hoa Gian Độc Chước."
10131659,Đào Hoa Túy,24,16,false,1,-1,1,10000,4,200,false,1,-1,-1,168,,,"<color=#33ff99>(Hạn sử dụng 7 ngày, tính từ khi bắt đầu mua)#r<color=#FFFFFF>Võ lăng đào hạ phùng ngọc nhân#rNguyện tác lục ngạc bạn quân khai.<color=#00FF00>Khi trang bị vào ô thời trang, có thể dùng động tác 1 người: Hoa Gian Độc Chước."
10131660,Đào Hoa Túy,24,16,false,1,-1,1,10000,4,200,false,1,-1,-1,360,,,"<color=#33ff99>(Hạn sử dụng 15 ngày, tính từ khi bắt đầu mua)#r<color=#FFFFFF>Võ lăng đào hạ phùng ngọc nhân#rNguyện tác lục ngạc bạn quân khai.<color=#00FF00>Khi trang bị vào ô thời trang, có thể dùng động tác 1 người: Hoa Gian Độc Chước."
10131661,Đào Hoa Túy,24,16,false,1,-1,1,10000,4,200,false,1,-1,-1,360,,,"<color=#33ff99>(Hạn sử dụng 15 ngày, tính từ khi bắt đầu mua)#r<color=#FFFFFF>Võ lăng đào hạ phùng ngọc nhân#rNguyện tác lục ngạc bạn quân khai.<color=#00FF00>Khi trang bị vào ô thời trang, có thể dùng động tác 1 người: Hoa Gian Độc Chước."
10131662,Đào Hoa Túy,24,16,false,1,-1,1,10000,4,200,false,1,-1,-1,720,,,"<color=#33ff99>(Hạn sử dụng 30 ngày, tính từ khi bắt đầu mua)#r<color=#FFFFFF>Võ lăng đào hạ phùng ngọc nhân#rNguyện tác lục ngạc bạn quân khai.<color=#00FF00>Khi trang bị vào ô thời trang, có thể dùng động tác 1 người: Hoa Gian Độc Chước."
10131663,Đào Hoa Túy,24,16,false,1,-1,1,10000,4,200,false,1,-1,-1,720,,,"<color=#33ff99>(Hạn sử dụng 30 ngày, tính từ khi bắt đầu mua)#r<color=#FFFFFF>Võ lăng đào hạ phùng ngọc nhân#rNguyện tác lục ngạc bạn quân khai.<color=#00FF00>Khi trang bị vào ô thời trang, có thể dùng động tác 1 người: Hoa Gian Độc Chước."
10131664,Đào Hoa Túy,24,16,false,1,-1,1,10000,4,200,false,1,-1,-1,2160,,,"<color=#33ff99>(Hạn sử dụng 90 ngày, tính từ khi bắt đầu mua)#r<color=#FFFFFF>Võ lăng đào hạ phùng ngọc nhân#rNguyện tác lục ngạc bạn quân khai.<color=#00FF00>Khi trang bị vào ô thời trang, có thể dùng động tác 1 người: Hoa Gian Độc Chước."
10131665,Đào Hoa Túy,24,16,false,1,-1,1,10000,4,200,false,1,-1,-1,2160,,,"<color=#33ff99>(Hạn sử dụng 90 ngày, tính từ khi bắt đầu mua)#r<color=#FFFFFF>Võ lăng đào hạ phùng ngọc nhân#rNguyện tác lục ngạc bạn quân khai.<color=#00FF00>Khi trang bị vào ô thời trang, có thể dùng động tác 1 người: Hoa Gian Độc Chước."
10131666,Đào Hoa Túy,24,16,false,1,-1,1,10000,4,200,false,1,-1,-1,4320,,,"<color=#33ff99>(Hạn sử dụng 180 ngày, tính từ khi bắt đầu mua)#r<color=#FFFFFF>Võ lăng đào hạ phùng ngọc nhân#rNguyện tác lục ngạc bạn quân khai.<color=#00FF00>Khi trang bị vào ô thời trang, có thể dùng động tác 1 người: Hoa Gian Độc Chước."
10131667,Đào Hoa Túy,24,16,false,1,-1,1,10000,4,200,false,1,-1,-1,4320,,,"<color=#33ff99>(Hạn sử dụng 180 ngày, tính từ khi bắt đầu mua)#r<color=#FFFFFF>Võ lăng đào hạ phùng ngọc nhân#rNguyện tác lục ngạc bạn quân khai.<color=#00FF00>Khi trang bị vào ô thời trang, có thể dùng động tác 1 người: Hoa Gian Độc Chước."
10131668,Đào Hoa Túy,24,16,false,1,-1,1,10000,4,200,false,1,-1,-1,-1,,,"Võ lăng đào hạ phùng ngọc nhân#rNguyện tác lục ngạc bạn quân khai.<color=#00FF00>Khi trang bị vào ô thời trang, có thể dùng động tác 1 người: Hoa Gian Độc Chước."
10131669,Đào Hoa Túy,24,16,false,1,-1,1,10000,4,200,false,1,-1,-1,-1,,,"Võ lăng đào hạ phùng ngọc nhân#rNguyện tác lục ngạc bạn quân khai.<color=#00FF00>Khi trang bị vào ô thời trang, có thể dùng động tác 1 người: Hoa Gian Độc Chước."
10131670,U Lan Huân Phong,24,16,false,1,-1,1,10000,4,200,false,1,-1,-1,24,,,"<color=#33ff99>(Hạn sử dụng 1 ngày, tính từ khi bắt đầu mua)#r<color=#FFFFFF>U lan sinh tiền đình#rHàm huân đãi thanh phong."
10131671,U Lan Huân Phong,24,16,false,1,-1,1,10000,4,200,false,1,-1,-1,24,,,"<color=#33ff99>(Hạn sử dụng 1 ngày, tính từ khi bắt đầu mua)#r<color=#FFFFFF>U lan sinh tiền đình#rHàm huân đãi thanh phong."
10131672,U Lan Huân Phong,24,16,false,1,-1,1,10000,4,200,false,1,-1,-1,72,,,"<color=#33ff99>(Hạn sử dụng 3 ngày, tính từ khi bắt đầu mua)#r<color=#FFFFFF>U lan sinh tiền đình#rHàm huân đãi thanh phong."
10131673,U Lan Huân Phong,24,16,false,1,-1,1,10000,4,200,false,1,-1,-1,72,,,"<color=#33ff99>(Hạn sử dụng 3 ngày, tính từ khi bắt đầu mua)#r<color=#FFFFFF>U lan sinh tiền đình#rHàm huân đãi thanh phong."
10131674,U Lan Huân Phong,24,16,false,1,-1,1,10000,4,200,false,1,-1,-1,168,,,"<color=#33ff99>(Hạn sử dụng 7 ngày, tính từ khi bắt đầu mua)#r<color=#FFFFFF>U lan sinh tiền đình#rHàm huân đãi thanh phong."
10131675,U Lan Huân Phong,24,16,false,1,-1,1,10000,4,200,false,1,-1,-1,168,,,"<color=#33ff99>(Hạn sử dụng 7 ngày, tính từ khi bắt đầu mua)#r<color=#FFFFFF>U lan sinh tiền đình#rHàm huân đãi thanh phong."
10131676,U Lan Huân Phong,24,16,false,1,-1,1,10000,4,200,false,1,-1,-1,360,,,"<color=#33ff99>(Hạn sử dụng 15 ngày, tính từ khi bắt đầu mua)#r<color=#FFFFFF>U lan sinh tiền đình#rHàm huân đãi thanh phong."
10131677,U Lan Huân Phong,24,16,false,1,-1,1,10000,4,200,false,1,-1,-1,360,,,"<color=#33ff99>(Hạn sử dụng 15 ngày, tính từ khi bắt đầu mua)#r<color=#FFFFFF>U lan sinh tiền đình#rHàm huân đãi thanh phong."
10131678,U Lan Huân Phong,24,16,false,1,-1,1,10000,4,200,false,1,-1,-1,720,,,"<color=#33ff99>(Hạn sử dụng 30 ngày, tính từ khi bắt đầu mua)#r<color=#FFFFFF>U lan sinh tiền đình#rHàm huân đãi thanh phong."
10131679,U Lan Huân Phong,24,16,false,1,-1,1,10000,4,200,false,1,-1,-1,2160,,,"<color=#33ff99>(Hạn sử dụng 90 ngày, tính từ khi bắt đầu mua)#r<color=#FFFFFF>U lan sinh tiền đình#rHàm huân đãi thanh phong."
10131680,U Lan Huân Phong,24,16,false,1,-1,1,10000,4,200,false,1,-1,-1,2160,,,"<color=#33ff99>(Hạn sử dụng 90 ngày, tính từ khi bắt đầu mua)#r<color=#FFFFFF>U lan sinh tiền đình#rHàm huân đãi thanh phong."
10131681,U Lan Huân Phong,24,16,false,1,-1,1,10000,4,200,false,1,-1,-1,4320,,,"<color=#33ff99>(Hạn sử dụng 180 ngày, tính từ khi bắt đầu mua)#r<color=#FFFFFF>U lan sinh tiền đình#rHàm huân đãi thanh phong."
10131682,U Lan Huân Phong,24,16,false,1,-1,1,10000,4,200,false,1,-1,-1,4320,,,"<color=#33ff99>(Hạn sử dụng 180 ngày, tính từ khi bắt đầu mua)#r<color=#FFFFFF>U lan sinh tiền đình#rHàm huân đãi thanh phong."
10131683,U Lan Huân Phong,24,16,false,1,-1,1,10000,4,200,false,1,-1,-1,-1,,,U lan sinh tiền đình#rHàm huân đãi thanh phong.<color=#00FF00>#rThời trang này có thể thông qua Y Thiên Thái tại Lạc Dương tiến hành nhuộm màu.
10131684,U Lan Huân Phong,24,16,false,1,-1,1,10000,4,200,false,1,-1,-1,-1,,,U lan sinh tiền đình#rHàm huân đãi thanh phong.<color=#00FF00>#rThời trang này có thể thông qua Y Thiên Thái tại Lạc Dương tiến hành nhuộm màu.
10131685,U Lan Huân Phong,24,16,false,1,-1,1,10000,4,200,false,1,-1,-1,720,,,"<color=#33ff99>(Hạn sử dụng 30 ngày, tính từ khi bắt đầu mua)#r<color=#FFFFFF>U lan sinh tiền đình#rHàm huân đãi thanh phong."
10131686,U Lan Huân Phong,24,16,false,1,-1,1,10000,4,200,false,1,-1,-1,-1,,,U lan sinh tiền đình#rHàm huân đãi thanh phong.
10131687,Tiên Dược Lâm Trung Ẩm,24,16,false,1,-1,1,10000,4,200,false,1,-1,-1,24,,,"<color=#33ff99>(Hạn sử dụng 1 ngày, tính từ khi bắt đầu mua)#r<color=#FFFFFF>Lâm trung hảo cảnh tự du nhiên#rThanh nhai giản trung lộc ẩm khê."
10131688,Tiên Dược Lâm Trung Ẩm,24,16,false,1,-1,1,10000,4,200,false,1,-1,-1,24,,,"<color=#33ff99>(Hạn sử dụng 1 ngày, tính từ khi bắt đầu mua)#r<color=#FFFFFF>Lâm trung hảo cảnh tự du nhiên#rThanh nhai giản trung lộc ẩm khê."
10131689,Tiên Dược Lâm Trung Ẩm,24,16,false,1,-1,1,10000,4,200,false,1,-1,-1,72,,,"<color=#33ff99>(Hạn sử dụng 3 ngày, tính từ khi bắt đầu mua)#r<color=#FFFFFF>Lâm trung hảo cảnh tự du nhiên#rThanh nhai giản trung lộc ẩm khê."
10131690,Tiên Dược Lâm Trung Ẩm,24,16,false,1,-1,1,10000,4,200,false,1,-1,-1,72,,,"<color=#33ff99>(Hạn sử dụng 3 ngày, tính từ khi bắt đầu mua)#r<color=#FFFFFF>Lâm trung hảo cảnh tự du nhiên#rThanh nhai giản trung lộc ẩm khê."
10131691,Tiên Dược Lâm Trung Ẩm,24,16,false,1,-1,1,10000,4,200,false,1,-1,-1,168,,,"<color=#33ff99>(Hạn sử dụng 7 ngày, tính từ khi bắt đầu mua)#r<color=#FFFFFF>Lâm trung hảo cảnh tự du nhiên#rThanh nhai giản trung lộc ẩm khê."
10131692,Tiên Dược Lâm Trung Ẩm,24,16,false,1,-1,1,10000,4,200,false,1,-1,-1,168,,,"<color=#33ff99>(Hạn sử dụng 7 ngày, tính từ khi bắt đầu mua)#r<color=#FFFFFF>Lâm trung hảo cảnh tự du nhiên#rThanh nhai giản trung lộc ẩm khê."
10131693,Tiên Dược Lâm Trung Ẩm,24,16,false,1,-1,1,10000,4,200,false,1,-1,-1,360,,,"<color=#33ff99>(Hạn sử dụng 15 ngày, tính từ khi bắt đầu mua)#r<color=#FFFFFF>Lâm trung hảo cảnh tự du nhiên#rThanh nhai giản trung lộc ẩm khê."
10131694,Tiên Dược Lâm Trung Ẩm,24,16,false,1,-1,1,10000,4,200,false,1,-1,-1,360,,,"<color=#33ff99>(Hạn sử dụng 15 ngày, tính từ khi bắt đầu mua)#r<color=#FFFFFF>Lâm trung hảo cảnh tự du nhiên#rThanh nhai giản trung lộc ẩm khê."
10131695,Tiên Dược Lâm Trung Ẩm,24,16,false,1,-1,1,10000,4,200,false,1,-1,-1,720,,,"<color=#33ff99>(Hạn sử dụng 30 ngày, tính từ khi bắt đầu mua)#r<color=#FFFFFF>Lâm trung hảo cảnh tự du nhiên#rThanh nhai giản trung lộc ẩm khê."
10131696,Tiên Dược Lâm Trung Ẩm,24,16,false,1,-1,1,10000,4,200,false,1,-1,-1,720,,,"<color=#33ff99>(Hạn sử dụng 30 ngày, tính từ khi bắt đầu mua)#r<color=#FFFFFF>Lâm trung hảo cảnh tự du nhiên#rThanh nhai giản trung lộc ẩm khê."
10131697,Tiên Dược Lâm Trung Ẩm,24,16,false,1,-1,1,10000,4,200,false,1,-1,-1,2160,,,"<color=#33ff99>(Hạn sử dụng 90 ngày, tính từ khi bắt đầu mua)#r<color=#FFFFFF>Lâm trung hảo cảnh tự du nhiên#rThanh nhai giản trung lộc ẩm khê."
10131698,Tiên Dược Lâm Trung Ẩm,24,16,false,1,-1,1,10000,4,200,false,1,-1,-1,2160,,,"<color=#33ff99>(Hạn sử dụng 90 ngày, tính từ khi bắt đầu mua)#r<color=#FFFFFF>Lâm trung hảo cảnh tự du nhiên#rThanh nhai giản trung lộc ẩm khê."
10131699,Tiên Dược Lâm Trung Ẩm,24,16,false,1,-1,1,10000,4,200,false,1,-1,-1,4320,,,"<color=#33ff99>(Hạn sử dụng 180 ngày, tính từ khi bắt đầu mua)#r<color=#FFFFFF>Lâm trung hảo cảnh tự du nhiên#rThanh nhai giản trung lộc ẩm khê."
10131700,Tiên Dược Lâm Trung Ẩm,24,16,false,1,-1,1,10000,4,200,false,1,-1,-1,4320,,,"<color=#33ff99>(Hạn sử dụng 180 ngày, tính từ khi bắt đầu mua)#r<color=#FFFFFF>Lâm trung hảo cảnh tự du nhiên#rThanh nhai giản trung lộc ẩm khê."
10131701,Tiên Dược Lâm Trung Ẩm,24,16,false,1,-1,1,10000,4,200,false,1,-1,-1,-1,,,Lâm trung hảo cảnh tự du nhiên#rThanh nhai giản trung lộc ẩm khê.
10131702,Tiên Dược Lâm Trung Ẩm,24,16,false,1,-1,1,10000,4,200,false,1,-1,-1,-1,,,Lâm trung hảo cảnh tự du nhiên#rThanh nhai giản trung lộc ẩm khê.
10131703,Thiển Khấu Hí Đinh Linh,24,16,false,1,-1,1,10000,4,200,false,1,-1,-1,24,,,"<color=#33ff99>(Hạn sử dụng 1 ngày, tính từ khi bắt đầu mua)#r<color=#FFFFFF>Đậu khấu tiêu đầu hạ sắc thiển#rHí nhiễu đinh linh thiều hoa niên.<color=#00FF00>Khi trang bị vào ô thời trang, có thể dùng động tác 1 người: Mạn Vũ Đinh Linh."
10131704,Thiển Khấu Hí Đinh Linh,24,16,false,1,-1,1,10000,4,200,false,1,-1,-1,24,,,"<color=#33ff99>(Hạn sử dụng 1 ngày, tính từ khi bắt đầu mua)#r<color=#FFFFFF>Đậu khấu tiêu đầu hạ sắc thiển#rHí nhiễu đinh linh thiều hoa niên.<color=#00FF00>Khi trang bị vào ô thời trang, có thể dùng động tác 1 người: Mạn Vũ Đinh Linh."
10131705,Thiển Khấu Hí Đinh Linh,24,16,false,1,-1,1,10000,4,200,false,1,-1,-1,72,,,"<color=#33ff99>(Hạn sử dụng 3 ngày, tính từ khi bắt đầu mua)#r<color=#FFFFFF>Đậu khấu tiêu đầu hạ sắc thiển#rHí nhiễu đinh linh thiều hoa niên.<color=#00FF00>Khi trang bị vào ô thời trang, có thể dùng động tác 1 người: Mạn Vũ Đinh Linh."
10131706,Thiển Khấu Hí Đinh Linh,24,16,false,1,-1,1,10000,4,200,false,1,-1,-1,72,,,"<color=#33ff99>(Hạn sử dụng 3 ngày, tính từ khi bắt đầu mua)#r<color=#FFFFFF>Đậu khấu tiêu đầu hạ sắc thiển#rHí nhiễu đinh linh thiều hoa niên.<color=#00FF00>Khi trang bị vào ô thời trang, có thể dùng động tác 1 người: Mạn Vũ Đinh Linh."
10131707,Thiển Khấu Hí Đinh Linh,24,16,false,1,-1,1,10000,4,200,false,1,-1,-1,168,,,"<color=#33ff99>(Hạn sử dụng 7 ngày, tính từ khi bắt đầu mua)#r<color=#FFFFFF>Đậu khấu tiêu đầu hạ sắc thiển#rHí nhiễu đinh linh thiều hoa niên.<color=#00FF00>Khi trang bị vào ô thời trang, có thể dùng động tác 1 người: Mạn Vũ Đinh Linh."
10131708,Thiển Khấu Hí Đinh Linh,24,16,false,1,-1,1,10000,4,200,false,1,-1,-1,168,,,"<color=#33ff99>(Hạn sử dụng 7 ngày, tính từ khi bắt đầu mua)#r<color=#FFFFFF>Đậu khấu tiêu đầu hạ sắc thiển#rHí nhiễu đinh linh thiều hoa niên.<color=#00FF00>Khi trang bị vào ô thời trang, có thể dùng động tác 1 người: Mạn Vũ Đinh Linh."
10131709,Thiển Khấu Hí Đinh Linh,24,16,false,1,-1,1,10000,4,200,false,1,-1,-1,360,,,"<color=#33ff99>(Hạn sử dụng 15 ngày, tính từ khi bắt đầu mua)#r<color=#FFFFFF>Đậu khấu tiêu đầu hạ sắc thiển#rHí nhiễu đinh linh thiều hoa niên.<color=#00FF00>Khi trang bị vào ô thời trang, có thể dùng động tác 1 người: Mạn Vũ Đinh Linh."
10131710,Thiển Khấu Hí Đinh Linh,24,16,false,1,-1,1,10000,4,200,false,1,-1,-1,360,,,"<color=#33ff99>(Hạn sử dụng 15 ngày, tính từ khi bắt đầu mua)#r<color=#FFFFFF>Đậu khấu tiêu đầu hạ sắc thiển#rHí nhiễu đinh linh thiều hoa niên.<color=#00FF00>Khi trang bị vào ô thời trang, có thể dùng động tác 1 người: Mạn Vũ Đinh Linh."
10131711,Thiển Khấu Hí Đinh Linh,24,16,false,1,-1,1,10000,4,200,false,1,-1,-1,720,,,"<color=#33ff99>(Hạn sử dụng 30 ngày, tính từ khi bắt đầu mua)#r<color=#FFFFFF>Đậu khấu tiêu đầu hạ sắc thiển#rHí nhiễu đinh linh thiều hoa niên.<color=#00FF00>Khi trang bị vào ô thời trang, có thể dùng động tác 1 người: Mạn Vũ Đinh Linh."
10131712,Thiển Khấu Hí Đinh Linh,24,16,false,1,-1,1,10000,4,200,false,1,-1,-1,720,,,"<color=#33ff99>(Hạn sử dụng 30 ngày, tính từ khi bắt đầu mua)#r<color=#FFFFFF>Đậu khấu tiêu đầu hạ sắc thiển#rHí nhiễu đinh linh thiều hoa niên.<color=#00FF00>Khi trang bị vào ô thời trang, có thể dùng động tác 1 người: Mạn Vũ Đinh Linh."
10131713,Thiển Khấu Hí Đinh Linh,24,16,false,1,-1,1,10000,4,200,false,1,-1,-1,2160,,,"<color=#33ff99>(Hạn sử dụng 90 ngày, tính từ khi bắt đầu mua)#r<color=#FFFFFF>Đậu khấu tiêu đầu hạ sắc thiển#rHí nhiễu đinh linh thiều hoa niên.<color=#00FF00>Khi trang bị vào ô thời trang, có thể dùng động tác 1 người: Mạn Vũ Đinh Linh."
10131714,Thiển Khấu Hí Đinh Linh,24,16,false,1,-1,1,10000,4,200,false,1,-1,-1,2160,,,"<color=#33ff99>(Hạn sử dụng 90 ngày, tính từ khi bắt đầu mua)#r<color=#FFFFFF>Đậu khấu tiêu đầu hạ sắc thiển#rHí nhiễu đinh linh thiều hoa niên.<color=#00FF00>Khi trang bị vào ô thời trang, có thể dùng động tác 1 người: Mạn Vũ Đinh Linh."
10131715,Thiển Khấu Hí Đinh Linh,24,16,false,1,-1,1,10000,4,200,false,1,-1,-1,4320,,,"<color=#33ff99>(Hạn sử dụng 180 ngày, tính từ khi bắt đầu mua)#r<color=#FFFFFF>Đậu khấu tiêu đầu hạ sắc thiển#rHí nhiễu đinh linh thiều hoa niên.<color=#00FF00>Khi trang bị vào ô thời trang, có thể dùng động tác 1 người: Mạn Vũ Đinh Linh."
10131716,Thiển Khấu Hí Đinh Linh,24,16,false,1,-1,1,10000,4,200,false,1,-1,-1,4320,,,"<color=#33ff99>(Hạn sử dụng 180 ngày, tính từ khi bắt đầu mua)#r<color=#FFFFFF>Đậu khấu tiêu đầu hạ sắc thiển#rHí nhiễu đinh linh thiều hoa niên.<color=#00FF00>Khi trang bị vào ô thời trang, có thể dùng động tác 1 người: Mạn Vũ Đinh Linh."
10131717,Thiển Khấu Hí Đinh Linh,24,16,false,1,-1,1,10000,4,200,false,1,-1,-1,-1,,,"Đậu khấu tiêu đầu hạ sắc thiển#rHí nhiễu đinh linh thiều hoa niên.<color=#00FF00>Khi trang bị vào ô thời trang, có thể dùng động tác 1 người: Mạn Vũ Đinh Linh."
10131718,Thiển Khấu Hí Đinh Linh,24,16,false,1,-1,1,10000,4,200,false,1,-1,-1,-1,,,"Đậu khấu tiêu đầu hạ sắc thiển#rHí nhiễu đinh linh thiều hoa niên.<color=#00FF00>Khi trang bị vào ô thời trang, có thể dùng động tác 1 người: Mạn Vũ Đinh Linh."
10131719,Phù Hương Ảnh,24,16,false,1,-1,1,10000,4,200,false,1,-1,-1,24,,,"<color=#33ff99>(Hạn sử dụng 1 ngày, tính từ khi bắt đầu mua)#r<color=#FFFFFF>Hạm đạm trì trung tiếu#rThanh hương tùy phong lai."
10131720,Phù Hương Ảnh,24,16,false,1,-1,1,10000,4,200,false,1,-1,-1,24,,,"<color=#33ff99>(Hạn sử dụng 1 ngày, tính từ khi bắt đầu mua)#r<color=#FFFFFF>Hạm đạm trì trung tiếu#rThanh hương tùy phong lai."
10131721,Phù Hương Ảnh,24,16,false,1,-1,1,10000,4,200,false,1,-1,-1,72,,,"<color=#33ff99>(Hạn sử dụng 3 ngày, tính từ khi bắt đầu mua)#r<color=#FFFFFF>Hạm đạm trì trung tiếu#rThanh hương tùy phong lai."
10131722,Phù Hương Ảnh,24,16,false,1,-1,1,10000,4,200,false,1,-1,-1,72,,,"<color=#33ff99>(Hạn sử dụng 3 ngày, tính từ khi bắt đầu mua)#r<color=#FFFFFF>Hạm đạm trì trung tiếu#rThanh hương tùy phong lai."
10131723,Phù Hương Ảnh,24,16,false,1,-1,1,10000,4,200,false,1,-1,-1,168,,,"<color=#33ff99>(Hạn sử dụng 7 ngày, tính từ khi bắt đầu mua)#r<color=#FFFFFF>Hạm đạm trì trung tiếu#rThanh hương tùy phong lai."
10131724,Phù Hương Ảnh,24,16,false,1,-1,1,10000,4,200,false,1,-1,-1,168,,,"<color=#33ff99>(Hạn sử dụng 7 ngày, tính từ khi bắt đầu mua)#r<color=#FFFFFF>Hạm đạm trì trung tiếu#rThanh hương tùy phong lai."
10131725,Phù Hương Ảnh,24,16,false,1,-1,1,10000,4,200,false,1,-1,-1,360,,,"<color=#33ff99>(Hạn sử dụng 15 ngày, tính từ khi bắt đầu mua)#r<color=#FFFFFF>Hạm đạm trì trung tiếu#rThanh hương tùy phong lai."
10131726,Phù Hương Ảnh,24,16,false,1,-1,1,10000,4,200,false,1,-1,-1,360,,,"<color=#33ff99>(Hạn sử dụng 15 ngày, tính từ khi bắt đầu mua)#r<color=#FFFFFF>Hạm đạm trì trung tiếu#rThanh hương tùy phong lai."
10131727,Phù Hương Ảnh,24,16,false,1,-1,1,10000,4,200,false,1,-1,-1,720,,,"<color=#33ff99>(Hạn sử dụng 30 ngày, tính từ khi bắt đầu mua)#r<color=#FFFFFF>Hạm đạm trì trung tiếu#rThanh hương tùy phong lai."
10131728,Phù Hương Ảnh,24,16,false,1,-1,1,10000,4,200,false,1,-1,-1,720,,,"<color=#33ff99>(Hạn sử dụng 30 ngày, tính từ khi bắt đầu mua)#r<color=#FFFFFF>Hạm đạm trì trung tiếu#rThanh hương tùy phong lai."
10131729,Phù Hương Ảnh,24,16,false,1,-1,1,10000,4,200,false,1,-1,-1,2160,,,"<color=#33ff99>(Hạn sử dụng 90 ngày, tính từ khi bắt đầu mua)#r<color=#FFFFFF>Hạm đạm trì trung tiếu#rThanh hương tùy phong lai."
10131730,Phù Hương Ảnh,24,16,false,1,-1,1,10000,4,200,false,1,-1,-1,2160,,,"<color=#33ff99>(Hạn sử dụng 90 ngày, tính từ khi bắt đầu mua)#r<color=#FFFFFF>Hạm đạm trì trung tiếu#rThanh hương tùy phong lai."
10131731,Phù Hương Ảnh,24,16,false,1,-1,1,10000,4,200,false,1,-1,-1,4320,,,"<color=#33ff99>(Hạn sử dụng 180 ngày, tính từ khi bắt đầu mua)#r<color=#FFFFFF>Hạm đạm trì trung tiếu#rThanh hương tùy phong lai."
10131732,Phù Hương Ảnh,24,16,false,1,-1,1,10000,4,200,false,1,-1,-1,4320,,,"<color=#33ff99>(Hạn sử dụng 180 ngày, tính từ khi bắt đầu mua)#r<color=#FFFFFF>Hạm đạm trì trung tiếu#rThanh hương tùy phong lai."
10131733,Phù Hương Ảnh,24,16,false,1,-1,1,10000,4,200,false,1,-1,-1,-1,,,Hạm đạm trì trung tiếu#rThanh hương tùy phong lai.<color=#00FF00>#rThời trang này có thể thông qua Y Thiên Thái tại Lạc Dương tiến hành nhuộm màu.
10131734,Phù Hương Ảnh,24,16,false,1,-1,1,10000,4,200,false,1,-1,-1,-1,,,Hạm đạm trì trung tiếu#rThanh hương tùy phong lai.<color=#00FF00>#rThời trang này có thể thông qua Y Thiên Thái tại Lạc Dương tiến hành nhuộm màu.
10131735,Tuyệt Tình Cẩm Y,24,16,false,1,14,1,10000,4,200,false,1,-1,-1,-1,,,Cẩm y thường mặc của Đệ tử Tuyệt Tình Cốc.
10131738,Thê Vũ,24,16,false,1,14,1,10000,4,200,false,1,-1,-1,-1,,,"Đồ gấm Tuyệt Tình, được xem như bảo vật trấn phái của Tuyệt Tình Cốc.<br><color=#00FF00>Thời trang cao cấp</color> phái <color=#00FF00>Tuyệt Tình Cốc</color>. Trên mình quái vật ở <color=#00FF00>Ngân Ngai Tuyết Nguyên</color> có mang <color=#FFFF00>[Nhật Ký Quái Vật]</color>. Thu thập <color=#FFFF00>20 quyển</color>, có thể đến <color=#00FF00>Đại Lý</color> tìm <color=#FFFF00>Củng Thái Vân</color> để đổi lấy bộ <color=#00FF00>thời trang cao cấp môn phái</color>."
10131739,Ô Linh,24,16,false,1,14,1,10000,4,200,false,1,-1,-1,-1,,,"Điểm xuyết bằng Ô Linh, chỉ thấy lông vũ hóa lửa tạo thế tái sinh.<br><color=#00FF00>Thời trang tiến cấp</color> phái <color=#00FF00>Tuyệt Tình Cốc</color>. <color=#00FF00>Trấn Bảo Long Vương</color> cai quản <color=#00FF00>Lâu Lan Bảo Tàng Động</color> cùng vô số rương bảo vật, trong đó bao gồm <color=#FFFF00>[Quái Vật Tương Sách]</color>. Thu thập <color=#FFFF00>20 quyển</color>, có thể đến <color=#00FF00>Đại Lý</color> tìm <color=#FFFF00>Củng Thái Vân</color> để đổi lấy bộ <color=#00FF00>thời trang tiến cấp môn phái</color>."
10131741,Phong Lạc,24,16,false,1,14,1,10000,4,200,false,1,-1,-1,-1,,,"Thợ thủ công Tuyệt Tình Cốc dùng tơ tằm chế tạo nên, bên trong lấp lánh sắc đỏ lá phong.<br><color=#00FF00>Thời trang đặc biệt</color> phái <color=#00FF00>Tuyệt Tình Cốc</color>. <color=#00FF00>Gia Luật Liên Thành</color> tại <color=#00FF00>Binh Thánh Kỳ Trận</color> có ấn ký <color=#FFFF00>[Chinh Nam Tiên Phong Ấn]</color>. Thu thập <color=#FFFF00>20 ấn</color>, có thể đến <color=#00FF00>Đại Lý</color> tìm <color=#FFFF00>Củng Thái Vân</color> để đổi lấy bộ <color=#00FF00>thời trang đặc biệt môn phái</color>."
10131742,Luyện Ảnh Phong Hoa,24,16,false,1,14,1,10000,4,200,false,1,-1,-1,-1,,,Luyện ảnh bệ nghễ kinh hồng khách#rLưu vân nhiễm sương mịch phong hoa.
10131743,Luyện Ảnh Phong Hoa,24,16,false,1,14,1,10000,4,200,false,1,-1,-1,-1,,,Luyện ảnh bệ nghễ kinh hồng khách#rLưu vân nhiễm sương mịch phong hoa.
10131744,Tử Nguyệt Trầm Sương,24,16,false,1,-1,1,10000,4,200,false,1,-1,-1,24,,,"<color=#33ff99>(Hạn sử dụng 1 ngày, tính từ khi bắt đầu mua)#r<color=#FFFFFF>Tây phong liệt#rTrường không nhạn khiếu sương thần nguyệt."
10131745,Tử Nguyệt Trầm Sương,24,16,false,1,-1,1,10000,4,200,false,1,-1,-1,24,,,"<color=#33ff99>(Hạn sử dụng 1 ngày, tính từ khi bắt đầu mua)#r<color=#FFFFFF>Tây phong liệt#rTrường không nhạn khiếu sương thần nguyệt."
10131746,Tử Nguyệt Trầm Sương,24,16,false,1,-1,1,10000,4,200,false,1,-1,-1,72,,,"<color=#33ff99>(Hạn sử dụng 3 ngày, tính từ khi bắt đầu mua)#r<color=#FFFFFF>Tây phong liệt#rTrường không nhạn khiếu sương thần nguyệt."
10131747,Tử Nguyệt Trầm Sương,24,16,false,1,-1,1,10000,4,200,false,1,-1,-1,72,,,"<color=#33ff99>(Hạn sử dụng 3 ngày, tính từ khi bắt đầu mua)#r<color=#FFFFFF>Tây phong liệt#rTrường không nhạn khiếu sương thần nguyệt."
10131748,Tử Nguyệt Trầm Sương,24,16,false,1,-1,1,10000,4,200,false,1,-1,-1,168,,,"<color=#33ff99>(Hạn sử dụng 7 ngày, tính từ khi bắt đầu mua)#r<color=#FFFFFF>Tây phong liệt#rTrường không nhạn khiếu sương thần nguyệt."
10131749,Tử Nguyệt Trầm Sương,24,16,false,1,-1,1,10000,4,200,false,1,-1,-1,168,,,"<color=#33ff99>(Hạn sử dụng 7 ngày, tính từ khi bắt đầu mua)#r<color=#FFFFFF>Tây phong liệt#rTrường không nhạn khiếu sương thần nguyệt."
10131750,Tử Nguyệt Trầm Sương,24,16,false,1,-1,1,10000,4,200,false,1,-1,-1,360,,,"<color=#33ff99>(Hạn sử dụng 15 ngày, tính từ khi bắt đầu mua)#r<color=#FFFFFF>Tây phong liệt#rTrường không nhạn khiếu sương thần nguyệt."
10131751,Tử Nguyệt Trầm Sương,24,16,false,1,-1,1,10000,4,200,false,1,-1,-1,360,,,"<color=#33ff99>(Hạn sử dụng 15 ngày, tính từ khi bắt đầu mua)#r<color=#FFFFFF>Tây phong liệt#rTrường không nhạn khiếu sương thần nguyệt."
10131752,Tử Nguyệt Trầm Sương,24,16,false,1,-1,1,10000,4,200,false,1,-1,-1,720,,,"<color=#33ff99>(Hạn sử dụng 30 ngày, tính từ khi bắt đầu mua)#r<color=#FFFFFF>Tây phong liệt#rTrường không nhạn khiếu sương thần nguyệt."
10131753,Tử Nguyệt Trầm Sương,24,16,false,1,-1,1,10000,4,200,false,1,-1,-1,720,,,"<color=#33ff99>(Hạn sử dụng 30 ngày, tính từ khi bắt đầu mua)#r<color=#FFFFFF>Tây phong liệt#rTrường không nhạn khiếu sương thần nguyệt."
10131754,Tử Nguyệt Trầm Sương,24,16,false,1,-1,1,10000,4,200,false,1,-1,-1,2160,,,"<color=#33ff99>(Hạn sử dụng 90 ngày, tính từ khi bắt đầu mua)#r<color=#FFFFFF>Tây phong liệt#rTrường không nhạn khiếu sương thần nguyệt."
10131755,Tử Nguyệt Trầm Sương,24,16,false,1,-1,1,10000,4,200,false,1,-1,-1,2160,,,"<color=#33ff99>(Hạn sử dụng 90 ngày, tính từ khi bắt đầu mua)#r<color=#FFFFFF>Tây phong liệt#rTrường không nhạn khiếu sương thần nguyệt."
10131756,Tử Nguyệt Trầm Sương,24,16,false,1,-1,1,10000,4,200,false,1,-1,-1,4320,,,"<color=#33ff99>(Hạn sử dụng 180 ngày, tính từ khi bắt đầu mua)#r<color=#FFFFFF>Tây phong liệt#rTrường không nhạn khiếu sương thần nguyệt."
10131757,Tử Nguyệt Trầm Sương,24,16,false,1,-1,1,10000,4,200,false,1,-1,-1,4320,,,"<color=#33ff99>(Hạn sử dụng 180 ngày, tính từ khi bắt đầu mua)#r<color=#FFFFFF>Tây phong liệt#rTrường không nhạn khiếu sương thần nguyệt."
10131758,Tử Nguyệt Trầm Sương,24,16,false,1,-1,1,10000,4,200,false,1,-1,-1,-1,,,Tây phong liệt#rTrường không nhạn khiếu sương thần nguyệt.
10131759,Tử Nguyệt Trầm Sương,24,16,false,1,-1,1,10000,4,200,false,1,-1,-1,-1,,,Tây phong liệt#rTrường không nhạn khiếu sương thần nguyệt.
10131760,Chước Hoa Yêu Nguyệt,24,16,false,1,-1,1,10000,4,200,false,1,-1,-1,24,,,"<color=#33ff99>(Hạn sử dụng 1 ngày, tính từ khi bắt đầu mua)#r<color=#FFFFFF>Hoa gian nhất hồ tửu, độc chước vô tương thân.#rCử bôi yêu minh nguyệt, đối ảnh thành tam nhân."
10131761,Chước Hoa Yêu Nguyệt,24,16,false,1,-1,1,10000,4,200,false,1,-1,-1,24,,,"<color=#33ff99>(Hạn sử dụng 1 ngày, tính từ khi bắt đầu mua)#r<color=#FFFFFF>Hoa gian nhất hồ tửu, độc chước vô tương thân.#rCử bôi yêu minh nguyệt, đối ảnh thành tam nhân."
10131762,Chước Hoa Yêu Nguyệt,24,16,false,1,-1,1,10000,4,200,false,1,-1,-1,72,,,"<color=#33ff99>(Hạn sử dụng 3 ngày, tính từ khi bắt đầu mua)#r<color=#FFFFFF>Hoa gian nhất hồ tửu, độc chước vô tương thân.#rCử bôi yêu minh nguyệt, đối ảnh thành tam nhân."
10131763,Chước Hoa Yêu Nguyệt,24,16,false,1,-1,1,10000,4,200,false,1,-1,-1,72,,,"<color=#33ff99>(Hạn sử dụng 3 ngày, tính từ khi bắt đầu mua)#r<color=#FFFFFF>Hoa gian nhất hồ tửu, độc chước vô tương thân.#rCử bôi yêu minh nguyệt, đối ảnh thành tam nhân."
10131764,Chước Hoa Yêu Nguyệt,24,16,false,1,-1,1,10000,4,200,false,1,-1,-1,168,,,"<color=#33ff99>(Hạn sử dụng 7 ngày, tính từ khi bắt đầu mua)#r<color=#FFFFFF>Hoa gian nhất hồ tửu, độc chước vô tương thân.#rCử bôi yêu minh nguyệt, đối ảnh thành tam nhân."
10131765,Chước Hoa Yêu Nguyệt,24,16,false,1,-1,1,10000,4,200,false,1,-1,-1,168,,,"<color=#33ff99>(Hạn sử dụng 7 ngày, tính từ khi bắt đầu mua)#r<color=#FFFFFF>Hoa gian nhất hồ tửu, độc chước vô tương thân.#rCử bôi yêu minh nguyệt, đối ảnh thành tam nhân."
10131766,Chước Hoa Yêu Nguyệt,24,16,false,1,-1,1,10000,4,200,false,1,-1,-1,360,,,"<color=#33ff99>(Hạn sử dụng 15 ngày, tính từ khi bắt đầu mua)#r<color=#FFFFFF>Hoa gian nhất hồ tửu, độc chước vô tương thân.#rCử bôi yêu minh nguyệt, đối ảnh thành tam nhân."
10131767,Chước Hoa Yêu Nguyệt,24,16,false,1,-1,1,10000,4,200,false,1,-1,-1,360,,,"<color=#33ff99>(Hạn sử dụng 15 ngày, tính từ khi bắt đầu mua)#r<color=#FFFFFF>Hoa gian nhất hồ tửu, độc chước vô tương thân.#rCử bôi yêu minh nguyệt, đối ảnh thành tam nhân."
10131768,Chước Hoa Yêu Nguyệt,24,16,false,1,-1,1,10000,4,200,false,1,-1,-1,720,,,"<color=#33ff99>(Hạn sử dụng 30 ngày, tính từ khi bắt đầu mua)#r<color=#FFFFFF>Hoa gian nhất hồ tửu, độc chước vô tương thân.#rCử bôi yêu minh nguyệt, đối ảnh thành tam nhân."
10131769,Chước Hoa Yêu Nguyệt,24,16,false,1,-1,1,10000,4,200,false,1,-1,-1,720,,,"<color=#33ff99>(Hạn sử dụng 30 ngày, tính từ khi bắt đầu mua)#r<color=#FFFFFF>Hoa gian nhất hồ tửu, độc chước vô tương thân.#rCử bôi yêu minh nguyệt, đối ảnh thành tam nhân."
10131770,Chước Hoa Yêu Nguyệt,24,16,false,1,-1,1,10000,4,200,false,1,-1,-1,2160,,,"<color=#33ff99>(Hạn sử dụng 90 ngày, tính từ khi bắt đầu mua)#r<color=#FFFFFF>Hoa gian nhất hồ tửu, độc chước vô tương thân.#rCử bôi yêu minh nguyệt, đối ảnh thành tam nhân."
10131771,Chước Hoa Yêu Nguyệt,24,16,false,1,-1,1,10000,4,200,false,1,-1,-1,2160,,,"<color=#33ff99>(Hạn sử dụng 90 ngày, tính từ khi bắt đầu mua)#r<color=#FFFFFF>Hoa gian nhất hồ tửu, độc chước vô tương thân.#rCử bôi yêu minh nguyệt, đối ảnh thành tam nhân."
10131772,Chước Hoa Yêu Nguyệt,24,16,false,1,-1,1,10000,4,200,false,1,-1,-1,4320,,,"<color=#33ff99>(Hạn sử dụng 180 ngày, tính từ khi bắt đầu mua)#r<color=#FFFFFF>Hoa gian nhất hồ tửu, độc chước vô tương thân.#rCử bôi yêu minh nguyệt, đối ảnh thành tam nhân."
10131773,Chước Hoa Yêu Nguyệt,24,16,false,1,-1,1,10000,4,200,false,1,-1,-1,4320,,,"<color=#33ff99>(Hạn sử dụng 180 ngày, tính từ khi bắt đầu mua)#r<color=#FFFFFF>Hoa gian nhất hồ tửu, độc chước vô tương thân.#rCử bôi yêu minh nguyệt, đối ảnh thành tam nhân."
10131774,Chước Hoa Yêu Nguyệt,24,16,false,1,-1,1,10000,4,200,false,1,-1,-1,-1,,,"Hoa gian nhất hồ tửu, độc chước vô tương thân.#rCử bôi yêu minh nguyệt, đối ảnh thành tam nhân."
10131775,Chước Hoa Yêu Nguyệt,24,16,false,1,-1,1,10000,4,200,false,1,-1,-1,-1,,,"Hoa gian nhất hồ tửu, độc chước vô tương thân.#rCử bôi yêu minh nguyệt, đối ảnh thành tam nhân."
10131776,Hạc Xung Thiên,24,16,false,1,-1,1,10000,4,200,false,1,-1,-1,-1,,,Gia gia lâu thượng thốc thần tiên#rTranh khán hạc xung thiên.
10131777,Hạc Xung Thiên,24,16,false,1,-1,1,10000,4,200,false,1,-1,-1,-1,,,Gia gia lâu thượng thốc thần tiên#rTranh khán hạc xung thiên.
10131778,Hạc Xung Thiên,24,16,false,1,-1,1,10000,4,200,false,1,-1,-1,-1,,,Gia gia lâu thượng thốc thần tiên#rTranh khán hạc xung thiên.
10131779,Hạc Xung Thiên,24,16,false,1,-1,1,10000,4,200,false,1,-1,-1,-1,,,Gia gia lâu thượng thốc thần tiên#rTranh khán hạc xung thiên.
10131780,Minh Triệt Cửu Châu,24,16,false,1,-1,1,10000,4,200,false,1,-1,-1,-1,,,Cao minh triệt cửu châu#rDiên cảnh vọng bát hoang.
10131781,Minh Triệt Cửu Châu,24,16,false,1,-1,1,10000,4,200,false,1,-1,-1,-1,,,Cao minh triệt cửu châu#rDiên cảnh vọng bát hoang.
10131782,Minh Triệt Cửu Châu,24,16,false,1,-1,1,10000,4,200,false,1,-1,-1,-1,,,Cao minh triệt cửu châu#rDiên cảnh vọng bát hoang.
10131783,Minh Triệt Cửu Châu,24,16,false,1,-1,1,10000,4,200,false,1,-1,-1,-1,,,Cao minh triệt cửu châu#rDiên cảnh vọng bát hoang.
10131784,Giang Các Tịch Chiếu,24,16,false,1,-1,1,10000,4,200,false,1,-1,-1,-1,,,Oanh không tàm tịch chiếu#rPhá thái tạ thần hà.
10131785,Giang Các Tịch Chiếu,24,16,false,1,-1,1,10000,4,200,false,1,-1,-1,-1,,,Oanh không tàm tịch chiếu#rPhá thái tạ thần hà.
10131786,Thanh Ca Ngâm,24,16,false,1,-1,1,10000,4,200,false,1,-1,-1,24,,,"<color=#33ff99>(Hạn sử dụng 1 ngày, tính từ khi bắt đầu mua)#r<color=#FFFFFF>Vị tận nhất tôn tiên yểm lệ#rCa thanh bán đai thanh bi."
10131787,Thanh Ca Ngâm,24,16,false,1,-1,1,10000,4,200,false,1,-1,-1,24,,,"<color=#33ff99>(Hạn sử dụng 1 ngày, tính từ khi bắt đầu mua)#r<color=#FFFFFF>Vị tận nhất tôn tiên yểm lệ#rCa thanh bán đai thanh bi."
10131788,Thanh Ca Ngâm,24,16,false,1,-1,1,10000,4,200,false,1,-1,-1,72,,,"<color=#33ff99>(Hạn sử dụng 3 ngày, tính từ khi bắt đầu mua)#r<color=#FFFFFF>Vị tận nhất tôn tiên yểm lệ#rCa thanh bán đai thanh bi."
10131789,Thanh Ca Ngâm,24,16,false,1,-1,1,10000,4,200,false,1,-1,-1,72,,,"<color=#33ff99>(Hạn sử dụng 3 ngày, tính từ khi bắt đầu mua)#r<color=#FFFFFF>Vị tận nhất tôn tiên yểm lệ#rCa thanh bán đai thanh bi."
10131790,Thanh Ca Ngâm,24,16,false,1,-1,1,10000,4,200,false,1,-1,-1,168,,,"<color=#33ff99>(Hạn sử dụng 7 ngày, tính từ khi bắt đầu mua)#r<color=#FFFFFF>Vị tận nhất tôn tiên yểm lệ#rCa thanh bán đai thanh bi."
10131791,Thanh Ca Ngâm,24,16,false,1,-1,1,10000,4,200,false,1,-1,-1,168,,,"<color=#33ff99>(Hạn sử dụng 7 ngày, tính từ khi bắt đầu mua)#r<color=#FFFFFF>Vị tận nhất tôn tiên yểm lệ#rCa thanh bán đai thanh bi."
10131792,Thanh Ca Ngâm,24,16,false,1,-1,1,10000,4,200,false,1,-1,-1,360,,,"<color=#33ff99>(Hạn sử dụng 15 ngày, tính từ khi bắt đầu mua)#r<color=#FFFFFF>Vị tận nhất tôn tiên yểm lệ#rCa thanh bán đai thanh bi."
10131793,Thanh Ca Ngâm,24,16,false,1,-1,1,10000,4,200,false,1,-1,-1,360,,,"<color=#33ff99>(Hạn sử dụng 15 ngày, tính từ khi bắt đầu mua)#r<color=#FFFFFF>Vị tận nhất tôn tiên yểm lệ#rCa thanh bán đai thanh bi."
10131794,Thanh Ca Ngâm,24,16,false,1,-1,1,10000,4,200,false,1,-1,-1,720,,,"<color=#33ff99>(Hạn sử dụng 30 ngày, tính từ khi bắt đầu mua)#r<color=#FFFFFF>Vị tận nhất tôn tiên yểm lệ#rCa thanh bán đai thanh bi."
10131795,Thanh Ca Ngâm,24,16,false,1,-1,1,10000,4,200,false,1,-1,-1,720,,,"<color=#33ff99>(Hạn sử dụng 30 ngày, tính từ khi bắt đầu mua)#r<color=#FFFFFF>Vị tận nhất tôn tiên yểm lệ#rCa thanh bán đai thanh bi."
10131796,Thanh Ca Ngâm,24,16,false,1,-1,1,10000,4,200,false,1,-1,-1,2160,,,"<color=#33ff99>(Hạn sử dụng 90 ngày, tính từ khi bắt đầu mua)#r<color=#FFFFFF>Vị tận nhất tôn tiên yểm lệ#rCa thanh bán đai thanh bi."
10131797,Thanh Ca Ngâm,24,16,false,1,-1,1,10000,4,200,false,1,-1,-1,2160,,,"<color=#33ff99>(Hạn sử dụng 90 ngày, tính từ khi bắt đầu mua)#r<color=#FFFFFF>Vị tận nhất tôn tiên yểm lệ#rCa thanh bán đai thanh bi."
10131798,Thanh Ca Ngâm,24,16,false,1,-1,1,10000,4,200,false,1,-1,-1,4320,,,"<color=#33ff99>(Hạn sử dụng 180 ngày, tính từ khi bắt đầu mua)#r<color=#FFFFFF>Vị tận nhất tôn tiên yểm lệ#rCa thanh bán đai thanh bi."
10131799,Thanh Ca Ngâm,24,16,false,1,-1,1,10000,4,200,false,1,-1,-1,4320,,,"<color=#33ff99>(Hạn sử dụng 180 ngày, tính từ khi bắt đầu mua)#r<color=#FFFFFF>Vị tận nhất tôn tiên yểm lệ#rCa thanh bán đai thanh bi."
10131800,Thanh Ca Ngâm,24,16,false,1,-1,1,10000,4,200,false,1,-1,-1,-1,,,Vị tận nhất tôn tiên yểm lệ#rCa thanh bán đai thanh bi.<color=#00FF00>#rThời trang này có thể thông qua Y Thiên Thái tại Lạc Dương tiến hành nhuộm màu.
10131801,Thanh Ca Ngâm,24,16,false,1,-1,1,10000,4,200,false,1,-1,-1,-1,,,Vị tận nhất tôn tiên yểm lệ#rCa thanh bán đai thanh bi.<color=#00FF00>#rThời trang này có thể thông qua Y Thiên Thái tại Lạc Dương tiến hành nhuộm màu.
10131817,Dạ Hành,24,16,false,1,100,1,10000,4,200,false,1,-1,-1,-1,,,"Mang âm hưởng của tiếng đàn cầm ngân nga trong đêm tối hòa theo làn hương dịu mát của Mạn Đà La Hoa, là báu vật truyền đời của Mạn Đà Sơn Trang.<br><color=#00FF00>Thời trang đặc biệt</color> phái <color=#00FF00>Mạn Đà</color>. <color=#00FF00>Gia Luật Liên Thành</color> tại <color=#00FF00>Binh Thánh Kỳ Trận</color> có ấn ký <color=#FFFF00>[Chinh Nam Tiên Phong Ấn]</color>. Thu thập <color=#FFFF00>20 ấn</color>, có thể đến <color=#00FF00>Đại Lý</color> tìm <color=#FFFF00>Củng Thái Vân</color> để đổi lấy bộ <color=#00FF00>thời trang đặc biệt môn phái</color>."
10131818,Kim Nghê Bao Hỉ,24,16,false,1,-1,1,10000,4,200,false,1,-1,-1,24,,,"<color=#33ff99>(Hạn sử dụng 1 ngày, tính từ khi bắt đầu mua)#r<color=#FFFFFF>Cận thị tuế lâm nhân lai hạ#rKim nghê bao hỉ náo tân xuân."
10131819,Kim Nghê Bao Hỉ,24,16,false,1,-1,1,10000,4,200,false,1,-1,-1,24,,,"<color=#33ff99>(Hạn sử dụng 1 ngày, tính từ khi bắt đầu mua)#r<color=#FFFFFF>Cận thị tuế lâm nhân lai hạ#rKim nghê bao hỉ náo tân xuân."
10131820,Kim Nghê Bao Hỉ,24,16,false,1,-1,1,10000,4,200,false,1,-1,-1,72,,,"<color=#33ff99>(Hạn sử dụng 3 ngày, tính từ khi bắt đầu mua)#r<color=#FFFFFF>Cận thị tuế lâm nhân lai hạ#rKim nghê bao hỉ náo tân xuân."
10131821,Kim Nghê Bao Hỉ,24,16,false,1,-1,1,10000,4,200,false,1,-1,-1,72,,,"<color=#33ff99>(Hạn sử dụng 3 ngày, tính từ khi bắt đầu mua)#r<color=#FFFFFF>Cận thị tuế lâm nhân lai hạ#rKim nghê bao hỉ náo tân xuân."
10131822,Kim Nghê Bao Hỉ,24,16,false,1,-1,1,10000,4,200,false,1,-1,-1,168,,,"<color=#33ff99>(Hạn sử dụng 7 ngày, tính từ khi bắt đầu mua)#r<color=#FFFFFF>Cận thị tuế lâm nhân lai hạ#rKim nghê bao hỉ náo tân xuân."
10131823,Kim Nghê Bao Hỉ,24,16,false,1,-1,1,10000,4,200,false,1,-1,-1,168,,,"<color=#33ff99>(Hạn sử dụng 7 ngày, tính từ khi bắt đầu mua)#r<color=#FFFFFF>Cận thị tuế lâm nhân lai hạ#rKim nghê bao hỉ náo tân xuân."
10131824,Kim Nghê Bao Hỉ,24,16,false,1,-1,1,10000,4,200,false,1,-1,-1,360,,,"<color=#33ff99>(Hạn sử dụng 15 ngày, tính từ khi bắt đầu mua)#r<color=#FFFFFF>Cận thị tuế lâm nhân lai hạ#rKim nghê bao hỉ náo tân xuân."
10131825,Kim Nghê Bao Hỉ,24,16,false,1,-1,1,10000,4,200,false,1,-1,-1,360,,,"<color=#33ff99>(Hạn sử dụng 15 ngày, tính từ khi bắt đầu mua)#r<color=#FFFFFF>Cận thị tuế lâm nhân lai hạ#rKim nghê bao hỉ náo tân xuân."
10131826,Kim Nghê Bao Hỉ,24,16,false,1,-1,1,10000,4,200,false,1,-1,-1,720,,,"<color=#33ff99>(Hạn sử dụng 30 ngày, tính từ khi bắt đầu mua)#r<color=#FFFFFF>Cận thị tuế lâm nhân lai hạ#rKim nghê bao hỉ náo tân xuân."
10131827,Kim Nghê Bao Hỉ,24,16,false,1,-1,1,10000,4,200,false,1,-1,-1,720,,,"<color=#33ff99>(Hạn sử dụng 30 ngày, tính từ khi bắt đầu mua)#r<color=#FFFFFF>Cận thị tuế lâm nhân lai hạ#rKim nghê bao hỉ náo tân xuân."
10131828,Kim Nghê Bao Hỉ,24,16,false,1,-1,1,10000,4,200,false,1,-1,-1,2160,,,"<color=#33ff99>(Hạn sử dụng 90 ngày, tính từ khi bắt đầu mua)#r<color=#FFFFFF>Cận thị tuế lâm nhân lai hạ#rKim nghê bao hỉ náo tân xuân."
10131829,Kim Nghê Bao Hỉ,24,16,false,1,-1,1,10000,4,200,false,1,-1,-1,2160,,,"<color=#33ff99>(Hạn sử dụng 90 ngày, tính từ khi bắt đầu mua)#r<color=#FFFFFF>Cận thị tuế lâm nhân lai hạ#rKim nghê bao hỉ náo tân xuân."
10131830,Kim Nghê Bao Hỉ,24,16,false,1,-1,1,10000,4,200,false,1,-1,-1,4320,,,"<color=#33ff99>(Hạn sử dụng 180 ngày, tính từ khi bắt đầu mua)#r<color=#FFFFFF>Cận thị tuế lâm nhân lai hạ#rKim nghê bao hỉ náo tân xuân."
10131831,Kim Nghê Bao Hỉ,24,16,false,1,-1,1,10000,4,200,false,1,-1,-1,4320,,,"<color=#33ff99>(Hạn sử dụng 180 ngày, tính từ khi bắt đầu mua)#r<color=#FFFFFF>Cận thị tuế lâm nhân lai hạ#rKim nghê bao hỉ náo tân xuân."
10131832,Kim Nghê Bao Hỉ,24,16,false,1,-1,1,10000,4,200,false,1,-1,-1,-1,,,Cận thị tuế lâm nhân lai hạ#rKim nghê bao hỉ náo tân xuân.
10131833,Kim Nghê Bao Hỉ,24,16,false,1,-1,1,10000,4,200,false,1,-1,-1,-1,,,Cận thị tuế lâm nhân lai hạ#rKim nghê bao hỉ náo tân xuân.
10131834,Lâm Giang Tiên,24,16,false,1,-1,1,10000,4,200,false,1,-1,-1,24,,,"<color=#33ff99>(Hạn sử dụng 1 ngày, tính từ khi bắt đầu mua)#r<color=#FFFFFF>Họa liêm trọng kiến lâm giang tiên#rDạ lan tương đối mộng hồn gian."
10131835,Lâm Giang Tiên,24,16,false,1,-1,1,10000,4,200,false,1,-1,-1,24,,,"<color=#33ff99>(Hạn sử dụng 1 ngày, tính từ khi bắt đầu mua)#r<color=#FFFFFF>Họa liêm trọng kiến lâm giang tiên#rDạ lan tương đối mộng hồn gian."
10131836,Lâm Giang Tiên,24,16,false,1,-1,1,10000,4,200,false,1,-1,-1,72,,,"<color=#33ff99>(Hạn sử dụng 3 ngày, tính từ khi bắt đầu mua)#r<color=#FFFFFF>Họa liêm trọng kiến lâm giang tiên#rDạ lan tương đối mộng hồn gian."
10131837,Lâm Giang Tiên,24,16,false,1,-1,1,10000,4,200,false,1,-1,-1,72,,,"<color=#33ff99>(Hạn sử dụng 3 ngày, tính từ khi bắt đầu mua)#r<color=#FFFFFF>Họa liêm trọng kiến lâm giang tiên#rDạ lan tương đối mộng hồn gian."
10131838,Lâm Giang Tiên,24,16,false,1,-1,1,10000,4,200,false,1,-1,-1,168,,,"<color=#33ff99>(Hạn sử dụng 7 ngày, tính từ khi bắt đầu mua)#r<color=#FFFFFF>Họa liêm trọng kiến lâm giang tiên#rDạ lan tương đối mộng hồn gian."
10131839,Lâm Giang Tiên,24,16,false,1,-1,1,10000,4,200,false,1,-1,-1,168,,,"<color=#33ff99>(Hạn sử dụng 7 ngày, tính từ khi bắt đầu mua)#r<color=#FFFFFF>Họa liêm trọng kiến lâm giang tiên#rDạ lan tương đối mộng hồn gian."
10131840,Lâm Giang Tiên,24,16,false,1,-1,1,10000,4,200,false,1,-1,-1,360,,,"<color=#33ff99>(Hạn sử dụng 15 ngày, tính từ khi bắt đầu mua)#r<color=#FFFFFF>Họa liêm trọng kiến lâm giang tiên#rDạ lan tương đối mộng hồn gian."
10131841,Lâm Giang Tiên,24,16,false,1,-1,1,10000,4,200,false,1,-1,-1,360,,,"<color=#33ff99>(Hạn sử dụng 15 ngày, tính từ khi bắt đầu mua)#r<color=#FFFFFF>Họa liêm trọng kiến lâm giang tiên#rDạ lan tương đối mộng hồn gian."
10131842,Lâm Giang Tiên,24,16,false,1,-1,1,10000,4,200,false,1,-1,-1,720,,,"<color=#33ff99>(Hạn sử dụng 30 ngày, tính từ khi bắt đầu mua)#r<color=#FFFFFF>Họa liêm trọng kiến lâm giang tiên#rDạ lan tương đối mộng hồn gian."
10131843,Lâm Giang Tiên,24,16,false,1,-1,1,10000,4,200,false,1,-1,-1,720,,,"<color=#33ff99>(Hạn sử dụng 30 ngày, tính từ khi bắt đầu mua)#r<color=#FFFFFF>Họa liêm trọng kiến lâm giang tiên#rDạ lan tương đối mộng hồn gian."
10131844,Lâm Giang Tiên,24,16,false,1,-1,1,10000,4,200,false,1,-1,-1,2160,,,"<color=#33ff99>(Hạn sử dụng 90 ngày, tính từ khi bắt đầu mua)#r<color=#FFFFFF>Họa liêm trọng kiến lâm giang tiên#rDạ lan tương đối mộng hồn gian."
10131845,Lâm Giang Tiên,24,16,false,1,-1,1,10000,4,200,false,1,-1,-1,2160,,,"<color=#33ff99>(Hạn sử dụng 90 ngày, tính từ khi bắt đầu mua)#r<color=#FFFFFF>Họa liêm trọng kiến lâm giang tiên#rDạ lan tương đối mộng hồn gian."
10131846,Lâm Giang Tiên,24,16,false,1,-1,1,10000,4,200,false,1,-1,-1,4320,,,"<color=#33ff99>(Hạn sử dụng 180 ngày, tính từ khi bắt đầu mua)#r<color=#FFFFFF>Họa liêm trọng kiến lâm giang tiên#rDạ lan tương đối mộng hồn gian."
10131847,Lâm Giang Tiên,24,16,false,1,-1,1,10000,4,200,false,1,-1,-1,4320,,,"<color=#33ff99>(Hạn sử dụng 180 ngày, tính từ khi bắt đầu mua)#r<color=#FFFFFF>Họa liêm trọng kiến lâm giang tiên#rDạ lan tương đối mộng hồn gian."
10131848,Lâm Giang Tiên,24,16,false,1,-1,1,10000,4,200,false,1,-1,-1,-1,,,Họa liêm trọng kiến lâm giang tiên#rDạ lan tương đối mộng hồn gian.
10131849,Lâm Giang Tiên,24,16,false,1,-1,1,10000,4,200,false,1,-1,-1,-1,,,Họa liêm trọng kiến lâm giang tiên#rDạ lan tương đối mộng hồn gian.
10131850,Hồng Dần,24,16,false,1,-1,1,10000,4,200,false,1,-1,-1,24,,,"<color=#33ff99>(Hạn sử dụng 1 ngày, tính từ khi bắt đầu mua)#r<color=#FFFFFF>Nhàn ca thái bình nhật#rCộng lạc kiến dần xuân.<color=#be38ff>[Hạn Định Năm Mới 2022]"
10131851,Hồng Dần,24,16,false,1,-1,1,10000,4,200,false,1,-1,-1,24,,,"<color=#33ff99>(Hạn sử dụng 1 ngày, tính từ khi bắt đầu mua)#r<color=#FFFFFF>Nhàn ca thái bình nhật#rCộng lạc kiến dần xuân.<color=#be38ff>[Hạn Định Năm Mới 2022]"
10131852,Hồng Dần,24,16,false,1,-1,1,10000,4,200,false,1,-1,-1,72,,,"<color=#33ff99>(Hạn sử dụng 3 ngày, tính từ khi bắt đầu mua)#r<color=#FFFFFF>Nhàn ca thái bình nhật#rCộng lạc kiến dần xuân.<color=#be38ff>[Hạn Định Năm Mới 2022]"
10131853,Hồng Dần,24,16,false,1,-1,1,10000,4,200,false,1,-1,-1,72,,,"<color=#33ff99>(Hạn sử dụng 3 ngày, tính từ khi bắt đầu mua)#r<color=#FFFFFF>Nhàn ca thái bình nhật#rCộng lạc kiến dần xuân.<color=#be38ff>[Hạn Định Năm Mới 2022]"
10131854,Hồng Dần,24,16,false,1,-1,1,10000,4,200,false,1,-1,-1,168,,,"<color=#33ff99>(Hạn sử dụng 7 ngày, tính từ khi bắt đầu mua)#r<color=#FFFFFF>Nhàn ca thái bình nhật#rCộng lạc kiến dần xuân.<color=#be38ff>[Hạn Định Năm Mới 2022]"
10131855,Hồng Dần,24,16,false,1,-1,1,10000,4,200,false,1,-1,-1,168,,,"<color=#33ff99>(Hạn sử dụng 7 ngày, tính từ khi bắt đầu mua)#r<color=#FFFFFF>Nhàn ca thái bình nhật#rCộng lạc kiến dần xuân.<color=#be38ff>[Hạn Định Năm Mới 2022]"
10131856,Hồng Dần,24,16,false,1,-1,1,10000,4,200,false,1,-1,-1,360,,,"<color=#33ff99>(Hạn sử dụng 15 ngày, tính từ khi bắt đầu mua)#r<color=#FFFFFF>Nhàn ca thái bình nhật#rCộng lạc kiến dần xuân.<color=#be38ff>[Hạn Định Năm Mới 2022]"
10131857,Hồng Dần,24,16,false,1,-1,1,10000,4,200,false,1,-1,-1,360,,,"<color=#33ff99>(Hạn sử dụng 15 ngày, tính từ khi bắt đầu mua)#r<color=#FFFFFF>Nhàn ca thái bình nhật#rCộng lạc kiến dần xuân.<color=#be38ff>[Hạn Định Năm Mới 2022]"
10131858,Hồng Dần,24,16,false,1,-1,1,10000,4,200,false,1,-1,-1,720,,,"<color=#33ff99>(Hạn sử dụng 30 ngày, tính từ khi bắt đầu mua)#r<color=#FFFFFF>Nhàn ca thái bình nhật#rCộng lạc kiến dần xuân.<color=#be38ff>[Hạn Định Năm Mới 2022]"
10131859,Hồng Dần,24,16,false,1,-1,1,10000,4,200,false,1,-1,-1,720,,,"<color=#33ff99>(Hạn sử dụng 30 ngày, tính từ khi bắt đầu mua)#r<color=#FFFFFF>Nhàn ca thái bình nhật#rCộng lạc kiến dần xuân.<color=#be38ff>[Hạn Định Năm Mới 2022]"
10131860,Hồng Dần,24,16,false,1,-1,1,10000,4,200,false,1,-1,-1,2160,,,"<color=#33ff99>(Hạn sử dụng 90 ngày, tính từ khi bắt đầu mua)#r<color=#FFFFFF>Nhàn ca thái bình nhật#rCộng lạc kiến dần xuân.<color=#be38ff>[Hạn Định Năm Mới 2022]"
10131861,Hồng Dần,24,16,false,1,-1,1,10000,4,200,false,1,-1,-1,2160,,,"<color=#33ff99>(Hạn sử dụng 90 ngày, tính từ khi bắt đầu mua)#r<color=#FFFFFF>Nhàn ca thái bình nhật#rCộng lạc kiến dần xuân.<color=#be38ff>[Hạn Định Năm Mới 2022]"
10131862,Hồng Dần,24,16,false,1,-1,1,10000,4,200,false,1,-1,-1,4320,,,"<color=#33ff99>(Hạn sử dụng 180 ngày, tính từ khi bắt đầu mua)#r<color=#FFFFFF>Nhàn ca thái bình nhật#rCộng lạc kiến dần xuân.<color=#be38ff>[Hạn Định Năm Mới 2022]"
10131863,Hồng Dần,24,16,false,1,-1,1,10000,4,200,false,1,-1,-1,4320,,,"<color=#33ff99>(Hạn sử dụng 180 ngày, tính từ khi bắt đầu mua)#r<color=#FFFFFF>Nhàn ca thái bình nhật#rCộng lạc kiến dần xuân.<color=#be38ff>[Hạn Định Năm Mới 2022]"
10131864,Hồng Dần,24,16,false,1,-1,1,10000,4,200,false,1,-1,-1,-1,,,Nhàn ca thái bình nhật#rCộng lạc kiến dần xuân.<color=#be38ff>[Hạn Định Năm Mới 2022]
10131865,Hồng Dần,24,16,false,1,-1,1,10000,4,200,false,1,-1,-1,-1,,,Nhàn ca thái bình nhật#rCộng lạc kiến dần xuân.<color=#be38ff>[Hạn Định Năm Mới 2022]
10131866,Nguyệt Quang Luyến Nhân,24,16,false,1,-1,1,10000,4,200,false,1,-1,-1,24,,,"<color=#33ff99>(Hạn sử dụng 1 ngày, tính từ khi bắt đầu mua)#r<color=#FFFFFF>Đa tình chỉ hữu xuân đình nguyệt#rDo vi tình nhân chiếu lạc hoa."
10131867,Nguyệt Quang Luyến Nhân,24,16,false,1,-1,1,10000,4,200,false,1,-1,-1,24,,,"<color=#33ff99>(Hạn sử dụng 1 ngày, tính từ khi bắt đầu mua)#r<color=#FFFFFF>Đa tình chỉ hữu xuân đình nguyệt#rDo vi tình nhân chiếu lạc hoa."
10131868,Nguyệt Quang Luyến Nhân,24,16,false,1,-1,1,10000,4,200,false,1,-1,-1,24,,,"<color=#33ff99>(Hạn sử dụng 1 ngày, tính từ khi bắt đầu mua)#r<color=#FFFFFF>Đa tình chỉ hữu xuân đình nguyệt#rDo vi tình nhân chiếu lạc hoa."
10131869,Nguyệt Quang Luyến Nhân,24,16,false,1,-1,1,10000,4,200,false,1,-1,-1,24,,,"<color=#33ff99>(Hạn sử dụng 1 ngày, tính từ khi bắt đầu mua)#r<color=#FFFFFF>Đa tình chỉ hữu xuân đình nguyệt#rDo vi tình nhân chiếu lạc hoa."
10131870,Nguyệt Quang Luyến Nhân,24,16,false,1,-1,1,10000,4,200,false,1,-1,-1,72,,,"<color=#33ff99>(Hạn sử dụng 3 ngày, tính từ khi bắt đầu mua)#r<color=#FFFFFF>Đa tình chỉ hữu xuân đình nguyệt#rDo vi tình nhân chiếu lạc hoa."
10131871,Nguyệt Quang Luyến Nhân,24,16,false,1,-1,1,10000,4,200,false,1,-1,-1,72,,,"<color=#33ff99>(Hạn sử dụng 3 ngày, tính từ khi bắt đầu mua)#r<color=#FFFFFF>Đa tình chỉ hữu xuân đình nguyệt#rDo vi tình nhân chiếu lạc hoa."
10131872,Nguyệt Quang Luyến Nhân,24,16,false,1,-1,1,10000,4,200,false,1,-1,-1,72,,,"<color=#33ff99>(Hạn sử dụng 3 ngày, tính từ khi bắt đầu mua)#r<color=#FFFFFF>Đa tình chỉ hữu xuân đình nguyệt#rDo vi tình nhân chiếu lạc hoa."
10131873,Nguyệt Quang Luyến Nhân,24,16,false,1,-1,1,10000,4,200,false,1,-1,-1,72,,,"<color=#33ff99>(Hạn sử dụng 3 ngày, tính từ khi bắt đầu mua)#r<color=#FFFFFF>Đa tình chỉ hữu xuân đình nguyệt#rDo vi tình nhân chiếu lạc hoa."
10131874,Nguyệt Quang Luyến Nhân,24,16,false,1,-1,1,10000,4,200,false,1,-1,-1,168,,,"<color=#33ff99>(Hạn sử dụng 7 ngày, tính từ khi bắt đầu mua)#r<color=#FFFFFF>Đa tình chỉ hữu xuân đình nguyệt#rDo vi tình nhân chiếu lạc hoa."
10131875,Nguyệt Quang Luyến Nhân,24,16,false,1,-1,1,10000,4,200,false,1,-1,-1,168,,,"<color=#33ff99>(Hạn sử dụng 7 ngày, tính từ khi bắt đầu mua)#r<color=#FFFFFF>Đa tình chỉ hữu xuân đình nguyệt#rDo vi tình nhân chiếu lạc hoa."
10131876,Nguyệt Quang Luyến Nhân,24,16,false,1,-1,1,10000,4,200,false,1,-1,-1,168,,,"<color=#33ff99>(Hạn sử dụng 7 ngày, tính từ khi bắt đầu mua)#r<color=#FFFFFF>Đa tình chỉ hữu xuân đình nguyệt#rDo vi tình nhân chiếu lạc hoa."
10131877,Nguyệt Quang Luyến Nhân,24,16,false,1,-1,1,10000,4,200,false,1,-1,-1,168,,,"<color=#33ff99>(Hạn sử dụng 7 ngày, tính từ khi bắt đầu mua)#r<color=#FFFFFF>Đa tình chỉ hữu xuân đình nguyệt#rDo vi tình nhân chiếu lạc hoa."
10131878,Nguyệt Quang Luyến Nhân,24,16,false,1,-1,1,10000,4,200,false,1,-1,-1,360,,,"<color=#33ff99>(Hạn sử dụng 15 ngày, tính từ khi bắt đầu mua)#r<color=#FFFFFF>Đa tình chỉ hữu xuân đình nguyệt#rDo vi tình nhân chiếu lạc hoa."
10131879,Nguyệt Quang Luyến Nhân,24,16,false,1,-1,1,10000,4,200,false,1,-1,-1,360,,,"<color=#33ff99>(Hạn sử dụng 15 ngày, tính từ khi bắt đầu mua)#r<color=#FFFFFF>Đa tình chỉ hữu xuân đình nguyệt#rDo vi tình nhân chiếu lạc hoa."
10131880,Nguyệt Quang Luyến Nhân,24,16,false,1,-1,1,10000,4,200,false,1,-1,-1,360,,,"<color=#33ff99>(Hạn sử dụng 15 ngày, tính từ khi bắt đầu mua)#r<color=#FFFFFF>Đa tình chỉ hữu xuân đình nguyệt#rDo vi tình nhân chiếu lạc hoa."
10131881,Nguyệt Quang Luyến Nhân,24,16,false,1,-1,1,10000,4,200,false,1,-1,-1,360,,,"<color=#33ff99>(Hạn sử dụng 15 ngày, tính từ khi bắt đầu mua)#r<color=#FFFFFF>Đa tình chỉ hữu xuân đình nguyệt#rDo vi tình nhân chiếu lạc hoa."
10131882,Nguyệt Quang Luyến Nhân,24,16,false,1,-1,1,10000,4,200,false,1,-1,-1,720,,,"<color=#33ff99>(Hạn sử dụng 30 ngày, tính từ khi bắt đầu mua)#r<color=#FFFFFF>Đa tình chỉ hữu xuân đình nguyệt#rDo vi tình nhân chiếu lạc hoa."
10131883,Nguyệt Quang Luyến Nhân,24,16,false,1,-1,1,10000,4,200,false,1,-1,-1,720,,,"<color=#33ff99>(Hạn sử dụng 30 ngày, tính từ khi bắt đầu mua)#r<color=#FFFFFF>Đa tình chỉ hữu xuân đình nguyệt#rDo vi tình nhân chiếu lạc hoa."
10131884,Nguyệt Quang Luyến Nhân,24,16,false,1,-1,1,10000,4,200,false,1,-1,-1,720,,,"<color=#33ff99>(Hạn sử dụng 30 ngày, tính từ khi bắt đầu mua)#r<color=#FFFFFF>Đa tình chỉ hữu xuân đình nguyệt#rDo vi tình nhân chiếu lạc hoa."
10131885,Nguyệt Quang Luyến Nhân,24,16,false,1,-1,1,10000,4,200,false,1,-1,-1,720,,,"<color=#33ff99>(Hạn sử dụng 30 ngày, tính từ khi bắt đầu mua)#r<color=#FFFFFF>Đa tình chỉ hữu xuân đình nguyệt#rDo vi tình nhân chiếu lạc hoa."
10131886,Nguyệt Quang Luyến Nhân,24,16,false,1,-1,1,10000,4,200,false,1,-1,-1,1440,,,"<color=#33ff99>(Hạn sử dụng 60 ngày, tính từ khi bắt đầu mua)#r<color=#FFFFFF>Đa tình chỉ hữu xuân đình nguyệt#rDo vi tình nhân chiếu lạc hoa."
10131887,Nguyệt Quang Luyến Nhân,24,16,false,1,-1,1,10000,4,200,false,1,-1,-1,2160,,,"<color=#33ff99>(Hạn sử dụng 90 ngày, tính từ khi bắt đầu mua)#r<color=#FFFFFF>Đa tình chỉ hữu xuân đình nguyệt#rDo vi tình nhân chiếu lạc hoa."
10131888,Nguyệt Quang Luyến Nhân,24,16,false,1,-1,1,10000,4,200,false,1,-1,-1,2160,,,"<color=#33ff99>(Hạn sử dụng 90 ngày, tính từ khi bắt đầu mua)#r<color=#FFFFFF>Đa tình chỉ hữu xuân đình nguyệt#rDo vi tình nhân chiếu lạc hoa."
10131889,Nguyệt Quang Luyến Nhân,24,16,false,1,-1,1,10000,4,200,false,1,-1,-1,2160,,,"<color=#33ff99>(Hạn sử dụng 90 ngày, tính từ khi bắt đầu mua)#r<color=#FFFFFF>Đa tình chỉ hữu xuân đình nguyệt#rDo vi tình nhân chiếu lạc hoa."
10131890,Nguyệt Quang Luyến Nhân,24,16,false,1,-1,1,10000,4,200,false,1,-1,-1,4320,,,"<color=#33ff99>(Hạn sử dụng 180 ngày, tính từ khi bắt đầu mua)#r<color=#FFFFFF>Đa tình chỉ hữu xuân đình nguyệt#rDo vi tình nhân chiếu lạc hoa."
10131891,Nguyệt Quang Luyến Nhân,24,16,false,1,-1,1,10000,4,200,false,1,-1,-1,4320,,,"<color=#33ff99>(Hạn sử dụng 180 ngày, tính từ khi bắt đầu mua)#r<color=#FFFFFF>Đa tình chỉ hữu xuân đình nguyệt#rDo vi tình nhân chiếu lạc hoa."
10131892,Nguyệt Quang Luyến Nhân,24,16,false,1,-1,1,10000,4,200,false,1,-1,-1,4320,,,"<color=#33ff99>(Hạn sử dụng 180 ngày, tính từ khi bắt đầu mua)#r<color=#FFFFFF>Đa tình chỉ hữu xuân đình nguyệt#rDo vi tình nhân chiếu lạc hoa."
10131893,Nguyệt Quang Luyến Nhân,24,16,false,1,-1,1,10000,4,200,false,1,-1,-1,-1,,,Đa tình chỉ hữu xuân đình nguyệt#rDo vi tình nhân chiếu lạc hoa.<color=#00FF00>#rThời trang này có thể thông qua Y Thiên Thái tại Lạc Dương tiến hành nhuộm màu.
10131894,Nguyệt Quang Luyến Nhân,24,16,false,1,-1,1,10000,4,200,false,1,-1,-1,-1,,,Đa tình chỉ hữu xuân đình nguyệt#rDo vi tình nhân chiếu lạc hoa..
10131895,Nguyệt Quang Luyến Nhân,24,16,false,1,-1,1,10000,4,200,false,1,-1,-1,-1,,,Đa tình chỉ hữu xuân đình nguyệt#rDo vi tình nhân chiếu lạc hoa.<color=#00FF00>#rThời trang này có thể thông qua Y Thiên Thái tại Lạc Dương tiến hành nhuộm màu.
10131896,Nguyệt Quang Luyến Nhân,24,16,false,1,-1,1,10000,4,200,false,1,-1,-1,-1,,,Đa tình chỉ hữu xuân đình nguyệt#rDo vi tình nhân chiếu lạc hoa.<color=#00FF00>#rThời trang này có thể thông qua Y Thiên Thái tại Lạc Dương tiến hành nhuộm màu.
10136671,Nghê Thường Hoa Vũ,24,16,false,1,-1,1,10000,4,200,false,1,-1,-1,24,,,"<color=#33ff99>(Hạn sử dụng 1 ngày, tính từ khi bắt đầu mua)#r<color=#FFFFFF>Phong xuy tiên mệ phiêu phiêu cử,#rDo tự nghê thường vũ y khúc."
10136672,Nghê Thường Hoa Vũ,24,16,false,1,-1,1,10000,4,200,false,1,-1,-1,72,,,"<color=#33ff99>(Hạn sử dụng 3 ngày, tính từ khi bắt đầu mua)#r<color=#FFFFFF>Phong xuy tiên mệ phiêu phiêu cử,#rDo tự nghê thường vũ y khúc."
10136673,Nghê Thường Hoa Vũ,24,16,false,1,-1,1,10000,4,200,false,1,-1,-1,168,,,"<color=#33ff99>(Hạn sử dụng 7 ngày, tính từ khi bắt đầu mua)#r<color=#FFFFFF>Phong xuy tiên mệ phiêu phiêu cử,#rDo tự nghê thường vũ y khúc."
10136674,Nghê Thường Hoa Vũ,24,16,false,1,-1,1,10000,4,200,false,1,-1,-1,360,,,"<color=#33ff99>(Hạn sử dụng 15 ngày, tính từ khi bắt đầu mua)#r<color=#FFFFFF>Phong xuy tiên mệ phiêu phiêu cử,#rDo tự nghê thường vũ y khúc."
10136675,Nghê Thường Hoa Vũ,24,16,false,1,-1,1,10000,4,200,false,1,-1,-1,720,,,"<color=#33ff99>(Hạn sử dụng 30 ngày, tính từ khi bắt đầu mua)#r<color=#FFFFFF>Phong xuy tiên mệ phiêu phiêu cử,#rDo tự nghê thường vũ y khúc."
10136676,Nghê Thường Hoa Vũ,24,16,false,1,-1,1,10000,4,200,false,1,-1,-1,2160,,,"<color=#33ff99>(Hạn sử dụng 90 ngày, tính từ khi bắt đầu mua)#r<color=#FFFFFF>Phong xuy tiên mệ phiêu phiêu cử,#rDo tự nghê thường vũ y khúc."
10136677,Nghê Thường Hoa Vũ,24,16,false,1,-1,1,10000,4,200,false,1,-1,-1,4320,,,"<color=#33ff99>(Hạn sử dụng 180 ngày, tính từ khi bắt đầu mua)#r<color=#FFFFFF>Phong xuy tiên mệ phiêu phiêu cử,#rDo tự nghê thường vũ y khúc."
10136678,Nghê Thường Hoa Vũ,24,16,false,1,-1,1,10000,4,200,false,1,-1,-1,-1,,,"Phong xuy tiên mệ phiêu phiêu cử,#rDo tự nghê thường vũ y khúc."
10136679,Nghê Thường Hoa Vũ,24,16,false,1,-1,1,10000,4,200,false,1,-1,-1,24,,,"<color=#33ff99>(Hạn sử dụng 1 ngày, tính từ khi bắt đầu mua)#r<color=#FFFFFF>Phong xuy tiên mệ phiêu phiêu cử,#rDo tự nghê thường vũ y khúc."
10136680,Nghê Thường Hoa Vũ,24,16,false,1,-1,1,10000,4,200,false,1,-1,-1,72,,,"<color=#33ff99>(Hạn sử dụng 3 ngày, tính từ khi bắt đầu mua)#r<color=#FFFFFF>Phong xuy tiên mệ phiêu phiêu cử,#rDo tự nghê thường vũ y khúc."
10136681,Nghê Thường Hoa Vũ,24,16,false,1,-1,1,10000,4,200,false,1,-1,-1,168,,,"<color=#33ff99>(Hạn sử dụng 7 ngày, tính từ khi bắt đầu mua)#r<color=#FFFFFF>Phong xuy tiên mệ phiêu phiêu cử,#rDo tự nghê thường vũ y khúc."
10136682,Nghê Thường Hoa Vũ,24,16,false,1,-1,1,10000,4,200,false,1,-1,-1,360,,,"<color=#33ff99>(Hạn sử dụng 15 ngày, tính từ khi bắt đầu mua)#r<color=#FFFFFF>Phong xuy tiên mệ phiêu phiêu cử,#rDo tự nghê thường vũ y khúc."
10136683,Nghê Thường Hoa Vũ,24,16,false,1,-1,1,10000,4,200,false,1,-1,-1,720,,,"<color=#33ff99>(Hạn sử dụng 30 ngày, tính từ khi bắt đầu mua)#r<color=#FFFFFF>Phong xuy tiên mệ phiêu phiêu cử,#rDo tự nghê thường vũ y khúc."
10136684,Nghê Thường Hoa Vũ,24,16,false,1,-1,1,10000,4,200,false,1,-1,-1,2160,,,"<color=#33ff99>(Hạn sử dụng 90 ngày, tính từ khi bắt đầu mua)#r<color=#FFFFFF>Phong xuy tiên mệ phiêu phiêu cử,#rDo tự nghê thường vũ y khúc."
10136685,Nghê Thường Hoa Vũ,24,16,false,1,-1,1,10000,4,200,false,1,-1,-1,4320,,,"<color=#33ff99>(Hạn sử dụng 180 ngày, tính từ khi bắt đầu mua)#r<color=#FFFFFF>Phong xuy tiên mệ phiêu phiêu cử,#rDo tự nghê thường vũ y khúc."
10136686,Nghê Thường Hoa Vũ,24,16,false,1,-1,1,10000,4,200,false,1,-1,-1,-1,,,"Phong xuy tiên mệ phiêu phiêu cử,#rDo tự nghê thường vũ y khúc."
10136687,Hoa Tuý Vân Thường,24,16,false,1,-1,1,10000,4,200,false,1,-1,-1,24,,,"<color=#33ff99>(Hạn sử dụng 1 ngày, tính từ khi bắt đầu mua)#r<color=#FFFFFF>Vân thường niệp hoa toái,#rTuý ảnh dao dục truỵ."
10136688,Hoa Tuý Vân Thường,24,16,false,1,-1,1,10000,4,200,false,1,-1,-1,72,,,"<color=#33ff99>(Hạn sử dụng 3 ngày, tính từ khi bắt đầu mua)#r<color=#FFFFFF>Vân thường niệp hoa toái,#rTuý ảnh dao dục truỵ."
10136689,Hoa Tuý Vân Thường,24,16,false,1,-1,1,10000,4,200,false,1,-1,-1,168,,,"<color=#33ff99>(Hạn sử dụng 7 ngày, tính từ khi bắt đầu mua)#r<color=#FFFFFF>Vân thường niệp hoa toái,#rTuý ảnh dao dục truỵ."
10136690,Hoa Tuý Vân Thường,24,16,false,1,-1,1,10000,4,200,false,1,-1,-1,360,,,"<color=#33ff99>(Hạn sử dụng 15 ngày, tính từ khi bắt đầu mua)#r<color=#FFFFFF>Vân thường niệp hoa toái,#rTuý ảnh dao dục truỵ."
10136691,Hoa Tuý Vân Thường,24,16,false,1,-1,1,10000,4,200,false,1,-1,-1,720,,,"<color=#33ff99>(Hạn sử dụng 30 ngày, tính từ khi bắt đầu mua)#r<color=#FFFFFF>Vân thường niệp hoa toái,#rTuý ảnh dao dục truỵ."
10136692,Hoa Tuý Vân Thường,24,16,false,1,-1,1,10000,4,200,false,1,-1,-1,2160,,,"<color=#33ff99>(Hạn sử dụng 90 ngày, tính từ khi bắt đầu mua)#r<color=#FFFFFF>Vân thường niệp hoa toái,#rTuý ảnh dao dục truỵ."
10136693,Hoa Tuý Vân Thường,24,16,false,1,-1,1,10000,4,200,false,1,-1,-1,4320,,,"<color=#33ff99>(Hạn sử dụng 180 ngày, tính từ khi bắt đầu mua)#r<color=#FFFFFF>Vân thường niệp hoa toái,#rTuý ảnh dao dục truỵ."
10136694,Hoa Tuý Vân Thường,24,16,false,1,-1,1,10000,4,200,false,1,-1,-1,-1,,,"Vân thường niệp hoa toái,#rTuý ảnh dao dục truỵ.<color=#00FF00>#rThời trang này có thể thông qua Y Thiên Thái tại Lạc Dương tiến hành nhuộm màu."
10136695,Hoa Tuý Vân Thường,24,16,false,1,-1,1,10000,4,200,false,1,-1,-1,24,,,"<color=#33ff99>(Hạn sử dụng 1 ngày, tính từ khi bắt đầu mua)#r<color=#FFFFFF>Vân thường niệp hoa toái,#rTuý ảnh dao dục truỵ."
10136696,Hoa Tuý Vân Thường,24,16,false,1,-1,1,10000,4,200,false,1,-1,-1,72,,,"<color=#33ff99>(Hạn sử dụng 3 ngày, tính từ khi bắt đầu mua)#r<color=#FFFFFF>Vân thường niệp hoa toái,#rTuý ảnh dao dục truỵ."
10136697,Hoa Tuý Vân Thường,24,16,false,1,-1,1,10000,4,200,false,1,-1,-1,168,,,"<color=#33ff99>(Hạn sử dụng 7 ngày, tính từ khi bắt đầu mua)#r<color=#FFFFFF>Vân thường niệp hoa toái,#rTuý ảnh dao dục truỵ."
10136698,Hoa Tuý Vân Thường,24,16,false,1,-1,1,10000,4,200,false,1,-1,-1,360,,,"<color=#33ff99>(Hạn sử dụng 15 ngày, tính từ khi bắt đầu mua)#r<color=#FFFFFF>Vân thường niệp hoa toái,#rTuý ảnh dao dục truỵ."
10136699,Hoa Tuý Vân Thường,24,16,false,1,-1,1,10000,4,200,false,1,-1,-1,720,,,"<color=#33ff99>(Hạn sử dụng 30 ngày, tính từ khi bắt đầu mua)#r<color=#FFFFFF>Vân thường niệp hoa toái,#rTuý ảnh dao dục truỵ."
10136700,Hoa Tuý Vân Thường,24,16,false,1,-1,1,10000,4,200,false,1,-1,-1,2160,,,"<color=#33ff99>(Hạn sử dụng 90 ngày, tính từ khi bắt đầu mua)#r<color=#FFFFFF>Vân thường niệp hoa toái,#rTuý ảnh dao dục truỵ."
10136701,Hoa Tuý Vân Thường,24,16,false,1,-1,1,10000,4,200,false,1,-1,-1,4320,,,"<color=#33ff99>(Hạn sử dụng 180 ngày, tính từ khi bắt đầu mua)#r<color=#FFFFFF>Vân thường niệp hoa toái,#rTuý ảnh dao dục truỵ."
10136702,Hoa Tuý Vân Thường,24,16,false,1,-1,1,10000,4,200,false,1,-1,-1,-1,,,"Vân thường niệp hoa toái,#rTuý ảnh dao dục truỵ.<color=#00FF00>#rThời trang này có thể thông qua Y Thiên Thái tại Lạc Dương tiến hành nhuộm màu."
10136703,Mặc Nhiễm U Hoàng,24,16,false,1,-1,1,10000,4,200,false,1,-1,-1,24,,,"<color=#33ff99>(Hạn sử dụng 1 ngày, tính từ khi bắt đầu mua)#r<color=#FFFFFF>Điểm trúc phò sơ ảnh,#rPhiên mặc nhiễm thanh huy."
10136704,Mặc Nhiễm U Hoàng,24,16,false,1,-1,1,10000,4,200,false,1,-1,-1,72,,,"<color=#33ff99>(Hạn sử dụng 3 ngày, tính từ khi bắt đầu mua)#r<color=#FFFFFF>Điểm trúc phò sơ ảnh,#rPhiên mặc nhiễm thanh huy."
10136705,Mặc Nhiễm U Hoàng,24,16,false,1,-1,1,10000,4,200,false,1,-1,-1,168,,,"<color=#33ff99>(Hạn sử dụng 7 ngày, tính từ khi bắt đầu mua)#r<color=#FFFFFF>Điểm trúc phò sơ ảnh,#rPhiên mặc nhiễm thanh huy."
10136706,Mặc Nhiễm U Hoàng,24,16,false,1,-1,1,10000,4,200,false,1,-1,-1,360,,,"<color=#33ff99>(Hạn sử dụng 15 ngày, tính từ khi bắt đầu mua)#r<color=#FFFFFF>Điểm trúc phò sơ ảnh,#rPhiên mặc nhiễm thanh huy."
10136707,Mặc Nhiễm U Hoàng,24,16,false,1,-1,1,10000,4,200,false,1,-1,-1,720,,,"<color=#33ff99>(Hạn sử dụng 30 ngày, tính từ khi bắt đầu mua)#r<color=#FFFFFF>Điểm trúc phò sơ ảnh,#rPhiên mặc nhiễm thanh huy."
10136708,Mặc Nhiễm U Hoàng,24,16,false,1,-1,1,10000,4,200,false,1,-1,-1,2160,,,"<color=#33ff99>(Hạn sử dụng 90 ngày, tính từ khi bắt đầu mua)#r<color=#FFFFFF>Điểm trúc phò sơ ảnh,#rPhiên mặc nhiễm thanh huy."
10136709,Mặc Nhiễm U Hoàng,24,16,false,1,-1,1,10000,4,200,false,1,-1,-1,4320,,,"<color=#33ff99>(Hạn sử dụng 180 ngày, tính từ khi bắt đầu mua)#r<color=#FFFFFF>Điểm trúc phò sơ ảnh,#rPhiên mặc nhiễm thanh huy."
10136710,Mặc Nhiễm U Hoàng,24,16,false,1,-1,1,10000,4,200,false,1,-1,-1,-1,,,"Điểm trúc phò sơ ảnh,#rPhiên mặc nhiễm thanh huy."
10136711,Mặc Nhiễm U Hoàng,24,16,false,1,-1,1,10000,4,200,false,1,-1,-1,24,,,"<color=#33ff99>(Hạn sử dụng 1 ngày, tính từ khi bắt đầu mua)#r<color=#FFFFFF>Điểm trúc phò sơ ảnh,#rPhiên mặc nhiễm thanh huy."
10136712,Mặc Nhiễm U Hoàng,24,16,false,1,-1,1,10000,4,200,false,1,-1,-1,72,,,"<color=#33ff99>(Hạn sử dụng 3 ngày, tính từ khi bắt đầu mua)#r<color=#FFFFFF>Điểm trúc phò sơ ảnh,#rPhiên mặc nhiễm thanh huy."
10136713,Mặc Nhiễm U Hoàng,24,16,false,1,-1,1,10000,4,200,false,1,-1,-1,168,,,"<color=#33ff99>(Hạn sử dụng 7 ngày, tính từ khi bắt đầu mua)#r<color=#FFFFFF>Điểm trúc phò sơ ảnh,#rPhiên mặc nhiễm thanh huy."
10136714,Mặc Nhiễm U Hoàng,24,16,false,1,-1,1,10000,4,200,false,1,-1,-1,360,,,"<color=#33ff99>(Hạn sử dụng 15 ngày, tính từ khi bắt đầu mua)#r<color=#FFFFFF>Điểm trúc phò sơ ảnh,#rPhiên mặc nhiễm thanh huy."
10136715,Mặc Nhiễm U Hoàng,24,16,false,1,-1,1,10000,4,200,false,1,-1,-1,720,,,"<color=#33ff99>(Hạn sử dụng 30 ngày, tính từ khi bắt đầu mua)#r<color=#FFFFFF>Điểm trúc phò sơ ảnh,#rPhiên mặc nhiễm thanh huy."
10136716,Mặc Nhiễm U Hoàng,24,16,false,1,-1,1,10000,4,200,false,1,-1,-1,2160,,,"<color=#33ff99>(Hạn sử dụng 90 ngày, tính từ khi bắt đầu mua)#r<color=#FFFFFF>Điểm trúc phò sơ ảnh,#rPhiên mặc nhiễm thanh huy."
10136717,Mặc Nhiễm U Hoàng,24,16,false,1,-1,1,10000,4,200,false,1,-1,-1,4320,,,"<color=#33ff99>(Hạn sử dụng 180 ngày, tính từ khi bắt đầu mua)#r<color=#FFFFFF>Điểm trúc phò sơ ảnh,#rPhiên mặc nhiễm thanh huy."
10136718,Mặc Nhiễm U Hoàng,24,16,false,1,-1,1,10000,4,200,false,1,-1,-1,-1,,,"Điểm trúc phò sơ ảnh,#rPhiên mặc nhiễm thanh huy."
10136719,Mặc Nhiễm U Hoàng,24,16,false,1,-1,1,10000,4,200,false,1,-1,-1,-1,,,"Điểm trúc phò sơ ảnh,#rPhiên mặc nhiễm thanh huy.#rPhong cách hiếm"
10136720,Mặc Nhiễm U Hoàng,24,16,false,1,-1,1,10000,4,200,false,1,-1,-1,360,,,"<color=#33ff99>(Hạn sử dụng 15 ngày, tính từ khi bắt đầu mua)#r<color=#FFFFFF>Điểm trúc phò sơ ảnh,#rPhiên mặc nhiễm thanh huy.#rPhong cách hiếm"
10136721,U Lan Huân Phong,24,16,false,1,-1,1,10000,4,200,false,1,-1,-1,-1,,,"u lan sinh tiền đình,#rhàm huân đãi thanh phong.#rPhong cách hiếm"
10136722,Thanh Ảnh Phi Hồng,24,16,false,1,-1,1,10000,4,200,false,1,-1,-1,24,,,"<color=#33ff99>(Hạn sử dụng 1 ngày, tính từ khi bắt đầu mua)#r<color=#FFFFFF>Nhất điểm phi hồng ảnh hạ,#rThanh sơn lục thuỷ, bạch thảo hồng hiệp hoàng hoa."
10136723,Thanh Ảnh Phi Hồng,24,16,false,1,-1,1,10000,4,200,false,1,-1,-1,72,,,"<color=#33ff99>(Hạn sử dụng 3 ngày, tính từ khi bắt đầu mua)#r<color=#FFFFFF>Nhất điểm phi hồng ảnh hạ,#rThanh sơn lục thuỷ, bạch thảo hồng hiệp hoàng hoa."
10136724,Thanh Ảnh Phi Hồng,24,16,false,1,-1,1,10000,4,200,false,1,-1,-1,168,,,"<color=#33ff99>(Hạn sử dụng 7 ngày, tính từ khi bắt đầu mua)#r<color=#FFFFFF>Nhất điểm phi hồng ảnh hạ,#rThanh sơn lục thuỷ, bạch thảo hồng hiệp hoàng hoa."
10136725,Thanh Ảnh Phi Hồng,24,16,false,1,-1,1,10000,4,200,false,1,-1,-1,360,,,"<color=#33ff99>(Hạn sử dụng 15 ngày, tính từ khi bắt đầu mua)#r<color=#FFFFFF>Nhất điểm phi hồng ảnh hạ,#rThanh sơn lục thuỷ, bạch thảo hồng hiệp hoàng hoa."
10136726,Thanh Ảnh Phi Hồng,24,16,false,1,-1,1,10000,4,200,false,1,-1,-1,720,,,"<color=#33ff99>(Hạn sử dụng 30 ngày, tính từ khi bắt đầu mua)#r<color=#FFFFFF>Nhất điểm phi hồng ảnh hạ,#rThanh sơn lục thuỷ, bạch thảo hồng hiệp hoàng hoa."
10136727,Thanh Ảnh Phi Hồng,24,16,false,1,-1,1,10000,4,200,false,1,-1,-1,2160,,,"<color=#33ff99>(Hạn sử dụng 90 ngày, tính từ khi bắt đầu mua)#r<color=#FFFFFF>Nhất điểm phi hồng ảnh hạ,#rThanh sơn lục thuỷ, bạch thảo hồng hiệp hoàng hoa."
10136728,Thanh Ảnh Phi Hồng,24,16,false,1,-1,1,10000,4,200,false,1,-1,-1,4320,,,"<color=#33ff99>(Hạn sử dụng 180 ngày, tính từ khi bắt đầu mua)#r<color=#FFFFFF>Nhất điểm phi hồng ảnh hạ,#rThanh sơn lục thuỷ, bạch thảo hồng hiệp hoàng hoa."
10136729,Thanh Ảnh Phi Hồng,24,16,false,1,-1,1,10000,4,200,false,1,-1,-1,-1,,,"Nhất điểm phi hồng ảnh hạ,#rThanh sơn lục thuỷ, bạch thảo hồng hiệp hoàng hoa."
10136730,Thanh Ảnh Phi Hồng,24,16,false,1,-1,1,10000,4,200,false,1,-1,-1,24,,,"<color=#33ff99>(Hạn sử dụng 1 ngày, tính từ khi bắt đầu mua)#r<color=#FFFFFF>Nhất điểm phi hồng ảnh hạ,#rThanh sơn lục thuỷ, bạch thảo hồng hiệp hoàng hoa."
10136731,Thanh Ảnh Phi Hồng,24,16,false,1,-1,1,10000,4,200,false,1,-1,-1,72,,,"<color=#33ff99>(Hạn sử dụng 3 ngày, tính từ khi bắt đầu mua)#r<color=#FFFFFF>Nhất điểm phi hồng ảnh hạ,#rThanh sơn lục thuỷ, bạch thảo hồng hiệp hoàng hoa."
10136732,Thanh Ảnh Phi Hồng,24,16,false,1,-1,1,10000,4,200,false,1,-1,-1,168,,,"<color=#33ff99>(Hạn sử dụng 7 ngày, tính từ khi bắt đầu mua)#r<color=#FFFFFF>Nhất điểm phi hồng ảnh hạ,#rThanh sơn lục thuỷ, bạch thảo hồng hiệp hoàng hoa."
10136733,Thanh Ảnh Phi Hồng,24,16,false,1,-1,1,10000,4,200,false,1,-1,-1,360,,,"<color=#33ff99>(Hạn sử dụng 15 ngày, tính từ khi bắt đầu mua)#r<color=#FFFFFF>Nhất điểm phi hồng ảnh hạ,#rThanh sơn lục thuỷ, bạch thảo hồng hiệp hoàng hoa."
10136734,Thanh Ảnh Phi Hồng,24,16,false,1,-1,1,10000,4,200,false,1,-1,-1,720,,,"<color=#33ff99>(Hạn sử dụng 30 ngày, tính từ khi bắt đầu mua)#r<color=#FFFFFF>Nhất điểm phi hồng ảnh hạ,#rThanh sơn lục thuỷ, bạch thảo hồng hiệp hoàng hoa."
10136735,Thanh Ảnh Phi Hồng,24,16,false,1,-1,1,10000,4,200,false,1,-1,-1,2160,,,"<color=#33ff99>(Hạn sử dụng 90 ngày, tính từ khi bắt đầu mua)#r<color=#FFFFFF>Nhất điểm phi hồng ảnh hạ,#rThanh sơn lục thuỷ, bạch thảo hồng hiệp hoàng hoa."
10136736,Thanh Ảnh Phi Hồng,24,16,false,1,-1,1,10000,4,200,false,1,-1,-1,4320,,,"<color=#33ff99>(Hạn sử dụng 180 ngày, tính từ khi bắt đầu mua)#r<color=#FFFFFF>Nhất điểm phi hồng ảnh hạ,#rThanh sơn lục thuỷ, bạch thảo hồng hiệp hoàng hoa."
10136737,Thanh Ảnh Phi Hồng,24,16,false,1,-1,1,10000,4,200,false,1,-1,-1,-1,,,"Nhất điểm phi hồng ảnh hạ,#rThanh sơn lục thuỷ, bạch thảo hồng hiệp hoàng hoa."
10136738,Hoa Thanh Dẫn,24,16,false,1,-1,1,10000,4,200,false,1,-1,-1,24,,,"<color=#33ff99>(Hạn sử dụng 1 ngày, tính từ khi bắt đầu mua)#r<color=#FFFFFF>Bích thiên viễn ảnh vũ vân thướng,#rMãn không sương trục nhập hoa thanh."
10136739,Hoa Thanh Dẫn,24,16,false,1,-1,1,10000,4,200,false,1,-1,-1,72,,,"<color=#33ff99>(Hạn sử dụng 3 ngày, tính từ khi bắt đầu mua)#r<color=#FFFFFF>Bích thiên viễn ảnh vũ vân thướng,#rMãn không sương trục nhập hoa thanh."
10136740,Hoa Thanh Dẫn,24,16,false,1,-1,1,10000,4,200,false,1,-1,-1,168,,,"<color=#33ff99>(Hạn sử dụng 7 ngày, tính từ khi bắt đầu mua)#r<color=#FFFFFF>Bích thiên viễn ảnh vũ vân thướng,#rMãn không sương trục nhập hoa thanh."
10136741,Hoa Thanh Dẫn,24,16,false,1,-1,1,10000,4,200,false,1,-1,-1,360,,,"<color=#33ff99>(Hạn sử dụng 15 ngày, tính từ khi bắt đầu mua)#r<color=#FFFFFF>Bích thiên viễn ảnh vũ vân thướng,#rMãn không sương trục nhập hoa thanh."
10136742,Hoa Thanh Dẫn,24,16,false,1,-1,1,10000,4,200,false,1,-1,-1,720,,,"<color=#33ff99>(Hạn sử dụng 30 ngày, tính từ khi bắt đầu mua)#r<color=#FFFFFF>Bích thiên viễn ảnh vũ vân thướng,#rMãn không sương trục nhập hoa thanh."
10136743,Hoa Thanh Dẫn,24,16,false,1,-1,1,10000,4,200,false,1,-1,-1,2160,,,"<color=#33ff99>(Hạn sử dụng 90 ngày, tính từ khi bắt đầu mua)#r<color=#FFFFFF>Bích thiên viễn ảnh vũ vân thướng,#rMãn không sương trục nhập hoa thanh."
10136744,Hoa Thanh Dẫn,24,16,false,1,-1,1,10000,4,200,false,1,-1,-1,4320,,,"<color=#33ff99>(Hạn sử dụng 180 ngày, tính từ khi bắt đầu mua)#r<color=#FFFFFF>Bích thiên viễn ảnh vũ vân thướng,#rMãn không sương trục nhập hoa thanh."
10136745,Hoa Thanh Dẫn,24,16,false,1,-1,1,10000,4,200,false,1,-1,-1,-1,,,"Bích thiên viễn ảnh vũ vân thướng,#rMãn không sương trục nhập hoa thanh."
10136746,Hoa Thanh Dẫn,24,16,false,1,-1,1,10000,4,200,false,1,-1,-1,24,,,"<color=#33ff99>(Hạn sử dụng 1 ngày, tính từ khi bắt đầu mua)#r<color=#FFFFFF>Bích thiên viễn ảnh vũ vân thướng,#rMãn không sương trục nhập hoa thanh."
10136747,Hoa Thanh Dẫn,24,16,false,1,-1,1,10000,4,200,false,1,-1,-1,72,,,"<color=#33ff99>(Hạn sử dụng 3 ngày, tính từ khi bắt đầu mua)#r<color=#FFFFFF>Bích thiên viễn ảnh vũ vân thướng,#rMãn không sương trục nhập hoa thanh."
10136748,Hoa Thanh Dẫn,24,16,false,1,-1,1,10000,4,200,false,1,-1,-1,168,,,"<color=#33ff99>(Hạn sử dụng 7 ngày, tính từ khi bắt đầu mua)#r<color=#FFFFFF>Bích thiên viễn ảnh vũ vân thướng,#rMãn không sương trục nhập hoa thanh."
10136749,Hoa Thanh Dẫn,24,16,false,1,-1,1,10000,4,200,false,1,-1,-1,360,,,"<color=#33ff99>(Hạn sử dụng 15 ngày, tính từ khi bắt đầu mua)#r<color=#FFFFFF>Bích thiên viễn ảnh vũ vân thướng,#rMãn không sương trục nhập hoa thanh."
10136750,Hoa Thanh Dẫn,24,16,false,1,-1,1,10000,4,200,false,1,-1,-1,720,,,"<color=#33ff99>(Hạn sử dụng 30 ngày, tính từ khi bắt đầu mua)#r<color=#FFFFFF>Bích thiên viễn ảnh vũ vân thướng,#rMãn không sương trục nhập hoa thanh."
10136751,Hoa Thanh Dẫn,24,16,false,1,-1,1,10000,4,200,false,1,-1,-1,2160,,,"<color=#33ff99>(Hạn sử dụng 90 ngày, tính từ khi bắt đầu mua)#r<color=#FFFFFF>Bích thiên viễn ảnh vũ vân thướng,#rMãn không sương trục nhập hoa thanh."
10136752,Hoa Thanh Dẫn,24,16,false,1,-1,1,10000,4,200,false,1,-1,-1,4320,,,"<color=#33ff99>(Hạn sử dụng 180 ngày, tính từ khi bắt đầu mua)#r<color=#FFFFFF>Bích thiên viễn ảnh vũ vân thướng,#rMãn không sương trục nhập hoa thanh."
10136753,Hoa Thanh Dẫn,24,16,false,1,-1,1,10000,4,200,false,1,-1,-1,-1,,,"Bích thiên viễn ảnh vũ vân thướng,#rMãn không sương trục nhập hoa thanh."
10136754,Mặc Vũ Tiềm U,24,16,false,1,-1,1,10000,4,200,false,1,-1,-1,-1,,,"tằng vi thiên địa sơ sinh điểu,#rtiềm đắc cửu u đãi dạ minh.#rPhong cách hiếm"
10136755,Tắc Thướng Trường Ca,24,16,false,1,-1,1,10000,4,200,false,1,-1,-1,24,,,"<color=#33ff99>(Hạn sử dụng 1 ngày, tính từ khi bắt đầu mua)#r<color=#FFFFFF>Liệp liệp tây phong sương cổ trùng,#rTranh tranh trường ca thanh sử tồn."
10136756,Tắc Thướng Trường Ca,24,16,false,1,-1,1,10000,4,200,false,1,-1,-1,72,,,"<color=#33ff99>(Hạn sử dụng 3 ngày, tính từ khi bắt đầu mua)#r<color=#FFFFFF>Liệp liệp tây phong sương cổ trùng,#rTranh tranh trường ca thanh sử tồn."
10136757,Tắc Thướng Trường Ca,24,16,false,1,-1,1,10000,4,200,false,1,-1,-1,168,,,"<color=#33ff99>(Hạn sử dụng 7 ngày, tính từ khi bắt đầu mua)#r<color=#FFFFFF>Liệp liệp tây phong sương cổ trùng,#rTranh tranh trường ca thanh sử tồn."
10136758,Tắc Thướng Trường Ca,24,16,false,1,-1,1,10000,4,200,false,1,-1,-1,360,,,"<color=#33ff99>(Hạn sử dụng 15 ngày, tính từ khi bắt đầu mua)#r<color=#FFFFFF>Liệp liệp tây phong sương cổ trùng,#rTranh tranh trường ca thanh sử tồn."
10136759,Tắc Thướng Trường Ca,24,16,false,1,-1,1,10000,4,200,false,1,-1,-1,720,,,"<color=#33ff99>(Hạn sử dụng 30 ngày, tính từ khi bắt đầu mua)#r<color=#FFFFFF>Liệp liệp tây phong sương cổ trùng,#rTranh tranh trường ca thanh sử tồn."
10136760,Tắc Thướng Trường Ca,24,16,false,1,-1,1,10000,4,200,false,1,-1,-1,2160,,,"<color=#33ff99>(Hạn sử dụng 90 ngày, tính từ khi bắt đầu mua)#r<color=#FFFFFF>Liệp liệp tây phong sương cổ trùng,#rTranh tranh trường ca thanh sử tồn."
10136761,Tắc Thướng Trường Ca,24,16,false,1,-1,1,10000,4,200,false,1,-1,-1,4320,,,"<color=#33ff99>(Hạn sử dụng 180 ngày, tính từ khi bắt đầu mua)#r<color=#FFFFFF>Liệp liệp tây phong sương cổ trùng,#rTranh tranh trường ca thanh sử tồn."
10136762,Tắc Thướng Trường Ca,24,16,false,1,-1,1,10000,4,200,false,1,-1,-1,-1,,,"Liệp liệp tây phong sương cổ trùng,#rTranh tranh trường ca thanh sử tồn."
10136763,Tắc Thướng Trường Ca,24,16,false,1,-1,1,10000,4,200,false,1,-1,-1,24,,,"<color=#33ff99>(Hạn sử dụng 1 ngày, tính từ khi bắt đầu mua)#r<color=#FFFFFF>Liệp liệp tây phong sương cổ trùng,#rTranh tranh trường ca thanh sử tồn."
10136764,Tắc Thướng Trường Ca,24,16,false,1,-1,1,10000,4,200,false,1,-1,-1,72,,,"<color=#33ff99>(Hạn sử dụng 3 ngày, tính từ khi bắt đầu mua)#r<color=#FFFFFF>Liệp liệp tây phong sương cổ trùng,#rTranh tranh trường ca thanh sử tồn."
10136765,Tắc Thướng Trường Ca,24,16,false,1,-1,1,10000,4,200,false,1,-1,-1,168,,,"<color=#33ff99>(Hạn sử dụng 7 ngày, tính từ khi bắt đầu mua)#r<color=#FFFFFF>Liệp liệp tây phong sương cổ trùng,#rTranh tranh trường ca thanh sử tồn."
10136766,Tắc Thướng Trường Ca,24,16,false,1,-1,1,10000,4,200,false,1,-1,-1,360,,,"<color=#33ff99>(Hạn sử dụng 15 ngày, tính từ khi bắt đầu mua)#r<color=#FFFFFF>Liệp liệp tây phong sương cổ trùng,#rTranh tranh trường ca thanh sử tồn."
10136767,Tắc Thướng Trường Ca,24,16,false,1,-1,1,10000,4,200,false,1,-1,-1,720,,,"<color=#33ff99>(Hạn sử dụng 30 ngày, tính từ khi bắt đầu mua)#r<color=#FFFFFF>Liệp liệp tây phong sương cổ trùng,#rTranh tranh trường ca thanh sử tồn."
10136768,Tắc Thướng Trường Ca,24,16,false,1,-1,1,10000,4,200,false,1,-1,-1,2160,,,"<color=#33ff99>(Hạn sử dụng 90 ngày, tính từ khi bắt đầu mua)#r<color=#FFFFFF>Liệp liệp tây phong sương cổ trùng,#rTranh tranh trường ca thanh sử tồn."
10136769,Tắc Thướng Trường Ca,24,16,false,1,-1,1,10000,4,200,false,1,-1,-1,4320,,,"<color=#33ff99>(Hạn sử dụng 180 ngày, tính từ khi bắt đầu mua)#r<color=#FFFFFF>Liệp liệp tây phong sương cổ trùng,#rTranh tranh trường ca thanh sử tồn."
10136770,Tắc Thướng Trường Ca,24,16,false,1,-1,1,10000,4,200,false,1,-1,-1,-1,,,"Liệp liệp tây phong sương cổ trùng,#rTranh tranh trường ca thanh sử tồn."
10136771,Đào Hoa Tuý,24,16,false,1,-1,1,10000,4,200,false,1,-1,-1,-1,,,"Võ lăng đào hạ phùng ngọc nhân,#rNguyện tác lục ngạc bạn quân khai.#rPhong cách hiếm"
10136772,Đào Hoa Tuý,24,16,false,1,-1,1,10000,4,200,false,1,-1,-1,-1,,,"Võ lăng đào hạ phùng ngọc nhân,#rNguyện tác lục ngạc bạn quân khai.#rPhong cách hiếm"
10136773,Đào Hoa Tuý,24,16,false,1,-1,1,10000,4,200,false,1,-1,-1,-1,,,"Võ lăng đào hạ phùng ngọc nhân,#rNguyện tác lục ngạc bạn quân khai.#rPhong cách hiếm"
10136774,Phá Thiên Môn,24,16,false,1,-1,1,10000,4,200,false,1,-1,-1,24,,,"<color=#33ff99>(Hạn sử dụng 1 ngày, tính từ khi bắt đầu mua)#r<color=#FFFFFF>Cân quắc hà tòng nhượng tu mi,#rMã thướng đao thương phá thiên môn."
10136775,Phá Thiên Môn,24,16,false,1,-1,1,10000,4,200,false,1,-1,-1,72,,,"<color=#33ff99>(Hạn sử dụng 3 ngày, tính từ khi bắt đầu mua)#r<color=#FFFFFF>Cân quắc hà tòng nhượng tu mi,#rMã thướng đao thương phá thiên môn."
10136776,Phá Thiên Môn,24,16,false,1,-1,1,10000,4,200,false,1,-1,-1,168,,,"<color=#33ff99>(Hạn sử dụng 7 ngày, tính từ khi bắt đầu mua)#r<color=#FFFFFF>Cân quắc hà tòng nhượng tu mi,#rMã thướng đao thương phá thiên môn."
10136777,Phá Thiên Môn,24,16,false,1,-1,1,10000,4,200,false,1,-1,-1,360,,,"<color=#33ff99>(Hạn sử dụng 15 ngày, tính từ khi bắt đầu mua)#r<color=#FFFFFF>Cân quắc hà tòng nhượng tu mi,#rMã thướng đao thương phá thiên môn."
10136778,Phá Thiên Môn,24,16,false,1,-1,1,10000,4,200,false,1,-1,-1,720,,,"<color=#33ff99>(Hạn sử dụng 30 ngày, tính từ khi bắt đầu mua)#r<color=#FFFFFF>Cân quắc hà tòng nhượng tu mi,#rMã thướng đao thương phá thiên môn."
10136779,Phá Thiên Môn,24,16,false,1,-1,1,10000,4,200,false,1,-1,-1,2160,,,"<color=#33ff99>(Hạn sử dụng 90 ngày, tính từ khi bắt đầu mua)#r<color=#FFFFFF>Cân quắc hà tòng nhượng tu mi,#rMã thướng đao thương phá thiên môn."
10136780,Phá Thiên Môn,24,16,false,1,-1,1,10000,4,200,false,1,-1,-1,4320,,,"<color=#33ff99>(Hạn sử dụng 180 ngày, tính từ khi bắt đầu mua)#r<color=#FFFFFF>Cân quắc hà tòng nhượng tu mi,#rMã thướng đao thương phá thiên môn."
10136781,Phá Thiên Môn,24,16,false,1,-1,1,10000,4,200,false,1,-1,-1,-1,,,"Cân quắc hà tòng nhượng tu mi,#rMã thướng đao thương phá thiên môn."
10136782,Phá Thiên Môn,24,16,false,1,-1,1,10000,4,200,false,1,-1,-1,24,,,"<color=#33ff99>(Hạn sử dụng 1 ngày, tính từ khi bắt đầu mua)#r<color=#FFFFFF>Cân quắc hà tòng nhượng tu mi,#rMã thướng đao thương phá thiên môn."
10136783,Phá Thiên Môn,24,16,false,1,-1,1,10000,4,200,false,1,-1,-1,72,,,"<color=#33ff99>(Hạn sử dụng 3 ngày, tính từ khi bắt đầu mua)#r<color=#FFFFFF>Cân quắc hà tòng nhượng tu mi,#rMã thướng đao thương phá thiên môn."
10136784,Phá Thiên Môn,24,16,false,1,-1,1,10000,4,200,false,1,-1,-1,168,,,"<color=#33ff99>(Hạn sử dụng 7 ngày, tính từ khi bắt đầu mua)#r<color=#FFFFFF>Cân quắc hà tòng nhượng tu mi,#rMã thướng đao thương phá thiên môn."
10136785,Phá Thiên Môn,24,16,false,1,-1,1,10000,4,200,false,1,-1,-1,360,,,"<color=#33ff99>(Hạn sử dụng 15 ngày, tính từ khi bắt đầu mua)#r<color=#FFFFFF>Cân quắc hà tòng nhượng tu mi,#rMã thướng đao thương phá thiên môn."
10136786,Phá Thiên Môn,24,16,false,1,-1,1,10000,4,200,false,1,-1,-1,720,,,"<color=#33ff99>(Hạn sử dụng 30 ngày, tính từ khi bắt đầu mua)#r<color=#FFFFFF>Cân quắc hà tòng nhượng tu mi,#rMã thướng đao thương phá thiên môn."
10136787,Phá Thiên Môn,24,16,false,1,-1,1,10000,4,200,false,1,-1,-1,2160,,,"<color=#33ff99>(Hạn sử dụng 90 ngày, tính từ khi bắt đầu mua)#r<color=#FFFFFF>Cân quắc hà tòng nhượng tu mi,#rMã thướng đao thương phá thiên môn."
10136788,Phá Thiên Môn,24,16,false,1,-1,1,10000,4,200,false,1,-1,-1,4320,,,"<color=#33ff99>(Hạn sử dụng 180 ngày, tính từ khi bắt đầu mua)#r<color=#FFFFFF>Cân quắc hà tòng nhượng tu mi,#rMã thướng đao thương phá thiên môn."
10136789,Phá Thiên Môn,24,16,false,1,-1,1,10000,4,200,false,1,-1,-1,-1,,,"Cân quắc hà tòng nhượng tu mi,#rMã thướng đao thương phá thiên môn."
10136790,Sơn Hà Ý Thanh,24,16,false,1,-1,1,10000,4,200,false,1,-1,-1,24,,,"<color=#33ff99>(Hạn sử dụng 1 ngày, tính từ khi bắt đầu mua)#r<color=#FFFFFF>Sơn lâm vi kiến hàng nhân lộ,#rViễn thụ hàm yên ý trường thanh."
10136791,Sơn Hà Ý Thanh,24,16,false,1,-1,1,10000,4,200,false,1,-1,-1,72,,,"<color=#33ff99>(Hạn sử dụng 3 ngày, tính từ khi bắt đầu mua)#r<color=#FFFFFF>Sơn lâm vi kiến hàng nhân lộ,#rViễn thụ hàm yên ý trường thanh."
10136792,Sơn Hà Ý Thanh,24,16,false,1,-1,1,10000,4,200,false,1,-1,-1,168,,,"<color=#33ff99>(Hạn sử dụng 7 ngày, tính từ khi bắt đầu mua)#r<color=#FFFFFF>Sơn lâm vi kiến hàng nhân lộ,#rViễn thụ hàm yên ý trường thanh."
10136793,Sơn Hà Ý Thanh,24,16,false,1,-1,1,10000,4,200,false,1,-1,-1,360,,,"<color=#33ff99>(Hạn sử dụng 15 ngày, tính từ khi bắt đầu mua)#r<color=#FFFFFF>Sơn lâm vi kiến hàng nhân lộ,#rViễn thụ hàm yên ý trường thanh."
10136794,Sơn Hà Ý Thanh,24,16,false,1,-1,1,10000,4,200,false,1,-1,-1,720,,,"<color=#33ff99>(Hạn sử dụng 30 ngày, tính từ khi bắt đầu mua)#r<color=#FFFFFF>Sơn lâm vi kiến hàng nhân lộ,#rViễn thụ hàm yên ý trường thanh."
10136795,Sơn Hà Ý Thanh,24,16,false,1,-1,1,10000,4,200,false,1,-1,-1,2160,,,"<color=#33ff99>(Hạn sử dụng 90 ngày, tính từ khi bắt đầu mua)#r<color=#FFFFFF>Sơn lâm vi kiến hàng nhân lộ,#rViễn thụ hàm yên ý trường thanh."
10136796,Sơn Hà Ý Thanh,24,16,false,1,-1,1,10000,4,200,false,1,-1,-1,4320,,,"<color=#33ff99>(Hạn sử dụng 180 ngày, tính từ khi bắt đầu mua)#r<color=#FFFFFF>Sơn lâm vi kiến hàng nhân lộ,#rViễn thụ hàm yên ý trường thanh."
10136797,Sơn Hà Ý Thanh,24,16,false,1,-1,1,10000,4,200,false,1,-1,-1,-1,,,"Sơn lâm vi kiến hàng nhân lộ,#rViễn thụ hàm yên ý trường thanh. <color=#00FF00>#rThời trang này có thể thông qua Y Thiên Thái tại Lạc Dương tiến hành nhuộm màu."
10136798,Sơn Hà Ý Thanh,24,16,false,1,-1,1,10000,4,200,false,1,-1,-1,24,,,"<color=#33ff99>(Hạn sử dụng 1 ngày, tính từ khi bắt đầu mua)#r<color=#FFFFFF>Sơn lâm vi kiến hàng nhân lộ,#rViễn thụ hàm yên ý trường thanh."
10136799,Sơn Hà Ý Thanh,24,16,false,1,-1,1,10000,4,200,false,1,-1,-1,72,,,"<color=#33ff99>(Hạn sử dụng 3 ngày, tính từ khi bắt đầu mua)#r<color=#FFFFFF>Sơn lâm vi kiến hàng nhân lộ,#rViễn thụ hàm yên ý trường thanh."
10136800,Sơn Hà Ý Thanh,24,16,false,1,-1,1,10000,4,200,false,1,-1,-1,168,,,"<color=#33ff99>(Hạn sử dụng 7 ngày, tính từ khi bắt đầu mua)#r<color=#FFFFFF>Sơn lâm vi kiến hàng nhân lộ,#rViễn thụ hàm yên ý trường thanh."
