ID,Name,Type,EquipPoint,Level,FactionID,BoundRule,SellPrice,Identifiable,Star,BuffID,SetID,DurationHour
10100000,Thanh Đồng Đao,0,0,1,-1,2,16,false,1,-1,-1,-1
10100001,Bạt Phong Đao,0,0,10,-1,2,144,false,1,-1,-1,-1
10100002,Chiết Thiết Đao,0,0,20,-1,2,432,false,1,-1,-1,-1
10100003,Cổ Nguyệt Đao,0,0,30,-1,2,920,false,1,-1,-1,-1
10100004,Khai Sơn Viện,0,0,40,-1,2,1424,false,1,-1,-1,-1
10100005,Kim Bối Đao,0,0,50,-1,2,2160,false,1,-1,-1,-1
10100006,Nguyệt Nha Sản,0,0,60,-1,2,3080,false,1,-1,-1,-1
10100007,Liệt Diệm Đao,0,0,70,-1,2,4456,false,1,-1,-1,-1
10100008,Ô Long Sản,0,0,80,-1,2,5960,false,1,-1,-1,-1
10100009,Tử Kim Đao,0,0,90,-1,2,7960,false,1,-1,-1,-1
10100010,Chấn Thiên Phủ,0,0,100,-1,2,12800,false,1,-1,-1,-1
10100011,Khổ Lực Trảm Sài Đao,0,0,1,-1,1,8000,true,9,-1,-1,-1
10100012,Ô Mã Phủ,0,0,110,-1,2,15488,false,1,-1,-1,-1
10100013,Khảm Kim Minh Đầu Chuý,0,0,120,-1,2,18432,false,1,-1,-1,-1
10100014,Đao Phổ Cấp 130,0,0,130,-1,2,21632,false,1,-1,-1,-1
10100015,Đao Phổ Cấp 140,0,0,140,-1,2,25088,false,1,-1,-1,-1
10100016,Đao Phổ Cấp 150,0,0,150,-1,2,28800,false,1,-1,-1,-1
10100021,Nhiệm Vụ Tạm Thời Chiếm Dụng,0,0,100,-1,2,12800,false,1,-1,-1,-1
10100031,Cần Câu Cá,0,0,10,-1,1,144,false,1,-1,-1,-1
10100032,Thái Công Điếu,0,0,10,-1,2,4000,false,1,-1,-1,-1
10100100,Đại Trảm Đao,0,0,1,-1,2,1,false,1,-1,-1,-1
10101000,Điểm Cương Thương,1,0,1,-1,2,16,false,1,-1,-1,-1
10101001,Lượng Ngân Thương,1,0,10,-1,2,144,false,1,-1,-1,-1
10101002,Nhạn Linh Thương,1,0,20,-1,2,432,false,1,-1,-1,-1
10101003,Ngân Xà Thương,1,0,30,-1,2,920,false,1,-1,-1,-1
10101004,Lang Nha Kích,1,0,40,-1,2,1424,false,1,-1,-1,-1
10101005,Hỏa Tiêm Thương,1,0,50,-1,2,2160,false,1,-1,-1,-1
10101006,Phong Lôi Thương,1,0,60,-1,2,3080,false,1,-1,-1,-1
10101007,Dạ Xoa Mâu,1,0,70,-1,2,4456,false,1,-1,-1,-1
10101008,Tam Kim Thương,1,0,80,-1,2,5960,false,1,-1,-1,-1
10101009,Ẩm Huyết Thương,1,0,90,-1,2,7960,false,1,-1,-1,-1
10101010,Huyền Lô Thương,1,0,100,-1,2,12800,false,1,-1,-1,-1
10101011,Ngao Hán,1,0,110,-1,2,15488,false,1,-1,-1,-1
10101012,Song Đồng,1,0,120,-1,2,18432,false,1,-1,-1,-1
10101013,Thương Bổng Cấp 130,1,0,130,-1,2,21632,false,1,-1,-1,-1
10101014,Thương Bổng Cấp 140,1,0,140,-1,2,25088,false,1,-1,-1,-1
10101015,Thương Bổng Cấp 150,1,0,150,-1,2,28800,false,1,-1,-1,-1
10101100,Hồng Anh Thương,1,0,1,-1,2,1,false,1,-1,-1,-1
10102000,Bạch Thiết Kiếm,2,0,1,-1,2,16,false,1,-1,-1,-1
10102001,Thu Diệp Kiếm,2,0,10,-1,2,144,false,1,-1,-1,-1
10102002,Bạch Hồng Kiếm,2,0,20,-1,2,432,false,1,-1,-1,-1
10102003,Lam Ngọc Kiếm,2,0,30,-1,2,920,false,1,-1,-1,-1
10102004,Băng Huyền Kiếm,2,0,40,-1,2,1424,false,1,-1,-1,-1
10102005,Tinh Cang Kiếm,2,0,50,-1,2,2160,false,1,-1,-1,-1
10102006,Chấn Yêu Nhẫn,2,0,60,-1,2,3080,false,1,-1,-1,-1
10102007,Kim Vũ Kiếm,2,0,70,-1,2,4456,false,1,-1,-1,-1
10102008,Kinh Hồng Nhận,2,0,80,-1,2,5960,false,1,-1,-1,-1
10102009,Long Lân Nhận,2,0,90,-1,2,7960,false,1,-1,-1,-1
10102010,Huyết Thiết Kiếm,2,0,100,-1,2,12800,false,1,-1,-1,-1
10102012,Cuốc Khai Khoáng,2,0,10,-1,1,144,false,1,-1,-1,-1
10102013,Liềm Hái Thuốc,2,0,10,-1,1,144,false,1,-1,-1,-1
10102014,Tháp Cáp,2,0,110,-1,2,15488,false,1,-1,-1,-1
10102015,Thạch Cốc,2,0,120,-1,2,18432,false,1,-1,-1,-1
10102016,Đơn Đoản Cấp 130,2,0,130,-1,2,21632,false,1,-1,-1,-1
10102017,Đơn Đoản Cấp 140,2,0,140,-1,2,25088,false,1,-1,-1,-1
10102018,Đơn Đoản Cấp 150,2,0,150,-1,2,28800,false,1,-1,-1,-1
10102100,Thiết Kiếm,2,0,1,-1,2,1,false,1,-1,-1,-1
10103000,Song Khẩu Nhận,3,0,1,-1,2,16,false,1,-1,-1,-1
10103001,Long Hổ Nhẫn,3,0,10,-1,2,144,false,1,-1,-1,-1
10103002,Thư Hùng Kiếm,3,0,20,-1,2,432,false,1,-1,-1,-1
10103003,Tử Mẫu Kiếm,3,0,30,-1,2,920,false,1,-1,-1,-1
10103004,Nga My Thích,3,0,40,-1,2,1424,false,1,-1,-1,-1
10103005,Xuyên Vân Kiếm,3,0,50,-1,2,2160,false,1,-1,-1,-1
10103006,Huyết Hỏa Kiếm,3,0,60,-1,2,3080,false,1,-1,-1,-1
10103007,Điện Quang Chùy,3,0,70,-1,2,4456,false,1,-1,-1,-1
10103008,Âm Dương Kiếm,3,0,80,-1,2,5960,false,1,-1,-1,-1
10103009,Thiên Địa Kiếm,3,0,90,-1,2,7960,false,1,-1,-1,-1
10103010,Uyên Ương Đao,3,0,100,-1,2,12800,false,1,-1,-1,-1
10103011,Nộ Cáp,3,0,110,-1,2,15488,false,1,-1,-1,-1
10103012,Nhã Tân,3,0,120,-1,2,18432,false,1,-1,-1,-1
10103013,Song Đoản Cấp 130,3,0,130,-1,2,21632,false,1,-1,-1,-1
10103014,Song Đoản Cấp 140,3,0,140,-1,2,25088,false,1,-1,-1,-1
10103015,Song Đoản Cấp 150,3,0,150,-1,2,28800,false,1,-1,-1,-1
10103100,Đào Mộc Kiếm,3,0,1,-1,2,1,false,1,-1,-1,-1
10104000,Thủy Mặc Phiến,4,0,1,-1,2,16,false,1,-1,-1,-1
10104001,Đàn Hương Phiến,4,0,10,-1,2,144,false,1,-1,-1,-1
10104002,Quyên Cung Phiến,4,0,20,-1,2,432,false,1,-1,-1,-1
10104003,Miên Trúc Phiến,4,0,30,-1,2,920,false,1,-1,-1,-1
10104004,Tượng Nha Phiến,4,0,40,-1,2,1424,false,1,-1,-1,-1
10104005,Tương Ngọc Phiến,4,0,50,-1,2,2160,false,1,-1,-1,-1
10104006,Tải Vân Phiến,4,0,60,-1,2,3080,false,1,-1,-1,-1
10104007,Điêu Linh Phiến,4,0,70,-1,2,4456,false,1,-1,-1,-1
10104008,Đinh Quân Phiến,4,0,80,-1,2,5960,false,1,-1,-1,-1
10104009,Chinh Lỗ Phiến,4,0,90,-1,2,7960,false,1,-1,-1,-1
10104010,Phong Vũ Phiến,4,0,100,-1,2,12800,false,1,-1,-1,-1
10104011,Sa Khâu,4,0,110,-1,2,15488,false,1,-1,-1,-1
10104012,Tương Huyết,4,0,120,-1,2,18432,false,1,-1,-1,-1
10104013,Phiến Cấp 130,4,0,130,-1,2,21632,false,1,-1,-1,-1
10104014,Phiến Cấp 140,4,0,140,-1,2,25088,false,1,-1,-1,-1
10104015,Phiến Cấp 150,4,0,150,-1,2,28800,false,1,-1,-1,-1
10104100,Chiết Phiến,4,0,1,-1,2,1,false,1,-1,-1,-1
10105000,Trúc Chi Hoàn,5,0,1,-1,2,16,false,1,-1,-1,-1
10105001,Bạch Hồng Hoàn,5,0,10,-1,2,144,false,1,-1,-1,-1
10105002,Tử Ngọc Hoàn,5,0,20,-1,2,432,false,1,-1,-1,-1
10105003,Ngưng Sương Hoàn,5,0,30,-1,2,920,false,1,-1,-1,-1
10105004,Phất Hương Hoàn,5,0,40,-1,2,1424,false,1,-1,-1,-1
10105005,Bích Ngọc Hoàn,5,0,50,-1,2,2160,false,1,-1,-1,-1
10105006,Hỗn Độn Hoàn,5,0,60,-1,2,3080,false,1,-1,-1,-1
10105007,Tiêu Dao Hoàn,5,0,70,-1,2,4456,false,1,-1,-1,-1
10105008,Thiên Mục Hoàn,5,0,80,-1,2,5960,false,1,-1,-1,-1
10105009,U Minh Hoàn,5,0,90,-1,2,7960,false,1,-1,-1,-1
10105010,Long Phụng Hoàn,5,0,100,-1,2,12800,false,1,-1,-1,-1
10105011,Hạ Phất Hoàn,5,0,110,-1,2,15488,false,1,-1,-1,-1
10105012,Tích Lan,5,0,120,-1,2,18432,false,1,-1,-1,-1
10105013,Hoàn Cấp 130,5,0,130,-1,2,21632,false,1,-1,-1,-1
10105014,Hoàn Cấp 140,5,0,140,-1,2,25088,false,1,-1,-1,-1
10105015,Hoàn Cấp 150,5,0,150,-1,2,28800,false,1,-1,-1,-1
10105100,Thiết Hoàn,5,0,1,-1,2,1,false,1,-1,-1,-1
10106000,Hoa Mộc Nỗ,6,0,1,-1,2,16,false,1,-1,-1,-1
10106001,Tùng Chi Nỗ,6,0,10,-1,2,144,false,1,-1,-1,-1
10106002,Đàn Mộc Nỗ,6,0,20,-1,2,432,false,1,-1,-1,-1
10106003,Đào Mộc Nỗ,6,0,30,-1,2,920,false,1,-1,-1,-1
10106004,Lê Hoa Nỗ,6,0,40,-1,2,1424,false,1,-1,-1,-1
10106005,Đoạn Thiết Nỗ,6,0,50,-1,2,2160,false,1,-1,-1,-1
10106006,Xích Đồng Nỗ,6,0,60,-1,2,3080,false,1,-1,-1,-1
10106007,Lưu Kim Nỗ,6,0,70,-1,2,4456,false,1,-1,-1,-1
10106008,Nhạn Linh Nỗ,6,0,80,-1,2,5960,false,1,-1,-1,-1
10106009,Vân Bối Nỗ,6,0,90,-1,2,7960,false,1,-1,-1,-1
10106010,Thủy Nguyệt Nỗ,6,0,100,-1,2,12800,false,1,-1,-1,-1
10106011,Vân Lộc Tấn Nỗ,6,0,110,-1,2,15488,false,1,-1,-1,-1
10106012,Khuynh Vân Lương Nguyệt Nỗ,6,0,120,-1,2,18432,false,1,-1,-1,-1
10106013,Nỗ Cấp 130,6,0,130,-1,2,21632,false,1,-1,-1,-1
10106014,Nỗ Cấp 140,6,0,140,-1,2,25088,false,1,-1,-1,-1
10106015,Nỗ Cấp 150,6,0,150,-1,2,28800,false,1,-1,-1,-1
10106100,Tử Đằng Nỗ,6,0,1,-1,2,1,false,1,-1,-1,-1
10107000,Hoa Mộc Trượng,7,0,1,-1,2,16,false,1,-1,-1,-1
10107001,Tùng Chi Trượng,7,0,10,-1,2,144,false,1,-1,-1,-1
10107002,Đào Văn Trượng,7,0,20,-1,2,432,false,1,-1,-1,-1
10107003,Hắc Đàn Trượng,7,0,30,-1,2,920,false,1,-1,-1,-1
10107004,Lê Hoa Trượng,7,0,40,-1,2,1424,false,1,-1,-1,-1
10107005,Kim Ti Trượng,7,0,50,-1,2,2160,false,1,-1,-1,-1
10107006,Hàn Thiết Trượng,7,0,60,-1,2,3080,false,1,-1,-1,-1
10107007,Xích Đồng Trượng,7,0,70,-1,2,4456,false,1,-1,-1,-1
10107008,Lượng Ngân Trượng,7,0,80,-1,2,5960,false,1,-1,-1,-1
10107009,Lưu Kim Trượng,7,0,90,-1,2,7960,false,1,-1,-1,-1
10107010,Thủy Nguyệt Trượng,7,0,100,-1,2,12800,false,1,-1,-1,-1
10107011,Phi Hoa Trượng,7,0,110,-1,2,15488,false,1,-1,-1,-1
10107012,Bích Vân Trượng,7,0,120,-1,2,18432,false,1,-1,-1,-1
10107013,Trượng Cấp 130,7,0,130,-1,2,21632,false,1,-1,-1,-1
10107014,Trượng Cấp 140,7,0,140,-1,2,25088,false,1,-1,-1,-1
10107015,Trượng Cấp 150,7,0,150,-1,2,28800,false,1,-1,-1,-1
10107100,Hồng Tùng Trượng,7,0,1,-1,2,1,false,1,-1,-1,-1
10108000,Ma Trúc Tiêu,8,0,1,-1,2,16,false,1,-1,-1,-1
10108001,Nam Trúc Tiêu,8,0,10,-1,2,144,false,1,-1,-1,-1
10108002,Khổ Trúc Tiêu,8,0,20,-1,2,432,false,1,-1,-1,-1
10108003,Mặc Trúc Tiêu,8,0,30,-1,2,920,false,1,-1,-1,-1
10108004,Tử Trúc Tiêu,8,0,40,-1,2,1424,false,1,-1,-1,-1
10108005,Hàn Y Tiêu,8,0,50,-1,2,2160,false,1,-1,-1,-1
10108006,Tuyết Ngân Tiêu,8,0,60,-1,2,3080,false,1,-1,-1,-1
10108007,Lưu Kim Tiêu,8,0,70,-1,2,4456,false,1,-1,-1,-1
10108008,Chiết Ngọc Tiêu,8,0,80,-1,2,5960,false,1,-1,-1,-1
10108009,Vân Văn Tiêu,8,0,90,-1,2,7960,false,1,-1,-1,-1
10108010,Tương Phi Tiêu,8,0,100,-1,2,12800,false,1,-1,-1,-1
10108011,Tập Hoa Tiêu,8,0,110,-1,2,15488,false,1,-1,-1,-1
10108012,Thủy Thiên Nhất Sắc Tiêu,8,0,120,-1,2,18432,false,1,-1,-1,-1
10108013,Tiêu Kiếm Cấp 130,8,0,130,-1,2,21632,false,1,-1,-1,-1
10108014,Tiêu Kiếm Cấp 140,8,0,140,-1,2,25088,false,1,-1,-1,-1
10108015,Tiêu Kiếm Cấp 150,8,0,150,-1,2,28800,false,1,-1,-1,-1
10108100,Lục Trúc Tiêu,8,0,1,-1,2,1,false,1,-1,-1,-1
10110000,Đầu Cân,10,1,1,-1,2,16,false,1,-1,-1,-1
10110001,Bố Mão,10,1,2,-1,2,24,false,1,-1,-1,-1
10110002,Ma Bố Mão,10,1,2,-1,2,24,false,1,-1,-1,-1
10110003,Miên Bố Mão,10,1,2,-1,2,24,false,1,-1,-1,-1
10110004,Sa Nhung Mão,10,1,12,-1,2,87,false,1,-1,-1,-1
10110005,Quyên Ty Mão,10,1,12,-1,2,87,false,1,-1,-1,-1
10110006,Cẩm Bạch Mão,10,1,22,-1,2,135,false,1,-1,-1,-1
10110007,Ty Trừu Mão,10,1,22,-1,2,135,false,1,-1,-1,-1
10110008,Lăng La Mão,10,1,22,-1,2,135,false,1,-1,-1,-1
10110009,Lang Nha Mão,10,1,32,-1,2,264,false,1,-1,-1,-1
10110010,Lang Trảo Mão,10,1,32,-1,2,264,false,1,-1,-1,-1
10110011,Lang Bì Mão,10,1,32,-1,2,264,false,1,-1,-1,-1
10110012,Hổ Nha Mão,10,1,42,-1,2,443,false,1,-1,-1,-1
10110013,Hổ Bì Mão,10,1,42,-1,2,443,false,1,-1,-1,-1
10110014,Bì Cách Mão,10,1,42,-1,2,443,false,1,-1,-1,-1
10110015,Giao Long Mão,10,1,52,-1,2,712,false,1,-1,-1,-1
10110016,Ô Tằm Mão,10,1,52,-1,2,712,false,1,-1,-1,-1
10110017,Thương Mãng Mão,10,1,52,-1,2,712,false,1,-1,-1,-1
10110018,Thiên Khu Mão,10,1,62,-1,2,1004,false,1,-1,-1,-1
10110019,Thiên Cơ Mão,10,1,62,-1,2,1004,false,1,-1,-1,-1
10110020,Thiên Toàn Mão,10,1,62,-1,2,1004,false,1,-1,-1,-1
10110021,Thiên Quyền Mão,10,1,62,-1,2,1004,false,1,-1,-1,-1
10110022,Dao Quang Mão,10,1,62,-1,2,1004,false,1,-1,-1,-1
10110023,Khai Dương Mão,10,1,62,-1,2,1004,false,1,-1,-1,-1
10110024,Tham Lang Mão,10,1,71,-1,2,1312,false,1,-1,-1,-1
10110025,Cự Môn Mão,10,1,71,-1,2,1312,false,1,-1,-1,-1
10110026,Lộc Tồn Mão,10,1,71,-1,2,1312,false,1,-1,-1,-1
10110027,Văn Khúc Mão,10,1,71,-1,2,1312,false,1,-1,-1,-1
10110028,Phá Quân Mão,10,1,71,-1,2,1312,false,1,-1,-1,-1
10110029,Vũ Khúc Mão,10,1,71,-1,2,1312,false,1,-1,-1,-1
10110030,Như Lai Mão,10,1,76,-1,2,1492,false,1,-1,-1,-1
10110031,Long Nữ Mão,10,1,76,-1,2,1492,false,1,-1,-1,-1
10110032,Thánh Vũ Mão,10,1,76,-1,2,1492,false,1,-1,-1,-1
10110033,Đạt Ma Mão,10,1,76,-1,2,1492,false,1,-1,-1,-1
10110034,La Hán Mão,10,1,76,-1,2,1492,false,1,-1,-1,-1
10110035,Thích Na Mão,10,1,76,-1,2,1492,false,1,-1,-1,-1
10110036,Phù Vân Mão,10,1,81,-1,2,1792,false,1,-1,-1,-1
10110037,Thần Hành Mão,10,1,81,-1,2,1792,false,1,-1,-1,-1
10110038,Đạp Phong Mão,10,1,81,-1,2,1792,false,1,-1,-1,-1
10110039,Truy Nhật Mão,10,1,81,-1,2,1792,false,1,-1,-1,-1
10110040,Trục Nhật Mão,10,1,81,-1,2,1792,false,1,-1,-1,-1
10110041,Chu Tước Quán,10,1,86,-1,2,2072,false,1,-1,-1,-1
10110042,Huyền Vũ Quán,10,1,86,-1,2,2072,false,1,-1,-1,-1
10110043,Bạch Hổ Quán,10,1,86,-1,2,2072,false,1,-1,-1,-1
10110044,Thanh Long Quán,10,1,86,-1,2,2072,false,1,-1,-1,-1
10110045,Thánh Linh Cân,10,1,91,-1,2,2528,false,1,-1,-1,-1
10110046,U Minh Quán,10,1,91,-1,2,2528,false,1,-1,-1,-1
10110047,Lân Mân Mão,10,1,91,-1,2,2528,false,1,-1,-1,-1
10110048,Nghê Vân Vũ Quán,10,1,96,-1,2,2848,false,1,-1,-1,-1
10110049,Cửu Bảo Thiên Cân,10,1,96,-1,2,2848,false,1,-1,-1,-1
10110050,Qui Nguyên Thần Quán,10,1,96,-1,2,2848,false,1,-1,-1,-1
10110051,Mạc Sầu Mạo,10,1,102,-1,2,4161,false,1,-1,-1,-1
10110052,Khổng Vũ Quán,10,1,112,-1,2,5017,false,1,-1,-1,-1
10110053,Mão Cấp 130,10,1,122,-1,2,5953,false,1,-1,-1,-1
10110054,Mão Cấp 140,10,1,132,-1,2,6969,false,1,-1,-1,-1
10110055,Mão Cấp 150,10,1,142,-1,2,8065,false,1,-1,-1,-1
10110100,Phá Đầu Cân,10,1,1,-1,2,16,false,1,-1,-1,-1
10111000,Triền Cước,11,4,1,-1,2,16,false,1,-1,-1,-1
10111001,Bố Hài,11,4,4,-1,2,40,false,1,-1,-1,-1
10111002,Ma Bố Hài,11,4,4,-1,2,40,false,1,-1,-1,-1
10111003,Miên Bố Hài,11,4,4,-1,2,40,false,1,-1,-1,-1
10111004,Sa Nhung Hài,11,4,14,-1,2,92,false,1,-1,-1,-1
10111005,Quyên Ty Hài,11,4,14,-1,2,92,false,1,-1,-1,-1
10111006,Cẩm Bạch Hài,11,4,24,-1,2,156,false,1,-1,-1,-1
10111007,Ty Trừu Hài,11,4,24,-1,2,156,false,1,-1,-1,-1
10111008,Lăng La Hài,11,4,24,-1,2,156,false,1,-1,-1,-1
10111009,Lang Nha Hài,11,4,34,-1,2,292,false,1,-1,-1,-1
10111010,Lang Trảo Hài,11,4,34,-1,2,292,false,1,-1,-1,-1
10111011,Lang Bì Hài,11,4,34,-1,2,292,false,1,-1,-1,-1
10111012,Hổ Nha Hài,11,4,44,-1,2,488,false,1,-1,-1,-1
10111013,Hổ Trảo Hài,11,4,44,-1,2,488,false,1,-1,-1,-1
10111014,Hổ Bì Hài,11,4,44,-1,2,488,false,1,-1,-1,-1
10111015,Giao Long Hài,11,4,54,-1,2,760,false,1,-1,-1,-1
10111016,Ô Tằm Hài,11,4,54,-1,2,760,false,1,-1,-1,-1
10111017,Mãng Xà Hài,11,4,54,-1,2,760,false,1,-1,-1,-1
10111018,Thiên Khu Hài,11,4,64,-1,2,1060,false,1,-1,-1,-1
10111019,Thiên Cơ Hài,11,4,64,-1,2,1060,false,1,-1,-1,-1
10111020,Thiên Toàn Hài,11,4,64,-1,2,1060,false,1,-1,-1,-1
10111021,Thiên Quyền Hài,11,4,64,-1,2,1060,false,1,-1,-1,-1
10111022,Dao Quang Hài,11,4,64,-1,2,1060,false,1,-1,-1,-1
10111023,Khai Dương Hài,11,4,64,-1,2,1060,false,1,-1,-1,-1
10111024,Tham Lang Hài,11,4,72,-1,2,1348,false,1,-1,-1,-1
10111025,Cự Môn Hài,11,4,72,-1,2,1348,false,1,-1,-1,-1
10111026,Lộc Tồn Hài,11,4,72,-1,2,1348,false,1,-1,-1,-1
10111027,Văn Khúc Hài,11,4,72,-1,2,1348,false,1,-1,-1,-1
10111028,Phá Quân Hài,11,4,72,-1,2,1348,false,1,-1,-1,-1
10111029,Vũ Khúc Hài,11,4,72,-1,2,1348,false,1,-1,-1,-1
10111030,Như Lai Hài,11,4,77,-1,2,1528,false,1,-1,-1,-1
10111031,Long Nữ Hài,11,4,77,-1,2,1528,false,1,-1,-1,-1
10111032,Thánh Vũ Hài,11,4,77,-1,2,1528,false,1,-1,-1,-1
10111033,Đa Ma Hài,11,4,77,-1,2,1528,false,1,-1,-1,-1
10111034,La Hán Hài,11,4,77,-1,2,1528,false,1,-1,-1,-1
10111035,Thích Ma Ngoa,11,4,77,-1,2,1528,false,1,-1,-1,-1
10111036,Phù Vân Ngoa,11,4,82,-1,2,1848,false,1,-1,-1,-1
10111037,Thân Hành Ngoa,11,4,82,-1,2,1848,false,1,-1,-1,-1
10111038,Đạp Nguyệt Ngoa,11,4,82,-1,2,1848,false,1,-1,-1,-1
10111039,Truy Nguyệt Ngoa,11,4,82,-1,2,1848,false,1,-1,-1,-1
10111040,Tục Nguyệt Ngoa,11,4,82,-1,2,1848,false,1,-1,-1,-1
10111041,Chu Tước Ngoa,11,4,87,-1,2,2128,false,1,-1,-1,-1
10111042,Huyền Vũ Ngoa,11,4,87,-1,2,2128,false,1,-1,-1,-1
10111043,Bạch Hổ Ngoa,11,4,87,-1,2,2128,false,1,-1,-1,-1
10111044,Thanh Long Ngoa,11,4,87,-1,2,2128,false,1,-1,-1,-1
10111045,Thánh Linh Chiến Ngoa,11,4,92,-1,2,2592,false,1,-1,-1,-1
10111046,U Minh Ma Ngoa,11,4,92,-1,2,2592,false,1,-1,-1,-1
10111047,Lân Mân Ngoa,11,4,92,-1,2,2592,false,1,-1,-1,-1
10111048,Nghê Vân Vũ Ngoa,11,4,97,-1,2,2912,false,1,-1,-1,-1
10111049,Cửu Bảo Thiên Ngoa,11,4,97,-1,2,2912,false,1,-1,-1,-1
10111050,Qui Nguyên Thần Ngoa,11,4,97,-1,2,2912,false,1,-1,-1,-1
10111051,Khai Nguyên Ngoa,11,4,104,-1,2,4326,false,1,-1,-1,-1
10111052,Thận Lâu Hài,11,4,114,-1,2,5198,false,1,-1,-1,-1
10111053,Ngoa Cấp 130,11,4,124,-1,2,6150,false,1,-1,-1,-1
10111054,Ngoa Cấp 140,11,4,134,-1,2,7182,false,1,-1,-1,-1
10111055,Ngoa Cấp 150,11,4,144,-1,2,8294,false,1,-1,-1,-1
10111100,Phá Triền Cước,11,4,1,-1,2,16,false,1,-1,-1,-1
10112000,Lý Thủ,12,3,1,-1,2,16,false,1,-1,-1,-1
10112001,Bố Hộ Thủ,12,3,6,-1,2,56,false,1,-1,-1,-1
10112002,Ma Bố Hộ Thủ,12,3,6,-1,2,56,false,1,-1,-1,-1
10112003,Miên Bố Hộ Thủ,12,3,6,-1,2,56,false,1,-1,-1,-1
10112004,Sa Nhung Hộ Thủ,12,3,16,-1,2,96,false,1,-1,-1,-1
10112005,Quyên Ty Hộ Thủ,12,3,16,-1,2,96,false,1,-1,-1,-1
10112006,Cẩm Bạch Hộ Thủ,12,3,26,-1,2,176,false,1,-1,-1,-1
10112007,Ty Trừu Hộ Thủ,12,3,26,-1,2,176,false,1,-1,-1,-1
10112008,Lăng La Hộ Thủ,12,3,26,-1,2,176,false,1,-1,-1,-1
10112009,Lang Nha Hộ Thủ,12,3,36,-1,2,319,false,1,-1,-1,-1
10112010,Lang Trảo Hộ Thủ,12,3,36,-1,2,319,false,1,-1,-1,-1
10112011,Lang Bì Hộ Thủ,12,3,36,-1,2,319,false,1,-1,-1,-1
10112012,Hổ Nha Hộ Thủ,12,3,46,-1,2,532,false,1,-1,-1,-1
10112013,Hổ Trảo Hộ Thủ,12,3,46,-1,2,532,false,1,-1,-1,-1
10112014,Hổ Bì Hộ Thủ,12,3,46,-1,2,532,false,1,-1,-1,-1
10112015,Giao Long Hộ Thủ,12,3,56,-1,2,808,false,1,-1,-1,-1
10112016,Ô Tằm Hộ Thủ,12,3,56,-1,2,808,false,1,-1,-1,-1
10112017,Mãng Xà Hộ Thủ,12,3,56,-1,2,808,false,1,-1,-1,-1
10112018,Thiên Khu Hộ Thủ,12,3,66,-1,2,1116,false,1,-1,-1,-1
10112019,Thiên Cơ Hộ Thủ,12,3,66,-1,2,1116,false,1,-1,-1,-1
10112020,Thiên Toàn Hộ Thủ,12,3,66,-1,2,1116,false,1,-1,-1,-1
10112021,Thiên Quyền Hộ Thủ,12,3,66,-1,2,1116,false,1,-1,-1,-1
10112022,Dao Quang Hộ Thủ,12,3,66,-1,2,1116,false,1,-1,-1,-1
10112023,Khai Dương Hộ Thủ,12,3,66,-1,2,1116,false,1,-1,-1,-1
10112024,Tham Lang Hộ Thủ,12,3,73,-1,2,1384,false,1,-1,-1,-1
10112025,Cự Môn Hộ Thủ,12,3,73,-1,2,1384,false,1,-1,-1,-1
10112026,Lộc Tồn Hộ Thủ,12,3,73,-1,2,1384,false,1,-1,-1,-1
10112027,Văn Khúc Hộ Thủ,12,3,73,-1,2,1384,false,1,-1,-1,-1
10112028,Phá Quân Hộ Thủ,12,3,73,-1,2,1384,false,1,-1,-1,-1
10112029,Vũ Khúc Hộ Thủ,12,3,73,-1,2,1384,false,1,-1,-1,-1
10112030,Như Lai Hộ Thủ,12,3,78,-1,2,1564,false,1,-1,-1,-1
10112031,Long Nữ Hộ Thủ,12,3,78,-1,2,1564,false,1,-1,-1,-1
10112032,Thánh Vũ Hộ Thủ,12,3,78,-1,2,1564,false,1,-1,-1,-1
10112033,Đa Ma Hộ Thủ,12,3,78,-1,2,1564,false,1,-1,-1,-1
10112034,La Hán Hộ Thủ,12,3,78,-1,2,1564,false,1,-1,-1,-1
10112035,Thích Ma Hộ Thủ,12,3,78,-1,2,1564,false,1,-1,-1,-1
10112036,Phù Vân Hộ Thủ,12,3,83,-1,2,1904,false,1,-1,-1,-1
10112037,Thân Hành Hộ Thủ,12,3,83,-1,2,1904,false,1,-1,-1,-1
10112038,Đạp Nguyệt Hộ Thủ,12,3,83,-1,2,1904,false,1,-1,-1,-1
10112039,Truy Nguyệt Hộ Thủ,12,3,83,-1,2,1904,false,1,-1,-1,-1
10112040,Tục Nguyệt Hộ Thủ,12,3,83,-1,2,1904,false,1,-1,-1,-1
10112041,Chu Tước Hộ Thủ,12,3,88,-1,2,2184,false,1,-1,-1,-1
10112042,Huyền Vũ Hộ Thủ,12,3,88,-1,2,2184,false,1,-1,-1,-1
10112043,Bạch Hổ Hộ Thủ,12,3,88,-1,2,2184,false,1,-1,-1,-1
10112044,Thanh Long Hộ Thủ,12,3,88,-1,2,2184,false,1,-1,-1,-1
10112045,Thánh Linh Chiến Hộ Thủ,12,3,93,-1,2,2656,false,1,-1,-1,-1
10112046,U Minh Ma Hộ Thủ,12,3,93,-1,2,2656,false,1,-1,-1,-1
10112047,Lân Mân Hộ Thủ,12,3,93,-1,2,2656,false,1,-1,-1,-1
10112048,Nghê Vân Vũ Hộ Thủ,12,3,98,-1,2,2976,false,1,-1,-1,-1
10112049,Cửu Bảo Thiên Hộ Thủ,12,3,98,-1,2,2976,false,1,-1,-1,-1
10112050,Qui Nguyên Thần Hộ Thủ,12,3,98,-1,2,2976,false,1,-1,-1,-1
10112051,Lạc Hỏa Hộ Thủ,12,3,106,-1,2,4494,false,1,-1,-1,-1
10112052,Hung Nô Hộ Thủ,12,3,116,-1,2,5382,false,1,-1,-1,-1
10112053,Găng Tay Cấp 130,12,3,126,-1,2,6350,false,1,-1,-1,-1
10112054,Găng Tay Cấp 140,12,3,136,-1,2,7398,false,1,-1,-1,-1
10112055,Găng Tay Cấp 150,12,3,146,-1,2,8526,false,1,-1,-1,-1
10112100,Phá Lý Thủ,12,3,1,-1,2,16,false,1,-1,-1,-1
10113000,Bố Sam,13,2,1,-1,2,16,false,1,-1,-1,-1
10113001,Bố Y,13,2,8,-1,2,72,false,1,-1,-1,-1
10113002,Ma Bố Y,13,2,8,-1,2,72,false,1,-1,-1,-1
10113003,Miên Bố Y,13,2,8,-1,2,72,false,1,-1,-1,-1
10113004,Sa Nhung Y,13,2,18,-1,2,101,false,1,-1,-1,-1
10113005,Quyên Ty Y,13,2,18,-1,2,101,false,1,-1,-1,-1
10113006,Cẩm Bạch Y,13,2,28,-1,2,197,false,1,-1,-1,-1
10113007,Ty Trừu Y,13,2,28,-1,2,197,false,1,-1,-1,-1
10113008,Lăng La Y,13,2,28,-1,2,197,false,1,-1,-1,-1
10113009,Lang Nha Y,13,2,38,-1,2,346,false,1,-1,-1,-1
10113010,Lang Trảo Y,13,2,38,-1,2,346,false,1,-1,-1,-1
10113011,Lang Bì Y,13,2,38,-1,2,346,false,1,-1,-1,-1
10113012,Hổ Nha Y,13,2,48,-1,2,577,false,1,-1,-1,-1
10113013,Hổ Trảo Y,13,2,48,-1,2,577,false,1,-1,-1,-1
10113014,Hổ Bì Y,13,2,48,-1,2,577,false,1,-1,-1,-1
10113015,Giao Long Y,13,2,58,-1,2,856,false,1,-1,-1,-1
10113016,Ô Tàm Y,13,2,58,-1,2,856,false,1,-1,-1,-1
10113017,Mãng Xà Y,13,2,58,-1,2,856,false,1,-1,-1,-1
10113018,Thiên Khu Y,13,2,68,-1,2,1172,false,1,-1,-1,-1
10113019,Thiên Cơ Y,13,2,68,-1,2,1172,false,1,-1,-1,-1
10113020,Thiên Toàn Y,13,2,68,-1,2,1172,false,1,-1,-1,-1
10113021,Thiên Quyền Y,13,2,68,-1,2,1172,false,1,-1,-1,-1
10113022,Dao Quang Y,13,2,68,-1,2,1172,false,1,-1,-1,-1
10113023,Khai Dương Y,13,2,68,-1,2,1172,false,1,-1,-1,-1
10113024,Tham Lang Y,13,2,74,-1,2,1420,false,1,-1,-1,-1
10113025,Cự Môn Y,13,2,74,-1,2,1420,false,1,-1,-1,-1
10113026,Lộc Tồn Y,13,2,74,-1,2,1420,false,1,-1,-1,-1
10113027,Văn Khúc Y,13,2,74,-1,2,1420,false,1,-1,-1,-1
10113028,Phá Quân Y,13,2,74,-1,2,1420,false,1,-1,-1,-1
10113029,Vũ Khúc Y,13,2,74,-1,2,1420,false,1,-1,-1,-1
10113030,Như Lai Y,13,2,79,-1,2,1600,false,1,-1,-1,-1
10113031,Long Nữ Y,13,2,79,-1,2,1600,false,1,-1,-1,-1
10113032,Thánh Vũ Y,13,2,79,-1,2,1600,false,1,-1,-1,-1
10113033,Đa Ma Y,13,2,79,-1,2,1600,false,1,-1,-1,-1
10113034,La Hán Y,13,2,79,-1,2,1600,false,1,-1,-1,-1
10113035,Thích Ma Y,13,2,79,-1,2,1600,false,1,-1,-1,-1
10113036,Phù Vân Y,13,2,84,-1,2,1960,false,1,-1,-1,-1
10113037,Thân Hành Y,13,2,84,-1,2,1960,false,1,-1,-1,-1
10113038,Đạp Nguyệt Y,13,2,84,-1,2,1960,false,1,-1,-1,-1
10113039,Truy Nguyệt Y,13,2,84,-1,2,1960,false,1,-1,-1,-1
10113040,Tục Nguyệt Y,13,2,84,-1,2,1960,false,1,-1,-1,-1
10113041,Chu Tước Khôi Giáp,13,2,89,-1,2,2240,false,1,-1,-1,-1
10113042,Huyền Vũ Khôi Giáp,13,2,89,-1,2,2240,false,1,-1,-1,-1
10113043,Bạch Hổ Khôi Giáp,13,2,89,-1,2,2240,false,1,-1,-1,-1
10113044,Thanh Long Khôi Giáp,13,2,89,-1,2,2240,false,1,-1,-1,-1
10113045,Thánh Linh Chiến Giáp,13,2,94,-1,2,2720,false,1,-1,-1,-1
10113046,U Minh Ma Giáp,13,2,94,-1,2,2720,false,1,-1,-1,-1
10113047,Lân Mân Giáp,13,2,94,-1,2,2720,false,1,-1,-1,-1
10113048,Nghê Vân Vũ Y,13,2,99,-1,2,3040,false,1,-1,-1,-1
10113049,Cửu Bảo Thiên Y,13,2,99,-1,2,3040,false,1,-1,-1,-1
10113050,Qui Nguyên Thần Y,13,2,99,-1,2,3040,false,1,-1,-1,-1
10113051,Chiểu Trạch Cừu,13,2,108,-1,2,4665,false,1,-1,-1,-1
10113052,Cao Xương Bào,13,2,118,-1,2,5569,false,1,-1,-1,-1
10113053,Hộ Giáp Cấp 130,13,2,128,-1,2,6553,false,1,-1,-1,-1
10113054,Hộ Giáp Cấp 140,13,2,138,-1,2,7617,false,1,-1,-1,-1
10113055,Hộ Giáp Cấp 150,13,2,148,-1,2,8761,false,1,-1,-1,-1
10113100,Phá Bố Sam,13,2,1,-1,2,16,false,1,-1,-1,-1
10114000,Miên Bố Hộ Uyển,14,14,4,-1,2,16,false,1,-1,-1,-1
10114001,Sa Nhung Hộ Uyển,14,14,14,-1,2,56,false,1,-1,-1,-1
10114002,Cẩm Bạch Hộ Uyển,14,14,24,-1,2,56,false,1,-1,-1,-1
10114003,Lăng La Hộ Uyển,14,14,34,-1,2,56,false,1,-1,-1,-1
10114004,Lang Bì Hộ Uyển,14,14,44,-1,2,96,false,1,-1,-1,-1
10114005,Hổ Bì Hộ Uyển,14,14,54,-1,2,96,false,1,-1,-1,-1
10114006,Thương Mãng Hộ Uyển,14,14,64,-1,2,176,false,1,-1,-1,-1
10114007,Thiên Tuyền Hộ Uyển,14,14,74,-1,2,176,false,1,-1,-1,-1
10114008,Dao Quang Hộ Uyển,14,14,84,-1,2,176,false,1,-1,-1,-1
10114009,Phá Quân Hộ Uyển,14,14,94,-1,2,319,false,1,-1,-1,-1
10114010,Lan Thấm Hộ Oản,14,14,104,-1,2,4326,false,1,-1,-1,-1
10114011,Như Cố Hộ Oản,14,14,114,-1,2,5198,false,1,-1,-1,-1
10114012,Hộ Uyển Cấp 130,14,14,124,-1,2,6150,false,1,-1,-1,-1
10114013,Hộ Uyển Cấp 140,14,14,134,-1,2,7182,false,1,-1,-1,-1
10114014,Hộ Uyển Cấp 150,14,14,144,-1,2,8294,false,1,-1,-1,-1
10115000,Miên Bố Hộ Kiên,15,15,5,-1,2,16,false,1,-1,-1,-1
10115001,Sa Nhung Hộ Kiên,15,15,15,-1,2,56,false,1,-1,-1,-1
10115002,Cẩm Bạch Hộ Kiên,15,15,25,-1,2,56,false,1,-1,-1,-1
10115003,Lăng La Hộ Kiên,15,15,35,-1,2,56,false,1,-1,-1,-1
10115004,Lang Bì Hộ Kiên,15,15,45,-1,2,96,false,1,-1,-1,-1
10115005,Hổ Bì Hộ Kiên,15,15,55,-1,2,96,false,1,-1,-1,-1
10115006,Thương Mãng Hộ Kiên,15,15,65,-1,2,176,false,1,-1,-1,-1
10115007,Thiên Tuyền Hộ Kiên,15,15,75,-1,2,176,false,1,-1,-1,-1
10115008,Dao Quang Hộ Kiên,15,15,85,-1,2,176,false,1,-1,-1,-1
10115009,Phá Quân Hộ Kiên,15,15,95,-1,2,319,false,1,-1,-1,-1
10115010,Nạp Lâm Hộ Kiên,15,15,105,-1,2,4409,false,1,-1,-1,-1
10115011,Thánh Linh Kiên,15,15,115,-1,2,5289,false,1,-1,-1,-1
10115012,Hộ Kiên Cấp 130,15,15,125,-1,2,6249,false,1,-1,-1,-1
10115013,Hộ Kiên Cấp 140,15,15,135,-1,2,7289,false,1,-1,-1,-1
10115014,Hộ Kiên Cấp 150,15,15,145,-1,2,8409,false,1,-1,-1,-1
10116000,Toại Thạch Đao,16,0,1,-1,2,16,false,1,-1,-1,-1
10116001,Thạch Anh Đao,16,0,10,-1,2,144,false,1,-1,-1,-1
10116002,Tinh Thạch Đao,16,0,20,-1,2,432,false,1,-1,-1,-1
10116003,Luyện Cốt Đao,16,0,30,-1,2,920,false,1,-1,-1,-1
10116004,Tử Cang Đao,16,0,40,-1,2,1424,false,1,-1,-1,-1
10116005,Huyền Thiết Đao,16,0,50,-1,2,2160,false,1,-1,-1,-1
10116006,Ô Kim Đao,16,0,60,-1,2,3080,false,1,-1,-1,-1
10116007,Vọng Giang Đao,16,0,70,-1,2,4456,false,1,-1,-1,-1
10116008,Thu Sương Đao,16,0,80,-1,2,5960,false,1,-1,-1,-1
10116009,Tật Lôi Đao,16,0,90,-1,2,7960,false,1,-1,-1,-1
10116010,Tịch Lịch Đao,16,0,100,-1,2,12800,false,1,-1,-1,-1
10116011,Trấn Hải Đao,16,0,110,-1,2,15488,false,1,-1,-1,-1
10116012,Tam Định Phong Ba Đao,16,0,120,-1,2,18432,false,1,-1,-1,-1
10116013,Đao Cấp 130,16,0,130,-1,2,21632,false,1,-1,-1,-1
10116014,Đao Cấp 140,16,0,140,-1,2,25088,false,1,-1,-1,-1
10116015,Đao Cấp 150,16,0,150,-1,2,28800,false,1,-1,-1,-1
10116100,Nam Mộc Đao,16,0,1,-1,2,1,false,1,-1,-1,-1
10117000,Thanh Đồng Liêm,17,0,1,-1,2,16,false,1,-1,-1,-1
10117001,Hoàng Thiết Liêm,17,0,10,-1,2,144,false,1,-1,-1,-1
10117002,Kim Cương Liêm,17,0,20,-1,2,432,false,1,-1,-1,-1
10117003,Nguyệt Nha Liêm,17,0,30,-1,2,920,false,1,-1,-1,-1
10117004,Trách Thiên Liêm,17,0,40,-1,2,1424,false,1,-1,-1,-1
10117005,Xỉ Nhận Liêm,17,0,50,-1,2,2160,false,1,-1,-1,-1
10117006,Đoạt Phong Liêm,17,0,60,-1,2,3080,false,1,-1,-1,-1
10117007,Toái Cốt Liêm,17,0,70,-1,2,4456,false,1,-1,-1,-1
10117008,Câu Cân Liêm,17,0,80,-1,2,5960,false,1,-1,-1,-1
10117009,Liễu Phong Liêm,17,0,90,-1,2,7960,false,1,-1,-1,-1
10117010,Đoạn Thuỷ Liêm,17,0,100,-1,2,12800,false,1,-1,-1,-1
10117011,Phách Sơn Liêm,17,0,110,-1,2,15488,false,1,-1,-1,-1
10117012,Minh Minh Tế Vũ Liêm,17,0,120,-1,2,18432,false,1,-1,-1,-1
10117013,Liêm Cấp 130,17,0,130,-1,2,21632,false,1,-1,-1,-1
10117014,Liêm Cấp 140,17,0,140,-1,2,25088,false,1,-1,-1,-1
10117015,Liêm Cấp 150,17,0,150,-1,2,28800,false,1,-1,-1,-1
10117100,Thiết Liêm,17,0,1,-1,2,1,false,1,-1,-1,-1
10120001,Thiên Hoa Kết,20,7,8,-1,2,72,false,1,-1,-1,-1
10120002,Phỉ Thúy Hạng Liên,20,7,18,-1,2,101,false,1,-1,-1,-1
10120003,Loạn Hoa Duyên,20,7,28,-1,2,197,false,1,-1,-1,-1
10120004,Lam Vân Hạng Liên,20,7,38,-1,2,346,false,1,-1,-1,-1
10120005,Vân Miến Liên,20,7,48,-1,2,577,false,1,-1,-1,-1
10120006,Lục Niệm Thúc,20,7,58,-1,2,856,false,1,-1,-1,-1
10120007,U Tình Lệ,20,7,68,-1,2,1172,false,1,-1,-1,-1
10120008,Dẫn Hồn Linh,20,7,78,-1,2,1564,false,1,-1,-1,-1
10120009,Nguyệt U,20,7,88,-1,2,2184,false,1,-1,-1,-1
10120010,Điệp Thần,20,7,98,-1,2,2976,false,1,-1,-1,-1
10120011,Tịch Dạ,20,7,108,-1,2,4665,false,1,-1,-1,-1
10120012,Thất Miên Liên,20,7,118,-1,2,5569,false,1,-1,-1,-1
10120013,Hạng Liên Cấp 130,20,7,128,-1,2,6553,false,1,-1,-1,-1
10120014,Hạng Liên Cấp 140,20,7,138,-1,2,7617,false,1,-1,-1,-1
10120015,Hạng Liên Cấp 150,20,7,148,-1,2,8761,false,1,-1,-1,-1
10121001,Liễu Sắc Yêu Đai,21,5,2,-1,2,24,false,1,-1,-1,-1
10121002,Tâm Như Yêu Đai,21,5,12,-1,2,87,false,1,-1,-1,-1
10121003,Minh Kiêu Yêu Đai,21,5,22,-1,2,135,false,1,-1,-1,-1
10121004,Bắc Càn Cơ Hoàn,21,5,32,-1,2,264,false,1,-1,-1,-1
10121005,Địa Viêm Hoàn Đai,21,5,42,-1,2,443,false,1,-1,-1,-1
10121006,Phi Thiên Yêu Hoàn,21,5,52,-1,2,712,false,1,-1,-1,-1
10121007,Thần Toái Đai,21,5,62,-1,2,1004,false,1,-1,-1,-1
10121008,Thất Nguyên Yêu Hoàn,21,5,72,-1,2,1348,false,1,-1,-1,-1
10121009,Bích Mộ,21,5,82,-1,2,1848,false,1,-1,-1,-1
10121010,Thương Nhật,21,5,92,-1,2,2592,false,1,-1,-1,-1
10121011,Huyết Ngọc Đai,21,5,102,-1,2,4161,false,1,-1,-1,-1
10121012,Tiên Vũ Đai,21,5,112,-1,2,5017,false,1,-1,-1,-1
10121013,Yêu Đai Cấp 130,21,5,122,-1,2,5953,false,1,-1,-1,-1
10121014,Yêu Đai Cấp 140,21,5,132,-1,2,6969,false,1,-1,-1,-1
10121015,Yêu Đai Cấp 150,21,5,142,-1,2,8065,false,1,-1,-1,-1
10122001,Thanh Giới,22,6,5,-1,2,48,false,1,-1,-1,-1
10122002,Thúy Túc Giới Chỉ,22,6,15,-1,2,94,false,1,-1,-1,-1
10122003,Bách Phi Giới Chỉ,22,6,25,-1,2,166,false,1,-1,-1,-1
10122004,Như Ngọc Giới Chỉ,22,6,35,-1,2,305,false,1,-1,-1,-1
10122005,Lưu Doanh,22,6,45,-1,2,510,false,1,-1,-1,-1
10122006,Linh Hủ,22,6,55,-1,2,784,false,1,-1,-1,-1
10122007,Cửu Hoa,22,6,65,-1,2,1088,false,1,-1,-1,-1
10122008,Trân Linh Lung,22,6,75,-1,2,1456,false,1,-1,-1,-1
10122009,Lãnh Hồn,22,6,85,-1,2,2016,false,1,-1,-1,-1
10122010,Tế Phách,22,6,95,-1,2,2784,false,1,-1,-1,-1
10122011,An Tức Chỉ Hoàn,22,6,105,-1,2,4409,false,1,-1,-1,-1
10122012,Mạn Đà Giới Chỉ,22,6,115,-1,2,5289,false,1,-1,-1,-1
10122013,Giới Chỉ Cấp 130,22,6,125,-1,2,6249,false,1,-1,-1,-1
10122014,Giới Chỉ Cấp 140,22,6,135,-1,2,7289,false,1,-1,-1,-1
10122015,Giới Chỉ Cấp 150,22,6,145,-1,2,8409,false,1,-1,-1,-1
10123001,Liễu Sắc Hộ Phù,23,12,5,-1,2,48,false,1,-1,-1,-1
10123002,Tâm Như Hộ Phù,23,12,15,-1,2,94,false,1,-1,-1,-1
10123003,Minh Kiêu Hộ Phù,23,12,25,-1,2,166,false,1,-1,-1,-1
10123004,Bắc Càn Thần Phù,23,12,35,-1,2,305,false,1,-1,-1,-1
10123005,Địa Viêm Nang,23,12,45,-1,2,510,false,1,-1,-1,-1
10123006,Phi Thiên Bao,23,12,55,-1,2,784,false,1,-1,-1,-1
10123007,Thần Toái Đai,23,12,65,-1,2,1088,false,1,-1,-1,-1
10123008,Thất Nguyên Yêu Hoàn,23,12,75,-1,2,1456,false,1,-1,-1,-1
10123009,Bích Mộ,23,12,85,-1,2,2016,false,1,-1,-1,-1
10123010,Thương Nhật,23,12,95,-1,2,2784,false,1,-1,-1,-1
10123011,Lưu Tinh,23,12,105,-1,2,4409,false,1,-1,-1,-1
10123012,Bà Sa Văn Chương,23,12,115,-1,2,5289,false,1,-1,-1,-1
10123013,Hộ Phù Cấp 130,23,12,125,-1,2,6249,false,1,-1,-1,-1
10123014,Hộ Phù Cấp 140,23,12,135,-1,2,7289,false,1,-1,-1,-1
10123015,Hộ Phù Cấp 150,23,12,145,-1,2,8409,false,1,-1,-1,-1
10217001,Tích Lưu Liêm,17,0,10,-1,22,128,true,10,-1,-1,-1
10217002,Phù Ba Liêm,17,0,20,-1,22,512,true,11,-1,-1,-1
10217003,Trục Thuỷ Liêm,17,0,30,-1,22,1152,true,12,-1,-1,-1
10217004,Hàn Thanh Liêm,17,0,40,-1,22,2048,true,13,-1,-1,-1
10217005,Chiếu Nguyệt Liêm,17,0,50,-1,22,3200,true,14,-1,-1,-1
10217006,Sơn Quang Liêm,17,0,60,-1,22,4608,true,15,-1,-1,-1
10217007,Ỷ Tình Liêm,17,0,70,-1,22,6272,true,16,-1,-1,-1
10217008,Thiên Nhận Liêm,17,0,80,-1,22,8192,true,17,-1,-1,-1
10217009,Loạn Phong Liêm,17,0,90,-1,22,10368,true,18,-1,-1,-1
10217010,Vân Hà Thu Sắc Liêm,17,0,100,-1,22,12800,true,19,-1,-1,-1
10217011,Sóc Phong Cuộn Tuyết Liêm,17,0,110,-1,22,15488,true,19,-1,-1,-1
10217012,Mặc Lại Sinh Sơn Liêm,17,0,120,-1,22,18432,true,19,-1,-1,-1
10217013,Liêm Cấp 130,17,0,130,-1,22,21632,true,19,-1,-1,-1
10217014,Liêm Cấp 140,17,0,140,-1,22,25088,true,19,-1,-1,-1
10217015,Liêm Cấp 150,17,0,150,-1,22,28800,true,19,-1,-1,-1
10217016,Cô Chu Liêm,17,0,10,-1,22,128,true,10,-1,-1,-1
10217017,Ai Ngữ Liêm,17,0,20,-1,22,512,true,11,-1,-1,-1
10217018,Nghi Sinh Liêm,17,0,30,-1,22,1152,true,12,-1,-1,-1
10217019,Bạc Tình Liêm,17,0,40,-1,22,2048,true,13,-1,-1,-1
10217020,Trường Hận Liêm,17,0,50,-1,22,3200,true,14,-1,-1,-1
10217021,Dư Nhân Liêm,17,0,60,-1,22,4608,true,15,-1,-1,-1
10217022,Hoa Hồn Liêm,17,0,70,-1,22,6272,true,16,-1,-1,-1
10217023,Minh Dã Liêm,17,0,80,-1,22,8192,true,17,-1,-1,-1
10217024,Táng Tràng Liêm,17,0,90,-1,22,10368,true,18,-1,-1,-1
10217025,Mệnh Tuyệt Liêm,17,0,100,-1,22,12800,true,19,-1,-1,-1
10217026,Ác Ngục Liêm,17,0,110,-1,22,15488,true,19,-1,-1,-1
10217027,Trảm Khốt Liêm,17,0,120,-1,22,18432,true,19,-1,-1,-1
10217028,130 Cấp Chế Tạo,17,0,130,-1,22,21632,true,19,-1,-1,-1
10217029,140 Cấp Chế Tạo,17,0,140,-1,22,25088,true,19,-1,-1,-1
10217030,150 Cấp Chế Tạo,17,0,150,-1,22,28800,true,19,-1,-1,-1
10130001,Như Lai Phật Y,24,16,1,0,1,0,false,1,-1,-1,-1
10130002,Hỏa Hoang Thánh Y,24,16,1,1,1,0,false,1,-1,-1,-1
10130003,Bách Động Cái Trang,24,16,1,2,1,0,false,1,-1,-1,-1
10130004,Ngọc Nữ Hoa Phục,24,16,1,4,1,0,false,1,-1,-1,-1
10130005,Ngọc Hư Đạo Y,24,16,1,3,1,0,false,1,-1,-1,-1
10130006,Ngũ Độc Cẩm Y,24,16,1,5,1,0,false,1,-1,-1,-1
10130007,Thiên Sơn Tố Phục,24,16,1,7,1,0,false,1,-1,-1,-1
10130008,Tiêu Dao Cẩm Y,24,16,1,8,1,0,false,1,-1,-1,-1
10130009,Thần Kiếm Cẩm Trang,24,16,1,6,1,0,false,1,-1,-1,-1
10130010,Không Sắc,24,16,1,0,1,4,false,1,-1,-1,-1
10130011,Thánh Hỏa,24,16,1,1,1,4,false,1,-1,-1,-1
10130012,Bích Mặc,24,16,1,2,1,4,false,1,-1,-1,-1
10130013,Khấp Ảnh,24,16,1,4,1,4,false,1,-1,-1,-1
10130014,Hạc Tuyết,24,16,1,3,1,4,false,1,-1,-1,-1
10130015,Hung Lạc,24,16,1,5,1,4,false,1,-1,-1,-1
10130016,Nguyệt Mạn,24,16,1,7,1,4,false,1,-1,-1,-1
10130017,Huyền Thương,24,16,1,8,1,4,false,1,-1,-1,-1
10130020,Huyễn Thương,24,16,1,10,1,4,false,1,-1,-1,-1
10130021,Dương Tiêu,24,16,1,6,1,4,false,1,-1,-1,-1
10130022,Loan Phụng Hòa Minh,24,16,1,-1,1,4,false,1,-1,-1,168
10130023,Loan Phụng Hòa Minh,24,16,1,-1,1,4,false,1,-1,-1,168
10130024,Loan Phụng Hòa Minh,24,16,1,-1,1,4,false,1,-1,-1,720
10130025,Loan Phụng Hòa Minh,24,16,1,-1,1,4,false,1,-1,-1,720
10130028,Loan Phụng Hòa Minh,24,16,1,-1,1,4,false,1,-1,-1,720
10130026,Loan Phụng Hòa Minh,24,16,1,-1,1,4,false,1,-1,-1,2160
10130027,Loan Phụng Hòa Minh,24,16,1,-1,1,4,false,1,-1,-1,-1
10130028,Nữ Chân Thị Phục,24,16,1,-1,1,4,false,1,-1,-1,168
10130029,Nữ Chân Thị Phục,24,16,1,-1,1,4,false,1,-1,-1,720
10130030,Nữ Chân Thị Phục,24,16,1,-1,1,4,false,1,-1,-1,720
10130031,Nữ Chân Thị Phục,24,16,1,-1,1,4,false,1,-1,-1,2160
10130032,Nữ Chân Thị Phục,24,16,1,-1,1,4,false,1,-1,-1,2160
10130033,Nữ Chân Thị Phục,24,16,1,-1,1,4,false,1,-1,-1,-1
10130034,Tình Thánh Ngoại Sáo,24,16,1,-1,1,4,false,1,-1,-1,2160
10130035,Tình Thánh Ngoại Sáo,24,16,1,-1,1,4,false,1,-1,-1,2160
10130036,Tình Thánh Ngoại Sáo,24,16,1,-1,1,4,false,1,-1,-1,-1
10130037,Mai Khôi Tiên Tử,24,16,1,-1,1,4,false,1,-1,-1,2160
10130038,Mai Khôi Tiên Tử,24,16,1,-1,1,4,false,1,-1,-1,2160
10130039,Mai Khôi Tiên Tử,24,16,1,-1,1,4,false,1,-1,-1,-1
10130040,Ám Dạ Bách Hợp,24,16,1,-1,1,4,false,1,-1,-1,24
10130041,Ám Dạ Bách Hợp,24,16,1,-1,1,4,false,1,-1,-1,168
10130042,Ám Dạ Bách Hợp,24,16,1,-1,1,4,false,1,-1,-1,720
10130043,Ám Dạ Bách Hợp,24,16,1,-1,1,4,false,1,-1,-1,720
10130044,Ám Dạ Bách Hợp,24,16,1,-1,1,4,false,1,-1,-1,2160
10130045,Ám Dạ Bách Hợp,24,16,1,-1,1,4,false,1,-1,-1,-1
10130046,Miêu Vực Phong Tình,24,16,1,-1,1,4,false,1,-1,-1,24
10130047,Miêu Vực Phong Tình,24,16,1,-1,1,4,false,1,-1,-1,24
10130048,Miêu Vực Phong Tình,24,16,1,-1,1,4,false,1,-1,-1,168
10130049,Miêu Vực Phong Tình,24,16,1,-1,1,4,false,1,-1,-1,720
10130050,Miêu Vực Phong Tình,24,16,1,-1,1,4,false,1,-1,-1,720
10130051,Miêu Vực Phong Tình,24,16,1,-1,1,4,false,1,-1,-1,2160
10130052,Miêu Vực Phong Tình,24,16,1,-1,1,4,false,1,-1,-1,-1
10130053,Phấn Mặc Nhân Sinh,24,16,1,-1,1,4,false,1,-1,-1,168
10130054,Phấn Mặc Nhân Sinh,24,16,1,-1,1,4,false,1,-1,-1,720
10130055,Phấn Mặc Nhân Sinh,24,16,1,-1,1,4,false,1,-1,-1,720
10130056,Phấn Mặc Nhân Sinh,24,16,1,-1,1,4,false,1,-1,-1,2160
10130057,Phấn Mặc Nhân Sinh,24,16,1,-1,1,4,false,1,-1,-1,-1
10130058,Đoàn Dự Ngữ Yên,24,16,1,-1,1,4,false,1,-1,-1,168
10130059,Đoàn Dự Ngữ Yên,24,16,1,-1,1,4,false,1,-1,-1,168
10130060,Đoàn Dự Ngữ Yên,24,16,1,-1,1,4,false,1,-1,-1,360
10130061,Đoàn Dự Ngữ Yên,24,16,1,-1,1,4,false,1,-1,-1,360
10130062,Đoàn Dự Ngữ Yên,24,16,1,-1,1,4,false,1,-1,-1,720
10130063,Đoàn Dự Ngữ Yên,24,16,1,-1,1,4,false,1,-1,-1,720
10130064,Đoàn Dự Ngữ Yên,24,16,1,-1,1,4,false,1,-1,-1,720
10130065,Đoàn Dự Ngữ Yên,24,16,1,-1,1,4,false,1,-1,-1,2160
10130066,Đoàn Dự Ngữ Yên,24,16,1,-1,1,4,false,1,-1,-1,-1
10130067,Khô Lâu Chiến Giáp,24,16,1,-1,1,4,false,1,-1,-1,24
10130068,Khô Lâu Chiến Giáp,24,16,1,-1,1,4,false,1,-1,-1,336
10130069,Khô Lâu Chiến Giáp,24,16,1,-1,1,4,false,1,-1,-1,720
10130070,Khô Lâu Chiến Giáp,24,16,1,-1,1,4,false,1,-1,-1,720
10130071,Khô Lâu Chiến Giáp,24,16,1,-1,1,4,false,1,-1,-1,2160
71014002,Khô Lâu Chiến Giáp,24,16,1,-1,1,4,false,1,-1,-1,-1
10130073,Tây Dương Phong Tình,24,16,1,-1,1,4,false,1,-1,-1,240
10130074,Tây Dương Phong Tình,24,16,1,-1,1,4,false,1,-1,-1,720
10130075,Tây Dương Phong Tình,24,16,1,-1,1,4,false,1,-1,-1,2160
10130076,Tây Dương Phong Tình,24,16,1,-1,1,4,false,1,-1,-1,-1
10130077,Đại Nội Cung Phong,24,16,1,-1,1,4,false,1,-1,-1,72
10130078,Đại Nội Cung Phong,24,16,1,-1,1,4,false,1,-1,-1,720
10130079,Đại Nội Cung Phong,24,16,1,-1,1,4,false,1,-1,-1,720
10130080,Đại Nội Cung Phong,24,16,1,-1,1,4,false,1,-1,-1,2160
10130081,Đại Nội Cung Phong,24,16,1,-1,1,4,false,1,-1,-1,-1
10130082,Cổ Hoặc Giang Hồ,24,16,1,-1,1,4,false,1,-1,-1,24
10130083,Cổ Hoặc Giang Hồ,24,16,1,-1,1,4,false,1,-1,-1,24
10130084,Cổ Hoặc Giang Hồ,24,16,1,-1,1,4,false,1,-1,-1,168
10130085,Cổ Hoặc Giang Hồ,24,16,1,-1,1,4,false,1,-1,-1,720
10130086,Cổ Hoặc Giang Hồ,24,16,1,-1,1,4,false,1,-1,-1,2160
10130087,Cổ Hoặc Giang Hồ,24,16,1,-1,1,4,false,1,-1,-1,-1
10130088,Hoàng Kim Chiến Giáp,24,16,1,-1,1,4,false,1,-1,-1,720
10130089,Hoàng Kim Chiến Giáp,24,16,1,-1,1,4,false,1,-1,-1,2160
10130090,Hoàng Kim Chiến Giáp,24,16,1,-1,1,4,false,1,-1,-1,2160
10130091,Hoàng Kim Chiến Giáp,24,16,1,-1,1,4,false,1,-1,-1,-1
10130092,Tài Tử Giai Nhân,24,16,1,-1,1,4,false,1,-1,-1,24
10130093,Tài Tử Giai Nhân,24,16,1,-1,1,4,false,1,-1,-1,720
10130094,Tài Tử Giai Nhân,24,16,1,-1,1,4,false,1,-1,-1,720
10130095,Tài Tử Giai Nhân,24,16,1,-1,1,4,false,1,-1,-1,2160
10130096,Tài Tử Giai Nhân,24,16,1,-1,1,4,false,1,-1,-1,-1
10130097,Hổ Văn Liệp Thủ,24,16,1,-1,1,4,false,1,-1,-1,168
10130098,Hổ Văn Liệp Thủ,24,16,1,-1,1,4,false,1,-1,-1,720
10130099,Hổ Văn Liệp Thủ,24,16,1,-1,1,4,false,1,-1,-1,2160
10130100,Hổ Văn Liệp Thủ,24,16,1,-1,1,4,false,1,-1,-1,-1
10130101,Huyết Sắc Chiến Giáp,24,16,1,-1,1,4,false,1,-1,-1,72
10130102,Huyết Sắc Chiến Giáp,24,16,1,-1,1,4,false,1,-1,-1,168
10130103,Huyết Sắc Chiến Giáp,24,16,1,-1,1,4,false,1,-1,-1,240
10130104,Huyết Sắc Chiến Giáp,24,16,1,-1,1,4,false,1,-1,-1,720
10130105,Huyết Sắc Chiến Giáp,24,16,1,-1,1,4,false,1,-1,-1,720
10130106,Huyết Sắc Chiến Giáp,24,16,1,-1,1,4,false,1,-1,-1,720
10130107,Huyết Sắc Chiến Giáp,24,16,1,-1,1,4,false,1,-1,-1,1440
10130108,Huyết Sắc Chiến Giáp,24,16,1,-1,1,4,false,1,-1,-1,2160
10130109,Huyết Sắc Chiến Giáp,24,16,1,-1,1,4,false,1,-1,-1,-1
10130110,Tuyết Vũ Sương Y,24,16,1,-1,1,4,false,1,-1,-1,24
10130111,Tuyết Vũ Sương Y,24,16,1,-1,1,4,false,1,-1,-1,24
10130112,Tuyết Vũ Sương Y,24,16,1,-1,1,4,false,1,-1,-1,24
10130113,Tuyết Vũ Sương Y,24,16,1,-1,1,4,false,1,-1,-1,24
10130114,Tuyết Vũ Sương Y,24,16,1,-1,1,4,false,1,-1,-1,24
10130115,Tuyết Vũ Sương Y,24,16,1,-1,1,4,false,1,-1,-1,24
10130116,Tuyết Vũ Sương Y,24,16,1,-1,1,4,false,1,-1,-1,72
10130117,Tuyết Vũ Sương Y,24,16,1,-1,1,4,false,1,-1,-1,72
10130118,Tuyết Vũ Sương Y,24,16,1,-1,1,4,false,1,-1,-1,72
10130119,Tuyết Vũ Sương Y,24,16,1,-1,1,4,false,1,-1,-1,168
10130120,Tuyết Vũ Sương Y,24,16,1,-1,1,4,false,1,-1,-1,360
10130121,Tuyết Vũ Sương Y,24,16,1,-1,1,4,false,1,-1,-1,720
10130122,Tuyết Vũ Sương Y,24,16,1,-1,1,4,false,1,-1,-1,720
10130123,Tuyết Vũ Sương Y,24,16,1,-1,1,4,false,1,-1,-1,2160
10130124,Tuyết Vũ Sương Y,24,16,1,-1,1,4,false,1,-1,-1,-1
10130125,Tuyết Vũ Sương Y,24,16,1,-1,1,4,false,1,-1,-1,-1
10130126,Tiên Lữ Tình Duyên,24,16,1,-1,1,4,false,1,-1,-1,24
10130127,Tiên Lữ Tình Duyên,24,16,1,-1,1,4,false,1,-1,-1,24
10130128,Tiên Lữ Tình Duyên,24,16,1,-1,1,4,false,1,-1,-1,24
10130129,Tiên Lữ Tình Duyên,24,16,1,-1,1,4,false,1,-1,-1,24
10130130,Tiên Lữ Tình Duyên,24,16,1,-1,1,4,false,1,-1,-1,72
10130131,Tiên Lữ Tình Duyên,24,16,1,-1,1,4,false,1,-1,-1,72
10130132,Tiên Lữ Tình Duyên,24,16,1,-1,1,4,false,1,-1,-1,72
10130133,Tiên Lữ Tình Duyên,24,16,1,-1,1,4,false,1,-1,-1,72
10130134,Tiên Lữ Tình Duyên,24,16,1,-1,1,4,false,1,-1,-1,72
10130135,Tiên Lữ Tình Duyên,24,16,1,-1,1,4,false,1,-1,-1,72
10130136,Tiên Lữ Tình Duyên,24,16,1,-1,1,4,false,1,-1,-1,72
10130137,Tiên Lữ Tình Duyên,24,16,1,-1,1,4,false,1,-1,-1,168
10130138,Tiên Lữ Tình Duyên,24,16,1,-1,1,4,false,1,-1,-1,168
10130139,Tiên Lữ Tình Duyên,24,16,1,-1,1,4,false,1,-1,-1,168
10130140,Tiên Lữ Tình Duyên,24,16,1,-1,1,4,false,1,-1,-1,168
10130141,Tiên Lữ Tình Duyên,24,16,1,-1,1,4,false,1,-1,-1,168
10130142,Tiên Lữ Tình Duyên,24,16,1,-1,1,4,false,1,-1,-1,360
10130143,Tiên Lữ Tình Duyên,24,16,1,-1,1,4,false,1,-1,-1,360
10130144,Tiên Lữ Tình Duyên,24,16,1,-1,1,4,false,1,-1,-1,720
10130145,Tiên Lữ Tình Duyên,24,16,1,-1,1,4,false,1,-1,-1,720
10130146,Tiên Lữ Tình Duyên,24,16,1,-1,1,4,false,1,-1,-1,720
10130147,Tiên Lữ Tình Duyên,24,16,1,-1,1,4,false,1,-1,-1,720
10130148,Tiên Lữ Tình Duyên,24,16,1,-1,1,4,false,1,-1,-1,720
10130149,Tiên Lữ Tình Duyên,24,16,1,-1,1,4,false,1,-1,-1,720
10130150,Tiên Lữ Tình Duyên,24,16,1,-1,1,4,false,1,-1,-1,720
10130151,Tiên Lữ Tình Duyên,24,16,1,-1,1,4,false,1,-1,-1,2160
10130152,Tiên Lữ Tình Duyên,24,16,1,-1,1,4,false,1,-1,-1,2160
10130153,Tiên Lữ Tình Duyên,24,16,1,-1,1,4,false,1,-1,-1,-1
10130154,Tiên Lữ Tình Duyên,24,16,1,-1,1,4,false,1,-1,-1,-1
10130155,Tiên Lữ Tình Duyên,24,16,1,-1,1,4,false,1,-1,-1,-1
10130156,Tiên Lữ Tình Duyên,24,16,1,-1,1,4,false,1,-1,-1,-1
10130157,Tiên Lữ Tình Duyên,24,16,1,-1,1,4,false,1,-1,-1,-1
10130158,Tiên Lữ Tình Duyên,24,16,1,-1,1,4,false,1,-1,-1,-1
10130159,Dã Tính Chi Phong,24,16,1,-1,1,4,false,1,-1,-1,720
10130160,Dã Tính Chi Phong,24,16,1,-1,1,4,false,1,-1,-1,2160
10130161,Dã Tính Chi Phong,24,16,1,-1,1,4,false,1,-1,-1,-1
10130162,Giáng Sinh Vui Vẻ,24,16,1,-1,1,4,false,1,-1,-1,72
10130163,Giáng Sinh Vui Vẻ,24,16,1,-1,1,4,false,1,-1,-1,72
10130164,Giáng Sinh Vui Vẻ,24,16,1,-1,1,4,false,1,-1,-1,168
10130165,Giáng Sinh Vui Vẻ,24,16,1,-1,1,4,false,1,-1,-1,360
10130166,Giáng Sinh Vui Vẻ,24,16,1,-1,1,4,false,1,-1,-1,360
10130167,Giáng Sinh Vui Vẻ,24,16,1,-1,1,4,false,1,-1,-1,720
10130168,Giáng Sinh Vui Vẻ,24,16,1,-1,1,4,false,1,-1,-1,2160
10130169,Giáng Sinh Vui Vẻ,24,16,1,-1,1,4,false,1,-1,-1,4320
10130170,Giáng Sinh Vui Vẻ,24,16,1,-1,1,4,false,1,-1,-1,-1
10130171,Dạ Hỏa Long Ngâm,24,16,1,-1,1,4,false,1,-1,-1,720
10130172,Dạ Hỏa Long Ngâm,24,16,1,-1,1,4,false,1,-1,-1,2160
10130173,Dạ Hỏa Long Ngâm,24,16,1,-1,1,4,false,1,-1,-1,-1
10130174,Vạn Tử Thiên Hồng,24,16,1,-1,1,4,false,1,-1,-1,24
10130175,Vạn Tử Thiên Hồng,24,16,1,-1,1,4,false,1,-1,-1,168
10130176,Vạn Tử Thiên Hồng,24,16,1,-1,1,4,false,1,-1,-1,168
10130177,Vạn Tử Thiên Hồng,24,16,1,-1,1,4,false,1,-1,-1,720
10130178,Vạn Tử Thiên Hồng,24,16,1,-1,1,4,false,1,-1,-1,720
10130179,Vạn Tử Thiên Hồng,24,16,1,-1,1,4,false,1,-1,-1,720
10130180,Vạn Tử Thiên Hồng,24,16,1,-1,1,4,false,1,-1,-1,2160
10130181,Vạn Tử Thiên Hồng,24,16,1,-1,1,4,false,1,-1,-1,-1
10130182,Lương Hồng Mãng Quang,24,16,1,-1,1,4,false,1,-1,-1,720
10130183,Lương Hồng Mãng Quang,24,16,1,-1,1,4,false,1,-1,-1,720
10130184,Lương Hồng Mãng Quang,24,16,1,-1,1,4,false,1,-1,-1,2160
10130185,Lương Hồng Mãng Quang,24,16,1,-1,1,4,false,1,-1,-1,-1
10130186,Ảm Đạm Điêu Linh,24,16,1,-1,1,4,false,1,-1,-1,24
10130187,Ảm Đạm Điêu Linh,24,16,1,-1,1,4,false,1,-1,-1,24
10130188,Ảm Đạm Điêu Linh,24,16,1,-1,1,4,false,1,-1,-1,24
10130189,Ảm Đạm Điêu Linh,24,16,1,-1,1,4,false,1,-1,-1,24
10130190,Ảm Đạm Điêu Linh,24,16,1,-1,1,4,false,1,-1,-1,72
10130191,Ảm Đạm Điêu Linh,24,16,1,-1,1,4,false,1,-1,-1,72
10130192,Ảm Đạm Điêu Linh,24,16,1,-1,1,4,false,1,-1,-1,72
10130193,Ảm Đạm Điêu Linh,24,16,1,-1,1,4,false,1,-1,-1,72
10130194,Ảm Đạm Điêu Linh,24,16,1,-1,1,4,false,1,-1,-1,72
10130195,Ảm Đạm Điêu Linh,24,16,1,-1,1,4,false,1,-1,-1,72
10130196,Ảm Đạm Điêu Linh,24,16,1,-1,1,4,false,1,-1,-1,168
10130197,Ảm Đạm Điêu Linh,24,16,1,-1,1,4,false,1,-1,-1,360
10130198,Ảm Đạm Điêu Linh,24,16,1,-1,1,4,false,1,-1,-1,720
10130199,Ảm Đạm Điêu Linh,24,16,1,-1,1,4,false,1,-1,-1,720
10130200,Ảm Đạm Điêu Linh,24,16,1,-1,1,4,false,1,-1,-1,720
10130201,Ảm Đạm Điêu Linh,24,16,1,-1,1,4,false,1,-1,-1,720
10130202,Ảm Đạm Điêu Linh,24,16,1,-1,1,4,false,1,-1,-1,720
10130203,Ảm Đạm Điêu Linh,24,16,1,-1,1,4,false,1,-1,-1,720
10130204,Ảm Đạm Điêu Linh,24,16,1,-1,1,4,false,1,-1,-1,2160
10130205,Ảm Đạm Điêu Linh,24,16,1,-1,1,4,false,1,-1,-1,-1
10130206,Thanh Phong Di Giang,24,16,1,-1,1,4,false,1,-1,-1,24
10130207,Thanh Phong Di Giang,24,16,1,-1,1,4,false,1,-1,-1,24
10130208,Thanh Phong Di Giang,24,16,1,-1,1,4,false,1,-1,-1,24
10130209,Thanh Phong Di Giang,24,16,1,-1,1,4,false,1,-1,-1,24
10130210,Thanh Phong Di Giang,24,16,1,-1,1,4,false,1,-1,-1,72
10130211,Thanh Phong Di Giang,24,16,1,-1,1,4,false,1,-1,-1,72
10130212,Thanh Phong Di Giang,24,16,1,-1,1,4,false,1,-1,-1,72
10130213,Thanh Phong Di Giang,24,16,1,-1,1,4,false,1,-1,-1,72
10130214,Thanh Phong Di Giang,24,16,1,-1,1,4,false,1,-1,-1,72
10130215,Thanh Phong Di Giang,24,16,1,-1,1,4,false,1,-1,-1,72
10130216,Thanh Phong Di Giang,24,16,1,-1,1,4,false,1,-1,-1,72
10130217,Thanh Phong Di Giang,24,16,1,-1,1,4,false,1,-1,-1,168
10130218,Thanh Phong Di Giang,24,16,1,-1,1,4,false,1,-1,-1,168
10130219,Thanh Phong Di Giang,24,16,1,-1,1,4,false,1,-1,-1,168
10130220,Thanh Phong Di Giang,24,16,1,-1,1,4,false,1,-1,-1,168
10130221,Thanh Phong Di Giang,24,16,1,-1,1,4,false,1,-1,-1,168
10130222,Thanh Phong Di Giang,24,16,1,-1,1,4,false,1,-1,-1,360
10130223,Thanh Phong Di Giang,24,16,1,-1,1,4,false,1,-1,-1,360
10130224,Thanh Phong Di Giang,24,16,1,-1,1,4,false,1,-1,-1,360
10130225,Thanh Phong Di Giang,24,16,1,-1,1,4,false,1,-1,-1,360
10130226,Thanh Phong Di Giang,24,16,1,-1,1,4,false,1,-1,-1,720
10130227,Thanh Phong Di Giang,24,16,1,-1,1,4,false,1,-1,-1,720
10130228,Thanh Phong Di Giang,24,16,1,-1,1,4,false,1,-1,-1,720
10130229,Thanh Phong Di Giang,24,16,1,-1,1,4,false,1,-1,-1,720
10130230,Thanh Phong Di Giang,24,16,1,-1,1,4,false,1,-1,-1,720
10130231,Thanh Phong Di Giang,24,16,1,-1,1,4,false,1,-1,-1,720
10130232,Thanh Phong Di Giang,24,16,1,-1,1,4,false,1,-1,-1,2160
10130233,Thanh Phong Di Giang,24,16,1,-1,1,4,false,1,-1,-1,-1
10130234,Thanh Phong Di Giang,24,16,1,-1,1,4,false,1,-1,-1,-1
10130235,Thanh Phong Di Giang,24,16,1,-1,1,4,false,1,-1,-1,-1
10130236,Thanh Phong Di Giang,24,16,1,-1,1,4,false,1,-1,-1,-1
10130237,Thanh Phong Di Giang,24,16,1,-1,1,4,false,1,-1,-1,-1
10130238,Nguyệt Thố Thương Lang,24,16,1,-1,1,4,false,1,-1,-1,24
10130239,Nguyệt Thố Thương Lang,24,16,1,-1,1,4,false,1,-1,-1,168
10130240,Nguyệt Thố Thương Lang,24,16,1,-1,1,4,false,1,-1,-1,360
10130241,Nguyệt Thố Thương Lang,24,16,1,-1,1,4,false,1,-1,-1,720
10130242,Nguyệt Thố Thương Lang,24,16,1,-1,1,4,false,1,-1,-1,2160
10130243,Nguyệt Thố Thương Lang,24,16,1,-1,1,4,false,1,-1,-1,-1
10130244,Nghịch Kích Thanh Cương,24,16,1,-1,1,4,false,1,-1,-1,720
10130245,Nghịch Kích Thanh Cương,24,16,1,-1,1,4,false,1,-1,-1,2160
10130246,Nghịch Kích Thanh Cương,24,16,1,-1,1,4,false,1,-1,-1,-1
10130247,Sơn Minh Hải Thệ,24,16,1,-1,1,4,false,1,-1,-1,168
10130248,Sơn Minh Hải Thệ,24,16,1,-1,1,4,false,1,-1,-1,-1
10130249,Ca La,24,16,1,0,1,4,false,1,-1,-1,-1
10130252,Tà Diễm,24,16,1,1,1,4,false,1,-1,-1,-1
10130255,Túy Ý,24,16,1,2,1,4,false,1,-1,-1,-1
10130258,Tiên Trần,24,16,1,4,1,4,false,1,-1,-1,-1
10130261,Lưu Hà,24,16,1,3,1,4,false,1,-1,-1,-1
10130264,Tinh Hàn,24,16,1,5,1,4,false,1,-1,-1,-1
10130267,Dao Quang,24,16,1,7,1,4,false,1,-1,-1,-1
10130270,Lục Khởi,24,16,1,8,1,4,false,1,-1,-1,-1
10130273,Mạch Ly,24,16,1,6,1,4,false,1,-1,-1,-1
10130276,Ngày Ngày Thăng Tiến,24,16,1,-1,1,4,false,1,-1,-1,24
10130277,Ngày Ngày Thăng Tiến,24,16,1,-1,1,4,false,1,-1,-1,168
10130278,Ngày Ngày Thăng Tiến,24,16,1,-1,1,4,false,1,-1,-1,336
10130279,Ngày Ngày Thăng Tiến,24,16,1,-1,1,4,false,1,-1,-1,720
10130280,Ngày Ngày Thăng Tiến,24,16,1,-1,1,4,false,1,-1,-1,2160
10130281,Ngày Ngày Thăng Tiến,24,16,1,-1,1,4,false,1,-1,-1,2160
10130282,Ngày Ngày Thăng Tiến,24,16,1,-1,1,4,false,1,-1,-1,-1
10130283,Tiêu Phong A Châu,24,16,1,-1,1,4,false,1,-1,-1,24
10130284,Tiêu Phong A Châu,24,16,1,-1,1,4,false,1,-1,-1,72
10130285,Tiêu Phong A Châu,24,16,1,-1,1,4,false,1,-1,-1,168
10130286,Tiêu Phong A Châu,24,16,1,-1,1,4,false,1,-1,-1,240
10130287,Tiêu Phong A Châu,24,16,1,-1,1,4,false,1,-1,-1,360
10130288,Tiêu Phong A Châu,24,16,1,-1,1,4,false,1,-1,-1,360
10130289,Tiêu Phong A Châu,24,16,1,-1,1,4,false,1,-1,-1,720
10130290,Tiêu Phong A Châu,24,16,1,-1,1,4,false,1,-1,-1,720
10130291,Tiêu Phong A Châu,24,16,1,-1,1,4,false,1,-1,-1,2160
10130292,Tiêu Phong A Châu,24,16,1,-1,1,4,false,1,-1,-1,-1
10130293,Tiêu Phong A Châu,24,16,1,-1,1,4,false,1,-1,-1,-1
10130294,Sơ Cuồng Ám Hương,24,16,1,-1,1,4,false,1,-1,-1,24
10130295,Sơ Cuồng Ám Hương,24,16,1,-1,1,4,false,1,-1,-1,24
10130296,Sơ Cuồng Ám Hương,24,16,1,-1,1,4,false,1,-1,-1,24
10130297,Sơ Cuồng Ám Hương,24,16,1,-1,1,4,false,1,-1,-1,24
10130298,Sơ Cuồng Ám Hương,24,16,1,-1,1,4,false,1,-1,-1,72
10130299,Sơ Cuồng Ám Hương,24,16,1,-1,1,4,false,1,-1,-1,72
10130300,Sơ Cuồng Ám Hương,24,16,1,-1,1,4,false,1,-1,-1,72
10130301,Sơ Cuồng Ám Hương,24,16,1,-1,1,4,false,1,-1,-1,72
10130302,Sơ Cuồng Ám Hương,24,16,1,-1,1,4,false,1,-1,-1,72
10130303,Sơ Cuồng Ám Hương,24,16,1,-1,1,4,false,1,-1,-1,72
10130304,Sơ Cuồng Ám Hương,24,16,1,-1,1,4,false,1,-1,-1,72
10130305,Sơ Cuồng Ám Hương,24,16,1,-1,1,4,false,1,-1,-1,72
10130306,Sơ Cuồng Ám Hương,24,16,1,-1,1,4,false,1,-1,-1,168
10130307,Sơ Cuồng Ám Hương,24,16,1,-1,1,4,false,1,-1,-1,360
10130308,Sơ Cuồng Ám Hương,24,16,1,-1,1,4,false,1,-1,-1,720
10130309,Sơ Cuồng Ám Hương,24,16,1,-1,1,4,false,1,-1,-1,720
10130310,Sơ Cuồng Ám Hương,24,16,1,-1,1,4,false,1,-1,-1,720
10130311,Sơ Cuồng Ám Hương,24,16,1,-1,1,4,false,1,-1,-1,720
10130312,Sơ Cuồng Ám Hương,24,16,1,-1,1,4,false,1,-1,-1,2160
10130313,Sơ Cuồng Ám Hương,24,16,1,-1,1,4,false,1,-1,-1,-1
10130314,Sơ Cuồng Ám Hương,24,16,1,-1,1,4,false,1,-1,-1,-1
10130315,Giáng Sinh Tưng Bừng,24,16,1,-1,1,4,false,1,-1,-1,168
10130316,Giáng Sinh Tưng Bừng,24,16,1,-1,1,4,false,1,-1,-1,72
10130317,Giáng Sinh Tưng Bừng,24,16,1,-1,1,4,false,1,-1,-1,720
10130318,Giáng Sinh Tưng Bừng,24,16,1,-1,1,4,false,1,-1,-1,2160
10130319,Giáng Sinh Tưng Bừng,24,16,1,-1,1,4,false,1,-1,-1,-1
10130320,Xuân Phong Dư Tuyết,24,16,1,-1,1,4,false,1,-1,-1,168
10130321,Xuân Phong Dư Tuyết,24,16,1,-1,1,4,false,1,-1,-1,720
10130322,Xuân Phong Dư Tuyết,24,16,1,-1,1,4,false,1,-1,-1,720
10130323,Xuân Phong Dư Tuyết,24,16,1,-1,1,4,false,1,-1,-1,720
10130324,Xuân Phong Dư Tuyết,24,16,1,-1,1,4,false,1,-1,-1,720
10130325,Xuân Phong Dư Tuyết,24,16,1,-1,1,4,false,1,-1,-1,2160
10130326,Xuân Phong Dư Tuyết,24,16,1,-1,1,4,false,1,-1,-1,-1
10130327,Nước Ngoài Chiếm Dụng,41,8,10,-1,1,4,false,1,-1,-1,72
10130328,Nước Ngoài Chiếm Dụng,41,8,10,-1,1,4,false,1,-1,-1,168
10130329,Nước Ngoài Chiếm Dụng,41,8,10,-1,1,4,false,1,-1,-1,168
10130330,Nước Ngoài Chiếm Dụng,24,16,1,-1,1,4,false,1,-1,-1,720
10130331,Nước Ngoài Chiếm Dụng,41,8,10,-1,1,4,false,1,-1,-1,720
10130332,Nước Ngoài Chiếm Dụng,41,8,10,-1,1,4,false,1,-1,-1,-1
10130333,Nước Ngoài Chiếm Dụng,41,8,10,-1,1,4,false,1,-1,-1,-1
10130334,Tử Mị Huyễn Ảnh,24,16,1,-1,1,4,false,1,-1,-1,720
10130335,Tử Mị Huyễn Ảnh,24,16,1,-1,1,4,false,1,-1,-1,720
10130336,Tử Mị Huyễn Ảnh,24,16,1,-1,1,4,false,1,-1,-1,2160
10130337,Tử Mị Huyễn Ảnh,24,16,1,-1,1,4,false,1,-1,-1,-1
10130338,Tiên Vũ Ngưng Nguyệt,24,16,1,-1,1,4,false,1,-1,-1,24
10130339,Tiên Vũ Ngưng Nguyệt,24,16,1,-1,1,4,false,1,-1,-1,168
10130340,Tiên Vũ Ngưng Nguyệt,24,16,1,-1,1,4,false,1,-1,-1,720
10130341,Tiên Vũ Ngưng Nguyệt,24,16,1,-1,1,4,false,1,-1,-1,2160
10130342,Tiên Vũ Ngưng Nguyệt,24,16,1,-1,1,4,false,1,-1,-1,-1
10130343,Tiên Vũ Ngưng Nguyệt,24,16,1,-1,1,4,false,1,-1,-1,-1
10130344,Tử Mạch Hồng Trần,24,16,1,-1,1,4,false,1,-1,-1,720
10130345,Tử Mạch Hồng Trần,24,16,1,-1,1,4,false,1,-1,-1,720
10130346,Tử Mạch Hồng Trần,24,16,1,-1,1,4,false,1,-1,-1,2160
10130347,Tử Mạch Hồng Trần,24,16,1,-1,1,4,false,1,-1,-1,-1
10130348,Thúy Trúc Du Du,24,16,1,-1,1,4,false,1,-1,-1,72
10130349,Thúy Trúc Du Du,24,16,1,-1,1,4,false,1,-1,-1,72
10130350,Thúy Trúc Du Du,24,16,1,-1,1,4,false,1,-1,-1,168
10130351,Thúy Trúc Du Du,24,16,1,-1,1,4,false,1,-1,-1,720
10130352,Thúy Trúc Du Du,24,16,1,-1,1,4,false,1,-1,-1,2160
10130353,Thúy Trúc Du Du,24,16,1,-1,1,4,false,1,-1,-1,-1
10130354,Hắc Dạ Giáng Lâm,24,16,1,-1,1,4,false,1,-1,-1,24
10130355,Hắc Dạ Giáng Lâm,24,16,1,-1,1,4,false,1,-1,-1,168
10130356,Hắc Dạ Giáng Lâm,24,16,1,-1,1,4,false,1,-1,-1,720
10130357,Hắc Dạ Giáng Lâm,24,16,1,-1,1,4,false,1,-1,-1,720
10130358,Hắc Dạ Giáng Lâm,24,16,1,-1,1,4,false,1,-1,-1,2160
10130359,Hắc Dạ Giáng Lâm,24,16,1,-1,1,4,false,1,-1,-1,-1
10130360,Lễ Phục Giáng Sinh,24,16,1,-1,1,4,false,1,-1,-1,72
10130361,Lễ Phục Giáng Sinh,24,16,1,-1,1,4,false,1,-1,-1,168
10130362,Lễ Phục Giáng Sinh,24,16,1,-1,1,4,false,1,-1,-1,720
10130363,Lễ Phục Giáng Sinh,24,16,1,-1,1,4,false,1,-1,-1,2160
10130364,Lễ Phục Giáng Sinh,24,16,1,-1,1,4,false,1,-1,-1,-1
10130365,Mộ Dung Kiếm Phục,24,16,1,10,1,0,false,1,-1,-1,-1
10130366,Binh Trá,24,16,1,10,1,4,false,1,-1,-1,-1
10130367,Lục Dã Tiên Tung,24,16,1,-1,1,4,false,1,-1,-1,72
10130368,Lục Dã Tiên Tung,24,16,1,-1,1,4,false,1,-1,-1,360
10130369,Lục Dã Tiên Tung,24,16,1,-1,1,4,false,1,-1,-1,720
10130370,Lục Dã Tiên Tung,24,16,1,-1,1,4,false,1,-1,-1,2160
10130371,Lục Dã Tiên Tung,24,16,1,-1,1,4,false,1,-1,-1,-1
10130372,Xích Tuyết Huyền Phượng,24,16,1,-1,1,4,false,1,-1,-1,24
10130373,Xích Tuyết Huyền Phượng,24,16,1,-1,1,4,false,1,-1,-1,72
10130374,Xích Tuyết Huyền Phượng,24,16,1,-1,1,4,false,1,-1,-1,168
10130375,Xích Tuyết Huyền Phượng,24,16,1,-1,1,4,false,1,-1,-1,168
10130376,Xích Tuyết Huyền Phượng,24,16,1,-1,1,4,false,1,-1,-1,360
10130377,Xích Tuyết Huyền Phượng,24,16,1,-1,1,4,false,1,-1,-1,720
10130378,Xích Tuyết Huyền Phượng,24,16,1,-1,1,4,false,1,-1,-1,720
10130379,Xích Tuyết Huyền Phượng,24,16,1,-1,1,4,false,1,-1,-1,2160
10130380,Xích Tuyết Huyền Phượng,24,16,1,-1,1,4,false,1,-1,-1,-1
10130381,Mặc Vũ U Long,24,16,1,-1,1,4,false,1,-1,-1,168
10130382,Mặc Vũ U Long,24,16,1,-1,1,4,false,1,-1,-1,336
10130383,Mặc Vũ U Long,24,16,1,-1,1,4,false,1,-1,-1,720
10130384,Mặc Vũ U Long,24,16,1,-1,1,4,false,1,-1,-1,2160
10130385,Mặc Vũ U Long,24,16,1,-1,1,4,false,1,-1,-1,-1
10130386,Ám Ảnh Phong Ngân,24,16,1,-1,1,4,false,1,-1,-1,720
10130387,Ám Ảnh Phong Ngân,24,16,1,-1,1,4,false,1,-1,-1,2160
10130388,Ám Ảnh Phong Ngân,24,16,1,-1,1,4,false,1,-1,-1,-1
10130389,Cổ Vận Hoa Tranh,24,16,1,-1,1,4,false,1,-1,-1,720
10130390,Cổ Vận Hoa Tranh,24,16,1,-1,1,4,false,1,-1,-1,2160
10130391,Cổ Vận Hoa Tranh,24,16,1,-1,1,4,false,1,-1,-1,-1
10130392,Khinh Sa Mộng Điệp,24,16,1,-1,1,4,false,1,-1,-1,720
10130393,Khinh Sa Mộng Điệp,24,16,1,-1,1,4,false,1,-1,-1,2160
10130394,Khinh Sa Mộng Điệp,24,16,1,-1,1,4,false,1,-1,-1,-1
10130395,Cẩm Tú Niên Hoa,24,16,1,-1,1,4,false,1,-1,-1,720
10130396,Cẩm Tú Niên Hoa,24,16,1,-1,1,4,false,1,-1,-1,2160
10130397,Cẩm Tú Niên Hoa,24,16,1,-1,1,4,false,1,-1,-1,-1
10130398,Tử Trừng Hiệp Ảnh,24,16,1,-1,1,4,false,1,-1,-1,720
10130399,Tử Trừng Hiệp Ảnh,24,16,1,-1,1,4,false,1,-1,-1,2160
10130400,Tử Trừng Hiệp Ảnh,24,16,1,-1,1,4,false,1,-1,-1,-1
10130401,Tuyết Vũ Nhiên Tình,24,16,1,-1,1,4,false,1,-1,-1,720
10130402,Tuyết Vũ Nhiên Tình,24,16,1,-1,1,4,false,1,-1,-1,2160
10130403,Tuyết Vũ Nhiên Tình,24,16,1,-1,1,4,false,1,-1,-1,-1
10130404,Tuyết Vũ Nhiên Tình,24,16,1,-1,1,4,false,1,-1,-1,-1
10130405,Xích Vũ Tình Duyên,24,16,1,-1,1,4,false,1,-1,-1,168
10130406,Xích Vũ Tình Duyên,24,16,1,-1,1,4,false,1,-1,-1,720
10130407,Xích Vũ Tình Duyên,24,16,1,-1,1,4,false,1,-1,-1,2160
10130408,Xích Vũ Tình Duyên,24,16,1,-1,1,4,false,1,-1,-1,-1
10130409,Xích Vũ Tình Duyên,24,16,1,-1,1,4,false,1,-1,-1,-1
10130410,Cẩm Tú Ngọc Hoàn,24,16,1,-1,1,4,false,1,-1,-1,168
10130411,Cẩm Tú Ngọc Hoàn,24,16,1,-1,1,4,false,1,-1,-1,720
10130412,Cẩm Tú Ngọc Hoàn,24,16,1,-1,1,4,false,1,-1,-1,2160
10130413,Cẩm Tú Ngọc Hoàn,24,16,1,-1,1,4,false,1,-1,-1,-1
10130414,Cẩm Tú Ngọc Hoàn,24,16,1,-1,1,4,false,1,-1,-1,-1
10130415,Hiệp Môn Thanh Sam,24,16,1,-1,1,4,false,1,-1,-1,720
10130416,Thương Vũ Thái Lam,24,16,1,-1,1,4,false,1,-1,-1,720
10130417,Thương Vũ Thái Lam,24,16,1,-1,1,4,false,1,-1,-1,2160
10130418,Thương Vũ Thái Lam,24,16,1,-1,1,4,false,1,-1,-1,-1
10130419,Bích Thảo Thanh Tâm,24,16,1,-1,1,4,false,1,-1,-1,168
10130420,Bích Thảo Thanh Tâm,24,16,1,-1,1,4,false,1,-1,-1,720
10130421,Bích Thảo Thanh Tâm,24,16,1,-1,1,4,false,1,-1,-1,720
10130422,Tử Phong Điệp Ảnh,24,16,1,-1,1,4,false,1,-1,-1,2160
10130423,Trừng Quang Dao Dật,24,16,1,-1,1,4,false,1,-1,-1,2160
10130424,Bích Thảo Thanh Tâm,24,16,1,-1,1,4,false,1,-1,-1,2160
10130425,Bích Thảo Thanh Tâm,24,16,1,-1,1,4,false,1,-1,-1,-1
10130426,Nguyệt Ảnh Ỷ Mộng,24,16,1,-1,1,4,false,1,-1,-1,72
10130427,Nguyệt Ảnh Ỷ Mộng,24,16,1,-1,1,4,false,1,-1,-1,720
10130428,Nguyệt Ảnh Ỷ Mộng,24,16,1,-1,1,4,false,1,-1,-1,2160
10130429,Nguyệt Ảnh Ỷ Mộng,24,16,1,-1,1,4,false,1,-1,-1,-1
10130430,Đại Lý Fcoin,24,16,1,-1,1,4,false,1,-1,-1,-1
10130432,Phục Hổ,24,16,1,0,1,4,false,1,-1,-1,-1
10130434,Nộ Diệm,24,16,1,1,1,4,false,1,-1,-1,-1
10130436,Thiên Lang,24,16,1,2,1,4,false,1,-1,-1,-1
10130438,Thái Dực,24,16,1,4,1,4,false,1,-1,-1,-1
10130440,Tuyền Cơ,24,16,1,3,1,4,false,1,-1,-1,-1
10130442,Linh Xà,24,16,1,5,1,4,false,1,-1,-1,-1
10130444,Ưng Kích,24,16,1,7,1,4,false,1,-1,-1,-1
10130446,Lăng Ba,24,16,1,8,1,4,false,1,-1,-1,-1
10130448,Thuần Hoa,24,16,1,6,1,4,false,1,-1,-1,-1
10130450,Nhược Thủy,24,16,1,10,1,4,false,1,-1,-1,-1
10130451,Xích Hà Văn Long,24,16,1,-1,1,4,false,1,-1,-1,168
10130452,Xích Hà Văn Long,24,16,1,-1,1,4,false,1,-1,-1,720
10130453,Xích Hà Văn Long,24,16,1,-1,1,4,false,1,-1,-1,2160
10130454,Xích Hà Văn Long,24,16,1,-1,1,4,false,1,-1,-1,-1
10130455,Xích Hà Văn Long,24,16,1,-1,1,4,false,1,-1,-1,-1
10130456,Cẩm Tú Thánh Trang,24,16,1,-1,1,4,false,1,-1,-1,72
10130457,Cẩm Tú Thánh Trang,24,16,1,-1,1,4,false,1,-1,-1,168
10130458,Cẩm Tú Thánh Trang,24,16,1,-1,1,4,false,1,-1,-1,168
10130459,Cẩm Tú Thánh Trang,24,16,1,-1,1,4,false,1,-1,-1,360
10130460,Cẩm Tú Thánh Trang,24,16,1,-1,1,4,false,1,-1,-1,720
10130461,Cẩm Tú Thánh Trang,24,16,1,-1,1,4,false,1,-1,-1,720
10130462,Cẩm Tú Thánh Trang,24,16,1,-1,1,4,false,1,-1,-1,2160
10130463,Cẩm Tú Thánh Trang,24,16,1,-1,1,4,false,1,-1,-1,2160
10130464,Cẩm Tú Thánh Trang,24,16,1,-1,1,4,false,1,-1,-1,-1
10130465,Xuân Noãn Long Hồn,24,16,1,-1,1,4,false,1,-1,-1,72
10130466,Xuân Noãn Long Hồn,24,16,1,-1,1,4,false,1,-1,-1,168
10130467,Xuân Noãn Long Hồn,24,16,1,-1,1,4,false,1,-1,-1,168
10130468,Xuân Noãn Long Hồn,24,16,1,-1,1,4,false,1,-1,-1,720
10130469,Xuân Noãn Long Hồn,24,16,1,-1,1,4,false,1,-1,-1,720
10130470,Xuân Noãn Long Hồn,24,16,1,-1,1,4,false,1,-1,-1,2160
10130471,Xuân Noãn Long Hồn,24,16,1,-1,1,4,false,1,-1,-1,2160
10130472,Xuân Noãn Long Hồn,24,16,1,-1,1,4,false,1,-1,-1,-1
10130473,Tử Dật Sương Nhung,24,16,1,-1,1,4,false,1,-1,-1,24
10130474,Tử Dật Sương Nhung,24,16,1,-1,1,4,false,1,-1,-1,24
10130475,Tử Dật Sương Nhung,24,16,1,-1,1,4,false,1,-1,-1,24
10130476,Tử Dật Sương Nhung,24,16,1,-1,1,4,false,1,-1,-1,72
10130477,Tử Dật Sương Nhung,24,16,1,-1,1,4,false,1,-1,-1,168
10130478,Tử Dật Sương Nhung,24,16,1,-1,1,4,false,1,-1,-1,168
10130479,Tử Dật Sương Nhung,24,16,1,-1,1,4,false,1,-1,-1,168
10130480,Tử Dật Sương Nhung,24,16,1,-1,1,4,false,1,-1,-1,360
10130481,Tử Dật Sương Nhung,24,16,1,-1,1,4,false,1,-1,-1,720
10130482,Tử Dật Sương Nhung,24,16,1,-1,1,4,false,1,-1,-1,720
10130483,Tử Dật Sương Nhung,24,16,1,-1,1,4,false,1,-1,-1,720
10130484,Tử Dật Sương Nhung,24,16,1,-1,1,4,false,1,-1,-1,2160
10130485,Tử Dật Sương Nhung,24,16,1,-1,1,4,false,1,-1,-1,2160
10130486,Tử Dật Sương Nhung,24,16,1,-1,1,4,false,1,-1,-1,-1
10130487,Tử Dật Sương Nhung,24,16,1,-1,1,4,false,1,-1,-1,-1
10130488,Phi Long Thừa Vân,24,16,1,-1,1,4,false,1,-1,-1,24
10130489,Phi Long Thừa Vân,24,16,1,-1,1,4,false,1,-1,-1,72
10130490,Phi Long Thừa Vân,24,16,1,-1,1,4,false,1,-1,-1,168
10130491,Phi Long Thừa Vân,24,16,1,-1,1,4,false,1,-1,-1,168
10130492,Phi Long Thừa Vân,24,16,1,-1,1,4,false,1,-1,-1,168
10130493,Phi Long Thừa Vân,24,16,1,-1,1,4,false,1,-1,-1,168
10130494,Phi Long Thừa Vân,24,16,1,-1,1,4,false,1,-1,-1,168
10130495,Phi Long Thừa Vân,24,16,1,-1,1,4,false,1,-1,-1,168
10130496,Phi Long Thừa Vân,24,16,1,-1,1,4,false,1,-1,-1,168
10130497,Phi Long Thừa Vân,24,16,1,-1,1,4,false,1,-1,-1,168
10130498,Phi Long Thừa Vân,24,16,1,-1,1,4,false,1,-1,-1,168
10130499,Phi Long Thừa Vân,24,16,1,-1,1,4,false,1,-1,-1,168
10130500,Phi Long Thừa Vân,24,16,1,-1,1,4,false,1,-1,-1,168
10130501,Phi Long Thừa Vân,24,16,1,-1,1,4,false,1,-1,-1,168
10130502,Phi Long Thừa Vân,24,16,1,-1,1,4,false,1,-1,-1,168
10130503,Phi Long Thừa Vân,24,16,1,-1,1,4,false,1,-1,-1,360
10130504,Phi Long Thừa Vân,24,16,1,-1,1,4,false,1,-1,-1,360
10130505,Phi Long Thừa Vân,24,16,1,-1,1,4,false,1,-1,-1,720
10130506,Phi Long Thừa Vân,24,16,1,-1,1,4,false,1,-1,-1,720
10130507,Phi Long Thừa Vân,24,16,1,-1,1,4,false,1,-1,-1,720
10130508,Phi Long Thừa Vân,24,16,1,-1,1,4,false,1,-1,-1,720
10130509,Phi Long Thừa Vân,24,16,1,-1,1,4,false,1,-1,-1,2160
10130510,Phi Long Thừa Vân,24,16,1,-1,1,4,false,1,-1,-1,2160
10130511,Phi Long Thừa Vân,24,16,1,-1,1,4,false,1,-1,-1,2160
10130512,Phi Long Thừa Vân,24,16,1,-1,1,4,false,1,-1,-1,4320
10130513,Phi Long Thừa Vân,24,16,1,-1,1,4,false,1,-1,-1,-1
10130514,Phi Long Thừa Vân,24,16,1,-1,1,4,false,1,-1,-1,-1
10130515,Phi Long Thừa Vân,24,16,1,-1,1,4,false,1,-1,-1,-1
10130525,Thanh Hà Ngư Thiển,24,16,1,-1,1,4,false,1,-1,-1,24
10130526,Thanh Hà Ngư Thiển,24,16,1,-1,1,4,false,1,-1,-1,24
10130527,Thanh Hà Ngư Thiển,24,16,1,-1,1,4,false,1,-1,-1,24
10130528,Thanh Hà Ngư Thiển,24,16,1,-1,1,4,false,1,-1,-1,24
10130529,Thanh Hà Ngư Thiển,24,16,1,-1,1,4,false,1,-1,-1,24
10130530,Thanh Hà Ngư Thiển,24,16,1,-1,1,4,false,1,-1,-1,72
10130531,Thanh Hà Ngư Thiển,24,16,1,-1,1,4,false,1,-1,-1,72
10130532,Thanh Hà Ngư Thiển,24,16,1,-1,1,4,false,1,-1,-1,72
10130533,Thanh Hà Ngư Thiển,24,16,1,-1,1,4,false,1,-1,-1,72
10130534,Thanh Hà Ngư Thiển,24,16,1,-1,1,4,false,1,-1,-1,72
10130535,Thanh Hà Ngư Thiển,24,16,1,-1,1,4,false,1,-1,-1,72
10130536,Thanh Hà Ngư Thiển,24,16,1,-1,1,4,false,1,-1,-1,168
10130537,Thanh Hà Ngư Thiển,24,16,1,-1,1,4,false,1,-1,-1,168
10130538,Thanh Hà Ngư Thiển,24,16,1,-1,1,4,false,1,-1,-1,168
10130539,Thanh Hà Ngư Thiển,24,16,1,-1,1,4,false,1,-1,-1,168
10130540,Thanh Hà Ngư Thiển,24,16,1,-1,1,4,false,1,-1,-1,168
10130541,Thanh Hà Ngư Thiển,24,16,1,-1,1,4,false,1,-1,-1,168
10130542,Thanh Hà Ngư Thiển,24,16,1,-1,1,4,false,1,-1,-1,720
10130543,Thanh Hà Ngư Thiển,24,16,1,-1,1,4,false,1,-1,-1,720
10130544,Thanh Hà Ngư Thiển,24,16,1,-1,1,4,false,1,-1,-1,2160
10130545,Thanh Hà Ngư Thiển,24,16,1,-1,1,4,false,1,-1,-1,-1
10130546,Thanh Hà Ngư Thiển,24,16,1,-1,1,4,false,1,-1,-1,-1
10130547,Viêm Lang Tôn Bào,24,16,1,-1,1,4,false,1,-1,-1,2160
10130548,Viêm Lang Tôn Bào,24,16,1,-1,1,4,false,1,-1,-1,4320
10130549,Viêm Lang Tôn Bào,24,16,1,-1,1,4,false,1,-1,-1,4320
10130550,Viêm Lang Tôn Bào,24,16,1,-1,1,4,false,1,-1,-1,8640
10130551,Viêm Lang Tôn Bào,24,16,1,-1,1,4,false,1,-1,-1,-1
10130552,Hổ Tiếu Hùng Trang,24,16,1,-1,1,4,false,1,-1,-1,-1
10130553,Kiêu Long Bá Khải,24,16,1,-1,1,4,false,1,-1,-1,4320
10130554,Kiêu Long Bá Khải,24,16,1,-1,1,4,false,1,-1,-1,-1
10130555,Kiếm Ảnh Hoa Hinh,24,16,1,-1,1,4,false,1,-1,-1,24
10130556,Kiếm Ảnh Hoa Hinh,24,16,1,-1,1,4,false,1,-1,-1,72
10130557,Kiếm Ảnh Hoa Hinh,24,16,1,-1,1,4,false,1,-1,-1,168
10130558,Kiếm Ảnh Hoa Hinh,24,16,1,-1,1,4,false,1,-1,-1,168
10130559,Kiếm Ảnh Hoa Hinh,24,16,1,-1,1,4,false,1,-1,-1,360
10130560,Kiếm Ảnh Hoa Hinh,24,16,1,-1,1,4,false,1,-1,-1,720
10130561,Kiếm Ảnh Hoa Hinh,24,16,1,-1,1,4,false,1,-1,-1,720
10130562,Kiếm Ảnh Hoa Hinh,24,16,1,-1,1,4,false,1,-1,-1,2160
10130563,Kiếm Ảnh Hoa Hinh,24,16,1,-1,1,4,false,1,-1,-1,-1
10130564,Phi Vũ Du Long,24,16,1,-1,1,4,false,1,-1,-1,168
10130565,Phi Vũ Du Long,24,16,1,-1,1,4,false,1,-1,-1,720
10130566,Phi Vũ Du Long,24,16,1,-1,1,4,false,1,-1,-1,720
10130567,Phi Vũ Du Long,24,16,1,-1,1,4,false,1,-1,-1,2160
10130568,Phi Vũ Du Long,24,16,1,-1,1,4,false,1,-1,-1,-1
10130569,Phiên Điệp Lạc Vũ,24,16,1,-1,1,4,false,1,-1,-1,24
10130570,Phiên Điệp Lạc Vũ,24,16,1,-1,1,4,false,1,-1,-1,24
10130571,Phiên Điệp Lạc Vũ,24,16,1,-1,1,4,false,1,-1,-1,72
10130572,Phiên Điệp Lạc Vũ,24,16,1,-1,1,4,false,1,-1,-1,72
10130573,Phiên Điệp Lạc Vũ,24,16,1,-1,1,4,false,1,-1,-1,72
10130574,Phiên Điệp Lạc Vũ,24,16,1,-1,1,4,false,1,-1,-1,72
10130575,Phiên Điệp Lạc Vũ,24,16,1,-1,1,4,false,1,-1,-1,168
10130576,Phiên Điệp Lạc Vũ,24,16,1,-1,1,4,false,1,-1,-1,168
10130577,Phiên Điệp Lạc Vũ,24,16,1,-1,1,4,false,1,-1,-1,720
10130578,Phiên Điệp Lạc Vũ,24,16,1,-1,1,4,false,1,-1,-1,720
10130579,Phiên Điệp Lạc Vũ,24,16,1,-1,1,4,false,1,-1,-1,2160
10130580,Phiên Điệp Lạc Vũ,24,16,1,-1,1,4,false,1,-1,-1,-1
10130581,Phiên Điệp Lạc Vũ,24,16,1,-1,1,4,false,1,-1,-1,-1
10130582,Thụy Ảnh Tường Phong,24,16,1,-1,1,4,false,1,-1,-1,24
10130583,Thụy Ảnh Tường Phong,24,16,1,-1,1,4,false,1,-1,-1,72
10130584,Thụy Ảnh Tường Phong,24,16,1,-1,1,4,false,1,-1,-1,72
10130585,Thụy Ảnh Tường Phong,24,16,1,-1,1,4,false,1,-1,-1,168
10130586,Thụy Ảnh Tường Phong,24,16,1,-1,1,4,false,1,-1,-1,168
10130587,Thụy Ảnh Tường Phong,24,16,1,-1,1,4,false,1,-1,-1,360
10130588,Thụy Ảnh Tường Phong,24,16,1,-1,1,4,false,1,-1,-1,360
10130589,Thụy Ảnh Tường Phong,24,16,1,-1,1,4,false,1,-1,-1,720
10130590,Thụy Ảnh Tường Phong,24,16,1,-1,1,4,false,1,-1,-1,720
10130591,Thụy Ảnh Tường Phong,24,16,1,-1,1,4,false,1,-1,-1,2160
10130595,Thụy Ảnh Tường Phong,24,16,1,-1,1,4,false,1,-1,-1,2160
10130596,Thụy Ảnh Tường Phong,24,16,1,-1,1,4,false,1,-1,-1,-1
10130597,Kiếm Ảnh Cầm Âm,24,16,1,-1,1,4,false,1,-1,-1,168
10130598,Kiếm Ảnh Cầm Âm,24,16,1,-1,1,4,false,1,-1,-1,168
10130599,Kiếm Ảnh Cầm Âm,24,16,1,-1,1,4,false,1,-1,-1,720
10130600,Kiếm Ảnh Cầm Âm,24,16,1,-1,1,4,false,1,-1,-1,720
10130601,Kiếm Ảnh Cầm Âm,24,16,1,-1,1,4,false,1,-1,-1,2160
10130602,Kiếm Ảnh Cầm Âm,24,16,1,-1,1,4,false,1,-1,-1,-1
10130603,Đường Môn Khinh Trang,24,16,1,11,1,4,false,1,-1,-1,-1
10130604,Dạ Ảnh,24,16,1,11,1,4,false,1,-1,-1,-1
10130605,Hàn Phong,24,16,1,11,1,4,false,1,-1,-1,-1
10130609,Truy Hồn,24,16,1,11,1,4,false,1,-1,-1,-1
10130610,Lưu Vân Miên Trang,24,16,1,-1,1,4,false,1,-1,-1,168
10130611,Lưu Vân Miên Trang,24,16,1,-1,1,4,false,1,-1,-1,168
10130612,Lưu Vân Miên Trang,24,16,1,-1,1,4,false,1,-1,-1,720
10130613,Lưu Vân Miên Trang,24,16,1,-1,1,4,false,1,-1,-1,720
10130614,Lưu Vân Miên Trang,24,16,1,-1,1,4,false,1,-1,-1,2160
10130615,Lưu Vân Miên Trang,24,16,1,-1,1,4,false,1,-1,-1,-1
10130616,Hồng Thiền Cẩm Trang,24,16,1,-1,1,4,false,1,-1,-1,168
10130617,Hồng Thiền Cẩm Trang,24,16,1,-1,1,4,false,1,-1,-1,168
10130618,Hồng Thiền Cẩm Trang,24,16,1,-1,1,4,false,1,-1,-1,720
10130619,Hồng Thiền Cẩm Trang,24,16,1,-1,1,4,false,1,-1,-1,2160
10130620,Hồng Thiền Cẩm Trang,24,16,1,-1,1,4,false,1,-1,-1,-1
10130621,Hồng Thiền Cẩm Trang,24,16,1,-1,1,4,false,1,-1,-1,-1
10130622,Mặc Nhiễm Thanh Phong,24,16,1,-1,1,4,false,1,-1,-1,24
10130623,Mặc Nhiễm Thanh Phong,24,16,1,-1,1,4,false,1,-1,-1,72
10130624,Mặc Nhiễm Thanh Phong,24,16,1,-1,1,4,false,1,-1,-1,168
10130625,Mặc Nhiễm Thanh Phong,24,16,1,-1,1,4,false,1,-1,-1,720
10130626,Mặc Nhiễm Thanh Phong,24,16,1,-1,1,4,false,1,-1,-1,2160
10130627,Mặc Nhiễm Thanh Phong,24,16,1,-1,1,4,false,1,-1,-1,4320
10130628,Mặc Nhiễm Thanh Phong,24,16,1,-1,1,4,false,1,-1,-1,-1
10130629,Mặc Nhiễm Thanh Phong,24,16,1,-1,1,4,false,1,-1,-1,-1
10130630,Ngọc Vũ Thanh Trù,24,16,1,-1,1,4,false,1,-1,-1,24
10130631,Ngọc Vũ Thanh Trù,24,16,1,-1,1,4,false,1,-1,-1,24
10130632,Ngọc Vũ Thanh Trù,24,16,1,-1,1,4,false,1,-1,-1,24
10130633,Ngọc Vũ Thanh Trù,24,16,1,-1,1,4,false,1,-1,-1,24
10130634,Ngọc Vũ Thanh Trù,24,16,1,-1,1,4,false,1,-1,-1,72
10130635,Ngọc Vũ Thanh Trù,24,16,1,-1,1,4,false,1,-1,-1,72
10130636,Ngọc Vũ Thanh Trù,24,16,1,-1,1,4,false,1,-1,-1,72
10130637,Ngọc Vũ Thanh Trù,24,16,1,-1,1,4,false,1,-1,-1,72
10130638,Ngọc Vũ Thanh Trù,24,16,1,-1,1,4,false,1,-1,-1,72
10130639,Ngọc Vũ Thanh Trù,24,16,1,-1,1,4,false,1,-1,-1,168
10130640,Ngọc Vũ Thanh Trù,24,16,1,-1,1,4,false,1,-1,-1,168
10130641,Ngọc Vũ Thanh Trù,24,16,1,-1,1,4,false,1,-1,-1,168
10130642,Ngọc Vũ Thanh Trù,24,16,1,-1,1,4,false,1,-1,-1,360
10130643,Ngọc Vũ Thanh Trù,24,16,1,-1,1,4,false,1,-1,-1,720
10130644,Ngọc Vũ Thanh Trù,24,16,1,-1,1,4,false,1,-1,-1,720
10130645,Ngọc Vũ Thanh Trù,24,16,1,-1,1,4,false,1,-1,-1,720
10130646,Ngọc Vũ Thanh Trù,24,16,1,-1,1,4,false,1,-1,-1,2160
10130647,Ngọc Vũ Thanh Trù,24,16,1,-1,1,4,false,1,-1,-1,-1
10130648,Ngọc Vũ Thanh Trù,24,16,1,-1,1,4,false,1,-1,-1,-1
10130649,Ngọc Vũ Thanh Trù,24,16,1,-1,1,4,false,1,-1,-1,-1
10130650,Ngọc Vũ Thanh Trù,24,16,1,-1,1,4,false,1,-1,-1,-1
10130651,Uất Hương Hinh Phương,24,16,1,-1,1,4,false,1,-1,-1,24
10130652,Uất Hương Hinh Phương,24,16,1,-1,1,4,false,1,-1,-1,24
10130653,Uất Hương Hinh Phương,24,16,1,-1,1,4,false,1,-1,-1,24
10130654,Uất Hương Hinh Phương,24,16,1,-1,1,4,false,1,-1,-1,72
10130655,Uất Hương Hinh Phương,24,16,1,-1,1,4,false,1,-1,-1,72
10130656,Uất Hương Hinh Phương,24,16,1,-1,1,4,false,1,-1,-1,72
10130657,Uất Hương Hinh Phương,24,16,1,-1,1,4,false,1,-1,-1,72
10130658,Uất Hương Hinh Phương,24,16,1,-1,1,4,false,1,-1,-1,72
10130659,Uất Hương Hinh Phương,24,16,1,-1,1,4,false,1,-1,-1,168
10130660,Uất Hương Hinh Phương,24,16,1,-1,1,4,false,1,-1,-1,168
10130661,Uất Hương Hinh Phương,24,16,1,-1,1,4,false,1,-1,-1,168
10130662,Uất Hương Hinh Phương,24,16,1,-1,1,4,false,1,-1,-1,168
10130663,Uất Hương Hinh Phương,24,16,1,-1,1,4,false,1,-1,-1,360
10130664,Uất Hương Hinh Phương,24,16,1,-1,1,4,false,1,-1,-1,720
10130665,Uất Hương Hinh Phương,24,16,1,-1,1,4,false,1,-1,-1,720
10130666,Uất Hương Hinh Phương,24,16,1,-1,1,4,false,1,-1,-1,2160
10130667,Uất Hương Hinh Phương,24,16,1,-1,1,4,false,1,-1,-1,-1
10130668,Kỷ Niệm Offline 2024,24,16,1,-1,1,4,false,1,-1,-1,-1
10130669,Lí Hí Lan Hương,24,16,1,-1,1,4,false,1,-1,-1,168
10130670,Lí Hí Lan Hương,24,16,1,-1,1,4,false,1,-1,-1,720
10130671,Lí Hí Lan Hương,24,16,1,-1,1,4,false,1,-1,-1,720
10130672,Lí Hí Lan Hương,24,16,1,-1,1,4,false,1,-1,-1,2160
10130673,Lí Hí Lan Hương,24,16,1,-1,1,4,false,1,-1,-1,2160
10130674,Lí Hí Lan Hương,24,16,1,-1,1,4,false,1,-1,-1,4320
10130675,Lí Hí Lan Hương,24,16,1,-1,1,4,false,1,-1,-1,-1
10130676,Dục Huyết Hàn Phong,24,16,1,-1,1,4,false,1,-1,-1,168
10130677,Dục Huyết Hàn Phong,24,16,1,-1,1,4,false,1,-1,-1,168
10130678,Dục Huyết Hàn Phong,24,16,1,-1,1,4,false,1,-1,-1,720
10130679,Dục Huyết Hàn Phong,24,16,1,-1,1,4,false,1,-1,-1,720
10130680,Dục Huyết Hàn Phong,24,16,1,-1,1,4,false,1,-1,-1,2160
10130681,Dục Huyết Hàn Phong,24,16,1,-1,1,4,false,1,-1,-1,-1
10130682,Bích Hủy Hàm Phương,24,16,1,-1,1,4,false,1,-1,-1,24
10130683,Bích Hủy Hàm Phương,24,16,1,-1,1,4,false,1,-1,-1,24
10130684,Bích Hủy Hàm Phương,24,16,1,-1,1,4,false,1,-1,-1,72
10130685,Bích Hủy Hàm Phương,24,16,1,-1,1,4,false,1,-1,-1,168
10130686,Bích Hủy Hàm Phương,24,16,1,-1,1,4,false,1,-1,-1,720
10130687,Bích Hủy Hàm Phương,24,16,1,-1,1,4,false,1,-1,-1,2160
10130688,Bích Hủy Hàm Phương,24,16,1,-1,1,4,false,1,-1,-1,4320
10130689,Bích Hủy Hàm Phương,24,16,1,-1,1,4,false,1,-1,-1,-1
10130690,Bích Hủy Hàm Phương,24,16,1,-1,1,4,false,1,-1,-1,-1
10130691,Ngọc Cẩm Kim Sa,24,16,1,-1,1,4,false,1,-1,-1,24
10130692,Ngọc Cẩm Kim Sa,24,16,1,-1,1,4,false,1,-1,-1,72
10130693,Ngọc Cẩm Kim Sa,24,16,1,-1,1,4,false,1,-1,-1,168
10130694,Ngọc Cẩm Kim Sa,24,16,1,-1,1,4,false,1,-1,-1,168
10130695,Ngọc Cẩm Kim Sa,24,16,1,-1,1,4,false,1,-1,-1,720
10130696,Ngọc Cẩm Kim Sa,24,16,1,-1,1,4,false,1,-1,-1,-1
10130697,Mặc Vũ,24,16,1,-1,1,4,false,1,-1,-1,24
10130698,Mặc Vũ,24,16,1,-1,1,4,false,1,-1,-1,24
10130699,Mặc Vũ,24,16,1,-1,1,4,false,1,-1,-1,24
10130700,Mặc Vũ,24,16,1,-1,1,4,false,1,-1,-1,168
10130701,Mặc Vũ,24,16,1,-1,1,4,false,1,-1,-1,168
10130702,Mặc Vũ,24,16,1,-1,1,4,false,1,-1,-1,360
10130703,Mặc Vũ,24,16,1,-1,1,4,false,1,-1,-1,720
10130704,Mặc Vũ,24,16,1,-1,1,4,false,1,-1,-1,720
10130705,Mặc Vũ,24,16,1,-1,1,4,false,1,-1,-1,2160
10130706,Mặc Vũ,24,16,1,-1,1,4,false,1,-1,-1,2160
10130707,Mặc Vũ,24,16,1,-1,1,4,false,1,-1,-1,-1
10130708,Mặc Vũ,24,16,1,-1,1,4,false,1,-1,-1,-1
10130709,Mặc Vũ,24,16,1,-1,1,4,false,1,-1,-1,-1
10130710,Dạ Cẩm Thiên Lan,24,16,1,-1,1,4,false,1,-1,-1,24
10130711,Dạ Cẩm Thiên Lan,24,16,1,-1,1,4,false,1,-1,-1,24
10130712,Dạ Cẩm Thiên Lan,24,16,1,-1,1,4,false,1,-1,-1,72
10130713,Dạ Cẩm Thiên Lan,24,16,1,-1,1,4,false,1,-1,-1,168
10130714,Dạ Cẩm Thiên Lan,24,16,1,-1,1,4,false,1,-1,-1,720
10130715,Dạ Cẩm Thiên Lan,24,16,1,-1,1,4,false,1,-1,-1,2160
10130716,Dạ Cẩm Thiên Lan,24,16,1,-1,1,4,false,1,-1,-1,-1
10130717,Thương Vân Sương Nguyệt,24,16,1,-1,1,4,false,1,-1,-1,168
10130718,Thương Vân Sương Nguyệt,24,16,1,-1,1,4,false,1,-1,-1,720
10130719,Thương Vân Sương Nguyệt,24,16,1,-1,1,4,false,1,-1,-1,720
10130720,Thương Vân Sương Nguyệt,24,16,1,-1,1,4,false,1,-1,-1,2160
10130721,Thương Vân Sương Nguyệt,24,16,1,-1,1,4,false,1,-1,-1,-1
10130722,Tố Vãn Huyền Thường,24,16,1,-1,1,4,false,1,-1,-1,24
10130723,Tố Vãn Huyền Thường,24,16,1,-1,1,4,false,1,-1,-1,24
10130724,Tố Vãn Huyền Thường,24,16,1,-1,1,4,false,1,-1,-1,24
10130725,Tố Vãn Huyền Thường,24,16,1,-1,1,4,false,1,-1,-1,24
10130726,Tố Vãn Huyền Thường,24,16,1,-1,1,4,false,1,-1,-1,24
10130727,Tố Vãn Huyền Thường,24,16,1,-1,1,4,false,1,-1,-1,24
10130728,Tố Vãn Huyền Thường,24,16,1,-1,1,4,false,1,-1,-1,24
10130729,Tố Vãn Huyền Thường,24,16,1,-1,1,4,false,1,-1,-1,24
10130730,Tố Vãn Huyền Thường,24,16,1,-1,1,4,false,1,-1,-1,24
10130731,Tố Vãn Huyền Thường,24,16,1,-1,1,4,false,1,-1,-1,24
10130732,Tố Vãn Huyền Thường,24,16,1,-1,1,4,false,1,-1,-1,72
10130733,Tố Vãn Huyền Thường,24,16,1,-1,1,4,false,1,-1,-1,168
10130734,Tố Vãn Huyền Thường,24,16,1,-1,1,4,false,1,-1,-1,168
10130735,Tố Vãn Huyền Thường,24,16,1,-1,1,4,false,1,-1,-1,168
10130736,Tố Vãn Huyền Thường,24,16,1,-1,1,4,false,1,-1,-1,168
10130737,Tố Vãn Huyền Thường,24,16,1,-1,1,4,false,1,-1,-1,720
10130738,Tố Vãn Huyền Thường,24,16,1,-1,1,4,false,1,-1,-1,720
10130739,Tố Vãn Huyền Thường,24,16,1,-1,1,4,false,1,-1,-1,720
10130740,Tố Vãn Huyền Thường,24,16,1,-1,1,4,false,1,-1,-1,720
10130741,Tố Vãn Huyền Thường,24,16,1,-1,1,4,false,1,-1,-1,720
10130742,Tố Vãn Huyền Thường,24,16,1,-1,1,4,false,1,-1,-1,720
10130743,Tố Vãn Huyền Thường,24,16,1,-1,1,4,false,1,-1,-1,2160
10130744,Tố Vãn Huyền Thường,24,16,1,-1,1,4,false,1,-1,-1,2160
10130745,Tố Vãn Huyền Thường,24,16,1,-1,1,4,false,1,-1,-1,-1
10130746,Tố Vãn Huyền Thường,24,16,1,-1,1,4,false,1,-1,-1,-1
10130747,Tố Vãn Huyền Thường,24,16,1,-1,1,4,false,1,-1,-1,-1
10130748,Tường Vi Mộng,24,16,1,-1,1,4,false,1,-1,-1,24
10130749,Tường Vi Mộng,24,16,1,-1,1,4,false,1,-1,-1,168
10130750,Tường Vi Mộng,24,16,1,-1,1,4,false,1,-1,-1,168
10130751,Tường Vi Mộng,24,16,1,-1,1,4,false,1,-1,-1,720
10130752,Tường Vi Mộng,24,16,1,-1,1,4,false,1,-1,-1,2160
10130753,Tường Vi Mộng,24,16,1,-1,1,4,false,1,-1,-1,-1
10130754,Vân Noãn Phương Hoa,24,16,1,-1,1,4,false,1,-1,-1,24
10130755,Vân Noãn Phương Hoa,24,16,1,-1,1,4,false,1,-1,-1,24
10130756,Vân Noãn Phương Hoa,24,16,1,-1,1,4,false,1,-1,-1,24
10130757,Vân Noãn Phương Hoa,24,16,1,-1,1,4,false,1,-1,-1,24
10130758,Vân Noãn Phương Hoa,24,16,1,-1,1,4,false,1,-1,-1,24
10130759,Vân Noãn Phương Hoa,24,16,1,-1,1,4,false,1,-1,-1,72
10130760,Vân Noãn Phương Hoa,24,16,1,-1,1,4,false,1,-1,-1,72
10130761,Vân Noãn Phương Hoa,24,16,1,-1,1,4,false,1,-1,-1,72
10130762,Vân Noãn Phương Hoa,24,16,1,-1,1,4,false,1,-1,-1,72
10130763,Vân Noãn Phương Hoa,24,16,1,-1,1,4,false,1,-1,-1,72
10130764,Vân Noãn Phương Hoa,24,16,1,-1,1,4,false,1,-1,-1,72
10130765,Vân Noãn Phương Hoa,24,16,1,-1,1,4,false,1,-1,-1,168
10130766,Vân Noãn Phương Hoa,24,16,1,-1,1,4,false,1,-1,-1,168
10130767,Vân Noãn Phương Hoa,24,16,1,-1,1,4,false,1,-1,-1,168
10130768,Vân Noãn Phương Hoa,24,16,1,-1,1,4,false,1,-1,-1,168
10130769,Vân Noãn Phương Hoa,24,16,1,-1,1,4,false,1,-1,-1,168
10130770,Vân Noãn Phương Hoa,24,16,1,-1,1,4,false,1,-1,-1,360
10130771,Vân Noãn Phương Hoa,24,16,1,-1,1,4,false,1,-1,-1,720
10130772,Vân Noãn Phương Hoa,24,16,1,-1,1,4,false,1,-1,-1,720
10130773,Vân Noãn Phương Hoa,24,16,1,-1,1,4,false,1,-1,-1,2160
10130774,Vân Noãn Phương Hoa,24,16,1,-1,1,4,false,1,-1,-1,4320
10130775,Vân Noãn Phương Hoa,24,16,1,-1,1,4,false,1,-1,-1,-1
10130776,Vân Noãn Phương Hoa,24,16,1,-1,1,4,false,1,-1,-1,-1
10130777,Long Phụng Trình Tường,24,16,1,-1,1,4,false,1,-1,-1,72
10130778,Long Phụng Trình Tường,24,16,1,-1,1,4,false,1,-1,-1,720
10130779,Long Phụng Trình Tường,24,16,1,-1,1,4,false,1,-1,-1,-1
10130780,Ngọc Cẩm Hồi Phong,24,16,1,-1,1,4,false,1,-1,-1,2160
10130781,Nghê Thường Vũ Y,24,16,1,-1,1,4,false,1,-1,-1,168
10130782,Nghê Thường Vũ Y,24,16,1,-1,1,4,false,1,-1,-1,360
10130783,Nghê Thường Vũ Y,24,16,1,-1,1,4,false,1,-1,-1,720
10130784,Nghê Thường Vũ Y,24,16,1,-1,1,4,false,1,-1,-1,2160
10130785,Nghê Thường Vũ Y,24,16,1,-1,1,4,false,1,-1,-1,4320
10130786,Nghê Thường Vũ Y,24,16,1,-1,1,4,false,1,-1,-1,-1
10130787,Phi Hồng Cẩm Trang,24,16,1,-1,1,4,false,1,-1,-1,72
10130789,Phi Hồng Cẩm Trang,24,16,1,-1,1,4,false,1,-1,-1,168
10130790,Phi Hồng Cẩm Trang,24,16,1,-1,1,4,false,1,-1,-1,168
10130791,Phi Hồng Cẩm Trang,24,16,1,-1,1,4,false,1,-1,-1,168
10130792,Phi Hồng Cẩm Trang,24,16,1,-1,1,4,false,1,-1,-1,360
10130793,Phi Hồng Cẩm Trang,24,16,1,-1,1,4,false,1,-1,-1,720
10130794,Phi Hồng Cẩm Trang,24,16,1,-1,1,4,false,1,-1,-1,720
10130795,Phi Hồng Cẩm Trang,24,16,1,-1,1,4,false,1,-1,-1,2160
10130796,Phi Hồng Cẩm Trang,24,16,1,-1,1,4,false,1,-1,-1,-1
10130797,Phi Hồng Cẩm Trang,24,16,1,-1,1,4,false,1,-1,-1,-1
10130798,Hoàng Kim Bá Long Giáp,24,16,1,-1,1,4,false,1,-1,-1,168
10130799,Hoàng Kim Bá Long Giáp,24,16,1,-1,1,4,false,1,-1,-1,-1
10130800,Thiên Canh Chiến Giáp,24,16,1,-1,1,4,false,1,-1,-1,168
10130801,Thiên Canh Chiến Giáp,24,16,1,-1,1,4,false,1,-1,-1,-1
10130802,Băng Tâm Như Mộng,24,16,1,-1,1,4,false,1,-1,-1,24
10130803,Băng Tâm Như Mộng,24,16,1,-1,1,4,false,1,-1,-1,24
10130804,Băng Tâm Như Mộng,24,16,1,-1,1,4,false,1,-1,-1,72
10130805,Băng Tâm Như Mộng,24,16,1,-1,1,4,false,1,-1,-1,72
10130806,Băng Tâm Như Mộng,24,16,1,-1,1,4,false,1,-1,-1,168
10130807,Băng Tâm Như Mộng,24,16,1,-1,1,4,false,1,-1,-1,168
10130808,Băng Tâm Như Mộng,24,16,1,-1,1,4,false,1,-1,-1,360
10130809,Băng Tâm Như Mộng,24,16,1,-1,1,4,false,1,-1,-1,720
10130810,Băng Tâm Như Mộng,24,16,1,-1,1,4,false,1,-1,-1,720
10130811,Băng Tâm Như Mộng,24,16,1,-1,1,4,false,1,-1,-1,2160
10130812,Băng Tâm Như Mộng,24,16,1,-1,1,4,false,1,-1,-1,2160
10130813,Băng Tâm Như Mộng,24,16,1,-1,1,4,false,1,-1,-1,4320
10130814,Băng Tâm Như Mộng,24,16,1,-1,1,4,false,1,-1,-1,4320
10130815,Băng Tâm Như Mộng,24,16,1,-1,1,4,false,1,-1,-1,-1
10130816,Băng Tâm Như Mộng,24,16,1,-1,1,4,false,1,-1,-1,-1
10130817,Linh Ô Lộng Vũ,24,16,1,-1,1,4,false,1,-1,-1,24
10130818,Linh Ô Lộng Vũ,24,16,1,-1,1,4,false,1,-1,-1,24
10130819,Linh Ô Lộng Vũ,24,16,1,-1,1,4,false,1,-1,-1,72
10130820,Linh Ô Lộng Vũ,24,16,1,-1,1,4,false,1,-1,-1,72
10130821,Linh Ô Lộng Vũ,24,16,1,-1,1,4,false,1,-1,-1,168
10130822,Linh Ô Lộng Vũ,24,16,1,-1,1,4,false,1,-1,-1,168
10130823,Linh Ô Lộng Vũ,24,16,1,-1,1,4,false,1,-1,-1,720
10130824,Linh Ô Lộng Vũ,24,16,1,-1,1,4,false,1,-1,-1,720
10130825,Linh Ô Lộng Vũ,24,16,1,-1,1,4,false,1,-1,-1,2160
10130826,Linh Ô Lộng Vũ,24,16,1,-1,1,4,false,1,-1,-1,2160
10130827,Linh Ô Lộng Vũ,24,16,1,-1,1,4,false,1,-1,-1,4320
10130828,Linh Ô Lộng Vũ,24,16,1,-1,1,4,false,1,-1,-1,4320
10130829,Linh Ô Lộng Vũ,24,16,1,-1,1,4,false,1,-1,-1,-1
10130830,Linh Ô Lộng Vũ,24,16,1,-1,1,4,false,1,-1,-1,-1
10130831,Nộ Hải Phong Tình,24,16,1,-1,1,4,false,1,-1,-1,24
10130832,Nộ Hải Phong Tình,24,16,1,-1,1,4,false,1,-1,-1,24
10130833,Nộ Hải Phong Tình,24,16,1,-1,1,4,false,1,-1,-1,72
10130834,Nộ Hải Phong Tình,24,16,1,-1,1,4,false,1,-1,-1,72
10130835,Nộ Hải Phong Tình,24,16,1,-1,1,4,false,1,-1,-1,168
10130836,Nộ Hải Phong Tình,24,16,1,-1,1,4,false,1,-1,-1,168
10130837,Nộ Hải Phong Tình,24,16,1,-1,1,4,false,1,-1,-1,720
10130838,Nộ Hải Phong Tình,24,16,1,-1,1,4,false,1,-1,-1,720
10130839,Nộ Hải Phong Tình,24,16,1,-1,1,4,false,1,-1,-1,2160
1013040,Nộ Hải Phong Tình,24,16,1,-1,1,4,false,1,-1,-1,2160
10130841,Nộ Hải Phong Tình,24,16,1,-1,1,4,false,1,-1,-1,4320
10130842,Nộ Hải Phong Tình,24,16,1,-1,1,4,false,1,-1,-1,4320
10130843,Nộ Hải Phong Tình,24,16,1,-1,1,4,false,1,-1,-1,-1
10130844,Nộ Hải Phong Tình,24,16,1,-1,1,4,false,1,-1,-1,-1
10130845,Vân Mộng Tinh Thường,24,16,1,-1,1,4,false,1,-1,-1,24
10130846,Vân Mộng Tinh Thường,24,16,1,-1,1,4,false,1,-1,-1,24
10130847,Vân Mộng Tinh Thường,24,16,1,-1,1,4,false,1,-1,-1,24
10130848,Vân Mộng Tinh Thường,24,16,1,-1,1,4,false,1,-1,-1,24
10130849,Vân Mộng Tinh Thường,24,16,1,-1,1,4,false,1,-1,-1,24
10130850,Vân Mộng Tinh Thường,24,16,1,-1,1,4,false,1,-1,-1,72
10130851,Vân Mộng Tinh Thường,24,16,1,-1,1,4,false,1,-1,-1,72
10130852,Vân Mộng Tinh Thường,24,16,1,-1,1,4,false,1,-1,-1,72
10130853,Vân Mộng Tinh Thường,24,16,1,-1,1,4,false,1,-1,-1,72
10130854,Vân Mộng Tinh Thường,24,16,1,-1,1,4,false,1,-1,-1,72
10130855,Vân Mộng Tinh Thường,24,16,1,-1,1,4,false,1,-1,-1,168
10130856,Vân Mộng Tinh Thường,24,16,1,-1,1,4,false,1,-1,-1,168
10130857,Vân Mộng Tinh Thường,24,16,1,-1,1,4,false,1,-1,-1,168
10130858,Vân Mộng Tinh Thường,24,16,1,-1,1,4,false,1,-1,-1,720
10130859,Vân Mộng Tinh Thường,24,16,1,-1,1,4,false,1,-1,-1,720
10130860,Vân Mộng Tinh Thường,24,16,1,-1,1,4,false,1,-1,-1,2160
10130861,Vân Mộng Tinh Thường,24,16,1,-1,1,4,false,1,-1,-1,2160
10130862,Vân Mộng Tinh Thường,24,16,1,-1,1,4,false,1,-1,-1,4320
10130863,Vân Mộng Tinh Thường,24,16,1,-1,1,4,false,1,-1,-1,4320
10130864,Vân Mộng Tinh Thường,24,16,1,-1,1,4,false,1,-1,-1,-1
10130865,Vân Mộng Tinh Thường,24,16,1,-1,1,4,false,1,-1,-1,-1
10130866,Thiên Thu Trang,24,16,30,-1,1,4,false,1,-1,-1,-1
10130867,Bất Quy Trang,24,16,30,-1,1,4,false,1,-1,-1,24
10130868,Vô Nhai,24,16,30,-1,1,4,false,1,-1,-1,24
10130869,Viêm La,24,16,30,-1,1,4,false,1,-1,-1,-1
10130870,Ngọc Hoàng Trang,24,16,30,-1,1,4,false,1,-1,-1,24
10130871,Phong Hoa Thiên Hương,24,16,1,-1,1,4,false,1,-1,-1,2160
10130872,Phong Hoa Thiên Hương,24,16,1,-1,1,4,false,1,-1,-1,-1
10130873,Nguyệt Ảnh Man Y,24,16,1,-1,1,4,false,1,-1,-1,24
10130874,Nguyệt Ảnh Man Y,24,16,1,-1,1,4,false,1,-1,-1,24
10130875,Nguyệt Ảnh Man Y,24,16,1,-1,1,4,false,1,-1,-1,72
10130876,Nguyệt Ảnh Man Y,24,16,1,-1,1,4,false,1,-1,-1,72
10130877,Nguyệt Ảnh Man Y,24,16,1,-1,1,4,false,1,-1,-1,168
10130878,Nguyệt Ảnh Man Y,24,16,1,-1,1,4,false,1,-1,-1,168
10130879,Nguyệt Ảnh Man Y,24,16,1,-1,1,4,false,1,-1,-1,360
10130880,Nguyệt Ảnh Man Y,24,16,1,-1,1,4,false,1,-1,-1,720
10130881,Nguyệt Ảnh Man Y,24,16,1,-1,1,4,false,1,-1,-1,720
10130882,Nguyệt Ảnh Man Y,24,16,1,-1,1,4,false,1,-1,-1,2160
10130883,Nguyệt Ảnh Man Y,24,16,1,-1,1,4,false,1,-1,-1,2160
10130884,Nguyệt Ảnh Man Y,24,16,1,-1,1,4,false,1,-1,-1,4320
10130885,Nguyệt Ảnh Man Y,24,16,1,-1,1,4,false,1,-1,-1,4320
10130886,Nguyệt Ảnh Man Y,24,16,1,-1,1,4,false,1,-1,-1,-1
10130887,Nguyệt Ảnh Man Y,24,16,1,-1,1,4,false,1,-1,-1,-1
10130888,Bích Mộng Liên Hoa,24,16,1,-1,1,4,false,1,-1,-1,24
10130889,Bích Mộng Liên Hoa,24,16,1,-1,1,4,false,1,-1,-1,24
10130890,Bích Mộng Liên Hoa,24,16,1,-1,1,4,false,1,-1,-1,24
10130891,Bích Mộng Liên Hoa,24,16,1,-1,1,4,false,1,-1,-1,24
10130892,Bích Mộng Liên Hoa,24,16,1,-1,1,4,false,1,-1,-1,24
10130893,Bích Mộng Liên Hoa,24,16,1,-1,1,4,false,1,-1,-1,72
10130894,Bích Mộng Liên Hoa,24,16,1,-1,1,4,false,1,-1,-1,72
10130895,Bích Mộng Liên Hoa,24,16,1,-1,1,4,false,1,-1,-1,72
10130896,Bích Mộng Liên Hoa,24,16,1,-1,1,4,false,1,-1,-1,72
10130897,Bích Mộng Liên Hoa,24,16,1,-1,1,4,false,1,-1,-1,72
10130899,Bích Mộng Liên Hoa,24,16,1,-1,1,4,false,1,-1,-1,168
10130900,Bích Mộng Liên Hoa,24,16,1,-1,1,4,false,1,-1,-1,168
10130901,Bích Mộng Liên Hoa,24,16,1,-1,1,4,false,1,-1,-1,168
10130902,Bích Mộng Liên Hoa,24,16,1,-1,1,4,false,1,-1,-1,168
10130903,Bích Mộng Liên Hoa,24,16,1,-1,1,4,false,1,-1,-1,168
10130904,Bích Mộng Liên Hoa,24,16,1,-1,1,4,false,1,-1,-1,168
10130905,Bích Mộng Liên Hoa,24,16,1,-1,1,4,false,1,-1,-1,168
10130906,Bích Mộng Liên Hoa,24,16,1,-1,1,4,false,1,-1,-1,168
10130907,Bích Mộng Liên Hoa,24,16,1,-1,1,4,false,1,-1,-1,168
10130908,Bích Mộng Liên Hoa,24,16,1,-1,1,4,false,1,-1,-1,360
10130909,Bích Mộng Liên Hoa,24,16,1,-1,1,4,false,1,-1,-1,360
10130910,Bích Mộng Liên Hoa,24,16,1,-1,1,4,false,1,-1,-1,720
10130911,Bích Mộng Liên Hoa,24,16,1,-1,1,4,false,1,-1,-1,168
10130912,Bích Mộng Liên Hoa,24,16,1,-1,1,4,false,1,-1,-1,720
10130913,Bích Mộng Liên Hoa,24,16,1,-1,1,4,false,1,-1,-1,720
10130914,Bích Mộng Liên Hoa,24,16,1,-1,1,4,false,1,-1,-1,2160
10130915,Bích Mộng Liên Hoa,24,16,1,-1,1,4,false,1,-1,-1,2160
10130916,Bích Mộng Liên Hoa,24,16,1,-1,1,4,false,1,-1,-1,2160
10130917,Bích Mộng Liên Hoa,24,16,1,-1,1,4,false,1,-1,-1,4320
10130918,Bích Mộng Liên Hoa,24,16,1,-1,1,4,false,1,-1,-1,4320
10130919,Bích Mộng Liên Hoa,24,16,1,-1,1,4,false,1,-1,-1,-1
10130920,Bích Mộng Liên Hoa,24,16,1,-1,1,4,false,1,-1,-1,-1
10130921,Điệp Vũ Lưu Phương,24,16,1,-1,1,4,false,1,-1,-1,24
10130922,Điệp Vũ Lưu Phương,24,16,1,-1,1,4,false,1,-1,-1,24
10130923,Điệp Vũ Lưu Phương,24,16,1,-1,1,4,false,1,-1,-1,24
10130924,Điệp Vũ Lưu Phương,24,16,1,-1,1,4,false,1,-1,-1,24
10130925,Điệp Vũ Lưu Phương,24,16,1,-1,1,4,false,1,-1,-1,24
10130926,Điệp Vũ Lưu Phương,24,16,1,-1,1,4,false,1,-1,-1,72
10130927,Điệp Vũ Lưu Phương,24,16,1,-1,1,4,false,1,-1,-1,72
10130928,Điệp Vũ Lưu Phương,24,16,1,-1,1,4,false,1,-1,-1,72
10130929,Điệp Vũ Lưu Phương,24,16,1,-1,1,4,false,1,-1,-1,72
10130930,Điệp Vũ Lưu Phương,24,16,1,-1,1,4,false,1,-1,-1,72
10130931,Điệp Vũ Lưu Phương,24,16,1,-1,1,4,false,1,-1,-1,168
10130932,Điệp Vũ Lưu Phương,24,16,1,-1,1,4,false,1,-1,-1,168
10130933,Điệp Vũ Lưu Phương,24,16,1,-1,1,4,false,1,-1,-1,168
10130934,Điệp Vũ Lưu Phương,24,16,1,-1,1,4,false,1,-1,-1,168
10130935,Điệp Vũ Lưu Phương,24,16,1,-1,1,4,false,1,-1,-1,168
10130936,Điệp Vũ Lưu Phương,24,16,1,-1,1,4,false,1,-1,-1,168
10130937,Điệp Vũ Lưu Phương,24,16,1,-1,1,4,false,1,-1,-1,360
10130938,Điệp Vũ Lưu Phương,24,16,1,-1,1,4,false,1,-1,-1,360
10130939,Điệp Vũ Lưu Phương,24,16,1,-1,1,4,false,1,-1,-1,720
10130940,Điệp Vũ Lưu Phương,24,16,1,-1,1,4,false,1,-1,-1,720
10130941,Điệp Vũ Lưu Phương,24,16,1,-1,1,4,false,1,-1,-1,720
10130942,Điệp Vũ Lưu Phương,24,16,1,-1,1,4,false,1,-1,-1,2160
10130943,Điệp Vũ Lưu Phương,24,16,1,-1,1,4,false,1,-1,-1,2160
10130944,Điệp Vũ Lưu Phương,24,16,1,-1,1,4,false,1,-1,-1,4320
10130945,Điệp Vũ Lưu Phương,24,16,1,-1,1,4,false,1,-1,-1,4320
10130946,Điệp Vũ Lưu Phương,24,16,1,-1,1,4,false,1,-1,-1,-1
10130947,Điệp Vũ Lưu Phương,24,16,1,-1,1,4,false,1,-1,-1,-1
10130948,Sương Tuyết Long Hồn,24,16,1,-1,1,4,false,1,-1,-1,24
10130949,Sương Tuyết Long Hồn,24,16,1,-1,1,4,false,1,-1,-1,24
10130950,Sương Tuyết Long Hồn,24,16,1,-1,1,4,false,1,-1,-1,24
10130951,Sương Tuyết Long Hồn,24,16,1,-1,1,4,false,1,-1,-1,72
10130952,Sương Tuyết Long Hồn,24,16,1,-1,1,4,false,1,-1,-1,72
10130953,Sương Tuyết Long Hồn,24,16,1,-1,1,4,false,1,-1,-1,72
10130954,Sương Tuyết Long Hồn,24,16,1,-1,1,4,false,1,-1,-1,168
10130955,Sương Tuyết Long Hồn,24,16,1,-1,1,4,false,1,-1,-1,168
10130956,Sương Tuyết Long Hồn,24,16,1,-1,1,4,false,1,-1,-1,168
10130957,Sương Tuyết Long Hồn,24,16,1,-1,1,4,false,1,-1,-1,360
10130958,Sương Tuyết Long Hồn,24,16,1,-1,1,4,false,1,-1,-1,720
10130959,Sương Tuyết Long Hồn,24,16,1,-1,1,4,false,1,-1,-1,720
10130960,Sương Tuyết Long Hồn,24,16,1,-1,1,4,false,1,-1,-1,720
10130961,Sương Tuyết Long Hồn,24,16,1,-1,1,4,false,1,-1,-1,2160
10130962,Sương Tuyết Long Hồn,24,16,1,-1,1,4,false,1,-1,-1,2160
10130963,Sương Tuyết Long Hồn,24,16,1,-1,1,4,false,1,-1,-1,4320
10130964,Sương Tuyết Long Hồn,24,16,1,-1,1,4,false,1,-1,-1,4320
10130965,Sương Tuyết Long Hồn,24,16,1,-1,1,4,false,1,-1,-1,-1
10130966,Sương Tuyết Long Hồn,24,16,1,-1,1,4,false,1,-1,-1,-1
10130967,Tinh Ấn,24,16,1,12,1,4,false,1,-1,-1,-1
10130968,Âm Dương,24,16,1,12,1,4,false,1,-1,-1,-1
10130971,Vạn Thánh,24,16,1,12,1,4,false,1,-1,-1,-1
10130972,Vân Tô Mộng Thường,24,16,1,-1,1,4,false,1,-1,-1,24
10130973,Vân Tô Mộng Thường,24,16,1,-1,1,4,false,1,-1,-1,24
10130974,Vân Tô Mộng Thường,24,16,1,-1,1,4,false,1,-1,-1,24
10130975,Vân Tô Mộng Thường,24,16,1,-1,1,4,false,1,-1,-1,24
10130976,Vân Tô Mộng Thường,24,16,1,-1,1,4,false,1,-1,-1,24
10130977,Vân Tô Mộng Thường,24,16,1,-1,1,4,false,1,-1,-1,72
10130978,Vân Tô Mộng Thường,24,16,1,-1,1,4,false,1,-1,-1,72
10130979,Vân Tô Mộng Thường,24,16,1,-1,1,4,false,1,-1,-1,72
10130980,Vân Tô Mộng Thường,24,16,1,-1,1,4,false,1,-1,-1,168
10130981,Vân Tô Mộng Thường,24,16,1,-1,1,4,false,1,-1,-1,168
10130982,Vân Tô Mộng Thường,24,16,1,-1,1,4,false,1,-1,-1,168
10130983,Vân Tô Mộng Thường,24,16,1,-1,1,4,false,1,-1,-1,168
10130984,Vân Tô Mộng Thường,24,16,1,-1,1,4,false,1,-1,-1,168
10130985,Vân Tô Mộng Thường,24,16,1,-1,1,4,false,1,-1,-1,360
10130986,Vân Tô Mộng Thường,24,16,1,-1,1,4,false,1,-1,-1,360
10130987,Vân Tô Mộng Thường,24,16,1,-1,1,4,false,1,-1,-1,720
10130988,Vân Tô Mộng Thường,24,16,1,-1,1,4,false,1,-1,-1,720
10130989,Vân Tô Mộng Thường,24,16,1,-1,1,4,false,1,-1,-1,2160
10130990,Vân Tô Mộng Thường,24,16,1,-1,1,4,false,1,-1,-1,2160
10130991,Vân Tô Mộng Thường,24,16,1,-1,1,4,false,1,-1,-1,4320
10130992,Vân Tô Mộng Thường,24,16,1,-1,1,4,false,1,-1,-1,4320
10130993,Vân Tô Mộng Thường,24,16,1,-1,1,4,false,1,-1,-1,-1
10130994,Vân Tô Mộng Thường,24,16,1,-1,1,4,false,1,-1,-1,-1
10130995,Vân Tô Mộng Thường,24,16,1,-1,1,4,false,1,-1,-1,-1
10130996,Vân Tô Mộng Thường,24,16,1,-1,1,4,false,1,-1,-1,-1
10130997,Túy Mộng Liên Phương,24,16,1,-1,1,4,false,1,-1,-1,24
10130998,Túy Mộng Liên Phương,24,16,1,-1,1,4,false,1,-1,-1,24
10130999,Túy Mộng Liên Phương,24,16,1,-1,1,4,false,1,-1,-1,72
10131000,Túy Mộng Liên Phương,24,16,1,-1,1,4,false,1,-1,-1,72
10131001,Túy Mộng Liên Phương,24,16,1,-1,1,4,false,1,-1,-1,168
10131002,Túy Mộng Liên Phương,24,16,1,-1,1,4,false,1,-1,-1,168
10131003,Túy Mộng Liên Phương,24,16,1,-1,1,4,false,1,-1,-1,360
10131004,Túy Mộng Liên Phương,24,16,1,-1,1,4,false,1,-1,-1,360
10131005,Túy Mộng Liên Phương,24,16,1,-1,1,4,false,1,-1,-1,720
10131006,Túy Mộng Liên Phương,24,16,1,-1,1,4,false,1,-1,-1,720
10131007,Túy Mộng Liên Phương,24,16,1,-1,1,4,false,1,-1,-1,720
10131008,Túy Mộng Liên Phương,24,16,1,-1,1,4,false,1,-1,-1,2160
10131009,Túy Mộng Liên Phương,24,16,1,-1,1,4,false,1,-1,-1,2160
10131010,Túy Mộng Liên Phương,24,16,1,-1,1,4,false,1,-1,-1,4320
10131011,Túy Mộng Liên Phương,24,16,1,-1,1,4,false,1,-1,-1,4320
10131012,Túy Mộng Liên Phương,24,16,1,-1,1,4,false,1,-1,-1,-1
10131013,Túy Mộng Liên Phương,24,16,1,-1,1,4,false,1,-1,-1,-1
10131014,Phỏng-Vạn Thánh,24,16,1,-1,1,4,false,1,-1,-1,168
10131015,Phỏng-Vạn Thánh,24,16,1,-1,1,4,false,1,-1,-1,360
10131016,Quỷ Cốc Tố Bào,24,16,1,12,1,4,false,1,-1,-1,-1
10131017,Thanh Long Túy Vũ,24,16,1,-1,1,4,false,1,-1,-1,72
10131018,Thanh Long Túy Vũ,24,16,1,-1,1,4,false,1,-1,-1,72
10131019,Thanh Long Túy Vũ,24,16,1,-1,1,4,false,1,-1,-1,168
10131020,Thanh Long Túy Vũ,24,16,1,-1,1,4,false,1,-1,-1,168
10131021,Thanh Long Túy Vũ,24,16,1,-1,1,4,false,1,-1,-1,360
10131022,Thanh Long Túy Vũ,24,16,1,-1,1,4,false,1,-1,-1,360
10131023,Thanh Long Túy Vũ,24,16,1,-1,1,4,false,1,-1,-1,720
10131024,Thanh Long Túy Vũ,24,16,1,-1,1,4,false,1,-1,-1,720
10131025,Thanh Long Túy Vũ,24,16,1,-1,1,4,false,1,-1,-1,2160
10131026,Thanh Long Túy Vũ,24,16,1,-1,1,4,false,1,-1,-1,2160
10131027,Thanh Long Túy Vũ,24,16,1,-1,1,4,false,1,-1,-1,4320
10131028,Thanh Long Túy Vũ,24,16,1,-1,1,4,false,1,-1,-1,4320
10131029,Thanh Long Túy Vũ,24,16,1,-1,1,4,false,1,-1,-1,-1
10131030,Thanh Long Túy Vũ,24,16,1,-1,1,4,false,1,-1,-1,-1
10131031,Đan Hà Cẩm Tú,24,16,1,-1,1,4,false,1,-1,-1,24
10131032,Đan Hà Cẩm Tú,24,16,1,-1,1,4,false,1,-1,-1,24
10131033,Đan Hà Cẩm Tú,24,16,1,-1,1,4,false,1,-1,-1,24
10131034,Đan Hà Cẩm Tú,24,16,1,-1,1,4,false,1,-1,-1,24
10131035,Đan Hà Cẩm Tú,24,16,1,-1,1,4,false,1,-1,-1,24
10131036,Đan Hà Cẩm Tú,24,16,1,-1,1,4,false,1,-1,-1,24
10131037,Đan Hà Cẩm Tú,24,16,1,-1,1,4,false,1,-1,-1,24
10131038,Đan Hà Cẩm Tú,24,16,1,-1,1,4,false,1,-1,-1,72
10131039,Đan Hà Cẩm Tú,24,16,1,-1,1,4,false,1,-1,-1,72
10131040,Đan Hà Cẩm Tú,24,16,1,-1,1,4,false,1,-1,-1,168
10131041,Đan Hà Cẩm Tú,24,16,1,-1,1,4,false,1,-1,-1,168
10131042,Đan Hà Cẩm Tú,24,16,1,-1,1,4,false,1,-1,-1,168
10131043,Đan Hà Cẩm Tú,24,16,1,-1,1,4,false,1,-1,-1,360
10131044,Đan Hà Cẩm Tú,24,16,1,-1,1,4,false,1,-1,-1,360
10131045,Đan Hà Cẩm Tú,24,16,1,-1,1,4,false,1,-1,-1,360
10131046,Đan Hà Cẩm Tú,24,16,1,-1,1,4,false,1,-1,-1,360
10131047,Đan Hà Cẩm Tú,24,16,1,-1,1,4,false,1,-1,-1,360
10131048,Đan Hà Cẩm Tú,24,16,1,-1,1,4,false,1,-1,-1,720
10131049,Đan Hà Cẩm Tú,24,16,1,-1,1,4,false,1,-1,-1,720
10131050,Đan Hà Cẩm Tú,24,16,1,-1,1,4,false,1,-1,-1,2160
10131051,Đan Hà Cẩm Tú,24,16,1,-1,1,4,false,1,-1,-1,2160
10131052,Đan Hà Cẩm Tú,24,16,1,-1,1,4,false,1,-1,-1,4320
10131053,Đan Hà Cẩm Tú,24,16,1,-1,1,4,false,1,-1,-1,4320
10131054,Đan Hà Cẩm Tú,24,16,1,-1,1,4,false,1,-1,-1,-1
10131055,Đan Hà Cẩm Tú,24,16,1,-1,1,4,false,1,-1,-1,-1
10131056,Cẩm Tú Du Tiên,24,16,1,-1,1,4,false,1,-1,-1,24
10131057,Cẩm Tú Du Tiên,24,16,1,-1,1,4,false,1,-1,-1,24
10131058,Cẩm Tú Du Tiên,24,16,1,-1,1,4,false,1,-1,-1,72
10131059,Cẩm Tú Du Tiên,24,16,1,-1,1,4,false,1,-1,-1,72
10131060,Cẩm Tú Du Tiên,24,16,1,-1,1,4,false,1,-1,-1,72
10131061,Cẩm Tú Du Tiên,24,16,1,-1,1,4,false,1,-1,-1,72
10131062,Cẩm Tú Du Tiên,24,16,1,-1,1,4,false,1,-1,-1,72
10131063,Cẩm Tú Du Tiên,24,16,1,-1,1,4,false,1,-1,-1,72
10131064,Cẩm Tú Du Tiên,24,16,1,-1,1,4,false,1,-1,-1,168
10131065,Cẩm Tú Du Tiên,24,16,1,-1,1,4,false,1,-1,-1,168
10131066,Cẩm Tú Du Tiên,24,16,1,-1,1,4,false,1,-1,-1,360
10131067,Cẩm Tú Du Tiên,24,16,1,-1,1,4,false,1,-1,-1,360
10131068,Cẩm Tú Du Tiên,24,16,1,-1,1,4,false,1,-1,-1,360
10131069,Cẩm Tú Du Tiên,24,16,1,-1,1,4,false,1,-1,-1,360
10131070,Cẩm Tú Du Tiên,24,16,1,-1,1,4,false,1,-1,-1,360
10131071,Cẩm Tú Du Tiên,24,16,1,-1,1,4,false,1,-1,-1,360
10131072,Cẩm Tú Du Tiên,24,16,1,-1,1,4,false,1,-1,-1,360
10131073,Cẩm Tú Du Tiên,24,16,1,-1,1,4,false,1,-1,-1,360
10131074,Cẩm Tú Du Tiên,24,16,1,-1,1,4,false,1,-1,-1,360
10131075,Cẩm Tú Du Tiên,24,16,1,-1,1,4,false,1,-1,-1,360
10131076,Cẩm Tú Du Tiên,24,16,1,-1,1,4,false,1,-1,-1,360
10131077,Cẩm Tú Du Tiên,24,16,1,-1,1,4,false,1,-1,-1,720
10131078,Cẩm Tú Du Tiên,24,16,1,-1,1,4,false,1,-1,-1,720
10131079,Cẩm Tú Du Tiên,24,16,1,-1,1,4,false,1,-1,-1,720
10131080,Cẩm Tú Du Tiên,24,16,1,-1,1,4,false,1,-1,-1,720
10131081,Cẩm Tú Du Tiên,24,16,1,-1,1,4,false,1,-1,-1,720
10131082,Cẩm Tú Du Tiên,24,16,1,-1,1,4,false,1,-1,-1,2160
10131083,Cẩm Tú Du Tiên,24,16,1,-1,1,4,false,1,-1,-1,2160
10131084,Cẩm Tú Du Tiên,24,16,1,-1,1,4,false,1,-1,-1,2160
10131085,Cẩm Tú Du Tiên,24,16,1,-1,1,4,false,1,-1,-1,4320
10131086,Cẩm Tú Du Tiên,24,16,1,-1,1,4,false,1,-1,-1,4320
10131087,Cẩm Tú Du Tiên,24,16,1,-1,1,4,false,1,-1,-1,-1
10131088,Cẩm Tú Du Tiên,24,16,1,-1,1,4,false,1,-1,-1,-1
10131089,Cẩm Tú Du Tiên,24,16,1,-1,1,4,false,1,-1,-1,-1
10131090,Cẩm Tú Du Tiên,24,16,1,-1,1,4,false,1,-1,-1,-1
10131091,Cẩm Tú Du Tiên,24,16,1,-1,1,4,false,1,-1,-1,-1
10131092,Cẩm Tú Du Tiên,24,16,1,-1,1,4,false,1,-1,-1,-1
10131093,Đồ Tắm Mê Hoặc,24,16,1,-1,1,4,false,1,-1,-1,-1
10131094,Ngân Phi Nhiễm Nguyệt,24,16,1,-1,1,4,false,1,-1,-1,24
10131095,Ngân Phi Nhiễm Nguyệt,24,16,1,-1,1,4,false,1,-1,-1,24
10131096,Ngân Phi Nhiễm Nguyệt,24,16,1,-1,1,4,false,1,-1,-1,72
10131097,Ngân Phi Nhiễm Nguyệt,24,16,1,-1,1,4,false,1,-1,-1,72
10131098,Ngân Phi Nhiễm Nguyệt,24,16,1,-1,1,4,false,1,-1,-1,72
10131099,Ngân Phi Nhiễm Nguyệt,24,16,1,-1,1,4,false,1,-1,-1,168
10131100,Ngân Phi Nhiễm Nguyệt,24,16,1,-1,1,4,false,1,-1,-1,168
10131101,Ngân Phi Nhiễm Nguyệt,24,16,1,-1,1,4,false,1,-1,-1,168
10131102,Ngân Phi Nhiễm Nguyệt,24,16,1,-1,1,4,false,1,-1,-1,360
10131103,Ngân Phi Nhiễm Nguyệt,24,16,1,-1,1,4,false,1,-1,-1,360
10131104,Ngân Phi Nhiễm Nguyệt,24,16,1,-1,1,4,false,1,-1,-1,360
10131105,Ngân Phi Nhiễm Nguyệt,24,16,1,-1,1,4,false,1,-1,-1,720
10131106,Ngân Phi Nhiễm Nguyệt,24,16,1,-1,1,4,false,1,-1,-1,720
10131107,Ngân Phi Nhiễm Nguyệt,24,16,1,-1,1,4,false,1,-1,-1,720
10131108,Ngân Phi Nhiễm Nguyệt,24,16,1,-1,1,4,false,1,-1,-1,720
10131109,Ngân Phi Nhiễm Nguyệt,24,16,1,-1,1,4,false,1,-1,-1,2160
10131110,Ngân Phi Nhiễm Nguyệt,24,16,1,-1,1,4,false,1,-1,-1,2160
10131111,Ngân Phi Nhiễm Nguyệt,24,16,1,-1,1,4,false,1,-1,-1,4320
10131112,Ngân Phi Nhiễm Nguyệt,24,16,1,-1,1,4,false,1,-1,-1,4320
10131113,Ngân Phi Nhiễm Nguyệt,24,16,1,-1,1,4,false,1,-1,-1,-1
10131114,Ngân Phi Nhiễm Nguyệt,24,16,1,-1,1,4,false,1,-1,-1,-1
10131115,Ngân Phi Nhiễm Nguyệt,24,16,1,-1,1,4,false,1,-1,-1,-1
10131116,Cẩm Y Túy Họa,24,16,1,-1,1,4,false,1,-1,-1,-1
10131117,Cẩm Y Túy Họa,24,16,1,-1,1,4,false,1,-1,-1,-1
10131118,Du Cang Ngọc Sắc,24,16,1,-1,1,4,false,1,-1,-1,24
10131119,Du Cang Ngọc Sắc,24,16,1,-1,1,4,false,1,-1,-1,24
10131120,Du Cang Ngọc Sắc,24,16,1,-1,1,4,false,1,-1,-1,72
10131121,Du Cang Ngọc Sắc,24,16,1,-1,1,4,false,1,-1,-1,72
10131122,Du Cang Ngọc Sắc,24,16,1,-1,1,4,false,1,-1,-1,168
10131123,Du Cang Ngọc Sắc,24,16,1,-1,1,4,false,1,-1,-1,168
10131124,Du Cang Ngọc Sắc,24,16,1,-1,1,4,false,1,-1,-1,168
10131125,Du Cang Ngọc Sắc,24,16,1,-1,1,4,false,1,-1,-1,360
10131126,Du Cang Ngọc Sắc,24,16,1,-1,1,4,false,1,-1,-1,360
10131127,Du Cang Ngọc Sắc,24,16,1,-1,1,4,false,1,-1,-1,360
10131128,Du Cang Ngọc Sắc,24,16,1,-1,1,4,false,1,-1,-1,720
10131129,Du Cang Ngọc Sắc,24,16,1,-1,1,4,false,1,-1,-1,720
10131130,Du Cang Ngọc Sắc,24,16,1,-1,1,4,false,1,-1,-1,2160
10131131,Du Cang Ngọc Sắc,24,16,1,-1,1,4,false,1,-1,-1,2160
10131132,Du Cang Ngọc Sắc,24,16,1,-1,1,4,false,1,-1,-1,4320
10131133,Du Cang Ngọc Sắc,24,16,1,-1,1,4,false,1,-1,-1,4320
10131134,Du Cang Ngọc Sắc,24,16,1,-1,1,4,false,1,-1,-1,-1
10131135,Du Cang Ngọc Sắc,24,16,1,-1,1,4,false,1,-1,-1,-1
10131136,Tuyết Chiếu Kim Thành,24,16,1,-1,1,4,false,1,-1,-1,24
10131137,Tuyết Chiếu Kim Thành,24,16,1,-1,1,4,false,1,-1,-1,24
10131138,Tuyết Chiếu Kim Thành,24,16,1,-1,1,4,false,1,-1,-1,72
10131139,Tuyết Chiếu Kim Thành,24,16,1,-1,1,4,false,1,-1,-1,72
10131140,Tuyết Chiếu Kim Thành,24,16,1,-1,1,4,false,1,-1,-1,168
10131141,Tuyết Chiếu Kim Thành,24,16,1,-1,1,4,false,1,-1,-1,168
10131142,Tuyết Chiếu Kim Thành,24,16,1,-1,1,4,false,1,-1,-1,360
10131143,Tuyết Chiếu Kim Thành,24,16,1,-1,1,4,false,1,-1,-1,360
10131144,Tuyết Chiếu Kim Thành,24,16,1,-1,1,4,false,1,-1,-1,720
10131145,Tuyết Chiếu Kim Thành,24,16,1,-1,1,4,false,1,-1,-1,720
10131146,Tuyết Chiếu Kim Thành,24,16,1,-1,1,4,false,1,-1,-1,2160
10131147,Tuyết Chiếu Kim Thành,24,16,1,-1,1,4,false,1,-1,-1,2160
10131148,Tuyết Chiếu Kim Thành,24,16,1,-1,1,4,false,1,-1,-1,4320
10131149,Tuyết Chiếu Kim Thành,24,16,1,-1,1,4,false,1,-1,-1,4320
10131150,Tuyết Chiếu Kim Thành,24,16,1,-1,1,4,false,1,-1,-1,-1
10131151,Tuyết Chiếu Kim Thành,24,16,1,-1,1,4,false,1,-1,-1,-1
10131152,Bích Cảnh Lưu Ly,24,16,1,-1,1,4,false,1,-1,-1,24
10131153,Bích Cảnh Lưu Ly,24,16,1,-1,1,4,false,1,-1,-1,24
10131154,Bích Cảnh Lưu Ly,24,16,1,-1,1,4,false,1,-1,-1,72
10131155,Bích Cảnh Lưu Ly,24,16,1,-1,1,4,false,1,-1,-1,72
10131156,Bích Cảnh Lưu Ly,24,16,1,-1,1,4,false,1,-1,-1,72
10131157,Bích Cảnh Lưu Ly,24,16,1,-1,1,4,false,1,-1,-1,72
10131158,Bích Cảnh Lưu Ly,24,16,1,-1,1,4,false,1,-1,-1,72
10131159,Bích Cảnh Lưu Ly,24,16,1,-1,1,4,false,1,-1,-1,168
10131160,Bích Cảnh Lưu Ly,24,16,1,-1,1,4,false,1,-1,-1,168
10131161,Bích Cảnh Lưu Ly,24,16,1,-1,1,4,false,1,-1,-1,168
10131162,Bích Cảnh Lưu Ly,24,16,1,-1,1,4,false,1,-1,-1,168
10131163,Bích Cảnh Lưu Ly,24,16,1,-1,1,4,false,1,-1,-1,168
10131164,Bích Cảnh Lưu Ly,24,16,1,-1,1,4,false,1,-1,-1,168
10131165,Bích Cảnh Lưu Ly,24,16,1,-1,1,4,false,1,-1,-1,360
10131166,Bích Cảnh Lưu Ly,24,16,1,-1,1,4,false,1,-1,-1,360
10131167,Bích Cảnh Lưu Ly,24,16,1,-1,1,4,false,1,-1,-1,360
10131168,Bích Cảnh Lưu Ly,24,16,1,-1,1,4,false,1,-1,-1,720
10131169,Bích Cảnh Lưu Ly,24,16,1,-1,1,4,false,1,-1,-1,720
10131170,Bích Cảnh Lưu Ly,24,16,1,-1,1,4,false,1,-1,-1,720
10131171,Bích Cảnh Lưu Ly,24,16,1,-1,1,4,false,1,-1,-1,720
10131172,Bích Cảnh Lưu Ly,24,16,1,-1,1,4,false,1,-1,-1,2160
10131173,Bích Cảnh Lưu Ly,24,16,1,-1,1,4,false,1,-1,-1,2160
10131174,Bích Cảnh Lưu Ly,24,16,1,-1,1,4,false,1,-1,-1,4320
10131175,Bích Cảnh Lưu Ly,24,16,1,-1,1,4,false,1,-1,-1,4320
10131176,Bích Cảnh Lưu Ly,24,16,1,-1,1,4,false,1,-1,-1,-1
10131177,Bích Cảnh Lưu Ly,24,16,1,-1,1,4,false,1,-1,-1,-1
10131178,Bích Cảnh Lưu Ly,24,16,1,-1,1,4,false,1,-1,-1,-1
10131179,Phượng Linh Phi Giáp,24,16,1,-1,1,4,false,1,-1,-1,4320
10131180,Phượng Linh Phi Giáp,24,16,1,-1,1,4,false,1,-1,-1,-1
10131181,Phượng Linh Phi Giáp,24,16,1,-1,1,4,false,1,-1,-1,2160
10131182,Ngọc Miên Hàn Xuyên,24,16,1,-1,1,4,false,1,-1,-1,24
10131183,Ngọc Miên Hàn Xuyên,24,16,1,-1,1,4,false,1,-1,-1,24
10131184,Ngọc Miên Hàn Xuyên,24,16,1,-1,1,4,false,1,-1,-1,72
10131185,Ngọc Miên Hàn Xuyên,24,16,1,-1,1,4,false,1,-1,-1,72
10131186,Ngọc Miên Hàn Xuyên,24,16,1,-1,1,4,false,1,-1,-1,72
10131187,Ngọc Miên Hàn Xuyên,24,16,1,-1,1,4,false,1,-1,-1,168
10131188,Ngọc Miên Hàn Xuyên,24,16,1,-1,1,4,false,1,-1,-1,168
10131189,Ngọc Miên Hàn Xuyên,24,16,1,-1,1,4,false,1,-1,-1,168
10131190,Ngọc Miên Hàn Xuyên,24,16,1,-1,1,4,false,1,-1,-1,168
10131191,Ngọc Miên Hàn Xuyên,24,16,1,-1,1,4,false,1,-1,-1,360
10131192,Ngọc Miên Hàn Xuyên,24,16,1,-1,1,4,false,1,-1,-1,360
10131193,Ngọc Miên Hàn Xuyên,24,16,1,-1,1,4,false,1,-1,-1,360
10131194,Ngọc Miên Hàn Xuyên,24,16,1,-1,1,4,false,1,-1,-1,360
10131195,Ngọc Miên Hàn Xuyên,24,16,1,-1,1,4,false,1,-1,-1,720
10131196,Ngọc Miên Hàn Xuyên,24,16,1,-1,1,4,false,1,-1,-1,720
10131197,Ngọc Miên Hàn Xuyên,24,16,1,-1,1,4,false,1,-1,-1,720
10131198,Ngọc Miên Hàn Xuyên,24,16,1,-1,1,4,false,1,-1,-1,720
10131199,Ngọc Miên Hàn Xuyên,24,16,1,-1,1,4,false,1,-1,-1,2160
10131200,Ngọc Miên Hàn Xuyên,24,16,1,-1,1,4,false,1,-1,-1,2160
10131201,Ngọc Miên Hàn Xuyên,24,16,1,-1,1,4,false,1,-1,-1,4320
10131202,Ngọc Miên Hàn Xuyên,24,16,1,-1,1,4,false,1,-1,-1,4320
10131203,Ngọc Miên Hàn Xuyên,24,16,1,-1,1,4,false,1,-1,-1,-1
10131204,Ngọc Miên Hàn Xuyên,24,16,1,-1,1,4,false,1,-1,-1,-1
10131205,Thần Uyên Vân Nhụy,24,16,1,-1,1,4,false,1,-1,-1,24
10131206,Thần Uyên Vân Nhụy,24,16,1,-1,1,4,false,1,-1,-1,24
10131207,Thần Uyên Vân Nhụy,24,16,1,-1,1,4,false,1,-1,-1,72
10131208,Thần Uyên Vân Nhụy,24,16,1,-1,1,4,false,1,-1,-1,72
10131209,Thần Uyên Vân Nhụy,24,16,1,-1,1,4,false,1,-1,-1,168
10131210,Thần Uyên Vân Nhụy,24,16,1,-1,1,4,false,1,-1,-1,360
10131211,Thần Uyên Vân Nhụy,24,16,1,-1,1,4,false,1,-1,-1,720
10131212,Thần Uyên Vân Nhụy,24,16,1,-1,1,4,false,1,-1,-1,720
10131213,Thần Uyên Vân Nhụy,24,16,1,-1,1,4,false,1,-1,-1,2160
10131214,Thần Uyên Vân Nhụy,24,16,1,-1,1,4,false,1,-1,-1,2160
10131215,Thần Uyên Vân Nhụy,24,16,1,-1,1,4,false,1,-1,-1,4320
10131216,Thần Uyên Vân Nhụy,24,16,1,-1,1,4,false,1,-1,-1,4320
10131217,Thần Uyên Vân Nhụy,24,16,1,-1,1,4,false,1,-1,-1,-1
10131218,Thần Uyên Vân Nhụy,24,16,1,-1,1,4,false,1,-1,-1,-1
10131219,Huyền Kim Xán Mặc,24,16,1,-1,1,4,false,1,-1,-1,168
10131220,Huyền Kim Xán Mặc,24,16,1,-1,1,4,false,1,-1,-1,-1
10131221,Vân Mộng Ấn Đô,24,16,1,-1,1,4,false,1,-1,-1,24
10131222,Vân Mộng Ấn Đô,24,16,1,-1,1,4,false,1,-1,-1,24
10131223,Vân Mộng Ấn Đô,24,16,1,-1,1,4,false,1,-1,-1,72
10131224,Vân Mộng Ấn Đô,24,16,1,-1,1,4,false,1,-1,-1,72
10131225,Vân Mộng Ấn Đô,24,16,1,-1,1,4,false,1,-1,-1,72
10131226,Vân Mộng Ấn Đô,24,16,1,-1,1,4,false,1,-1,-1,72
10131227,Vân Mộng Ấn Đô,24,16,1,-1,1,4,false,1,-1,-1,72
10131228,Vân Mộng Ấn Đô,24,16,1,-1,1,4,false,1,-1,-1,72
10131229,Vân Mộng Ấn Đô,24,16,1,-1,1,4,false,1,-1,-1,168
10131230,Vân Mộng Ấn Đô,24,16,1,-1,1,4,false,1,-1,-1,168
10131231,Vân Mộng Ấn Đô,24,16,1,-1,1,4,false,1,-1,-1,168
10131232,Vân Mộng Ấn Đô,24,16,1,-1,1,4,false,1,-1,-1,168
10131233,Vân Mộng Ấn Đô,24,16,1,-1,1,4,false,1,-1,-1,168
10131234,Vân Mộng Ấn Đô,24,16,1,-1,1,4,false,1,-1,-1,360
10131235,Vân Mộng Ấn Đô,24,16,1,-1,1,4,false,1,-1,-1,360
10131236,Vân Mộng Ấn Đô,24,16,1,-1,1,4,false,1,-1,-1,360
10131237,Vân Mộng Ấn Đô,24,16,1,-1,1,4,false,1,-1,-1,360
10131238,Vân Mộng Ấn Đô,24,16,1,-1,1,4,false,1,-1,-1,360
10131239,Vân Mộng Ấn Đô,24,16,1,-1,1,4,false,1,-1,-1,720
10131240,Vân Mộng Ấn Đô,24,16,1,-1,1,4,false,1,-1,-1,720
10131241,Vân Mộng Ấn Đô,24,16,1,-1,1,4,false,1,-1,-1,720
10131242,Vân Mộng Ấn Đô,24,16,1,-1,1,4,false,1,-1,-1,2160
10131243,Vân Mộng Ấn Đô,24,16,1,-1,1,4,false,1,-1,-1,2160
10131244,Vân Mộng Ấn Đô,24,16,1,-1,1,4,false,1,-1,-1,2160
10131245,Vân Mộng Ấn Đô,24,16,1,-1,1,4,false,1,-1,-1,4320
10131246,Vân Mộng Ấn Đô,24,16,1,-1,1,4,false,1,-1,-1,4320
10131247,Vân Mộng Ấn Đô,24,16,1,-1,1,4,false,1,-1,-1,-1
10131248,Vân Mộng Ấn Đô,24,16,1,-1,1,4,false,1,-1,-1,-1
10131249,Vân Mộng Ấn Đô,24,16,1,-1,1,4,false,1,-1,-1,-1
10131250,Vân Mộng Ấn Đô,24,16,1,-1,1,4,false,1,-1,-1,-1
10131251,Long Phụng Dao Tương Ỷ,24,16,1,-1,1,4,false,1,-1,-1,-1
10131252,Long Phụng Dao Tương Ỷ,24,16,1,-1,1,4,false,1,-1,-1,-1
10131253,Long Phụng Dao Tương Ỷ,24,16,1,-1,1,4,false,1,-1,-1,-1
10131254,Đào Hoa Đảo Trường Sam,24,16,1,13,1,4,false,1,-1,-1,-1
10131257,Minh Tâm,24,16,1,13,1,4,false,1,-1,-1,-1
10131259,Lâm Phong,24,16,1,13,1,4,false,1,-1,-1,-1
10131260,Tư Vô Tà,24,16,1,13,1,4,false,1,-1,-1,-1
10131261,Thiên Trường Địa Cửu,24,16,1,-1,1,4,false,1,-1,-1,168
10131262,Thiên Trường Địa Cửu,24,16,1,-1,1,4,false,1,-1,-1,720
10131263,Thiên Trường Địa Cửu,24,16,1,-1,1,4,false,1,-1,-1,-1
10131264,Thiên Trường Địa Cửu,24,16,1,-1,1,4,false,1,-1,-1,-1
10131265,Tích Quân Thanh Ngọc Thường,24,16,1,-1,1,4,false,1,-1,-1,168
10131266,Tích Quân Thanh Ngọc Thường,24,16,1,-1,1,4,false,1,-1,-1,-1
10131267,Tích Quân Thanh Ngọc Thường,24,16,1,-1,1,4,false,1,-1,-1,-1
10131268,Dữ Quân Đồng,24,16,1,-1,1,4,false,1,-1,-1,24
10131269,Dữ Quân Đồng,24,16,1,-1,1,4,false,1,-1,-1,24
10131270,Dữ Quân Đồng,24,16,1,-1,1,4,false,1,-1,-1,72
10131271,Dữ Quân Đồng,24,16,1,-1,1,4,false,1,-1,-1,72
10131272,Dữ Quân Đồng,24,16,1,-1,1,4,false,1,-1,-1,72
10131273,Dữ Quân Đồng,24,16,1,-1,1,4,false,1,-1,-1,72
10131274,Dữ Quân Đồng,24,16,1,-1,1,4,false,1,-1,-1,72
10131275,Dữ Quân Đồng,24,16,1,-1,1,4,false,1,-1,-1,72
10131276,Dữ Quân Đồng,24,16,1,-1,1,4,false,1,-1,-1,168
10131277,Dữ Quân Đồng,24,16,1,-1,1,4,false,1,-1,-1,168
10131278,Dữ Quân Đồng,24,16,1,-1,1,4,false,1,-1,-1,168
10131279,Dữ Quân Đồng,24,16,1,-1,1,4,false,1,-1,-1,168
10131280,Dữ Quân Đồng,24,16,1,-1,1,4,false,1,-1,-1,360
10131281,Dữ Quân Đồng,24,16,1,-1,1,4,false,1,-1,-1,360
10131282,Dữ Quân Đồng,24,16,1,-1,1,4,false,1,-1,-1,360
10131283,Dữ Quân Đồng,24,16,1,-1,1,4,false,1,-1,-1,720
10131284,Dữ Quân Đồng,24,16,1,-1,1,4,false,1,-1,-1,720
10131285,Dữ Quân Đồng,24,16,1,-1,1,4,false,1,-1,-1,720
10131286,Dữ Quân Đồng,24,16,1,-1,1,4,false,1,-1,-1,2160
10131287,Dữ Quân Đồng,24,16,1,-1,1,4,false,1,-1,-1,2160
10131288,Dữ Quân Đồng,24,16,1,-1,1,4,false,1,-1,-1,4320
10131289,Dữ Quân Đồng,24,16,1,-1,1,4,false,1,-1,-1,4320
10131290,Dữ Quân Đồng,24,16,1,-1,1,4,false,1,-1,-1,-1
10131291,Dữ Quân Đồng,24,16,1,-1,1,4,false,1,-1,-1,-1
10131292,Dữ Quân Đồng,24,16,1,-1,1,4,false,1,-1,-1,-1
10131293,Diểu Minh Hề Ký Ám,24,16,1,-1,1,4,false,1,-1,-1,24
10131294,Diểu Minh Hề Ký Ám,24,16,1,-1,1,4,false,1,-1,-1,24
10131295,Diểu Minh Hề Ký Ám,24,16,1,-1,1,4,false,1,-1,-1,72
10131296,Diểu Minh Hề Ký Ám,24,16,1,-1,1,4,false,1,-1,-1,72
10131297,Diểu Minh Hề Ký Ám,24,16,1,-1,1,4,false,1,-1,-1,72
10131298,Diểu Minh Hề Ký Ám,24,16,1,-1,1,4,false,1,-1,-1,72
10131299,Diểu Minh Hề Ký Ám,24,16,1,-1,1,4,false,1,-1,-1,72
10131300,Diểu Minh Hề Ký Ám,24,16,1,-1,1,4,false,1,-1,-1,72
10131301,Diểu Minh Hề Ký Ám,24,16,1,-1,1,4,false,1,-1,-1,168
10131302,Diểu Minh Hề Ký Ám,24,16,1,-1,1,4,false,1,-1,-1,168
10131303,Diểu Minh Hề Ký Ám,24,16,1,-1,1,4,false,1,-1,-1,168
10131304,Diểu Minh Hề Ký Ám,24,16,1,-1,1,4,false,1,-1,-1,360
10131305,Diểu Minh Hề Ký Ám,24,16,1,-1,1,4,false,1,-1,-1,360
10131306,Diểu Minh Hề Ký Ám,24,16,1,-1,1,4,false,1,-1,-1,360
10131307,Diểu Minh Hề Ký Ám,24,16,1,-1,1,4,false,1,-1,-1,720
10131308,Diểu Minh Hề Ký Ám,24,16,1,-1,1,4,false,1,-1,-1,720
10131309,Diểu Minh Hề Ký Ám,24,16,1,-1,1,4,false,1,-1,-1,2160
10131310,Diểu Minh Hề Ký Ám,24,16,1,-1,1,4,false,1,-1,-1,2160
10131311,Diểu Minh Hề Ký Ám,24,16,1,-1,1,4,false,1,-1,-1,4320
10131312,Diểu Minh Hề Ký Ám,24,16,1,-1,1,4,false,1,-1,-1,4320
10131313,Diểu Minh Hề Ký Ám,24,16,1,-1,1,4,false,1,-1,-1,-1
10131314,Diểu Minh Hề Ký Ám,24,16,1,-1,1,4,false,1,-1,-1,-1
10131315,Diểu Minh Hề Ký Ám,24,16,1,-1,1,4,false,1,-1,-1,-1
10131316,Chưa dùng,24,18,1,-1,1,4,false,1,-1,-1,-1
10131317,Huyết Chiến Phong Hoa,24,16,1,-1,1,4,false,1,-1,-1,720
10131318,Huyết Chiến Phong Hoa,24,16,1,-1,1,4,false,1,-1,-1,720
10131319,Huyết Chiến Phong Hoa,24,16,1,-1,1,4,false,1,-1,-1,1440
10131320,Huyết Chiến Phong Hoa,24,16,1,-1,1,4,false,1,-1,-1,-1
10131321,Mộng Hoa Lục,24,16,1,-1,1,4,false,1,-1,-1,-1
10131322,Mộng Hoa Lục,24,16,1,-1,1,4,false,1,-1,-1,-1
10131323,Thụy Hạc Tập,24,16,1,-1,1,4,false,1,-1,-1,24
10131331,Thụy Hạc Tập,24,16,1,-1,1,4,false,1,-1,-1,24
10131332,Thụy Hạc Tập,24,16,1,-1,1,4,false,1,-1,-1,72
10131324,Thụy Hạc Tập,24,16,1,-1,1,4,false,1,-1,-1,72
10131325,Thụy Hạc Tập,24,16,1,-1,1,4,false,1,-1,-1,168
10131333,Thụy Hạc Tập,24,16,1,-1,1,4,false,1,-1,-1,168
10131334,Thụy Hạc Tập,24,16,1,-1,1,4,false,1,-1,-1,360
10131326,Thụy Hạc Tập,24,16,1,-1,1,4,false,1,-1,-1,360
10131327,Thụy Hạc Tập,24,16,1,-1,1,4,false,1,-1,-1,720
10131335,Thụy Hạc Tập,24,16,1,-1,1,4,false,1,-1,-1,720
10131336,Thụy Hạc Tập,24,16,1,-1,1,4,false,1,-1,-1,2160
10131328,Thụy Hạc Tập,24,16,1,-1,1,4,false,1,-1,-1,2160
10131329,Thụy Hạc Tập,24,16,1,-1,1,4,false,1,-1,-1,4320
10131337,Thụy Hạc Tập,24,16,1,-1,1,4,false,1,-1,-1,4320
10131330,Thụy Hạc Tập,24,16,1,-1,1,4,false,1,-1,-1,-1
10131338,Thụy Hạc Tập,24,16,1,-1,1,4,false,1,-1,-1,-1
10131339,Hi Niên Họa Trung Nhân,24,16,1,-1,1,4,false,1,-1,-1,168
10131340,Hi Niên Họa Trung Nhân,24,16,1,-1,1,4,false,1,-1,-1,-1
10131341,Hi Niên Họa Trung Nhân,24,16,1,-1,1,4,false,1,-1,-1,-1
10131342,Thiên Kim Ý,24,16,1,-1,1,4,false,1,-1,-1,2160
10131343,Thiên Kim Ý,24,16,1,-1,1,4,false,1,-1,-1,8640
10131344,Thiên Kim Ý,24,16,1,-1,1,4,false,1,-1,-1,-1
10131345,Cảnh Mừng Thượng Nguyên,24,16,1,-1,1,4,false,1,-1,-1,24
10131346,Cảnh Mừng Thượng Nguyên,24,16,1,-1,1,4,false,1,-1,-1,24
10131347,Cảnh Mừng Thượng Nguyên,24,16,1,-1,1,4,false,1,-1,-1,72
10131348,Cảnh Mừng Thượng Nguyên,24,16,1,-1,1,4,false,1,-1,-1,72
10131349,Cảnh Mừng Thượng Nguyên,24,16,1,-1,1,4,false,1,-1,-1,168
10131350,Cảnh Mừng Thượng Nguyên,24,16,1,-1,1,4,false,1,-1,-1,168
10131351,Cảnh Mừng Thượng Nguyên,24,16,1,-1,1,4,false,1,-1,-1,360
10131352,Cảnh Mừng Thượng Nguyên,24,16,1,-1,1,4,false,1,-1,-1,360
10131353,Cảnh Mừng Thượng Nguyên,24,16,1,-1,1,4,false,1,-1,-1,720
10131354,Cảnh Mừng Thượng Nguyên,24,16,1,-1,1,4,false,1,-1,-1,720
10131355,Cảnh Mừng Thượng Nguyên,24,16,1,-1,1,4,false,1,-1,-1,2160
10131356,Cảnh Mừng Thượng Nguyên,24,16,1,-1,1,4,false,1,-1,-1,2160
10131357,Cảnh Mừng Thượng Nguyên,24,16,1,-1,1,4,false,1,-1,-1,4320
10131358,Cảnh Mừng Thượng Nguyên,24,16,1,-1,1,4,false,1,-1,-1,4320
10131359,Cảnh Mừng Thượng Nguyên,24,16,1,-1,1,4,false,1,-1,-1,-1
10131360,Cảnh Mừng Thượng Nguyên,24,16,1,-1,1,4,false,1,-1,-1,-1
10131361,Thời Trang Tụ Cốt A (Hủy),24,16,1,-1,1,4,false,1,-1,-1,168
10131362,Thời Trang Tụ Cốt B (Hủy),24,16,1,-1,1,4,false,1,-1,-1,168
10131363,Thời Trang Tụ Cốt C (Hủy),24,16,1,-1,1,4,false,1,-1,-1,168
10131364,Thời Trang Tụ Cốt D (Hủy),24,16,1,-1,1,4,false,1,-1,-1,168
10131365,Thời Trang Tụ Cốt A (Hủy),24,16,1,-1,1,4,false,1,-1,-1,-1
10131366,Thời Trang Tụ Cốt B (Hủy),24,16,1,-1,1,4,false,1,-1,-1,-1
10131367,Thời Trang Tụ Cốt C (Hủy),24,16,1,-1,1,4,false,1,-1,-1,-1
10131368,Thời Trang Tụ Cốt D (Hủy),24,16,1,-1,1,4,false,1,-1,-1,-1
10131369,Hồng Lệ Đa,24,16,1,-1,1,4,false,1,-1,-1,168
10131370,Hồng Lệ Đa,24,16,1,-1,1,4,false,1,-1,-1,360
10131371,Hồng Lệ Đa,24,16,1,-1,1,4,false,1,-1,-1,720
10131372,Hồng Lệ Đa,24,16,1,-1,1,4,false,1,-1,-1,1440
10131373,Hồng Lệ Đa,24,16,1,-1,1,4,false,1,-1,-1,2160
10131374,Hồng Lệ Đa,24,16,1,-1,1,4,false,1,-1,-1,4320
10131375,Hồng Lệ Đa,24,16,1,-1,1,4,false,1,-1,-1,-1
10131376,Hồng Lệ Đa,24,16,1,-1,1,4,false,1,-1,-1,-1
10131377,Đằng Hoa Chính Hiểu Tinh,24,16,1,-1,1,4,false,1,-1,-1,24
10131378,Đằng Hoa Chính Hiểu Tinh,24,16,1,-1,1,4,false,1,-1,-1,24
10131379,Đằng Hoa Chính Hiểu Tinh,24,16,1,-1,1,4,false,1,-1,-1,72
10131380,Đằng Hoa Chính Hiểu Tinh,24,16,1,-1,1,4,false,1,-1,-1,72
10131381,Đằng Hoa Chính Hiểu Tinh,24,16,1,-1,1,4,false,1,-1,-1,72
10131382,Đằng Hoa Chính Hiểu Tinh,24,16,1,-1,1,4,false,1,-1,-1,72
10131383,Đằng Hoa Chính Hiểu Tinh,24,16,1,-1,1,4,false,1,-1,-1,72
10131384,Đằng Hoa Chính Hiểu Tinh,24,16,1,-1,1,4,false,1,-1,-1,72
10131385,Đằng Hoa Chính Hiểu Tinh,24,16,1,-1,1,4,false,1,-1,-1,168
10131386,Đằng Hoa Chính Hiểu Tinh,24,16,1,-1,1,4,false,1,-1,-1,168
10131387,Đằng Hoa Chính Hiểu Tinh,24,16,1,-1,1,4,false,1,-1,-1,168
10131388,Đằng Hoa Chính Hiểu Tinh,24,16,1,-1,1,4,false,1,-1,-1,360
10131389,Đằng Hoa Chính Hiểu Tinh,24,16,1,-1,1,4,false,1,-1,-1,360
10131390,Đằng Hoa Chính Hiểu Tinh,24,16,1,-1,1,4,false,1,-1,-1,360
10131391,Đằng Hoa Chính Hiểu Tinh,24,16,1,-1,1,4,false,1,-1,-1,360
10131392,Đằng Hoa Chính Hiểu Tinh,24,16,1,-1,1,4,false,1,-1,-1,720
10131393,Đằng Hoa Chính Hiểu Tinh,24,16,1,-1,1,4,false,1,-1,-1,720
10131394,Đằng Hoa Chính Hiểu Tinh,24,16,1,-1,1,4,false,1,-1,-1,720
10131395,Đằng Hoa Chính Hiểu Tinh,24,16,1,-1,1,4,false,1,-1,-1,720
10131396,Đằng Hoa Chính Hiểu Tinh,24,16,1,-1,1,4,false,1,-1,-1,2160
10131397,Đằng Hoa Chính Hiểu Tinh,24,16,1,-1,1,4,false,1,-1,-1,2160
10131398,Đằng Hoa Chính Hiểu Tinh,24,16,1,-1,1,4,false,1,-1,-1,4320
10131399,Đằng Hoa Chính Hiểu Tinh,24,16,1,-1,1,4,false,1,-1,-1,4320
10131400,Đằng Hoa Chính Hiểu Tinh,24,16,1,-1,1,4,false,1,-1,-1,-1
10131401,Đằng Hoa Chính Hiểu Tinh,24,16,1,-1,1,4,false,1,-1,-1,-1
10131402,Tiếu Hồng Trần,24,16,1,-1,1,4,false,1,-1,-1,-1
10131403,Thiệp Giang Phù Dung,24,16,1,4,1,4,false,1,-1,-1,-1
10131404,Thiệp Giang Phù Dung,24,16,1,4,1,4,false,1,-1,-1,-1
10131405,Đạo Thị Vô Tình,24,16,1,3,1,4,false,1,-1,-1,-1
10131406,Đạo Thị Vô Tình,24,16,1,3,1,4,false,1,-1,-1,-1
10131407,Dao Dạ Nhân Gian,24,16,1,11,1,4,false,1,-1,-1,-1
10131408,Dao Dạ Nhân Gian,24,16,1,11,1,4,false,1,-1,-1,-1
10131409,Quân Chấn Thiên Khuyết,24,16,1,6,1,4,false,1,-1,-1,-1
10131410,Quân Chấn Thiên Khuyết,24,16,1,6,1,4,false,1,-1,-1,-1
10131411,Linh Mộc Phật Lâu,24,16,1,0,1,4,false,1,-1,-1,-1
10131412,Linh Mộc Phật Lâu,24,16,1,0,1,4,false,1,-1,-1,-1
10131413,Xích Phần Bi Khổ,24,16,1,1,1,4,false,1,-1,-1,-1
10131414,Xích Phần Bi Khổ,24,16,1,1,1,4,false,1,-1,-1,-1
10131415,Kinh Cúc Nhập Tâm,24,16,1,7,1,4,false,1,-1,-1,-1
10131416,Kinh Cúc Nhập Tâm,24,16,1,7,1,4,false,1,-1,-1,-1
10131417,Hiệp Cốt Thiên Trường,24,16,1,2,1,4,false,1,-1,-1,-1
10131418,Hiệp Cốt Thiên Trường,24,16,1,2,1,4,false,1,-1,-1,-1
10131419,Khởi Nguyệt Lê Mông,24,16,1,5,1,4,false,1,-1,-1,-1
10131420,Khởi Nguyệt Lê Mông,24,16,1,5,1,4,false,1,-1,-1,-1
10131421,Sơn Mạt Vi Vân,24,16,1,8,1,4,false,1,-1,-1,-1
10131422,Sơn Mạt Vi Vân,24,16,1,8,1,4,false,1,-1,-1,-1
10131423,Hồ Tinh Lam Tướng,24,16,1,10,1,4,false,1,-1,-1,-1
10131424,Hồ Tinh Lam Tướng,24,16,1,10,1,4,false,1,-1,-1,-1
10131425,Tinh Trầm Liệt Dã,24,16,1,12,1,4,false,1,-1,-1,-1
10131426,Tinh Trầm Liệt Dã,24,16,1,12,1,4,false,1,-1,-1,-1
10131427,Duy Mộng Nhàn Nhân,24,16,1,13,1,4,false,1,-1,-1,-1
10131428,Duy Mộng Nhàn Nhân,24,16,1,13,1,4,false,1,-1,-1,-1
10131429,Đề Kỵ Chiếu Ngọc,24,16,1,-1,1,4,false,1,-1,-1,-1
10131430,Đề Kỵ Chiếu Ngọc,24,16,1,-1,1,4,false,1,-1,-1,-1
10131431,Đề Kỵ Chiếu Ngọc,24,16,1,-1,1,4,false,1,-1,-1,-1
10131432,Đề Kỵ Chiếu Ngọc,24,16,1,-1,1,4,false,1,-1,-1,-1
10131433,Hàn Cung Tiêu Mộng,24,16,1,-1,1,4,false,1,-1,-1,24
10131434,Hàn Cung Tiêu Mộng,24,16,1,-1,1,4,false,1,-1,-1,24
10131435,Hàn Cung Tiêu Mộng,24,16,1,-1,1,4,false,1,-1,-1,72
10131436,Hàn Cung Tiêu Mộng,24,16,1,-1,1,4,false,1,-1,-1,72
10131437,Hàn Cung Tiêu Mộng,24,16,1,-1,1,4,false,1,-1,-1,168
10131438,Hàn Cung Tiêu Mộng,24,16,1,-1,1,4,false,1,-1,-1,168
10131439,Hàn Cung Tiêu Mộng,24,16,1,-1,1,4,false,1,-1,-1,360
10131440,Hàn Cung Tiêu Mộng,24,16,1,-1,1,4,false,1,-1,-1,360
10131441,Hàn Cung Tiêu Mộng,24,16,1,-1,1,4,false,1,-1,-1,720
10131442,Hàn Cung Tiêu Mộng,24,16,1,-1,1,4,false,1,-1,-1,720
10131443,Hàn Cung Tiêu Mộng,24,16,1,-1,1,4,false,1,-1,-1,2160
10131444,Hàn Cung Tiêu Mộng,24,16,1,-1,1,4,false,1,-1,-1,2160
10131445,Hàn Cung Tiêu Mộng,24,16,1,-1,1,4,false,1,-1,-1,4320
10131446,Hàn Cung Tiêu Mộng,24,16,1,-1,1,4,false,1,-1,-1,4320
10131447,Hàn Cung Tiêu Mộng,24,16,1,-1,1,4,false,1,-1,-1,-1
10131448,Hàn Cung Tiêu Mộng,24,16,1,-1,1,4,false,1,-1,-1,-1
10131449,Vũ Y Hà Phiên Thiên,24,16,1,-1,1,4,false,1,-1,-1,24
10131450,Vũ Y Hà Phiên Thiên,24,16,1,-1,1,4,false,1,-1,-1,24
10131451,Vũ Y Hà Phiên Thiên,24,16,1,-1,1,4,false,1,-1,-1,72
10131452,Vũ Y Hà Phiên Thiên,24,16,1,-1,1,4,false,1,-1,-1,72
10131453,Vũ Y Hà Phiên Thiên,24,16,1,-1,1,4,false,1,-1,-1,168
10131454,Vũ Y Hà Phiên Thiên,24,16,1,-1,1,4,false,1,-1,-1,168
10131455,Vũ Y Hà Phiên Thiên,24,16,1,-1,1,4,false,1,-1,-1,360
10131456,Vũ Y Hà Phiên Thiên,24,16,1,-1,1,4,false,1,-1,-1,360
10131457,Vũ Y Hà Phiên Thiên,24,16,1,-1,1,4,false,1,-1,-1,720
10131458,Vũ Y Hà Phiên Thiên,24,16,1,-1,1,4,false,1,-1,-1,720
10131459,Vũ Y Hà Phiên Thiên,24,16,1,-1,1,4,false,1,-1,-1,2160
10131460,Vũ Y Hà Phiên Thiên,24,16,1,-1,1,4,false,1,-1,-1,2160
10131461,Vũ Y Hà Phiên Thiên,24,16,1,-1,1,4,false,1,-1,-1,4320
10131462,Vũ Y Hà Phiên Thiên,24,16,1,-1,1,4,false,1,-1,-1,4320
10131463,Vũ Y Hà Phiên Thiên,24,16,1,-1,1,4,false,1,-1,-1,-1
10131464,Vũ Y Hà Phiên Thiên,24,16,1,-1,1,4,false,1,-1,-1,-1
10131465,Phong Lộ Nồng,24,16,1,-1,1,4,false,1,-1,-1,-1
10131466,Phong Lộ Nồng,24,16,1,-1,1,4,false,1,-1,-1,-1
10131467,Mạc Cao Phi Thiên Vũ,24,16,1,-1,1,4,false,1,-1,-1,-1
10131468,Mạc Cao Phi Thiên Vũ,24,16,1,-1,1,4,false,1,-1,-1,-1
10131469,Khuynh Quốc Lưỡng Tương Hoan,24,16,1,-1,1,4,false,1,-1,-1,24
10131470,Khuynh Quốc Lưỡng Tương Hoan,24,16,1,-1,1,4,false,1,-1,-1,24
10131471,Khuynh Quốc Lưỡng Tương Hoan,24,16,1,-1,1,4,false,1,-1,-1,72
10131472,Khuynh Quốc Lưỡng Tương Hoan,24,16,1,-1,1,4,false,1,-1,-1,72
10131473,Khuynh Quốc Lưỡng Tương Hoan,24,16,1,-1,1,4,false,1,-1,-1,168
10131474,Khuynh Quốc Lưỡng Tương Hoan,24,16,1,-1,1,4,false,1,-1,-1,168
10131475,Khuynh Quốc Lưỡng Tương Hoan,24,16,1,-1,1,4,false,1,-1,-1,168
10131476,Khuynh Quốc Lưỡng Tương Hoan,24,16,1,-1,1,4,false,1,-1,-1,360
10131477,Khuynh Quốc Lưỡng Tương Hoan,24,16,1,-1,1,4,false,1,-1,-1,360
10131478,Khuynh Quốc Lưỡng Tương Hoan,24,16,1,-1,1,4,false,1,-1,-1,720
10131479,Khuynh Quốc Lưỡng Tương Hoan,24,16,1,-1,1,4,false,1,-1,-1,720
10131480,Khuynh Quốc Lưỡng Tương Hoan,24,16,1,-1,1,4,false,1,-1,-1,720
10131481,Khuynh Quốc Lưỡng Tương Hoan,24,16,1,-1,1,4,false,1,-1,-1,2160
10131482,Khuynh Quốc Lưỡng Tương Hoan,24,16,1,-1,1,4,false,1,-1,-1,2160
10131483,Khuynh Quốc Lưỡng Tương Hoan,24,16,1,-1,1,4,false,1,-1,-1,4320
10131484,Khuynh Quốc Lưỡng Tương Hoan,24,16,1,-1,1,4,false,1,-1,-1,4320
10131485,Khuynh Quốc Lưỡng Tương Hoan,24,16,1,-1,1,4,false,1,-1,-1,-1
10131486,Khuynh Quốc Lưỡng Tương Hoan,24,16,1,-1,1,4,false,1,-1,-1,-1
10131487,Khuynh Quốc Lưỡng Tương Hoan,24,16,1,-1,1,4,false,1,-1,-1,-1
10131488,Khuynh Quốc Lưỡng Tương Hoan,24,16,1,-1,1,4,false,1,-1,-1,-1
10131489,Khuynh Quốc Lưỡng Tương Hoan,24,16,1,-1,1,4,false,1,-1,-1,-1
10131490,Khuynh Quốc Lưỡng Tương Hoan,24,16,1,-1,1,4,false,1,-1,-1,-1
10131491,Thương Minh Đại Ảnh,24,16,1,-1,1,4,false,1,-1,-1,24
10131492,Thương Minh Đại Ảnh,24,16,1,-1,1,4,false,1,-1,-1,24
10131493,Thương Minh Đại Ảnh,24,16,1,-1,1,4,false,1,-1,-1,72
10131494,Thương Minh Đại Ảnh,24,16,1,-1,1,4,false,1,-1,-1,72
10131495,Thương Minh Đại Ảnh,24,16,1,-1,1,4,false,1,-1,-1,168
10131496,Thương Minh Đại Ảnh,24,16,1,-1,1,4,false,1,-1,-1,168
10131497,Thương Minh Đại Ảnh,24,16,1,-1,1,4,false,1,-1,-1,360
10131497,Thương Minh Đại Ảnh,24,16,1,-1,1,4,false,1,-1,-1,360
10131498,Thương Minh Đại Ảnh,24,16,1,-1,1,4,false,1,-1,-1,720
10131499,Thương Minh Đại Ảnh,24,16,1,-1,1,4,false,1,-1,-1,720
10131500,Thương Minh Đại Ảnh,24,16,1,-1,1,4,false,1,-1,-1,2160
10131501,Thương Minh Đại Ảnh,24,16,1,-1,1,4,false,1,-1,-1,2160
10131502,Thương Minh Đại Ảnh,24,16,1,-1,1,4,false,1,-1,-1,4320
10131503,Thương Minh Đại Ảnh,24,16,1,-1,1,4,false,1,-1,-1,4320
10131504,Thương Minh Đại Ảnh,24,16,1,-1,1,4,false,1,-1,-1,-1
10131505,Thương Minh Đại Ảnh,24,16,1,-1,1,4,false,1,-1,-1,-1
10131506,Thương Minh Đại Ảnh,24,16,1,-1,1,4,false,1,-1,-1,-1
10131507,Cẩm La Bán Tiễn,24,16,1,-1,1,4,false,1,-1,-1,24
10131508,Cẩm La Bán Tiễn,24,16,1,-1,1,4,false,1,-1,-1,24
10131509,Cẩm La Bán Tiễn,24,16,1,-1,1,4,false,1,-1,-1,72
10131510,Cẩm La Bán Tiễn,24,16,1,-1,1,4,false,1,-1,-1,72
10131511,Cẩm La Bán Tiễn,24,16,1,-1,1,4,false,1,-1,-1,168
10131512,Cẩm La Bán Tiễn,24,16,1,-1,1,4,false,1,-1,-1,168
10131513,Cẩm La Bán Tiễn,24,16,1,-1,1,4,false,1,-1,-1,360
10131514,Cẩm La Bán Tiễn,24,16,1,-1,1,4,false,1,-1,-1,360
10131515,Cẩm La Bán Tiễn,24,16,1,-1,1,4,false,1,-1,-1,720
10131516,Cẩm La Bán Tiễn,24,16,1,-1,1,4,false,1,-1,-1,720
10131517,Cẩm La Bán Tiễn,24,16,1,-1,1,4,false,1,-1,-1,2160
10131518,Cẩm La Bán Tiễn,24,16,1,-1,1,4,false,1,-1,-1,2160
10131519,Cẩm La Bán Tiễn,24,16,1,-1,1,4,false,1,-1,-1,4320
10131520,Cẩm La Bán Tiễn,24,16,1,-1,1,4,false,1,-1,-1,4320
10131521,Cẩm La Bán Tiễn,24,16,1,-1,1,4,false,1,-1,-1,-1
10131521,Cẩm La Bán Tiễn,24,16,1,-1,1,4,false,1,-1,-1,-1
10131522,Vân Hồng Kim Lạc,24,16,1,-1,1,4,false,1,-1,-1,24
10131523,Vân Hồng Kim Lạc,24,16,1,-1,1,4,false,1,-1,-1,24
10131524,Vân Hồng Kim Lạc,24,16,1,-1,1,4,false,1,-1,-1,72
10131525,Vân Hồng Kim Lạc,24,16,1,-1,1,4,false,1,-1,-1,72
10131526,Vân Hồng Kim Lạc,24,16,1,-1,1,4,false,1,-1,-1,168
10131527,Vân Hồng Kim Lạc,24,16,1,-1,1,4,false,1,-1,-1,168
10131528,Vân Hồng Kim Lạc,24,16,1,-1,1,4,false,1,-1,-1,168
10131529,Vân Hồng Kim Lạc,24,16,1,-1,1,4,false,1,-1,-1,360
10131530,Vân Hồng Kim Lạc,24,16,1,-1,1,4,false,1,-1,-1,360
10131531,Vân Hồng Kim Lạc,24,16,1,-1,1,4,false,1,-1,-1,720
10131532,Vân Hồng Kim Lạc,24,16,1,-1,1,4,false,1,-1,-1,720
10131533,Vân Hồng Kim Lạc,24,16,1,-1,1,4,false,1,-1,-1,720
10131534,Vân Hồng Kim Lạc,24,16,1,-1,1,4,false,1,-1,-1,2160
10131535,Vân Hồng Kim Lạc,24,16,1,-1,1,4,false,1,-1,-1,2160
10131536,Vân Hồng Kim Lạc,24,16,1,-1,1,4,false,1,-1,-1,4320
10131537,Vân Hồng Kim Lạc,24,16,1,-1,1,4,false,1,-1,-1,4320
10131538,Vân Hồng Kim Lạc,24,16,1,-1,1,4,false,1,-1,-1,-1
10131539,Vân Hồng Kim Lạc,24,16,1,-1,1,4,false,1,-1,-1,-1
10131540,Li Băng Tiên Tiêu,24,16,1,-1,1,4,false,1,-1,-1,24
10131541,Li Băng Tiên Tiêu,24,16,1,-1,1,4,false,1,-1,-1,24
10131542,Li Băng Tiên Tiêu,24,16,1,-1,1,4,false,1,-1,-1,72
10131543,Li Băng Tiên Tiêu,24,16,1,-1,1,4,false,1,-1,-1,72
10131544,Li Băng Tiên Tiêu,24,16,1,-1,1,4,false,1,-1,-1,168
10131545,Li Băng Tiên Tiêu,24,16,1,-1,1,4,false,1,-1,-1,168
10131546,Li Băng Tiên Tiêu,24,16,1,-1,1,4,false,1,-1,-1,360
10131547,Li Băng Tiên Tiêu,24,16,1,-1,1,4,false,1,-1,-1,360
10131548,Li Băng Tiên Tiêu,24,16,1,-1,1,4,false,1,-1,-1,720
10131549,Li Băng Tiên Tiêu,24,16,1,-1,1,4,false,1,-1,-1,720
10131550,Li Băng Tiên Tiêu,24,16,1,-1,1,4,false,1,-1,-1,2160
10131551,Li Băng Tiên Tiêu,24,16,1,-1,1,4,false,1,-1,-1,2160
10131552,Li Băng Tiên Tiêu,24,16,1,-1,1,4,false,1,-1,-1,4320
10131553,Li Băng Tiên Tiêu,24,16,1,-1,1,4,false,1,-1,-1,4320
10131554,Li Băng Tiên Tiêu,24,16,1,-1,1,4,false,1,-1,-1,-1
10131555,Li Băng Tiên Tiêu,24,16,1,-1,1,4,false,1,-1,-1,-1
10131556,Thiên Lý Giang Sơn,24,16,1,-1,1,4,false,1,-1,-1,24
10131557,Thiên Lý Giang Sơn,24,16,1,-1,1,4,false,1,-1,-1,24
10131558,Thiên Lý Giang Sơn,24,16,1,-1,1,4,false,1,-1,-1,72
10131559,Thiên Lý Giang Sơn,24,16,1,-1,1,4,false,1,-1,-1,72
10131560,Thiên Lý Giang Sơn,24,16,1,-1,1,4,false,1,-1,-1,168
10131561,Thiên Lý Giang Sơn,24,16,1,-1,1,4,false,1,-1,-1,168
10131562,Thiên Lý Giang Sơn,24,16,1,-1,1,4,false,1,-1,-1,360
10131563,Thiên Lý Giang Sơn,24,16,1,-1,1,4,false,1,-1,-1,360
10131564,Thiên Lý Giang Sơn,24,16,1,-1,1,4,false,1,-1,-1,720
10131565,Thiên Lý Giang Sơn,24,16,1,-1,1,4,false,1,-1,-1,720
10131566,Thiên Lý Giang Sơn,24,16,1,-1,1,4,false,1,-1,-1,2160
10131567,Thiên Lý Giang Sơn,24,16,1,-1,1,4,false,1,-1,-1,2160
10131568,Thiên Lý Giang Sơn,24,16,1,-1,1,4,false,1,-1,-1,4320
10131569,Thiên Lý Giang Sơn,24,16,1,-1,1,4,false,1,-1,-1,4320
10131570,Thiên Lý Giang Sơn,24,16,1,-1,1,4,false,1,-1,-1,-1
10131571,Thiên Lý Giang Sơn,24,16,1,-1,1,4,false,1,-1,-1,-1
10131572,Mịch Thiều Hoa,24,16,1,-1,1,4,false,1,-1,-1,24
10131573,Mịch Thiều Hoa,24,16,1,-1,1,4,false,1,-1,-1,24
10131574,Mịch Thiều Hoa,24,16,1,-1,1,4,false,1,-1,-1,72
10131575,Mịch Thiều Hoa,24,16,1,-1,1,4,false,1,-1,-1,72
10131576,Mịch Thiều Hoa,24,16,1,-1,1,4,false,1,-1,-1,168
10131577,Mịch Thiều Hoa,24,16,1,-1,1,4,false,1,-1,-1,168
10131578,Mịch Thiều Hoa,24,16,1,-1,1,4,false,1,-1,-1,360
10131579,Mịch Thiều Hoa,24,16,1,-1,1,4,false,1,-1,-1,360
10131580,Mịch Thiều Hoa,24,16,1,-1,1,4,false,1,-1,-1,360
10131581,Mịch Thiều Hoa,24,16,1,-1,1,4,false,1,-1,-1,720
10131582,Mịch Thiều Hoa,24,16,1,-1,1,4,false,1,-1,-1,720
10131583,Mịch Thiều Hoa,24,16,1,-1,1,4,false,1,-1,-1,2160
10131584,Mịch Thiều Hoa,24,16,1,-1,1,4,false,1,-1,-1,2160
10131585,Mịch Thiều Hoa,24,16,1,-1,1,4,false,1,-1,-1,4320
10131586,Mịch Thiều Hoa,24,16,1,-1,1,4,false,1,-1,-1,4320
10131587,Mịch Thiều Hoa,24,16,1,-1,1,4,false,1,-1,-1,-1
10131588,Mịch Thiều Hoa,24,16,1,-1,1,4,false,1,-1,-1,-1
10131589,Mịch Thiều Hoa,24,16,1,-1,1,4,false,1,-1,-1,-1
10131590,Ức Tiên Tư,24,16,1,-1,1,4,false,1,-1,-1,24
10131591,Ức Tiên Tư,24,16,1,-1,1,4,false,1,-1,-1,24
10131592,Ức Tiên Tư,24,16,1,-1,1,4,false,1,-1,-1,72
10131593,Ức Tiên Tư,24,16,1,-1,1,4,false,1,-1,-1,72
10131594,Ức Tiên Tư,24,16,1,-1,1,4,false,1,-1,-1,168
10131595,Ức Tiên Tư,24,16,1,-1,1,4,false,1,-1,-1,168
10131596,Ức Tiên Tư,24,16,1,-1,1,4,false,1,-1,-1,360
10131597,Ức Tiên Tư,24,16,1,-1,1,4,false,1,-1,-1,360
10131598,Ức Tiên Tư,24,16,1,-1,1,4,false,1,-1,-1,720
10131599,Ức Tiên Tư,24,16,1,-1,1,4,false,1,-1,-1,720
10131600,Ức Tiên Tư,24,16,1,-1,1,4,false,1,-1,-1,2160
10131601,Ức Tiên Tư,24,16,1,-1,1,4,false,1,-1,-1,2160
10131602,Ức Tiên Tư,24,16,1,-1,1,4,false,1,-1,-1,4320
10131603,Ức Tiên Tư,24,16,1,-1,1,4,false,1,-1,-1,4320
10131604,Ức Tiên Tư,24,16,1,-1,1,4,false,1,-1,-1,-1
10131605,Ức Tiên Tư,24,16,1,-1,1,4,false,1,-1,-1,-1
10131606,Hồng Hy Chiếu Xuân Phúc,24,16,1,-1,1,4,false,1,-1,-1,24
10131607,Hồng Hy Chiếu Xuân Phúc,24,16,1,-1,1,4,false,1,-1,-1,24
10131608,Hồng Hy Chiếu Xuân Phúc,24,16,1,-1,1,4,false,1,-1,-1,72
10131609,Hồng Hy Chiếu Xuân Phúc,24,16,1,-1,1,4,false,1,-1,-1,72
10131610,Hồng Hy Chiếu Xuân Phúc,24,16,1,-1,1,4,false,1,-1,-1,168
10131611,Hồng Hy Chiếu Xuân Phúc,24,16,1,-1,1,4,false,1,-1,-1,168
10131612,Hồng Hy Chiếu Xuân Phúc,24,16,1,-1,1,4,false,1,-1,-1,360
10131613,Hồng Hy Chiếu Xuân Phúc,24,16,1,-1,1,4,false,1,-1,-1,360
10131614,Hồng Hy Chiếu Xuân Phúc,24,16,1,-1,1,4,false,1,-1,-1,720
10131615,Hồng Hy Chiếu Xuân Phúc,24,16,1,-1,1,4,false,1,-1,-1,720
10131616,Hồng Hy Chiếu Xuân Phúc,24,16,1,-1,1,4,false,1,-1,-1,2160
10131617,Hồng Hy Chiếu Xuân Phúc,24,16,1,-1,1,4,false,1,-1,-1,2160
10131618,Hồng Hy Chiếu Xuân Phúc,24,16,1,-1,1,4,false,1,-1,-1,4320
10131619,Hồng Hy Chiếu Xuân Phúc,24,16,1,-1,1,4,false,1,-1,-1,4320
10131620,Hồng Hy Chiếu Xuân Phúc,24,16,1,-1,1,4,false,1,-1,-1,-1
10131621,Hồng Hy Chiếu Xuân Phúc,24,16,1,-1,1,4,false,1,-1,-1,-1
10131622,Thương Long Ngự Cửu Châu,24,16,1,-1,1,4,false,1,-1,-1,24
10131623,Thương Long Ngự Cửu Châu,24,16,1,-1,1,4,false,1,-1,-1,24
10131624,Thương Long Ngự Cửu Châu,24,16,1,-1,1,4,false,1,-1,-1,72
10131625,Thương Long Ngự Cửu Châu,24,16,1,-1,1,4,false,1,-1,-1,72
10131626,Thương Long Ngự Cửu Châu,24,16,1,-1,1,4,false,1,-1,-1,168
10131627,Thương Long Ngự Cửu Châu,24,16,1,-1,1,4,false,1,-1,-1,168
10131628,Thương Long Ngự Cửu Châu,24,16,1,-1,1,4,false,1,-1,-1,360
10131629,Thương Long Ngự Cửu Châu,24,16,1,-1,1,4,false,1,-1,-1,360
10131630,Thương Long Ngự Cửu Châu,24,16,1,-1,1,4,false,1,-1,-1,720
10131631,Thương Long Ngự Cửu Châu,24,16,1,-1,1,4,false,1,-1,-1,720
10131632,Thương Long Ngự Cửu Châu,24,16,1,-1,1,4,false,1,-1,-1,2160
10131633,Thương Long Ngự Cửu Châu,24,16,1,-1,1,4,false,1,-1,-1,2160
10131634,Thương Long Ngự Cửu Châu,24,16,1,-1,1,4,false,1,-1,-1,4320
10131635,Thương Long Ngự Cửu Châu,24,16,1,-1,1,4,false,1,-1,-1,4320
10131636,Thương Long Ngự Cửu Châu,24,16,1,-1,1,4,false,1,-1,-1,-1
10131637,Thương Long Ngự Cửu Châu,24,16,1,-1,1,4,false,1,-1,-1,-1
10131638,Dạ Vũ Thú Thần Quan,24,16,1,-1,1,4,false,1,-1,-1,24
10131639,Dạ Vũ Thú Thần Quan,24,16,1,-1,1,4,false,1,-1,-1,24
10131640,Dạ Vũ Thú Thần Quan,24,16,1,-1,1,4,false,1,-1,-1,72
10131641,Dạ Vũ Thú Thần Quan,24,16,1,-1,1,4,false,1,-1,-1,72
10131642,Dạ Vũ Thú Thần Quan,24,16,1,-1,1,4,false,1,-1,-1,168
10131643,Dạ Vũ Thú Thần Quan,24,16,1,-1,1,4,false,1,-1,-1,168
10131644,Dạ Vũ Thú Thần Quan,24,16,1,-1,1,4,false,1,-1,-1,360
10131645,Dạ Vũ Thú Thần Quan,24,16,1,-1,1,4,false,1,-1,-1,360
10131646,Dạ Vũ Thú Thần Quan,24,16,1,-1,1,4,false,1,-1,-1,720
10131647,Dạ Vũ Thú Thần Quan,24,16,1,-1,1,4,false,1,-1,-1,720
10131648,Dạ Vũ Thú Thần Quan,24,16,1,-1,1,4,false,1,-1,-1,2160
10131649,Dạ Vũ Thú Thần Quan,24,16,1,-1,1,4,false,1,-1,-1,2160
10131650,Dạ Vũ Thú Thần Quan,24,16,1,-1,1,4,false,1,-1,-1,4320
10131651,Dạ Vũ Thú Thần Quan,24,16,1,-1,1,4,false,1,-1,-1,4320
10131652,Dạ Vũ Thú Thần Quan,24,16,1,-1,1,4,false,1,-1,-1,-1
10131653,Dạ Vũ Thú Thần Quan,24,16,1,-1,1,4,false,1,-1,-1,-1
10131654,Đào Hoa Túy,24,16,1,-1,1,4,false,1,-1,-1,24
10131655,Đào Hoa Túy,24,16,1,-1,1,4,false,1,-1,-1,24
10131656,Đào Hoa Túy,24,16,1,-1,1,4,false,1,-1,-1,72
10131657,Đào Hoa Túy,24,16,1,-1,1,4,false,1,-1,-1,72
10131658,Đào Hoa Túy,24,16,1,-1,1,4,false,1,-1,-1,168
10131659,Đào Hoa Túy,24,16,1,-1,1,4,false,1,-1,-1,168
10131660,Đào Hoa Túy,24,16,1,-1,1,4,false,1,-1,-1,360
10131661,Đào Hoa Túy,24,16,1,-1,1,4,false,1,-1,-1,360
10131662,Đào Hoa Túy,24,16,1,-1,1,4,false,1,-1,-1,720
10131663,Đào Hoa Túy,24,16,1,-1,1,4,false,1,-1,-1,720
10131664,Đào Hoa Túy,24,16,1,-1,1,4,false,1,-1,-1,2160
10131665,Đào Hoa Túy,24,16,1,-1,1,4,false,1,-1,-1,2160
10131666,Đào Hoa Túy,24,16,1,-1,1,4,false,1,-1,-1,4320
10131667,Đào Hoa Túy,24,16,1,-1,1,4,false,1,-1,-1,4320
10131668,Đào Hoa Túy,24,16,1,-1,1,4,false,1,-1,-1,-1
10131669,Đào Hoa Túy,24,16,1,-1,1,4,false,1,-1,-1,-1
10131670,U Lan Huân Phong,24,16,1,-1,1,4,false,1,-1,-1,24
10131671,U Lan Huân Phong,24,16,1,-1,1,4,false,1,-1,-1,24
10131672,U Lan Huân Phong,24,16,1,-1,1,4,false,1,-1,-1,72
10131673,U Lan Huân Phong,24,16,1,-1,1,4,false,1,-1,-1,72
10131674,U Lan Huân Phong,24,16,1,-1,1,4,false,1,-1,-1,168
10131675,U Lan Huân Phong,24,16,1,-1,1,4,false,1,-1,-1,168
10131676,U Lan Huân Phong,24,16,1,-1,1,4,false,1,-1,-1,360
10131677,U Lan Huân Phong,24,16,1,-1,1,4,false,1,-1,-1,360
10131678,U Lan Huân Phong,24,16,1,-1,1,4,false,1,-1,-1,720
10131679,U Lan Huân Phong,24,16,1,-1,1,4,false,1,-1,-1,2160
10131680,U Lan Huân Phong,24,16,1,-1,1,4,false,1,-1,-1,2160
10131681,U Lan Huân Phong,24,16,1,-1,1,4,false,1,-1,-1,4320
10131682,U Lan Huân Phong,24,16,1,-1,1,4,false,1,-1,-1,4320
10131683,U Lan Huân Phong,24,16,1,-1,1,4,false,1,-1,-1,-1
10131684,U Lan Huân Phong,24,16,1,-1,1,4,false,1,-1,-1,-1
10131685,U Lan Huân Phong,24,16,1,-1,1,4,false,1,-1,-1,720
10131686,U Lan Huân Phong,24,16,1,-1,1,4,false,1,-1,-1,-1
10131687,Tiên Dược Lâm Trung Ẩm,24,16,1,-1,1,4,false,1,-1,-1,24
10131688,Tiên Dược Lâm Trung Ẩm,24,16,1,-1,1,4,false,1,-1,-1,24
10131689,Tiên Dược Lâm Trung Ẩm,24,16,1,-1,1,4,false,1,-1,-1,72
10131690,Tiên Dược Lâm Trung Ẩm,24,16,1,-1,1,4,false,1,-1,-1,72
10131691,Tiên Dược Lâm Trung Ẩm,24,16,1,-1,1,4,false,1,-1,-1,168
10131692,Tiên Dược Lâm Trung Ẩm,24,16,1,-1,1,4,false,1,-1,-1,168
10131693,Tiên Dược Lâm Trung Ẩm,24,16,1,-1,1,4,false,1,-1,-1,360
10131694,Tiên Dược Lâm Trung Ẩm,24,16,1,-1,1,4,false,1,-1,-1,360
10131695,Tiên Dược Lâm Trung Ẩm,24,16,1,-1,1,4,false,1,-1,-1,720
10131696,Tiên Dược Lâm Trung Ẩm,24,16,1,-1,1,4,false,1,-1,-1,720
10131697,Tiên Dược Lâm Trung Ẩm,24,16,1,-1,1,4,false,1,-1,-1,2160
10131698,Tiên Dược Lâm Trung Ẩm,24,16,1,-1,1,4,false,1,-1,-1,2160
10131699,Tiên Dược Lâm Trung Ẩm,24,16,1,-1,1,4,false,1,-1,-1,4320
10131700,Tiên Dược Lâm Trung Ẩm,24,16,1,-1,1,4,false,1,-1,-1,4320
10131701,Tiên Dược Lâm Trung Ẩm,24,16,1,-1,1,4,false,1,-1,-1,-1
10131702,Tiên Dược Lâm Trung Ẩm,24,16,1,-1,1,4,false,1,-1,-1,-1
10131703,Thiển Khấu Hí Đinh Linh,24,16,1,-1,1,4,false,1,-1,-1,24
10131704,Thiển Khấu Hí Đinh Linh,24,16,1,-1,1,4,false,1,-1,-1,24
10131705,Thiển Khấu Hí Đinh Linh,24,16,1,-1,1,4,false,1,-1,-1,72
10131706,Thiển Khấu Hí Đinh Linh,24,16,1,-1,1,4,false,1,-1,-1,72
10131707,Thiển Khấu Hí Đinh Linh,24,16,1,-1,1,4,false,1,-1,-1,168
10131708,Thiển Khấu Hí Đinh Linh,24,16,1,-1,1,4,false,1,-1,-1,168
10131709,Thiển Khấu Hí Đinh Linh,24,16,1,-1,1,4,false,1,-1,-1,360
10131710,Thiển Khấu Hí Đinh Linh,24,16,1,-1,1,4,false,1,-1,-1,360
10131711,Thiển Khấu Hí Đinh Linh,24,16,1,-1,1,4,false,1,-1,-1,720
10131712,Thiển Khấu Hí Đinh Linh,24,16,1,-1,1,4,false,1,-1,-1,720
10131713,Thiển Khấu Hí Đinh Linh,24,16,1,-1,1,4,false,1,-1,-1,2160
10131714,Thiển Khấu Hí Đinh Linh,24,16,1,-1,1,4,false,1,-1,-1,2160
10131715,Thiển Khấu Hí Đinh Linh,24,16,1,-1,1,4,false,1,-1,-1,4320
10131716,Thiển Khấu Hí Đinh Linh,24,16,1,-1,1,4,false,1,-1,-1,4320
10131717,Thiển Khấu Hí Đinh Linh,24,16,1,-1,1,4,false,1,-1,-1,-1
10131718,Thiển Khấu Hí Đinh Linh,24,16,1,-1,1,4,false,1,-1,-1,-1
10131719,Phù Hương Ảnh,24,16,1,-1,1,4,false,1,-1,-1,24
10131720,Phù Hương Ảnh,24,16,1,-1,1,4,false,1,-1,-1,24
10131721,Phù Hương Ảnh,24,16,1,-1,1,4,false,1,-1,-1,72
10131722,Phù Hương Ảnh,24,16,1,-1,1,4,false,1,-1,-1,72
10131723,Phù Hương Ảnh,24,16,1,-1,1,4,false,1,-1,-1,168
10131724,Phù Hương Ảnh,24,16,1,-1,1,4,false,1,-1,-1,168
10131725,Phù Hương Ảnh,24,16,1,-1,1,4,false,1,-1,-1,360
10131726,Phù Hương Ảnh,24,16,1,-1,1,4,false,1,-1,-1,360
10131727,Phù Hương Ảnh,24,16,1,-1,1,4,false,1,-1,-1,720
10131728,Phù Hương Ảnh,24,16,1,-1,1,4,false,1,-1,-1,720
10131729,Phù Hương Ảnh,24,16,1,-1,1,4,false,1,-1,-1,2160
10131730,Phù Hương Ảnh,24,16,1,-1,1,4,false,1,-1,-1,2160
10131731,Phù Hương Ảnh,24,16,1,-1,1,4,false,1,-1,-1,4320
10131732,Phù Hương Ảnh,24,16,1,-1,1,4,false,1,-1,-1,4320
10131733,Phù Hương Ảnh,24,16,1,-1,1,4,false,1,-1,-1,-1
10131734,Phù Hương Ảnh,24,16,1,-1,1,4,false,1,-1,-1,-1
10131735,Tuyệt Tình Cẩm Y,24,16,1,14,1,4,false,1,-1,-1,-1
10131738,Thê Vũ,24,16,1,14,1,4,false,1,-1,-1,-1
10131739,Ô Linh,24,16,1,14,1,4,false,1,-1,-1,-1
10131741,Phong Lạc,24,16,1,14,1,4,false,1,-1,-1,-1
10131742,Luyện Ảnh Phong Hoa,24,16,1,14,1,4,false,1,-1,-1,-1
10131743,Luyện Ảnh Phong Hoa,24,16,1,14,1,4,false,1,-1,-1,-1
10131744,Tử Nguyệt Trầm Sương,24,16,1,-1,1,4,false,1,-1,-1,24
10131745,Tử Nguyệt Trầm Sương,24,16,1,-1,1,4,false,1,-1,-1,24
10131746,Tử Nguyệt Trầm Sương,24,16,1,-1,1,4,false,1,-1,-1,72
10131747,Tử Nguyệt Trầm Sương,24,16,1,-1,1,4,false,1,-1,-1,72
10131748,Tử Nguyệt Trầm Sương,24,16,1,-1,1,4,false,1,-1,-1,168
10131749,Tử Nguyệt Trầm Sương,24,16,1,-1,1,4,false,1,-1,-1,168
10131750,Tử Nguyệt Trầm Sương,24,16,1,-1,1,4,false,1,-1,-1,360
10131751,Tử Nguyệt Trầm Sương,24,16,1,-1,1,4,false,1,-1,-1,360
10131752,Tử Nguyệt Trầm Sương,24,16,1,-1,1,4,false,1,-1,-1,720
10131753,Tử Nguyệt Trầm Sương,24,16,1,-1,1,4,false,1,-1,-1,720
10131754,Tử Nguyệt Trầm Sương,24,16,1,-1,1,4,false,1,-1,-1,2160
10131755,Tử Nguyệt Trầm Sương,24,16,1,-1,1,4,false,1,-1,-1,2160
10131756,Tử Nguyệt Trầm Sương,24,16,1,-1,1,4,false,1,-1,-1,4320
10131757,Tử Nguyệt Trầm Sương,24,16,1,-1,1,4,false,1,-1,-1,4320
10131758,Tử Nguyệt Trầm Sương,24,16,1,-1,1,4,false,1,-1,-1,-1
10131759,Tử Nguyệt Trầm Sương,24,16,1,-1,1,4,false,1,-1,-1,-1
10131760,Chước Hoa Yêu Nguyệt,24,16,1,-1,1,4,false,1,-1,-1,24
10131761,Chước Hoa Yêu Nguyệt,24,16,1,-1,1,4,false,1,-1,-1,24
10131762,Chước Hoa Yêu Nguyệt,24,16,1,-1,1,4,false,1,-1,-1,72
10131763,Chước Hoa Yêu Nguyệt,24,16,1,-1,1,4,false,1,-1,-1,72
10131764,Chước Hoa Yêu Nguyệt,24,16,1,-1,1,4,false,1,-1,-1,168
10131765,Chước Hoa Yêu Nguyệt,24,16,1,-1,1,4,false,1,-1,-1,168
10131766,Chước Hoa Yêu Nguyệt,24,16,1,-1,1,4,false,1,-1,-1,360
10131767,Chước Hoa Yêu Nguyệt,24,16,1,-1,1,4,false,1,-1,-1,360
10131768,Chước Hoa Yêu Nguyệt,24,16,1,-1,1,4,false,1,-1,-1,720
10131769,Chước Hoa Yêu Nguyệt,24,16,1,-1,1,4,false,1,-1,-1,720
10131770,Chước Hoa Yêu Nguyệt,24,16,1,-1,1,4,false,1,-1,-1,2160
10131771,Chước Hoa Yêu Nguyệt,24,16,1,-1,1,4,false,1,-1,-1,2160
10131772,Chước Hoa Yêu Nguyệt,24,16,1,-1,1,4,false,1,-1,-1,4320
10131773,Chước Hoa Yêu Nguyệt,24,16,1,-1,1,4,false,1,-1,-1,4320
10131774,Chước Hoa Yêu Nguyệt,24,16,1,-1,1,4,false,1,-1,-1,-1
10131775,Chước Hoa Yêu Nguyệt,24,16,1,-1,1,4,false,1,-1,-1,-1
10131776,Hạc Xung Thiên,24,16,1,-1,1,4,false,1,-1,-1,-1
10131777,Hạc Xung Thiên,24,16,1,-1,1,4,false,1,-1,-1,-1
10131778,Hạc Xung Thiên,24,16,1,-1,1,4,false,1,-1,-1,-1
10131779,Hạc Xung Thiên,24,16,1,-1,1,4,false,1,-1,-1,-1
10131780,Minh Triệt Cửu Châu,24,16,1,-1,1,4,false,1,-1,-1,-1
10131781,Minh Triệt Cửu Châu,24,16,1,-1,1,4,false,1,-1,-1,-1
10131782,Minh Triệt Cửu Châu,24,16,1,-1,1,4,false,1,-1,-1,-1
10131783,Minh Triệt Cửu Châu,24,16,1,-1,1,4,false,1,-1,-1,-1
10131784,Giang Các Tịch Chiếu,24,16,1,-1,1,4,false,1,-1,-1,-1
10131785,Giang Các Tịch Chiếu,24,16,1,-1,1,4,false,1,-1,-1,-1
10131786,Thanh Ca Ngâm,24,16,1,-1,1,4,false,1,-1,-1,24
10131787,Thanh Ca Ngâm,24,16,1,-1,1,4,false,1,-1,-1,24
10131788,Thanh Ca Ngâm,24,16,1,-1,1,4,false,1,-1,-1,72
10131789,Thanh Ca Ngâm,24,16,1,-1,1,4,false,1,-1,-1,72
10131790,Thanh Ca Ngâm,24,16,1,-1,1,4,false,1,-1,-1,168
10131791,Thanh Ca Ngâm,24,16,1,-1,1,4,false,1,-1,-1,168
10131792,Thanh Ca Ngâm,24,16,1,-1,1,4,false,1,-1,-1,360
10131793,Thanh Ca Ngâm,24,16,1,-1,1,4,false,1,-1,-1,360
10131794,Thanh Ca Ngâm,24,16,1,-1,1,4,false,1,-1,-1,720
10131795,Thanh Ca Ngâm,24,16,1,-1,1,4,false,1,-1,-1,720
10131796,Thanh Ca Ngâm,24,16,1,-1,1,4,false,1,-1,-1,2160
10131797,Thanh Ca Ngâm,24,16,1,-1,1,4,false,1,-1,-1,2160
10131798,Thanh Ca Ngâm,24,16,1,-1,1,4,false,1,-1,-1,4320
10131799,Thanh Ca Ngâm,24,16,1,-1,1,4,false,1,-1,-1,4320
10131800,Thanh Ca Ngâm,24,16,1,-1,1,4,false,1,-1,-1,-1
10131801,Thanh Ca Ngâm,24,16,1,-1,1,4,false,1,-1,-1,-1
10131817,Dạ Hành,24,16,1,100,1,4,false,1,-1,-1,-1
10131818,Kim Nghê Bao Hỉ,24,16,1,-1,1,4,false,1,-1,-1,24
10131819,Kim Nghê Bao Hỉ,24,16,1,-1,1,4,false,1,-1,-1,24
10131820,Kim Nghê Bao Hỉ,24,16,1,-1,1,4,false,1,-1,-1,72
10131821,Kim Nghê Bao Hỉ,24,16,1,-1,1,4,false,1,-1,-1,72
10131822,Kim Nghê Bao Hỉ,24,16,1,-1,1,4,false,1,-1,-1,168
10131823,Kim Nghê Bao Hỉ,24,16,1,-1,1,4,false,1,-1,-1,168
10131824,Kim Nghê Bao Hỉ,24,16,1,-1,1,4,false,1,-1,-1,360
10131825,Kim Nghê Bao Hỉ,24,16,1,-1,1,4,false,1,-1,-1,360
10131826,Kim Nghê Bao Hỉ,24,16,1,-1,1,4,false,1,-1,-1,720
10131827,Kim Nghê Bao Hỉ,24,16,1,-1,1,4,false,1,-1,-1,720
10131828,Kim Nghê Bao Hỉ,24,16,1,-1,1,4,false,1,-1,-1,2160
10131829,Kim Nghê Bao Hỉ,24,16,1,-1,1,4,false,1,-1,-1,2160
10131830,Kim Nghê Bao Hỉ,24,16,1,-1,1,4,false,1,-1,-1,4320
10131831,Kim Nghê Bao Hỉ,24,16,1,-1,1,4,false,1,-1,-1,4320
10131832,Kim Nghê Bao Hỉ,24,16,1,-1,1,4,false,1,-1,-1,-1
10131833,Kim Nghê Bao Hỉ,24,16,1,-1,1,4,false,1,-1,-1,-1
10131834,Lâm Giang Tiên,24,16,1,-1,1,4,false,1,-1,-1,24
10131835,Lâm Giang Tiên,24,16,1,-1,1,4,false,1,-1,-1,24
10131836,Lâm Giang Tiên,24,16,1,-1,1,4,false,1,-1,-1,72
10131837,Lâm Giang Tiên,24,16,1,-1,1,4,false,1,-1,-1,72
10131838,Lâm Giang Tiên,24,16,1,-1,1,4,false,1,-1,-1,168
10131839,Lâm Giang Tiên,24,16,1,-1,1,4,false,1,-1,-1,168
10131840,Lâm Giang Tiên,24,16,1,-1,1,4,false,1,-1,-1,360
10131841,Lâm Giang Tiên,24,16,1,-1,1,4,false,1,-1,-1,360
10131842,Lâm Giang Tiên,24,16,1,-1,1,4,false,1,-1,-1,720
10131843,Lâm Giang Tiên,24,16,1,-1,1,4,false,1,-1,-1,720
10131844,Lâm Giang Tiên,24,16,1,-1,1,4,false,1,-1,-1,2160
10131845,Lâm Giang Tiên,24,16,1,-1,1,4,false,1,-1,-1,2160
10131846,Lâm Giang Tiên,24,16,1,-1,1,4,false,1,-1,-1,4320
10131847,Lâm Giang Tiên,24,16,1,-1,1,4,false,1,-1,-1,4320
10131848,Lâm Giang Tiên,24,16,1,-1,1,4,false,1,-1,-1,-1
10131849,Lâm Giang Tiên,24,16,1,-1,1,4,false,1,-1,-1,-1
10131850,Hồng Dần,24,16,1,-1,1,4,false,1,-1,-1,24
10131851,Hồng Dần,24,16,1,-1,1,4,false,1,-1,-1,24
10131852,Hồng Dần,24,16,1,-1,1,4,false,1,-1,-1,72
10131853,Hồng Dần,24,16,1,-1,1,4,false,1,-1,-1,72
10131854,Hồng Dần,24,16,1,-1,1,4,false,1,-1,-1,168
10131855,Hồng Dần,24,16,1,-1,1,4,false,1,-1,-1,168
10131856,Hồng Dần,24,16,1,-1,1,4,false,1,-1,-1,360
10131857,Hồng Dần,24,16,1,-1,1,4,false,1,-1,-1,360
10131858,Hồng Dần,24,16,1,-1,1,4,false,1,-1,-1,720
10131859,Hồng Dần,24,16,1,-1,1,4,false,1,-1,-1,720
10131860,Hồng Dần,24,16,1,-1,1,4,false,1,-1,-1,2160
10131861,Hồng Dần,24,16,1,-1,1,4,false,1,-1,-1,2160
10131862,Hồng Dần,24,16,1,-1,1,4,false,1,-1,-1,4320
10131863,Hồng Dần,24,16,1,-1,1,4,false,1,-1,-1,4320
10131864,Hồng Dần,24,16,1,-1,1,4,false,1,-1,-1,-1
10131865,Hồng Dần,24,16,1,-1,1,4,false,1,-1,-1,-1
10131866,Nguyệt Quang Luyến Nhân,24,16,1,-1,1,4,false,1,-1,-1,24
10131867,Nguyệt Quang Luyến Nhân,24,16,1,-1,1,4,false,1,-1,-1,24
10131868,Nguyệt Quang Luyến Nhân,24,16,1,-1,1,4,false,1,-1,-1,24
10131869,Nguyệt Quang Luyến Nhân,24,16,1,-1,1,4,false,1,-1,-1,24
10131870,Nguyệt Quang Luyến Nhân,24,16,1,-1,1,4,false,1,-1,-1,72
10131871,Nguyệt Quang Luyến Nhân,24,16,1,-1,1,4,false,1,-1,-1,72
10131872,Nguyệt Quang Luyến Nhân,24,16,1,-1,1,4,false,1,-1,-1,72
10131873,Nguyệt Quang Luyến Nhân,24,16,1,-1,1,4,false,1,-1,-1,72
10131874,Nguyệt Quang Luyến Nhân,24,16,1,-1,1,4,false,1,-1,-1,168
10131875,Nguyệt Quang Luyến Nhân,24,16,1,-1,1,4,false,1,-1,-1,168
10131876,Nguyệt Quang Luyến Nhân,24,16,1,-1,1,4,false,1,-1,-1,168
10131877,Nguyệt Quang Luyến Nhân,24,16,1,-1,1,4,false,1,-1,-1,168
10131878,Nguyệt Quang Luyến Nhân,24,16,1,-1,1,4,false,1,-1,-1,360
10131879,Nguyệt Quang Luyến Nhân,24,16,1,-1,1,4,false,1,-1,-1,360
10131880,Nguyệt Quang Luyến Nhân,24,16,1,-1,1,4,false,1,-1,-1,360
10131881,Nguyệt Quang Luyến Nhân,24,16,1,-1,1,4,false,1,-1,-1,360
10131882,Nguyệt Quang Luyến Nhân,24,16,1,-1,1,4,false,1,-1,-1,720
10131883,Nguyệt Quang Luyến Nhân,24,16,1,-1,1,4,false,1,-1,-1,720
10131884,Nguyệt Quang Luyến Nhân,24,16,1,-1,1,4,false,1,-1,-1,720
10131885,Nguyệt Quang Luyến Nhân,24,16,1,-1,1,4,false,1,-1,-1,720
10131886,Nguyệt Quang Luyến Nhân,24,16,1,-1,1,4,false,1,-1,-1,1440
10131887,Nguyệt Quang Luyến Nhân,24,16,1,-1,1,4,false,1,-1,-1,2160
10131888,Nguyệt Quang Luyến Nhân,24,16,1,-1,1,4,false,1,-1,-1,2160
10131889,Nguyệt Quang Luyến Nhân,24,16,1,-1,1,4,false,1,-1,-1,2160
10131890,Nguyệt Quang Luyến Nhân,24,16,1,-1,1,4,false,1,-1,-1,4320
10131891,Nguyệt Quang Luyến Nhân,24,16,1,-1,1,4,false,1,-1,-1,4320
10131892,Nguyệt Quang Luyến Nhân,24,16,1,-1,1,4,false,1,-1,-1,4320
10131893,Nguyệt Quang Luyến Nhân,24,16,1,-1,1,4,false,1,-1,-1,-1
10131894,Nguyệt Quang Luyến Nhân,24,16,1,-1,1,4,false,1,-1,-1,-1
10131895,Nguyệt Quang Luyến Nhân,24,16,1,-1,1,4,false,1,-1,-1,-1
10131896,Nguyệt Quang Luyến Nhân,24,16,1,-1,1,4,false,1,-1,-1,-1
10136671,Nghê Thường Hoa Vũ,24,16,1,-1,1,4,false,1,-1,-1,24
10136672,Nghê Thường Hoa Vũ,24,16,1,-1,1,4,false,1,-1,-1,72
10136673,Nghê Thường Hoa Vũ,24,16,1,-1,1,4,false,1,-1,-1,168
10136674,Nghê Thường Hoa Vũ,24,16,1,-1,1,4,false,1,-1,-1,360
10136675,Nghê Thường Hoa Vũ,24,16,1,-1,1,4,false,1,-1,-1,720
10136676,Nghê Thường Hoa Vũ,24,16,1,-1,1,4,false,1,-1,-1,2160
10136677,Nghê Thường Hoa Vũ,24,16,1,-1,1,4,false,1,-1,-1,4320
10136678,Nghê Thường Hoa Vũ,24,16,1,-1,1,4,false,1,-1,-1,-1
10136679,Nghê Thường Hoa Vũ,24,16,1,-1,1,4,false,1,-1,-1,24
10136680,Nghê Thường Hoa Vũ,24,16,1,-1,1,4,false,1,-1,-1,72
10136681,Nghê Thường Hoa Vũ,24,16,1,-1,1,4,false,1,-1,-1,168
10136682,Nghê Thường Hoa Vũ,24,16,1,-1,1,4,false,1,-1,-1,360
10136683,Nghê Thường Hoa Vũ,24,16,1,-1,1,4,false,1,-1,-1,720
10136684,Nghê Thường Hoa Vũ,24,16,1,-1,1,4,false,1,-1,-1,2160
10136685,Nghê Thường Hoa Vũ,24,16,1,-1,1,4,false,1,-1,-1,4320
10136686,Nghê Thường Hoa Vũ,24,16,1,-1,1,4,false,1,-1,-1,-1
10136687,Hoa Tuý Vân Thường,24,16,1,-1,1,4,false,1,-1,-1,24
10136688,Hoa Tuý Vân Thường,24,16,1,-1,1,4,false,1,-1,-1,72
10136689,Hoa Tuý Vân Thường,24,16,1,-1,1,4,false,1,-1,-1,168
10136690,Hoa Tuý Vân Thường,24,16,1,-1,1,4,false,1,-1,-1,360
10136691,Hoa Tuý Vân Thường,24,16,1,-1,1,4,false,1,-1,-1,720
10136692,Hoa Tuý Vân Thường,24,16,1,-1,1,4,false,1,-1,-1,2160
10136693,Hoa Tuý Vân Thường,24,16,1,-1,1,4,false,1,-1,-1,4320
10136694,Hoa Tuý Vân Thường,24,16,1,-1,1,4,false,1,-1,-1,-1
10136695,Hoa Tuý Vân Thường,24,16,1,-1,1,4,false,1,-1,-1,24
10136696,Hoa Tuý Vân Thường,24,16,1,-1,1,4,false,1,-1,-1,72
10136697,Hoa Tuý Vân Thường,24,16,1,-1,1,4,false,1,-1,-1,168
10136698,Hoa Tuý Vân Thường,24,16,1,-1,1,4,false,1,-1,-1,360
10136699,Hoa Tuý Vân Thường,24,16,1,-1,1,4,false,1,-1,-1,720
10136700,Hoa Tuý Vân Thường,24,16,1,-1,1,4,false,1,-1,-1,2160
10136701,Hoa Tuý Vân Thường,24,16,1,-1,1,4,false,1,-1,-1,4320
10136702,Hoa Tuý Vân Thường,24,16,1,-1,1,4,false,1,-1,-1,-1
10136703,Mặc Nhiễm U Hoàng,24,16,1,-1,1,4,false,1,-1,-1,24
10136704,Mặc Nhiễm U Hoàng,24,16,1,-1,1,4,false,1,-1,-1,72
10136705,Mặc Nhiễm U Hoàng,24,16,1,-1,1,4,false,1,-1,-1,168
10136706,Mặc Nhiễm U Hoàng,24,16,1,-1,1,4,false,1,-1,-1,360
10136707,Mặc Nhiễm U Hoàng,24,16,1,-1,1,4,false,1,-1,-1,720
10136708,Mặc Nhiễm U Hoàng,24,16,1,-1,1,4,false,1,-1,-1,2160
10136709,Mặc Nhiễm U Hoàng,24,16,1,-1,1,4,false,1,-1,-1,4320
10136710,Mặc Nhiễm U Hoàng,24,16,1,-1,1,4,false,1,-1,-1,-1
10136711,Mặc Nhiễm U Hoàng,24,16,1,-1,1,4,false,1,-1,-1,24
10136712,Mặc Nhiễm U Hoàng,24,16,1,-1,1,4,false,1,-1,-1,72
10136713,Mặc Nhiễm U Hoàng,24,16,1,-1,1,4,false,1,-1,-1,168
10136714,Mặc Nhiễm U Hoàng,24,16,1,-1,1,4,false,1,-1,-1,360
10136715,Mặc Nhiễm U Hoàng,24,16,1,-1,1,4,false,1,-1,-1,720
10136716,Mặc Nhiễm U Hoàng,24,16,1,-1,1,4,false,1,-1,-1,2160
10136717,Mặc Nhiễm U Hoàng,24,16,1,-1,1,4,false,1,-1,-1,4320
10136718,Mặc Nhiễm U Hoàng,24,16,1,-1,1,4,false,1,-1,-1,-1
10136719,Mặc Nhiễm U Hoàng,24,16,1,-1,1,4,false,1,-1,-1,-1
10136720,Mặc Nhiễm U Hoàng,24,16,1,-1,1,4,false,1,-1,-1,360
10136721,U Lan Huân Phong,24,16,1,-1,1,4,false,1,-1,-1,-1
10136722,Thanh Ảnh Phi Hồng,24,16,1,-1,1,4,false,1,-1,-1,24
10136723,Thanh Ảnh Phi Hồng,24,16,1,-1,1,4,false,1,-1,-1,72
10136724,Thanh Ảnh Phi Hồng,24,16,1,-1,1,4,false,1,-1,-1,168
10136725,Thanh Ảnh Phi Hồng,24,16,1,-1,1,4,false,1,-1,-1,360
10136726,Thanh Ảnh Phi Hồng,24,16,1,-1,1,4,false,1,-1,-1,720
10136727,Thanh Ảnh Phi Hồng,24,16,1,-1,1,4,false,1,-1,-1,2160
10136728,Thanh Ảnh Phi Hồng,24,16,1,-1,1,4,false,1,-1,-1,4320
10136729,Thanh Ảnh Phi Hồng,24,16,1,-1,1,4,false,1,-1,-1,-1
10136730,Thanh Ảnh Phi Hồng,24,16,1,-1,1,4,false,1,-1,-1,24
10136731,Thanh Ảnh Phi Hồng,24,16,1,-1,1,4,false,1,-1,-1,72
10136732,Thanh Ảnh Phi Hồng,24,16,1,-1,1,4,false,1,-1,-1,168
10136733,Thanh Ảnh Phi Hồng,24,16,1,-1,1,4,false,1,-1,-1,360
10136734,Thanh Ảnh Phi Hồng,24,16,1,-1,1,4,false,1,-1,-1,720
10136735,Thanh Ảnh Phi Hồng,24,16,1,-1,1,4,false,1,-1,-1,2160
10136736,Thanh Ảnh Phi Hồng,24,16,1,-1,1,4,false,1,-1,-1,4320
10136737,Thanh Ảnh Phi Hồng,24,16,1,-1,1,4,false,1,-1,-1,-1
10136738,Hoa Thanh Dẫn,24,16,1,-1,1,4,false,1,-1,-1,24
10136739,Hoa Thanh Dẫn,24,16,1,-1,1,4,false,1,-1,-1,72
10136740,Hoa Thanh Dẫn,24,16,1,-1,1,4,false,1,-1,-1,168
10136741,Hoa Thanh Dẫn,24,16,1,-1,1,4,false,1,-1,-1,360
10136742,Hoa Thanh Dẫn,24,16,1,-1,1,4,false,1,-1,-1,720
10136743,Hoa Thanh Dẫn,24,16,1,-1,1,4,false,1,-1,-1,2160
10136744,Hoa Thanh Dẫn,24,16,1,-1,1,4,false,1,-1,-1,4320
10136745,Hoa Thanh Dẫn,24,16,1,-1,1,4,false,1,-1,-1,-1
10136746,Hoa Thanh Dẫn,24,16,1,-1,1,4,false,1,-1,-1,24
10136747,Hoa Thanh Dẫn,24,16,1,-1,1,4,false,1,-1,-1,72
10136748,Hoa Thanh Dẫn,24,16,1,-1,1,4,false,1,-1,-1,168
10136749,Hoa Thanh Dẫn,24,16,1,-1,1,4,false,1,-1,-1,360
10136750,Hoa Thanh Dẫn,24,16,1,-1,1,4,false,1,-1,-1,720
10136751,Hoa Thanh Dẫn,24,16,1,-1,1,4,false,1,-1,-1,2160
10136752,Hoa Thanh Dẫn,24,16,1,-1,1,4,false,1,-1,-1,4320
10136753,Hoa Thanh Dẫn,24,16,1,-1,1,4,false,1,-1,-1,-1
10136754,Mặc Vũ Tiềm U,24,16,1,-1,1,4,false,1,-1,-1,-1
10136755,Tắc Thướng Trường Ca,24,16,1,-1,1,4,false,1,-1,-1,24
10136756,Tắc Thướng Trường Ca,24,16,1,-1,1,4,false,1,-1,-1,72
10136757,Tắc Thướng Trường Ca,24,16,1,-1,1,4,false,1,-1,-1,168
10136758,Tắc Thướng Trường Ca,24,16,1,-1,1,4,false,1,-1,-1,360
10136759,Tắc Thướng Trường Ca,24,16,1,-1,1,4,false,1,-1,-1,720
10136760,Tắc Thướng Trường Ca,24,16,1,-1,1,4,false,1,-1,-1,2160
10136761,Tắc Thướng Trường Ca,24,16,1,-1,1,4,false,1,-1,-1,4320
10136762,Tắc Thướng Trường Ca,24,16,1,-1,1,4,false,1,-1,-1,-1
10136763,Tắc Thướng Trường Ca,24,16,1,-1,1,4,false,1,-1,-1,24
10136764,Tắc Thướng Trường Ca,24,16,1,-1,1,4,false,1,-1,-1,72
10136765,Tắc Thướng Trường Ca,24,16,1,-1,1,4,false,1,-1,-1,168
10136766,Tắc Thướng Trường Ca,24,16,1,-1,1,4,false,1,-1,-1,360
10136767,Tắc Thướng Trường Ca,24,16,1,-1,1,4,false,1,-1,-1,720
10136768,Tắc Thướng Trường Ca,24,16,1,-1,1,4,false,1,-1,-1,2160
10136769,Tắc Thướng Trường Ca,24,16,1,-1,1,4,false,1,-1,-1,4320
10136770,Tắc Thướng Trường Ca,24,16,1,-1,1,4,false,1,-1,-1,-1
10136771,Đào Hoa Tuý,24,16,1,-1,1,4,false,1,-1,-1,-1
10136772,Đào Hoa Tuý,24,16,1,-1,1,4,false,1,-1,-1,-1
10136773,Đào Hoa Tuý,24,16,1,-1,1,4,false,1,-1,-1,-1
10136774,Phá Thiên Môn,24,16,1,-1,1,4,false,1,-1,-1,24
10136775,Phá Thiên Môn,24,16,1,-1,1,4,false,1,-1,-1,72
10136776,Phá Thiên Môn,24,16,1,-1,1,4,false,1,-1,-1,168
10136777,Phá Thiên Môn,24,16,1,-1,1,4,false,1,-1,-1,360
10136778,Phá Thiên Môn,24,16,1,-1,1,4,false,1,-1,-1,720
10136779,Phá Thiên Môn,24,16,1,-1,1,4,false,1,-1,-1,2160
10136780,Phá Thiên Môn,24,16,1,-1,1,4,false,1,-1,-1,4320
10136781,Phá Thiên Môn,24,16,1,-1,1,4,false,1,-1,-1,-1
10136782,Phá Thiên Môn,24,16,1,-1,1,4,false,1,-1,-1,24
10136783,Phá Thiên Môn,24,16,1,-1,1,4,false,1,-1,-1,72
10136784,Phá Thiên Môn,24,16,1,-1,1,4,false,1,-1,-1,168
10136785,Phá Thiên Môn,24,16,1,-1,1,4,false,1,-1,-1,360
10136786,Phá Thiên Môn,24,16,1,-1,1,4,false,1,-1,-1,720
10136787,Phá Thiên Môn,24,16,1,-1,1,4,false,1,-1,-1,2160
10136788,Phá Thiên Môn,24,16,1,-1,1,4,false,1,-1,-1,4320
10136789,Phá Thiên Môn,24,16,1,-1,1,4,false,1,-1,-1,-1
10136790,Sơn Hà Ý Thanh,24,16,1,-1,1,4,false,1,-1,-1,24
10136791,Sơn Hà Ý Thanh,24,16,1,-1,1,4,false,1,-1,-1,72
10136792,Sơn Hà Ý Thanh,24,16,1,-1,1,4,false,1,-1,-1,168
10136793,Sơn Hà Ý Thanh,24,16,1,-1,1,4,false,1,-1,-1,360
10136794,Sơn Hà Ý Thanh,24,16,1,-1,1,4,false,1,-1,-1,720
10136795,Sơn Hà Ý Thanh,24,16,1,-1,1,4,false,1,-1,-1,2160
10136796,Sơn Hà Ý Thanh,24,16,1,-1,1,4,false,1,-1,-1,4320
10136797,Sơn Hà Ý Thanh,24,16,1,-1,1,4,false,1,-1,-1,-1
10136798,Sơn Hà Ý Thanh,24,16,1,-1,1,4,false,1,-1,-1,24
10136799,Sơn Hà Ý Thanh,24,16,1,-1,1,4,false,1,-1,-1,72
10136800,Sơn Hà Ý Thanh,24,16,1,-1,1,4,false,1,-1,-1,168
10136801,Sơn Hà Ý Thanh,24,16,1,-1,1,4,false,1,-1,-1,360
10136802,Sơn Hà Ý Thanh,24,16,1,-1,1,4,false,1,-1,-1,720
10136803,Sơn Hà Ý Thanh,24,16,1,-1,1,4,false,1,-1,-1,2160
10136804,Sơn Hà Ý Thanh,24,16,1,-1,1,4,false,1,-1,-1,4320
10136805,Sơn Hà Ý Thanh,24,16,1,-1,1,4,false,1,-1,-1,-1
10136806,Vân Tiên Bật Hoa Ảnh,24,16,1,-1,1,4,false,1,-1,-1,24
10136807,Vân Tiên Bật Hoa Ảnh,24,16,1,-1,1,4,false,1,-1,-1,72
10136808,Vân Tiên Bật Hoa Ảnh,24,16,1,-1,1,4,false,1,-1,-1,168
10136809,Vân Tiên Bật Hoa Ảnh,24,16,1,-1,1,4,false,1,-1,-1,360
10136810,Vân Tiên Bật Hoa Ảnh,24,16,1,-1,1,4,false,1,-1,-1,720
10136811,Vân Tiên Bật Hoa Ảnh,24,16,1,-1,1,4,false,1,-1,-1,2160
10136812,Vân Tiên Bật Hoa Ảnh,24,16,1,-1,1,4,false,1,-1,-1,4320
10136813,Vân Tiên Bật Hoa Ảnh,24,16,1,-1,1,4,false,1,-1,-1,-1
10136814,Vân Tiên Bật Hoa Ảnh,24,16,1,-1,1,4,false,1,-1,-1,24
10136815,Vân Tiên Bật Hoa Ảnh,24,16,1,-1,1,4,false,1,-1,-1,72
10136816,Vân Tiên Bật Hoa Ảnh,24,16,1,-1,1,4,false,1,-1,-1,168
10136817,Vân Tiên Bật Hoa Ảnh,24,16,1,-1,1,4,false,1,-1,-1,360
10136818,Vân Tiên Bật Hoa Ảnh,24,16,1,-1,1,4,false,1,-1,-1,720
10136819,Vân Tiên Bật Hoa Ảnh,24,16,1,-1,1,4,false,1,-1,-1,2160
10136820,Vân Tiên Bật Hoa Ảnh,24,16,1,-1,1,4,false,1,-1,-1,4320
10136821,Vân Tiên Bật Hoa Ảnh,24,16,1,-1,1,4,false,1,-1,-1,-1
10136822,Vân Tiên Bật Hoa Ảnh,24,16,1,-1,1,4,false,1,-1,-1,24
10136823,Vân Tiên Bật Hoa Ảnh,24,16,1,-1,1,4,false,1,-1,-1,72
10136824,Vân Tiên Bật Hoa Ảnh,24,16,1,-1,1,4,false,1,-1,-1,168
10136825,Vân Tiên Bật Hoa Ảnh,24,16,1,-1,1,4,false,1,-1,-1,360
10136826,Vân Tiên Bật Hoa Ảnh,24,16,1,-1,1,4,false,1,-1,-1,720
10136827,Vân Tiên Bật Hoa Ảnh,24,16,1,-1,1,4,false,1,-1,-1,2160
10136828,Vân Tiên Bật Hoa Ảnh,24,16,1,-1,1,4,false,1,-1,-1,4320
10136829,Vân Tiên Bật Hoa Ảnh,24,16,1,-1,1,4,false,1,-1,-1,-1
10136830,Vân Tiên Bật Hoa Ảnh,24,16,1,-1,1,4,false,1,-1,-1,24
10136831,Vân Tiên Bật Hoa Ảnh,24,16,1,-1,1,4,false,1,-1,-1,72
10136832,Vân Tiên Bật Hoa Ảnh,24,16,1,-1,1,4,false,1,-1,-1,168
10136833,Vân Tiên Bật Hoa Ảnh,24,16,1,-1,1,4,false,1,-1,-1,360
10136834,Vân Tiên Bật Hoa Ảnh,24,16,1,-1,1,4,false,1,-1,-1,720
10136835,Vân Tiên Bật Hoa Ảnh,24,16,1,-1,1,4,false,1,-1,-1,2160
10136836,Vân Tiên Bật Hoa Ảnh,24,16,1,-1,1,4,false,1,-1,-1,4320
10136837,Vân Tiên Bật Hoa Ảnh,24,16,1,-1,1,4,false,1,-1,-1,-1
10136871,Khuynh Quốc Lưỡng Tương Hoan,24,16,1,-1,1,4,false,1,-1,-1,-1
10136872,Lương Không Chiếu Ảnh,24,16,1,-1,1,4,false,1,-1,-1,24
10136873,Lương Không Chiếu Ảnh,24,16,1,-1,1,4,false,1,-1,-1,72
10136874,Lương Không Chiếu Ảnh,24,16,1,-1,1,4,false,1,-1,-1,168
10136875,Lương Không Chiếu Ảnh,24,16,1,-1,1,4,false,1,-1,-1,360
10136876,Lương Không Chiếu Ảnh,24,16,1,-1,1,4,false,1,-1,-1,720
10136877,Lương Không Chiếu Ảnh,24,16,1,-1,1,4,false,1,-1,-1,2160
10136878,Lương Không Chiếu Ảnh,24,16,1,-1,1,4,false,1,-1,-1,4320
10136879,Lương Không Chiếu Ảnh,24,16,1,-1,1,4,false,1,-1,-1,-1
10136880,Lương Không Chiếu Ảnh,24,16,1,-1,1,4,false,1,-1,-1,24
10136881,Lương Không Chiếu Ảnh,24,16,1,-1,1,4,false,1,-1,-1,72
10136882,Lương Không Chiếu Ảnh,24,16,1,-1,1,4,false,1,-1,-1,168
10136883,Lương Không Chiếu Ảnh,24,16,1,-1,1,4,false,1,-1,-1,360
10136884,Lương Không Chiếu Ảnh,24,16,1,-1,1,4,false,1,-1,-1,720
10136885,Lương Không Chiếu Ảnh,24,16,1,-1,1,4,false,1,-1,-1,2160
10136886,Lương Không Chiếu Ảnh,24,16,1,-1,1,4,false,1,-1,-1,4320
10136887,Lương Không Chiếu Ảnh,24,16,1,-1,1,4,false,1,-1,-1,-1
10136888,Chẩm Tinh Hà,24,16,1,-1,1,4,false,1,-1,-1,-1
10136889,Chẩm Tinh Hà,24,16,1,-1,1,4,false,1,-1,-1,-1
10136890,Chẩm Tinh Hà,24,16,1,-1,1,4,false,1,-1,-1,-1
10136891,Chẩm Tinh Hà,24,16,1,-1,1,4,false,1,-1,-1,-1
10136892,Chẩm Tinh Hà,24,16,1,-1,1,4,false,1,-1,-1,-1
10136893,Minh Triệt Cửu Châu,24,16,1,-1,1,4,false,1,-1,-1,8640
10136894,Minh Triệt Cửu Châu,24,16,1,-1,1,4,false,1,-1,-1,8640
10136895,Minh Triệt Cửu Châu,24,16,1,-1,1,4,false,1,-1,-1,8640
10136896,Minh Triệt Cửu Châu,24,16,1,-1,1,4,false,1,-1,-1,8640
10136897,Khuynh Quốc Lưỡng Tương Hoan,24,16,1,-1,1,4,false,1,-1,-1,360
10136898,Thiên Kim Ý,24,16,1,-1,1,4,false,1,-1,-1,4320
10136899,Phượng Trì Ngâm,24,16,1,-1,1,4,false,1,-1,-1,24
10136900,Phượng Trì Ngâm,24,16,1,-1,1,4,false,1,-1,-1,72
10136901,Phượng Trì Ngâm,24,16,1,-1,1,4,false,1,-1,-1,168
10136902,Phượng Trì Ngâm,24,16,1,-1,1,4,false,1,-1,-1,360
10136903,Phượng Trì Ngâm,24,16,1,-1,1,4,false,1,-1,-1,720
10136904,Phượng Trì Ngâm,24,16,1,-1,1,4,false,1,-1,-1,2160
10136905,Phượng Trì Ngâm,24,16,1,-1,1,4,false,1,-1,-1,4320
10136906,Phượng Trì Ngâm,24,16,1,-1,1,4,false,1,-1,-1,-1
10136907,Phượng Trì Ngâm,24,16,1,-1,1,4,false,1,-1,-1,24
10136908,Phượng Trì Ngâm,24,16,1,-1,1,4,false,1,-1,-1,72
10136909,Phượng Trì Ngâm,24,16,1,-1,1,4,false,1,-1,-1,168
10136910,Phượng Trì Ngâm,24,16,1,-1,1,4,false,1,-1,-1,360
10136911,Phượng Trì Ngâm,24,16,1,-1,1,4,false,1,-1,-1,720
10136912,Phượng Trì Ngâm,24,16,1,-1,1,4,false,1,-1,-1,2160
10136913,Phượng Trì Ngâm,24,16,1,-1,1,4,false,1,-1,-1,4320
10136914,Phượng Trì Ngâm,24,16,1,-1,1,4,false,1,-1,-1,-1
10136915,Dục Huyết Hàn Phong,24,16,1,-1,1,4,false,1,-1,-1,-1
10136916,Thanh Dương Sơn Sắc,24,16,1,-1,1,4,false,1,-1,-1,-1
10136917,Hoa Tuý Vân Thường,24,16,1,-1,1,4,false,1,-1,-1,-1
10136918,Dục Huyết Hàn Phong,24,16,1,-1,1,4,false,1,-1,-1,8640
10136919,Dục Huyết Hàn Phong,24,16,1,-1,1,4,false,1,-1,-1,4320
10136920,Dục Huyết Hàn Phong,24,16,1,-1,1,4,false,1,-1,-1,2160
10136921,Dục Huyết Hàn Phong,24,16,1,-1,1,4,false,1,-1,-1,1440
10136922,Dục Huyết Hàn Phong,24,16,1,-1,1,4,false,1,-1,-1,720
10136923,Dục Huyết Hàn Phong,24,16,1,-1,1,4,false,1,-1,-1,360
10136924,Mộ Nhiễm Tương Thu,24,16,1,-1,1,4,false,1,-1,-1,-1
10136925,Mộ Nhiễm Tương Thu,24,16,1,-1,1,4,false,1,-1,-1,-1
10136926,Thanh La Ỷ Thuý,24,16,1,-1,1,4,false,1,-1,-1,24
10136927,Thanh La Ỷ Thuý,24,16,1,-1,1,4,false,1,-1,-1,72
10136928,Thanh La Ỷ Thuý,24,16,1,-1,1,4,false,1,-1,-1,168
10136929,Thanh La Ỷ Thuý,24,16,1,-1,1,4,false,1,-1,-1,360
10136930,Thanh La Ỷ Thuý,24,16,1,-1,1,4,false,1,-1,-1,720
10136931,Thanh La Ỷ Thuý,24,16,1,-1,1,4,false,1,-1,-1,2160
10136932,Thanh La Ỷ Thuý,24,16,1,-1,1,4,false,1,-1,-1,4320
10136933,Thanh La Ỷ Thuý,24,16,1,-1,1,4,false,1,-1,-1,-1
10136934,Thanh La Ỷ Thuý,24,16,1,-1,1,4,false,1,-1,-1,24
10136935,Thanh La Ỷ Thuý,24,16,1,-1,1,4,false,1,-1,-1,72
10136936,Thanh La Ỷ Thuý,24,16,1,-1,1,4,false,1,-1,-1,168
10136937,Thanh La Ỷ Thuý,24,16,1,-1,1,4,false,1,-1,-1,360
10136938,Thanh La Ỷ Thuý,24,16,1,-1,1,4,false,1,-1,-1,720
10136939,Thanh La Ỷ Thuý,24,16,1,-1,1,4,false,1,-1,-1,2160
10136940,Thanh La Ỷ Thuý,24,16,1,-1,1,4,false,1,-1,-1,4320
10136941,Thanh La Ỷ Thuý,24,16,1,-1,1,4,false,1,-1,-1,-1
10136942,Mộ Dã Thương Mang,24,16,1,-1,1,4,false,1,-1,-1,24
10136943,Mộ Dã Thương Mang,24,16,1,-1,1,4,false,1,-1,-1,72
10136944,Mộ Dã Thương Mang,24,16,1,-1,1,4,false,1,-1,-1,168
10136945,Mộ Dã Thương Mang,24,16,1,-1,1,4,false,1,-1,-1,360
10136946,Mộ Dã Thương Mang,24,16,1,-1,1,4,false,1,-1,-1,720
10136947,Mộ Dã Thương Mang,24,16,1,-1,1,4,false,1,-1,-1,2160
10136948,Mộ Dã Thương Mang,24,16,1,-1,1,4,false,1,-1,-1,4320
10136949,Mộ Dã Thương Mang,24,16,1,-1,1,4,false,1,-1,-1,-1
10136950,Mộ Dã Thương Mang,24,16,1,-1,1,4,false,1,-1,-1,24
10136951,Mộ Dã Thương Mang,24,16,1,-1,1,4,false,1,-1,-1,72
10136952,Mộ Dã Thương Mang,24,16,1,-1,1,4,false,1,-1,-1,168
10136953,Mộ Dã Thương Mang,24,16,1,-1,1,4,false,1,-1,-1,360
10136954,Mộ Dã Thương Mang,24,16,1,-1,1,4,false,1,-1,-1,720
10136955,Mộ Dã Thương Mang,24,16,1,-1,1,4,false,1,-1,-1,2160
10136956,Mộ Dã Thương Mang,24,16,1,-1,1,4,false,1,-1,-1,4320
10136957,Mộ Dã Thương Mang,24,16,1,-1,1,4,false,1,-1,-1,-1
10136958,Kim Nghê Bão Hỷ,24,16,1,-1,1,4,false,1,-1,-1,720
10136959,Bất Tư Lượng,24,16,1,-1,1,4,false,1,-1,-1,-1
10136960,Tương Kiến Hoan,24,16,1,-1,1,4,false,1,-1,-1,24
10136961,Tương Kiến Hoan,24,16,1,-1,1,4,false,1,-1,-1,72
10136962,Tương Kiến Hoan,24,16,1,-1,1,4,false,1,-1,-1,168
10136963,Tương Kiến Hoan,24,16,1,-1,1,4,false,1,-1,-1,360
10136964,Tương Kiến Hoan,24,16,1,-1,1,4,false,1,-1,-1,720
10136965,Tương Kiến Hoan,24,16,1,-1,1,4,false,1,-1,-1,2160
10136966,Tương Kiến Hoan,24,16,1,-1,1,4,false,1,-1,-1,4320
10136967,Tương Kiến Hoan,24,16,1,-1,1,4,false,1,-1,-1,-1
10136968,Tương Kiến Hoan,24,16,1,-1,1,4,false,1,-1,-1,24
10136969,Tương Kiến Hoan,24,16,1,-1,1,4,false,1,-1,-1,72
10136970,Tương Kiến Hoan,24,16,1,-1,1,4,false,1,-1,-1,168
10136971,Tương Kiến Hoan,24,16,1,-1,1,4,false,1,-1,-1,360
10136972,Tương Kiến Hoan,24,16,1,-1,1,4,false,1,-1,-1,720
10136973,Tương Kiến Hoan,24,16,1,-1,1,4,false,1,-1,-1,2160
10136974,Tương Kiến Hoan,24,16,1,-1,1,4,false,1,-1,-1,4320
10136975,Tương Kiến Hoan,24,16,1,-1,1,4,false,1,-1,-1,-1
10136976,Thịnh Cảnh Phồn Ca,24,16,1,-1,1,4,false,1,-1,-1,24
10136977,Thịnh Cảnh Phồn Ca,24,16,1,-1,1,4,false,1,-1,-1,72
10136978,Thịnh Cảnh Phồn Ca,24,16,1,-1,1,4,false,1,-1,-1,168
10136979,Thịnh Cảnh Phồn Ca,24,16,1,-1,1,4,false,1,-1,-1,360
10136980,Thịnh Cảnh Phồn Ca,24,16,1,-1,1,4,false,1,-1,-1,720
10136981,Thịnh Cảnh Phồn Ca,24,16,1,-1,1,4,false,1,-1,-1,2160
10136982,Thịnh Cảnh Phồn Ca,24,16,1,-1,1,4,false,1,-1,-1,4320
10136983,Thịnh Cảnh Phồn Ca,24,16,1,-1,1,4,false,1,-1,-1,-1
10136984,Thịnh Cảnh Phồn Ca,24,16,1,-1,1,4,false,1,-1,-1,24
10136985,Thịnh Cảnh Phồn Ca,24,16,1,-1,1,4,false,1,-1,-1,72
10136986,Thịnh Cảnh Phồn Ca,24,16,1,-1,1,4,false,1,-1,-1,168
10136987,Thịnh Cảnh Phồn Ca,24,16,1,-1,1,4,false,1,-1,-1,360
10136988,Thịnh Cảnh Phồn Ca,24,16,1,-1,1,4,false,1,-1,-1,720
10136989,Thịnh Cảnh Phồn Ca,24,16,1,-1,1,4,false,1,-1,-1,2160
10136990,Thịnh Cảnh Phồn Ca,24,16,1,-1,1,4,false,1,-1,-1,4320
10136991,Thịnh Cảnh Phồn Ca,24,16,1,-1,1,4,false,1,-1,-1,-1
10136992,Tinh Nguyệt Luyến Khúc,24,16,1,-1,1,4,false,1,-1,-1,24
10136993,Tinh Nguyệt Luyến Khúc,24,16,1,-1,1,4,false,1,-1,-1,72
10136994,Tinh Nguyệt Luyến Khúc,24,16,1,-1,1,4,false,1,-1,-1,168
10136995,Tinh Nguyệt Luyến Khúc,24,16,1,-1,1,4,false,1,-1,-1,360
10136996,Tinh Nguyệt Luyến Khúc,24,16,1,-1,1,4,false,1,-1,-1,720
10136997,Tinh Nguyệt Luyến Khúc,24,16,1,-1,1,4,false,1,-1,-1,2160
10136998,Tinh Nguyệt Luyến Khúc,24,16,1,-1,1,4,false,1,-1,-1,4320
10136999,Tinh Nguyệt Luyến Khúc,24,16,1,-1,1,4,false,1,-1,-1,-1
10137000,Tinh Nguyệt Luyến Khúc,24,16,1,-1,1,4,false,1,-1,-1,24
10137001,Tinh Nguyệt Luyến Khúc,24,16,1,-1,1,4,false,1,-1,-1,72
10137002,Tinh Nguyệt Luyến Khúc,24,16,1,-1,1,4,false,1,-1,-1,168
10137003,Tinh Nguyệt Luyến Khúc,24,16,1,-1,1,4,false,1,-1,-1,360
10137004,Tinh Nguyệt Luyến Khúc,24,16,1,-1,1,4,false,1,-1,-1,720
10137005,Tinh Nguyệt Luyến Khúc,24,16,1,-1,1,4,false,1,-1,-1,2160
10137006,Tinh Nguyệt Luyến Khúc,24,16,1,-1,1,4,false,1,-1,-1,4320
10137007,Tinh Nguyệt Luyến Khúc,24,16,1,-1,1,4,false,1,-1,-1,-1
10137008,Tinh Nguyệt Luyến Khúc,24,16,1,-1,1,4,false,1,-1,-1,24
10137009,Tinh Nguyệt Luyến Khúc,24,16,1,-1,1,4,false,1,-1,-1,72
10137010,Tinh Nguyệt Luyến Khúc,24,16,1,-1,1,4,false,1,-1,-1,168
10137011,Tinh Nguyệt Luyến Khúc,24,16,1,-1,1,4,false,1,-1,-1,360
10137012,Tinh Nguyệt Luyến Khúc,24,16,1,-1,1,4,false,1,-1,-1,720
10137013,Tinh Nguyệt Luyến Khúc,24,16,1,-1,1,4,false,1,-1,-1,2160
10137014,Tinh Nguyệt Luyến Khúc,24,16,1,-1,1,4,false,1,-1,-1,4320
10137015,Tinh Nguyệt Luyến Khúc,24,16,1,-1,1,4,false,1,-1,-1,-1
10137016,Tinh Nguyệt Luyến Khúc,24,16,1,-1,1,4,false,1,-1,-1,24
10137017,Tinh Nguyệt Luyến Khúc,24,16,1,-1,1,4,false,1,-1,-1,72
10137018,Tinh Nguyệt Luyến Khúc,24,16,1,-1,1,4,false,1,-1,-1,168
10137019,Tinh Nguyệt Luyến Khúc,24,16,1,-1,1,4,false,1,-1,-1,360
10137020,Tinh Nguyệt Luyến Khúc,24,16,1,-1,1,4,false,1,-1,-1,720
10137021,Tinh Nguyệt Luyến Khúc,24,16,1,-1,1,4,false,1,-1,-1,2160
10137022,Tinh Nguyệt Luyến Khúc,24,16,1,-1,1,4,false,1,-1,-1,4320
10137023,Tinh Nguyệt Luyến Khúc,24,16,1,-1,1,4,false,1,-1,-1,-1
10137024,Tinh Nguyệt Luyến Khúc,24,16,1,-1,1,4,false,1,-1,-1,1440
10137025,Kim Bảng Đề Danh,24,16,1,-1,1,4,false,1,-1,-1,360
10137026,Kim Bảng Đề Danh,24,16,1,-1,1,4,false,1,-1,-1,168
10137027,Kim Bảng Đề Danh,24,16,1,-1,1,4,false,1,-1,-1,72
10137044,Khuynh Quốc Lưỡng Tương Hoan,24,16,1,-1,1,4,false,1,-1,-1,-1
10137045,Hiểu Đình Xuân,24,16,1,-1,1,4,false,1,-1,-1,24
10137046,Hiểu Đình Xuân,24,16,1,-1,1,4,false,1,-1,-1,72
10137047,Hiểu Đình Xuân,24,16,1,-1,1,4,false,1,-1,-1,168
10137048,Hiểu Đình Xuân,24,16,1,-1,1,4,false,1,-1,-1,360
10137049,Hiểu Đình Xuân,24,16,1,-1,1,4,false,1,-1,-1,720
10137050,Hiểu Đình Xuân,24,16,1,-1,1,4,false,1,-1,-1,2160
10137051,Hiểu Đình Xuân,24,16,1,-1,1,4,false,1,-1,-1,4320
10137052,Hiểu Đình Xuân,24,16,1,-1,1,4,false,1,-1,-1,-1
10137053,Hiểu Đình Xuân,24,16,1,-1,1,4,false,1,-1,-1,24
10137054,Hiểu Đình Xuân,24,16,1,-1,1,4,false,1,-1,-1,72
10137055,Hiểu Đình Xuân,24,16,1,-1,1,4,false,1,-1,-1,168
10137056,Hiểu Đình Xuân,24,16,1,-1,1,4,false,1,-1,-1,360
10137057,Hiểu Đình Xuân,24,16,1,-1,1,4,false,1,-1,-1,720
10137058,Hiểu Đình Xuân,24,16,1,-1,1,4,false,1,-1,-1,2160
10137059,Hiểu Đình Xuân,24,16,1,-1,1,4,false,1,-1,-1,4320
10137060,Hiểu Đình Xuân,24,16,1,-1,1,4,false,1,-1,-1,-1
10137061,Dục Huyết Hàn Phong,24,16,1,-1,1,4,false,1,-1,-1,-1
10137062,Thanh La Ỷ Thuý,24,16,1,-1,1,4,false,1,-1,-1,-1
10137063,Kim Bảng Đề Danh,24,16,1,-1,1,4,false,1,-1,-1,720
10137064,Tiên Lữ Tình Duyên - Thanh Sương,24,16,1,-1,1,4,false,1,-1,-1,24
10137065,Tiên Lữ Tình Duyên - Thanh Sương,24,16,1,-1,1,4,false,1,-1,-1,72
10137066,Tiên Lữ Tình Duyên - Thanh Sương,24,16,1,-1,1,4,false,1,-1,-1,168
10137067,Tiên Lữ Tình Duyên - Thanh Sương,24,16,1,-1,1,4,false,1,-1,-1,360
10137068,Tiên Lữ Tình Duyên - Thanh Sương,24,16,1,-1,1,4,false,1,-1,-1,720
10137069,Tiên Lữ Tình Duyên - Thanh Sương,24,16,1,-1,1,4,false,1,-1,-1,2160
10137070,Tiên Lữ Tình Duyên - Thanh Sương,24,16,1,-1,1,4,false,1,-1,-1,4320
10137071,Tiên Lữ Tình Duyên - Thanh Sương,24,16,1,-1,1,4,false,1,-1,-1,-1
10137072,Tiên Lữ Tình Duyên - Thanh Sương,24,16,1,-1,1,4,false,1,-1,-1,24
10137073,Tiên Lữ Tình Duyên - Thanh Sương,24,16,1,-1,1,4,false,1,-1,-1,72
10137074,Tiên Lữ Tình Duyên - Thanh Sương,24,16,1,-1,1,4,false,1,-1,-1,168
10137075,Tiên Lữ Tình Duyên - Thanh Sương,24,16,1,-1,1,4,false,1,-1,-1,360
10137076,Tiên Lữ Tình Duyên - Thanh Sương,24,16,1,-1,1,4,false,1,-1,-1,720
10137077,Tiên Lữ Tình Duyên - Thanh Sương,24,16,1,-1,1,4,false,1,-1,-1,2160
10137078,Tiên Lữ Tình Duyên - Thanh Sương,24,16,1,-1,1,4,false,1,-1,-1,4320
10137079,Tiên Lữ Tình Duyên - Thanh Sương,24,16,1,-1,1,4,false,1,-1,-1,-1
10137080,Bích Thuỷ Vân Thiên,24,16,1,-1,1,4,false,1,-1,-1,24
10137081,Bích Thuỷ Vân Thiên,24,16,1,-1,1,4,false,1,-1,-1,72
10137082,Bích Thuỷ Vân Thiên,24,16,1,-1,1,4,false,1,-1,-1,168
10137083,Bích Thuỷ Vân Thiên,24,16,1,-1,1,4,false,1,-1,-1,360
10137084,Bích Thuỷ Vân Thiên,24,16,1,-1,1,4,false,1,-1,-1,720
10137085,Bích Thuỷ Vân Thiên,24,16,1,-1,1,4,false,1,-1,-1,2160
10137086,Bích Thuỷ Vân Thiên,24,16,1,-1,1,4,false,1,-1,-1,4320
10137087,Bích Thuỷ Vân Thiên,24,16,1,-1,1,4,false,1,-1,-1,-1
10137088,Bích Thuỷ Vân Thiên,24,16,1,-1,1,4,false,1,-1,-1,24
10137089,Bích Thuỷ Vân Thiên,24,16,1,-1,1,4,false,1,-1,-1,72
10137090,Bích Thuỷ Vân Thiên,24,16,1,-1,1,4,false,1,-1,-1,168
10137091,Bích Thuỷ Vân Thiên,24,16,1,-1,1,4,false,1,-1,-1,360
10137092,Bích Thuỷ Vân Thiên,24,16,1,-1,1,4,false,1,-1,-1,720
10137093,Bích Thuỷ Vân Thiên,24,16,1,-1,1,4,false,1,-1,-1,2160
10137094,Bích Thuỷ Vân Thiên,24,16,1,-1,1,4,false,1,-1,-1,4320
10137095,Bích Thuỷ Vân Thiên,24,16,1,-1,1,4,false,1,-1,-1,-1
10137096,Tinh Hoả Diệu Sơn Hà,24,16,1,-1,1,4,false,1,-1,-1,24
10137097,Tinh Hoả Diệu Sơn Hà,24,16,1,-1,1,4,false,1,-1,-1,72
10137098,Tinh Hoả Diệu Sơn Hà,24,16,1,-1,1,4,false,1,-1,-1,168
10137099,Tinh Hoả Diệu Sơn Hà,24,16,1,-1,1,4,false,1,-1,-1,360
10137100,Tinh Hoả Diệu Sơn Hà,24,16,1,-1,1,4,false,1,-1,-1,720
10137101,Tinh Hoả Diệu Sơn Hà,24,16,1,-1,1,4,false,1,-1,-1,2160
10137102,Tinh Hoả Diệu Sơn Hà,24,16,1,-1,1,4,false,1,-1,-1,4320
10137103,Tinh Hoả Diệu Sơn Hà,24,16,1,-1,1,4,false,1,-1,-1,-1
10137104,Tinh Hoả Diệu Sơn Hà,24,16,1,-1,1,4,false,1,-1,-1,24
10137105,Tinh Hoả Diệu Sơn Hà,24,16,1,-1,1,4,false,1,-1,-1,72
10137106,Tinh Hoả Diệu Sơn Hà,24,16,1,-1,1,4,false,1,-1,-1,168
10137107,Tinh Hoả Diệu Sơn Hà,24,16,1,-1,1,4,false,1,-1,-1,360
10137108,Tinh Hoả Diệu Sơn Hà,24,16,1,-1,1,4,false,1,-1,-1,720
10137109,Tinh Hoả Diệu Sơn Hà,24,16,1,-1,1,4,false,1,-1,-1,2160
10137110,Tinh Hoả Diệu Sơn Hà,24,16,1,-1,1,4,false,1,-1,-1,4320
10137111,Tinh Hoả Diệu Sơn Hà,24,16,1,-1,1,4,false,1,-1,-1,-1
10137112,Tình Hữu Độc Chung,24,16,1,-1,1,4,false,1,-1,-1,24
10137113,Tình Hữu Độc Chung,24,16,1,-1,1,4,false,1,-1,-1,72
10137114,Tình Hữu Độc Chung,24,16,1,-1,1,4,false,1,-1,-1,168
10137115,Tình Hữu Độc Chung,24,16,1,-1,1,4,false,1,-1,-1,360
10137116,Tình Hữu Độc Chung,24,16,1,-1,1,4,false,1,-1,-1,720
10137117,Tình Hữu Độc Chung,24,16,1,-1,1,4,false,1,-1,-1,2160
10137118,Tình Hữu Độc Chung,24,16,1,-1,1,4,false,1,-1,-1,4320
10137119,Tình Hữu Độc Chung,24,16,1,-1,1,4,false,1,-1,-1,-1
10137120,Tình Hữu Độc Chung,24,16,1,-1,1,4,false,1,-1,-1,24
10137121,Tình Hữu Độc Chung,24,16,1,-1,1,4,false,1,-1,-1,72
10137122,Tình Hữu Độc Chung,24,16,1,-1,1,4,false,1,-1,-1,168
10137123,Tình Hữu Độc Chung,24,16,1,-1,1,4,false,1,-1,-1,360
10137124,Tình Hữu Độc Chung,24,16,1,-1,1,4,false,1,-1,-1,720
10137125,Tình Hữu Độc Chung,24,16,1,-1,1,4,false,1,-1,-1,2160
10137126,Tình Hữu Độc Chung,24,16,1,-1,1,4,false,1,-1,-1,4320
10137127,Tình Hữu Độc Chung,24,16,1,-1,1,4,false,1,-1,-1,-1
10137128,Hoành Thần Mặc Lý,24,16,1,-1,1,4,false,1,-1,-1,24
10137129,Hoành Thần Mặc Lý,24,16,1,-1,1,4,false,1,-1,-1,72
10137130,Hoành Thần Mặc Lý,24,16,1,-1,1,4,false,1,-1,-1,168
10137131,Hoành Thần Mặc Lý,24,16,1,-1,1,4,false,1,-1,-1,360
10137132,Hoành Thần Mặc Lý,24,16,1,-1,1,4,false,1,-1,-1,720
10137133,Hoành Thần Mặc Lý,24,16,1,-1,1,4,false,1,-1,-1,2160
10137134,Hoành Thần Mặc Lý,24,16,1,-1,1,4,false,1,-1,-1,4320
10137135,Hoành Thần Mặc Lý,24,16,1,-1,1,4,false,1,-1,-1,-1
10137136,Hoành Thần Mặc Lý,24,16,1,-1,1,4,false,1,-1,-1,24
10137137,Hoành Thần Mặc Lý,24,16,1,-1,1,4,false,1,-1,-1,72
10137138,Hoành Thần Mặc Lý,24,16,1,-1,1,4,false,1,-1,-1,168
10137139,Hoành Thần Mặc Lý,24,16,1,-1,1,4,false,1,-1,-1,360
10137140,Hoành Thần Mặc Lý,24,16,1,-1,1,4,false,1,-1,-1,720
10137141,Hoành Thần Mặc Lý,24,16,1,-1,1,4,false,1,-1,-1,2160
10137142,Hoành Thần Mặc Lý,24,16,1,-1,1,4,false,1,-1,-1,4320
10137143,Hoành Thần Mặc Lý,24,16,1,-1,1,4,false,1,-1,-1,-1
10137144,Sơn Hà Ý Thanh,24,16,1,-1,1,4,false,1,-1,-1,-1
10137145,Hoa Tuý Vân Thường,24,16,1,-1,1,4,false,1,-1,-1,-1
10137146,Tinh Hoả Diệu Sơn Hà,24,16,1,-1,1,4,false,1,-1,-1,-1
10137147,Tương Kiến Hoan,24,16,1,-1,1,4,false,1,-1,-1,360
10137148,Tinh Hoả Diệu Sơn Hà,24,16,1,-1,1,4,false,1,-1,-1,-1
10137149,Mặc Nhiễm U Hoàng,24,16,1,-1,1,4,false,1,-1,-1,-1
10137150,Thuỷ Mặc Kinh Hoa,24,16,1,-1,1,4,false,1,-1,-1,720
10137151,Thuỷ Mặc Kinh Hoa,24,16,1,-1,1,4,false,1,-1,-1,-1
10137152,Hoa Thanh Dẫn,24,16,1,-1,1,4,false,1,-1,-1,-1
10137153,Mộng Hoa Lục,24,16,1,-1,1,4,false,1,-1,-1,-1
10137154,Dạ Linh Đề Vũ,24,16,1,-1,1,4,false,1,-1,-1,24
10137155,Dạ Linh Đề Vũ,24,16,1,-1,1,4,false,1,-1,-1,72
10137156,Dạ Linh Đề Vũ,24,16,1,-1,1,4,false,1,-1,-1,168
10137157,Dạ Linh Đề Vũ,24,16,1,-1,1,4,false,1,-1,-1,360
10137158,Dạ Linh Đề Vũ,24,16,1,-1,1,4,false,1,-1,-1,720
10137159,Dạ Linh Đề Vũ,24,16,1,-1,1,4,false,1,-1,-1,2160
10137160,Dạ Linh Đề Vũ,24,16,1,-1,1,4,false,1,-1,-1,4320
10137161,Dạ Linh Đề Vũ,24,16,1,-1,1,4,false,1,-1,-1,-1
10137162,Dạ Linh Đề Vũ,24,16,1,-1,1,4,false,1,-1,-1,24
10137163,Dạ Linh Đề Vũ,24,16,1,-1,1,4,false,1,-1,-1,72
10137164,Dạ Linh Đề Vũ,24,16,1,-1,1,4,false,1,-1,-1,168
10137165,Dạ Linh Đề Vũ,24,16,1,-1,1,4,false,1,-1,-1,360
10137166,Dạ Linh Đề Vũ,24,16,1,-1,1,4,false,1,-1,-1,720
10137167,Dạ Linh Đề Vũ,24,16,1,-1,1,4,false,1,-1,-1,2160
10137168,Dạ Linh Đề Vũ,24,16,1,-1,1,4,false,1,-1,-1,4320
10137169,Dạ Linh Đề Vũ,24,16,1,-1,1,4,false,1,-1,-1,-1
10137170,Du Vân Gian,24,16,1,-1,1,4,false,1,-1,-1,24
10137171,Du Vân Gian,24,16,1,-1,1,4,false,1,-1,-1,72
10137172,Du Vân Gian,24,16,1,-1,1,4,false,1,-1,-1,168
10137173,Du Vân Gian,24,16,1,-1,1,4,false,1,-1,-1,360
10137174,Du Vân Gian,24,16,1,-1,1,4,false,1,-1,-1,720
10137175,Du Vân Gian,24,16,1,-1,1,4,false,1,-1,-1,2160
10137176,Du Vân Gian,24,16,1,-1,1,4,false,1,-1,-1,4320
10137177,Du Vân Gian,24,16,1,-1,1,4,false,1,-1,-1,-1
10137178,Du Vân Gian,24,16,1,-1,1,4,false,1,-1,-1,24
10137179,Du Vân Gian,24,16,1,-1,1,4,false,1,-1,-1,72
10137180,Du Vân Gian,24,16,1,-1,1,4,false,1,-1,-1,168
10137181,Du Vân Gian,24,16,1,-1,1,4,false,1,-1,-1,360
10137182,Du Vân Gian,24,16,1,-1,1,4,false,1,-1,-1,720
10137183,Du Vân Gian,24,16,1,-1,1,4,false,1,-1,-1,2160
10137184,Du Vân Gian,24,16,1,-1,1,4,false,1,-1,-1,4320
10137185,Du Vân Gian,24,16,1,-1,1,4,false,1,-1,-1,-1
10137186,Hoa Tuý Vân Thường,24,16,1,-1,1,4,false,1,-1,-1,-1
10137187,Thanh Dương Sơn Sắc,24,16,1,-1,1,4,false,1,-1,-1,-1
10137188,Dục Huyết Hàn Phong,24,16,1,-1,1,4,false,1,-1,-1,-1
10137189,Hiệp Chi Đại Giả,24,16,1,-1,1,4,false,1,-1,-1,24
10137190,Hiệp Chi Đại Giả,24,16,1,-1,1,4,false,1,-1,-1,72
10137191,Hiệp Chi Đại Giả,24,16,1,-1,1,4,false,1,-1,-1,168
10137192,Hiệp Chi Đại Giả,24,16,1,-1,1,4,false,1,-1,-1,360
10137193,Hiệp Chi Đại Giả,24,16,1,-1,1,4,false,1,-1,-1,720
10137194,Hiệp Chi Đại Giả,24,16,1,-1,1,4,false,1,-1,-1,2160
10137195,Hiệp Chi Đại Giả,24,16,1,-1,1,4,false,1,-1,-1,4320
10137196,Hiệp Chi Đại Giả,24,16,1,-1,1,4,false,1,-1,-1,-1
10137197,Hiệp Chi Đại Giả,24,16,1,-1,1,4,false,1,-1,-1,24
10137198,Hiệp Chi Đại Giả,24,16,1,-1,1,4,false,1,-1,-1,72
10137199,Hiệp Chi Đại Giả,24,16,1,-1,1,4,false,1,-1,-1,168
10137200,Hiệp Chi Đại Giả,24,16,1,-1,1,4,false,1,-1,-1,360
10137201,Hiệp Chi Đại Giả,24,16,1,-1,1,4,false,1,-1,-1,720
10137202,Hiệp Chi Đại Giả,24,16,1,-1,1,4,false,1,-1,-1,2160
10137203,Hiệp Chi Đại Giả,24,16,1,-1,1,4,false,1,-1,-1,4320
10137204,Hiệp Chi Đại Giả,24,16,1,-1,1,4,false,1,-1,-1,-1
10137205,Tiên Hồ Tuý Nguyệt,24,16,1,-1,1,4,false,1,-1,-1,24
10137206,Tiên Hồ Tuý Nguyệt,24,16,1,-1,1,4,false,1,-1,-1,72
10137207,Tiên Hồ Tuý Nguyệt,24,16,1,-1,1,4,false,1,-1,-1,168
10137208,Tiên Hồ Tuý Nguyệt,24,16,1,-1,1,4,false,1,-1,-1,360
10137209,Tiên Hồ Tuý Nguyệt,24,16,1,-1,1,4,false,1,-1,-1,720
10137210,Tiên Hồ Tuý Nguyệt,24,16,1,-1,1,4,false,1,-1,-1,2160
10137211,Tiên Hồ Tuý Nguyệt,24,16,1,-1,1,4,false,1,-1,-1,4320
10137212,Tiên Hồ Tuý Nguyệt,24,16,1,-1,1,4,false,1,-1,-1,-1
10137213,Tiên Hồ Tuý Nguyệt,24,16,1,-1,1,4,false,1,-1,-1,24
10137214,Tiên Hồ Tuý Nguyệt,24,16,1,-1,1,4,false,1,-1,-1,72
10137215,Tiên Hồ Tuý Nguyệt,24,16,1,-1,1,4,false,1,-1,-1,168
10137216,Tiên Hồ Tuý Nguyệt,24,16,1,-1,1,4,false,1,-1,-1,360
10137217,Tiên Hồ Tuý Nguyệt,24,16,1,-1,1,4,false,1,-1,-1,720
10137218,Tiên Hồ Tuý Nguyệt,24,16,1,-1,1,4,false,1,-1,-1,2160
10137219,Tiên Hồ Tuý Nguyệt,24,16,1,-1,1,4,false,1,-1,-1,4320
10137220,Tiên Hồ Tuý Nguyệt,24,16,1,-1,1,4,false,1,-1,-1,-1
10137221,Khô Lâu Chiến Giáp - Minh Hà,24,16,1,-1,1,4,false,1,-1,-1,24
10137222,Khô Lâu Chiến Giáp - Minh Hà,24,16,1,-1,1,4,false,1,-1,-1,72
10137223,Khô Lâu Chiến Giáp - Minh Hà,24,16,1,-1,1,4,false,1,-1,-1,168
10137224,Khô Lâu Chiến Giáp - Minh Hà,24,16,1,-1,1,4,false,1,-1,-1,360
10137225,Khô Lâu Chiến Giáp - Minh Hà,24,16,1,-1,1,4,false,1,-1,-1,720
10137226,Khô Lâu Chiến Giáp - Minh Hà,24,16,1,-1,1,4,false,1,-1,-1,2160
10137227,Khô Lâu Chiến Giáp - Minh Hà,24,16,1,-1,1,4,false,1,-1,-1,4320
10137228,Khô Lâu Chiến Giáp - Minh Hà,24,16,1,-1,1,4,false,1,-1,-1,-1
10137229,Khô Lâu Chiến Giáp - Minh Hà,24,16,1,-1,1,4,false,1,-1,-1,24
10137230,Khô Lâu Chiến Giáp - Minh Hà,24,16,1,-1,1,4,false,1,-1,-1,72
10137231,Khô Lâu Chiến Giáp - Minh Hà,24,16,1,-1,1,4,false,1,-1,-1,168
10137232,Khô Lâu Chiến Giáp - Minh Hà,24,16,1,-1,1,4,false,1,-1,-1,360
10137233,Khô Lâu Chiến Giáp - Minh Hà,24,16,1,-1,1,4,false,1,-1,-1,720
10137234,Khô Lâu Chiến Giáp - Minh Hà,24,16,1,-1,1,4,false,1,-1,-1,2160
10137235,Khô Lâu Chiến Giáp - Minh Hà,24,16,1,-1,1,4,false,1,-1,-1,4320
10137236,Khô Lâu Chiến Giáp - Minh Hà,24,16,1,-1,1,4,false,1,-1,-1,-1
10137255,Bễ Nghễ Lục Cáp,24,16,1,-1,1,4,false,1,-1,-1,24
10137256,Bễ Nghễ Lục Cáp,24,16,1,-1,1,4,false,1,-1,-1,72
10137257,Bễ Nghễ Lục Cáp,24,16,1,-1,1,4,false,1,-1,-1,168
10137258,Bễ Nghễ Lục Cáp,24,16,1,-1,1,4,false,1,-1,-1,360
10137259,Bễ Nghễ Lục Cáp,24,16,1,-1,1,4,false,1,-1,-1,720
10137260,Bễ Nghễ Lục Cáp,24,16,1,-1,1,4,false,1,-1,-1,2160
10137261,Bễ Nghễ Lục Cáp,24,16,1,-1,1,4,false,1,-1,-1,4320
10137262,Bễ Nghễ Lục Cáp,24,16,1,-1,1,4,false,1,-1,-1,8640
10137263,Bễ Nghễ Lục Cáp,24,16,1,-1,1,4,false,1,-1,-1,-1
10137264,Bễ Nghễ Lục Cáp,24,16,1,-1,1,4,false,1,-1,-1,24
10137265,Bễ Nghễ Lục Cáp,24,16,1,-1,1,4,false,1,-1,-1,72
10137266,Bễ Nghễ Lục Cáp,24,16,1,-1,1,4,false,1,-1,-1,168
10137267,Bễ Nghễ Lục Cáp,24,16,1,-1,1,4,false,1,-1,-1,360
10137268,Bễ Nghễ Lục Cáp,24,16,1,-1,1,4,false,1,-1,-1,720
10137269,Bễ Nghễ Lục Cáp,24,16,1,-1,1,4,false,1,-1,-1,2160
10137270,Bễ Nghễ Lục Cáp,24,16,1,-1,1,4,false,1,-1,-1,4320
10137271,Bễ Nghễ Lục Cáp,24,16,1,-1,1,4,false,1,-1,-1,8640
10137272,Bễ Nghễ Lục Cáp,24,16,1,-1,1,4,false,1,-1,-1,-1
10137273,Ngạo Thị Bát Hoang,24,16,1,-1,1,4,false,1,-1,-1,24
10137274,Ngạo Thị Bát Hoang,24,16,1,-1,1,4,false,1,-1,-1,72
10137275,Ngạo Thị Bát Hoang,24,16,1,-1,1,4,false,1,-1,-1,168
10137276,Ngạo Thị Bát Hoang,24,16,1,-1,1,4,false,1,-1,-1,360
10137277,Ngạo Thị Bát Hoang,24,16,1,-1,1,4,false,1,-1,-1,720
10137278,Ngạo Thị Bát Hoang,24,16,1,-1,1,4,false,1,-1,-1,2160
10137279,Ngạo Thị Bát Hoang,24,16,1,-1,1,4,false,1,-1,-1,4320
10137280,Ngạo Thị Bát Hoang,24,16,1,-1,1,4,false,1,-1,-1,8640
10137281,Ngạo Thị Bát Hoang,24,16,1,-1,1,4,false,1,-1,-1,-1
10137282,Ngạo Thị Bát Hoang,24,16,1,-1,1,4,false,1,-1,-1,24
10137283,Ngạo Thị Bát Hoang,24,16,1,-1,1,4,false,1,-1,-1,72
10137284,Ngạo Thị Bát Hoang,24,16,1,-1,1,4,false,1,-1,-1,168
10137285,Ngạo Thị Bát Hoang,24,16,1,-1,1,4,false,1,-1,-1,360
10137286,Ngạo Thị Bát Hoang,24,16,1,-1,1,4,false,1,-1,-1,720
10137287,Ngạo Thị Bát Hoang,24,16,1,-1,1,4,false,1,-1,-1,2160
10137288,Ngạo Thị Bát Hoang,24,16,1,-1,1,4,false,1,-1,-1,4320
10137289,Ngạo Thị Bát Hoang,24,16,1,-1,1,4,false,1,-1,-1,8640
10137290,Ngạo Thị Bát Hoang,24,16,1,-1,1,4,false,1,-1,-1,-1
10137291,Ảm Nhiên Tiêu Hồn,24,16,1,-1,1,4,false,1,-1,-1,24
10137292,Ảm Nhiên Tiêu Hồn,24,16,1,-1,1,4,false,1,-1,-1,72
10137293,Ảm Nhiên Tiêu Hồn,24,16,1,-1,1,4,false,1,-1,-1,168
10137294,Ảm Nhiên Tiêu Hồn,24,16,1,-1,1,4,false,1,-1,-1,360
10137295,Ảm Nhiên Tiêu Hồn,24,16,1,-1,1,4,false,1,-1,-1,720
10137296,Ảm Nhiên Tiêu Hồn,24,16,1,-1,1,4,false,1,-1,-1,2160
10137297,Ảm Nhiên Tiêu Hồn,24,16,1,-1,1,4,false,1,-1,-1,4320
10137298,Ảm Nhiên Tiêu Hồn,24,16,1,-1,1,4,false,1,-1,-1,-1
10137299,Ảm Nhiên Tiêu Hồn,24,16,1,-1,1,4,false,1,-1,-1,24
10137300,Ảm Nhiên Tiêu Hồn,24,16,1,-1,1,4,false,1,-1,-1,72
10137301,Ảm Nhiên Tiêu Hồn,24,16,1,-1,1,4,false,1,-1,-1,168
10137302,Ảm Nhiên Tiêu Hồn,24,16,1,-1,1,4,false,1,-1,-1,360
10137303,Ảm Nhiên Tiêu Hồn,24,16,1,-1,1,4,false,1,-1,-1,720
10137304,Ảm Nhiên Tiêu Hồn,24,16,1,-1,1,4,false,1,-1,-1,2160
10137305,Ảm Nhiên Tiêu Hồn,24,16,1,-1,1,4,false,1,-1,-1,4320
10137306,Ảm Nhiên Tiêu Hồn,24,16,1,-1,1,4,false,1,-1,-1,-1
10137307,Phượng Hoàng Vu Phi,24,16,1,-1,1,4,false,1,-1,-1,24
10137308,Phượng Hoàng Vu Phi,24,16,1,-1,1,4,false,1,-1,-1,72
10137309,Phượng Hoàng Vu Phi,24,16,1,-1,1,4,false,1,-1,-1,168
10137310,Phượng Hoàng Vu Phi,24,16,1,-1,1,4,false,1,-1,-1,360
10137311,Phượng Hoàng Vu Phi,24,16,1,-1,1,4,false,1,-1,-1,720
10137312,Phượng Hoàng Vu Phi,24,16,1,-1,1,4,false,1,-1,-1,2160
10137313,Phượng Hoàng Vu Phi,24,16,1,-1,1,4,false,1,-1,-1,4320
10137314,Phượng Hoàng Vu Phi,24,16,1,-1,1,4,false,1,-1,-1,-1
10137315,Phượng Hoàng Vu Phi,24,16,1,-1,1,4,false,1,-1,-1,24
10137316,Phượng Hoàng Vu Phi,24,16,1,-1,1,4,false,1,-1,-1,72
10137317,Phượng Hoàng Vu Phi,24,16,1,-1,1,4,false,1,-1,-1,168
10137318,Phượng Hoàng Vu Phi,24,16,1,-1,1,4,false,1,-1,-1,360
10137319,Phượng Hoàng Vu Phi,24,16,1,-1,1,4,false,1,-1,-1,720
10137320,Phượng Hoàng Vu Phi,24,16,1,-1,1,4,false,1,-1,-1,2160
10137321,Phượng Hoàng Vu Phi,24,16,1,-1,1,4,false,1,-1,-1,4320
10137322,Phượng Hoàng Vu Phi,24,16,1,-1,1,4,false,1,-1,-1,-1
10137323,Phượng Hoàng Vu Phi,24,16,1,-1,1,4,false,1,-1,-1,24
10137324,Phượng Hoàng Vu Phi,24,16,1,-1,1,4,false,1,-1,-1,72
10137325,Phượng Hoàng Vu Phi,24,16,1,-1,1,4,false,1,-1,-1,168
10137326,Phượng Hoàng Vu Phi,24,16,1,-1,1,4,false,1,-1,-1,360
10137327,Phượng Hoàng Vu Phi,24,16,1,-1,1,4,false,1,-1,-1,720
10137328,Phượng Hoàng Vu Phi,24,16,1,-1,1,4,false,1,-1,-1,2160
10137329,Phượng Hoàng Vu Phi,24,16,1,-1,1,4,false,1,-1,-1,4320
10137330,Phượng Hoàng Vu Phi,24,16,1,-1,1,4,false,1,-1,-1,-1
10137331,Phượng Hoàng Vu Phi,24,16,1,-1,1,4,false,1,-1,-1,24
10137332,Phượng Hoàng Vu Phi,24,16,1,-1,1,4,false,1,-1,-1,72
10137333,Phượng Hoàng Vu Phi,24,16,1,-1,1,4,false,1,-1,-1,168
10137334,Phượng Hoàng Vu Phi,24,16,1,-1,1,4,false,1,-1,-1,360
10137335,Phượng Hoàng Vu Phi,24,16,1,-1,1,4,false,1,-1,-1,720
10137336,Phượng Hoàng Vu Phi,24,16,1,-1,1,4,false,1,-1,-1,2160
10137337,Phượng Hoàng Vu Phi,24,16,1,-1,1,4,false,1,-1,-1,4320
10137338,Phượng Hoàng Vu Phi,24,16,1,-1,1,4,false,1,-1,-1,-1
10137339,Phượng Hoàng Vu Phi,24,16,1,-1,1,4,false,1,-1,-1,1440
10137340,Cẩm Tú Du Tiên,24,16,1,-1,1,4,false,1,-1,-1,4320
10137341,Cẩm Tú Du Tiên,24,16,1,-1,1,4,false,1,-1,-1,2160
10137342,Cẩm Tú Du Tiên,24,16,1,-1,1,4,false,1,-1,-1,720
10137343,Như Mộng Oanh Tiên,24,16,1,-1,1,4,false,1,-1,-1,24
10137344,Như Mộng Oanh Tiên,24,16,1,-1,1,4,false,1,-1,-1,72
10137345,Như Mộng Oanh Tiên,24,16,1,-1,1,4,false,1,-1,-1,168
10137346,Như Mộng Oanh Tiên,24,16,1,-1,1,4,false,1,-1,-1,360
10137347,Như Mộng Oanh Tiên,24,16,1,-1,1,4,false,1,-1,-1,720
10137348,Như Mộng Oanh Tiên,24,16,1,-1,1,4,false,1,-1,-1,2160
10137349,Như Mộng Oanh Tiên,24,16,1,-1,1,4,false,1,-1,-1,4320
10137350,Như Mộng Oanh Tiên,24,16,1,-1,1,4,false,1,-1,-1,-1
10137351,Như Mộng Oanh Tiên,24,16,1,-1,1,4,false,1,-1,-1,24
10137352,Như Mộng Oanh Tiên,24,16,1,-1,1,4,false,1,-1,-1,72
10137353,Như Mộng Oanh Tiên,24,16,1,-1,1,4,false,1,-1,-1,168
10137354,Như Mộng Oanh Tiên,24,16,1,-1,1,4,false,1,-1,-1,360
10137355,Như Mộng Oanh Tiên,24,16,1,-1,1,4,false,1,-1,-1,720
10137356,Như Mộng Oanh Tiên,24,16,1,-1,1,4,false,1,-1,-1,2160
10137357,Như Mộng Oanh Tiên,24,16,1,-1,1,4,false,1,-1,-1,4320
10137358,Như Mộng Oanh Tiên,24,16,1,-1,1,4,false,1,-1,-1,-1
10137359,Chư Tương Phi Tương,24,16,60,0,1,4,false,1,-1,-1,168
10137360,Chư Tương Phi Tương,24,16,60,0,1,4,false,1,-1,-1,720
10137361,Chư Tương Phi Tương,24,16,60,0,1,4,false,1,-1,-1,2160
10137362,Nghiệp Hoả Phần Chân,24,16,60,1,1,4,false,1,-1,-1,168
10137363,Nghiệp Hoả Phần Chân,24,16,60,1,1,4,false,1,-1,-1,720
10137364,Nghiệp Hoả Phần Chân,24,16,60,1,1,4,false,1,-1,-1,2160
10137365,Tung Ẩm Triều Thiên,24,16,60,2,1,4,false,1,-1,-1,168
10137366,Tung Ẩm Triều Thiên,24,16,60,2,1,4,false,1,-1,-1,720
10137367,Tung Ẩm Triều Thiên,24,16,60,2,1,4,false,1,-1,-1,2160
10137368,Vấn Đạo Thanh Tiêu,24,16,60,3,1,4,false,1,-1,-1,168
10137369,Vấn Đạo Thanh Tiêu,24,16,60,3,1,4,false,1,-1,-1,720
10137370,Vấn Đạo Thanh Tiêu,24,16,60,3,1,4,false,1,-1,-1,2160
10137371,Lâm Thuỷ Chiếu Hoa,24,16,60,4,1,4,false,1,-1,-1,168
10137372,Lâm Thuỷ Chiếu Hoa,24,16,60,4,1,4,false,1,-1,-1,720
10137373,Lâm Thuỷ Chiếu Hoa,24,16,60,4,1,4,false,1,-1,-1,2160
10137374,U Huỳnh Nhập Mộng,24,16,60,5,1,4,false,1,-1,-1,168
10137375,U Huỳnh Nhập Mộng,24,16,60,5,1,4,false,1,-1,-1,720
10137376,U Huỳnh Nhập Mộng,24,16,60,5,1,4,false,1,-1,-1,2160
10137377,Long Ẩn Thương Hiệp,24,16,60,6,1,4,false,1,-1,-1,168
10137378,Long Ẩn Thương Hiệp,24,16,60,6,1,4,false,1,-1,-1,720
10137379,Long Ẩn Thương Hiệp,24,16,60,6,1,4,false,1,-1,-1,2160
10137380,Tuyết Hải Thương Mang,24,16,60,7,1,4,false,1,-1,-1,168
10137381,Tuyết Hải Thương Mang,24,16,60,7,1,4,false,1,-1,-1,720
10137382,Tuyết Hải Thương Mang,24,16,60,7,1,4,false,1,-1,-1,2160
10137383,Sơn Sắc Không Mông,24,16,60,8,1,4,false,1,-1,-1,168
10137384,Sơn Sắc Không Mông,24,16,60,8,1,4,false,1,-1,-1,720
10137385,Sơn Sắc Không Mông,24,16,60,8,1,4,false,1,-1,-1,2160
10137386,Mộ Vân Già Dã,24,16,60,10,1,4,false,1,-1,-1,168
10137387,Mộ Vân Già Dã,24,16,60,10,1,4,false,1,-1,-1,720
10137388,Mộ Vân Già Dã,24,16,60,10,1,4,false,1,-1,-1,2160
10137389,Vân Hồng Truỵ Dạ,24,16,60,11,1,4,false,1,-1,-1,168
10137390,Vân Hồng Truỵ Dạ,24,16,60,11,1,4,false,1,-1,-1,720
10137391,Vân Hồng Truỵ Dạ,24,16,60,11,1,4,false,1,-1,-1,2160
10137392,Thái Bạch Ngang Dạ,24,16,60,12,1,4,false,1,-1,-1,168
10137393,Thái Bạch Ngang Dạ,24,16,60,12,1,4,false,1,-1,-1,720
10137394,Thái Bạch Ngang Dạ,24,16,60,12,1,4,false,1,-1,-1,2160
10137395,Huyễn Mộng Phù Sinh,24,16,60,13,1,4,false,1,-1,-1,168
10137396,Huyễn Mộng Phù Sinh,24,16,60,13,1,4,false,1,-1,-1,720
10137397,Huyễn Mộng Phù Sinh,24,16,60,13,1,4,false,1,-1,-1,2160
10137398,Xích Nhật Dư Huy,24,16,60,14,1,4,false,1,-1,-1,168
10137399,Xích Nhật Dư Huy,24,16,60,14,1,4,false,1,-1,-1,720
10137400,Xích Nhật Dư Huy,24,16,60,14,1,4,false,1,-1,-1,2160
10137401,Phù Quang Tận Nhiễm,24,16,1,-1,1,4,false,1,-1,-1,-1
10137402,Phù Quang Tận Nhiễm,24,16,1,-1,1,4,false,1,-1,-1,-1
10137403,Ngạo Giáp Lăng Sương,24,16,1,-1,1,4,false,1,-1,-1,24
10137404,Ngạo Giáp Lăng Sương,24,16,1,-1,1,4,false,1,-1,-1,72
10137405,Ngạo Giáp Lăng Sương,24,16,1,-1,1,4,false,1,-1,-1,168
10137406,Ngạo Giáp Lăng Sương,24,16,1,-1,1,4,false,1,-1,-1,360
10137407,Ngạo Giáp Lăng Sương,24,16,1,-1,1,4,false,1,-1,-1,720
10137408,Ngạo Giáp Lăng Sương,24,16,1,-1,1,4,false,1,-1,-1,2160
10137409,Ngạo Giáp Lăng Sương,24,16,1,-1,1,4,false,1,-1,-1,4320
10137410,Ngạo Giáp Lăng Sương,24,16,1,-1,1,4,false,1,-1,-1,-1
10137411,Ngạo Giáp Lăng Sương,24,16,1,-1,1,4,false,1,-1,-1,24
10137412,Ngạo Giáp Lăng Sương,24,16,1,-1,1,4,false,1,-1,-1,72
10137413,Ngạo Giáp Lăng Sương,24,16,1,-1,1,4,false,1,-1,-1,168
10137414,Ngạo Giáp Lăng Sương,24,16,1,-1,1,4,false,1,-1,-1,360
10137415,Ngạo Giáp Lăng Sương,24,16,1,-1,1,4,false,1,-1,-1,720
10137416,Ngạo Giáp Lăng Sương,24,16,1,-1,1,4,false,1,-1,-1,2160
10137417,Ngạo Giáp Lăng Sương,24,16,1,-1,1,4,false,1,-1,-1,4320
10137418,Ngạo Giáp Lăng Sương,24,16,1,-1,1,4,false,1,-1,-1,-1
10137419,Ngạo Giáp Lăng Sương,24,16,1,-1,1,4,false,1,-1,-1,-1
10137420,Chư Tương Phi Tương,24,16,60,0,1,4,false,1,-1,-1,360
10137421,Chư Tương Phi Tương,24,16,60,0,1,4,false,1,-1,-1,-1
10137422,Nghiệp Hoả Phần Chân,24,16,60,1,1,4,false,1,-1,-1,360
10137423,Nghiệp Hoả Phần Chân,24,16,60,1,1,4,false,1,-1,-1,-1
10137424,Tung Ẩm Triều Thiên,24,16,60,2,1,4,false,1,-1,-1,360
10137425,Tung Ẩm Triều Thiên,24,16,60,2,1,4,false,1,-1,-1,-1
10137426,Vấn Đạo Thanh Tiêu,24,16,60,3,1,4,false,1,-1,-1,360
10137427,Vấn Đạo Thanh Tiêu,24,16,60,3,1,4,false,1,-1,-1,-1
10137428,Lâm Thuỷ Chiếu Hoa,24,16,60,4,1,4,false,1,-1,-1,360
10137429,Lâm Thuỷ Chiếu Hoa,24,16,60,4,1,4,false,1,-1,-1,-1
10137430,U Huỳnh Nhập Mộng,24,16,60,5,1,4,false,1,-1,-1,360
10137431,U Huỳnh Nhập Mộng,24,16,60,5,1,4,false,1,-1,-1,-1
10137432,Long Ẩn Thương Hiệp,24,16,60,6,1,4,false,1,-1,-1,360
10137433,Long Ẩn Thương Hiệp,24,16,60,6,1,4,false,1,-1,-1,-1
10137434,Tuyết Hải Thương Mang,24,16,60,7,1,4,false,1,-1,-1,360
10137435,Tuyết Hải Thương Mang,24,16,60,7,1,4,false,1,-1,-1,-1
10137436,Sơn Sắc Không Mông,24,16,60,8,1,4,false,1,-1,-1,360
10137437,Sơn Sắc Không Mông,24,16,60,8,1,4,false,1,-1,-1,-1
10137438,Mộ Vân Già Dã,24,16,60,10,1,4,false,1,-1,-1,360
10137439,Mộ Vân Già Dã,24,16,60,10,1,4,false,1,-1,-1,-1
10137440,Vân Hồng Truỵ Dạ,24,16,60,11,1,4,false,1,-1,-1,360
10137441,Vân Hồng Truỵ Dạ,24,16,60,11,1,4,false,1,-1,-1,-1
10137442,Thái Bạch Ngang Dạ,24,16,60,12,1,4,false,1,-1,-1,360
10137443,Thái Bạch Ngang Dạ,24,16,60,12,1,4,false,1,-1,-1,-1
10137444,Huyễn Mộng Phù Sinh,24,16,60,13,1,4,false,1,-1,-1,360
10137445,Huyễn Mộng Phù Sinh,24,16,60,13,1,4,false,1,-1,-1,-1
10137446,Xích Nhật Dư Huy,24,16,60,14,1,4,false,1,-1,-1,360
10137447,Xích Nhật Dư Huy,24,16,60,14,1,4,false,1,-1,-1,-1
10137448,Chư Tương Phi Tương,24,16,60,0,1,4,false,1,-1,-1,72
10137449,Nghiệp Hoả Phần Chân,24,16,60,1,1,4,false,1,-1,-1,72
10137450,Tung Ẩm Triều Thiên,24,16,60,2,1,4,false,1,-1,-1,72
10137451,Vấn Đạo Thanh Tiêu,24,16,60,3,1,4,false,1,-1,-1,72
10137452,Lâm Thuỷ Chiếu Hoa,24,16,60,4,1,4,false,1,-1,-1,72
10137453,U Huỳnh Nhập Mộng,24,16,60,5,1,4,false,1,-1,-1,72
10137454,Long Ẩn Thương Hiệp,24,16,60,6,1,4,false,1,-1,-1,72
10137455,Tuyết Hải Thương Mang,24,16,60,7,1,4,false,1,-1,-1,72
10137456,Sơn Sắc Không Mông,24,16,60,8,1,4,false,1,-1,-1,72
10137457,Mộ Vân Già Dã,24,16,60,10,1,4,false,1,-1,-1,72
10137458,Vân Hồng Truỵ Dạ,24,16,60,11,1,4,false,1,-1,-1,72
10137459,Thái Bạch Ngang Dạ,24,16,60,12,1,4,false,1,-1,-1,72
10137460,Huyễn Mộng Phù Sinh,24,16,60,13,1,4,false,1,-1,-1,72
10137461,Xích Nhật Dư Huy,24,16,60,14,1,4,false,1,-1,-1,72
10137462,Nguyệt Thỏ Thương Lang - Như Mộng,24,16,1,-1,1,4,false,1,-1,-1,24
10137463,Nguyệt Thỏ Thương Lang - Như Mộng,24,16,1,-1,1,4,false,1,-1,-1,72
10137464,Nguyệt Thỏ Thương Lang - Như Mộng,24,16,1,-1,1,4,false,1,-1,-1,168
10137465,Nguyệt Thỏ Thương Lang - Như Mộng,24,16,1,-1,1,4,false,1,-1,-1,360
10137466,Nguyệt Thỏ Thương Lang - Như Mộng,24,16,1,-1,1,4,false,1,-1,-1,720
10137467,Nguyệt Thỏ Thương Lang - Như Mộng,24,16,1,-1,1,4,false,1,-1,-1,2160
10137468,Nguyệt Thỏ Thương Lang - Như Mộng,24,16,1,-1,1,4,false,1,-1,-1,4320
10137469,Nguyệt Thỏ Thương Lang - Như Mộng,24,16,1,-1,1,4,false,1,-1,-1,-1
10137470,Nguyệt Thỏ Thương Lang - Như Mộng,24,16,1,-1,1,4,false,1,-1,-1,24
10137471,Nguyệt Thỏ Thương Lang - Như Mộng,24,16,1,-1,1,4,false,1,-1,-1,72
10137472,Nguyệt Thỏ Thương Lang - Như Mộng,24,16,1,-1,1,4,false,1,-1,-1,168
10137473,Nguyệt Thỏ Thương Lang - Như Mộng,24,16,1,-1,1,4,false,1,-1,-1,360
10137474,Nguyệt Thỏ Thương Lang - Như Mộng,24,16,1,-1,1,4,false,1,-1,-1,720
10137475,Nguyệt Thỏ Thương Lang - Như Mộng,24,16,1,-1,1,4,false,1,-1,-1,2160
10137476,Nguyệt Thỏ Thương Lang - Như Mộng,24,16,1,-1,1,4,false,1,-1,-1,4320
10137477,Nguyệt Thỏ Thương Lang - Như Mộng,24,16,1,-1,1,4,false,1,-1,-1,-1
10137478,Ngự Long Cửu Tiêu,24,16,1,-1,1,4,false,1,-1,-1,24
10137479,Ngự Long Cửu Tiêu,24,16,1,-1,1,4,false,1,-1,-1,72
10137480,Ngự Long Cửu Tiêu,24,16,1,-1,1,4,false,1,-1,-1,168
10137481,Ngự Long Cửu Tiêu,24,16,1,-1,1,4,false,1,-1,-1,360
10137482,Ngự Long Cửu Tiêu,24,16,1,-1,1,4,false,1,-1,-1,720
10137483,Ngự Long Cửu Tiêu,24,16,1,-1,1,4,false,1,-1,-1,2160
10137484,Ngự Long Cửu Tiêu,24,16,1,-1,1,4,false,1,-1,-1,4320
10137485,Ngự Long Cửu Tiêu,24,16,1,-1,1,4,false,1,-1,-1,-1
10137486,Ngự Long Cửu Tiêu,24,16,1,-1,1,4,false,1,-1,-1,24
10137487,Ngự Long Cửu Tiêu,24,16,1,-1,1,4,false,1,-1,-1,72
10137488,Ngự Long Cửu Tiêu,24,16,1,-1,1,4,false,1,-1,-1,168
10137489,Ngự Long Cửu Tiêu,24,16,1,-1,1,4,false,1,-1,-1,360
10137490,Ngự Long Cửu Tiêu,24,16,1,-1,1,4,false,1,-1,-1,720
10137491,Ngự Long Cửu Tiêu,24,16,1,-1,1,4,false,1,-1,-1,2160
10137492,Ngự Long Cửu Tiêu,24,16,1,-1,1,4,false,1,-1,-1,4320
10137493,Ngự Long Cửu Tiêu,24,16,1,-1,1,4,false,1,-1,-1,-1
10137494,Nguyệt Thỏ Thương Lang - Như Mộng,24,16,1,-1,1,4,false,1,-1,-1,-1
10137495,Bật Sương Vấn Nguyệt,24,16,1,-1,1,4,false,1,-1,-1,24
10137496,Bật Sương Vấn Nguyệt,24,16,1,-1,1,4,false,1,-1,-1,72
10137497,Bật Sương Vấn Nguyệt,24,16,1,-1,1,4,false,1,-1,-1,168
10137498,Bật Sương Vấn Nguyệt,24,16,1,-1,1,4,false,1,-1,-1,360
10137499,Bật Sương Vấn Nguyệt,24,16,1,-1,1,4,false,1,-1,-1,720
10137500,Bật Sương Vấn Nguyệt,24,16,1,-1,1,4,false,1,-1,-1,2160
10137501,Bật Sương Vấn Nguyệt,24,16,1,-1,1,4,false,1,-1,-1,4320
10137502,Bật Sương Vấn Nguyệt,24,16,1,-1,1,4,false,1,-1,-1,-1
10137503,Bật Sương Vấn Nguyệt,24,16,1,-1,1,4,false,1,-1,-1,24
10137504,Bật Sương Vấn Nguyệt,24,16,1,-1,1,4,false,1,-1,-1,72
10137505,Bật Sương Vấn Nguyệt,24,16,1,-1,1,4,false,1,-1,-1,168
10137506,Bật Sương Vấn Nguyệt,24,16,1,-1,1,4,false,1,-1,-1,360
10137507,Bật Sương Vấn Nguyệt,24,16,1,-1,1,4,false,1,-1,-1,720
10137508,Bật Sương Vấn Nguyệt,24,16,1,-1,1,4,false,1,-1,-1,2160
10137509,Bật Sương Vấn Nguyệt,24,16,1,-1,1,4,false,1,-1,-1,4320
10137510,Bật Sương Vấn Nguyệt,24,16,1,-1,1,4,false,1,-1,-1,-1
10137511,Lộng Khinh Liên,24,16,1,-1,1,4,false,1,-1,-1,24
10137512,Lộng Khinh Liên,24,16,1,-1,1,4,false,1,-1,-1,72
10137513,Lộng Khinh Liên,24,16,1,-1,1,4,false,1,-1,-1,168
10137514,Lộng Khinh Liên,24,16,1,-1,1,4,false,1,-1,-1,360
10137515,Lộng Khinh Liên,24,16,1,-1,1,4,false,1,-1,-1,720
10137516,Lộng Khinh Liên,24,16,1,-1,1,4,false,1,-1,-1,2160
10137517,Lộng Khinh Liên,24,16,1,-1,1,4,false,1,-1,-1,4320
10137518,Lộng Khinh Liên,24,16,1,-1,1,4,false,1,-1,-1,-1
10137519,Lộng Khinh Liên,24,16,1,-1,1,4,false,1,-1,-1,24
10137520,Lộng Khinh Liên,24,16,1,-1,1,4,false,1,-1,-1,72
10137521,Lộng Khinh Liên,24,16,1,-1,1,4,false,1,-1,-1,168
10137522,Lộng Khinh Liên,24,16,1,-1,1,4,false,1,-1,-1,360
10137523,Lộng Khinh Liên,24,16,1,-1,1,4,false,1,-1,-1,720
10137524,Lộng Khinh Liên,24,16,1,-1,1,4,false,1,-1,-1,2160
10137525,Lộng Khinh Liên,24,16,1,-1,1,4,false,1,-1,-1,4320
10137526,Lộng Khinh Liên,24,16,1,-1,1,4,false,1,-1,-1,-1
10137527,Kim Nghê Bão Hỷ,24,16,1,-1,1,4,false,1,-1,-1,168
10137528,Tương Kiến Hoan,24,16,1,-1,1,4,false,1,-1,-1,-1
10137529,Yên Vân Hướng Vãn,24,16,1,-1,1,4,false,1,-1,-1,24
10137530,Yên Vân Hướng Vãn,24,16,1,-1,1,4,false,1,-1,-1,72
10137531,Yên Vân Hướng Vãn,24,16,1,-1,1,4,false,1,-1,-1,168
10137532,Yên Vân Hướng Vãn,24,16,1,-1,1,4,false,1,-1,-1,360
10137533,Yên Vân Hướng Vãn,24,16,1,-1,1,4,false,1,-1,-1,720
10137534,Yên Vân Hướng Vãn,24,16,1,-1,1,4,false,1,-1,-1,2160
10137535,Yên Vân Hướng Vãn,24,16,1,-1,1,4,false,1,-1,-1,4320
10137536,Yên Vân Hướng Vãn,24,16,1,-1,1,4,false,1,-1,-1,-1
10137537,Yên Vân Hướng Vãn,24,16,1,-1,1,4,false,1,-1,-1,24
10137538,Yên Vân Hướng Vãn,24,16,1,-1,1,4,false,1,-1,-1,72
10137539,Yên Vân Hướng Vãn,24,16,1,-1,1,4,false,1,-1,-1,168
10137540,Yên Vân Hướng Vãn,24,16,1,-1,1,4,false,1,-1,-1,360
10137541,Yên Vân Hướng Vãn,24,16,1,-1,1,4,false,1,-1,-1,720
10137542,Yên Vân Hướng Vãn,24,16,1,-1,1,4,false,1,-1,-1,2160
10137543,Yên Vân Hướng Vãn,24,16,1,-1,1,4,false,1,-1,-1,4320
10137544,Yên Vân Hướng Vãn,24,16,1,-1,1,4,false,1,-1,-1,-1
10137545,Ngự Long Cửu Tiêu,24,16,1,-1,1,4,false,1,-1,-1,-1
10137546,Thương Vũ Linh Dạ,24,16,1,-1,1,4,false,1,-1,-1,24
10137547,Thương Vũ Linh Dạ,24,16,1,-1,1,4,false,1,-1,-1,72
10137548,Thương Vũ Linh Dạ,24,16,1,-1,1,4,false,1,-1,-1,168
10137549,Thương Vũ Linh Dạ,24,16,1,-1,1,4,false,1,-1,-1,360
10137550,Thương Vũ Linh Dạ,24,16,1,-1,1,4,false,1,-1,-1,720
10137551,Thương Vũ Linh Dạ,24,16,1,-1,1,4,false,1,-1,-1,2160
10137552,Thương Vũ Linh Dạ,24,16,1,-1,1,4,false,1,-1,-1,4320
10137553,Thương Vũ Linh Dạ,24,16,1,-1,1,4,false,1,-1,-1,-1
10137554,Thương Vũ Linh Dạ,24,16,1,-1,1,4,false,1,-1,-1,24
10137555,Thương Vũ Linh Dạ,24,16,1,-1,1,4,false,1,-1,-1,72
10137556,Thương Vũ Linh Dạ,24,16,1,-1,1,4,false,1,-1,-1,168
10137557,Thương Vũ Linh Dạ,24,16,1,-1,1,4,false,1,-1,-1,360
10137558,Thương Vũ Linh Dạ,24,16,1,-1,1,4,false,1,-1,-1,720
10137559,Thương Vũ Linh Dạ,24,16,1,-1,1,4,false,1,-1,-1,2160
10137560,Thương Vũ Linh Dạ,24,16,1,-1,1,4,false,1,-1,-1,4320
10137561,Thương Vũ Linh Dạ,24,16,1,-1,1,4,false,1,-1,-1,-1
10137562,Kinh Cúc Mai Khôi,24,16,1,-1,1,4,false,1,-1,-1,24
10137563,Kinh Cúc Mai Khôi,24,16,1,-1,1,4,false,1,-1,-1,72
10137564,Kinh Cúc Mai Khôi,24,16,1,-1,1,4,false,1,-1,-1,168
10137565,Kinh Cúc Mai Khôi,24,16,1,-1,1,4,false,1,-1,-1,360
10137566,Kinh Cúc Mai Khôi,24,16,1,-1,1,4,false,1,-1,-1,720
10137567,Kinh Cúc Mai Khôi,24,16,1,-1,1,4,false,1,-1,-1,2160
10137568,Kinh Cúc Mai Khôi,24,16,1,-1,1,4,false,1,-1,-1,4320
10137569,Kinh Cúc Mai Khôi,24,16,1,-1,1,4,false,1,-1,-1,-1
10137570,Kinh Cúc Mai Khôi,24,16,1,-1,1,4,false,1,-1,-1,24
10137571,Kinh Cúc Mai Khôi,24,16,1,-1,1,4,false,1,-1,-1,72
10137572,Kinh Cúc Mai Khôi,24,16,1,-1,1,4,false,1,-1,-1,168
10137573,Kinh Cúc Mai Khôi,24,16,1,-1,1,4,false,1,-1,-1,360
10137574,Kinh Cúc Mai Khôi,24,16,1,-1,1,4,false,1,-1,-1,720
10137575,Kinh Cúc Mai Khôi,24,16,1,-1,1,4,false,1,-1,-1,2160
10137576,Kinh Cúc Mai Khôi,24,16,1,-1,1,4,false,1,-1,-1,4320
10137577,Kinh Cúc Mai Khôi,24,16,1,-1,1,4,false,1,-1,-1,-1
10137578,Kinh Cúc Mai Khôi,24,16,1,-1,1,4,false,1,-1,-1,24
10137579,Kinh Cúc Mai Khôi,24,16,1,-1,1,4,false,1,-1,-1,72
10137580,Kinh Cúc Mai Khôi,24,16,1,-1,1,4,false,1,-1,-1,168
10137581,Kinh Cúc Mai Khôi,24,16,1,-1,1,4,false,1,-1,-1,360
10137582,Kinh Cúc Mai Khôi,24,16,1,-1,1,4,false,1,-1,-1,720
10137583,Kinh Cúc Mai Khôi,24,16,1,-1,1,4,false,1,-1,-1,2160
10137584,Kinh Cúc Mai Khôi,24,16,1,-1,1,4,false,1,-1,-1,4320
10137585,Kinh Cúc Mai Khôi,24,16,1,-1,1,4,false,1,-1,-1,-1
10137586,Kinh Cúc Mai Khôi,24,16,1,-1,1,4,false,1,-1,-1,24
10137587,Kinh Cúc Mai Khôi,24,16,1,-1,1,4,false,1,-1,-1,72
10137588,Kinh Cúc Mai Khôi,24,16,1,-1,1,4,false,1,-1,-1,168
10137589,Kinh Cúc Mai Khôi,24,16,1,-1,1,4,false,1,-1,-1,360
10137590,Kinh Cúc Mai Khôi,24,16,1,-1,1,4,false,1,-1,-1,720
10137591,Kinh Cúc Mai Khôi,24,16,1,-1,1,4,false,1,-1,-1,2160
10137592,Kinh Cúc Mai Khôi,24,16,1,-1,1,4,false,1,-1,-1,4320
10137593,Kinh Cúc Mai Khôi,24,16,1,-1,1,4,false,1,-1,-1,-1
10137594,Kinh Cúc Mai Khôi,24,16,1,-1,1,4,false,1,-1,-1,1440
10137595,Bật Sương Vấn Nguyệt,24,16,1,-1,1,4,false,1,-1,-1,24
10137596,Bật Sương Vấn Nguyệt,24,16,1,-1,1,4,false,1,-1,-1,72
10137597,Bật Sương Vấn Nguyệt,24,16,1,-1,1,4,false,1,-1,-1,168
10137598,Bật Sương Vấn Nguyệt,24,16,1,-1,1,4,false,1,-1,-1,360
10137599,Bật Sương Vấn Nguyệt,24,16,1,-1,1,4,false,1,-1,-1,720
10137600,Bật Sương Vấn Nguyệt,24,16,1,-1,1,4,false,1,-1,-1,2160
10137601,Bật Sương Vấn Nguyệt,24,16,1,-1,1,4,false,1,-1,-1,4320
10137602,Bật Sương Vấn Nguyệt,24,16,1,-1,1,4,false,1,-1,-1,-1
10137603,Bật Sương Vấn Nguyệt,24,16,1,-1,1,4,false,1,-1,-1,24
10137604,Bật Sương Vấn Nguyệt,24,16,1,-1,1,4,false,1,-1,-1,72
10137605,Bật Sương Vấn Nguyệt,24,16,1,-1,1,4,false,1,-1,-1,168
10137606,Bật Sương Vấn Nguyệt,24,16,1,-1,1,4,false,1,-1,-1,360
10137607,Bật Sương Vấn Nguyệt,24,16,1,-1,1,4,false,1,-1,-1,720
10137608,Bật Sương Vấn Nguyệt,24,16,1,-1,1,4,false,1,-1,-1,2160
10137609,Bật Sương Vấn Nguyệt,24,16,1,-1,1,4,false,1,-1,-1,4320
10137610,Bật Sương Vấn Nguyệt,24,16,1,-1,1,4,false,1,-1,-1,-1
10137611,Bật Sương Vấn Nguyệt,24,16,1,-1,1,4,false,1,-1,-1,8640
10137612,Mặc Tử Thiên Hồng - Long Ảnh,24,16,1,-1,1,4,false,1,-1,-1,24
10137613,Mặc Tử Thiên Hồng - Long Ảnh,24,16,1,-1,1,4,false,1,-1,-1,72
10137614,Mặc Tử Thiên Hồng - Long Ảnh,24,16,1,-1,1,4,false,1,-1,-1,168
10137615,Mặc Tử Thiên Hồng - Long Ảnh,24,16,1,-1,1,4,false,1,-1,-1,360
10137616,Mặc Tử Thiên Hồng - Long Ảnh,24,16,1,-1,1,4,false,1,-1,-1,720
10137617,Mặc Tử Thiên Hồng - Long Ảnh,24,16,1,-1,1,4,false,1,-1,-1,2160
10137618,Mặc Tử Thiên Hồng - Long Ảnh,24,16,1,-1,1,4,false,1,-1,-1,4320
10137619,Mặc Tử Thiên Hồng - Long Ảnh,24,16,1,-1,1,4,false,1,-1,-1,-1
10137620,Mặc Tử Thiên Hồng - Long Ảnh,24,16,1,-1,1,4,false,1,-1,-1,24
10137621,Mặc Tử Thiên Hồng - Long Ảnh,24,16,1,-1,1,4,false,1,-1,-1,72
10137622,Mặc Tử Thiên Hồng - Long Ảnh,24,16,1,-1,1,4,false,1,-1,-1,168
10137623,Mặc Tử Thiên Hồng - Long Ảnh,24,16,1,-1,1,4,false,1,-1,-1,360
10137624,Mặc Tử Thiên Hồng - Long Ảnh,24,16,1,-1,1,4,false,1,-1,-1,720
10137625,Mặc Tử Thiên Hồng - Long Ảnh,24,16,1,-1,1,4,false,1,-1,-1,2160
10137626,Mặc Tử Thiên Hồng - Long Ảnh,24,16,1,-1,1,4,false,1,-1,-1,4320
10137627,Mặc Tử Thiên Hồng - Long Ảnh,24,16,1,-1,1,4,false,1,-1,-1,-1
10137628,Tuý Kim Triều,24,16,1,-1,1,4,false,1,-1,-1,24
10137629,Tuý Kim Triều,24,16,1,-1,1,4,false,1,-1,-1,72
10137630,Tuý Kim Triều,24,16,1,-1,1,4,false,1,-1,-1,168
10137631,Tuý Kim Triều,24,16,1,-1,1,4,false,1,-1,-1,360
10137632,Tuý Kim Triều,24,16,1,-1,1,4,false,1,-1,-1,720
10137633,Tuý Kim Triều,24,16,1,-1,1,4,false,1,-1,-1,2160
10137634,Tuý Kim Triều,24,16,1,-1,1,4,false,1,-1,-1,4320
10137635,Tuý Kim Triều,24,16,1,-1,1,4,false,1,-1,-1,-1
10137636,Tuý Kim Triều,24,16,1,-1,1,4,false,1,-1,-1,24
10137637,Tuý Kim Triều,24,16,1,-1,1,4,false,1,-1,-1,72
10137638,Tuý Kim Triều,24,16,1,-1,1,4,false,1,-1,-1,168
10137639,Tuý Kim Triều,24,16,1,-1,1,4,false,1,-1,-1,360
10137640,Tuý Kim Triều,24,16,1,-1,1,4,false,1,-1,-1,720
10137641,Tuý Kim Triều,24,16,1,-1,1,4,false,1,-1,-1,2160
10137642,Tuý Kim Triều,24,16,1,-1,1,4,false,1,-1,-1,4320
10137643,Tuý Kim Triều,24,16,1,-1,1,4,false,1,-1,-1,-1
10137644,Thiên Thiên Hướng Thượng - Văn Khúc,24,16,1,-1,1,4,false,1,-1,-1,24
10137645,Thiên Thiên Hướng Thượng - Văn Khúc,24,16,1,-1,1,4,false,1,-1,-1,72
10137646,Thiên Thiên Hướng Thượng - Văn Khúc,24,16,1,-1,1,4,false,1,-1,-1,168
10137647,Thiên Thiên Hướng Thượng - Văn Khúc,24,16,1,-1,1,4,false,1,-1,-1,360
10137648,Thiên Thiên Hướng Thượng - Văn Khúc,24,16,1,-1,1,4,false,1,-1,-1,720
10137649,Thiên Thiên Hướng Thượng - Văn Khúc,24,16,1,-1,1,4,false,1,-1,-1,2160
10137650,Thiên Thiên Hướng Thượng - Văn Khúc,24,16,1,-1,1,4,false,1,-1,-1,4320
10137651,Thiên Thiên Hướng Thượng - Văn Khúc,24,16,1,-1,1,4,false,1,-1,-1,-1
10137652,Thiên Thiên Hướng Thượng - Văn Khúc,24,16,1,-1,1,4,false,1,-1,-1,24
10137653,Thiên Thiên Hướng Thượng - Văn Khúc,24,16,1,-1,1,4,false,1,-1,-1,72
10137654,Thiên Thiên Hướng Thượng - Văn Khúc,24,16,1,-1,1,4,false,1,-1,-1,168
10137655,Thiên Thiên Hướng Thượng - Văn Khúc,24,16,1,-1,1,4,false,1,-1,-1,360
10137656,Thiên Thiên Hướng Thượng - Văn Khúc,24,16,1,-1,1,4,false,1,-1,-1,720
10137657,Thiên Thiên Hướng Thượng - Văn Khúc,24,16,1,-1,1,4,false,1,-1,-1,2160
10137658,Thiên Thiên Hướng Thượng - Văn Khúc,24,16,1,-1,1,4,false,1,-1,-1,4320
10137659,Thiên Thiên Hướng Thượng - Văn Khúc,24,16,1,-1,1,4,false,1,-1,-1,-1
10137660,Cửu Châu Đồng,24,16,1,-1,1,4,false,1,-1,-1,24
10137661,Cửu Châu Đồng,24,16,1,-1,1,4,false,1,-1,-1,72
10137662,Cửu Châu Đồng,24,16,1,-1,1,4,false,1,-1,-1,168
10137663,Cửu Châu Đồng,24,16,1,-1,1,4,false,1,-1,-1,360
10137664,Cửu Châu Đồng,24,16,1,-1,1,4,false,1,-1,-1,720
10137665,Cửu Châu Đồng,24,16,1,-1,1,4,false,1,-1,-1,2160
10137666,Cửu Châu Đồng,24,16,1,-1,1,4,false,1,-1,-1,4320
10137667,Cửu Châu Đồng,24,16,1,-1,1,4,false,1,-1,-1,-1
10137668,Cửu Châu Đồng,24,16,1,-1,1,4,false,1,-1,-1,24
10137669,Cửu Châu Đồng,24,16,1,-1,1,4,false,1,-1,-1,72
10137670,Cửu Châu Đồng,24,16,1,-1,1,4,false,1,-1,-1,168
10137671,Cửu Châu Đồng,24,16,1,-1,1,4,false,1,-1,-1,360
10137672,Cửu Châu Đồng,24,16,1,-1,1,4,false,1,-1,-1,720
10137673,Cửu Châu Đồng,24,16,1,-1,1,4,false,1,-1,-1,2160
10137674,Cửu Châu Đồng,24,16,1,-1,1,4,false,1,-1,-1,4320
10137675,Cửu Châu Đồng,24,16,1,-1,1,4,false,1,-1,-1,-1
10137676,Chúc Dung Tiên Khải - Hoa Khuyết,24,16,1,-1,1,4,false,1,-1,-1,24
10137677,Chúc Dung Tiên Khải - Hoa Khuyết,24,16,1,-1,1,4,false,1,-1,-1,72
10137678,Chúc Dung Tiên Khải - Hoa Khuyết,24,16,1,-1,1,4,false,1,-1,-1,168
10137679,Chúc Dung Tiên Khải - Hoa Khuyết,24,16,1,-1,1,4,false,1,-1,-1,360
10137680,Chúc Dung Tiên Khải - Hoa Khuyết,24,16,1,-1,1,4,false,1,-1,-1,720
10137681,Chúc Dung Tiên Khải - Hoa Khuyết,24,16,1,-1,1,4,false,1,-1,-1,2160
10137682,Chúc Dung Tiên Khải - Hoa Khuyết,24,16,1,-1,1,4,false,1,-1,-1,4320
10137683,Chúc Dung Tiên Khải - Hoa Khuyết,24,16,1,-1,1,4,false,1,-1,-1,-1
10137684,Chúc Dung Tiên Khải - Hoa Khuyết,24,16,1,-1,1,4,false,1,-1,-1,24
10137685,Chúc Dung Tiên Khải - Hoa Khuyết,24,16,1,-1,1,4,false,1,-1,-1,72
10137686,Chúc Dung Tiên Khải - Hoa Khuyết,24,16,1,-1,1,4,false,1,-1,-1,168
10137687,Chúc Dung Tiên Khải - Hoa Khuyết,24,16,1,-1,1,4,false,1,-1,-1,360
10137688,Chúc Dung Tiên Khải - Hoa Khuyết,24,16,1,-1,1,4,false,1,-1,-1,720
10137689,Chúc Dung Tiên Khải - Hoa Khuyết,24,16,1,-1,1,4,false,1,-1,-1,2160
10137690,Chúc Dung Tiên Khải - Hoa Khuyết,24,16,1,-1,1,4,false,1,-1,-1,4320
10137691,Chúc Dung Tiên Khải - Hoa Khuyết,24,16,1,-1,1,4,false,1,-1,-1,-1
10137692,Tuý Kim Triều,24,16,1,-1,1,4,false,1,-1,-1,-1
10137693,Kiếm Ảnh Hoa Hinh,24,16,1,-1,1,4,false,1,-1,-1,-1
10137694,Chúc Dung Khải,24,16,1,-1,1,4,false,1,-1,-1,24
10137695,Chúc Dung Khải,24,16,1,-1,1,4,false,1,-1,-1,72
10137696,Chúc Dung Khải,24,16,1,-1,1,4,false,1,-1,-1,168
10137697,Chúc Dung Khải,24,16,1,-1,1,4,false,1,-1,-1,360
10137698,Chúc Dung Khải,24,16,1,-1,1,4,false,1,-1,-1,720
10137699,Chúc Dung Khải,24,16,1,-1,1,4,false,1,-1,-1,2160
10137700,Chúc Dung Khải,24,16,1,-1,1,4,false,1,-1,-1,4320
10137701,Chúc Dung Khải,24,16,1,-1,1,4,false,1,-1,-1,-1
10137702,Chúc Dung Khải,24,16,1,-1,1,4,false,1,-1,-1,24
10137703,Chúc Dung Khải,24,16,1,-1,1,4,false,1,-1,-1,72
10137704,Chúc Dung Khải,24,16,1,-1,1,4,false,1,-1,-1,168
10137705,Chúc Dung Khải,24,16,1,-1,1,4,false,1,-1,-1,360
10137706,Chúc Dung Khải,24,16,1,-1,1,4,false,1,-1,-1,720
10137707,Chúc Dung Khải,24,16,1,-1,1,4,false,1,-1,-1,2160
10137708,Chúc Dung Khải,24,16,1,-1,1,4,false,1,-1,-1,4320
10137709,Chúc Dung Khải,24,16,1,-1,1,4,false,1,-1,-1,-1
10137710,Thuỷ Long Ngâm,24,16,1,-1,1,4,false,1,-1,-1,24
10137711,Thuỷ Long Ngâm,24,16,1,-1,1,4,false,1,-1,-1,72
10137712,Thuỷ Long Ngâm,24,16,1,-1,1,4,false,1,-1,-1,168
10137713,Thuỷ Long Ngâm,24,16,1,-1,1,4,false,1,-1,-1,360
10137714,Thuỷ Long Ngâm,24,16,1,-1,1,4,false,1,-1,-1,720
10137715,Thuỷ Long Ngâm,24,16,1,-1,1,4,false,1,-1,-1,2160
10137716,Thuỷ Long Ngâm,24,16,1,-1,1,4,false,1,-1,-1,4320
10137717,Thuỷ Long Ngâm,24,16,1,-1,1,4,false,1,-1,-1,-1
10137718,Thuỷ Long Ngâm,24,16,1,-1,1,4,false,1,-1,-1,24
10137719,Thuỷ Long Ngâm,24,16,1,-1,1,4,false,1,-1,-1,72
10137720,Thuỷ Long Ngâm,24,16,1,-1,1,4,false,1,-1,-1,168
10137721,Thuỷ Long Ngâm,24,16,1,-1,1,4,false,1,-1,-1,360
10137722,Thuỷ Long Ngâm,24,16,1,-1,1,4,false,1,-1,-1,720
10137723,Thuỷ Long Ngâm,24,16,1,-1,1,4,false,1,-1,-1,2160
10137724,Thuỷ Long Ngâm,24,16,1,-1,1,4,false,1,-1,-1,4320
10137725,Thuỷ Long Ngâm,24,16,1,-1,1,4,false,1,-1,-1,-1
10137726,Thuỷ Long Ngâm,24,16,1,-1,1,4,false,1,-1,-1,24
10137727,Thuỷ Long Ngâm,24,16,1,-1,1,4,false,1,-1,-1,72
10137728,Thuỷ Long Ngâm,24,16,1,-1,1,4,false,1,-1,-1,168
10137729,Thuỷ Long Ngâm,24,16,1,-1,1,4,false,1,-1,-1,360
10137730,Thuỷ Long Ngâm,24,16,1,-1,1,4,false,1,-1,-1,720
10137731,Thuỷ Long Ngâm,24,16,1,-1,1,4,false,1,-1,-1,2160
10137732,Thuỷ Long Ngâm,24,16,1,-1,1,4,false,1,-1,-1,4320
10137733,Thuỷ Long Ngâm,24,16,1,-1,1,4,false,1,-1,-1,-1
10137734,Thuỷ Long Ngâm,24,16,1,-1,1,4,false,1,-1,-1,24
10137735,Thuỷ Long Ngâm,24,16,1,-1,1,4,false,1,-1,-1,72
10137736,Thuỷ Long Ngâm,24,16,1,-1,1,4,false,1,-1,-1,168
10137737,Thuỷ Long Ngâm,24,16,1,-1,1,4,false,1,-1,-1,360
10137738,Thuỷ Long Ngâm,24,16,1,-1,1,4,false,1,-1,-1,720
10137739,Thuỷ Long Ngâm,24,16,1,-1,1,4,false,1,-1,-1,2160
10137740,Thuỷ Long Ngâm,24,16,1,-1,1,4,false,1,-1,-1,4320
10137741,Thuỷ Long Ngâm,24,16,1,-1,1,4,false,1,-1,-1,-1
10137742,Sơn Hà Ý Thanh,24,16,1,-1,1,4,false,1,-1,-1,-1
10137743,Trắc Thí Thời Trang,24,16,1,-1,1,4,false,1,-1,-1,-1
10137744,Kim Linh Chiêu,24,16,1,-1,1,4,false,1,-1,-1,24
10137745,Kim Linh Chiêu,24,16,1,-1,1,4,false,1,-1,-1,72
10137746,Kim Linh Chiêu,24,16,1,-1,1,4,false,1,-1,-1,168
10137747,Kim Linh Chiêu,24,16,1,-1,1,4,false,1,-1,-1,360
10137748,Kim Linh Chiêu,24,16,1,-1,1,4,false,1,-1,-1,720
10137749,Kim Linh Chiêu,24,16,1,-1,1,4,false,1,-1,-1,2160
10137750,Kim Linh Chiêu,24,16,1,-1,1,4,false,1,-1,-1,4320
10137751,Kim Linh Chiêu,24,16,1,-1,1,4,false,1,-1,-1,-1
10137752,Kim Linh Chiêu,24,16,1,-1,1,4,false,1,-1,-1,24
10137753,Kim Linh Chiêu,24,16,1,-1,1,4,false,1,-1,-1,72
10137754,Kim Linh Chiêu,24,16,1,-1,1,4,false,1,-1,-1,168
10137755,Kim Linh Chiêu,24,16,1,-1,1,4,false,1,-1,-1,360
10137756,Kim Linh Chiêu,24,16,1,-1,1,4,false,1,-1,-1,720
10137757,Kim Linh Chiêu,24,16,1,-1,1,4,false,1,-1,-1,2160
10137758,Kim Linh Chiêu,24,16,1,-1,1,4,false,1,-1,-1,4320
10137759,Kim Linh Chiêu,24,16,1,-1,1,4,false,1,-1,-1,-1
10137760,Kim Linh Chiêu,24,16,1,-1,1,4,false,1,-1,-1,24
10137761,Kim Linh Chiêu,24,16,1,-1,1,4,false,1,-1,-1,72
10137762,Kim Linh Chiêu,24,16,1,-1,1,4,false,1,-1,-1,168
10137763,Kim Linh Chiêu,24,16,1,-1,1,4,false,1,-1,-1,360
10137764,Kim Linh Chiêu,24,16,1,-1,1,4,false,1,-1,-1,720
10137765,Kim Linh Chiêu,24,16,1,-1,1,4,false,1,-1,-1,2160
10137766,Kim Linh Chiêu,24,16,1,-1,1,4,false,1,-1,-1,4320
10137767,Kim Linh Chiêu,24,16,1,-1,1,4,false,1,-1,-1,-1
10137768,Kim Linh Chiêu,24,16,1,-1,1,4,false,1,-1,-1,24
10137769,Kim Linh Chiêu,24,16,1,-1,1,4,false,1,-1,-1,72
10137770,Kim Linh Chiêu,24,16,1,-1,1,4,false,1,-1,-1,168
10137771,Kim Linh Chiêu,24,16,1,-1,1,4,false,1,-1,-1,360
10137772,Kim Linh Chiêu,24,16,1,-1,1,4,false,1,-1,-1,720
10137773,Kim Linh Chiêu,24,16,1,-1,1,4,false,1,-1,-1,2160
10137774,Kim Linh Chiêu,24,16,1,-1,1,4,false,1,-1,-1,4320
10137775,Kim Linh Chiêu,24,16,1,-1,1,4,false,1,-1,-1,-1
10137776,Tình Bạn Triều Tịch,24,16,1,-1,1,4,false,1,-1,-1,24
10137777,Tình Bạn Triều Tịch,24,16,1,-1,1,4,false,1,-1,-1,72
10137778,Tình Bạn Triều Tịch,24,16,1,-1,1,4,false,1,-1,-1,168
10137779,Tình Bạn Triều Tịch,24,16,1,-1,1,4,false,1,-1,-1,360
10137780,Tình Bạn Triều Tịch,24,16,1,-1,1,4,false,1,-1,-1,720
10137781,Tình Bạn Triều Tịch,24,16,1,-1,1,4,false,1,-1,-1,2160
10137782,Tình Bạn Triều Tịch,24,16,1,-1,1,4,false,1,-1,-1,4320
10137783,Tình Bạn Triều Tịch,24,16,1,-1,1,4,false,1,-1,-1,-1
10137784,Tình Bạn Triều Tịch,24,16,1,-1,1,4,false,1,-1,-1,24
10137785,Tình Bạn Triều Tịch,24,16,1,-1,1,4,false,1,-1,-1,72
10137786,Tình Bạn Triều Tịch,24,16,1,-1,1,4,false,1,-1,-1,168
10137787,Tình Bạn Triều Tịch,24,16,1,-1,1,4,false,1,-1,-1,360
10137788,Tình Bạn Triều Tịch,24,16,1,-1,1,4,false,1,-1,-1,720
10137789,Tình Bạn Triều Tịch,24,16,1,-1,1,4,false,1,-1,-1,2160
10137790,Tình Bạn Triều Tịch,24,16,1,-1,1,4,false,1,-1,-1,4320
10137791,Tình Bạn Triều Tịch,24,16,1,-1,1,4,false,1,-1,-1,-1
10137792,Mặc Tử Thiên Hồng - Linh Âm,24,16,1,-1,1,4,false,1,-1,-1,24
10137793,Mặc Tử Thiên Hồng - Linh Âm,24,16,1,-1,1,4,false,1,-1,-1,72
10137794,Mặc Tử Thiên Hồng - Linh Âm,24,16,1,-1,1,4,false,1,-1,-1,168
10137795,Mặc Tử Thiên Hồng - Linh Âm,24,16,1,-1,1,4,false,1,-1,-1,360
10137796,Mặc Tử Thiên Hồng - Linh Âm,24,16,1,-1,1,4,false,1,-1,-1,720
10137797,Mặc Tử Thiên Hồng - Linh Âm,24,16,1,-1,1,4,false,1,-1,-1,2160
10137798,Mặc Tử Thiên Hồng - Linh Âm,24,16,1,-1,1,4,false,1,-1,-1,4320
10137799,Mặc Tử Thiên Hồng - Linh Âm,24,16,1,-1,1,4,false,1,-1,-1,-1
10137800,Mặc Tử Thiên Hồng - Linh Âm,24,16,1,-1,1,4,false,1,-1,-1,24
10137801,Mặc Tử Thiên Hồng - Linh Âm,24,16,1,-1,1,4,false,1,-1,-1,72
10137802,Mặc Tử Thiên Hồng - Linh Âm,24,16,1,-1,1,4,false,1,-1,-1,168
10137803,Mặc Tử Thiên Hồng - Linh Âm,24,16,1,-1,1,4,false,1,-1,-1,360
10137804,Mặc Tử Thiên Hồng - Linh Âm,24,16,1,-1,1,4,false,1,-1,-1,720
10137805,Mặc Tử Thiên Hồng - Linh Âm,24,16,1,-1,1,4,false,1,-1,-1,2160
10137806,Mặc Tử Thiên Hồng - Linh Âm,24,16,1,-1,1,4,false,1,-1,-1,4320
10137807,Mặc Tử Thiên Hồng - Linh Âm,24,16,1,-1,1,4,false,1,-1,-1,-1
10137808,Ác Nhân Cốc Đoản Hạt,24,16,1,15,1,4,false,1,-1,-1,-1
10137809,Tuyệt Ảnh,24,16,1,15,1,4,false,1,-1,-1,-1
10137810,Tuyệt Ảnh,24,16,1,15,1,4,false,1,-1,-1,720
10137811,Tuyệt Ảnh,24,16,1,15,1,4,false,1,-1,-1,168
10137812,Giáo Mộng,24,16,90,15,50,4,false,1,-1,-1,-1
10137813,Giáo Mộng,24,16,90,15,1,4,false,1,-1,-1,168
10137814,Đoạt Hàng,24,16,1,15,1,4,false,1,-1,-1,-1
10137815,Mặc Sự Phù Hưu,24,16,1,15,1,4,false,1,-1,-1,-1
10137816,Mặc Sự Phù Hưu,24,16,1,15,1,4,false,1,-1,-1,-1
10137817,Chấp Nhận Diêm La,24,16,60,15,1,4,false,1,-1,-1,72
10137818,Chấp Nhận Diêm La,24,16,60,15,1,4,false,1,-1,-1,168
10137819,Chấp Nhận Diêm La,24,16,60,15,1,4,false,1,-1,-1,360
10137820,Chấp Nhận Diêm La,24,16,60,15,1,4,false,1,-1,-1,720
10137821,Chấp Nhận Diêm La,24,16,60,15,1,4,false,1,-1,-1,2160
10137822,Chấp Nhận Diêm La,24,16,60,15,1,4,false,1,-1,-1,-1
10137823,Trắc Thí Thời Trang,24,16,1,-1,1,4,false,1,-1,-1,168
10137824,Tiên Lý Cơ Duyên,24,16,1,-1,1,4,false,1,-1,-1,24
10137825,Tiên Lý Cơ Duyên,24,16,1,-1,1,4,false,1,-1,-1,72
10137826,Tiên Lý Cơ Duyên,24,16,1,-1,1,4,false,1,-1,-1,168
10137827,Tiên Lý Cơ Duyên,24,16,1,-1,1,4,false,1,-1,-1,360
10137828,Tiên Lý Cơ Duyên,24,16,1,-1,1,4,false,1,-1,-1,720
10137829,Tiên Lý Cơ Duyên,24,16,1,-1,1,4,false,1,-1,-1,2160
10137830,Tiên Lý Cơ Duyên,24,16,1,-1,1,4,false,1,-1,-1,4320
10137831,Tiên Lý Cơ Duyên,24,16,1,-1,1,4,false,1,-1,-1,-1
10137832,Tiên Lý Cơ Duyên,24,16,1,-1,1,4,false,1,-1,-1,24
10137833,Tiên Lý Cơ Duyên,24,16,1,-1,1,4,false,1,-1,-1,72
10137834,Tiên Lý Cơ Duyên,24,16,1,-1,1,4,false,1,-1,-1,168
10137835,Tiên Lý Cơ Duyên,24,16,1,-1,1,4,false,1,-1,-1,360
10137836,Tiên Lý Cơ Duyên,24,16,1,-1,1,4,false,1,-1,-1,720
10137837,Tiên Lý Cơ Duyên,24,16,1,-1,1,4,false,1,-1,-1,2160
10137838,Tiên Lý Cơ Duyên,24,16,1,-1,1,4,false,1,-1,-1,4320
10137839,Tiên Lý Cơ Duyên,24,16,1,-1,1,4,false,1,-1,-1,-1
10137840,Tiên Lý Cơ Duyên,24,16,1,-1,1,4,false,1,-1,-1,24
10137841,Tiên Lý Cơ Duyên,24,16,1,-1,1,4,false,1,-1,-1,72
10137842,Tiên Lý Cơ Duyên,24,16,1,-1,1,4,false,1,-1,-1,168
10137843,Tiên Lý Cơ Duyên,24,16,1,-1,1,4,false,1,-1,-1,360
10137844,Tiên Lý Cơ Duyên,24,16,1,-1,1,4,false,1,-1,-1,720
10137845,Tiên Lý Cơ Duyên,24,16,1,-1,1,4,false,1,-1,-1,2160
10137846,Tiên Lý Cơ Duyên,24,16,1,-1,1,4,false,1,-1,-1,4320
10137847,Tiên Lý Cơ Duyên,24,16,1,-1,1,4,false,1,-1,-1,-1
10137848,Tiên Lý Cơ Duyên,24,16,1,-1,1,4,false,1,-1,-1,24
10137849,Tiên Lý Cơ Duyên,24,16,1,-1,1,4,false,1,-1,-1,72
10137850,Tiên Lý Cơ Duyên,24,16,1,-1,1,4,false,1,-1,-1,168
10137851,Tiên Lý Cơ Duyên,24,16,1,-1,1,4,false,1,-1,-1,360
10137852,Tiên Lý Cơ Duyên,24,16,1,-1,1,4,false,1,-1,-1,720
10137853,Tiên Lý Cơ Duyên,24,16,1,-1,1,4,false,1,-1,-1,2160
10137854,Tiên Lý Cơ Duyên,24,16,1,-1,1,4,false,1,-1,-1,4320
10137855,Tiên Lý Cơ Duyên,24,16,1,-1,1,4,false,1,-1,-1,-1
10137856,Tiên Lý Cơ Duyên,24,16,1,-1,1,4,false,1,-1,-1,1440
10137857,Thác Ái Nhất Sinh,24,16,1,-1,1,4,false,1,-1,-1,24
10137858,Thác Ái Nhất Sinh,24,16,1,-1,1,4,false,1,-1,-1,72
10137859,Thác Ái Nhất Sinh,24,16,1,-1,1,4,false,1,-1,-1,168
10137860,Thác Ái Nhất Sinh,24,16,1,-1,1,4,false,1,-1,-1,360
10137861,Thác Ái Nhất Sinh,24,16,1,-1,1,4,false,1,-1,-1,720
10137862,Thác Ái Nhất Sinh,24,16,1,-1,1,4,false,1,-1,-1,2160
10137863,Thác Ái Nhất Sinh,24,16,1,-1,1,4,false,1,-1,-1,4320
10137864,Thác Ái Nhất Sinh,24,16,1,-1,1,4,false,1,-1,-1,-1
10137865,Thác Ái Nhất Sinh,24,16,1,-1,1,4,false,1,-1,-1,24
10137866,Thác Ái Nhất Sinh,24,16,1,-1,1,4,false,1,-1,-1,72
10137867,Thác Ái Nhất Sinh,24,16,1,-1,1,4,false,1,-1,-1,168
10137868,Thác Ái Nhất Sinh,24,16,1,-1,1,4,false,1,-1,-1,360
10137869,Thác Ái Nhất Sinh,24,16,1,-1,1,4,false,1,-1,-1,720
10137870,Thác Ái Nhất Sinh,24,16,1,-1,1,4,false,1,-1,-1,2160
10137871,Thác Ái Nhất Sinh,24,16,1,-1,1,4,false,1,-1,-1,4320
10137872,Thác Ái Nhất Sinh,24,16,1,-1,1,4,false,1,-1,-1,-1
10137873,Thịnh Thế Dứu Thái,24,16,1,-1,1,4,false,1,-1,-1,-1
10137874,Thịnh Thế Dứu Thái,24,16,1,-1,1,4,false,1,-1,-1,-1
10137875,Tiên Lữ Tình Duyên,24,16,1,-1,1,4,false,1,-1,-1,4320
10137876,Tiên Lữ Tình Duyên,24,16,1,-1,1,4,false,1,-1,-1,2160
10137877,Tiên Lữ Tình Duyên,24,16,1,-1,1,4,false,1,-1,-1,720
10137878,Tiên Lữ Tình Duyên,24,16,1,-1,1,4,false,1,-1,-1,168
10137879,Linh Xà Lược Ảnh,24,16,1,-1,1,4,false,1,-1,-1,24
10137880,Linh Xà Lược Ảnh,24,16,1,-1,1,4,false,1,-1,-1,72
10137881,Linh Xà Lược Ảnh,24,16,1,-1,1,4,false,1,-1,-1,168
10137882,Linh Xà Lược Ảnh,24,16,1,-1,1,4,false,1,-1,-1,360
10137883,Linh Xà Lược Ảnh,24,16,1,-1,1,4,false,1,-1,-1,720
10137884,Linh Xà Lược Ảnh,24,16,1,-1,1,4,false,1,-1,-1,2160
10137885,Linh Xà Lược Ảnh,24,16,1,-1,1,4,false,1,-1,-1,4320
10137886,Linh Xà Lược Ảnh,24,16,1,-1,1,4,false,1,-1,-1,-1
10137887,Linh Xà Lược Ảnh,24,16,1,-1,1,4,false,1,-1,-1,24
10137888,Linh Xà Lược Ảnh,24,16,1,-1,1,4,false,1,-1,-1,72
10137889,Linh Xà Lược Ảnh,24,16,1,-1,1,4,false,1,-1,-1,168
10137890,Linh Xà Lược Ảnh,24,16,1,-1,1,4,false,1,-1,-1,360
10137891,Linh Xà Lược Ảnh,24,16,1,-1,1,4,false,1,-1,-1,720
10137892,Linh Xà Lược Ảnh,24,16,1,-1,1,4,false,1,-1,-1,2160
10137893,Linh Xà Lược Ảnh,24,16,1,-1,1,4,false,1,-1,-1,4320
10137894,Linh Xà Lược Ảnh,24,16,1,-1,1,4,false,1,-1,-1,-1
10137895,Linh Xà Lược Ảnh,24,16,1,-1,1,4,false,1,-1,-1,-1
10137896,Mông Diện Cân Thời Trang,24,16,1,-1,1,4,false,1,-1,-1,-1
10137897,Khô Lâu Chiến Giáp. Minh Hà,24,16,1,-1,1,4,false,1,-1,-1,-1
10137900,Chúc Dung Tiên Khải - Kim Khuyết,24,16,1,-1,1,4,false,1,-1,-1,-1
10137901,Chúc Dung Tiên Khải - Kim Khuyết,24,16,1,-1,1,4,false,1,-1,-1,-1
10137902,Chúc Dung Tiên Khải - Kim Khuyết,24,16,1,-1,1,4,false,1,-1,-1,-1
10137903,Chúc Dung Tiên Khải - Kim Khuyết,24,16,1,-1,1,4,false,1,-1,-1,-1
10137904,Chúc Dung Tiên Khải - Kim Khuyết,24,16,1,-1,1,4,false,1,-1,-1,-1
10137905,Chúc Dung Tiên Khải - Kim Khuyết,24,16,1,-1,1,4,false,1,-1,-1,-1
10137906,Chúc Dung Tiên Khải - Kim Khuyết,24,16,1,-1,1,4,false,1,-1,-1,-1
10137907,Chúc Dung Tiên Khải - Kim Khuyết,24,16,1,-1,1,4,false,1,-1,-1,-1
10137908,Chúc Dung Tiên Khải - Kim Khuyết,24,16,1,-1,1,4,false,1,-1,-1,-1
10137909,Chúc Dung Tiên Khải - Kim Khuyết,24,16,1,-1,1,4,false,1,-1,-1,-1
10137910,Chúc Dung Tiên Khải - Kim Khuyết,24,16,1,-1,1,4,false,1,-1,-1,-1
10137911,Chúc Dung Tiên Khải - Kim Khuyết,24,16,1,-1,1,4,false,1,-1,-1,-1
10137912,Chúc Dung Tiên Khải - Kim Khuyết,24,16,1,-1,1,4,false,1,-1,-1,-1
10137913,Chúc Dung Tiên Khải - Kim Khuyết,24,16,1,-1,1,4,false,1,-1,-1,-1
10137914,Chúc Dung Tiên Khải - Kim Khuyết,24,16,1,-1,1,4,false,1,-1,-1,-1
10137915,Chúc Dung Tiên Khải - Kim Khuyết,24,16,1,-1,1,4,false,1,-1,-1,-1
10137916,Chúc Dung Tiên Khải - Kim Khuyết,24,16,1,-1,1,4,false,1,-1,-1,-1
10137917,Chúc Dung Tiên Khải - Kim Khuyết,24,16,1,-1,1,4,false,1,-1,-1,-1
10137918,Chúc Dung Tiên Khải - Kim Khuyết,24,16,1,-1,1,4,false,1,-1,-1,-1
10137919,Chúc Dung Tiên Khải - Kim Khuyết,24,16,1,-1,1,4,false,1,-1,-1,-1
10137920,Chúc Dung Tiên Khải - Kim Khuyết,24,16,1,-1,1,4,false,1,-1,-1,-1
10137921,Chúc Dung Tiên Khải - Kim Khuyết,24,16,1,-1,1,4,false,1,-1,-1,-1
10137922,Chúc Dung Tiên Khải - Kim Khuyết,24,16,1,-1,1,4,false,1,-1,-1,-1
10137923,Chúc Dung Tiên Khải - Kim Khuyết,24,16,1,-1,1,4,false,1,-1,-1,-1
10137924,Chúc Dung Tiên Khải - Kim Khuyết,24,16,1,-1,1,4,false,1,-1,-1,-1
10137925,Chúc Dung Tiên Khải - Kim Khuyết,24,16,1,-1,1,4,false,1,-1,-1,-1
10137926,Chúc Dung Tiên Khải - Kim Khuyết,24,16,1,-1,1,4,false,1,-1,-1,-1
10137927,Chúc Dung Tiên Khải - Kim Khuyết,24,16,1,-1,1,4,false,1,-1,-1,-1
10137928,Chúc Dung Tiên Khải - Kim Khuyết,24,16,1,-1,1,4,false,1,-1,-1,-1
10137929,Chúc Dung Tiên Khải - Kim Khuyết,24,16,1,-1,1,4,false,1,-1,-1,-1
10137930,Chúc Dung Tiên Khải - Kim Khuyết,24,16,1,-1,1,4,false,1,-1,-1,-1
10137931,Chúc Dung Tiên Khải - Kim Khuyết,24,16,1,-1,1,4,false,1,-1,-1,-1
10137932,Chúc Dung Tiên Khải - Kim Khuyết,24,16,1,-1,1,4,false,1,-1,-1,-1
10137933,Chúc Dung Tiên Khải - Kim Khuyết,24,16,1,-1,1,4,false,1,-1,-1,-1
10137934,Chúc Dung Tiên Khải - Kim Khuyết,24,16,1,-1,1,4,false,1,-1,-1,-1
10137935,Chúc Dung Tiên Khải - Kim Khuyết,24,16,1,-1,1,4,false,1,-1,-1,-1
10137936,Chúc Dung Tiên Khải - Kim Khuyết,24,16,1,-1,1,4,false,1,-1,-1,-1
10137937,Chúc Dung Tiên Khải - Kim Khuyết,24,16,1,-1,1,4,false,1,-1,-1,-1
10137938,Chúc Dung Tiên Khải - Kim Khuyết,24,16,1,-1,1,4,false,1,-1,-1,-1
10137939,Chúc Dung Tiên Khải - Kim Khuyết,24,16,1,-1,1,4,false,1,-1,-1,-1
10137940,Chúc Dung Tiên Khải - Kim Khuyết,24,16,1,-1,1,4,false,1,-1,-1,-1
10137941,Chúc Dung Tiên Khải - Kim Khuyết,24,16,1,-1,1,4,false,1,-1,-1,-1
10137942,Chúc Dung Tiên Khải - Kim Khuyết,24,16,1,-1,1,4,false,1,-1,-1,-1
10137943,Chúc Dung Tiên Khải - Kim Khuyết,24,16,1,-1,1,4,false,1,-1,-1,-1
10137944,Chúc Dung Tiên Khải - Kim Khuyết,24,16,1,-1,1,4,false,1,-1,-1,-1
10137945,Chúc Dung Tiên Khải - Kim Khuyết,24,16,1,-1,1,4,false,1,-1,-1,-1
10137946,Chúc Dung Tiên Khải - Kim Khuyết,24,16,1,-1,1,4,false,1,-1,-1,-1
10137947,Chúc Dung Tiên Khải - Kim Khuyết,24,16,1,-1,1,4,false,1,-1,-1,-1
10137948,Chúc Dung Tiên Khải - Kim Khuyết,24,16,1,-1,1,4,false,1,-1,-1,-1
10137949,Chúc Dung Tiên Khải - Kim Khuyết,24,16,1,-1,1,4,false,1,-1,-1,-1
10137950,Chúc Dung Tiên Khải - Kim Khuyết,24,16,1,-1,1,4,false,1,-1,-1,-1
10137951,Chúc Dung Tiên Khải - Kim Khuyết,24,16,1,-1,1,4,false,1,-1,-1,-1
10137952,Chúc Dung Tiên Khải - Kim Khuyết,24,16,1,-1,1,4,false,1,-1,-1,-1
10137953,Chúc Dung Tiên Khải - Kim Khuyết,24,16,1,-1,1,4,false,1,-1,-1,-1
10137954,Chúc Dung Tiên Khải - Kim Khuyết,24,16,1,-1,1,4,false,1,-1,-1,-1
10137955,Chúc Dung Tiên Khải - Kim Khuyết,24,16,1,-1,1,4,false,1,-1,-1,-1
10137956,Chúc Dung Tiên Khải - Kim Khuyết,24,16,1,-1,1,4,false,1,-1,-1,-1
10137957,Chúc Dung Tiên Khải - Kim Khuyết,24,16,1,-1,1,4,false,1,-1,-1,-1
10137958,Chúc Dung Tiên Khải - Kim Khuyết,24,16,1,-1,1,4,false,1,-1,-1,-1
10137959,Chúc Dung Tiên Khải - Kim Khuyết,24,16,1,-1,1,4,false,1,-1,-1,-1
10137960,Chúc Dung Tiên Khải - Kim Khuyết,24,16,1,-1,1,4,false,1,-1,-1,-1
10137961,Chúc Dung Tiên Khải - Kim Khuyết,24,16,1,-1,1,4,false,1,-1,-1,-1
10137962,Chúc Dung Tiên Khải - Kim Khuyết,24,16,1,-1,1,4,false,1,-1,-1,-1
10137963,Chúc Dung Tiên Khải - Kim Khuyết,24,16,1,-1,1,4,false,1,-1,-1,-1
10137964,Chúc Dung Tiên Khải - Kim Khuyết,24,16,1,-1,1,4,false,1,-1,-1,-1
10137965,Chúc Dung Tiên Khải - Kim Khuyết,24,16,1,-1,1,4,false,1,-1,-1,-1
10137966,Chúc Dung Tiên Khải - Kim Khuyết,24,16,1,-1,1,4,false,1,-1,-1,-1
10137967,Chúc Dung Tiên Khải - Kim Khuyết,24,16,1,-1,1,4,false,1,-1,-1,-1
10137968,Chúc Dung Tiên Khải - Kim Khuyết,24,16,1,-1,1,4,false,1,-1,-1,-1
10137969,Chúc Dung Tiên Khải - Kim Khuyết,24,16,1,-1,1,4,false,1,-1,-1,-1
10137970,Chúc Dung Tiên Khải - Kim Khuyết,24,16,1,-1,1,4,false,1,-1,-1,-1
10137971,Chúc Dung Tiên Khải - Kim Khuyết,24,16,1,-1,1,4,false,1,-1,-1,-1
10137972,Chúc Dung Tiên Khải - Kim Khuyết,24,16,1,-1,1,4,false,1,-1,-1,-1
10137973,Chúc Dung Tiên Khải - Kim Khuyết,24,16,1,-1,1,4,false,1,-1,-1,-1
10137974,Chúc Dung Tiên Khải - Kim Khuyết,24,16,1,-1,1,4,false,1,-1,-1,-1
10137975,Chúc Dung Tiên Khải - Kim Khuyết,24,16,1,-1,1,4,false,1,-1,-1,-1
10137976,Chúc Dung Tiên Khải - Kim Khuyết,24,16,1,-1,1,4,false,1,-1,-1,-1
10137977,Chúc Dung Tiên Khải - Kim Khuyết,24,16,1,-1,1,4,false,1,-1,-1,-1
10137978,Chúc Dung Tiên Khải - Kim Khuyết,24,16,1,-1,1,4,false,1,-1,-1,-1
10137979,Chúc Dung Tiên Khải - Kim Khuyết,24,16,1,-1,1,4,false,1,-1,-1,-1
10137980,Chúc Dung Tiên Khải - Kim Khuyết,24,16,1,-1,1,4,false,1,-1,-1,-1
10137981,Chúc Dung Tiên Khải - Kim Khuyết,24,16,1,-1,1,4,false,1,-1,-1,-1
10137982,Chúc Dung Tiên Khải - Kim Khuyết,24,16,1,-1,1,4,false,1,-1,-1,-1
10137983,Chúc Dung Tiên Khải - Kim Khuyết,24,16,1,-1,1,4,false,1,-1,-1,-1
10137984,Chúc Dung Tiên Khải - Kim Khuyết,24,16,1,-1,1,4,false,1,-1,-1,-1
10137985,Chúc Dung Tiên Khải - Kim Khuyết,24,16,1,-1,1,4,false,1,-1,-1,-1
10137986,Chúc Dung Tiên Khải - Kim Khuyết,24,16,1,-1,1,4,false,1,-1,-1,-1
10137987,Chúc Dung Tiên Khải - Kim Khuyết,24,16,1,-1,1,4,false,1,-1,-1,-1
10137988,Chúc Dung Tiên Khải - Kim Khuyết,24,16,1,-1,1,4,false,1,-1,-1,-1
10137989,Chúc Dung Tiên Khải - Kim Khuyết,24,16,1,-1,1,4,false,1,-1,-1,-1
10137990,Chúc Dung Tiên Khải - Kim Khuyết,24,16,1,-1,1,4,false,1,-1,-1,-1
10137991,Chúc Dung Tiên Khải - Kim Khuyết,24,16,1,-1,1,4,false,1,-1,-1,-1
10137992,Chúc Dung Tiên Khải - Kim Khuyết,24,16,1,-1,1,4,false,1,-1,-1,-1
10137993,Chúc Dung Tiên Khải - Kim Khuyết,24,16,1,-1,1,4,false,1,-1,-1,-1
10137994,Chúc Dung Tiên Khải - Kim Khuyết,24,16,1,-1,1,4,false,1,-1,-1,-1
10137995,Chúc Dung Tiên Khải - Kim Khuyết,24,16,1,-1,1,4,false,1,-1,-1,-1
10137996,Chúc Dung Tiên Khải - Kim Khuyết,24,16,1,-1,1,4,false,1,-1,-1,-1
10137997,Chúc Dung Tiên Khải - Kim Khuyết,24,16,1,-1,1,4,false,1,-1,-1,-1
10137998,Chúc Dung Tiên Khải - Kim Khuyết,24,16,1,-1,1,4,false,1,-1,-1,-1
10137999,Chúc Dung Tiên Khải - Kim Khuyết,24,16,1,-1,1,4,false,1,-1,-1,-1
10138000,Tung Hoành Giang Hồ,24,16,1,-1,1,4,false,1,-1,-1,24
10138001,Tung Hoành Giang Hồ,24,16,1,-1,1,4,false,1,-1,-1,72
10138002,Tung Hoành Giang Hồ,24,16,1,-1,1,4,false,1,-1,-1,168
10138003,Tung Hoành Giang Hồ,24,16,1,-1,1,4,false,1,-1,-1,360
10138004,Tung Hoành Giang Hồ,24,16,1,-1,1,4,false,1,-1,-1,720
10138005,Tung Hoành Giang Hồ,24,16,1,-1,1,4,false,1,-1,-1,2160
10138006,Tung Hoành Giang Hồ,24,16,1,-1,1,4,false,1,-1,-1,4320
10138007,Tung Hoành Giang Hồ,24,16,1,-1,1,4,false,1,-1,-1,8640
10138008,Tung Hoành Giang Hồ,24,16,1,-1,1,4,false,1,-1,-1,-1
10138009,Tung Hoành Giang Hồ,24,16,1,-1,1,4,false,1,-1,-1,24
10138010,Tung Hoành Giang Hồ,24,16,1,-1,1,4,false,1,-1,-1,72
10138011,Tung Hoành Giang Hồ,24,16,1,-1,1,4,false,1,-1,-1,168
10138012,Tung Hoành Giang Hồ,24,16,1,-1,1,4,false,1,-1,-1,360
10138013,Tung Hoành Giang Hồ,24,16,1,-1,1,4,false,1,-1,-1,720
10138014,Tung Hoành Giang Hồ,24,16,1,-1,1,4,false,1,-1,-1,2160
10138015,Tung Hoành Giang Hồ,24,16,1,-1,1,4,false,1,-1,-1,4320
10138016,Tung Hoành Giang Hồ,24,16,1,-1,1,4,false,1,-1,-1,8640
10138017,Tung Hoành Giang Hồ,24,16,1,-1,1,4,false,1,-1,-1,-1
10138018,Quyền Ngự Thần Châu,24,16,1,-1,1,4,false,1,-1,-1,24
10138019,Quyền Ngự Thần Châu,24,16,1,-1,1,4,false,1,-1,-1,72
10138020,Quyền Ngự Thần Châu,24,16,1,-1,1,4,false,1,-1,-1,168
10138021,Quyền Ngự Thần Châu,24,16,1,-1,1,4,false,1,-1,-1,360
10138022,Quyền Ngự Thần Châu,24,16,1,-1,1,4,false,1,-1,-1,720
10138023,Quyền Ngự Thần Châu,24,16,1,-1,1,4,false,1,-1,-1,2160
10138024,Quyền Ngự Thần Châu,24,16,1,-1,1,4,false,1,-1,-1,4320
10138025,Quyền Ngự Thần Châu,24,16,1,-1,1,4,false,1,-1,-1,8640
10138026,Quyền Ngự Thần Châu,24,16,1,-1,1,4,false,1,-1,-1,-1
10138027,Quyền Ngự Thần Châu,24,16,1,-1,1,4,false,1,-1,-1,24
10138028,Quyền Ngự Thần Châu,24,16,1,-1,1,4,false,1,-1,-1,72
10138029,Quyền Ngự Thần Châu,24,16,1,-1,1,4,false,1,-1,-1,168
10138030,Quyền Ngự Thần Châu,24,16,1,-1,1,4,false,1,-1,-1,360
10138031,Quyền Ngự Thần Châu,24,16,1,-1,1,4,false,1,-1,-1,720
10138032,Quyền Ngự Thần Châu,24,16,1,-1,1,4,false,1,-1,-1,2160
10138033,Quyền Ngự Thần Châu,24,16,1,-1,1,4,false,1,-1,-1,4320
10138034,Quyền Ngự Thần Châu,24,16,1,-1,1,4,false,1,-1,-1,8640
10138035,Quyền Ngự Thần Châu,24,16,1,-1,1,4,false,1,-1,-1,-1
10138036,Thiên Thu Bá Nghiệp,24,16,1,-1,1,4,false,1,-1,-1,24
10138037,Thiên Thu Bá Nghiệp,24,16,1,-1,1,4,false,1,-1,-1,72
10138038,Thiên Thu Bá Nghiệp,24,16,1,-1,1,4,false,1,-1,-1,168
10138039,Thiên Thu Bá Nghiệp,24,16,1,-1,1,4,false,1,-1,-1,360
10138040,Thiên Thu Bá Nghiệp,24,16,1,-1,1,4,false,1,-1,-1,720
10138041,Thiên Thu Bá Nghiệp,24,16,1,-1,1,4,false,1,-1,-1,2160
10138042,Thiên Thu Bá Nghiệp,24,16,1,-1,1,4,false,1,-1,-1,4320
10138043,Thiên Thu Bá Nghiệp,24,16,1,-1,1,4,false,1,-1,-1,8640
10138044,Thiên Thu Bá Nghiệp,24,16,1,-1,1,4,false,1,-1,-1,-1
10138045,Thiên Thu Bá Nghiệp,24,16,1,-1,1,4,false,1,-1,-1,24
10138046,Thiên Thu Bá Nghiệp,24,16,1,-1,1,4,false,1,-1,-1,72
10138047,Thiên Thu Bá Nghiệp,24,16,1,-1,1,4,false,1,-1,-1,168
10138048,Thiên Thu Bá Nghiệp,24,16,1,-1,1,4,false,1,-1,-1,360
10138049,Thiên Thu Bá Nghiệp,24,16,1,-1,1,4,false,1,-1,-1,720
10138050,Thiên Thu Bá Nghiệp,24,16,1,-1,1,4,false,1,-1,-1,2160
10138051,Thiên Thu Bá Nghiệp,24,16,1,-1,1,4,false,1,-1,-1,4320
10138052,Thiên Thu Bá Nghiệp,24,16,1,-1,1,4,false,1,-1,-1,8640
10138053,Thiên Thu Bá Nghiệp,24,16,1,-1,1,4,false,1,-1,-1,-1
10138054,Hoàng Vũ Tiên Âm,24,16,1,-1,1,4,false,1,-1,-1,24
10138055,Hoàng Vũ Tiên Âm,24,16,1,-1,1,4,false,1,-1,-1,72
10138056,Hoàng Vũ Tiên Âm,24,16,1,-1,1,4,false,1,-1,-1,168
10138057,Hoàng Vũ Tiên Âm,24,16,1,-1,1,4,false,1,-1,-1,360
10138058,Hoàng Vũ Tiên Âm,24,16,1,-1,1,4,false,1,-1,-1,720
10138059,Hoàng Vũ Tiên Âm,24,16,1,-1,1,4,false,1,-1,-1,2160
10138060,Hoàng Vũ Tiên Âm,24,16,1,-1,1,4,false,1,-1,-1,4320
10138061,Hoàng Vũ Tiên Âm,24,16,1,-1,1,4,false,1,-1,-1,-1
10138062,Hoàng Vũ Tiên Âm,24,16,1,-1,1,4,false,1,-1,-1,24
10138063,Hoàng Vũ Tiên Âm,24,16,1,-1,1,4,false,1,-1,-1,72
10138064,Hoàng Vũ Tiên Âm,24,16,1,-1,1,4,false,1,-1,-1,168
10138065,Hoàng Vũ Tiên Âm,24,16,1,-1,1,4,false,1,-1,-1,360
10138066,Hoàng Vũ Tiên Âm,24,16,1,-1,1,4,false,1,-1,-1,720
10138067,Hoàng Vũ Tiên Âm,24,16,1,-1,1,4,false,1,-1,-1,2160
10138068,Hoàng Vũ Tiên Âm,24,16,1,-1,1,4,false,1,-1,-1,4320
10138069,Hoàng Vũ Tiên Âm,24,16,1,-1,1,4,false,1,-1,-1,-1
10138070,Hoàng Vũ Tiên Âm,24,16,1,-1,1,4,false,1,-1,-1,24
10138071,Hoàng Vũ Tiên Âm,24,16,1,-1,1,4,false,1,-1,-1,72
10138072,Hoàng Vũ Tiên Âm,24,16,1,-1,1,4,false,1,-1,-1,168
10138073,Hoàng Vũ Tiên Âm,24,16,1,-1,1,4,false,1,-1,-1,360
10138074,Hoàng Vũ Tiên Âm,24,16,1,-1,1,4,false,1,-1,-1,720
10138075,Hoàng Vũ Tiên Âm,24,16,1,-1,1,4,false,1,-1,-1,2160
10138076,Hoàng Vũ Tiên Âm,24,16,1,-1,1,4,false,1,-1,-1,4320
10138077,Hoàng Vũ Tiên Âm,24,16,1,-1,1,4,false,1,-1,-1,-1
10138078,Hoàng Vũ Tiên Âm,24,16,1,-1,1,4,false,1,-1,-1,24
10138079,Hoàng Vũ Tiên Âm,24,16,1,-1,1,4,false,1,-1,-1,72
10138080,Hoàng Vũ Tiên Âm,24,16,1,-1,1,4,false,1,-1,-1,168
10138081,Hoàng Vũ Tiên Âm,24,16,1,-1,1,4,false,1,-1,-1,360
10138082,Hoàng Vũ Tiên Âm,24,16,1,-1,1,4,false,1,-1,-1,720
10138083,Hoàng Vũ Tiên Âm,24,16,1,-1,1,4,false,1,-1,-1,2160
10138084,Hoàng Vũ Tiên Âm,24,16,1,-1,1,4,false,1,-1,-1,4320
10138085,Hoàng Vũ Tiên Âm,24,16,1,-1,1,4,false,1,-1,-1,-1
10138086,Thiên Thu Tuyết,24,16,1,-1,1,4,false,1,-1,-1,24
10138087,Thiên Thu Tuyết,24,16,1,-1,1,4,false,1,-1,-1,72
10138088,Thiên Thu Tuyết,24,16,1,-1,1,4,false,1,-1,-1,168
10138089,Thiên Thu Tuyết,24,16,1,-1,1,4,false,1,-1,-1,360
10138090,Thiên Thu Tuyết,24,16,1,-1,1,4,false,1,-1,-1,720
10138091,Thiên Thu Tuyết,24,16,1,-1,1,4,false,1,-1,-1,2160
10138092,Thiên Thu Tuyết,24,16,1,-1,1,4,false,1,-1,-1,4320
10138093,Thiên Thu Tuyết,24,16,1,-1,1,4,false,1,-1,-1,-1
10138094,Thiên Thu Tuyết,24,16,1,-1,1,4,false,1,-1,-1,24
10138095,Thiên Thu Tuyết,24,16,1,-1,1,4,false,1,-1,-1,72
10138096,Thiên Thu Tuyết,24,16,1,-1,1,4,false,1,-1,-1,168
10138097,Thiên Thu Tuyết,24,16,1,-1,1,4,false,1,-1,-1,360
10138098,Thiên Thu Tuyết,24,16,1,-1,1,4,false,1,-1,-1,720
10138099,Thiên Thu Tuyết,24,16,1,-1,1,4,false,1,-1,-1,2160
10138100,Thiên Thu Tuyết,24,16,1,-1,1,4,false,1,-1,-1,4320
10138101,Thiên Thu Tuyết,24,16,1,-1,1,4,false,1,-1,-1,-1
10138102,Tinh Hà Nhập Mộng,24,16,1,-1,1,4,false,1,-1,-1,24
10138103,Tinh Hà Nhập Mộng,24,16,1,-1,1,4,false,1,-1,-1,72
10138104,Tinh Hà Nhập Mộng,24,16,1,-1,1,4,false,1,-1,-1,168
10138105,Tinh Hà Nhập Mộng,24,16,1,-1,1,4,false,1,-1,-1,360
10138106,Tinh Hà Nhập Mộng,24,16,1,-1,1,4,false,1,-1,-1,720
10138107,Tinh Hà Nhập Mộng,24,16,1,-1,1,4,false,1,-1,-1,2160
10138108,Tinh Hà Nhập Mộng,24,16,1,-1,1,4,false,1,-1,-1,4320
10138109,Tinh Hà Nhập Mộng,24,16,1,-1,1,4,false,1,-1,-1,-1
10138110,Tinh Hà Nhập Mộng,24,16,1,-1,1,4,false,1,-1,-1,24
10138111,Tinh Hà Nhập Mộng,24,16,1,-1,1,4,false,1,-1,-1,72
10138112,Tinh Hà Nhập Mộng,24,16,1,-1,1,4,false,1,-1,-1,168
10138113,Tinh Hà Nhập Mộng,24,16,1,-1,1,4,false,1,-1,-1,360
10138114,Tinh Hà Nhập Mộng,24,16,1,-1,1,4,false,1,-1,-1,720
10138115,Tinh Hà Nhập Mộng,24,16,1,-1,1,4,false,1,-1,-1,2160
10138116,Tinh Hà Nhập Mộng,24,16,1,-1,1,4,false,1,-1,-1,4320
10138117,Tinh Hà Nhập Mộng,24,16,1,-1,1,4,false,1,-1,-1,-1
10138118,Tinh Hà Nhập Mộng,24,16,1,-1,1,4,false,1,-1,-1,24
10138119,Tinh Hà Nhập Mộng,24,16,1,-1,1,4,false,1,-1,-1,72
10138120,Tinh Hà Nhập Mộng,24,16,1,-1,1,4,false,1,-1,-1,168
10138121,Tinh Hà Nhập Mộng,24,16,1,-1,1,4,false,1,-1,-1,360
10138122,Tinh Hà Nhập Mộng,24,16,1,-1,1,4,false,1,-1,-1,720
10138123,Tinh Hà Nhập Mộng,24,16,1,-1,1,4,false,1,-1,-1,2160
10138124,Tinh Hà Nhập Mộng,24,16,1,-1,1,4,false,1,-1,-1,4320
10138125,Tinh Hà Nhập Mộng,24,16,1,-1,1,4,false,1,-1,-1,-1
10138126,Tinh Hà Nhập Mộng,24,16,1,-1,1,4,false,1,-1,-1,24
10138127,Tinh Hà Nhập Mộng,24,16,1,-1,1,4,false,1,-1,-1,72
10138128,Tinh Hà Nhập Mộng,24,16,1,-1,1,4,false,1,-1,-1,168
10138129,Tinh Hà Nhập Mộng,24,16,1,-1,1,4,false,1,-1,-1,360
10138130,Tinh Hà Nhập Mộng,24,16,1,-1,1,4,false,1,-1,-1,720
10138131,Tinh Hà Nhập Mộng,24,16,1,-1,1,4,false,1,-1,-1,2160
10138132,Tinh Hà Nhập Mộng,24,16,1,-1,1,4,false,1,-1,-1,4320
10138133,Tinh Hà Nhập Mộng,24,16,1,-1,1,4,false,1,-1,-1,-1
10138134,Thiên Thiên Hướng Thượng - Văn Khúc,24,16,1,-1,1,4,false,1,-1,-1,-1
10138135,Lục Ý Hồng Tình,24,16,1,-1,1,4,false,1,-1,-1,24
10138136,Lục Ý Hồng Tình,24,16,1,-1,1,4,false,1,-1,-1,72
10138137,Lục Ý Hồng Tình,24,16,1,-1,1,4,false,1,-1,-1,168
10138138,Lục Ý Hồng Tình,24,16,1,-1,1,4,false,1,-1,-1,360
10138139,Lục Ý Hồng Tình,24,16,1,-1,1,4,false,1,-1,-1,720
10138140,Lục Ý Hồng Tình,24,16,1,-1,1,4,false,1,-1,-1,2160
10138141,Lục Ý Hồng Tình,24,16,1,-1,1,4,false,1,-1,-1,4320
10138142,Lục Ý Hồng Tình,24,16,1,-1,1,4,false,1,-1,-1,-1
10138143,Lục Ý Hồng Tình,24,16,1,-1,1,4,false,1,-1,-1,24
10138144,Lục Ý Hồng Tình,24,16,1,-1,1,4,false,1,-1,-1,72
10138145,Lục Ý Hồng Tình,24,16,1,-1,1,4,false,1,-1,-1,168
10138146,Lục Ý Hồng Tình,24,16,1,-1,1,4,false,1,-1,-1,360
10138147,Lục Ý Hồng Tình,24,16,1,-1,1,4,false,1,-1,-1,720
10138148,Lục Ý Hồng Tình,24,16,1,-1,1,4,false,1,-1,-1,2160
10138149,Lục Ý Hồng Tình,24,16,1,-1,1,4,false,1,-1,-1,4320
10138150,Lục Ý Hồng Tình,24,16,1,-1,1,4,false,1,-1,-1,-1
10138151,Hình Ảnh Tương Y,24,16,1,-1,1,4,false,1,-1,-1,24
10138152,Hình Ảnh Tương Y,24,16,1,-1,1,4,false,1,-1,-1,72
10138153,Hình Ảnh Tương Y,24,16,1,-1,1,4,false,1,-1,-1,168
10138154,Hình Ảnh Tương Y,24,16,1,-1,1,4,false,1,-1,-1,360
10138155,Hình Ảnh Tương Y,24,16,1,-1,1,4,false,1,-1,-1,720
10138156,Hình Ảnh Tương Y,24,16,1,-1,1,4,false,1,-1,-1,2160
10138157,Hình Ảnh Tương Y,24,16,1,-1,1,4,false,1,-1,-1,4320
10138158,Hình Ảnh Tương Y,24,16,1,-1,1,4,false,1,-1,-1,-1
10138159,Hình Ảnh Tương Y,24,16,1,-1,1,4,false,1,-1,-1,24
10138160,Hình Ảnh Tương Y,24,16,1,-1,1,4,false,1,-1,-1,72
10138161,Hình Ảnh Tương Y,24,16,1,-1,1,4,false,1,-1,-1,168
10138162,Hình Ảnh Tương Y,24,16,1,-1,1,4,false,1,-1,-1,360
10138163,Hình Ảnh Tương Y,24,16,1,-1,1,4,false,1,-1,-1,720
10138164,Hình Ảnh Tương Y,24,16,1,-1,1,4,false,1,-1,-1,2160
10138165,Hình Ảnh Tương Y,24,16,1,-1,1,4,false,1,-1,-1,4320
10138166,Hình Ảnh Tương Y,24,16,1,-1,1,4,false,1,-1,-1,-1
10138167,Hình Ảnh Tương Y,24,16,1,-1,1,4,false,1,-1,-1,24
10138168,Hình Ảnh Tương Y,24,16,1,-1,1,4,false,1,-1,-1,72
10138169,Hình Ảnh Tương Y,24,16,1,-1,1,4,false,1,-1,-1,168
10138170,Hình Ảnh Tương Y,24,16,1,-1,1,4,false,1,-1,-1,360
10138171,Hình Ảnh Tương Y,24,16,1,-1,1,4,false,1,-1,-1,720
10138172,Hình Ảnh Tương Y,24,16,1,-1,1,4,false,1,-1,-1,2160
10138173,Hình Ảnh Tương Y,24,16,1,-1,1,4,false,1,-1,-1,4320
10138174,Hình Ảnh Tương Y,24,16,1,-1,1,4,false,1,-1,-1,-1
10138175,Hình Ảnh Tương Y,24,16,1,-1,1,4,false,1,-1,-1,24
10138176,Hình Ảnh Tương Y,24,16,1,-1,1,4,false,1,-1,-1,72
10138177,Hình Ảnh Tương Y,24,16,1,-1,1,4,false,1,-1,-1,168
10138178,Hình Ảnh Tương Y,24,16,1,-1,1,4,false,1,-1,-1,360
10138179,Hình Ảnh Tương Y,24,16,1,-1,1,4,false,1,-1,-1,720
10138180,Hình Ảnh Tương Y,24,16,1,-1,1,4,false,1,-1,-1,2160
10138181,Hình Ảnh Tương Y,24,16,1,-1,1,4,false,1,-1,-1,4320
10138182,Hình Ảnh Tương Y,24,16,1,-1,1,4,false,1,-1,-1,-1
10138183,Hình Ảnh Tương Y,24,16,1,-1,1,4,false,1,-1,-1,1440
10138184,Bỉ Ngạn Ỷ Mộng,24,16,1,-1,1,4,false,1,-1,-1,24
10138185,Bỉ Ngạn Ỷ Mộng,24,16,1,-1,1,4,false,1,-1,-1,72
10138186,Bỉ Ngạn Ỷ Mộng,24,16,1,-1,1,4,false,1,-1,-1,168
10138187,Bỉ Ngạn Ỷ Mộng,24,16,1,-1,1,4,false,1,-1,-1,360
10138188,Bỉ Ngạn Ỷ Mộng,24,16,1,-1,1,4,false,1,-1,-1,720
10138189,Bỉ Ngạn Ỷ Mộng,24,16,1,-1,1,4,false,1,-1,-1,2160
10138190,Bỉ Ngạn Ỷ Mộng,24,16,1,-1,1,4,false,1,-1,-1,4320
10138191,Bỉ Ngạn Ỷ Mộng,24,16,1,-1,1,4,false,1,-1,-1,-1
10138192,Bỉ Ngạn Ỷ Mộng,24,16,1,-1,1,4,false,1,-1,-1,24
10138193,Bỉ Ngạn Ỷ Mộng,24,16,1,-1,1,4,false,1,-1,-1,72
10138194,Bỉ Ngạn Ỷ Mộng,24,16,1,-1,1,4,false,1,-1,-1,168
10138195,Bỉ Ngạn Ỷ Mộng,24,16,1,-1,1,4,false,1,-1,-1,360
10138196,Bỉ Ngạn Ỷ Mộng,24,16,1,-1,1,4,false,1,-1,-1,720
10138197,Bỉ Ngạn Ỷ Mộng,24,16,1,-1,1,4,false,1,-1,-1,2160
10138198,Bỉ Ngạn Ỷ Mộng,24,16,1,-1,1,4,false,1,-1,-1,4320
10138199,Bỉ Ngạn Ỷ Mộng,24,16,1,-1,1,4,false,1,-1,-1,-1
10138200,Hoa Đình Cố Mộng,24,16,1,-1,1,4,false,1,-1,-1,24
10138201,Hoa Đình Cố Mộng,24,16,1,-1,1,4,false,1,-1,-1,72
10138202,Hoa Đình Cố Mộng,24,16,1,-1,1,4,false,1,-1,-1,168
10138203,Hoa Đình Cố Mộng,24,16,1,-1,1,4,false,1,-1,-1,360
10138204,Hoa Đình Cố Mộng,24,16,1,-1,1,4,false,1,-1,-1,720
10138205,Hoa Đình Cố Mộng,24,16,1,-1,1,4,false,1,-1,-1,2160
10138206,Hoa Đình Cố Mộng,24,16,1,-1,1,4,false,1,-1,-1,4320
10138207,Hoa Đình Cố Mộng,24,16,1,-1,1,4,false,1,-1,-1,-1
10138208,Hoa Đình Cố Mộng,24,16,1,-1,1,4,false,1,-1,-1,24
10138209,Hoa Đình Cố Mộng,24,16,1,-1,1,4,false,1,-1,-1,72
10138210,Hoa Đình Cố Mộng,24,16,1,-1,1,4,false,1,-1,-1,168
10138211,Hoa Đình Cố Mộng,24,16,1,-1,1,4,false,1,-1,-1,360
10138212,Hoa Đình Cố Mộng,24,16,1,-1,1,4,false,1,-1,-1,720
10138213,Hoa Đình Cố Mộng,24,16,1,-1,1,4,false,1,-1,-1,2160
10138214,Hoa Đình Cố Mộng,24,16,1,-1,1,4,false,1,-1,-1,4320
10138215,Hoa Đình Cố Mộng,24,16,1,-1,1,4,false,1,-1,-1,-1
10138216,Thương Long Dạ Ảnh,24,16,1,-1,1,4,false,1,-1,-1,24
10138217,Thương Long Dạ Ảnh,24,16,1,-1,1,4,false,1,-1,-1,72
10138218,Thương Long Dạ Ảnh,24,16,1,-1,1,4,false,1,-1,-1,168
10138219,Thương Long Dạ Ảnh,24,16,1,-1,1,4,false,1,-1,-1,360
10138220,Thương Long Dạ Ảnh,24,16,1,-1,1,4,false,1,-1,-1,720
10138221,Thương Long Dạ Ảnh,24,16,1,-1,1,4,false,1,-1,-1,2160
10138222,Thương Long Dạ Ảnh,24,16,1,-1,1,4,false,1,-1,-1,4320
10138223,Thương Long Dạ Ảnh,24,16,1,-1,1,4,false,1,-1,-1,-1
10138224,Thương Long Dạ Ảnh,24,16,1,-1,1,4,false,1,-1,-1,24
10138225,Thương Long Dạ Ảnh,24,16,1,-1,1,4,false,1,-1,-1,72
10138226,Thương Long Dạ Ảnh,24,16,1,-1,1,4,false,1,-1,-1,168
10138227,Thương Long Dạ Ảnh,24,16,1,-1,1,4,false,1,-1,-1,360
10138228,Thương Long Dạ Ảnh,24,16,1,-1,1,4,false,1,-1,-1,720
10138229,Thương Long Dạ Ảnh,24,16,1,-1,1,4,false,1,-1,-1,2160
10138230,Thương Long Dạ Ảnh,24,16,1,-1,1,4,false,1,-1,-1,4320
10138231,Thương Long Dạ Ảnh,24,16,1,-1,1,4,false,1,-1,-1,-1
10138232,Thương Long Dạ Ảnh,24,16,1,-1,1,4,false,1,-1,-1,-1
10138233,Thương Long Dạ Ảnh,24,16,1,-1,1,4,false,1,-1,-1,-1
10138234,Giai Kỳ Như Mộng,24,16,1,-1,1,4,false,1,-1,-1,24
10138235,Giai Kỳ Như Mộng,24,16,1,-1,1,4,false,1,-1,-1,72
10138236,Giai Kỳ Như Mộng,24,16,1,-1,1,4,false,1,-1,-1,168
10138237,Giai Kỳ Như Mộng,24,16,1,-1,1,4,false,1,-1,-1,360
10138238,Giai Kỳ Như Mộng,24,16,1,-1,1,4,false,1,-1,-1,720
10138239,Giai Kỳ Như Mộng,24,16,1,-1,1,4,false,1,-1,-1,2160
10138240,Giai Kỳ Như Mộng,24,16,1,-1,1,4,false,1,-1,-1,4320
10138241,Giai Kỳ Như Mộng,24,16,1,-1,1,4,false,1,-1,-1,-1
10138242,Giai Kỳ Như Mộng,24,16,1,-1,1,4,false,1,-1,-1,24
10138243,Giai Kỳ Như Mộng,24,16,1,-1,1,4,false,1,-1,-1,72
10138244,Giai Kỳ Như Mộng,24,16,1,-1,1,4,false,1,-1,-1,168
10138245,Giai Kỳ Như Mộng,24,16,1,-1,1,4,false,1,-1,-1,360
10138246,Giai Kỳ Như Mộng,24,16,1,-1,1,4,false,1,-1,-1,720
10138247,Giai Kỳ Như Mộng,24,16,1,-1,1,4,false,1,-1,-1,2160
10138248,Giai Kỳ Như Mộng,24,16,1,-1,1,4,false,1,-1,-1,4320
10138249,Giai Kỳ Như Mộng,24,16,1,-1,1,4,false,1,-1,-1,-1
10138250,Tiên Lữ Tình Duyên,24,16,1,-1,1,4,false,1,-1,-1,-1
10141000,Thú Cưỡi: Lục Hành Điêu,41,8,20,-1,1,1000,false,1,-1,-1,-1
10141001,Thú Cưỡi: Hổ,41,8,40,0,1,1000,false,1,-1,-1,-1
10141002,Thú Cưỡi: Hoàng Phiêu Mã,41,8,40,6,1,1000,false,1,-1,-1,-1
10141003,Thú Cưỡi: Lạc Đà,41,8,40,-1,1,1888,false,1,-1,-1,-1
10141004,Thú Cưỡi: Hạc,41,8,40,3,1,1000,false,1,-1,-1,-1
10141005,Thú Cưỡi: Thanh Phụng,41,8,40,4,1,1000,false,1,-1,-1,-1
10141006,Thú Cưỡi: Mao Ngưu,41,8,40,5,1,1000,false,1,-1,-1,-1
10141007,Thú Cưỡi: Lộc,41,8,40,8,1,1000,false,1,-1,-1,-1
10141008,Thú Cưỡi: Điêu,41,8,40,7,1,1000,false,1,-1,-1,-1
10141009,Thú Cưỡi: Khôi Lang,41,8,40,2,1,1000,false,1,-1,-1,-1
10141010,Thú Cưỡi: Bạch Hổ,41,8,60,0,1,1000,false,1,-1,-1,-1
10141011,Thú Cưỡi: Thanh Bạch Tông Mã,41,8,60,6,1,1000,false,1,-1,-1,-1
10141012,Thú Cưỡi: Bạch Lạc Đà,41,8,60,-1,1,944000,false,1,-1,-1,-1
10141013,Thú Cưỡi: Kim Dực Hạc,41,8,60,3,1,1000,false,1,-1,-1,-1
10141014,Thú Cưỡi: Hồng Bạch Phụng,41,8,60,4,1,1000,false,1,-1,-1,-1
10141015,Thú Cưỡi: Bạch Mao Ngưu,41,8,60,5,1,1000,false,1,-1,-1,-1
10141016,Thú Cưỡi: Bạch Lộc,41,8,60,8,1,1000,false,1,-1,-1,-1
10141017,Thú Cưỡi: Bạch Điêu,41,8,60,7,1,1000,false,1,-1,-1,-1
10141018,Thú Cưỡi: Bạch Lang,41,8,60,2,1,1000,false,1,-1,-1,-1
10141019,Thú Cưỡi: Sư Tử,41,8,40,1,1,1000,false,1,-1,-1,-1
10141020,Thú Cưỡi: Bạch Sư,41,8,60,1,1,1000,false,1,-1,-1,-1
10141041,Thú Cưỡi: Đại Tượng,41,8,10,-1,1,4,false,1,-1,-1,2160
10141042,Thú Cưỡi: Tê Ngưu,41,8,10,-1,1,4,false,1,-1,-1,840
10141043,Thú Cưỡi: Tê Ngưu,41,8,10,-1,1,4,false,1,-1,-1,2160
10141044,Thú Cưỡi: Huyền Quy,41,8,10,-1,1,4,false,1,-1,-1,2160
10141045,Thú Cưỡi: Lục Ngô,41,8,10,-1,1,4,false,1,-1,-1,2160
10141046,Thú Cưỡi: Mộc Ngưu Lưu Mã,41,8,10,-1,1,4,false,1,-1,-1,2160
10141047,Thú Cưỡi: Hùng,41,8,10,-1,1,4,false,1,-1,-1,2160
10141048,Thú Cưỡi: Phù Văn Kỵ Sĩ,41,8,10,-1,1,4,false,1,-1,-1,2160
10141049,Thú Cưỡi: Đà Điểu,41,8,10,-1,1,4,false,1,-1,-1,2160
10141052,Thú Cưỡi: Đại Tượng,41,8,10,-1,1,4,false,1,-1,-1,-1
10141053,Thú Cưỡi: Tê Ngưu,41,8,10,-1,1,4,false,1,-1,-1,-1
10141054,Thú Cưỡi: Huyền Quy,41,8,10,-1,1,4,false,1,-1,-1,-1
10141055,Thú Cưỡi: Lục Ngô,41,8,10,-1,1,4,false,1,-1,-1,-1
10141056,Thú Cưỡi: Mộc Ngưu Lưu Mã,41,8,10,-1,1,4,false,1,-1,-1,-1
10141057,Thú Cưỡi: Hùng,41,8,10,-1,1,4,false,1,-1,-1,-1
10141058,Thú Cưỡi: Phù Văn Kỵ Sĩ,41,8,10,-1,1,4,false,1,-1,-1,-1
10141059,Thú Cưỡi: Đà Điểu,41,8,10,-1,1,4,false,1,-1,-1,-1
10141060,Thú Cưỡi: Hà Mã,41,8,10,-1,1,4,false,1,-1,-1,2160
10141061,Thú Cưỡi: Mã Xa,41,8,10,-1,1,4,false,1,-1,-1,2160
10141062,Thú Cưỡi: Thiên Mã,41,8,10,-1,1,4,false,1,-1,-1,2160
10141063,Thú Cưỡi: Thố Tử,41,8,10,-1,1,4,false,1,-1,-1,2160
10141064,Thú Cưỡi: Vũ Sư,41,8,10,-1,1,4,false,1,-1,-1,2160
10141065,Thú Cưỡi: Tuần Lộc,41,8,10,-1,1,4,false,1,-1,-1,2160
10141066,Thú Cưỡi: Hà Mã,41,8,10,-1,1,4,false,1,-1,-1,-1
10141067,Thú Cưỡi: Mã Xa,41,8,10,-1,1,4,false,1,-1,-1,-1
10141068,Thú Cưỡi: Thiên Mã,41,8,10,-1,1,4,false,1,-1,-1,-1
10141069,Thú Cưỡi: Thố Tử,41,8,10,-1,1,4,false,1,-1,-1,-1
10141070,Thú Cưỡi: Vũ Sư,41,8,10,-1,1,4,false,1,-1,-1,-1
10141071,Thú Cưỡi: Tuần Lộc,41,8,10,-1,1,4,false,1,-1,-1,-1
10141072,Thú Cưỡi: Đại Tượng (Không Có Trong Thư Mục),41,8,10,-1,1,4,false,1,-1,-1,4320
10141073,Thú Cưỡi: Tê Ngưu (Không Có Trong Thư Mục),41,8,10,-1,1,4,false,1,-1,-1,4320
10141074,Thú Cưỡi: Tê Ngưu (Không Có Trong Thư Mục),41,8,10,-1,1,4,false,1,-1,-1,4320
10141075,Thú Cưỡi: Huyền Quy (Không Có Trong Thư Mục),41,8,10,-1,1,4,false,1,-1,-1,4320
10141076,Thú Cưỡi: Lục Ngô (Không Có Trong Thư Mục),41,8,10,-1,1,4,false,1,-1,-1,4320
10141077,Thú Cưỡi: Mộc Ngưu Lưu Mã,41,8,10,-1,1,4,false,1,-1,-1,4320
10141078,Thú Cưỡi: Hùng,41,8,10,-1,1,4,false,1,-1,-1,4320
10141079,Thú Cưỡi: Phù Văn Kỵ Sĩ (Không Trong Phiên Bản A),41,8,10,-1,1,4,false,1,-1,-1,4320
10141080,Thú Cưỡi: Đà Điểu (Không Có Trong Thư Mục),41,8,10,-1,1,4,false,1,-1,-1,4320
10141081,Cánh: Tuyết Vũ,41,8,10,-1,1,4,false,1,-1,-1,2160
10141082,Cánh: Tuyết Vũ,41,8,10,-1,1,4,false,1,-1,-1,4320
10141083,Cánh: Tuyết Vũ,41,8,10,-1,1,4,false,1,-1,-1,-1
10141084,Phi Long: Đại Phong,41,8,10,-1,1,4,false,1,-1,-1,2160
999999999,Phi Long: Siêu Thú,41,8,10,-1,1,4,false,1,-1,-1,2160
10141085,Phi Long: Đại Phong,41,8,10,-1,1,4,false,1,-1,-1,4320
10141086,Phi Long: Đại Phong,41,8,10,-1,1,4,false,1,-1,-1,-1
10141087,Cự Nhân: Hoàng Cân Lực Sĩ,41,8,10,-1,1,4,false,1,-1,-1,2160
10141088,Cự Nhân: Hoàng Cân Lực Sĩ,41,8,10,-1,1,4,false,1,-1,-1,4320
10141089,Cự Nhân: Hoàng Cân Lực Sĩ,41,8,10,-1,1,4,false,1,-1,-1,-1
10141090,Thú Cưỡi: Tuyết Khiêu,41,8,10,-1,1,4,false,1,-1,-1,720
10141091,Thú Cưỡi: Tuyết Khiêu,41,8,10,-1,1,4,false,1,-1,-1,2160
10141092,Thú Cưỡi: Tuyết Khiêu,41,8,10,-1,1,4,false,1,-1,-1,-1
10141093,Thú Cưỡi: Tử Điện,41,8,10,-1,1,4,false,1,-1,-1,2160
10141094,Thú Cưỡi: Tử Điện,41,8,10,-1,1,4,false,1,-1,-1,4320
10141095,Thú Cưỡi: Tử Điện,41,8,10,-1,1,4,false,1,-1,-1,-1
10141102,Cánh: Minh Vũ,41,8,10,-1,1,4,false,1,-1,-1,2160
10141103,Cánh: Minh Vũ,41,8,10,-1,1,4,false,1,-1,-1,4320
10141104,Cánh: Minh Vũ,41,8,10,-1,1,4,false,1,-1,-1,-1
10141105,Thú Cưỡi: Đà Điểu,41,8,10,-1,1,4,false,1,-1,-1,168
10141106,Thú Cưỡi: Mộc Ngưu Lưu Mã,41,8,10,-1,1,4,false,1,-1,-1,168
10141107,Thú Cưỡi: Hùng,41,8,10,-1,1,4,false,1,-1,-1,720
10141108,Thú Cưỡi: Thố Tử,41,8,10,-1,1,4,false,1,-1,-1,168
10141109,Thú Cưỡi: Lục Ngô,41,8,10,-1,1,4,false,1,-1,-1,168
10141110,Thú Cưỡi: Đại Tượng,41,8,10,-1,1,4,false,1,-1,-1,168
10141111,Thú Cưỡi: Hùng Như Ý,41,8,10,-1,1,4,false,1,-1,-1,2160
10141112,Thú Cưỡi: Hùng Như Ý,41,8,10,-1,1,4,false,1,-1,-1,4320
10141113,Thú Cưỡi: Hùng Như Ý,41,8,10,-1,1,4,false,1,-1,-1,-1
10141114,Thú Cưỡi: Hùng Như Ý,41,8,10,-1,1,4,false,1,-1,-1,720
10141115,Thú Cưỡi: Bích Thủy Kim Tinh Thú,41,8,10,-1,1,0,false,1,-1,-1,720
10141116,Thú Cưỡi: Bích Thủy Kim Tinh Thú,41,8,10,-1,1,0,false,1,-1,-1,2160
10141117,Thú Cưỡi: Bích Thủy Kim Tinh Thú,41,8,10,-1,1,0,false,1,-1,-1,4320
10141118,Thú Cưỡi: Bích Thủy Kim Tinh Thú,41,8,10,-1,1,0,false,1,-1,-1,-1
10141119,Cánh: Tuyết Vũ,41,8,10,-1,1,4,false,1,-1,-1,720
10141120,Cánh: Minh Vũ,41,8,10,-1,1,4,false,1,-1,-1,720
10141121,Thú Cưỡi: Thiên Mã,41,8,10,-1,1,4,false,1,-1,-1,168
10141122,Thú Cưỡi: Niên Thú,41,8,10,-1,1,4,false,1,-1,-1,2160
10141123,Thú Cưỡi: Niên Thú,41,8,10,-1,1,4,false,1,-1,-1,4320
10141124,Thú Cưỡi: Niên Thú,41,8,10,-1,1,4,false,1,-1,-1,-1
10141125,Thú Cưỡi: Hoa Xa,41,8,10,-1,1,4,false,1,-1,-1,2160
10141126,Thú Cưỡi: Hoa Xa,41,8,10,-1,1,4,false,1,-1,-1,4320
10141127,Thú Cưỡi: Hoa Xa,41,8,10,-1,1,4,false,1,-1,-1,-1
10141128,Thú Cưỡi: Hoàn Chuyển Mộc Mã,41,8,10,-1,1,4,false,1,-1,-1,2160
10141129,Thú Cưỡi: Hoàn Chuyển Mộc Mã,41,8,10,-1,1,4,false,1,-1,-1,4320
10141130,Thú Cưỡi: Hoàn Chuyển Mộc Mã,41,8,10,-1,1,4,false,1,-1,-1,-1
10141131,Thú Cưỡi: Niên Thú,41,8,10,-1,1,4,false,1,-1,-1,720
10141132,Thú Cưỡi: Hoa Xa,41,8,10,-1,1,4,false,1,-1,-1,720
10141133,Thú Cưỡi: Hoàn Chuyển Mộc Mã,41,8,10,-1,1,4,false,1,-1,-1,720
10141134,Cánh: Tuyết Vũ,41,8,10,-1,1,4,false,1,-1,-1,72
10141135,Cánh: Minh Vũ,41,8,10,-1,1,4,false,1,-1,-1,72
10141136,Thú Cưỡi: Bạch Vân,41,8,10,-1,1,4,false,1,-1,-1,720
10141137,Thú Cưỡi: Bạch Vân,41,8,10,-1,1,4,false,1,-1,-1,2160
10141138,Thú Cưỡi: Bạch Vân,41,8,10,-1,1,4,false,1,-1,-1,4320
10141139,Thú Cưỡi: Bạch Vân,41,8,10,-1,1,4,false,1,-1,-1,-1
10141140,Thú Cưỡi: Hắc Thổ,41,8,10,-1,1,4,false,1,-1,-1,720
10141141,Thú Cưỡi: Hắc Thổ,41,8,10,-1,1,4,false,1,-1,-1,2160
10141142,Thú Cưỡi: Hắc Thổ,41,8,10,-1,1,4,false,1,-1,-1,4320
10141143,Thú Cưỡi: Hắc Thổ,41,8,10,-1,1,4,false,1,-1,-1,-1
10141144,Thú Cưỡi: Bích Thủy Kim Tinh Thú,41,8,10,-1,1,0,false,1,-1,-1,336
10141145,Phi Long: Đại Phong,41,8,10,-1,1,4,false,1,-1,-1,720
